datetime,open,high,low,close
2026-07-01 18:15:00+00:00,1.13787,1.13792,1.13755,1.13774
2026-07-01 18:30:00+00:00,1.1377,1.13796,1.13763,1.13783
2026-07-01 18:45:00+00:00,1.13783,1.13806,1.13779,1.13803
2026-07-01 19:00:00+00:00,1.13801,1.13815,1.13792,1.13799
2026-07-01 19:15:00+00:00,1.13799,1.13805,1.13776,1.13795
2026-07-01 19:30:00+00:00,1.13789,1.13812,1.13788,1.138
2026-07-01 19:45:00+00:00,1.13801,1.13818,1.13779,1.13798
2026-07-01 20:00:00+00:00,1.13795,1.13798,1.13777,1.13782
2026-07-01 20:15:00+00:00,1.13781,1.13789,1.13763,1.13767
2026-07-01 20:30:00+00:00,1.13771,1.13775,1.1375,1.1376
2026-07-01 20:45:00+00:00,1.13759,1.13788,1.13742,1.13786
2026-07-01 21:00:00+00:00,1.13784,1.13795,1.13759,1.13788
2026-07-01 21:15:00+00:00,1.13784,1.138,1.13773,1.13795
2026-07-01 21:30:00+00:00,1.13788,1.13799,1.13786,1.13795
2026-07-01 21:45:00+00:00,1.13792,1.13806,1.13776,1.13805
2026-07-01 22:00:00+00:00,1.13801,1.13801,1.13773,1.13785
2026-07-01 22:15:00+00:00,1.13784,1.13799,1.13778,1.13792
2026-07-01 22:30:00+00:00,1.13794,1.13803,1.13788,1.13795
2026-07-01 22:45:00+00:00,1.13797,1.13799,1.13785,1.13792
2026-07-01 23:00:00+00:00,1.13789,1.13796,1.13779,1.1379
2026-07-01 23:15:00+00:00,1.13788,1.13789,1.13775,1.13783
2026-07-01 23:30:00+00:00,1.13784,1.13788,1.13779,1.13786
2026-07-01 23:45:00+00:00,1.13784,1.13789,1.13773,1.13782
2026-07-02 00:00:00+00:00,1.1378,1.13834,1.13763,1.13814
2026-07-02 00:15:00+00:00,1.13813,1.13813,1.13767,1.13774
2026-07-02 00:30:00+00:00,1.13774,1.13786,1.13753,1.13772
2026-07-02 00:45:00+00:00,1.13774,1.13798,1.1376,1.13772
2026-07-02 01:00:00+00:00,1.1377,1.13809,1.13764,1.13782
2026-07-02 01:15:00+00:00,1.1379,1.13805,1.13774,1.13787
2026-07-02 01:30:00+00:00,1.13791,1.13831,1.13776,1.13828
2026-07-02 01:45:00+00:00,1.13823,1.13865,1.13806,1.13817
2026-07-02 02:00:00+00:00,1.13821,1.13855,1.13812,1.13854
2026-07-02 02:15:00+00:00,1.13849,1.13886,1.13846,1.13848
2026-07-02 02:30:00+00:00,1.13848,1.13868,1.13839,1.13852
2026-07-02 02:45:00+00:00,1.13846,1.13855,1.13812,1.13832
2026-07-02 03:00:00+00:00,1.1383,1.13836,1.13793,1.13803
2026-07-02 03:15:00+00:00,1.138,1.13806,1.13782,1.13798
2026-07-02 03:30:00+00:00,1.13792,1.13816,1.13792,1.13814
2026-07-02 03:45:00+00:00,1.13812,1.13826,1.13794,1.13823
2026-07-02 04:00:00+00:00,1.13817,1.13873,1.13817,1.13862
2026-07-02 04:15:00+00:00,1.13857,1.13863,1.13841,1.13853
2026-07-02 04:30:00+00:00,1.13851,1.13868,1.13847,1.13858
2026-07-02 04:45:00+00:00,1.13859,1.13884,1.13853,1.13875
2026-07-02 05:00:00+00:00,1.13873,1.13893,1.13843,1.13864
2026-07-02 05:15:00+00:00,1.13869,1.13873,1.13842,1.13845
2026-07-02 05:30:00+00:00,1.13849,1.13856,1.13821,1.13842
2026-07-02 05:45:00+00:00,1.13847,1.13864,1.13836,1.13862
2026-07-02 06:00:00+00:00,1.13859,1.13912,1.13859,1.13911
2026-07-02 06:15:00+00:00,1.13907,1.13912,1.13868,1.13877
2026-07-02 06:30:00+00:00,1.13875,1.13914,1.1387,1.13911
2026-07-02 06:45:00+00:00,1.13906,1.14035,1.13906,1.1395
2026-07-02 07:00:00+00:00,1.13953,1.13973,1.13908,1.1395
2026-07-02 07:15:00+00:00,1.13958,1.13999,1.13938,1.13987
2026-07-02 07:30:00+00:00,1.13985,1.14069,1.13963,1.14068
2026-07-02 07:45:00+00:00,1.14066,1.14093,1.14028,1.14088
2026-07-02 08:00:00+00:00,1.14084,1.14187,1.14066,1.14173
2026-07-02 08:15:00+00:00,1.14171,1.14182,1.14138,1.1417
2026-07-02 08:30:00+00:00,1.14168,1.14198,1.1413,1.14197
2026-07-02 08:45:00+00:00,1.14193,1.14219,1.14153,1.14168
2026-07-02 09:00:00+00:00,1.14182,1.14203,1.14104,1.14135
2026-07-02 09:15:00+00:00,1.14129,1.14166,1.14093,1.141
2026-07-02 09:30:00+00:00,1.14113,1.14145,1.1409,1.14118
2026-07-02 09:45:00+00:00,1.14128,1.14155,1.14114,1.14119
2026-07-02 10:00:00+00:00,1.14127,1.14138,1.1408,1.14085
2026-07-02 10:15:00+00:00,1.14088,1.14088,1.14054,1.14076
2026-07-02 10:30:00+00:00,1.14074,1.14075,1.14035,1.14063
2026-07-02 10:45:00+00:00,1.14062,1.14107,1.1405,1.14101
2026-07-02 11:00:00+00:00,1.14093,1.14118,1.14068,1.14108
2026-07-02 11:15:00+00:00,1.1411,1.1415,1.14099,1.14131
2026-07-02 11:30:00+00:00,1.14126,1.14145,1.14081,1.14084
2026-07-02 11:45:00+00:00,1.14087,1.14088,1.14002,1.14006
2026-07-02 12:00:00+00:00,1.14015,1.14046,1.13983,1.1401
2026-07-02 12:15:00+00:00,1.14007,1.14024,1.13959,1.14008
2026-07-02 12:30:00+00:00,1.14005,1.14692,1.13996,1.14674
2026-07-02 12:45:00+00:00,1.14657,1.1473,1.14483,1.14503
2026-07-02 13:00:00+00:00,1.14538,1.14557,1.14432,1.14515
2026-07-02 13:15:00+00:00,1.14495,1.14532,1.14388,1.14434
2026-07-02 13:30:00+00:00,1.14418,1.1452,1.14399,1.14483
2026-07-02 13:45:00+00:00,1.14457,1.14533,1.14453,1.14494
2026-07-02 14:00:00+00:00,1.145,1.14584,1.14435,1.14532
2026-07-02 14:15:00+00:00,1.14536,1.14579,1.14437,1.14454
2026-07-02 14:30:00+00:00,1.14473,1.14473,1.14343,1.14346
2026-07-02 14:45:00+00:00,1.14351,1.14452,1.14332,1.14443
2026-07-02 15:00:00+00:00,1.14435,1.14478,1.14409,1.14474
2026-07-02 15:15:00+00:00,1.14472,1.14486,1.14416,1.1443
2026-07-02 15:30:00+00:00,1.14435,1.14495,1.14419,1.14465
2026-07-02 15:45:00+00:00,1.14463,1.14474,1.14426,1.14473
2026-07-02 16:00:00+00:00,1.14469,1.14483,1.14415,1.14421
2026-07-02 16:15:00+00:00,1.14427,1.14442,1.14365,1.14371
2026-07-02 16:30:00+00:00,1.14374,1.14396,1.14356,1.14395
2026-07-02 16:45:00+00:00,1.14392,1.14412,1.14375,1.14382
2026-07-02 17:00:00+00:00,1.14395,1.14395,1.1433,1.1435
2026-07-02 17:15:00+00:00,1.14354,1.14362,1.143,1.1432
2026-07-02 17:30:00+00:00,1.14319,1.14337,1.14295,1.14308
2026-07-02 17:45:00+00:00,1.14306,1.1432,1.14291,1.14309
2026-07-02 18:00:00+00:00,1.14308,1.14367,1.14298,1.14335
2026-07-02 18:15:00+00:00,1.14337,1.1435,1.143,1.14348
2026-07-02 18:30:00+00:00,1.14345,1.14372,1.14326,1.14339
2026-07-02 18:45:00+00:00,1.14345,1.14345,1.14325,1.14337
2026-07-02 19:00:00+00:00,1.14334,1.14336,1.14305,1.14328
2026-07-02 19:15:00+00:00,1.14327,1.14327,1.14291,1.14292
2026-07-02 19:30:00+00:00,1.14295,1.14307,1.14276,1.14289
2026-07-02 19:45:00+00:00,1.14289,1.14325,1.1426,1.14322
2026-07-02 20:00:00+00:00,1.14316,1.14332,1.14296,1.1432
2026-07-02 20:15:00+00:00,1.14322,1.14364,1.14322,1.14351
2026-07-02 20:30:00+00:00,1.14353,1.14355,1.14328,1.14334
2026-07-02 20:45:00+00:00,1.14332,1.14354,1.14329,1.14342
2026-07-02 21:00:00+00:00,1.14339,1.14355,1.14311,1.14325
2026-07-02 21:15:00+00:00,1.14346,1.14359,1.14316,1.14357
2026-07-02 21:30:00+00:00,1.14355,1.14358,1.14321,1.14332
2026-07-02 21:45:00+00:00,1.14327,1.14342,1.14316,1.14341
2026-07-02 22:00:00+00:00,1.14338,1.14364,1.14332,1.14346
2026-07-02 22:15:00+00:00,1.14343,1.14344,1.14313,1.14314
2026-07-02 22:30:00+00:00,1.14316,1.14317,1.14275,1.14278
2026-07-02 22:45:00+00:00,1.14284,1.14299,1.14278,1.14288
2026-07-02 23:00:00+00:00,1.14283,1.14298,1.1428,1.14293
2026-07-02 23:15:00+00:00,1.14291,1.14307,1.14282,1.143
2026-07-02 23:30:00+00:00,1.14302,1.14306,1.14239,1.14251
2026-07-02 23:45:00+00:00,1.14255,1.14269,1.14219,1.14229
2026-07-03 00:00:00+00:00,1.14227,1.1424,1.14209,1.14229
2026-07-03 00:15:00+00:00,1.14225,1.14237,1.14211,1.14221
2026-07-03 00:30:00+00:00,1.14222,1.14228,1.14211,1.14212
2026-07-03 00:45:00+00:00,1.14216,1.14306,1.14216,1.14302
2026-07-03 01:00:00+00:00,1.14293,1.14368,1.14293,1.14367
2026-07-03 01:15:00+00:00,1.14362,1.14441,1.14348,1.14402
2026-07-03 01:30:00+00:00,1.14402,1.14435,1.14382,1.14411
2026-07-03 01:45:00+00:00,1.14404,1.14416,1.14364,1.1437
2026-07-03 02:00:00+00:00,1.14371,1.14423,1.1436,1.14407
2026-07-03 02:15:00+00:00,1.14413,1.14443,1.14406,1.14439
2026-07-03 02:30:00+00:00,1.14432,1.1445,1.14416,1.14424
2026-07-03 02:45:00+00:00,1.14428,1.1444,1.14393,1.14396
2026-07-03 03:00:00+00:00,1.14401,1.14403,1.1438,1.14388
2026-07-03 03:15:00+00:00,1.14381,1.14404,1.14371,1.14389
2026-07-03 03:30:00+00:00,1.14386,1.14413,1.14376,1.14402
2026-07-03 03:45:00+00:00,1.14404,1.14417,1.14396,1.14416
2026-07-03 04:00:00+00:00,1.14412,1.14418,1.14393,1.14416
2026-07-03 04:15:00+00:00,1.14409,1.14435,1.14409,1.14432
2026-07-03 04:30:00+00:00,1.1443,1.14457,1.14416,1.14455
2026-07-03 04:45:00+00:00,1.14453,1.14463,1.14439,1.14457
2026-07-03 05:00:00+00:00,1.14452,1.14529,1.14452,1.14518
2026-07-03 05:15:00+00:00,1.14515,1.14556,1.14506,1.14521
2026-07-03 05:30:00+00:00,1.14519,1.14536,1.14504,1.14524
2026-07-03 05:45:00+00:00,1.14521,1.14542,1.14477,1.1448
2026-07-03 06:00:00+00:00,1.14485,1.14536,1.14485,1.14526
2026-07-03 06:15:00+00:00,1.14513,1.14583,1.14511,1.14546
2026-07-03 06:30:00+00:00,1.14528,1.14621,1.14528,1.14592
2026-07-03 06:45:00+00:00,1.14597,1.14607,1.14524,1.14543
2026-07-03 07:00:00+00:00,1.14538,1.14545,1.14524,1.14545
2026-07-03 07:15:00+00:00,1.14543,1.1457,1.14509,1.14564
2026-07-03 07:30:00+00:00,1.14552,1.14567,1.14479,1.14487
2026-07-03 07:45:00+00:00,1.14488,1.1458,1.14488,1.1455
2026-07-03 08:00:00+00:00,1.14557,1.14557,1.14508,1.14544
2026-07-03 08:15:00+00:00,1.14541,1.14546,1.14508,1.1454
2026-07-03 08:30:00+00:00,1.14533,1.14578,1.14516,1.14549
2026-07-03 08:45:00+00:00,1.14547,1.1455,1.14515,1.1453
2026-07-03 09:00:00+00:00,1.14533,1.14539,1.14486,1.14494
2026-07-03 09:15:00+00:00,1.1449,1.14517,1.14474,1.14484
2026-07-03 09:30:00+00:00,1.14481,1.14492,1.14471,1.14473
2026-07-03 09:45:00+00:00,1.14477,1.14477,1.1441,1.1442
2026-07-03 10:00:00+00:00,1.14419,1.14475,1.14405,1.14466
2026-07-03 10:15:00+00:00,1.14468,1.14476,1.1444,1.14453
2026-07-03 10:30:00+00:00,1.14451,1.14482,1.14442,1.14481
2026-07-03 10:45:00+00:00,1.14476,1.14504,1.14471,1.14475
2026-07-03 11:00:00+00:00,1.14478,1.14543,1.14462,1.14539
2026-07-03 11:15:00+00:00,1.14534,1.1457,1.14534,1.14552
2026-07-03 11:30:00+00:00,1.14548,1.14558,1.14496,1.14503
2026-07-03 11:45:00+00:00,1.145,1.14506,1.14474,1.14491
2026-07-03 12:00:00+00:00,1.14484,1.14525,1.14471,1.14512
2026-07-03 12:15:00+00:00,1.14507,1.14515,1.14462,1.14478
2026-07-03 12:30:00+00:00,1.14476,1.14509,1.14465,1.14478
2026-07-03 12:45:00+00:00,1.14484,1.14495,1.14468,1.14472
2026-07-03 13:00:00+00:00,1.14479,1.14479,1.1442,1.14445
2026-07-03 13:15:00+00:00,1.14438,1.14455,1.14414,1.14446
2026-07-03 13:30:00+00:00,1.14442,1.14442,1.14405,1.14422
2026-07-03 13:45:00+00:00,1.14418,1.14426,1.14382,1.14388
2026-07-03 14:00:00+00:00,1.14395,1.14426,1.14388,1.14424
2026-07-03 14:15:00+00:00,1.14422,1.14477,1.14402,1.14476
2026-07-03 14:30:00+00:00,1.14474,1.14477,1.14437,1.14451
2026-07-03 14:45:00+00:00,1.14448,1.14452,1.14416,1.14432
2026-07-03 15:00:00+00:00,1.14428,1.14449,1.14407,1.14417
2026-07-03 15:15:00+00:00,1.14422,1.14438,1.14385,1.14406
2026-07-03 15:30:00+00:00,1.144,1.1442,1.14392,1.14403
2026-07-03 15:45:00+00:00,1.14401,1.14401,1.14354,1.14373
2026-07-03 16:00:00+00:00,1.14371,1.14399,1.14367,1.14386
2026-07-03 16:15:00+00:00,1.1439,1.14395,1.14371,1.14374
2026-07-03 16:30:00+00:00,1.14379,1.14381,1.1435,1.14364
2026-07-03 16:45:00+00:00,1.14362,1.14375,1.14353,1.14373
2026-07-03 17:00:00+00:00,1.14369,1.14422,1.14369,1.14407
2026-07-03 17:15:00+00:00,1.14405,1.14416,1.14401,1.1441
2026-07-03 17:30:00+00:00,1.14408,1.14419,1.14396,1.14416
2026-07-03 17:45:00+00:00,1.14414,1.14415,1.14396,1.14411
2026-07-03 18:00:00+00:00,1.14409,1.14418,1.14386,1.14387
2026-07-03 18:15:00+00:00,1.14391,1.14406,1.14389,1.14402
2026-07-03 18:30:00+00:00,1.14401,1.14408,1.14392,1.14404
2026-07-03 18:45:00+00:00,1.14402,1.14412,1.1438,1.1441
2026-07-03 19:00:00+00:00,1.14405,1.14412,1.14384,1.14394
2026-07-03 19:15:00+00:00,1.14394,1.14398,1.14382,1.14394
2026-07-03 19:30:00+00:00,1.14391,1.14394,1.14373,1.14385
2026-07-03 19:45:00+00:00,1.1438,1.14387,1.14362,1.14365
2026-07-03 20:00:00+00:00,1.14367,1.14377,1.14352,1.14361
2026-07-03 20:15:00+00:00,1.14364,1.1437,1.14354,1.14368
2026-07-03 20:30:00+00:00,1.14365,1.14373,1.14357,1.1437
2026-07-03 20:45:00+00:00,1.14369,1.14377,1.14348,1.14363
2026-07-03 21:00:00+00:00,1.1437,1.14445,1.14348,1.14388
2026-07-03 21:15:00+00:00,1.14392,1.14447,1.14372,1.1439
2026-07-03 21:30:00+00:00,1.14392,1.14445,1.14369,1.14409
2026-07-03 21:45:00+00:00,1.14396,1.14448,1.14365,1.14393
2026-07-03 22:00:00+00:00,1.14391,1.14448,1.14371,1.14428
2026-07-03 22:15:00+00:00,1.1439,1.14447,1.14379,1.1439
2026-07-03 22:30:00+00:00,1.14391,1.14447,1.14381,1.14391
2026-07-03 22:45:00+00:00,1.14391,1.14445,1.14377,1.14391
2026-07-03 23:00:00+00:00,1.14391,1.14449,1.14368,1.14426
2026-07-03 23:15:00+00:00,1.14391,1.14448,1.14377,1.14392
2026-07-03 23:30:00+00:00,1.14394,1.14449,1.14376,1.14389
2026-07-03 23:45:00+00:00,1.14391,1.14448,1.14381,1.14395
2026-07-04 00:00:00+00:00,1.14393,1.14444,1.14364,1.14371
2026-07-04 00:15:00+00:00,1.14369,1.14381,1.14362,1.1437
2026-07-04 00:30:00+00:00,1.14371,1.14374,1.14366,1.14368
2026-07-04 00:45:00+00:00,1.14368,1.14382,1.14363,1.14371
2026-07-04 01:00:00+00:00,1.14369,1.14374,1.14367,1.14372
2026-07-04 01:15:00+00:00,1.14369,1.14439,1.14367,1.14371
2026-07-04 01:30:00+00:00,1.14368,1.1443,1.14364,1.1437
2026-07-04 01:45:00+00:00,1.14372,1.14374,1.14367,1.14371
2026-07-04 02:00:00+00:00,1.14368,1.14431,1.14359,1.14372
2026-07-04 02:15:00+00:00,1.14368,1.14374,1.14366,1.14371
2026-07-04 02:30:00+00:00,1.14368,1.14456,1.14365,1.14367
2026-07-04 02:45:00+00:00,1.14368,1.14401,1.14366,1.14371
2026-07-04 03:00:00+00:00,1.14372,1.14374,1.14367,1.14372
2026-07-04 03:15:00+00:00,1.14368,1.14402,1.14367,1.14371
2026-07-04 03:30:00+00:00,1.14369,1.14373,1.14367,1.14368
2026-07-04 03:45:00+00:00,1.14368,1.14448,1.14356,1.14373
2026-07-04 04:00:00+00:00,1.1437,1.1441,1.14367,1.1438
2026-07-04 04:15:00+00:00,1.14378,1.1438,1.14369,1.14373
2026-07-04 04:30:00+00:00,1.14371,1.14449,1.14368,1.14373
2026-07-04 04:45:00+00:00,1.14373,1.14377,1.14369,1.14371
2026-07-04 05:00:00+00:00,1.14371,1.14428,1.14362,1.14374
2026-07-04 05:15:00+00:00,1.14372,1.14454,1.14361,1.14376
2026-07-04 05:30:00+00:00,1.14377,1.14381,1.14369,1.14371
2026-07-04 05:45:00+00:00,1.14371,1.14399,1.14365,1.1437
2026-07-04 06:00:00+00:00,1.14373,1.14376,1.14369,1.14373
2026-07-04 06:15:00+00:00,1.14371,1.14437,1.14359,1.14374
2026-07-04 06:30:00+00:00,1.14371,1.14403,1.14369,1.14383
2026-07-04 06:45:00+00:00,1.14385,1.14387,1.14367,1.14371
2026-07-04 07:00:00+00:00,1.14371,1.14448,1.14367,1.14375
2026-07-04 07:15:00+00:00,1.14374,1.14377,1.14369,1.14373
2026-07-04 07:30:00+00:00,1.14371,1.14407,1.14364,1.14372
2026-07-04 07:45:00+00:00,1.14372,1.14449,1.14362,1.14372
2026-07-04 08:00:00+00:00,1.14378,1.14381,1.14367,1.14369
2026-07-04 08:15:00+00:00,1.14368,1.14449,1.14366,1.14372
2026-07-04 08:30:00+00:00,1.14369,1.14374,1.14367,1.14371
2026-07-04 08:45:00+00:00,1.14368,1.14414,1.14367,1.14367
2026-07-04 09:00:00+00:00,1.14368,1.14452,1.14359,1.14373
2026-07-04 09:15:00+00:00,1.14374,1.14374,1.14367,1.14372
2026-07-04 09:30:00+00:00,1.14368,1.14413,1.14365,1.14371
2026-07-04 09:45:00+00:00,1.14368,1.14373,1.14364,1.14368
2026-07-04 10:00:00+00:00,1.14368,1.14396,1.14363,1.14368
2026-07-04 10:15:00+00:00,1.14368,1.14407,1.14367,1.14373
2026-07-04 10:30:00+00:00,1.14374,1.14375,1.14367,1.14371
2026-07-04 10:45:00+00:00,1.14368,1.1444,1.14366,1.14369
2026-07-04 11:00:00+00:00,1.1437,1.14374,1.14367,1.14368
2026-07-04 11:15:00+00:00,1.14369,1.14401,1.14368,1.14371
2026-07-04 11:30:00+00:00,1.14369,1.14458,1.14326,1.1442
2026-07-04 11:45:00+00:00,1.14409,1.14409,1.14386,1.14393
2026-07-04 12:00:00+00:00,1.14393,1.14449,1.1438,1.14383
2026-07-04 12:15:00+00:00,1.14384,1.14388,1.14375,1.1438
2026-07-04 12:30:00+00:00,1.14378,1.14452,1.14376,1.14391
2026-07-04 12:45:00+00:00,1.14388,1.14451,1.14386,1.14398
2026-07-04 13:00:00+00:00,1.14397,1.14403,1.14376,1.14379
2026-07-04 13:15:00+00:00,1.14379,1.14454,1.14345,1.14415
2026-07-04 13:30:00+00:00,1.14413,1.14418,1.14411,1.14415
2026-07-04 13:45:00+00:00,1.14413,1.14437,1.14411,1.14417
2026-07-04 14:00:00+00:00,1.14416,1.14443,1.14354,1.14409
2026-07-04 14:15:00+00:00,1.14406,1.14411,1.14404,1.14406
2026-07-04 14:30:00+00:00,1.14406,1.1444,1.14402,1.14413
2026-07-04 14:45:00+00:00,1.1441,1.14416,1.14409,1.14412
2026-07-04 15:00:00+00:00,1.1441,1.14437,1.14397,1.14416
2026-07-04 15:15:00+00:00,1.14417,1.14435,1.14415,1.14428
2026-07-04 15:30:00+00:00,1.1442,1.14425,1.14418,1.14422
2026-07-04 15:45:00+00:00,1.1442,1.14435,1.14406,1.14413
2026-07-04 16:00:00+00:00,1.14411,1.14415,1.14354,1.14387
2026-07-04 16:15:00+00:00,1.14387,1.14448,1.14386,1.14396
2026-07-04 16:30:00+00:00,1.14396,1.14445,1.14394,1.14425
2026-07-04 16:45:00+00:00,1.14392,1.14433,1.14352,1.14392
2026-07-04 17:00:00+00:00,1.1439,1.14453,1.14367,1.14387
2026-07-04 17:15:00+00:00,1.14387,1.14393,1.14377,1.1438
2026-07-04 17:30:00+00:00,1.1438,1.14451,1.14371,1.14374
2026-07-04 17:45:00+00:00,1.14375,1.14456,1.14374,1.14425
2026-07-04 18:00:00+00:00,1.14374,1.14392,1.14374,1.14386
2026-07-04 18:15:00+00:00,1.14386,1.14451,1.14376,1.14403
2026-07-04 18:30:00+00:00,1.14404,1.14417,1.14372,1.14373
2026-07-04 18:45:00+00:00,1.14373,1.14452,1.14358,1.1438
2026-07-04 19:00:00+00:00,1.14377,1.14456,1.14371,1.14371
2026-07-04 19:15:00+00:00,1.14372,1.14389,1.14372,1.14382
2026-07-04 19:30:00+00:00,1.14383,1.14454,1.14375,1.1439
2026-07-04 19:45:00+00:00,1.14388,1.14391,1.14377,1.14383
2026-07-04 20:00:00+00:00,1.14381,1.14453,1.14368,1.14383
2026-07-04 20:15:00+00:00,1.14382,1.14452,1.14366,1.14369
2026-07-04 20:30:00+00:00,1.14379,1.14393,1.14379,1.14386
2026-07-04 20:45:00+00:00,1.14384,1.14454,1.14375,1.14383
2026-07-04 21:00:00+00:00,1.14381,1.14386,1.14379,1.14382
2026-07-04 21:15:00+00:00,1.14381,1.14451,1.14379,1.14386
2026-07-04 21:30:00+00:00,1.14387,1.14451,1.14367,1.14377
2026-07-04 21:45:00+00:00,1.14377,1.14449,1.14377,1.14406
2026-07-04 22:00:00+00:00,1.14403,1.14453,1.14356,1.14391
2026-07-04 22:15:00+00:00,1.14389,1.14394,1.14388,1.14389
2026-07-04 22:30:00+00:00,1.14389,1.14448,1.14384,1.14397
2026-07-04 22:45:00+00:00,1.14397,1.14444,1.14396,1.14428
2026-07-04 23:00:00+00:00,1.14397,1.14445,1.14392,1.14406
2026-07-04 23:15:00+00:00,1.14404,1.14443,1.14402,1.14412
2026-07-04 23:30:00+00:00,1.14413,1.14415,1.14376,1.14381
2026-07-04 23:45:00+00:00,1.14381,1.14452,1.14379,1.14393
2026-07-05 00:00:00+00:00,1.14391,1.14448,1.14372,1.14424
2026-07-05 00:15:00+00:00,1.14378,1.14453,1.14368,1.14388
2026-07-05 00:30:00+00:00,1.14388,1.14439,1.14385,1.14396
2026-07-05 00:45:00+00:00,1.14397,1.14402,1.14395,1.14398
2026-07-05 01:00:00+00:00,1.14397,1.14445,1.14394,1.14412
2026-07-05 01:15:00+00:00,1.14409,1.14414,1.14407,1.1441
2026-07-05 01:30:00+00:00,1.14409,1.1444,1.14409,1.14412
2026-07-05 01:45:00+00:00,1.14413,1.14437,1.1441,1.14418
2026-07-05 02:00:00+00:00,1.14416,1.14421,1.14415,1.14419
2026-07-05 02:15:00+00:00,1.14416,1.14435,1.14415,1.1442
2026-07-05 02:30:00+00:00,1.14419,1.14424,1.14347,1.14389
2026-07-05 02:45:00+00:00,1.1439,1.14444,1.14386,1.14408
2026-07-05 03:00:00+00:00,1.14405,1.14441,1.14404,1.14413
2026-07-05 03:15:00+00:00,1.1441,1.14415,1.14409,1.14412
2026-07-05 03:30:00+00:00,1.1441,1.14439,1.14409,1.14413
2026-07-05 03:45:00+00:00,1.14414,1.14419,1.14412,1.14414
2026-07-05 04:00:00+00:00,1.14414,1.14436,1.14414,1.1442
2026-07-05 04:15:00+00:00,1.14417,1.14435,1.14415,1.14421
2026-07-05 04:30:00+00:00,1.1442,1.14425,1.14418,1.14419
2026-07-05 04:45:00+00:00,1.1442,1.14433,1.14418,1.14421
2026-07-05 05:00:00+00:00,1.14422,1.14427,1.1442,1.14424
2026-07-05 05:15:00+00:00,1.14422,1.14433,1.14421,1.14425
2026-07-05 05:30:00+00:00,1.14423,1.14432,1.14421,1.14424
2026-07-05 05:45:00+00:00,1.14424,1.1443,1.14423,1.14424
2026-07-05 06:00:00+00:00,1.14424,1.14441,1.14346,1.14409
2026-07-05 06:15:00+00:00,1.14407,1.14412,1.14405,1.14409
2026-07-05 06:30:00+00:00,1.14407,1.14439,1.14407,1.14412
2026-07-05 06:45:00+00:00,1.14412,1.14439,1.1441,1.14414
2026-07-05 07:00:00+00:00,1.14415,1.1442,1.14413,1.14417
2026-07-05 07:15:00+00:00,1.14415,1.14436,1.14412,1.14421
2026-07-05 07:30:00+00:00,1.14418,1.14423,1.14416,1.14419
2026-07-05 07:45:00+00:00,1.14418,1.14435,1.14417,1.14419
2026-07-05 08:00:00+00:00,1.1442,1.14433,1.14418,1.14424
2026-07-05 08:15:00+00:00,1.14422,1.14427,1.1442,1.14425
2026-07-05 08:30:00+00:00,1.14422,1.14432,1.1442,1.14425
2026-07-05 08:45:00+00:00,1.14423,1.14429,1.14422,1.14423
2026-07-05 09:00:00+00:00,1.14423,1.14432,1.14422,1.14425
2026-07-05 09:15:00+00:00,1.14425,1.14432,1.14423,1.14428
2026-07-05 09:30:00+00:00,1.14426,1.14431,1.14424,1.14427
2026-07-05 09:45:00+00:00,1.14426,1.14432,1.14424,1.14426
2026-07-05 10:00:00+00:00,1.14426,1.14432,1.14425,1.14426
2026-07-05 10:15:00+00:00,1.14426,1.14431,1.14425,1.14429
2026-07-05 10:30:00+00:00,1.14426,1.14432,1.14425,1.14428
2026-07-05 10:45:00+00:00,1.14426,1.14432,1.14425,1.14426
2026-07-05 11:00:00+00:00,1.14426,1.14432,1.14425,1.14426
2026-07-05 11:15:00+00:00,1.14426,1.14432,1.14425,1.14428
2026-07-05 11:30:00+00:00,1.14426,1.14431,1.14414,1.1442
2026-07-05 11:45:00+00:00,1.14418,1.14423,1.14416,1.14418
2026-07-05 12:00:00+00:00,1.14418,1.14423,1.14416,1.14417
2026-07-05 12:15:00+00:00,1.14418,1.14423,1.14416,1.1442
2026-07-05 12:30:00+00:00,1.14418,1.14423,1.14416,1.1442
2026-07-05 12:45:00+00:00,1.14418,1.14423,1.14416,1.14418
2026-07-05 13:00:00+00:00,1.14418,1.14423,1.14416,1.14417
2026-07-05 13:15:00+00:00,1.14418,1.14423,1.14354,1.14392
2026-07-05 13:30:00+00:00,1.14389,1.14395,1.14388,1.14392
2026-07-05 13:45:00+00:00,1.14389,1.14395,1.14388,1.1439
2026-07-05 14:00:00+00:00,1.14389,1.144,1.14356,1.14372
2026-07-05 14:15:00+00:00,1.14373,1.14378,1.14371,1.14375
2026-07-05 14:30:00+00:00,1.14373,1.14378,1.14371,1.14376
2026-07-05 14:45:00+00:00,1.14373,1.14383,1.14371,1.14379
2026-07-05 15:00:00+00:00,1.14378,1.14383,1.14375,1.14377
2026-07-05 15:15:00+00:00,1.14378,1.14381,1.14374,1.14376
2026-07-05 15:30:00+00:00,1.14376,1.14381,1.14374,1.14378
2026-07-05 15:45:00+00:00,1.14376,1.14381,1.14373,1.14377
2026-07-05 16:00:00+00:00,1.14375,1.1438,1.14368,1.14372
2026-07-05 16:15:00+00:00,1.14373,1.14378,1.14371,1.14373
2026-07-05 16:30:00+00:00,1.14373,1.14378,1.14371,1.14376
2026-07-05 16:45:00+00:00,1.14374,1.14378,1.14371,1.14375
2026-07-05 17:00:00+00:00,1.14373,1.14422,1.14364,1.14373
2026-07-05 17:15:00+00:00,1.14373,1.14378,1.14371,1.14373
2026-07-05 17:30:00+00:00,1.14373,1.14378,1.14372,1.14375
2026-07-05 17:45:00+00:00,1.14373,1.14378,1.14371,1.14375
2026-07-05 18:00:00+00:00,1.14373,1.14378,1.14369,1.14373
2026-07-05 18:15:00+00:00,1.14373,1.14378,1.14369,1.1437
2026-07-05 18:30:00+00:00,1.14373,1.14413,1.14362,1.14371
2026-07-05 18:45:00+00:00,1.14378,1.14444,1.14338,1.14366
2026-07-05 19:00:00+00:00,1.14381,1.14498,1.1433,1.14483
2026-07-05 19:15:00+00:00,1.14467,1.14658,1.14241,1.14441
2026-07-05 19:30:00+00:00,1.14434,1.14504,1.14312,1.14503
2026-07-05 19:45:00+00:00,1.145,1.14503,1.14318,1.14378
2026-07-05 20:00:00+00:00,1.14434,1.14444,1.1435,1.14371
2026-07-05 20:15:00+00:00,1.1437,1.1438,1.14358,1.14367
2026-07-05 20:30:00+00:00,1.14367,1.14396,1.14338,1.14368
2026-07-05 20:45:00+00:00,1.14371,1.14452,1.14337,1.14428
2026-07-05 21:00:00+00:00,1.14424,1.1444,1.14358,1.14371
2026-07-05 21:15:00+00:00,1.14372,1.14392,1.14351,1.14373
2026-07-05 21:30:00+00:00,1.14375,1.14396,1.14365,1.14367
2026-07-05 21:45:00+00:00,1.14367,1.14385,1.14364,1.14382
2026-07-05 22:00:00+00:00,1.14377,1.14387,1.14347,1.14358
2026-07-05 22:15:00+00:00,1.14361,1.14374,1.14355,1.14365
2026-07-05 22:30:00+00:00,1.14367,1.14382,1.14361,1.1437
2026-07-05 22:45:00+00:00,1.14374,1.14383,1.14358,1.14371
2026-07-05 23:00:00+00:00,1.14367,1.14379,1.14335,1.14347
2026-07-05 23:15:00+00:00,1.14344,1.14373,1.14333,1.14371
2026-07-05 23:30:00+00:00,1.14367,1.1438,1.14361,1.14373
2026-07-05 23:45:00+00:00,1.14375,1.1438,1.14352,1.14376
2026-07-06 00:00:00+00:00,1.14373,1.14375,1.14334,1.14363
2026-07-06 00:15:00+00:00,1.14357,1.14416,1.14357,1.14382
2026-07-06 00:30:00+00:00,1.1438,1.14414,1.14377,1.14398
2026-07-06 00:45:00+00:00,1.14403,1.14406,1.14374,1.14391
2026-07-06 01:00:00+00:00,1.1439,1.14393,1.14358,1.14362
2026-07-06 01:15:00+00:00,1.14362,1.14374,1.14311,1.14318
2026-07-06 01:30:00+00:00,1.14314,1.14349,1.14311,1.14338
2026-07-06 01:45:00+00:00,1.1434,1.14344,1.14287,1.1429
2026-07-06 02:00:00+00:00,1.14294,1.14308,1.14278,1.14295
2026-07-06 02:15:00+00:00,1.14294,1.14309,1.14289,1.14298
2026-07-06 02:30:00+00:00,1.14297,1.14309,1.14287,1.14304
2026-07-06 02:45:00+00:00,1.14301,1.14353,1.14295,1.14351
2026-07-06 03:00:00+00:00,1.14348,1.14359,1.1433,1.1434
2026-07-06 03:15:00+00:00,1.14338,1.14338,1.14295,1.14309
2026-07-06 03:30:00+00:00,1.14307,1.14312,1.14283,1.14305
2026-07-06 03:45:00+00:00,1.14306,1.14326,1.14297,1.1432
2026-07-06 04:00:00+00:00,1.14317,1.14342,1.14317,1.14342
2026-07-06 04:15:00+00:00,1.1434,1.14341,1.14321,1.14327
2026-07-06 04:30:00+00:00,1.14325,1.14336,1.14321,1.14334
2026-07-06 04:45:00+00:00,1.1433,1.14339,1.1432,1.1433
2026-07-06 05:00:00+00:00,1.14331,1.14334,1.14288,1.14304
2026-07-06 05:15:00+00:00,1.14302,1.14304,1.14276,1.1429
2026-07-06 05:30:00+00:00,1.14285,1.14326,1.14284,1.14299
2026-07-06 05:45:00+00:00,1.14302,1.14321,1.14235,1.14241
2026-07-06 06:00:00+00:00,1.14251,1.14288,1.14235,1.14256
2026-07-06 06:15:00+00:00,1.1426,1.1426,1.14212,1.14225
2026-07-06 06:30:00+00:00,1.14227,1.14252,1.14205,1.14241
2026-07-06 06:45:00+00:00,1.1424,1.14257,1.14199,1.14203
2026-07-06 07:00:00+00:00,1.14213,1.14232,1.14166,1.14225
2026-07-06 07:15:00+00:00,1.14215,1.14287,1.14215,1.14239
2026-07-06 07:30:00+00:00,1.14235,1.14264,1.14222,1.14256
2026-07-06 07:45:00+00:00,1.14255,1.14273,1.14227,1.14271
2026-07-06 08:00:00+00:00,1.14267,1.14273,1.14167,1.14203
2026-07-06 08:15:00+00:00,1.14196,1.14212,1.14168,1.14174
2026-07-06 08:30:00+00:00,1.14176,1.14213,1.14163,1.14173
2026-07-06 08:45:00+00:00,1.14179,1.14206,1.14153,1.14201
2026-07-06 09:00:00+00:00,1.14195,1.14215,1.14177,1.14189
2026-07-06 09:15:00+00:00,1.1419,1.14201,1.14172,1.1418
2026-07-06 09:30:00+00:00,1.1418,1.14202,1.14176,1.1418
2026-07-06 09:45:00+00:00,1.14181,1.14182,1.14117,1.14132
2026-07-06 10:00:00+00:00,1.14131,1.14152,1.14099,1.14123
2026-07-06 10:15:00+00:00,1.14131,1.14202,1.14131,1.14172
2026-07-06 10:30:00+00:00,1.14181,1.1421,1.14155,1.14197
2026-07-06 10:45:00+00:00,1.14195,1.14213,1.14175,1.14201
2026-07-06 11:00:00+00:00,1.14202,1.14215,1.14164,1.14188
2026-07-06 11:15:00+00:00,1.14187,1.14193,1.1416,1.14188
2026-07-06 11:30:00+00:00,1.14186,1.14198,1.14145,1.14163
2026-07-06 11:45:00+00:00,1.14162,1.14167,1.14121,1.14165
2026-07-06 12:00:00+00:00,1.14161,1.14205,1.14135,1.14152
2026-07-06 12:15:00+00:00,1.14156,1.14189,1.14156,1.14167
2026-07-06 12:30:00+00:00,1.14168,1.14185,1.14137,1.14166
2026-07-06 12:45:00+00:00,1.14158,1.14167,1.1412,1.14124
2026-07-06 13:00:00+00:00,1.14126,1.14201,1.14125,1.14199
2026-07-06 13:15:00+00:00,1.14194,1.14224,1.14177,1.14199
2026-07-06 13:30:00+00:00,1.14204,1.14219,1.14171,1.14177
2026-07-06 13:45:00+00:00,1.14174,1.14191,1.14094,1.14117
2026-07-06 14:00:00+00:00,1.14104,1.14189,1.14104,1.14163
2026-07-06 14:15:00+00:00,1.14174,1.14189,1.14155,1.14157
2026-07-06 14:30:00+00:00,1.14161,1.14184,1.14127,1.14141
2026-07-06 14:45:00+00:00,1.14141,1.14183,1.14119,1.14181
2026-07-06 15:00:00+00:00,1.14177,1.14195,1.14158,1.14159
2026-07-06 15:15:00+00:00,1.14162,1.14188,1.14159,1.14173
2026-07-06 15:30:00+00:00,1.14178,1.14232,1.14171,1.14229
2026-07-06 15:45:00+00:00,1.14219,1.14256,1.14219,1.1425
2026-07-06 16:00:00+00:00,1.14241,1.14288,1.14241,1.14265
2026-07-06 16:15:00+00:00,1.14273,1.14309,1.14257,1.14299
2026-07-06 16:30:00+00:00,1.14299,1.14302,1.14261,1.1428
2026-07-06 16:45:00+00:00,1.14278,1.14321,1.14272,1.14301
2026-07-06 17:00:00+00:00,1.14303,1.14343,1.14303,1.14339
2026-07-06 17:15:00+00:00,1.14334,1.14374,1.14333,1.14369
2026-07-06 17:30:00+00:00,1.1437,1.14393,1.14352,1.14392
2026-07-06 17:45:00+00:00,1.14388,1.14392,1.14359,1.1437
2026-07-06 18:00:00+00:00,1.14368,1.14383,1.14352,1.1437
2026-07-06 18:15:00+00:00,1.14369,1.14393,1.1436,1.14389
2026-07-06 18:30:00+00:00,1.14383,1.1443,1.14376,1.14417
2026-07-06 18:45:00+00:00,1.14419,1.14459,1.14418,1.14456
2026-07-06 19:00:00+00:00,1.14449,1.14449,1.14407,1.14409
2026-07-06 19:15:00+00:00,1.14412,1.14416,1.14382,1.1439
2026-07-06 19:30:00+00:00,1.14393,1.14413,1.14389,1.14393
2026-07-06 19:45:00+00:00,1.14397,1.14422,1.14394,1.14421
2026-07-06 20:00:00+00:00,1.14419,1.14424,1.14406,1.14422
2026-07-06 20:15:00+00:00,1.1442,1.14425,1.14396,1.14423
2026-07-06 20:30:00+00:00,1.1442,1.14424,1.14398,1.14409
2026-07-06 20:45:00+00:00,1.14405,1.14413,1.14397,1.14412
2026-07-06 21:00:00+00:00,1.14409,1.1443,1.14407,1.14424
2026-07-06 21:15:00+00:00,1.14422,1.14432,1.14416,1.14421
2026-07-06 21:30:00+00:00,1.14422,1.14433,1.14414,1.14415
2026-07-06 21:45:00+00:00,1.14417,1.14475,1.14415,1.14463
2026-07-06 22:00:00+00:00,1.14458,1.1446,1.14426,1.14442
2026-07-06 22:15:00+00:00,1.1444,1.14445,1.1443,1.14431
2026-07-06 22:30:00+00:00,1.14433,1.14447,1.14431,1.14441
2026-07-06 22:45:00+00:00,1.1444,1.14451,1.14433,1.14449
2026-07-06 23:00:00+00:00,1.14443,1.1448,1.14438,1.14459
2026-07-06 23:15:00+00:00,1.14457,1.14475,1.14445,1.1445
2026-07-06 23:30:00+00:00,1.14457,1.14457,1.14434,1.14436
2026-07-06 23:45:00+00:00,1.14441,1.14451,1.14415,1.14422
2026-07-07 00:00:00+00:00,1.1442,1.14425,1.14405,1.14413
2026-07-07 00:15:00+00:00,1.14409,1.14414,1.14384,1.14386
2026-07-07 00:30:00+00:00,1.14389,1.14405,1.14375,1.14379
2026-07-07 00:45:00+00:00,1.14388,1.14419,1.14388,1.14396
2026-07-07 01:00:00+00:00,1.14402,1.14403,1.14386,1.14394
2026-07-07 01:15:00+00:00,1.1439,1.144,1.14371,1.14387
2026-07-07 01:30:00+00:00,1.14384,1.14465,1.14384,1.14402
2026-07-07 01:45:00+00:00,1.14411,1.14483,1.14394,1.14438
2026-07-07 02:00:00+00:00,1.14443,1.14464,1.14427,1.14441
2026-07-07 02:15:00+00:00,1.14438,1.14441,1.14423,1.1443
2026-07-07 02:30:00+00:00,1.14429,1.14442,1.14407,1.14411
2026-07-07 02:45:00+00:00,1.14412,1.14418,1.14397,1.14399
2026-07-07 03:00:00+00:00,1.14404,1.14425,1.14396,1.14413
2026-07-07 03:15:00+00:00,1.14411,1.14428,1.14403,1.14413
2026-07-07 03:30:00+00:00,1.14412,1.14412,1.14371,1.14372
2026-07-07 03:45:00+00:00,1.14374,1.14387,1.14363,1.14366
2026-07-07 04:00:00+00:00,1.14368,1.14391,1.14367,1.14384
2026-07-07 04:15:00+00:00,1.14382,1.14388,1.14365,1.14372
2026-07-07 04:30:00+00:00,1.1437,1.14392,1.14367,1.14381
2026-07-07 04:45:00+00:00,1.14383,1.14393,1.14358,1.14362
2026-07-07 05:00:00+00:00,1.14368,1.14375,1.14343,1.14348
2026-07-07 05:15:00+00:00,1.14355,1.14355,1.14304,1.14313
2026-07-07 05:30:00+00:00,1.14311,1.14334,1.14288,1.14294
2026-07-07 05:45:00+00:00,1.14305,1.14325,1.14286,1.14322
2026-07-07 06:00:00+00:00,1.14318,1.14325,1.14256,1.14267
2026-07-07 06:15:00+00:00,1.14258,1.14303,1.14258,1.14293
2026-07-07 06:30:00+00:00,1.1429,1.14316,1.14282,1.14292
2026-07-07 06:45:00+00:00,1.14293,1.14317,1.14279,1.14281
2026-07-07 07:00:00+00:00,1.14285,1.14299,1.14264,1.14289
2026-07-07 07:15:00+00:00,1.14287,1.14319,1.14267,1.14271
2026-07-07 07:30:00+00:00,1.14276,1.14301,1.14262,1.14288
2026-07-07 07:45:00+00:00,1.14287,1.14288,1.1425,1.14261
2026-07-07 08:00:00+00:00,1.14263,1.14324,1.14255,1.14323
2026-07-07 08:15:00+00:00,1.1432,1.14339,1.1429,1.14332
2026-07-07 08:30:00+00:00,1.14329,1.14374,1.14318,1.14322
2026-07-07 08:45:00+00:00,1.14327,1.14331,1.14277,1.14287
2026-07-07 09:00:00+00:00,1.14284,1.1429,1.14266,1.14268
2026-07-07 09:15:00+00:00,1.14271,1.14297,1.14261,1.14271
2026-07-07 09:30:00+00:00,1.14267,1.14299,1.14262,1.14298
2026-07-07 09:45:00+00:00,1.14295,1.14295,1.14249,1.14251
2026-07-07 10:00:00+00:00,1.14256,1.14293,1.14235,1.14288
2026-07-07 10:15:00+00:00,1.1428,1.14304,1.1428,1.14304
2026-07-07 10:30:00+00:00,1.14302,1.14324,1.14292,1.14322
2026-07-07 10:45:00+00:00,1.14317,1.14341,1.14288,1.1434
2026-07-07 11:00:00+00:00,1.14338,1.14347,1.14321,1.14346
2026-07-07 11:15:00+00:00,1.14344,1.14405,1.14326,1.14375
2026-07-07 11:30:00+00:00,1.14371,1.14377,1.1433,1.14336
2026-07-07 11:45:00+00:00,1.14347,1.14364,1.14266,1.14345
2026-07-07 12:00:00+00:00,1.14342,1.14349,1.14303,1.14308
2026-07-07 12:15:00+00:00,1.14321,1.14416,1.14321,1.14411
2026-07-07 12:30:00+00:00,1.14401,1.1442,1.14361,1.14366
2026-07-07 12:45:00+00:00,1.14374,1.14382,1.14343,1.14357
2026-07-07 13:00:00+00:00,1.14351,1.14363,1.14307,1.14346
2026-07-07 13:15:00+00:00,1.14344,1.14372,1.14334,1.14355
2026-07-07 13:30:00+00:00,1.14346,1.14413,1.14346,1.14403
2026-07-07 13:45:00+00:00,1.14401,1.14433,1.14354,1.14359
2026-07-07 14:00:00+00:00,1.14366,1.14385,1.14245,1.14269
2026-07-07 14:15:00+00:00,1.14265,1.14311,1.1426,1.14285
2026-07-07 14:30:00+00:00,1.14272,1.14331,1.14272,1.14328
2026-07-07 14:45:00+00:00,1.14325,1.14395,1.14307,1.14337
2026-07-07 15:00:00+00:00,1.1433,1.14348,1.14297,1.14299
2026-07-07 15:15:00+00:00,1.14303,1.14306,1.1426,1.14281
2026-07-07 15:30:00+00:00,1.14278,1.14291,1.14262,1.14281
2026-07-07 15:45:00+00:00,1.14278,1.14278,1.14227,1.14232
2026-07-07 16:00:00+00:00,1.1424,1.14259,1.14215,1.14244
2026-07-07 16:15:00+00:00,1.14242,1.14244,1.14183,1.14191
2026-07-07 16:30:00+00:00,1.14191,1.14215,1.14184,1.14205
2026-07-07 16:45:00+00:00,1.14202,1.14244,1.14197,1.1423
2026-07-07 17:00:00+00:00,1.14224,1.14266,1.14224,1.14229
2026-07-07 17:15:00+00:00,1.14234,1.14257,1.14223,1.14235
2026-07-07 17:30:00+00:00,1.1424,1.14269,1.14235,1.14268
2026-07-07 17:45:00+00:00,1.14264,1.14299,1.14254,1.14298
2026-07-07 18:00:00+00:00,1.14295,1.14295,1.14257,1.14273
2026-07-07 18:15:00+00:00,1.1427,1.14303,1.14267,1.14282
2026-07-07 18:30:00+00:00,1.14289,1.14295,1.14262,1.14278
2026-07-07 18:45:00+00:00,1.14273,1.14294,1.14176,1.14215
2026-07-07 19:00:00+00:00,1.14211,1.14211,1.14119,1.14133
2026-07-07 19:15:00+00:00,1.14131,1.14137,1.14077,1.14134
2026-07-07 19:30:00+00:00,1.14134,1.14167,1.14117,1.14154
2026-07-07 19:45:00+00:00,1.14157,1.14172,1.14141,1.14164
2026-07-07 20:00:00+00:00,1.14165,1.14175,1.14145,1.14148
2026-07-07 20:15:00+00:00,1.1415,1.1415,1.1413,1.14139
2026-07-07 20:30:00+00:00,1.14142,1.14145,1.1411,1.14125
2026-07-07 20:45:00+00:00,1.1412,1.14128,1.14108,1.14121
2026-07-07 21:00:00+00:00,1.14119,1.14162,1.14103,1.14119
2026-07-07 21:15:00+00:00,1.14115,1.14115,1.14059,1.14084
2026-07-07 21:30:00+00:00,1.14082,1.14082,1.14025,1.14071
2026-07-07 21:45:00+00:00,1.14071,1.1409,1.14045,1.14085
2026-07-07 22:00:00+00:00,1.14072,1.14092,1.14058,1.14064
2026-07-07 22:15:00+00:00,1.14062,1.14074,1.14051,1.14053
2026-07-07 22:30:00+00:00,1.14058,1.1406,1.14033,1.14057
2026-07-07 22:45:00+00:00,1.14053,1.14079,1.14046,1.14071
2026-07-07 23:00:00+00:00,1.14072,1.14081,1.14042,1.14047
2026-07-07 23:15:00+00:00,1.14055,1.14062,1.14034,1.14055
2026-07-07 23:30:00+00:00,1.14056,1.14063,1.14041,1.14044
2026-07-07 23:45:00+00:00,1.14045,1.14046,1.14003,1.14005
2026-07-08 00:00:00+00:00,1.14006,1.14064,1.14006,1.14062
2026-07-08 00:15:00+00:00,1.14059,1.14083,1.14032,1.14081
2026-07-08 00:30:00+00:00,1.14079,1.14119,1.14068,1.14102
2026-07-08 00:45:00+00:00,1.14105,1.14122,1.14074,1.1409
2026-07-08 01:00:00+00:00,1.14089,1.14095,1.1406,1.14079
2026-07-08 01:15:00+00:00,1.14076,1.14084,1.14042,1.14051
2026-07-08 01:30:00+00:00,1.1405,1.1405,1.13994,1.13997
2026-07-08 01:45:00+00:00,1.14003,1.14069,1.13995,1.14061
2026-07-08 02:00:00+00:00,1.1406,1.14068,1.14051,1.14063
2026-07-08 02:15:00+00:00,1.1406,1.14119,1.14052,1.14107
2026-07-08 02:30:00+00:00,1.14107,1.14125,1.14091,1.14121
2026-07-08 02:45:00+00:00,1.14122,1.14128,1.14107,1.14117
2026-07-08 03:00:00+00:00,1.14114,1.14154,1.14114,1.14154
2026-07-08 03:15:00+00:00,1.14151,1.14166,1.14144,1.1416
2026-07-08 03:30:00+00:00,1.14158,1.14158,1.14137,1.14149
2026-07-08 03:45:00+00:00,1.14147,1.14158,1.14136,1.14143
2026-07-08 04:00:00+00:00,1.1414,1.14145,1.14116,1.14135
2026-07-08 04:15:00+00:00,1.14133,1.14136,1.14114,1.14133
2026-07-08 04:30:00+00:00,1.1413,1.14163,1.1413,1.14146
2026-07-08 04:45:00+00:00,1.1415,1.1416,1.14134,1.1415
2026-07-08 05:00:00+00:00,1.14147,1.14192,1.14144,1.14161
2026-07-08 05:15:00+00:00,1.1416,1.14175,1.14124,1.14143
2026-07-08 05:30:00+00:00,1.14141,1.14209,1.14136,1.14207
2026-07-08 05:45:00+00:00,1.14204,1.14206,1.14172,1.14192
2026-07-08 06:00:00+00:00,1.14197,1.14234,1.14179,1.14188
2026-07-08 06:15:00+00:00,1.14186,1.14231,1.14178,1.14229
2026-07-08 06:30:00+00:00,1.14226,1.14246,1.14205,1.14218
2026-07-08 06:45:00+00:00,1.14225,1.1423,1.14184,1.14216
2026-07-08 07:00:00+00:00,1.14221,1.14228,1.14181,1.14198
2026-07-08 07:15:00+00:00,1.14201,1.14287,1.14168,1.14285
2026-07-08 07:30:00+00:00,1.1428,1.14317,1.14249,1.14292
2026-07-08 07:45:00+00:00,1.1429,1.14301,1.14261,1.14266
2026-07-08 08:00:00+00:00,1.14274,1.14276,1.14232,1.14237
2026-07-08 08:15:00+00:00,1.1424,1.14249,1.14012,1.14144
2026-07-08 08:30:00+00:00,1.14141,1.14167,1.14051,1.14091
2026-07-08 08:45:00+00:00,1.14079,1.14179,1.14079,1.14109
2026-07-08 09:00:00+00:00,1.14112,1.1412,1.13973,1.13979
2026-07-08 09:15:00+00:00,1.13981,1.14072,1.13968,1.14049
2026-07-08 09:30:00+00:00,1.14039,1.14114,1.14039,1.14087
2026-07-08 09:45:00+00:00,1.14089,1.14111,1.14041,1.14055
2026-07-08 10:00:00+00:00,1.14052,1.14079,1.14014,1.1405
2026-07-08 10:15:00+00:00,1.14046,1.1412,1.14024,1.14111
2026-07-08 10:30:00+00:00,1.14111,1.14147,1.14108,1.14144
2026-07-08 10:45:00+00:00,1.14142,1.14142,1.14086,1.14091
2026-07-08 11:00:00+00:00,1.14093,1.14093,1.14051,1.14073
2026-07-08 11:15:00+00:00,1.14073,1.14096,1.1406,1.14064
2026-07-08 11:30:00+00:00,1.14069,1.14071,1.13915,1.14028
2026-07-08 11:45:00+00:00,1.13983,1.14068,1.13964,1.13975
2026-07-08 12:00:00+00:00,1.1398,1.14055,1.13979,1.14035
2026-07-08 12:15:00+00:00,1.14032,1.1406,1.14015,1.1404
2026-07-08 12:30:00+00:00,1.14039,1.14062,1.14034,1.14057
2026-07-08 12:45:00+00:00,1.14055,1.14066,1.13971,1.13982
2026-07-08 13:00:00+00:00,1.1399,1.14033,1.13964,1.14031
2026-07-08 13:15:00+00:00,1.14026,1.14051,1.13985,1.14046
2026-07-08 13:30:00+00:00,1.14037,1.14126,1.14037,1.14108
2026-07-08 13:45:00+00:00,1.14097,1.14142,1.14084,1.14103
2026-07-08 14:00:00+00:00,1.14099,1.14132,1.14077,1.14079
2026-07-08 14:15:00+00:00,1.14082,1.14119,1.14059,1.14101
2026-07-08 14:30:00+00:00,1.14099,1.14099,1.14046,1.14085
2026-07-08 14:45:00+00:00,1.14081,1.14082,1.14036,1.1408
2026-07-08 15:00:00+00:00,1.14074,1.14114,1.14045,1.14051
2026-07-08 15:15:00+00:00,1.14058,1.14061,1.13993,1.1401
2026-07-08 15:30:00+00:00,1.14015,1.14019,1.13919,1.13928
2026-07-08 15:45:00+00:00,1.13924,1.13968,1.13921,1.13955
2026-07-08 16:00:00+00:00,1.13953,1.14014,1.13948,1.13989
2026-07-08 16:15:00+00:00,1.13988,1.14032,1.13962,1.14022
2026-07-08 16:30:00+00:00,1.14019,1.14111,1.14008,1.14109
2026-07-08 16:45:00+00:00,1.14102,1.14156,1.14102,1.14142
2026-07-08 17:00:00+00:00,1.14139,1.14232,1.14137,1.14231
2026-07-08 17:15:00+00:00,1.14228,1.14265,1.14199,1.14261
2026-07-08 17:30:00+00:00,1.14255,1.14268,1.14211,1.14217
2026-07-08 17:45:00+00:00,1.14227,1.14227,1.1419,1.14198
2026-07-08 18:00:00+00:00,1.14195,1.14282,1.1418,1.14281
2026-07-08 18:15:00+00:00,1.14278,1.14286,1.14254,1.14258
2026-07-08 18:30:00+00:00,1.14266,1.14285,1.1424,1.14283
2026-07-08 18:45:00+00:00,1.14277,1.14294,1.14258,1.14264
2026-07-08 19:00:00+00:00,1.14262,1.143,1.14251,1.14285
2026-07-08 19:15:00+00:00,1.14284,1.14297,1.14272,1.14285
2026-07-08 19:30:00+00:00,1.14289,1.14303,1.14274,1.14283
2026-07-08 19:45:00+00:00,1.14282,1.14289,1.1423,1.14288
2026-07-08 20:00:00+00:00,1.14286,1.14287,1.14252,1.14271
2026-07-08 20:15:00+00:00,1.14266,1.14266,1.14205,1.14206
2026-07-08 20:30:00+00:00,1.14209,1.14213,1.14153,1.1417
2026-07-08 20:45:00+00:00,1.14173,1.14176,1.1416,1.14169
2026-07-08 21:00:00+00:00,1.14167,1.14217,1.14164,1.14197
2026-07-08 21:15:00+00:00,1.14196,1.14218,1.14171,1.14193
2026-07-08 21:30:00+00:00,1.14208,1.14214,1.1416,1.14182
2026-07-08 21:45:00+00:00,1.14181,1.14191,1.14167,1.14183
2026-07-08 22:00:00+00:00,1.14176,1.1419,1.14163,1.14174
2026-07-08 22:15:00+00:00,1.14175,1.1418,1.14167,1.14176
2026-07-08 22:30:00+00:00,1.14175,1.14193,1.14168,1.14192
2026-07-08 22:45:00+00:00,1.1419,1.14194,1.1418,1.14194
2026-07-08 23:00:00+00:00,1.14191,1.14202,1.14176,1.14183
2026-07-08 23:15:00+00:00,1.14181,1.14193,1.14174,1.14188
2026-07-08 23:30:00+00:00,1.14187,1.14209,1.14184,1.14199
2026-07-08 23:45:00+00:00,1.142,1.14224,1.14196,1.1422
2026-07-09 00:00:00+00:00,1.14218,1.14287,1.14215,1.14283
2026-07-09 00:15:00+00:00,1.14281,1.14288,1.14256,1.14269
2026-07-09 00:30:00+00:00,1.14272,1.14303,1.1427,1.14276
2026-07-09 00:45:00+00:00,1.14283,1.14286,1.14232,1.14259
2026-07-09 01:00:00+00:00,1.14255,1.14276,1.14228,1.14237
2026-07-09 01:15:00+00:00,1.14234,1.14244,1.14215,1.1422
2026-07-09 01:30:00+00:00,1.14227,1.14252,1.14204,1.14233
2026-07-09 01:45:00+00:00,1.14235,1.14253,1.14214,1.14246
2026-07-09 02:00:00+00:00,1.14235,1.14284,1.14235,1.14266
2026-07-09 02:15:00+00:00,1.14266,1.14282,1.14262,1.14274
2026-07-09 02:30:00+00:00,1.14272,1.14272,1.1423,1.14252
2026-07-09 02:45:00+00:00,1.1425,1.14275,1.14247,1.14248
2026-07-09 03:00:00+00:00,1.1425,1.14263,1.14244,1.14252
2026-07-09 03:15:00+00:00,1.14252,1.14269,1.14232,1.14259
2026-07-09 03:30:00+00:00,1.14261,1.14305,1.14254,1.14281
2026-07-09 03:45:00+00:00,1.14286,1.14288,1.14261,1.14268
2026-07-09 04:00:00+00:00,1.1427,1.14278,1.14256,1.14264
2026-07-09 04:15:00+00:00,1.14261,1.14274,1.14233,1.14263
2026-07-09 04:30:00+00:00,1.14261,1.14273,1.14252,1.14252
2026-07-09 04:45:00+00:00,1.14253,1.14275,1.14253,1.14269
2026-07-09 05:00:00+00:00,1.1427,1.14331,1.14266,1.14328
2026-07-09 05:15:00+00:00,1.14322,1.14328,1.14291,1.14322
2026-07-09 05:30:00+00:00,1.14318,1.14336,1.143,1.14304
2026-07-09 05:45:00+00:00,1.14305,1.14341,1.14305,1.14313
2026-07-09 06:00:00+00:00,1.14315,1.14368,1.14309,1.14347
2026-07-09 06:15:00+00:00,1.14346,1.14471,1.14341,1.1446
2026-07-09 06:30:00+00:00,1.14461,1.14494,1.14418,1.14447
2026-07-09 06:45:00+00:00,1.14442,1.14456,1.14403,1.14405
2026-07-09 07:00:00+00:00,1.1441,1.14424,1.14356,1.14363
2026-07-09 07:15:00+00:00,1.14365,1.144,1.14356,1.14381
2026-07-09 07:30:00+00:00,1.14377,1.14399,1.14351,1.14353
2026-07-09 07:45:00+00:00,1.14355,1.14358,1.14322,1.14326
2026-07-09 08:00:00+00:00,1.14337,1.14388,1.14337,1.14347
2026-07-09 08:15:00+00:00,1.14356,1.14376,1.14345,1.14369
2026-07-09 08:30:00+00:00,1.14367,1.14378,1.14311,1.14314
2026-07-09 08:45:00+00:00,1.14318,1.14328,1.14253,1.14257
2026-07-09 09:00:00+00:00,1.14266,1.14285,1.14243,1.14268
2026-07-09 09:15:00+00:00,1.14266,1.14284,1.14258,1.14282
2026-07-09 09:30:00+00:00,1.14278,1.1428,1.1425,1.14276
2026-07-09 09:45:00+00:00,1.14273,1.14318,1.14262,1.14316
2026-07-09 10:00:00+00:00,1.14312,1.14312,1.14277,1.14285
2026-07-09 10:15:00+00:00,1.14288,1.143,1.14265,1.14273
2026-07-09 10:30:00+00:00,1.14271,1.14318,1.14269,1.14282
2026-07-09 10:45:00+00:00,1.14281,1.14287,1.14215,1.14232
2026-07-09 11:00:00+00:00,1.14228,1.14257,1.1422,1.14255
2026-07-09 11:15:00+00:00,1.14251,1.14265,1.14236,1.14253
2026-07-09 11:30:00+00:00,1.14252,1.14274,1.14229,1.14272
2026-07-09 11:45:00+00:00,1.14269,1.143,1.14247,1.14292
2026-07-09 12:00:00+00:00,1.14295,1.14358,1.14295,1.14346
2026-07-09 12:15:00+00:00,1.1435,1.14355,1.14313,1.14325
2026-07-09 12:30:00+00:00,1.1432,1.14357,1.14278,1.14284
2026-07-09 12:45:00+00:00,1.14294,1.14294,1.14236,1.14241
2026-07-09 13:00:00+00:00,1.14249,1.14307,1.1424,1.14281
2026-07-09 13:15:00+00:00,1.14289,1.14362,1.14289,1.14349
2026-07-09 13:30:00+00:00,1.14346,1.14373,1.14318,1.14369
2026-07-09 13:45:00+00:00,1.14363,1.14394,1.14341,1.14392
2026-07-09 14:00:00+00:00,1.1439,1.14467,1.14385,1.1441
2026-07-09 14:15:00+00:00,1.14415,1.14419,1.14367,1.14398
2026-07-09 14:30:00+00:00,1.14393,1.14435,1.14359,1.14367
2026-07-09 14:45:00+00:00,1.14365,1.14369,1.1432,1.14339
2026-07-09 15:00:00+00:00,1.14332,1.14364,1.14294,1.14316
2026-07-09 15:15:00+00:00,1.14321,1.14348,1.14294,1.14336
2026-07-09 15:30:00+00:00,1.14341,1.14367,1.14315,1.14363
2026-07-09 15:45:00+00:00,1.14351,1.14402,1.14351,1.14383
2026-07-09 16:00:00+00:00,1.14387,1.14403,1.14379,1.14398
2026-07-09 16:15:00+00:00,1.14391,1.14417,1.14359,1.14384
2026-07-09 16:30:00+00:00,1.1438,1.14405,1.14351,1.14404
2026-07-09 16:45:00+00:00,1.14401,1.14412,1.14367,1.14369
2026-07-09 17:00:00+00:00,1.14371,1.14382,1.14347,1.14356
2026-07-09 17:15:00+00:00,1.14357,1.1441,1.14356,1.14398
2026-07-09 17:30:00+00:00,1.14401,1.14409,1.1436,1.14373
2026-07-09 17:45:00+00:00,1.14371,1.14386,1.14368,1.14377
2026-07-09 18:00:00+00:00,1.14374,1.14386,1.14352,1.14355
2026-07-09 18:15:00+00:00,1.14358,1.1436,1.14321,1.14322
2026-07-09 18:30:00+00:00,1.14325,1.14339,1.14314,1.14339
2026-07-09 18:45:00+00:00,1.14337,1.14347,1.14322,1.14343
2026-07-09 19:00:00+00:00,1.14341,1.14348,1.14308,1.14316
2026-07-09 19:15:00+00:00,1.14312,1.14329,1.1429,1.14298
2026-07-09 19:30:00+00:00,1.14297,1.14297,1.14274,1.14276
2026-07-09 19:45:00+00:00,1.1428,1.14282,1.14256,1.14279
2026-07-09 20:00:00+00:00,1.14268,1.14297,1.14268,1.14295
2026-07-09 20:15:00+00:00,1.14292,1.14305,1.14288,1.1429
2026-07-09 20:30:00+00:00,1.14295,1.14307,1.14287,1.14303
2026-07-09 20:45:00+00:00,1.143,1.14307,1.14287,1.14307
2026-07-09 21:00:00+00:00,1.14304,1.14342,1.14297,1.14315
2026-07-09 21:15:00+00:00,1.14316,1.14331,1.14306,1.1431
2026-07-09 21:30:00+00:00,1.14312,1.14322,1.14297,1.14316
2026-07-09 21:45:00+00:00,1.14316,1.14329,1.14301,1.14306
2026-07-09 22:00:00+00:00,1.14308,1.14337,1.14291,1.14333
2026-07-09 22:15:00+00:00,1.14331,1.14339,1.14328,1.14333
2026-07-09 22:30:00+00:00,1.14333,1.14341,1.14328,1.14329
2026-07-09 22:45:00+00:00,1.14333,1.14343,1.14329,1.14341
2026-07-09 23:00:00+00:00,1.14338,1.14346,1.14331,1.14344
2026-07-09 23:15:00+00:00,1.14341,1.14344,1.14316,1.14318
2026-07-09 23:30:00+00:00,1.14319,1.14337,1.14318,1.1433
2026-07-09 23:45:00+00:00,1.14331,1.14341,1.14322,1.14332
2026-07-10 00:00:00+00:00,1.1433,1.14345,1.14322,1.14342
2026-07-10 00:15:00+00:00,1.14336,1.14336,1.1431,1.14313
2026-07-10 00:30:00+00:00,1.14311,1.14355,1.14307,1.1435
2026-07-10 00:45:00+00:00,1.14343,1.14418,1.14343,1.14418
2026-07-10 01:00:00+00:00,1.14416,1.14439,1.14384,1.14437
2026-07-10 01:15:00+00:00,1.1443,1.14471,1.14418,1.14423
2026-07-10 01:30:00+00:00,1.14424,1.14459,1.14422,1.14441
2026-07-10 01:45:00+00:00,1.14444,1.14498,1.14423,1.14488
2026-07-10 02:00:00+00:00,1.14489,1.1455,1.14473,1.14549
2026-07-10 02:15:00+00:00,1.14543,1.146,1.14531,1.1458
2026-07-10 02:30:00+00:00,1.14589,1.14591,1.14551,1.14589
2026-07-10 02:45:00+00:00,1.14585,1.14605,1.14576,1.14585
2026-07-10 03:00:00+00:00,1.14588,1.14593,1.14561,1.14563
2026-07-10 03:15:00+00:00,1.14566,1.14566,1.1454,1.14556
2026-07-10 03:30:00+00:00,1.14554,1.14572,1.14538,1.14543
2026-07-10 03:45:00+00:00,1.14541,1.14548,1.14477,1.14494
2026-07-10 04:00:00+00:00,1.14489,1.14494,1.14471,1.14485
2026-07-10 04:15:00+00:00,1.14479,1.14493,1.14441,1.14461
2026-07-10 04:30:00+00:00,1.14458,1.14466,1.14428,1.14432
2026-07-10 04:45:00+00:00,1.14439,1.14439,1.14399,1.14412
2026-07-10 05:00:00+00:00,1.14414,1.14444,1.14403,1.14405
2026-07-10 05:15:00+00:00,1.14407,1.14411,1.14377,1.14386
2026-07-10 05:30:00+00:00,1.14384,1.14392,1.14359,1.14377
2026-07-10 05:45:00+00:00,1.14376,1.14414,1.14372,1.14403
2026-07-10 06:00:00+00:00,1.14398,1.14437,1.14396,1.14436
2026-07-10 06:15:00+00:00,1.14433,1.14474,1.14406,1.14437
2026-07-10 06:30:00+00:00,1.14449,1.14462,1.14413,1.14416
2026-07-10 06:45:00+00:00,1.14421,1.14433,1.14392,1.14432
2026-07-10 07:00:00+00:00,1.14429,1.14433,1.14381,1.14393
2026-07-10 07:15:00+00:00,1.14388,1.14422,1.14379,1.14401
2026-07-10 07:30:00+00:00,1.14395,1.14409,1.14378,1.14402
2026-07-10 07:45:00+00:00,1.144,1.14415,1.14366,1.14378
2026-07-10 08:00:00+00:00,1.14376,1.14426,1.14362,1.14382
2026-07-10 08:15:00+00:00,1.1439,1.1439,1.14324,1.14344
2026-07-10 08:30:00+00:00,1.14334,1.1436,1.14318,1.14348
2026-07-10 08:45:00+00:00,1.1434,1.14354,1.14309,1.14316
2026-07-10 09:00:00+00:00,1.14322,1.14343,1.14305,1.14333
2026-07-10 09:15:00+00:00,1.14325,1.14339,1.14309,1.14331
2026-07-10 09:30:00+00:00,1.14329,1.14333,1.14296,1.14304
2026-07-10 09:45:00+00:00,1.14319,1.14319,1.14267,1.14288
2026-07-10 10:00:00+00:00,1.14288,1.14297,1.14272,1.14275
2026-07-10 10:15:00+00:00,1.14284,1.14338,1.14284,1.14335
2026-07-10 10:30:00+00:00,1.14327,1.14342,1.14306,1.14318
2026-07-10 10:45:00+00:00,1.14316,1.14354,1.14308,1.14334
2026-07-10 11:00:00+00:00,1.14344,1.14353,1.14305,1.14322
2026-07-10 11:15:00+00:00,1.1432,1.14329,1.14278,1.14305
2026-07-10 11:30:00+00:00,1.14299,1.14309,1.14267,1.14308
2026-07-10 11:45:00+00:00,1.14304,1.14323,1.14292,1.14314
2026-07-10 12:00:00+00:00,1.14312,1.14386,1.14266,1.14365
2026-07-10 12:15:00+00:00,1.14338,1.14408,1.14288,1.14291
2026-07-10 12:30:00+00:00,1.14296,1.14306,1.14257,1.14284
2026-07-10 12:45:00+00:00,1.14278,1.14286,1.14233,1.14281
2026-07-10 13:00:00+00:00,1.14272,1.14293,1.14202,1.14228
2026-07-10 13:15:00+00:00,1.14224,1.14233,1.14201,1.14205
2026-07-10 13:30:00+00:00,1.14206,1.14262,1.14197,1.14261
2026-07-10 13:45:00+00:00,1.14256,1.14265,1.142,1.14213
2026-07-10 14:00:00+00:00,1.14211,1.14228,1.14175,1.14223
2026-07-10 14:15:00+00:00,1.14215,1.14269,1.14205,1.14266
2026-07-10 14:30:00+00:00,1.14264,1.14287,1.14141,1.14228
2026-07-10 14:45:00+00:00,1.14226,1.14233,1.1418,1.14223
2026-07-10 15:00:00+00:00,1.14217,1.14288,1.14217,1.14282
2026-07-10 15:15:00+00:00,1.14282,1.14344,1.14251,1.14322
2026-07-10 15:30:00+00:00,1.14331,1.14354,1.1432,1.14327
2026-07-10 15:45:00+00:00,1.14328,1.14387,1.14317,1.14386
2026-07-10 16:00:00+00:00,1.1438,1.14398,1.14362,1.14391
2026-07-10 16:15:00+00:00,1.14386,1.14417,1.14362,1.14398
2026-07-10 16:30:00+00:00,1.14395,1.14398,1.1436,1.14363
2026-07-10 16:45:00+00:00,1.14367,1.14367,1.14304,1.14324
2026-07-10 17:00:00+00:00,1.14324,1.14324,1.14264,1.14278
2026-07-10 17:15:00+00:00,1.14277,1.14292,1.14227,1.14247
2026-07-10 17:30:00+00:00,1.14241,1.1425,1.14205,1.14222
2026-07-10 17:45:00+00:00,1.1422,1.14229,1.14175,1.14179
2026-07-10 18:00:00+00:00,1.14183,1.14184,1.14159,1.14168
2026-07-10 18:15:00+00:00,1.1417,1.14177,1.14145,1.14148
2026-07-10 18:30:00+00:00,1.14152,1.14163,1.14119,1.14122
2026-07-10 18:45:00+00:00,1.14129,1.14167,1.14125,1.14151
2026-07-10 19:00:00+00:00,1.14147,1.1417,1.14141,1.14146
2026-07-10 19:15:00+00:00,1.14144,1.14168,1.14144,1.14156
2026-07-10 19:30:00+00:00,1.1416,1.14166,1.14148,1.1416
2026-07-10 19:45:00+00:00,1.1416,1.14168,1.14141,1.14167
2026-07-10 20:00:00+00:00,1.14164,1.14184,1.14142,1.14158
2026-07-10 20:15:00+00:00,1.14156,1.14175,1.14144,1.14148
2026-07-10 20:30:00+00:00,1.14149,1.1415,1.14116,1.14136
2026-07-10 20:45:00+00:00,1.14133,1.14156,1.14129,1.14156
2026-07-10 21:00:00+00:00,1.14154,1.1421,1.14078,1.1416
2026-07-10 21:15:00+00:00,1.14145,1.14198,1.14133,1.14146
2026-07-10 21:30:00+00:00,1.1415,1.14196,1.14142,1.14181
2026-07-10 21:45:00+00:00,1.14166,1.14201,1.14146,1.14178
2026-07-10 22:00:00+00:00,1.14148,1.14194,1.14144,1.14171
2026-07-10 22:15:00+00:00,1.14164,1.14185,1.14147,1.1417
2026-07-10 22:30:00+00:00,1.14171,1.1419,1.1415,1.14179
2026-07-10 22:45:00+00:00,1.14172,1.14188,1.14162,1.14171
2026-07-10 23:00:00+00:00,1.14171,1.14187,1.14145,1.14181
2026-07-10 23:15:00+00:00,1.14167,1.14188,1.14147,1.14163
2026-07-10 23:30:00+00:00,1.14171,1.14189,1.14154,1.14162
2026-07-10 23:45:00+00:00,1.14165,1.14187,1.14163,1.14167
2026-07-11 00:00:00+00:00,1.14167,1.14187,1.1411,1.14114
2026-07-11 00:15:00+00:00,1.14121,1.14193,1.14086,1.14148
2026-07-11 00:30:00+00:00,1.14096,1.14179,1.14077,1.14082
2026-07-11 00:45:00+00:00,1.14087,1.14219,1.14063,1.14147
2026-07-11 01:00:00+00:00,1.1411,1.14179,1.14077,1.14079
2026-07-11 01:15:00+00:00,1.14078,1.14187,1.14078,1.14144
2026-07-11 01:30:00+00:00,1.14099,1.1422,1.14078,1.14116
2026-07-11 01:45:00+00:00,1.14117,1.14177,1.14084,1.14147
2026-07-11 02:00:00+00:00,1.1409,1.14183,1.14075,1.14087
2026-07-11 02:15:00+00:00,1.14089,1.14181,1.14077,1.14141
2026-07-11 02:30:00+00:00,1.14091,1.1421,1.14076,1.14085
2026-07-11 02:45:00+00:00,1.14088,1.1419,1.14061,1.14098
2026-07-11 03:00:00+00:00,1.14097,1.14179,1.14077,1.14147
2026-07-11 03:15:00+00:00,1.14109,1.14211,1.1408,1.14146
2026-07-11 03:30:00+00:00,1.14121,1.14172,1.14086,1.14144
2026-07-11 03:45:00+00:00,1.14123,1.14218,1.14086,1.14147
2026-07-11 04:00:00+00:00,1.14118,1.14187,1.14098,1.14148
2026-07-11 04:15:00+00:00,1.14134,1.14173,1.14094,1.1415
2026-07-11 04:30:00+00:00,1.14134,1.14192,1.1411,1.14113
2026-07-11 04:45:00+00:00,1.14115,1.14168,1.14099,1.14148
2026-07-11 05:00:00+00:00,1.14142,1.14175,1.14114,1.14145
2026-07-11 05:15:00+00:00,1.14115,1.14167,1.14109,1.14149
2026-07-11 05:30:00+00:00,1.14117,1.14168,1.14105,1.14148
2026-07-11 05:45:00+00:00,1.14114,1.1418,1.14077,1.14145
2026-07-11 06:00:00+00:00,1.14092,1.1417,1.14092,1.14148
2026-07-11 06:15:00+00:00,1.14114,1.14176,1.14095,1.14148
2026-07-11 06:30:00+00:00,1.14113,1.14179,1.1411,1.14112
2026-07-11 06:45:00+00:00,1.14116,1.14176,1.14082,1.14146
2026-07-11 07:00:00+00:00,1.14111,1.14185,1.14084,1.14086
2026-07-11 07:15:00+00:00,1.14089,1.14177,1.14089,1.14149
2026-07-11 07:30:00+00:00,1.14113,1.1418,1.14104,1.14146
2026-07-11 07:45:00+00:00,1.14111,1.14175,1.14107,1.14118
2026-07-11 08:00:00+00:00,1.14119,1.14184,1.1407,1.14073
2026-07-11 08:15:00+00:00,1.14078,1.14224,1.14067,1.14144
2026-07-11 08:30:00+00:00,1.1409,1.14185,1.1407,1.14075
2026-07-11 08:45:00+00:00,1.14075,1.14202,1.14072,1.1414
2026-07-11 09:00:00+00:00,1.14083,1.14217,1.14051,1.14087
2026-07-11 09:15:00+00:00,1.1409,1.14183,1.14073,1.14088
2026-07-11 09:30:00+00:00,1.14086,1.14211,1.1406,1.14103
2026-07-11 09:45:00+00:00,1.14105,1.14175,1.14069,1.14128
2026-07-11 10:00:00+00:00,1.14122,1.1418,1.14088,1.14101
2026-07-11 10:15:00+00:00,1.14106,1.14187,1.141,1.14149
2026-07-11 10:30:00+00:00,1.14129,1.14164,1.14108,1.14149
2026-07-11 10:45:00+00:00,1.14141,1.14193,1.14115,1.14148
2026-07-11 11:00:00+00:00,1.14139,1.14165,1.14112,1.14118
2026-07-11 11:15:00+00:00,1.14126,1.14171,1.14088,1.14135
2026-07-11 11:30:00+00:00,1.14096,1.14237,1.14055,1.14121
2026-07-11 11:45:00+00:00,1.14118,1.14123,1.14117,1.14119
2026-07-11 12:00:00+00:00,1.14118,1.14213,1.14117,1.1414
2026-07-11 12:15:00+00:00,1.14137,1.14142,1.14135,1.14139
2026-07-11 12:30:00+00:00,1.14137,1.14197,1.14135,1.14148
2026-07-11 12:45:00+00:00,1.14146,1.14198,1.1414,1.14156
2026-07-11 13:00:00+00:00,1.14153,1.14158,1.14151,1.14152
2026-07-11 13:15:00+00:00,1.14153,1.14192,1.14148,1.14164
2026-07-11 13:30:00+00:00,1.14161,1.14167,1.1416,1.14164
2026-07-11 13:45:00+00:00,1.14161,1.1419,1.1416,1.14167
2026-07-11 14:00:00+00:00,1.14165,1.14192,1.14145,1.14166
2026-07-11 14:15:00+00:00,1.14164,1.14169,1.14162,1.14164
2026-07-11 14:30:00+00:00,1.14164,1.1419,1.1416,1.14169
2026-07-11 14:45:00+00:00,1.14167,1.14172,1.14166,1.14169
2026-07-11 15:00:00+00:00,1.14167,1.14188,1.14167,1.14168
2026-07-11 15:15:00+00:00,1.14169,1.14187,1.14167,1.14174
2026-07-11 15:30:00+00:00,1.14171,1.14176,1.1417,1.14173
2026-07-11 15:45:00+00:00,1.14171,1.14185,1.1417,1.14176
2026-07-11 16:00:00+00:00,1.14173,1.14178,1.14137,1.14161
2026-07-11 16:15:00+00:00,1.1416,1.14185,1.14155,1.14163
2026-07-11 16:30:00+00:00,1.14164,1.14189,1.14162,1.14181
2026-07-11 16:45:00+00:00,1.14167,1.14172,1.14151,1.14158
2026-07-11 17:00:00+00:00,1.14155,1.1419,1.14101,1.14108
2026-07-11 17:15:00+00:00,1.1412,1.14125,1.14118,1.14119
2026-07-11 17:30:00+00:00,1.1412,1.1421,1.14118,1.14134
2026-07-11 17:45:00+00:00,1.14132,1.14206,1.1413,1.14181
2026-07-11 18:00:00+00:00,1.1413,1.1415,1.1413,1.14147
2026-07-11 18:15:00+00:00,1.14146,1.14198,1.14141,1.14157
2026-07-11 18:30:00+00:00,1.14158,1.14163,1.14156,1.14158
2026-07-11 18:45:00+00:00,1.14158,1.14189,1.14153,1.14165
2026-07-11 19:00:00+00:00,1.14162,1.1419,1.14161,1.14181
2026-07-11 19:15:00+00:00,1.14162,1.14171,1.14162,1.14165
2026-07-11 19:30:00+00:00,1.14166,1.14189,1.14165,1.14169
2026-07-11 19:45:00+00:00,1.14169,1.14174,1.14168,1.14172
2026-07-11 20:00:00+00:00,1.14169,1.14187,1.14168,1.14172
2026-07-11 20:15:00+00:00,1.1417,1.14187,1.14168,1.14168
2026-07-11 20:30:00+00:00,1.1417,1.14177,1.1417,1.14172
2026-07-11 20:45:00+00:00,1.14172,1.14185,1.1417,1.14176
2026-07-11 21:00:00+00:00,1.14174,1.14179,1.14172,1.14176
2026-07-11 21:15:00+00:00,1.14174,1.14184,1.14174,1.14175
2026-07-11 21:30:00+00:00,1.14175,1.1418,1.14136,1.14143
2026-07-11 21:45:00+00:00,1.1415,1.14162,1.14145,1.1415
2026-07-11 22:00:00+00:00,1.14149,1.14157,1.14146,1.14152
2026-07-11 22:15:00+00:00,1.1415,1.14154,1.14147,1.14149
2026-07-11 22:30:00+00:00,1.14149,1.14164,1.14143,1.14148
2026-07-11 22:45:00+00:00,1.14149,1.14196,1.14147,1.1418
2026-07-11 23:00:00+00:00,1.14149,1.14166,1.14146,1.14153
2026-07-11 23:15:00+00:00,1.1415,1.14197,1.14147,1.1416
2026-07-11 23:30:00+00:00,1.1416,1.14161,1.14145,1.14152
2026-07-11 23:45:00+00:00,1.14153,1.14194,1.14147,1.14158
2026-07-12 00:00:00+00:00,1.14158,1.14188,1.14156,1.14178
2026-07-12 00:15:00+00:00,1.14158,1.1419,1.14152,1.14163
2026-07-12 00:30:00+00:00,1.14162,1.1419,1.14161,1.14165
2026-07-12 00:45:00+00:00,1.14166,1.14173,1.14145,1.1416
2026-07-12 01:00:00+00:00,1.1416,1.14188,1.14159,1.14167
2026-07-12 01:15:00+00:00,1.14165,1.1417,1.14163,1.14166
2026-07-12 01:30:00+00:00,1.14165,1.14189,1.14164,1.14168
2026-07-12 01:45:00+00:00,1.14168,1.14187,1.14166,1.14171
2026-07-12 02:00:00+00:00,1.14171,1.14176,1.14169,1.14173
2026-07-12 02:15:00+00:00,1.14171,1.14187,1.14169,1.14175
2026-07-12 02:30:00+00:00,1.14173,1.14177,1.14138,1.14159
2026-07-12 02:45:00+00:00,1.14159,1.1419,1.14158,1.14164
2026-07-12 03:00:00+00:00,1.14165,1.14189,1.14162,1.1417
2026-07-12 03:15:00+00:00,1.14168,1.14173,1.14166,1.1417
2026-07-12 03:30:00+00:00,1.14168,1.14188,1.14166,1.1417
2026-07-12 03:45:00+00:00,1.14171,1.14176,1.14169,1.1417
2026-07-12 04:00:00+00:00,1.14171,1.14187,1.14169,1.14174
2026-07-12 04:15:00+00:00,1.14173,1.14185,1.1417,1.14174
2026-07-12 04:30:00+00:00,1.14172,1.14177,1.1417,1.14172
2026-07-12 04:45:00+00:00,1.14172,1.14187,1.1417,1.14173
2026-07-12 05:00:00+00:00,1.14174,1.14179,1.14172,1.14176
2026-07-12 05:15:00+00:00,1.14174,1.14185,1.14173,1.14178
2026-07-12 05:30:00+00:00,1.14175,1.14184,1.14173,1.14177
2026-07-12 05:45:00+00:00,1.14176,1.14181,1.14175,1.14175
2026-07-12 06:00:00+00:00,1.14176,1.14193,1.14136,1.14165
2026-07-12 06:15:00+00:00,1.14163,1.14168,1.14161,1.14166
2026-07-12 06:30:00+00:00,1.14163,1.14189,1.14162,1.14168
2026-07-12 06:45:00+00:00,1.14167,1.14188,1.14165,1.14169
2026-07-12 07:00:00+00:00,1.1417,1.14175,1.14168,1.1417
2026-07-12 07:15:00+00:00,1.1417,1.14187,1.14167,1.14174
2026-07-12 07:30:00+00:00,1.14172,1.14177,1.1417,1.14174
2026-07-12 07:45:00+00:00,1.14172,1.14185,1.1417,1.14171
2026-07-12 08:00:00+00:00,1.14171,1.14185,1.14169,1.14173
2026-07-12 08:15:00+00:00,1.14173,1.14178,1.14172,1.14175
2026-07-12 08:30:00+00:00,1.14173,1.14185,1.14172,1.14177
2026-07-12 08:45:00+00:00,1.14175,1.1418,1.14173,1.14175
2026-07-12 09:00:00+00:00,1.14175,1.14184,1.14174,1.14176
2026-07-12 09:15:00+00:00,1.14176,1.14184,1.14172,1.14175
2026-07-12 09:30:00+00:00,1.14173,1.14178,1.14172,1.14176
2026-07-12 09:45:00+00:00,1.14173,1.14185,1.14172,1.14175
2026-07-12 10:00:00+00:00,1.14175,1.1418,1.14173,1.14174
2026-07-12 10:15:00+00:00,1.14175,1.1418,1.14173,1.14176
2026-07-12 10:30:00+00:00,1.14175,1.1418,1.14173,1.14177
2026-07-12 10:45:00+00:00,1.14175,1.1418,1.14173,1.14175
2026-07-12 11:00:00+00:00,1.14175,1.1418,1.14173,1.14174
2026-07-12 11:15:00+00:00,1.14175,1.1418,1.14173,1.14177
2026-07-12 11:30:00+00:00,1.14175,1.1418,1.14137,1.14152
2026-07-12 11:45:00+00:00,1.1415,1.14155,1.14148,1.14151
2026-07-12 12:00:00+00:00,1.1415,1.1418,1.14146,1.14169
2026-07-12 12:15:00+00:00,1.1417,1.14175,1.14168,1.1417
2026-07-12 12:30:00+00:00,1.1417,1.14194,1.14168,1.14188
2026-07-12 12:45:00+00:00,1.14186,1.14205,1.14172,1.142
2026-07-12 13:00:00+00:00,1.14199,1.14204,1.14197,1.14198
2026-07-12 13:15:00+00:00,1.14199,1.14218,1.14129,1.14142
2026-07-12 13:30:00+00:00,1.14142,1.14147,1.1414,1.14144
2026-07-12 13:45:00+00:00,1.14142,1.14173,1.14137,1.14165
2026-07-12 14:00:00+00:00,1.14163,1.14206,1.14084,1.14094
2026-07-12 14:15:00+00:00,1.14104,1.14109,1.14102,1.14104
2026-07-12 14:30:00+00:00,1.14104,1.14147,1.14074,1.14135
2026-07-12 14:45:00+00:00,1.14133,1.14138,1.14131,1.14135
2026-07-12 15:00:00+00:00,1.14133,1.1415,1.14088,1.14103
2026-07-12 15:15:00+00:00,1.14103,1.14147,1.14073,1.14132
2026-07-12 15:30:00+00:00,1.14133,1.14138,1.14131,1.14134
2026-07-12 15:45:00+00:00,1.14133,1.14168,1.14131,1.14158
2026-07-12 16:00:00+00:00,1.14156,1.14161,1.14145,1.14152
2026-07-12 16:15:00+00:00,1.14152,1.14181,1.14148,1.14171
2026-07-12 16:30:00+00:00,1.14172,1.14177,1.14136,1.14149
2026-07-12 16:45:00+00:00,1.14148,1.14153,1.14146,1.1415
2026-07-12 17:00:00+00:00,1.14148,1.14184,1.14093,1.14153
2026-07-12 17:15:00+00:00,1.14152,1.14156,1.14147,1.1415
2026-07-12 17:30:00+00:00,1.14151,1.1418,1.14149,1.14173
2026-07-12 17:45:00+00:00,1.14171,1.14194,1.14168,1.14189
2026-07-12 18:00:00+00:00,1.14187,1.14251,1.14037,1.14136
2026-07-12 18:15:00+00:00,1.14067,1.14226,1.14044,1.14217
2026-07-12 18:30:00+00:00,1.14196,1.14196,1.14145,1.1417
2026-07-12 18:45:00+00:00,1.14156,1.14179,1.14148,1.1417
2026-07-12 19:00:00+00:00,1.14154,1.14301,1.14078,1.14085
2026-07-12 19:15:00+00:00,1.14088,1.1418,1.14039,1.14094
2026-07-12 19:30:00+00:00,1.1407,1.1419,1.14006,1.14139
2026-07-12 19:45:00+00:00,1.14084,1.14187,1.14028,1.14047
2026-07-12 20:00:00+00:00,1.14054,1.1419,1.13998,1.14145
2026-07-12 20:15:00+00:00,1.14117,1.1419,1.14025,1.14142
2026-07-12 20:30:00+00:00,1.14071,1.1419,1.14054,1.14072
2026-07-12 20:45:00+00:00,1.14078,1.1419,1.14042,1.14108
2026-07-12 21:00:00+00:00,1.141,1.14183,1.14019,1.14123
2026-07-12 21:15:00+00:00,1.14074,1.1419,1.14035,1.14059
2026-07-12 21:30:00+00:00,1.14058,1.14062,1.14028,1.14041
2026-07-12 21:45:00+00:00,1.14038,1.14067,1.1403,1.14039
2026-07-12 22:00:00+00:00,1.14043,1.14044,1.13891,1.13905
2026-07-12 22:15:00+00:00,1.13905,1.13961,1.13897,1.1396
2026-07-12 22:30:00+00:00,1.13957,1.13958,1.13939,1.1394
2026-07-12 22:45:00+00:00,1.13942,1.1396,1.13939,1.13951
2026-07-12 23:00:00+00:00,1.1395,1.13961,1.13932,1.13958
2026-07-12 23:15:00+00:00,1.13947,1.13987,1.13947,1.13981
2026-07-12 23:30:00+00:00,1.13979,1.13995,1.13965,1.13994
2026-07-12 23:45:00+00:00,1.13992,1.14043,1.13972,1.1404
2026-07-13 00:00:00+00:00,1.14033,1.14044,1.14006,1.14008
2026-07-13 00:15:00+00:00,1.14009,1.14051,1.13981,1.1403
2026-07-13 00:30:00+00:00,1.14029,1.14032,1.1396,1.13963
2026-07-13 00:45:00+00:00,1.13969,1.13987,1.13955,1.13963
2026-07-13 01:00:00+00:00,1.13962,1.13962,1.13908,1.13922
2026-07-13 01:15:00+00:00,1.13919,1.13925,1.13858,1.13884
2026-07-13 01:30:00+00:00,1.1388,1.13956,1.13878,1.13951
2026-07-13 01:45:00+00:00,1.1395,1.13977,1.13939,1.1397
2026-07-13 02:00:00+00:00,1.13958,1.1398,1.13941,1.13958
2026-07-13 02:15:00+00:00,1.13956,1.13967,1.13945,1.13951
2026-07-13 02:30:00+00:00,1.13949,1.13999,1.13944,1.13998
2026-07-13 02:45:00+00:00,1.13996,1.14006,1.13946,1.13956
2026-07-13 03:00:00+00:00,1.13954,1.13955,1.13908,1.13926
2026-07-13 03:15:00+00:00,1.13918,1.13961,1.13918,1.13946
2026-07-13 03:30:00+00:00,1.13943,1.13971,1.13936,1.13962
2026-07-13 03:45:00+00:00,1.13962,1.13993,1.13958,1.13989
2026-07-13 04:00:00+00:00,1.13984,1.13991,1.13969,1.13987
2026-07-13 04:15:00+00:00,1.13982,1.14007,1.13982,1.14
2026-07-13 04:30:00+00:00,1.13996,1.14029,1.13985,1.14011
2026-07-13 04:45:00+00:00,1.14016,1.14053,1.14009,1.14052
2026-07-13 05:00:00+00:00,1.1405,1.1409,1.14035,1.14089
2026-07-13 05:15:00+00:00,1.14086,1.14086,1.14015,1.14023
2026-07-13 05:30:00+00:00,1.14021,1.14037,1.13999,1.14017
2026-07-13 05:45:00+00:00,1.14022,1.14041,1.13974,1.13979
2026-07-13 06:00:00+00:00,1.13988,1.13997,1.13961,1.13965
2026-07-13 06:15:00+00:00,1.1397,1.1403,1.13963,1.14029
2026-07-13 06:30:00+00:00,1.14023,1.14076,1.14023,1.14071
2026-07-13 06:45:00+00:00,1.14067,1.14069,1.14004,1.14019
2026-07-13 07:00:00+00:00,1.14017,1.14094,1.14009,1.14089
2026-07-13 07:15:00+00:00,1.14088,1.14094,1.14065,1.14091
2026-07-13 07:30:00+00:00,1.14087,1.14207,1.14072,1.14177
2026-07-13 07:45:00+00:00,1.14181,1.1426,1.14167,1.14237
2026-07-13 08:00:00+00:00,1.1424,1.14435,1.1424,1.14399
2026-07-13 08:15:00+00:00,1.1441,1.14457,1.14376,1.1438
2026-07-13 08:30:00+00:00,1.14386,1.14421,1.14363,1.14417
2026-07-13 08:45:00+00:00,1.1441,1.1441,1.14359,1.14364
2026-07-13 09:00:00+00:00,1.14372,1.14373,1.14312,1.14314
2026-07-13 09:15:00+00:00,1.14319,1.14343,1.14292,1.14315
2026-07-13 09:30:00+00:00,1.14303,1.14333,1.14277,1.14288
2026-07-13 09:45:00+00:00,1.14283,1.14313,1.14275,1.14305
2026-07-13 10:00:00+00:00,1.14307,1.14346,1.14307,1.14329
2026-07-13 10:15:00+00:00,1.14328,1.14336,1.14282,1.14287
2026-07-13 10:30:00+00:00,1.14296,1.14318,1.14264,1.14312
2026-07-13 10:45:00+00:00,1.14309,1.14353,1.1429,1.14351
2026-07-13 11:00:00+00:00,1.14347,1.14359,1.14284,1.14301
2026-07-13 11:15:00+00:00,1.14295,1.14309,1.14256,1.14294
2026-07-13 11:30:00+00:00,1.14299,1.14311,1.1427,1.14299
2026-07-13 11:45:00+00:00,1.14296,1.14308,1.14274,1.14276
2026-07-13 12:00:00+00:00,1.14277,1.14305,1.14211,1.14214
2026-07-13 12:15:00+00:00,1.14221,1.14254,1.14217,1.14221
2026-07-13 12:30:00+00:00,1.14226,1.14288,1.14226,1.14269
2026-07-13 12:45:00+00:00,1.14271,1.14297,1.1423,1.14293
2026-07-13 13:00:00+00:00,1.14283,1.14328,1.14266,1.14267
2026-07-13 13:15:00+00:00,1.14268,1.14273,1.14231,1.14256
2026-07-13 13:30:00+00:00,1.14251,1.14299,1.14198,1.14203
2026-07-13 13:45:00+00:00,1.14206,1.14226,1.14153,1.14158
2026-07-13 14:00:00+00:00,1.14167,1.14167,1.14119,1.14135
2026-07-13 14:15:00+00:00,1.1414,1.14241,1.14,1.14064
2026-07-13 14:30:00+00:00,1.14067,1.14084,1.14002,1.14017
2026-07-13 14:45:00+00:00,1.14008,1.14078,1.1399,1.14036
2026-07-13 15:00:00+00:00,1.14025,1.14067,1.1398,1.13989
2026-07-13 15:15:00+00:00,1.14003,1.1402,1.13969,1.13995
2026-07-13 15:30:00+00:00,1.13998,1.14007,1.1397,1.14007
2026-07-13 15:45:00+00:00,1.14005,1.14043,1.13976,1.14042
2026-07-13 16:00:00+00:00,1.14038,1.14038,1.14003,1.14009
2026-07-13 16:15:00+00:00,1.1401,1.14016,1.13913,1.13921
2026-07-13 16:30:00+00:00,1.13934,1.13943,1.13837,1.13882
2026-07-13 16:45:00+00:00,1.13883,1.13913,1.13847,1.13884
2026-07-13 17:00:00+00:00,1.1388,1.1391,1.13853,1.13872
2026-07-13 17:15:00+00:00,1.13879,1.13891,1.13858,1.13885
2026-07-13 17:30:00+00:00,1.13881,1.13892,1.13861,1.13889
2026-07-13 17:45:00+00:00,1.13883,1.13901,1.13864,1.13873
2026-07-13 18:00:00+00:00,1.13871,1.13893,1.1385,1.13873
2026-07-13 18:15:00+00:00,1.13869,1.1388,1.13858,1.13877
2026-07-13 18:30:00+00:00,1.13875,1.13893,1.1386,1.1388
2026-07-13 18:45:00+00:00,1.13884,1.13884,1.13863,1.13872
2026-07-13 19:00:00+00:00,1.1387,1.13882,1.1382,1.13833
2026-07-13 19:15:00+00:00,1.13831,1.13849,1.1382,1.13838
2026-07-13 19:30:00+00:00,1.13841,1.13848,1.13824,1.13835
2026-07-13 19:45:00+00:00,1.13836,1.1384,1.13825,1.13832
2026-07-13 20:00:00+00:00,1.13829,1.13848,1.13801,1.13804
2026-07-13 20:15:00+00:00,1.13805,1.13806,1.1378,1.13798
2026-07-13 20:30:00+00:00,1.13797,1.13804,1.13785,1.13802
2026-07-13 20:45:00+00:00,1.13799,1.1381,1.1379,1.13805
2026-07-13 21:00:00+00:00,1.13803,1.13863,1.13803,1.13839
2026-07-13 21:15:00+00:00,1.13836,1.13856,1.13827,1.13855
2026-07-13 21:30:00+00:00,1.13852,1.13882,1.13836,1.13845
2026-07-13 21:45:00+00:00,1.13852,1.13867,1.13842,1.13843
2026-07-13 22:00:00+00:00,1.13843,1.1386,1.13815,1.13832
2026-07-13 22:15:00+00:00,1.1383,1.13844,1.13825,1.13841
2026-07-13 22:30:00+00:00,1.1384,1.13856,1.1383,1.13851
2026-07-13 22:45:00+00:00,1.13843,1.13854,1.13811,1.13818
2026-07-13 23:00:00+00:00,1.13817,1.13835,1.13807,1.13824
2026-07-13 23:15:00+00:00,1.13821,1.13826,1.13801,1.1381
2026-07-13 23:30:00+00:00,1.13814,1.13835,1.13804,1.13828
2026-07-13 23:45:00+00:00,1.13831,1.13837,1.13817,1.13833
2026-07-14 00:00:00+00:00,1.13827,1.1386,1.13815,1.13848
2026-07-14 00:15:00+00:00,1.1385,1.1386,1.13784,1.13802
2026-07-14 00:30:00+00:00,1.13801,1.13858,1.13801,1.13848
2026-07-14 00:45:00+00:00,1.13851,1.13894,1.13849,1.13866
2026-07-14 01:00:00+00:00,1.1387,1.13878,1.13847,1.13872
2026-07-14 01:15:00+00:00,1.1387,1.13899,1.13854,1.13858
2026-07-14 01:30:00+00:00,1.13863,1.13886,1.13854,1.13883
2026-07-14 01:45:00+00:00,1.13882,1.13907,1.13868,1.13905
2026-07-14 02:00:00+00:00,1.13901,1.13916,1.13891,1.13905
2026-07-14 02:15:00+00:00,1.13903,1.13941,1.13903,1.13938
2026-07-14 02:30:00+00:00,1.13934,1.13946,1.13925,1.1393
2026-07-14 02:45:00+00:00,1.13938,1.1394,1.13909,1.13913
2026-07-14 03:00:00+00:00,1.13914,1.13924,1.13881,1.13924
2026-07-14 03:15:00+00:00,1.13923,1.1393,1.13889,1.13928
2026-07-14 03:30:00+00:00,1.13924,1.13963,1.13924,1.1394
2026-07-14 03:45:00+00:00,1.13943,1.13953,1.13934,1.13935
2026-07-14 04:00:00+00:00,1.13938,1.13945,1.13908,1.13927
2026-07-14 04:15:00+00:00,1.13918,1.13946,1.13918,1.13943
2026-07-14 04:30:00+00:00,1.1394,1.13942,1.1392,1.13922
2026-07-14 04:45:00+00:00,1.13924,1.13927,1.13874,1.13905
2026-07-14 05:00:00+00:00,1.13909,1.13934,1.13907,1.13932
2026-07-14 05:15:00+00:00,1.1393,1.13947,1.13926,1.13943
2026-07-14 05:30:00+00:00,1.1394,1.13964,1.13925,1.13941
2026-07-14 05:45:00+00:00,1.13938,1.13943,1.13912,1.13914
2026-07-14 06:00:00+00:00,1.13919,1.13924,1.13881,1.13886
2026-07-14 06:15:00+00:00,1.13893,1.13893,1.13861,1.13876
2026-07-14 06:30:00+00:00,1.13874,1.13941,1.13863,1.13902
2026-07-14 06:45:00+00:00,1.13899,1.13899,1.13844,1.13877
2026-07-14 07:00:00+00:00,1.13876,1.13897,1.13846,1.13872
2026-07-14 07:15:00+00:00,1.13875,1.1394,1.13865,1.13938
2026-07-14 07:30:00+00:00,1.13932,1.13948,1.13894,1.13907
2026-07-14 07:45:00+00:00,1.13904,1.13983,1.13899,1.13956
2026-07-14 08:00:00+00:00,1.13952,1.13983,1.13938,1.13981
2026-07-14 08:15:00+00:00,1.13978,1.14001,1.1396,1.14
2026-07-14 08:30:00+00:00,1.13995,1.14059,1.13983,1.14057
2026-07-14 08:45:00+00:00,1.14049,1.14063,1.13994,1.14003
2026-07-14 09:00:00+00:00,1.14002,1.14039,1.13992,1.14019
2026-07-14 09:15:00+00:00,1.14027,1.1404,1.1398,1.13992
2026-07-14 09:30:00+00:00,1.13989,1.13992,1.13958,1.1396
2026-07-14 09:45:00+00:00,1.13962,1.14028,1.13954,1.14014
2026-07-14 10:00:00+00:00,1.14013,1.14017,1.13972,1.13973
2026-07-14 10:15:00+00:00,1.13976,1.13994,1.13943,1.13948
2026-07-14 10:30:00+00:00,1.13947,1.13972,1.13934,1.13943
2026-07-14 10:45:00+00:00,1.13939,1.13956,1.13913,1.13918
2026-07-14 11:00:00+00:00,1.13921,1.13948,1.13903,1.13945
2026-07-14 11:15:00+00:00,1.1394,1.13969,1.13928,1.1396
2026-07-14 11:30:00+00:00,1.13959,1.14014,1.13955,1.14012
2026-07-14 11:45:00+00:00,1.1401,1.14094,1.13993,1.14065
2026-07-14 12:00:00+00:00,1.14068,1.14075,1.14045,1.1407
2026-07-14 12:15:00+00:00,1.14068,1.14152,1.14045,1.1415
2026-07-14 12:30:00+00:00,1.14147,1.1462,1.14147,1.14579
2026-07-14 12:45:00+00:00,1.14562,1.14582,1.14424,1.14427
2026-07-14 13:00:00+00:00,1.14429,1.14549,1.14429,1.1444
2026-07-14 13:15:00+00:00,1.14449,1.14524,1.14427,1.14523
2026-07-14 13:30:00+00:00,1.14519,1.14531,1.14478,1.14508
2026-07-14 13:45:00+00:00,1.14501,1.14544,1.14483,1.14524
2026-07-14 14:00:00+00:00,1.1453,1.1458,1.14512,1.14574
2026-07-14 14:15:00+00:00,1.14572,1.14582,1.14451,1.14455
2026-07-14 14:30:00+00:00,1.14457,1.14562,1.14419,1.14461
2026-07-14 14:45:00+00:00,1.14464,1.14496,1.14414,1.14463
2026-07-14 15:00:00+00:00,1.14459,1.14515,1.14431,1.14495
2026-07-14 15:15:00+00:00,1.14494,1.14497,1.14416,1.14417
2026-07-14 15:30:00+00:00,1.14421,1.14437,1.14316,1.1434
2026-07-14 15:45:00+00:00,1.14337,1.14373,1.14266,1.14272
2026-07-14 16:00:00+00:00,1.14283,1.1429,1.14247,1.14289
2026-07-14 16:15:00+00:00,1.14287,1.14306,1.14274,1.14301
2026-07-14 16:30:00+00:00,1.14301,1.14347,1.14299,1.14327
2026-07-14 16:45:00+00:00,1.14331,1.14333,1.14299,1.14326
2026-07-14 17:00:00+00:00,1.14323,1.14333,1.14243,1.14247
2026-07-14 17:15:00+00:00,1.14254,1.14263,1.14201,1.14255
2026-07-14 17:30:00+00:00,1.14259,1.14266,1.14239,1.14249
2026-07-14 17:45:00+00:00,1.14251,1.14285,1.14231,1.14236
2026-07-14 18:00:00+00:00,1.14245,1.14255,1.14232,1.14243
2026-07-14 18:15:00+00:00,1.14241,1.14265,1.14209,1.14216
2026-07-14 18:30:00+00:00,1.14219,1.14232,1.14169,1.1417
2026-07-14 18:45:00+00:00,1.14174,1.14236,1.14174,1.14231
2026-07-14 19:00:00+00:00,1.14217,1.1426,1.14217,1.14258
2026-07-14 19:15:00+00:00,1.14252,1.14264,1.14233,1.14239
2026-07-14 19:30:00+00:00,1.14243,1.14252,1.14218,1.14224
2026-07-14 19:45:00+00:00,1.14226,1.14243,1.14211,1.14222
2026-07-14 20:00:00+00:00,1.14221,1.14227,1.14184,1.14217
2026-07-14 20:15:00+00:00,1.14222,1.14222,1.14192,1.14194
2026-07-14 20:30:00+00:00,1.14197,1.1422,1.14192,1.14209
2026-07-14 20:45:00+00:00,1.14214,1.14218,1.14197,1.14211
2026-07-14 21:00:00+00:00,1.14212,1.14257,1.14203,1.14233
2026-07-14 21:15:00+00:00,1.14223,1.14239,1.14217,1.14231
2026-07-14 21:30:00+00:00,1.14227,1.14237,1.14208,1.14218
2026-07-14 21:45:00+00:00,1.14215,1.14222,1.14194,1.14199
2026-07-14 22:00:00+00:00,1.14198,1.14227,1.14177,1.14189
2026-07-14 22:15:00+00:00,1.14186,1.14211,1.14183,1.14203
2026-07-14 22:30:00+00:00,1.14201,1.1422,1.14201,1.14215
2026-07-14 22:45:00+00:00,1.14212,1.14215,1.14191,1.14209
2026-07-14 23:00:00+00:00,1.14204,1.14225,1.14196,1.14223
2026-07-14 23:15:00+00:00,1.1422,1.14232,1.14205,1.1422
2026-07-14 23:30:00+00:00,1.14221,1.14246,1.14217,1.14239
2026-07-14 23:45:00+00:00,1.14241,1.14254,1.14233,1.14242
2026-07-15 00:00:00+00:00,1.14241,1.14274,1.14241,1.1427
2026-07-15 00:15:00+00:00,1.14267,1.14304,1.14256,1.14301
2026-07-15 00:30:00+00:00,1.14299,1.14302,1.14266,1.14267
2026-07-15 00:45:00+00:00,1.1427,1.14345,1.14267,1.14344
2026-07-15 01:00:00+00:00,1.14341,1.14356,1.14326,1.14354
2026-07-15 01:15:00+00:00,1.14348,1.14376,1.14348,1.14361
2026-07-15 01:30:00+00:00,1.14368,1.14369,1.14334,1.14337
2026-07-15 01:45:00+00:00,1.14343,1.14361,1.1433,1.14356
2026-07-15 02:00:00+00:00,1.14349,1.14394,1.14343,1.14373
2026-07-15 02:15:00+00:00,1.14379,1.14379,1.14333,1.14356
2026-07-15 02:30:00+00:00,1.14354,1.14419,1.14348,1.14415
2026-07-15 02:45:00+00:00,1.14408,1.14423,1.14397,1.14418
2026-07-15 03:00:00+00:00,1.14418,1.14425,1.14382,1.14384
2026-07-15 03:15:00+00:00,1.14387,1.14387,1.14337,1.14351
2026-07-15 03:30:00+00:00,1.14347,1.14374,1.14347,1.14349
2026-07-15 03:45:00+00:00,1.14351,1.14388,1.14343,1.14381
2026-07-15 04:00:00+00:00,1.14381,1.14394,1.14369,1.14372
2026-07-15 04:15:00+00:00,1.14376,1.14405,1.14371,1.14403
2026-07-15 04:30:00+00:00,1.144,1.1441,1.14379,1.14382
2026-07-15 04:45:00+00:00,1.14384,1.14405,1.14368,1.14369
2026-07-15 05:00:00+00:00,1.14373,1.14379,1.14356,1.14369
2026-07-15 05:15:00+00:00,1.14363,1.14389,1.14363,1.14383
2026-07-15 05:30:00+00:00,1.14381,1.14407,1.14372,1.14405
2026-07-15 05:45:00+00:00,1.144,1.14436,1.144,1.14413
2026-07-15 06:00:00+00:00,1.14419,1.1443,1.14396,1.14406
2026-07-15 06:15:00+00:00,1.14405,1.14437,1.14399,1.14431
2026-07-15 06:30:00+00:00,1.14429,1.14429,1.14381,1.14391
2026-07-15 06:45:00+00:00,1.1439,1.1439,1.14294,1.14301
2026-07-15 07:00:00+00:00,1.14313,1.14315,1.14265,1.14311
2026-07-15 07:15:00+00:00,1.1431,1.1431,1.14203,1.14218
2026-07-15 07:30:00+00:00,1.14214,1.14247,1.14211,1.14232
2026-07-15 07:45:00+00:00,1.14229,1.14252,1.1422,1.14231
2026-07-15 08:00:00+00:00,1.14237,1.14275,1.14222,1.14234
2026-07-15 08:15:00+00:00,1.14233,1.14256,1.14228,1.14249
2026-07-15 08:30:00+00:00,1.14244,1.1427,1.14241,1.14255
2026-07-15 08:45:00+00:00,1.14253,1.14256,1.14215,1.14243
2026-07-15 09:00:00+00:00,1.1424,1.14264,1.14217,1.14262
2026-07-15 09:15:00+00:00,1.14259,1.14262,1.14226,1.1423
2026-07-15 09:30:00+00:00,1.14235,1.14235,1.14181,1.14214
2026-07-15 09:45:00+00:00,1.14212,1.14224,1.14167,1.14181
2026-07-15 10:00:00+00:00,1.1418,1.14183,1.14134,1.14157
2026-07-15 10:15:00+00:00,1.14155,1.14177,1.14127,1.14133
2026-07-15 10:30:00+00:00,1.14131,1.14146,1.14112,1.1412
2026-07-15 10:45:00+00:00,1.14113,1.14149,1.14109,1.14137
2026-07-15 11:00:00+00:00,1.14131,1.14192,1.14131,1.14178
2026-07-15 11:15:00+00:00,1.14181,1.14188,1.14153,1.14156
2026-07-15 11:30:00+00:00,1.1416,1.14195,1.14151,1.1417
2026-07-15 11:45:00+00:00,1.1417,1.1417,1.14104,1.14123
2026-07-15 12:00:00+00:00,1.14122,1.14146,1.14068,1.14093
2026-07-15 12:15:00+00:00,1.14084,1.14144,1.14081,1.14139
2026-07-15 12:30:00+00:00,1.14132,1.14246,1.14132,1.14244
2026-07-15 12:45:00+00:00,1.14237,1.14297,1.14237,1.14295
2026-07-15 13:00:00+00:00,1.14288,1.14346,1.14279,1.14282
2026-07-15 13:15:00+00:00,1.14287,1.14335,1.14243,1.14254
2026-07-15 13:30:00+00:00,1.14249,1.14279,1.14243,1.14272
2026-07-15 13:45:00+00:00,1.1427,1.14343,1.14253,1.14341
2026-07-15 14:00:00+00:00,1.14335,1.14359,1.14303,1.14315
2026-07-15 14:15:00+00:00,1.14323,1.14356,1.14306,1.14308
2026-07-15 14:30:00+00:00,1.14313,1.14385,1.14313,1.14383
2026-07-15 14:45:00+00:00,1.14376,1.14411,1.14342,1.1437
2026-07-15 15:00:00+00:00,1.14367,1.14415,1.14349,1.14394
2026-07-15 15:15:00+00:00,1.14403,1.14403,1.14335,1.14393
2026-07-15 15:30:00+00:00,1.14389,1.14398,1.14319,1.14353
2026-07-15 15:45:00+00:00,1.14351,1.14375,1.14324,1.1436
2026-07-15 16:00:00+00:00,1.14357,1.14362,1.14308,1.14356
2026-07-15 16:15:00+00:00,1.14354,1.14402,1.14343,1.14399
2026-07-15 16:30:00+00:00,1.14394,1.14404,1.14347,1.14352
2026-07-15 16:45:00+00:00,1.1436,1.14416,1.14341,1.14413
2026-07-15 17:00:00+00:00,1.144,1.14503,1.14397,1.1449
2026-07-15 17:15:00+00:00,1.14495,1.1456,1.14487,1.14558
2026-07-15 17:30:00+00:00,1.14554,1.1471,1.1455,1.14709
2026-07-15 17:45:00+00:00,1.14705,1.14749,1.14674,1.14747
2026-07-15 18:00:00+00:00,1.14744,1.14774,1.14725,1.14732
2026-07-15 18:15:00+00:00,1.14743,1.14785,1.14724,1.14782
2026-07-15 18:30:00+00:00,1.14777,1.14818,1.14738,1.14744
2026-07-15 18:45:00+00:00,1.14755,1.14755,1.14671,1.14675
2026-07-15 19:00:00+00:00,1.14681,1.14739,1.14652,1.14735
2026-07-15 19:15:00+00:00,1.14732,1.14746,1.14704,1.14734
2026-07-15 19:30:00+00:00,1.14736,1.14746,1.14629,1.14631
2026-07-15 19:45:00+00:00,1.14635,1.14649,1.14618,1.14641
2026-07-15 20:00:00+00:00,1.14639,1.14646,1.14614,1.14624
2026-07-15 20:15:00+00:00,1.14622,1.14644,1.14616,1.14629
2026-07-15 20:30:00+00:00,1.14631,1.14641,1.14612,1.14624
2026-07-15 20:45:00+00:00,1.1463,1.14644,1.14624,1.14633
2026-07-15 21:00:00+00:00,1.14634,1.14676,1.14618,1.14652
2026-07-15 21:15:00+00:00,1.1465,1.14671,1.14625,1.14639
2026-07-15 21:30:00+00:00,1.14651,1.14668,1.1463,1.14646
2026-07-15 21:45:00+00:00,1.1466,1.14665,1.14629,1.1464
2026-07-15 22:00:00+00:00,1.14652,1.14689,1.14642,1.1467
2026-07-15 22:15:00+00:00,1.14668,1.14678,1.14654,1.14672
2026-07-15 22:30:00+00:00,1.1467,1.14682,1.14664,1.14674
2026-07-15 22:45:00+00:00,1.14671,1.14674,1.14659,1.14664
2026-07-15 23:00:00+00:00,1.14665,1.14684,1.14665,1.14683
2026-07-15 23:15:00+00:00,1.14678,1.14701,1.14678,1.14698
2026-07-15 23:30:00+00:00,1.14697,1.14709,1.14685,1.14691
2026-07-15 23:45:00+00:00,1.14698,1.14714,1.14693,1.14706
2026-07-16 00:00:00+00:00,1.14704,1.14741,1.14696,1.14741
2026-07-16 00:15:00+00:00,1.14737,1.14746,1.147,1.14727
2026-07-16 00:30:00+00:00,1.14726,1.14726,1.14684,1.14701
2026-07-16 00:45:00+00:00,1.14702,1.14747,1.14672,1.14743
2026-07-16 01:00:00+00:00,1.14738,1.14745,1.14709,1.14723
2026-07-16 01:15:00+00:00,1.14719,1.14737,1.14688,1.14708
2026-07-16 01:30:00+00:00,1.14714,1.14714,1.14657,1.14668
2026-07-16 01:45:00+00:00,1.14669,1.14676,1.14647,1.14649
2026-07-16 02:00:00+00:00,1.14653,1.1466,1.14605,1.14608
2026-07-16 02:15:00+00:00,1.14612,1.14646,1.14605,1.14634
2026-07-16 02:30:00+00:00,1.14628,1.1465,1.14624,1.14634
2026-07-16 02:45:00+00:00,1.14631,1.14654,1.14616,1.14638
2026-07-16 03:00:00+00:00,1.14644,1.14674,1.14634,1.14653
2026-07-16 03:15:00+00:00,1.14656,1.14686,1.14654,1.14683
2026-07-16 03:30:00+00:00,1.1468,1.14694,1.14674,1.14678
2026-07-16 03:45:00+00:00,1.14677,1.1468,1.14655,1.14659
2026-07-16 04:00:00+00:00,1.14662,1.14668,1.14638,1.14654
2026-07-16 04:15:00+00:00,1.1465,1.14654,1.14632,1.1464
2026-07-16 04:30:00+00:00,1.14637,1.14673,1.14633,1.14671
2026-07-16 04:45:00+00:00,1.1467,1.14673,1.14651,1.14666
2026-07-16 05:00:00+00:00,1.14664,1.14676,1.14658,1.14673
2026-07-16 05:15:00+00:00,1.14672,1.14687,1.14664,1.14668
2026-07-16 05:30:00+00:00,1.14674,1.14689,1.14663,1.14673
2026-07-16 05:45:00+00:00,1.14672,1.14672,1.14622,1.14626
2026-07-16 06:00:00+00:00,1.14634,1.14692,1.14628,1.1468
2026-07-16 06:15:00+00:00,1.1468,1.14691,1.1466,1.1469
2026-07-16 06:30:00+00:00,1.14686,1.14692,1.14653,1.1466
2026-07-16 06:45:00+00:00,1.14658,1.147,1.14656,1.14692
2026-07-16 07:00:00+00:00,1.1469,1.14702,1.14674,1.14692
2026-07-16 07:15:00+00:00,1.14687,1.14724,1.14679,1.14692
2026-07-16 07:30:00+00:00,1.14698,1.14725,1.14674,1.1472
2026-07-16 07:45:00+00:00,1.14718,1.1477,1.14693,1.14695
2026-07-16 08:00:00+00:00,1.14699,1.14716,1.14642,1.14648
2026-07-16 08:15:00+00:00,1.14648,1.14664,1.14629,1.14663
2026-07-16 08:30:00+00:00,1.14661,1.14685,1.14651,1.14684
2026-07-16 08:45:00+00:00,1.1468,1.1468,1.14633,1.14656
2026-07-16 09:00:00+00:00,1.14651,1.1466,1.14632,1.14658
2026-07-16 09:15:00+00:00,1.14655,1.14666,1.14633,1.1465
2026-07-16 09:30:00+00:00,1.14648,1.14651,1.14604,1.14649
2026-07-16 09:45:00+00:00,1.14647,1.14679,1.14636,1.14661
2026-07-16 10:00:00+00:00,1.14665,1.14665,1.14644,1.14662
2026-07-16 10:15:00+00:00,1.1466,1.14683,1.14653,1.14656
2026-07-16 10:30:00+00:00,1.14659,1.14659,1.14626,1.14652
2026-07-16 10:45:00+00:00,1.1465,1.14662,1.14597,1.14605
2026-07-16 11:00:00+00:00,1.14618,1.14624,1.14597,1.14611
2026-07-16 11:15:00+00:00,1.14616,1.14637,1.14579,1.14598
2026-07-16 11:30:00+00:00,1.14603,1.14653,1.14596,1.1465
2026-07-16 11:45:00+00:00,1.1464,1.14687,1.14587,1.14686
2026-07-16 12:00:00+00:00,1.14681,1.14713,1.14641,1.14644
2026-07-16 12:15:00+00:00,1.14651,1.14653,1.14605,1.14642
2026-07-16 12:30:00+00:00,1.14638,1.14645,1.14527,1.14538
2026-07-16 12:45:00+00:00,1.14559,1.14565,1.14477,1.1448
2026-07-16 13:00:00+00:00,1.14483,1.14536,1.14453,1.14534
2026-07-16 13:15:00+00:00,1.14531,1.14582,1.14509,1.14578
2026-07-16 13:30:00+00:00,1.14572,1.1459,1.14549,1.14555
2026-07-16 13:45:00+00:00,1.14564,1.1457,1.14507,1.1451
2026-07-16 14:00:00+00:00,1.14515,1.14538,1.14458,1.14463
2026-07-16 14:15:00+00:00,1.14467,1.14522,1.14467,1.14508
2026-07-16 14:30:00+00:00,1.14511,1.14525,1.14432,1.14441
2026-07-16 14:45:00+00:00,1.14434,1.14466,1.14405,1.14438
2026-07-16 15:00:00+00:00,1.14436,1.14436,1.14373,1.14415
2026-07-16 15:15:00+00:00,1.14414,1.14436,1.14406,1.14417
2026-07-16 15:30:00+00:00,1.14414,1.14463,1.14404,1.14462
2026-07-16 15:45:00+00:00,1.14457,1.14498,1.14457,1.14467
2026-07-16 16:00:00+00:00,1.14467,1.14475,1.14413,1.14429
2026-07-16 16:15:00+00:00,1.14426,1.14432,1.14359,1.14375
2026-07-16 16:30:00+00:00,1.14372,1.14388,1.14351,1.14365
2026-07-16 16:45:00+00:00,1.14356,1.14384,1.14346,1.14361
2026-07-16 17:00:00+00:00,1.1436,1.1436,1.14313,1.14322
2026-07-16 17:15:00+00:00,1.14321,1.14357,1.14317,1.14353
2026-07-16 17:30:00+00:00,1.14348,1.14365,1.14329,1.14343
2026-07-16 17:45:00+00:00,1.14343,1.14384,1.14343,1.1437
2026-07-16 18:00:00+00:00,1.14373,1.14384,1.14352,1.14381
2026-07-16 18:15:00+00:00,1.14379,1.14395,1.14367,1.14376
2026-07-16 18:30:00+00:00,1.14374,1.14381,1.14359,1.14371
2026-07-16 18:45:00+00:00,1.14374,1.14387,1.14372,1.14384
2026-07-16 19:00:00+00:00,1.14381,1.14404,1.14379,1.14388
2026-07-16 19:15:00+00:00,1.14386,1.14386,1.14347,1.14357
2026-07-16 19:30:00+00:00,1.14354,1.14385,1.14353,1.14383
2026-07-16 19:45:00+00:00,1.14381,1.14418,1.14372,1.14405
2026-07-16 20:00:00+00:00,1.14409,1.14424,1.144,1.14407
2026-07-16 20:15:00+00:00,1.14414,1.14414,1.14386,1.14393
2026-07-16 20:30:00+00:00,1.14391,1.14442,1.14385,1.14429
2026-07-16 20:45:00+00:00,1.1443,1.14446,1.14428,1.14431
2026-07-16 21:00:00+00:00,1.14437,1.14438,1.14404,1.14428
2026-07-16 21:15:00+00:00,1.14415,1.14441,1.14409,1.14414
2026-07-16 21:30:00+00:00,1.14413,1.14437,1.14405,1.14415
2026-07-16 21:45:00+00:00,1.14421,1.14439,1.14399,1.14415
2026-07-16 22:00:00+00:00,1.14432,1.14456,1.14415,1.1445
2026-07-16 22:15:00+00:00,1.14448,1.14451,1.14433,1.14441
2026-07-16 22:30:00+00:00,1.1444,1.14444,1.14431,1.14434
2026-07-16 22:45:00+00:00,1.14435,1.14439,1.14422,1.14436
2026-07-16 23:00:00+00:00,1.14433,1.14444,1.14427,1.14435
2026-07-16 23:15:00+00:00,1.14428,1.14455,1.14428,1.14452
2026-07-16 23:30:00+00:00,1.1445,1.14465,1.14448,1.14457
2026-07-16 23:45:00+00:00,1.1446,1.14461,1.14437,1.14445
2026-07-17 00:00:00+00:00,1.14445,1.14464,1.14441,1.14448
2026-07-17 00:15:00+00:00,1.14445,1.14462,1.14424,1.14426
2026-07-17 00:30:00+00:00,1.1443,1.14436,1.14414,1.14419
2026-07-17 00:45:00+00:00,1.14421,1.14467,1.14416,1.14463
2026-07-17 01:00:00+00:00,1.14456,1.14484,1.1444,1.14446
2026-07-17 01:15:00+00:00,1.14444,1.1447,1.14439,1.14455
2026-07-17 01:30:00+00:00,1.14451,1.14451,1.14422,1.14436
2026-07-17 01:45:00+00:00,1.14433,1.1444,1.14376,1.1439
2026-07-17 02:00:00+00:00,1.14384,1.14415,1.14384,1.14413
2026-07-17 02:15:00+00:00,1.14411,1.14417,1.14392,1.144
2026-07-17 02:30:00+00:00,1.14397,1.14399,1.14369,1.14374
2026-07-17 02:45:00+00:00,1.14376,1.14396,1.14371,1.14372
2026-07-17 03:00:00+00:00,1.14374,1.14399,1.14367,1.14385
2026-07-17 03:15:00+00:00,1.14382,1.14406,1.14379,1.14394
2026-07-17 03:30:00+00:00,1.14391,1.14404,1.14362,1.14364
2026-07-17 03:45:00+00:00,1.14368,1.144,1.1436,1.14391
2026-07-17 04:00:00+00:00,1.14394,1.14396,1.14376,1.14384
2026-07-17 04:15:00+00:00,1.14383,1.14389,1.14362,1.14365
2026-07-17 04:30:00+00:00,1.14366,1.14386,1.14358,1.1437
2026-07-17 04:45:00+00:00,1.14369,1.14379,1.14348,1.14362
2026-07-17 05:00:00+00:00,1.14363,1.14375,1.14359,1.14373
2026-07-17 05:15:00+00:00,1.14369,1.14384,1.14359,1.14372
2026-07-17 05:30:00+00:00,1.14367,1.14437,1.14367,1.14424
2026-07-17 05:45:00+00:00,1.14431,1.14433,1.14394,1.14398
2026-07-17 06:00:00+00:00,1.14398,1.14456,1.14395,1.14451
2026-07-17 06:15:00+00:00,1.14442,1.14513,1.14442,1.14494
2026-07-17 06:30:00+00:00,1.14499,1.14514,1.14482,1.14513
2026-07-17 06:45:00+00:00,1.1451,1.1452,1.14486,1.14503
2026-07-17 07:00:00+00:00,1.1451,1.14522,1.14474,1.14476
2026-07-17 07:15:00+00:00,1.1448,1.14491,1.14449,1.14469
2026-07-17 07:30:00+00:00,1.14465,1.145,1.14448,1.14451
2026-07-17 07:45:00+00:00,1.14451,1.14494,1.14451,1.14458
2026-07-17 08:00:00+00:00,1.14462,1.14477,1.1441,1.14418
2026-07-17 08:15:00+00:00,1.14431,1.14431,1.14361,1.14394
2026-07-17 08:30:00+00:00,1.14394,1.14434,1.14394,1.14418
2026-07-17 08:45:00+00:00,1.14412,1.14432,1.14399,1.14421
2026-07-17 09:00:00+00:00,1.14417,1.14431,1.14377,1.14381
2026-07-17 09:15:00+00:00,1.14388,1.14423,1.14375,1.14422
2026-07-17 09:30:00+00:00,1.14419,1.14423,1.14367,1.14379
2026-07-17 09:45:00+00:00,1.14376,1.14406,1.14372,1.14404
2026-07-17 10:00:00+00:00,1.14402,1.14405,1.14358,1.1439
2026-07-17 10:15:00+00:00,1.14391,1.14413,1.14316,1.14328
2026-07-17 10:30:00+00:00,1.14326,1.14334,1.14316,1.14327
2026-07-17 10:45:00+00:00,1.1432,1.14335,1.14254,1.14271
2026-07-17 11:00:00+00:00,1.14273,1.14298,1.14256,1.14296
2026-07-17 11:15:00+00:00,1.14292,1.14309,1.14277,1.14306
2026-07-17 11:30:00+00:00,1.14303,1.1436,1.14303,1.14339
2026-07-17 11:45:00+00:00,1.14341,1.14348,1.14299,1.14315
2026-07-17 12:00:00+00:00,1.14315,1.14354,1.143,1.14319
2026-07-17 12:15:00+00:00,1.14325,1.14348,1.14316,1.14345
2026-07-17 12:30:00+00:00,1.14339,1.14347,1.14264,1.14283
2026-07-17 12:45:00+00:00,1.1428,1.14295,1.14257,1.14279
2026-07-17 13:00:00+00:00,1.14279,1.14315,1.14266,1.14314
2026-07-17 13:15:00+00:00,1.14313,1.14313,1.14239,1.1427
2026-07-17 13:30:00+00:00,1.14268,1.14323,1.14256,1.1432
2026-07-17 13:45:00+00:00,1.14318,1.14371,1.14309,1.14358
2026-07-17 14:00:00+00:00,1.14354,1.14374,1.14331,1.14372
2026-07-17 14:15:00+00:00,1.14372,1.14414,1.14356,1.14362
2026-07-17 14:30:00+00:00,1.14371,1.14424,1.14351,1.14422
2026-07-17 14:45:00+00:00,1.14416,1.1444,1.14384,1.14399
2026-07-17 15:00:00+00:00,1.14396,1.14432,1.14388,1.14394
2026-07-17 15:15:00+00:00,1.14401,1.14444,1.14391,1.14417
2026-07-17 15:30:00+00:00,1.14421,1.14428,1.14379,1.14381
2026-07-17 15:45:00+00:00,1.14384,1.14411,1.14371,1.14396
2026-07-17 16:00:00+00:00,1.14392,1.14422,1.14348,1.14401
2026-07-17 16:15:00+00:00,1.14399,1.14418,1.14382,1.14415
2026-07-17 16:30:00+00:00,1.14411,1.14417,1.14392,1.14402
2026-07-17 16:45:00+00:00,1.14401,1.14403,1.14373,1.14382
2026-07-17 17:00:00+00:00,1.14379,1.14389,1.14346,1.14348
2026-07-17 17:15:00+00:00,1.14351,1.14365,1.14338,1.14363
2026-07-17 17:30:00+00:00,1.1436,1.14366,1.14343,1.1435
2026-07-17 17:45:00+00:00,1.14349,1.14355,1.14341,1.14348
2026-07-17 18:00:00+00:00,1.14345,1.14361,1.14339,1.14349
2026-07-17 18:15:00+00:00,1.14351,1.14375,1.14348,1.14361
2026-07-17 18:30:00+00:00,1.14362,1.14376,1.14358,1.14359
2026-07-17 18:45:00+00:00,1.1436,1.1437,1.14347,1.1437
2026-07-17 19:00:00+00:00,1.14368,1.14371,1.14355,1.1436
2026-07-17 19:15:00+00:00,1.1436,1.14379,1.14346,1.14366
2026-07-17 19:30:00+00:00,1.14362,1.14393,1.14343,1.14388
2026-07-17 19:45:00+00:00,1.14382,1.14413,1.14376,1.14412
2026-07-17 20:00:00+00:00,1.14408,1.14427,1.14396,1.14408
2026-07-17 20:15:00+00:00,1.14404,1.14404,1.14362,1.14372
2026-07-17 20:30:00+00:00,1.14373,1.14389,1.14369,1.14379
2026-07-17 20:45:00+00:00,1.14375,1.14389,1.14368,1.14377
2026-07-17 21:00:00+00:00,1.14376,1.14402,1.14375,1.14395
2026-07-17 21:15:00+00:00,1.14393,1.14407,1.14382,1.14395
2026-07-17 21:30:00+00:00,1.14394,1.1441,1.14384,1.14389
2026-07-17 21:45:00+00:00,1.14391,1.1441,1.14386,1.14391
2026-07-17 22:00:00+00:00,1.14387,1.14411,1.14376,1.14406
2026-07-17 22:15:00+00:00,1.14403,1.14414,1.14381,1.14408
2026-07-17 22:30:00+00:00,1.14404,1.1442,1.14379,1.14384
2026-07-17 22:45:00+00:00,1.14385,1.14413,1.14384,1.14386
2026-07-17 23:00:00+00:00,1.14386,1.14411,1.14384,1.14403
2026-07-17 23:15:00+00:00,1.14386,1.14413,1.14384,1.14397
2026-07-17 23:30:00+00:00,1.14386,1.14413,1.14382,1.14383
2026-07-17 23:45:00+00:00,1.14384,1.14413,1.14382,1.14384
2026-07-18 00:00:00+00:00,1.14384,1.1441,1.14377,1.14384
2026-07-18 00:15:00+00:00,1.14379,1.14397,1.14376,1.14384
2026-07-18 00:30:00+00:00,1.14378,1.14388,1.14376,1.14376
2026-07-18 00:45:00+00:00,1.14376,1.14393,1.14373,1.14378
2026-07-18 01:00:00+00:00,1.14378,1.14388,1.14376,1.14385
2026-07-18 01:15:00+00:00,1.14376,1.14397,1.14375,1.14384
2026-07-18 01:30:00+00:00,1.14378,1.1441,1.14373,1.14379
2026-07-18 01:45:00+00:00,1.1438,1.14388,1.14375,1.14376
2026-07-18 02:00:00+00:00,1.14377,1.1441,1.14367,1.14379
2026-07-18 02:15:00+00:00,1.14377,1.14388,1.14374,1.14379
2026-07-18 02:30:00+00:00,1.14377,1.14409,1.14376,1.14376
2026-07-18 02:45:00+00:00,1.14376,1.14415,1.14375,1.14379
2026-07-18 03:00:00+00:00,1.1438,1.14388,1.14374,1.14379
2026-07-18 03:15:00+00:00,1.14377,1.14411,1.14368,1.14382
2026-07-18 03:30:00+00:00,1.1438,1.14386,1.14375,1.14384
2026-07-18 03:45:00+00:00,1.14379,1.14409,1.14376,1.14377
2026-07-18 04:00:00+00:00,1.14378,1.14399,1.14374,1.14384
2026-07-18 04:15:00+00:00,1.1438,1.14386,1.14377,1.14384
2026-07-18 04:30:00+00:00,1.14379,1.14414,1.14379,1.14384
2026-07-18 04:45:00+00:00,1.14381,1.14386,1.14377,1.1438
2026-07-18 05:00:00+00:00,1.14381,1.14414,1.14367,1.1438
2026-07-18 05:15:00+00:00,1.1438,1.14389,1.14378,1.14384
2026-07-18 05:30:00+00:00,1.14381,1.14393,1.14379,1.14384
2026-07-18 05:45:00+00:00,1.14381,1.14392,1.14379,1.1438
2026-07-18 06:00:00+00:00,1.14381,1.14386,1.14378,1.14379
2026-07-18 06:15:00+00:00,1.1438,1.14392,1.14377,1.14384
2026-07-18 06:30:00+00:00,1.1438,1.1439,1.14377,1.1438
2026-07-18 06:45:00+00:00,1.14381,1.14386,1.14377,1.14379
2026-07-18 07:00:00+00:00,1.1438,1.14388,1.14378,1.1438
2026-07-18 07:15:00+00:00,1.1438,1.14386,1.14377,1.14384
2026-07-18 07:30:00+00:00,1.1438,1.14389,1.14376,1.14384
2026-07-18 07:45:00+00:00,1.1438,1.14393,1.14376,1.1438
2026-07-18 08:00:00+00:00,1.14381,1.14386,1.14376,1.14377
2026-07-18 08:15:00+00:00,1.14377,1.14411,1.14376,1.14384
2026-07-18 08:30:00+00:00,1.14378,1.14386,1.14376,1.14384
2026-07-18 08:45:00+00:00,1.14377,1.14405,1.14376,1.14383
2026-07-18 09:00:00+00:00,1.14378,1.14414,1.14374,1.14379
2026-07-18 09:15:00+00:00,1.1438,1.14386,1.14376,1.14384
2026-07-18 09:30:00+00:00,1.14378,1.14401,1.14376,1.14384
2026-07-18 09:45:00+00:00,1.14377,1.14389,1.14376,1.14384
2026-07-18 10:00:00+00:00,1.14378,1.14394,1.14376,1.14376
2026-07-18 10:15:00+00:00,1.14377,1.14401,1.14375,1.1438
2026-07-18 10:30:00+00:00,1.1438,1.14386,1.14376,1.14384
2026-07-18 10:45:00+00:00,1.14377,1.14414,1.14375,1.14384
2026-07-18 11:00:00+00:00,1.14378,1.14386,1.14376,1.14376
2026-07-18 11:15:00+00:00,1.14377,1.14398,1.14376,1.14383
2026-07-18 11:30:00+00:00,1.14378,1.14415,1.14375,1.14381
2026-07-18 11:45:00+00:00,1.14379,1.14382,1.14374,1.14378
2026-07-18 12:00:00+00:00,1.14376,1.14416,1.14374,1.14376
2026-07-18 12:15:00+00:00,1.14376,1.14381,1.14374,1.14376
2026-07-18 12:30:00+00:00,1.14376,1.14416,1.14375,1.14378
2026-07-18 12:45:00+00:00,1.14376,1.14416,1.14371,1.14383
2026-07-18 13:00:00+00:00,1.14381,1.14382,1.14374,1.14376
2026-07-18 13:15:00+00:00,1.14376,1.14416,1.14374,1.14377
2026-07-18 13:30:00+00:00,1.14377,1.14381,1.14374,1.14378
2026-07-18 13:45:00+00:00,1.14376,1.14416,1.14374,1.14378
2026-07-18 14:00:00+00:00,1.14376,1.14381,1.14374,1.14376
2026-07-18 14:15:00+00:00,1.14376,1.14381,1.14374,1.14375
2026-07-18 14:30:00+00:00,1.14376,1.14416,1.1437,1.14381
2026-07-18 14:45:00+00:00,1.1438,1.14385,1.14378,1.14382
2026-07-18 15:00:00+00:00,1.1438,1.14415,1.14377,1.14385
2026-07-18 15:15:00+00:00,1.14383,1.14393,1.14381,1.14389
2026-07-18 15:30:00+00:00,1.14386,1.14391,1.14384,1.14388
2026-07-18 15:45:00+00:00,1.14386,1.14409,1.14384,1.14392
2026-07-18 16:00:00+00:00,1.14389,1.14399,1.14381,1.14395
2026-07-18 16:15:00+00:00,1.14394,1.14407,1.14392,1.14404
2026-07-18 16:30:00+00:00,1.14401,1.14414,1.14376,1.14402
2026-07-18 16:45:00+00:00,1.14393,1.14398,1.14384,1.14386
2026-07-18 17:00:00+00:00,1.14387,1.14413,1.14371,1.14387
2026-07-18 17:15:00+00:00,1.14385,1.14385,1.14375,1.14376
2026-07-18 17:30:00+00:00,1.14376,1.14416,1.14375,1.1438
2026-07-18 17:45:00+00:00,1.1438,1.14415,1.14378,1.14403
2026-07-18 18:00:00+00:00,1.14379,1.1439,1.14379,1.14386
2026-07-18 18:15:00+00:00,1.14384,1.14413,1.14379,1.14379
2026-07-18 18:30:00+00:00,1.1438,1.14382,1.14374,1.14376
2026-07-18 18:45:00+00:00,1.14376,1.14416,1.14374,1.14378
2026-07-18 19:00:00+00:00,1.14376,1.14416,1.14374,1.14403
2026-07-18 19:15:00+00:00,1.14375,1.14383,1.14374,1.14376
2026-07-18 19:30:00+00:00,1.14376,1.14416,1.14374,1.14377
2026-07-18 19:45:00+00:00,1.14377,1.14403,1.14374,1.14379
2026-07-18 20:00:00+00:00,1.14377,1.14399,1.14368,1.14384
2026-07-18 20:15:00+00:00,1.14381,1.14399,1.14378,1.14392
2026-07-18 20:30:00+00:00,1.1438,1.14395,1.14379,1.14393
2026-07-18 20:45:00+00:00,1.1439,1.14406,1.14377,1.14387
2026-07-18 21:00:00+00:00,1.14385,1.1439,1.14383,1.14387
2026-07-18 21:15:00+00:00,1.14385,1.14411,1.14383,1.14389
2026-07-18 21:30:00+00:00,1.14388,1.14406,1.14381,1.14383
2026-07-18 21:45:00+00:00,1.14388,1.14407,1.14388,1.14392
2026-07-18 22:00:00+00:00,1.1439,1.14411,1.14382,1.1439
2026-07-18 22:15:00+00:00,1.14388,1.14393,1.14386,1.14389
2026-07-18 22:30:00+00:00,1.14388,1.1441,1.14384,1.1439
2026-07-18 22:45:00+00:00,1.14391,1.1441,1.14389,1.14391
2026-07-18 23:00:00+00:00,1.14391,1.1441,1.14391,1.14396
2026-07-18 23:15:00+00:00,1.14393,1.14407,1.14392,1.14397
2026-07-18 23:30:00+00:00,1.14395,1.14401,1.14394,1.14395
2026-07-18 23:45:00+00:00,1.14395,1.14407,1.14394,1.14397
2026-07-19 00:00:00+00:00,1.14397,1.14406,1.14395,1.14404
2026-07-19 00:15:00+00:00,1.14397,1.14406,1.14396,1.144
2026-07-19 00:30:00+00:00,1.14398,1.1441,1.14386,1.14387
2026-07-19 00:45:00+00:00,1.14388,1.14393,1.14386,1.14387
2026-07-19 01:00:00+00:00,1.14388,1.14411,1.14387,1.14394
2026-07-19 01:15:00+00:00,1.14393,1.14393,1.14379,1.14383
2026-07-19 01:30:00+00:00,1.1438,1.14415,1.14376,1.14381
2026-07-19 01:45:00+00:00,1.14381,1.14414,1.14375,1.14382
2026-07-19 02:00:00+00:00,1.14383,1.14385,1.14377,1.14379
2026-07-19 02:15:00+00:00,1.14378,1.14415,1.14376,1.14383
2026-07-19 02:30:00+00:00,1.1438,1.14388,1.14375,1.14378
2026-07-19 02:45:00+00:00,1.14376,1.14415,1.14375,1.14375
2026-07-19 03:00:00+00:00,1.14376,1.14414,1.1437,1.14383
2026-07-19 03:15:00+00:00,1.14382,1.14385,1.14377,1.14381
2026-07-19 03:30:00+00:00,1.14378,1.14414,1.14377,1.14384
2026-07-19 03:45:00+00:00,1.14383,1.14388,1.14382,1.14382
2026-07-19 04:00:00+00:00,1.14383,1.14414,1.14379,1.14389
2026-07-19 04:15:00+00:00,1.14387,1.14411,1.14386,1.14395
2026-07-19 04:30:00+00:00,1.14392,1.14397,1.14391,1.14394
2026-07-19 04:45:00+00:00,1.14392,1.14409,1.14391,1.14394
2026-07-19 05:00:00+00:00,1.14395,1.144,1.14393,1.14395
2026-07-19 05:15:00+00:00,1.14395,1.14407,1.14394,1.14399
2026-07-19 05:30:00+00:00,1.14396,1.14406,1.14395,1.14399
2026-07-19 05:45:00+00:00,1.14398,1.14403,1.14396,1.14397
2026-07-19 06:00:00+00:00,1.14398,1.14411,1.14377,1.14392
2026-07-19 06:15:00+00:00,1.14393,1.14398,1.14391,1.14395
2026-07-19 06:30:00+00:00,1.14393,1.14407,1.14392,1.14397
2026-07-19 06:45:00+00:00,1.14395,1.14407,1.14393,1.14396
2026-07-19 07:00:00+00:00,1.14396,1.14402,1.14395,1.14396
2026-07-19 07:15:00+00:00,1.14396,1.14406,1.14395,1.144
2026-07-19 07:30:00+00:00,1.14398,1.14403,1.14396,1.144
2026-07-19 07:45:00+00:00,1.14398,1.14406,1.14396,1.14397
2026-07-19 08:00:00+00:00,1.14397,1.14406,1.14395,1.14398
2026-07-19 08:15:00+00:00,1.14398,1.14403,1.14397,1.144
2026-07-19 08:30:00+00:00,1.14398,1.14406,1.14397,1.14402
2026-07-19 08:45:00+00:00,1.14399,1.14405,1.14398,1.14401
2026-07-19 09:00:00+00:00,1.14399,1.14405,1.14399,1.14399
2026-07-19 09:15:00+00:00,1.144,1.14405,1.14399,1.14403
2026-07-19 09:30:00+00:00,1.14401,1.14406,1.14399,1.14403
2026-07-19 09:45:00+00:00,1.14401,1.14406,1.14399,1.14402
2026-07-19 10:00:00+00:00,1.14401,1.14406,1.144,1.14401
2026-07-19 10:15:00+00:00,1.14401,1.14406,1.144,1.14404
2026-07-19 10:30:00+00:00,1.14401,1.14406,1.144,1.14404
2026-07-19 10:45:00+00:00,1.14401,1.14407,1.14388,1.14394
2026-07-19 11:00:00+00:00,1.14392,1.14393,1.14384,1.14386
2026-07-19 11:15:00+00:00,1.14386,1.14392,1.14385,1.14386
2026-07-19 11:30:00+00:00,1.14386,1.14391,1.14371,1.14378
2026-07-19 11:45:00+00:00,1.14376,1.14381,1.14374,1.14377
2026-07-19 12:00:00+00:00,1.14376,1.14381,1.14374,1.14375
2026-07-19 12:15:00+00:00,1.14376,1.14381,1.14374,1.14375
2026-07-19 12:30:00+00:00,1.14376,1.14381,1.14374,1.14378
2026-07-19 12:45:00+00:00,1.14376,1.14389,1.14374,1.14379
2026-07-19 13:00:00+00:00,1.14377,1.14382,1.14375,1.14377
2026-07-19 13:15:00+00:00,1.14377,1.14388,1.14364,1.14368
2026-07-19 13:30:00+00:00,1.14368,1.14392,1.14367,1.14376
2026-07-19 13:45:00+00:00,1.14374,1.14379,1.14372,1.14376
2026-07-19 14:00:00+00:00,1.14374,1.14389,1.14373,1.1438
2026-07-19 14:15:00+00:00,1.1438,1.14385,1.14377,1.14377
2026-07-19 14:30:00+00:00,1.14378,1.14383,1.14376,1.1438
2026-07-19 14:45:00+00:00,1.14378,1.14393,1.14372,1.1439
2026-07-19 15:00:00+00:00,1.14388,1.14393,1.14372,1.14381
2026-07-19 15:15:00+00:00,1.1438,1.14388,1.14378,1.14383
2026-07-19 15:30:00+00:00,1.14383,1.14389,1.14382,1.14385
2026-07-19 15:45:00+00:00,1.14383,1.14388,1.14382,1.14386
2026-07-19 16:00:00+00:00,1.14383,1.14389,1.1438,1.14383
2026-07-19 16:15:00+00:00,1.14382,1.14387,1.1438,1.14381
2026-07-19 16:30:00+00:00,1.14382,1.14387,1.14368,1.14375
2026-07-19 16:45:00+00:00,1.14372,1.14385,1.14372,1.14383
2026-07-19 17:00:00+00:00,1.1438,1.14428,1.14359,1.1442
2026-07-19 17:15:00+00:00,1.14418,1.14421,1.14369,1.14396
2026-07-19 17:30:00+00:00,1.14397,1.14402,1.14395,1.14396
2026-07-19 17:45:00+00:00,1.14396,1.14401,1.14395,1.14398
2026-07-19 18:00:00+00:00,1.14396,1.14415,1.14375,1.1439
2026-07-19 18:15:00+00:00,1.14388,1.14478,1.14347,1.14381
2026-07-19 18:30:00+00:00,1.14386,1.1449,1.1436,1.14381
2026-07-19 18:45:00+00:00,1.14387,1.14462,1.14089,1.14126
2026-07-19 19:00:00+00:00,1.14177,1.14466,1.14177,1.14383
2026-07-19 19:15:00+00:00,1.1436,1.1441,1.14309,1.14351
2026-07-19 19:30:00+00:00,1.14355,1.14423,1.14277,1.14381
2026-07-19 19:45:00+00:00,1.1432,1.14433,1.14261,1.14342
2026-07-19 20:00:00+00:00,1.14335,1.14419,1.14251,1.14375
2026-07-19 20:15:00+00:00,1.14286,1.14432,1.14244,1.14274
2026-07-19 20:30:00+00:00,1.14274,1.14445,1.14211,1.14382
2026-07-19 20:45:00+00:00,1.14329,1.14411,1.1431,1.14316
2026-07-19 21:00:00+00:00,1.14319,1.14419,1.14291,1.14303
2026-07-19 21:15:00+00:00,1.14301,1.14418,1.14296,1.14351
2026-07-19 21:30:00+00:00,1.14325,1.14405,1.14302,1.14306
2026-07-19 21:45:00+00:00,1.14315,1.14392,1.14294,1.14302
2026-07-19 22:00:00+00:00,1.14301,1.1431,1.14257,1.1431
2026-07-19 22:15:00+00:00,1.14307,1.14314,1.14265,1.14278
2026-07-19 22:30:00+00:00,1.14275,1.14299,1.14271,1.14291
2026-07-19 22:45:00+00:00,1.14289,1.14292,1.14265,1.14266
2026-07-19 23:00:00+00:00,1.14268,1.14269,1.14253,1.14263
2026-07-19 23:15:00+00:00,1.14261,1.14262,1.14237,1.14255
2026-07-19 23:30:00+00:00,1.1425,1.14272,1.14241,1.14271
2026-07-19 23:45:00+00:00,1.14269,1.14281,1.14257,1.14268
2026-07-20 00:00:00+00:00,1.14269,1.14313,1.14269,1.1431
2026-07-20 00:15:00+00:00,1.14308,1.1433,1.14296,1.14324
2026-07-20 00:30:00+00:00,1.14322,1.14325,1.14303,1.14319
2026-07-20 00:45:00+00:00,1.14316,1.14339,1.14314,1.14338
2026-07-20 01:00:00+00:00,1.14335,1.14356,1.1432,1.14322
2026-07-20 01:15:00+00:00,1.14324,1.14343,1.14318,1.14333
2026-07-20 01:30:00+00:00,1.14335,1.14357,1.14318,1.14324
2026-07-20 01:45:00+00:00,1.14334,1.14366,1.1432,1.14363
2026-07-20 02:00:00+00:00,1.14359,1.14379,1.1435,1.14366
2026-07-20 02:15:00+00:00,1.14367,1.14389,1.1436,1.14388
2026-07-20 02:30:00+00:00,1.14382,1.14428,1.14379,1.14414
2026-07-20 02:45:00+00:00,1.1442,1.14427,1.14395,1.14412
2026-07-20 03:00:00+00:00,1.14415,1.14419,1.14397,1.14413
2026-07-20 03:15:00+00:00,1.1441,1.1442,1.14399,1.14413
2026-07-20 03:30:00+00:00,1.1441,1.14429,1.14403,1.14427
2026-07-20 03:45:00+00:00,1.14425,1.14429,1.14416,1.14419
2026-07-20 04:00:00+00:00,1.14421,1.14435,1.14414,1.14425
2026-07-20 04:15:00+00:00,1.14427,1.14453,1.14424,1.14452
2026-07-20 04:30:00+00:00,1.1445,1.14455,1.14436,1.14452
2026-07-20 04:45:00+00:00,1.14451,1.14454,1.1444,1.14442
2026-07-20 05:00:00+00:00,1.14445,1.14448,1.14426,1.14435
2026-07-20 05:15:00+00:00,1.1443,1.14437,1.14419,1.14429
2026-07-20 05:30:00+00:00,1.14427,1.14427,1.14405,1.14413
2026-07-20 05:45:00+00:00,1.14411,1.14426,1.14401,1.14407
2026-07-20 06:00:00+00:00,1.14411,1.14424,1.14363,1.14364
2026-07-20 06:15:00+00:00,1.14367,1.14395,1.14365,1.14372
2026-07-20 06:30:00+00:00,1.14368,1.14399,1.14346,1.14369
2026-07-20 06:45:00+00:00,1.14385,1.14392,1.14351,1.14356
2026-07-20 07:00:00+00:00,1.14364,1.14399,1.14342,1.14347
2026-07-20 07:15:00+00:00,1.14352,1.14421,1.14346,1.14414
2026-07-20 07:30:00+00:00,1.14412,1.14496,1.14408,1.14495
2026-07-20 07:45:00+00:00,1.14491,1.14491,1.14426,1.14443
2026-07-20 08:00:00+00:00,1.14441,1.14449,1.14418,1.14424
2026-07-20 08:15:00+00:00,1.14428,1.14431,1.14381,1.14392
2026-07-20 08:30:00+00:00,1.14391,1.14443,1.1438,1.1444
2026-07-20 08:45:00+00:00,1.14434,1.14434,1.14379,1.14391
2026-07-20 09:00:00+00:00,1.14392,1.14399,1.14337,1.14353
2026-07-20 09:15:00+00:00,1.14351,1.14353,1.14308,1.1431
2026-07-20 09:30:00+00:00,1.14313,1.14332,1.14297,1.14317
2026-07-20 09:45:00+00:00,1.14308,1.14329,1.14278,1.14296
2026-07-20 10:00:00+00:00,1.14289,1.14334,1.14289,1.14327
2026-07-20 10:15:00+00:00,1.14331,1.14338,1.14309,1.1433
2026-07-20 10:30:00+00:00,1.14326,1.14364,1.14313,1.14346
2026-07-20 10:45:00+00:00,1.14353,1.14353,1.1432,1.14336
2026-07-20 11:00:00+00:00,1.14335,1.14337,1.14291,1.14308
2026-07-20 11:15:00+00:00,1.14304,1.1434,1.14304,1.14337
2026-07-20 11:30:00+00:00,1.14332,1.14392,1.1433,1.14355
2026-07-20 11:45:00+00:00,1.1436,1.1436,1.14286,1.14288
2026-07-20 12:00:00+00:00,1.14289,1.14306,1.14227,1.14234
2026-07-20 12:15:00+00:00,1.14245,1.14245,1.14179,1.14194
2026-07-20 12:30:00+00:00,1.14189,1.14239,1.14177,1.14215
2026-07-20 12:45:00+00:00,1.14213,1.14277,1.14202,1.14241
2026-07-20 13:00:00+00:00,1.14248,1.14248,1.14187,1.14202
2026-07-20 13:15:00+00:00,1.14199,1.14207,1.14173,1.14201
2026-07-20 13:30:00+00:00,1.14197,1.14205,1.1415,1.14155
2026-07-20 13:45:00+00:00,1.14163,1.14191,1.14149,1.14183
2026-07-20 14:00:00+00:00,1.14183,1.14183,1.14128,1.14141
2026-07-20 14:15:00+00:00,1.14137,1.1418,1.14131,1.14171
2026-07-20 14:30:00+00:00,1.14169,1.14178,1.14065,1.14076
2026-07-20 14:45:00+00:00,1.14075,1.14109,1.14033,1.14079
2026-07-20 15:00:00+00:00,1.14073,1.14103,1.14062,1.14079
2026-07-20 15:15:00+00:00,1.1408,1.14101,1.14059,1.14099
2026-07-20 15:30:00+00:00,1.14096,1.14111,1.14077,1.14078
2026-07-20 15:45:00+00:00,1.14079,1.14129,1.14079,1.14119
2026-07-20 16:00:00+00:00,1.14115,1.14162,1.14111,1.14159
2026-07-20 16:15:00+00:00,1.14158,1.14171,1.14136,1.14144
2026-07-20 16:30:00+00:00,1.14143,1.14163,1.14101,1.14108
2026-07-20 16:45:00+00:00,1.1411,1.1412,1.14099,1.14119
2026-07-20 17:00:00+00:00,1.14117,1.14147,1.14105,1.14138
2026-07-20 17:15:00+00:00,1.14134,1.14158,1.14117,1.14153
2026-07-20 17:30:00+00:00,1.14153,1.14156,1.14132,1.14133
2026-07-20 17:45:00+00:00,1.14135,1.14149,1.1413,1.14148
2026-07-20 18:00:00+00:00,1.14146,1.14172,1.14141,1.14169
2026-07-20 18:15:00+00:00,1.14167,1.1419,1.14163,1.14176
2026-07-20 18:30:00+00:00,1.14174,1.14176,1.14146,1.1415
2026-07-20 18:45:00+00:00,1.1415,1.14153,1.14134,1.1415
2026-07-20 19:00:00+00:00,1.14147,1.14164,1.1414,1.14142
2026-07-20 19:15:00+00:00,1.14142,1.14167,1.14138,1.14162
2026-07-20 19:30:00+00:00,1.14154,1.14188,1.14154,1.14161
2026-07-20 19:45:00+00:00,1.14166,1.14177,1.14149,1.14163
2026-07-20 20:00:00+00:00,1.14162,1.14176,1.14137,1.14148
2026-07-20 20:15:00+00:00,1.14146,1.14153,1.14127,1.14151
2026-07-20 20:30:00+00:00,1.1415,1.14154,1.14128,1.14135
2026-07-20 20:45:00+00:00,1.14137,1.14147,1.14127,1.14146
2026-07-20 21:00:00+00:00,1.14144,1.14173,1.14135,1.14161
2026-07-20 21:15:00+00:00,1.14152,1.14168,1.14126,1.14147
2026-07-20 21:30:00+00:00,1.14127,1.14154,1.14106,1.14122
2026-07-20 21:45:00+00:00,1.14123,1.14155,1.14115,1.14117
2026-07-20 22:00:00+00:00,1.14118,1.14134,1.14097,1.14127
2026-07-20 22:15:00+00:00,1.14125,1.14142,1.14115,1.14118
2026-07-20 22:30:00+00:00,1.1412,1.14129,1.14115,1.14116
2026-07-20 22:45:00+00:00,1.1412,1.1414,1.14118,1.14128
2026-07-20 23:00:00+00:00,1.1413,1.14143,1.14125,1.14142
2026-07-20 23:15:00+00:00,1.1414,1.14144,1.14128,1.14137
2026-07-20 23:30:00+00:00,1.14133,1.14144,1.1413,1.14136
2026-07-20 23:45:00+00:00,1.14134,1.14162,1.14131,1.14159
2026-07-21 00:00:00+00:00,1.14154,1.14185,1.14154,1.14164
2026-07-21 00:15:00+00:00,1.14162,1.14166,1.14121,1.14129
2026-07-21 00:30:00+00:00,1.14126,1.14145,1.14115,1.14143
2026-07-21 00:45:00+00:00,1.14141,1.14162,1.1414,1.14144
2026-07-21 01:00:00+00:00,1.14148,1.14156,1.14128,1.14141
2026-07-21 01:15:00+00:00,1.14143,1.1416,1.14133,1.14145
2026-07-21 01:30:00+00:00,1.14135,1.14164,1.14132,1.14163
2026-07-21 01:45:00+00:00,1.1416,1.14164,1.14146,1.14147
2026-07-21 02:00:00+00:00,1.1415,1.14164,1.14147,1.14158
2026-07-21 02:15:00+00:00,1.14157,1.14166,1.14141,1.14154
2026-07-21 02:30:00+00:00,1.1415,1.14156,1.14138,1.14139
2026-07-21 02:45:00+00:00,1.14139,1.14142,1.14106,1.14115
2026-07-21 03:00:00+00:00,1.14115,1.14126,1.14093,1.14102
2026-07-21 03:15:00+00:00,1.14107,1.14118,1.14097,1.14112
2026-07-21 03:30:00+00:00,1.14109,1.14135,1.14109,1.14132
2026-07-21 03:45:00+00:00,1.14131,1.14158,1.14127,1.14128
2026-07-21 04:00:00+00:00,1.14131,1.14155,1.14125,1.14154
2026-07-21 04:15:00+00:00,1.14152,1.14163,1.14145,1.14156
2026-07-21 04:30:00+00:00,1.14153,1.14173,1.14145,1.14171
2026-07-21 04:45:00+00:00,1.14168,1.14186,1.14159,1.14184
2026-07-21 05:00:00+00:00,1.14182,1.14202,1.14162,1.14163
2026-07-21 05:15:00+00:00,1.14165,1.1418,1.1416,1.14175
2026-07-21 05:30:00+00:00,1.14173,1.14216,1.14169,1.14214
2026-07-21 05:45:00+00:00,1.14211,1.14218,1.14175,1.14185
2026-07-21 06:00:00+00:00,1.14182,1.14207,1.14174,1.14199
2026-07-21 06:15:00+00:00,1.14196,1.14222,1.14188,1.14199
2026-07-21 06:30:00+00:00,1.142,1.14226,1.14194,1.14223
2026-07-21 06:45:00+00:00,1.14221,1.14234,1.14204,1.14221
2026-07-21 07:00:00+00:00,1.14225,1.14264,1.14215,1.1422
2026-07-21 07:15:00+00:00,1.14226,1.14277,1.14222,1.14264
2026-07-21 07:30:00+00:00,1.14263,1.14263,1.14224,1.14228
2026-07-21 07:45:00+00:00,1.14234,1.14236,1.1421,1.14234
2026-07-21 08:00:00+00:00,1.14233,1.14243,1.14214,1.14239
2026-07-21 08:15:00+00:00,1.14233,1.14257,1.14223,1.14244
2026-07-21 08:30:00+00:00,1.14243,1.14243,1.14188,1.14234
2026-07-21 08:45:00+00:00,1.14232,1.14237,1.14206,1.14211
2026-07-21 09:00:00+00:00,1.14212,1.14235,1.14211,1.14227
2026-07-21 09:15:00+00:00,1.14223,1.14252,1.1422,1.14222
2026-07-21 09:30:00+00:00,1.14225,1.14279,1.14207,1.14246
2026-07-21 09:45:00+00:00,1.14244,1.14255,1.14231,1.14234
2026-07-21 10:00:00+00:00,1.14236,1.14271,1.14223,1.14251
2026-07-21 10:15:00+00:00,1.14257,1.14275,1.14238,1.1427
2026-07-21 10:30:00+00:00,1.14263,1.1429,1.14244,1.14254
2026-07-21 10:45:00+00:00,1.14251,1.1426,1.14205,1.14207
2026-07-21 11:00:00+00:00,1.14209,1.14215,1.14171,1.14198
2026-07-21 11:15:00+00:00,1.14192,1.14215,1.14187,1.14213
2026-07-21 11:30:00+00:00,1.1421,1.14234,1.14198,1.14225
2026-07-21 11:45:00+00:00,1.14219,1.14235,1.14183,1.1419
2026-07-21 12:00:00+00:00,1.14188,1.14203,1.14164,1.14176
2026-07-21 12:15:00+00:00,1.14175,1.1418,1.1415,1.14155
2026-07-21 12:30:00+00:00,1.14162,1.14189,1.14146,1.14148
2026-07-21 12:45:00+00:00,1.14151,1.14185,1.14144,1.14175
2026-07-21 13:00:00+00:00,1.14173,1.14181,1.14144,1.14167
2026-07-21 13:15:00+00:00,1.1417,1.14174,1.14099,1.14108
2026-07-21 13:30:00+00:00,1.14106,1.14134,1.14064,1.14068
2026-07-21 13:45:00+00:00,1.14073,1.14125,1.14062,1.14116
2026-07-21 14:00:00+00:00,1.14113,1.14192,1.14112,1.14186
2026-07-21 14:15:00+00:00,1.14175,1.14198,1.14107,1.14113
2026-07-21 14:30:00+00:00,1.14121,1.14122,1.14047,1.14084
2026-07-21 14:45:00+00:00,1.1408,1.14085,1.1403,1.14067
2026-07-21 15:00:00+00:00,1.14063,1.14074,1.14033,1.14049
2026-07-21 15:15:00+00:00,1.14053,1.14116,1.1405,1.14114
2026-07-21 15:30:00+00:00,1.1411,1.14116,1.14067,1.14073
2026-07-21 15:45:00+00:00,1.14072,1.14072,1.14041,1.1407
2026-07-21 16:00:00+00:00,1.14063,1.14104,1.14063,1.14081
2026-07-21 16:15:00+00:00,1.14081,1.14093,1.14073,1.14077
2026-07-21 16:30:00+00:00,1.14082,1.14112,1.14067,1.14111
2026-07-21 16:45:00+00:00,1.14108,1.14111,1.14081,1.14089
2026-07-21 17:00:00+00:00,1.14088,1.141,1.14076,1.14093
2026-07-21 17:15:00+00:00,1.14091,1.14105,1.14082,1.14097
2026-07-21 17:30:00+00:00,1.14098,1.14107,1.14069,1.14071
2026-07-21 17:45:00+00:00,1.14075,1.14088,1.14068,1.14073
2026-07-21 18:00:00+00:00,1.14071,1.14077,1.1402,1.14037
2026-07-21 18:15:00+00:00,1.14037,1.14037,1.1399,1.14021
2026-07-21 18:30:00+00:00,1.14024,1.14032,1.13994,1.14018
2026-07-21 18:45:00+00:00,1.14013,1.1403,1.14008,1.14028
2026-07-21 19:00:00+00:00,1.14022,1.14038,1.14013,1.14035
2026-07-21 19:15:00+00:00,1.1403,1.14046,1.14017,1.14034
2026-07-21 19:30:00+00:00,1.14035,1.14037,1.14007,1.14014
2026-07-21 19:45:00+00:00,1.14017,1.14035,1.14012,1.14023
2026-07-21 20:00:00+00:00,1.14022,1.14035,1.14009,1.1402
2026-07-21 20:15:00+00:00,1.14018,1.14018,1.13996,1.14008
2026-07-21 20:30:00+00:00,1.14008,1.14016,1.14006,1.14007
2026-07-21 20:45:00+00:00,1.1401,1.14013,1.13976,1.13979
2026-07-21 21:00:00+00:00,1.13981,1.13999,1.1398,1.13994
2026-07-21 21:15:00+00:00,1.13988,1.14003,1.13984,1.13997
2026-07-21 21:30:00+00:00,1.13993,1.14034,1.13986,1.14029
2026-07-21 21:45:00+00:00,1.14019,1.14039,1.14009,1.14026
2026-07-21 22:00:00+00:00,1.14012,1.14025,1.13991,1.13999
2026-07-21 22:15:00+00:00,1.13997,1.14008,1.13989,1.14003
2026-07-21 22:30:00+00:00,1.14004,1.14011,1.13995,1.14008
2026-07-21 22:45:00+00:00,1.14005,1.14009,1.13991,1.14
2026-07-21 23:00:00+00:00,1.13997,1.14001,1.13982,1.13997
2026-07-21 23:15:00+00:00,1.13995,1.14003,1.13987,1.13999
2026-07-21 23:30:00+00:00,1.13997,1.14016,1.13991,1.14008
2026-07-21 23:45:00+00:00,1.14005,1.14031,1.14001,1.1402
2026-07-22 00:00:00+00:00,1.14022,1.14041,1.14012,1.14037
2026-07-22 00:15:00+00:00,1.14035,1.14073,1.14034,1.14069
2026-07-22 00:30:00+00:00,1.14067,1.14074,1.14029,1.14032
2026-07-22 00:45:00+00:00,1.14032,1.14047,1.14021,1.14042
2026-07-22 01:00:00+00:00,1.14034,1.14069,1.14034,1.14065
2026-07-22 01:15:00+00:00,1.14063,1.14063,1.14029,1.14034
2026-07-22 01:30:00+00:00,1.14031,1.14045,1.13991,1.14009
2026-07-22 01:45:00+00:00,1.14009,1.14035,1.14009,1.14033
2026-07-22 02:00:00+00:00,1.1403,1.14053,1.14012,1.14052
2026-07-22 02:15:00+00:00,1.14051,1.14098,1.14037,1.14097
2026-07-22 02:30:00+00:00,1.14091,1.14091,1.1406,1.1408
2026-07-22 02:45:00+00:00,1.14078,1.1408,1.14056,1.14064
2026-07-22 03:00:00+00:00,1.14067,1.14085,1.14046,1.14057
2026-07-22 03:15:00+00:00,1.14051,1.14084,1.14051,1.14083
2026-07-22 03:30:00+00:00,1.14081,1.14084,1.1406,1.1407
2026-07-22 03:45:00+00:00,1.14068,1.1408,1.1406,1.14078
2026-07-22 04:00:00+00:00,1.14075,1.14078,1.14051,1.14062
2026-07-22 04:15:00+00:00,1.14058,1.14077,1.14058,1.14076
2026-07-22 04:30:00+00:00,1.14073,1.1409,1.14071,1.14087
2026-07-22 04:45:00+00:00,1.14085,1.14089,1.14076,1.14086
2026-07-22 05:00:00+00:00,1.14082,1.14095,1.1408,1.14084
2026-07-22 05:15:00+00:00,1.14088,1.141,1.14073,1.14075
2026-07-22 05:30:00+00:00,1.14078,1.14081,1.14056,1.14069
2026-07-22 05:45:00+00:00,1.14064,1.14096,1.14064,1.14081
2026-07-22 06:00:00+00:00,1.14083,1.1414,1.14083,1.14124
2026-07-22 06:15:00+00:00,1.14121,1.14129,1.14081,1.14086
2026-07-22 06:30:00+00:00,1.14093,1.14119,1.14076,1.14114
2026-07-22 06:45:00+00:00,1.14111,1.14123,1.14094,1.14113
2026-07-22 07:00:00+00:00,1.14105,1.1413,1.1409,1.14121
2026-07-22 07:15:00+00:00,1.14118,1.14154,1.14112,1.14138
2026-07-22 07:30:00+00:00,1.14136,1.14183,1.14071,1.14073
2026-07-22 07:45:00+00:00,1.14075,1.14109,1.14038,1.14095
2026-07-22 08:00:00+00:00,1.14102,1.14102,1.14058,1.14071
2026-07-22 08:15:00+00:00,1.14068,1.14095,1.14045,1.14077
2026-07-22 08:30:00+00:00,1.14077,1.14125,1.14077,1.14117
2026-07-22 08:45:00+00:00,1.14112,1.14122,1.14081,1.14104
2026-07-22 09:00:00+00:00,1.14102,1.14124,1.14086,1.14088
2026-07-22 09:15:00+00:00,1.14094,1.14104,1.14081,1.14095
2026-07-22 09:30:00+00:00,1.14093,1.14133,1.14089,1.14096
2026-07-22 09:45:00+00:00,1.14094,1.14097,1.14046,1.14048
2026-07-22 10:00:00+00:00,1.14052,1.14059,1.14011,1.14039
2026-07-22 10:15:00+00:00,1.14034,1.14077,1.14024,1.14061
2026-07-22 10:30:00+00:00,1.14061,1.14066,1.14037,1.14045
2026-07-22 10:45:00+00:00,1.14041,1.14072,1.14041,1.14068
2026-07-22 11:00:00+00:00,1.14061,1.14061,1.1403,1.1405
2026-07-22 11:15:00+00:00,1.14049,1.1407,1.14026,1.14043
2026-07-22 11:30:00+00:00,1.14035,1.14072,1.14035,1.14043
2026-07-22 11:45:00+00:00,1.14045,1.14075,1.14039,1.14065
2026-07-22 12:00:00+00:00,1.14063,1.14108,1.14056,1.14107
2026-07-22 12:15:00+00:00,1.14104,1.14112,1.14091,1.14106
2026-07-22 12:30:00+00:00,1.14104,1.1414,1.14101,1.14117
2026-07-22 12:45:00+00:00,1.14116,1.14126,1.14047,1.1409
2026-07-22 13:00:00+00:00,1.14087,1.14126,1.14077,1.14101
2026-07-22 13:15:00+00:00,1.14105,1.14173,1.14092,1.14151
2026-07-22 13:30:00+00:00,1.14158,1.14218,1.14142,1.14189
2026-07-22 13:45:00+00:00,1.14187,1.14188,1.14123,1.14132
2026-07-22 14:00:00+00:00,1.14147,1.14181,1.14111,1.14165
2026-07-22 14:15:00+00:00,1.14134,1.14182,1.14114,1.14118
2026-07-22 14:30:00+00:00,1.14125,1.14132,1.14101,1.14113
2026-07-22 14:45:00+00:00,1.14112,1.1413,1.14079,1.14111
2026-07-22 15:00:00+00:00,1.14105,1.14119,1.14089,1.14109
2026-07-22 15:15:00+00:00,1.14107,1.14142,1.1408,1.14134
2026-07-22 15:30:00+00:00,1.14135,1.14148,1.14078,1.14103
2026-07-22 15:45:00+00:00,1.141,1.14139,1.14099,1.14131
2026-07-22 16:00:00+00:00,1.14126,1.14144,1.14055,1.14065
2026-07-22 16:15:00+00:00,1.14071,1.14117,1.14051,1.14116
2026-07-22 16:30:00+00:00,1.14114,1.14131,1.1408,1.14082
2026-07-22 16:45:00+00:00,1.14085,1.141,1.14078,1.14099
2026-07-22 17:00:00+00:00,1.14097,1.14127,1.14087,1.14124
2026-07-22 17:15:00+00:00,1.14122,1.14134,1.14108,1.14123
2026-07-22 17:30:00+00:00,1.14123,1.14126,1.14081,1.14096
2026-07-22 17:45:00+00:00,1.1409,1.14116,1.1409,1.14107
2026-07-22 18:00:00+00:00,1.14105,1.14108,1.14081,1.14092
2026-07-22 18:15:00+00:00,1.1409,1.14111,1.14086,1.14101
2026-07-22 18:30:00+00:00,1.14102,1.14113,1.14091,1.14094
2026-07-22 18:45:00+00:00,1.14095,1.14115,1.14091,1.14113
2026-07-22 19:00:00+00:00,1.14111,1.14126,1.14098,1.14105
2026-07-22 19:15:00+00:00,1.14103,1.14126,1.14098,1.14109
2026-07-22 19:30:00+00:00,1.14109,1.14119,1.14104,1.14117
2026-07-22 19:45:00+00:00,1.14115,1.14125,1.14095,1.14115
2026-07-22 20:00:00+00:00,1.14109,1.14127,1.14107,1.14123
2026-07-22 20:15:00+00:00,1.14119,1.14127,1.14115,1.14124
2026-07-22 20:30:00+00:00,1.14123,1.14132,1.14108,1.14124
2026-07-22 20:45:00+00:00,1.14125,1.1413,1.14114,1.14128
2026-07-22 21:00:00+00:00,1.14126,1.14143,1.14089,1.14107
2026-07-22 21:15:00+00:00,1.14096,1.14108,1.1408,1.14089
2026-07-22 21:30:00+00:00,1.14091,1.14096,1.14073,1.14079
2026-07-22 21:45:00+00:00,1.14082,1.14094,1.1407,1.1409
2026-07-22 22:00:00+00:00,1.14085,1.14097,1.14073,1.14081
2026-07-22 22:15:00+00:00,1.14078,1.14091,1.14075,1.14078
2026-07-22 22:30:00+00:00,1.14082,1.14085,1.14062,1.14069
2026-07-22 22:45:00+00:00,1.14067,1.14087,1.1406,1.14077
2026-07-22 23:00:00+00:00,1.14079,1.14097,1.14079,1.14094
2026-07-22 23:15:00+00:00,1.1409,1.14108,1.14089,1.14102
2026-07-22 23:30:00+00:00,1.141,1.1412,1.141,1.14111
2026-07-22 23:45:00+00:00,1.14107,1.14121,1.14106,1.1412
2026-07-23 00:00:00+00:00,1.14117,1.14138,1.14112,1.14122
2026-07-23 00:15:00+00:00,1.14121,1.14144,1.14108,1.14124
2026-07-23 00:30:00+00:00,1.14133,1.1414,1.1412,1.14139
2026-07-23 00:45:00+00:00,1.14137,1.14173,1.14121,1.14167
2026-07-23 01:00:00+00:00,1.14158,1.14203,1.14158,1.14188
2026-07-23 01:15:00+00:00,1.14187,1.14187,1.1417,1.14184
2026-07-23 01:30:00+00:00,1.14182,1.14207,1.1417,1.14187
2026-07-23 01:45:00+00:00,1.14192,1.14192,1.14155,1.14165
2026-07-23 02:00:00+00:00,1.14168,1.14188,1.14163,1.14185
2026-07-23 02:15:00+00:00,1.14179,1.14205,1.14179,1.14202
2026-07-23 02:30:00+00:00,1.142,1.14262,1.14189,1.14261
2026-07-23 02:45:00+00:00,1.14259,1.14284,1.14252,1.14281
2026-07-23 03:00:00+00:00,1.14276,1.14291,1.14243,1.14247
2026-07-23 03:15:00+00:00,1.14253,1.14287,1.14236,1.14286
2026-07-23 03:30:00+00:00,1.14283,1.14304,1.14277,1.143
2026-07-23 03:45:00+00:00,1.14299,1.14305,1.14288,1.14297
2026-07-23 04:00:00+00:00,1.143,1.14355,1.14286,1.14351
2026-07-23 04:15:00+00:00,1.1435,1.1435,1.14307,1.14346
2026-07-23 04:30:00+00:00,1.14342,1.14363,1.14321,1.1433
2026-07-23 04:45:00+00:00,1.14328,1.14345,1.14303,1.14327
2026-07-23 05:00:00+00:00,1.14319,1.1435,1.14319,1.14335
2026-07-23 05:15:00+00:00,1.14337,1.14346,1.14291,1.14303
2026-07-23 05:30:00+00:00,1.14299,1.14313,1.1429,1.143
2026-07-23 05:45:00+00:00,1.14298,1.14318,1.14294,1.14309
2026-07-23 06:00:00+00:00,1.14306,1.14329,1.14287,1.14304
2026-07-23 06:15:00+00:00,1.14309,1.14318,1.14277,1.14281
2026-07-23 06:30:00+00:00,1.14286,1.14287,1.1425,1.14268
2026-07-23 06:45:00+00:00,1.1426,1.1428,1.14245,1.14254
2026-07-23 07:00:00+00:00,1.1425,1.14262,1.14226,1.14259
2026-07-23 07:15:00+00:00,1.14254,1.14275,1.14244,1.14247
2026-07-23 07:30:00+00:00,1.14248,1.14276,1.14229,1.14233
2026-07-23 07:45:00+00:00,1.14239,1.14256,1.14209,1.14252
2026-07-23 08:00:00+00:00,1.14251,1.14251,1.14203,1.14208
2026-07-23 08:15:00+00:00,1.14215,1.14215,1.14164,1.14165
2026-07-23 08:30:00+00:00,1.14167,1.14172,1.14081,1.14092
2026-07-23 08:45:00+00:00,1.14087,1.14125,1.14087,1.14112
2026-07-23 09:00:00+00:00,1.14114,1.14156,1.14105,1.14116
2026-07-23 09:15:00+00:00,1.14121,1.14134,1.14101,1.14104
2026-07-23 09:30:00+00:00,1.1411,1.14141,1.14099,1.1414
2026-07-23 09:45:00+00:00,1.14133,1.14157,1.14121,1.14138
2026-07-23 10:00:00+00:00,1.14136,1.14136,1.14097,1.14099
2026-07-23 10:15:00+00:00,1.14101,1.14111,1.14062,1.14083
2026-07-23 10:30:00+00:00,1.14078,1.14099,1.14068,1.14074
2026-07-23 10:45:00+00:00,1.14071,1.14084,1.14037,1.14049
2026-07-23 11:00:00+00:00,1.14052,1.14059,1.14029,1.14055
2026-07-23 11:15:00+00:00,1.14051,1.14058,1.1398,1.13982
2026-07-23 11:30:00+00:00,1.13987,1.13987,1.13845,1.13866
2026-07-23 11:45:00+00:00,1.13859,1.13952,1.13853,1.1395
2026-07-23 12:00:00+00:00,1.13947,1.13958,1.13907,1.1395
2026-07-23 12:15:00+00:00,1.13945,1.13967,1.13811,1.13865
2026-07-23 12:30:00+00:00,1.13861,1.13887,1.13776,1.1378
2026-07-23 12:45:00+00:00,1.13782,1.13859,1.13751,1.13858
2026-07-23 13:00:00+00:00,1.13855,1.13868,1.13693,1.13698
2026-07-23 13:15:00+00:00,1.13707,1.1379,1.13689,1.13787
2026-07-23 13:30:00+00:00,1.13783,1.13858,1.13781,1.13828
2026-07-23 13:45:00+00:00,1.13827,1.13827,1.13744,1.13749
2026-07-23 14:00:00+00:00,1.13758,1.13758,1.13679,1.13718
2026-07-23 14:15:00+00:00,1.13712,1.13724,1.13645,1.13693
2026-07-23 14:30:00+00:00,1.13695,1.13742,1.13683,1.13687
2026-07-23 14:45:00+00:00,1.13693,1.13711,1.13654,1.13708
2026-07-23 15:00:00+00:00,1.13697,1.13749,1.13697,1.13733
2026-07-23 15:15:00+00:00,1.13725,1.13767,1.13693,1.13731
2026-07-23 15:30:00+00:00,1.13729,1.13757,1.13671,1.13739
2026-07-23 15:45:00+00:00,1.1375,1.13755,1.13704,1.13721
2026-07-23 16:00:00+00:00,1.13718,1.13775,1.1371,1.13773
2026-07-23 16:15:00+00:00,1.1377,1.13782,1.13737,1.1378
2026-07-23 16:30:00+00:00,1.13776,1.13809,1.13757,1.13792
2026-07-23 16:45:00+00:00,1.13789,1.13802,1.13772,1.13802
2026-07-23 17:00:00+00:00,1.13799,1.1381,1.13773,1.13781
2026-07-23 17:15:00+00:00,1.13778,1.13785,1.13759,1.1377
2026-07-23 17:30:00+00:00,1.13766,1.13777,1.13744,1.13746
2026-07-23 17:45:00+00:00,1.1375,1.13756,1.1372,1.13722
2026-07-23 18:00:00+00:00,1.13724,1.13755,1.13711,1.13752
2026-07-23 18:15:00+00:00,1.1375,1.13754,1.13726,1.13751
2026-07-23 18:30:00+00:00,1.13746,1.13764,1.1374,1.1374
2026-07-23 18:45:00+00:00,1.13742,1.1376,1.13742,1.1375
2026-07-23 19:00:00+00:00,1.13751,1.13779,1.13749,1.13762
2026-07-23 19:15:00+00:00,1.13759,1.13769,1.1374,1.13767
2026-07-23 19:30:00+00:00,1.13762,1.13793,1.13762,1.13763
2026-07-23 19:45:00+00:00,1.13765,1.13787,1.13754,1.13785
2026-07-23 20:00:00+00:00,1.13784,1.13797,1.13776,1.13785
2026-07-23 20:15:00+00:00,1.13783,1.13788,1.1377,1.13786
2026-07-23 20:30:00+00:00,1.13782,1.13803,1.13767,1.13771
2026-07-23 20:45:00+00:00,1.13775,1.1379,1.13766,1.13779
2026-07-23 21:00:00+00:00,1.13778,1.13794,1.13745,1.13768
2026-07-23 21:15:00+00:00,1.13767,1.13789,1.13767,1.13783
2026-07-23 21:30:00+00:00,1.13781,1.13793,1.13755,1.13785
2026-07-23 21:45:00+00:00,1.13774,1.13816,1.13758,1.13767
2026-07-23 22:00:00+00:00,1.13781,1.13797,1.13763,1.13784
2026-07-23 22:15:00+00:00,1.1378,1.138,1.13776,1.1378
2026-07-23 22:30:00+00:00,1.13786,1.13795,1.13772,1.13789
2026-07-23 22:45:00+00:00,1.13786,1.13805,1.13782,1.13796
2026-07-23 23:00:00+00:00,1.13798,1.13802,1.13786,1.1379
2026-07-23 23:15:00+00:00,1.13791,1.138,1.13788,1.13794
2026-07-23 23:30:00+00:00,1.13791,1.13801,1.13763,1.13776
2026-07-23 23:45:00+00:00,1.13773,1.13794,1.13756,1.13774
2026-07-24 00:00:00+00:00,1.13771,1.13805,1.13758,1.13802
2026-07-24 00:15:00+00:00,1.13801,1.13805,1.13784,1.13797
2026-07-24 00:30:00+00:00,1.13794,1.138,1.13773,1.13779
2026-07-24 00:45:00+00:00,1.13779,1.13837,1.13768,1.13832
2026-07-24 01:00:00+00:00,1.13824,1.13863,1.13824,1.13842
2026-07-24 01:15:00+00:00,1.13839,1.13858,1.13825,1.1384
2026-07-24 01:30:00+00:00,1.13836,1.13864,1.1382,1.13862
2026-07-24 01:45:00+00:00,1.13861,1.13873,1.13837,1.13838
2026-07-24 02:00:00+00:00,1.13841,1.1385,1.13834,1.13847
2026-07-24 02:15:00+00:00,1.13843,1.13862,1.13838,1.1385
2026-07-24 02:30:00+00:00,1.13848,1.13878,1.13833,1.13852
2026-07-24 02:45:00+00:00,1.13851,1.13853,1.13819,1.13827
2026-07-24 03:00:00+00:00,1.13826,1.13829,1.1378,1.13789
2026-07-24 03:15:00+00:00,1.13787,1.13797,1.13779,1.13795
2026-07-24 03:30:00+00:00,1.13793,1.13827,1.13781,1.13824
2026-07-24 03:45:00+00:00,1.13823,1.13827,1.13808,1.13822
2026-07-24 04:00:00+00:00,1.13816,1.13839,1.13816,1.13835
2026-07-24 04:15:00+00:00,1.13831,1.13843,1.1381,1.13814
2026-07-24 04:30:00+00:00,1.13812,1.13815,1.13782,1.13788
2026-07-24 04:45:00+00:00,1.13786,1.13794,1.13769,1.13791
2026-07-24 05:00:00+00:00,1.13786,1.13812,1.13786,1.13801
2026-07-24 05:15:00+00:00,1.13802,1.13826,1.13802,1.13817
2026-07-24 05:30:00+00:00,1.1382,1.13835,1.13811,1.13814
2026-07-24 05:45:00+00:00,1.13815,1.13815,1.13771,1.13782
2026-07-24 06:00:00+00:00,1.13781,1.13799,1.13775,1.13781
2026-07-24 06:15:00+00:00,1.13788,1.13863,1.13788,1.13849
2026-07-24 06:30:00+00:00,1.13853,1.1387,1.13841,1.13866
2026-07-24 06:45:00+00:00,1.13859,1.13864,1.13836,1.13852
2026-07-24 07:00:00+00:00,1.13853,1.1396,1.13853,1.13954
2026-07-24 07:15:00+00:00,1.13953,1.13994,1.13908,1.13994
2026-07-24 07:30:00+00:00,1.13992,1.14,1.13903,1.13922
2026-07-24 07:45:00+00:00,1.13908,1.13937,1.13903,1.13908
2026-07-24 08:00:00+00:00,1.13913,1.13913,1.13864,1.13876
2026-07-24 08:15:00+00:00,1.13881,1.13883,1.13841,1.13865
2026-07-24 08:30:00+00:00,1.13859,1.13878,1.13854,1.13863
2026-07-24 08:45:00+00:00,1.1386,1.13868,1.13816,1.13827
2026-07-24 09:00:00+00:00,1.13825,1.13865,1.13825,1.13862
2026-07-24 09:15:00+00:00,1.1386,1.13877,1.13832,1.13875
2026-07-24 09:30:00+00:00,1.1387,1.13875,1.13838,1.13863
2026-07-24 09:45:00+00:00,1.13856,1.13883,1.13855,1.13881
2026-07-24 10:00:00+00:00,1.13878,1.13908,1.13876,1.13881
2026-07-24 10:15:00+00:00,1.13887,1.1393,1.13873,1.13929
2026-07-24 10:30:00+00:00,1.13926,1.13926,1.13877,1.1389
2026-07-24 10:45:00+00:00,1.13887,1.13887,1.1381,1.1384
2026-07-24 11:00:00+00:00,1.1383,1.1387,1.13825,1.13867
2026-07-24 11:15:00+00:00,1.13863,1.13887,1.13838,1.1385
2026-07-24 11:30:00+00:00,1.13848,1.13848,1.13789,1.13792
2026-07-24 11:45:00+00:00,1.13794,1.13814,1.13718,1.13747
2026-07-24 12:00:00+00:00,1.13731,1.13783,1.1372,1.13767
2026-07-24 12:15:00+00:00,1.13772,1.13779,1.13738,1.1374
2026-07-24 12:30:00+00:00,1.13747,1.13764,1.13678,1.13681
2026-07-24 12:45:00+00:00,1.13683,1.13718,1.13679,1.13697
2026-07-24 13:00:00+00:00,1.13687,1.13726,1.13654,1.13724
2026-07-24 13:15:00+00:00,1.13719,1.13735,1.13698,1.13704
2026-07-24 13:30:00+00:00,1.13708,1.13738,1.13685,1.13723
2026-07-24 13:45:00+00:00,1.13731,1.13769,1.1369,1.13767
2026-07-24 14:00:00+00:00,1.13764,1.13793,1.13713,1.13723
2026-07-24 14:15:00+00:00,1.13723,1.13781,1.13723,1.1376
2026-07-24 14:30:00+00:00,1.13762,1.13791,1.13749,1.13766
2026-07-24 14:45:00+00:00,1.13771,1.13806,1.13755,1.138
2026-07-24 15:00:00+00:00,1.13798,1.13893,1.13775,1.13854
2026-07-24 15:15:00+00:00,1.13857,1.13908,1.13851,1.13862
2026-07-24 15:30:00+00:00,1.1386,1.13896,1.13838,1.13852
2026-07-24 15:45:00+00:00,1.13863,1.13868,1.13834,1.13836
2026-07-24 16:00:00+00:00,1.13838,1.13865,1.13816,1.13862
2026-07-24 16:15:00+00:00,1.1386,1.13863,1.13825,1.13832
2026-07-24 16:30:00+00:00,1.13832,1.13842,1.13802,1.13804
2026-07-24 16:45:00+00:00,1.13808,1.13808,1.13786,1.13788
2026-07-24 17:00:00+00:00,1.13791,1.13791,1.13708,1.13721
2026-07-24 17:15:00+00:00,1.13715,1.13727,1.13688,1.13715
2026-07-24 17:30:00+00:00,1.13716,1.13729,1.13689,1.13695
2026-07-24 17:45:00+00:00,1.13695,1.13706,1.13678,1.13701
2026-07-24 18:00:00+00:00,1.13699,1.13708,1.13679,1.13705
2026-07-24 18:15:00+00:00,1.13703,1.13714,1.13682,1.13693
2026-07-24 18:30:00+00:00,1.13694,1.137,1.13678,1.13694
2026-07-24 18:45:00+00:00,1.1369,1.13706,1.13687,1.13702
2026-07-24 19:00:00+00:00,1.13701,1.13719,1.13696,1.13717
2026-07-24 19:15:00+00:00,1.13712,1.13712,1.13678,1.13688
2026-07-24 19:30:00+00:00,1.13686,1.13728,1.13682,1.1372
2026-07-24 19:45:00+00:00,1.13721,1.13724,1.13702,1.13705
2026-07-24 20:00:00+00:00,1.13705,1.13709,1.13698,1.13705
2026-07-24 20:15:00+00:00,1.13702,1.13704,1.13682,1.13685
2026-07-24 20:30:00+00:00,1.13691,1.13696,1.13675,1.13692
2026-07-24 20:45:00+00:00,1.13688,1.13724,1.13685,1.13723
2026-07-24 21:00:00+00:00,1.13722,1.1379,1.13701,1.13766
2026-07-24 21:15:00+00:00,1.13762,1.1377,1.13751,1.13764
2026-07-24 21:30:00+00:00,1.13752,1.13773,1.13742,1.13757
2026-07-24 21:45:00+00:00,1.13758,1.1377,1.13756,1.13758
2026-07-24 22:00:00+00:00,1.13758,1.13771,1.1375,1.13765
2026-07-24 22:15:00+00:00,1.13758,1.1377,1.13756,1.13766
2026-07-24 22:30:00+00:00,1.13758,1.1377,1.13757,1.13758
2026-07-24 22:45:00+00:00,1.13758,1.1377,1.13754,1.13761
2026-07-24 23:00:00+00:00,1.13762,1.13768,1.1376,1.13766
2026-07-24 23:15:00+00:00,1.13762,1.13768,1.1376,1.13766
2026-07-24 23:30:00+00:00,1.13762,1.13768,1.1376,1.13761
2026-07-24 23:45:00+00:00,1.13762,1.13768,1.1376,1.13761
2026-07-25 00:00:00+00:00,1.13762,1.13767,1.1376,1.13763
2026-07-25 00:15:00+00:00,1.13762,1.13767,1.1376,1.13765
2026-07-25 00:30:00+00:00,1.13762,1.13767,1.13761,1.13764
2026-07-25 00:45:00+00:00,1.13762,1.13768,1.13761,1.13762
2026-07-25 01:00:00+00:00,1.13763,1.13768,1.13761,1.13765
2026-07-25 01:15:00+00:00,1.13763,1.13769,1.13762,1.13766
2026-07-25 01:30:00+00:00,1.13764,1.13775,1.13756,1.13771
2026-07-25 01:45:00+00:00,1.1377,1.13781,1.13757,1.1376
2026-07-25 02:00:00+00:00,1.1376,1.13768,1.13759,1.13764
2026-07-25 02:15:00+00:00,1.13761,1.13767,1.1376,1.13764
2026-07-25 02:30:00+00:00,1.13761,1.13768,1.13738,1.13742
2026-07-25 02:45:00+00:00,1.13741,1.13777,1.13739,1.13745
2026-07-25 03:00:00+00:00,1.13746,1.13751,1.13744,1.13746
2026-07-25 03:15:00+00:00,1.13746,1.13781,1.13713,1.13753
2026-07-25 03:30:00+00:00,1.13751,1.13756,1.13749,1.13752
2026-07-25 03:45:00+00:00,1.13751,1.13773,1.13751,1.13753
2026-07-25 04:00:00+00:00,1.13754,1.13771,1.13752,1.13756
2026-07-25 04:15:00+00:00,1.13756,1.13761,1.13754,1.13758
2026-07-25 04:30:00+00:00,1.13756,1.13771,1.13755,1.1376
2026-07-25 04:45:00+00:00,1.13758,1.13763,1.13756,1.13758
2026-07-25 05:00:00+00:00,1.13758,1.13773,1.13749,1.13767
2026-07-25 05:15:00+00:00,1.13768,1.13773,1.13764,1.13769
2026-07-25 05:30:00+00:00,1.13767,1.13784,1.1374,1.13745
2026-07-25 05:45:00+00:00,1.13743,1.13776,1.13739,1.13748
2026-07-25 06:00:00+00:00,1.13748,1.13753,1.13746,1.13747
2026-07-25 06:15:00+00:00,1.13748,1.13773,1.13728,1.13734
2026-07-25 06:30:00+00:00,1.13733,1.13781,1.13729,1.13757
2026-07-25 06:45:00+00:00,1.13755,1.1376,1.13753,1.13755
2026-07-25 07:00:00+00:00,1.13755,1.13771,1.13753,1.13756
2026-07-25 07:15:00+00:00,1.13757,1.13762,1.13755,1.13759
2026-07-25 07:30:00+00:00,1.13757,1.1377,1.13756,1.13761
2026-07-25 07:45:00+00:00,1.13759,1.1377,1.13757,1.13761
2026-07-25 08:00:00+00:00,1.1376,1.13765,1.13758,1.13759
2026-07-25 08:15:00+00:00,1.1376,1.13772,1.1375,1.13765
2026-07-25 08:30:00+00:00,1.13765,1.1377,1.13763,1.13767
2026-07-25 08:45:00+00:00,1.13765,1.1377,1.13763,1.13766
2026-07-25 09:00:00+00:00,1.13765,1.13773,1.13738,1.13746
2026-07-25 09:15:00+00:00,1.13746,1.13751,1.13745,1.13749
2026-07-25 09:30:00+00:00,1.13746,1.13775,1.13745,1.13753
2026-07-25 09:45:00+00:00,1.1375,1.13755,1.13749,1.13752
2026-07-25 10:00:00+00:00,1.1375,1.13773,1.13749,1.13763
2026-07-25 10:15:00+00:00,1.13764,1.13771,1.13751,1.13757
2026-07-25 10:30:00+00:00,1.13757,1.1376,1.13727,1.13737
2026-07-25 10:45:00+00:00,1.13735,1.13777,1.13732,1.13737
2026-07-25 11:00:00+00:00,1.13735,1.13738,1.1373,1.13733
2026-07-25 11:15:00+00:00,1.13733,1.13749,1.13727,1.13733
2026-07-25 11:30:00+00:00,1.13734,1.13779,1.13732,1.13763
2026-07-25 11:45:00+00:00,1.13755,1.1376,1.13753,1.13758
2026-07-25 12:00:00+00:00,1.13755,1.1377,1.13754,1.13757
2026-07-25 12:15:00+00:00,1.13757,1.13762,1.13756,1.13757
2026-07-25 12:30:00+00:00,1.13757,1.1377,1.13756,1.13761
2026-07-25 12:45:00+00:00,1.13759,1.13768,1.13757,1.13763
2026-07-25 13:00:00+00:00,1.1376,1.13765,1.13759,1.13761
2026-07-25 13:15:00+00:00,1.1376,1.13774,1.13759,1.13768
2026-07-25 13:30:00+00:00,1.13769,1.13778,1.1372,1.13749
2026-07-25 13:45:00+00:00,1.13747,1.13775,1.13742,1.13747
2026-07-25 14:00:00+00:00,1.13745,1.13781,1.13725,1.1374
2026-07-25 14:15:00+00:00,1.13737,1.1374,1.13731,1.13731
2026-07-25 14:30:00+00:00,1.13731,1.13782,1.13724,1.13739
2026-07-25 14:45:00+00:00,1.13736,1.13742,1.13733,1.13737
2026-07-25 15:00:00+00:00,1.13734,1.13781,1.13732,1.13757
2026-07-25 15:15:00+00:00,1.13755,1.13776,1.13733,1.13764
2026-07-25 15:30:00+00:00,1.13742,1.13747,1.1374,1.13742
2026-07-25 15:45:00+00:00,1.13742,1.13776,1.13737,1.13749
2026-07-25 16:00:00+00:00,1.13746,1.13751,1.13728,1.1374
2026-07-25 16:15:00+00:00,1.13738,1.13779,1.13737,1.13743
2026-07-25 16:30:00+00:00,1.13744,1.13776,1.13727,1.13733
2026-07-25 16:45:00+00:00,1.13746,1.13768,1.13746,1.13762
2026-07-25 17:00:00+00:00,1.1376,1.13768,1.13749,1.13755
2026-07-25 17:15:00+00:00,1.13753,1.13758,1.13751,1.13753
2026-07-25 17:30:00+00:00,1.13753,1.13771,1.13752,1.13755
2026-07-25 17:45:00+00:00,1.13756,1.1378,1.13724,1.13765
2026-07-25 18:00:00+00:00,1.13734,1.13746,1.13734,1.13743
2026-07-25 18:15:00+00:00,1.13741,1.13777,1.13721,1.13759
2026-07-25 18:30:00+00:00,1.13759,1.13764,1.13757,1.13758
2026-07-25 18:45:00+00:00,1.13759,1.13768,1.13757,1.13762
2026-07-25 19:00:00+00:00,1.1376,1.13768,1.13759,1.13766
2026-07-25 19:15:00+00:00,1.1376,1.13766,1.13745,1.13747
2026-07-25 19:30:00+00:00,1.1375,1.13776,1.13738,1.1374
2026-07-25 19:45:00+00:00,1.13741,1.13744,1.1373,1.13733
2026-07-25 20:00:00+00:00,1.13731,1.1378,1.13708,1.13741
2026-07-25 20:15:00+00:00,1.13738,1.13777,1.13737,1.13764
2026-07-25 20:30:00+00:00,1.13738,1.13749,1.13737,1.13738
2026-07-25 20:45:00+00:00,1.13739,1.1378,1.13735,1.13742
2026-07-25 21:00:00+00:00,1.13742,1.13747,1.13736,1.1374
2026-07-25 21:15:00+00:00,1.13738,1.13777,1.13734,1.13741
2026-07-25 21:30:00+00:00,1.13739,1.13745,1.13731,1.13732
2026-07-25 21:45:00+00:00,1.13733,1.13759,1.13724,1.13738
2026-07-25 22:00:00+00:00,1.13738,1.13781,1.13727,1.13732
2026-07-25 22:15:00+00:00,1.1373,1.13736,1.13728,1.13733
2026-07-25 22:30:00+00:00,1.13731,1.13781,1.13725,1.13737
2026-07-25 22:45:00+00:00,1.13738,1.13779,1.13736,1.13737
2026-07-25 23:00:00+00:00,1.13738,1.13777,1.13737,1.13745
2026-07-25 23:15:00+00:00,1.13743,1.13776,1.13741,1.13762
2026-07-25 23:30:00+00:00,1.1376,1.13765,1.13758,1.1376
2026-07-25 23:45:00+00:00,1.1376,1.13768,1.13758,1.13761
2026-07-26 00:00:00+00:00,1.13761,1.13776,1.13735,1.13745
2026-07-26 00:15:00+00:00,1.13744,1.13776,1.13742,1.13751
2026-07-26 00:30:00+00:00,1.13748,1.13773,1.13747,1.13752
2026-07-26 00:45:00+00:00,1.13752,1.13757,1.1375,1.13751
2026-07-26 01:00:00+00:00,1.13752,1.13772,1.1375,1.13766
2026-07-26 01:15:00+00:00,1.13764,1.13769,1.13763,1.13767
2026-07-26 01:30:00+00:00,1.13764,1.1377,1.13763,1.13766
2026-07-26 01:45:00+00:00,1.13765,1.1377,1.13763,1.13764
2026-07-26 02:00:00+00:00,1.13765,1.1377,1.13763,1.13765
2026-07-26 02:15:00+00:00,1.13765,1.1377,1.13763,1.13767
2026-07-26 02:30:00+00:00,1.13765,1.13778,1.13727,1.13734
2026-07-26 02:45:00+00:00,1.13732,1.1378,1.13726,1.1373
2026-07-26 03:00:00+00:00,1.13731,1.13782,1.13729,1.13732
2026-07-26 03:15:00+00:00,1.13733,1.13736,1.13729,1.13733
2026-07-26 03:30:00+00:00,1.13731,1.13782,1.13729,1.13733
2026-07-26 03:45:00+00:00,1.13731,1.13736,1.13729,1.1373
2026-07-26 04:00:00+00:00,1.13731,1.13782,1.13724,1.13733
2026-07-26 04:15:00+00:00,1.13734,1.13781,1.1373,1.13757
2026-07-26 04:30:00+00:00,1.13754,1.13763,1.13741,1.13748
2026-07-26 04:45:00+00:00,1.13745,1.13773,1.13745,1.13749
2026-07-26 05:00:00+00:00,1.13749,1.13755,1.13727,1.13734
2026-07-26 05:15:00+00:00,1.13735,1.1378,1.1373,1.13743
2026-07-26 05:30:00+00:00,1.13741,1.13777,1.13737,1.13748
2026-07-26 05:45:00+00:00,1.13746,1.13751,1.13744,1.13746
2026-07-26 06:00:00+00:00,1.13746,1.1378,1.13727,1.13757
2026-07-26 06:15:00+00:00,1.13757,1.13762,1.13723,1.13759
2026-07-26 06:30:00+00:00,1.13758,1.13775,1.13744,1.13754
2026-07-26 06:45:00+00:00,1.13752,1.13772,1.13749,1.13755
2026-07-26 07:00:00+00:00,1.13755,1.1376,1.13753,1.13754
2026-07-26 07:15:00+00:00,1.13755,1.13771,1.13753,1.13759
2026-07-26 07:30:00+00:00,1.13757,1.13762,1.13755,1.13759
2026-07-26 07:45:00+00:00,1.13757,1.13772,1.13755,1.13768
2026-07-26 08:00:00+00:00,1.13767,1.13772,1.13765,1.13766
2026-07-26 08:15:00+00:00,1.13767,1.13772,1.13765,1.13767
2026-07-26 08:30:00+00:00,1.13767,1.13772,1.13741,1.13751
2026-07-26 08:45:00+00:00,1.13748,1.13753,1.13746,1.1375
2026-07-26 09:00:00+00:00,1.13748,1.13775,1.13748,1.13751
2026-07-26 09:15:00+00:00,1.13752,1.13772,1.13738,1.13764
2026-07-26 09:30:00+00:00,1.13764,1.13766,1.13746,1.13754
2026-07-26 09:45:00+00:00,1.13752,1.13772,1.1375,1.13756
2026-07-26 10:00:00+00:00,1.13755,1.1376,1.13753,1.13754
2026-07-26 10:15:00+00:00,1.13755,1.13757,1.13741,1.13745
2026-07-26 10:30:00+00:00,1.13746,1.13751,1.13744,1.13748
2026-07-26 10:45:00+00:00,1.13746,1.13751,1.13744,1.13748
2026-07-26 11:00:00+00:00,1.13746,1.1375,1.13744,1.13745
2026-07-26 11:15:00+00:00,1.13746,1.13751,1.13744,1.13745
2026-07-26 11:30:00+00:00,1.13746,1.13764,1.1371,1.13723
2026-07-26 11:45:00+00:00,1.13721,1.13727,1.1372,1.13724
2026-07-26 12:00:00+00:00,1.13721,1.13727,1.1372,1.13723
2026-07-26 12:15:00+00:00,1.13721,1.13727,1.1372,1.13721
2026-07-26 12:30:00+00:00,1.13721,1.13726,1.1372,1.13724
2026-07-26 12:45:00+00:00,1.13721,1.13727,1.1372,1.13724
2026-07-26 13:00:00+00:00,1.13721,1.13727,1.1372,1.13722
2026-07-26 13:15:00+00:00,1.13721,1.13751,1.13698,1.13708
2026-07-26 13:30:00+00:00,1.13709,1.13745,1.13701,1.13725
2026-07-26 13:45:00+00:00,1.13723,1.13728,1.13721,1.13725
2026-07-26 14:00:00+00:00,1.13723,1.13738,1.13706,1.13731
2026-07-26 14:15:00+00:00,1.1373,1.13735,1.13728,1.13729
2026-07-26 14:30:00+00:00,1.1373,1.13735,1.13728,1.1373
2026-07-26 14:45:00+00:00,1.1373,1.13735,1.13728,1.13732
2026-07-26 15:00:00+00:00,1.1373,1.1373,1.13675,1.13683
2026-07-26 15:15:00+00:00,1.13681,1.13686,1.1368,1.13681
2026-07-26 15:30:00+00:00,1.13681,1.13755,1.13661,1.13714
2026-07-26 15:45:00+00:00,1.13712,1.13717,1.1371,1.13714
2026-07-26 16:00:00+00:00,1.13712,1.13744,1.13676,1.13694
2026-07-26 16:15:00+00:00,1.13692,1.13697,1.1369,1.13691
2026-07-26 16:30:00+00:00,1.13692,1.13697,1.13671,1.13678
2026-07-26 16:45:00+00:00,1.13678,1.13684,1.13677,1.1368
2026-07-26 17:00:00+00:00,1.13678,1.13754,1.13667,1.13727
2026-07-26 17:15:00+00:00,1.13725,1.13736,1.13724,1.1373
2026-07-26 17:30:00+00:00,1.1373,1.13735,1.13728,1.13729
2026-07-26 17:45:00+00:00,1.1373,1.13735,1.13728,1.13732
2026-07-26 18:00:00+00:00,1.1373,1.13736,1.13729,1.13734
2026-07-26 18:15:00+00:00,1.13731,1.13742,1.13705,1.13719
2026-07-26 18:30:00+00:00,1.13726,1.13733,1.13709,1.13716
2026-07-26 18:45:00+00:00,1.13727,1.13738,1.13709,1.13735
2026-07-26 19:00:00+00:00,1.13733,1.1393,1.13688,1.1386
2026-07-26 19:15:00+00:00,1.13841,1.13878,1.13679,1.13816
2026-07-26 19:30:00+00:00,1.13818,1.14019,1.13671,1.13733
2026-07-26 19:45:00+00:00,1.13801,1.14024,1.13669,1.13854
2026-07-26 20:00:00+00:00,1.13851,1.13929,1.13648,1.13861
2026-07-26 20:15:00+00:00,1.13813,1.13977,1.13653,1.13924
2026-07-26 20:30:00+00:00,1.13907,1.13965,1.13636,1.13943
2026-07-26 20:45:00+00:00,1.1393,1.13973,1.13639,1.13902
2026-07-26 21:00:00+00:00,1.13876,1.13951,1.13665,1.13925
2026-07-26 21:15:00+00:00,1.13923,1.13971,1.13888,1.13951
2026-07-26 21:30:00+00:00,1.13948,1.13955,1.13921,1.13943
2026-07-26 21:45:00+00:00,1.13942,1.13985,1.13887,1.13903
2026-07-26 22:00:00+00:00,1.1391,1.13999,1.13906,1.1393
2026-07-26 22:15:00+00:00,1.13932,1.13943,1.13908,1.13917
2026-07-26 22:30:00+00:00,1.13914,1.13921,1.13909,1.13918
2026-07-26 22:45:00+00:00,1.13913,1.13921,1.13886,1.13888
2026-07-26 23:00:00+00:00,1.13893,1.13913,1.13889,1.1389
2026-07-26 23:15:00+00:00,1.13891,1.13903,1.13886,1.13893
2026-07-26 23:30:00+00:00,1.13891,1.13933,1.13887,1.13932
2026-07-26 23:45:00+00:00,1.13929,1.13955,1.13916,1.13953
2026-07-27 00:00:00+00:00,1.1395,1.14024,1.13948,1.14022
2026-07-27 00:15:00+00:00,1.14017,1.14102,1.14015,1.141
2026-07-27 00:30:00+00:00,1.14091,1.1413,1.14042,1.14054
2026-07-27 00:45:00+00:00,1.14052,1.14056,1.14009,1.14022
2026-07-27 01:00:00+00:00,1.14021,1.14072,1.14014,1.14068
2026-07-27 01:15:00+00:00,1.14067,1.14073,1.14047,1.14058
2026-07-27 01:30:00+00:00,1.14053,1.14092,1.14031,1.14073
2026-07-27 01:45:00+00:00,1.14072,1.1414,1.14072,1.14131
2026-07-27 02:00:00+00:00,1.14119,1.14143,1.14099,1.14104
2026-07-27 02:15:00+00:00,1.14106,1.1411,1.14077,1.14109
2026-07-27 02:30:00+00:00,1.14106,1.14109,1.14083,1.14085
2026-07-27 02:45:00+00:00,1.14084,1.14093,1.14059,1.14059
2026-07-27 03:00:00+00:00,1.14061,1.14072,1.14034,1.14035
2026-07-27 03:15:00+00:00,1.14038,1.14049,1.1403,1.14049
2026-07-27 03:30:00+00:00,1.14046,1.14046,1.14017,1.14041
2026-07-27 03:45:00+00:00,1.1404,1.1405,1.14035,1.14037
2026-07-27 04:00:00+00:00,1.1404,1.14047,1.14033,1.14036
2026-07-27 04:15:00+00:00,1.14038,1.14055,1.14029,1.14032
2026-07-27 04:30:00+00:00,1.1403,1.14055,1.14028,1.14053
2026-07-27 04:45:00+00:00,1.14048,1.14048,1.14021,1.14043
2026-07-27 05:00:00+00:00,1.1404,1.14069,1.14028,1.14066
2026-07-27 05:15:00+00:00,1.14061,1.14074,1.14052,1.14063
2026-07-27 05:30:00+00:00,1.14061,1.14069,1.14038,1.14053
2026-07-27 05:45:00+00:00,1.1405,1.14071,1.14037,1.14065
2026-07-27 06:00:00+00:00,1.14064,1.14144,1.1406,1.14116
2026-07-27 06:15:00+00:00,1.14125,1.14132,1.1408,1.14132
2026-07-27 06:30:00+00:00,1.14129,1.14176,1.14099,1.14145
2026-07-27 06:45:00+00:00,1.14152,1.14158,1.14078,1.14098
2026-07-27 07:00:00+00:00,1.14095,1.1411,1.1404,1.1408
2026-07-27 07:15:00+00:00,1.14067,1.14093,1.14059,1.1408
2026-07-27 07:30:00+00:00,1.14077,1.14079,1.14022,1.14027
2026-07-27 07:45:00+00:00,1.14034,1.14036,1.13982,1.13989
2026-07-27 08:00:00+00:00,1.14002,1.14002,1.1396,1.13962
2026-07-27 08:15:00+00:00,1.13966,1.13972,1.13951,1.13959
2026-07-27 08:30:00+00:00,1.13961,1.14013,1.1396,1.13997
2026-07-27 08:45:00+00:00,1.14006,1.14033,1.13972,1.14031
2026-07-27 09:00:00+00:00,1.14027,1.14038,1.13978,1.13982
2026-07-27 09:15:00+00:00,1.13989,1.13994,1.13971,1.13975
2026-07-27 09:30:00+00:00,1.13982,1.13988,1.1395,1.13982
2026-07-27 09:45:00+00:00,1.1398,1.1399,1.13963,1.13967
2026-07-27 10:00:00+00:00,1.13972,1.14013,1.13935,1.13954
2026-07-27 10:15:00+00:00,1.13951,1.13997,1.1395,1.13977
2026-07-27 10:30:00+00:00,1.13979,1.14015,1.13968,1.14013
2026-07-27 10:45:00+00:00,1.14009,1.14014,1.13951,1.13954
2026-07-27 11:00:00+00:00,1.13959,1.1396,1.13917,1.13928
2026-07-27 11:15:00+00:00,1.13927,1.13948,1.13916,1.13936
2026-07-27 11:30:00+00:00,1.13931,1.13954,1.13917,1.13934
2026-07-27 11:45:00+00:00,1.13942,1.13942,1.13856,1.13868
2026-07-27 12:00:00+00:00,1.1386,1.13909,1.13845,1.13846
2026-07-27 12:15:00+00:00,1.13848,1.13861,1.13837,1.13845
2026-07-27 12:30:00+00:00,1.13843,1.13843,1.13772,1.13801
2026-07-27 12:45:00+00:00,1.13788,1.13856,1.13788,1.13855
2026-07-27 13:00:00+00:00,1.13853,1.13863,1.1379,1.13847
2026-07-27 13:15:00+00:00,1.13854,1.13854,1.13781,1.13783
2026-07-27 13:30:00+00:00,1.13787,1.13853,1.13777,1.13799
2026-07-27 13:45:00+00:00,1.13802,1.13811,1.13728,1.13732
2026-07-27 14:00:00+00:00,1.13736,1.13764,1.13708,1.13758
2026-07-27 14:15:00+00:00,1.13752,1.13764,1.13723,1.13731
2026-07-27 14:30:00+00:00,1.13731,1.13745,1.13705,1.13708
2026-07-27 14:45:00+00:00,1.13713,1.1375,1.13695,1.13723
2026-07-27 15:00:00+00:00,1.13719,1.13732,1.13689,1.13706
2026-07-27 15:15:00+00:00,1.13696,1.13766,1.13696,1.13765
2026-07-27 15:30:00+00:00,1.13762,1.13764,1.13741,1.13759
2026-07-27 15:45:00+00:00,1.13755,1.13779,1.13739,1.13764
2026-07-27 16:00:00+00:00,1.1377,1.13775,1.13736,1.13773
2026-07-27 16:15:00+00:00,1.1377,1.13833,1.13762,1.13833
2026-07-27 16:30:00+00:00,1.13831,1.13852,1.13817,1.13824
2026-07-27 16:45:00+00:00,1.1383,1.13832,1.13793,1.13803
2026-07-27 17:00:00+00:00,1.13801,1.13806,1.13726,1.13756
2026-07-27 17:15:00+00:00,1.13753,1.13753,1.137,1.13702
2026-07-27 17:30:00+00:00,1.13702,1.13732,1.13692,1.13693
2026-07-27 17:45:00+00:00,1.13694,1.13731,1.13691,1.13727
2026-07-27 18:00:00+00:00,1.13723,1.13739,1.13711,1.13733
2026-07-27 18:15:00+00:00,1.1373,1.13736,1.13697,1.13698
2026-07-27 18:30:00+00:00,1.13699,1.13719,1.13685,1.13702
2026-07-27 18:45:00+00:00,1.13707,1.13708,1.13678,1.13681
2026-07-27 19:00:00+00:00,1.13682,1.13701,1.13675,1.13682
2026-07-27 19:15:00+00:00,1.13679,1.13707,1.1367,1.13706
2026-07-27 19:30:00+00:00,1.13702,1.13735,1.13702,1.13717
2026-07-27 19:45:00+00:00,1.13721,1.13729,1.13705,1.13707
2026-07-27 20:00:00+00:00,1.1371,1.13725,1.137,1.13723
2026-07-27 20:15:00+00:00,1.13721,1.13727,1.13702,1.13714
2026-07-27 20:30:00+00:00,1.13713,1.13713,1.13671,1.13674
2026-07-27 20:45:00+00:00,1.13678,1.13686,1.13671,1.13681
2026-07-27 21:00:00+00:00,1.13681,1.13727,1.13675,1.13725
2026-07-27 21:15:00+00:00,1.13717,1.13738,1.13673,1.13693
2026-07-27 21:30:00+00:00,1.13728,1.13738,1.13673,1.13699
2026-07-27 21:45:00+00:00,1.13721,1.13731,1.13679,1.13696
2026-07-27 22:00:00+00:00,1.1372,1.1373,1.13688,1.13698
2026-07-27 22:15:00+00:00,1.13693,1.13716,1.13691,1.13699
2026-07-27 22:30:00+00:00,1.13697,1.13706,1.13691,1.13697
2026-07-27 22:45:00+00:00,1.13698,1.13702,1.13686,1.13687
2026-07-27 23:00:00+00:00,1.13692,1.13709,1.13685,1.13704
2026-07-27 23:15:00+00:00,1.13701,1.13707,1.13696,1.13705
2026-07-27 23:30:00+00:00,1.13702,1.13708,1.13689,1.13699
2026-07-27 23:45:00+00:00,1.13696,1.13704,1.13677,1.13695
2026-07-28 00:00:00+00:00,1.13692,1.13695,1.13671,1.13691
2026-07-28 00:15:00+00:00,1.1369,1.13733,1.13682,1.13732
2026-07-28 00:30:00+00:00,1.13729,1.13738,1.13715,1.13729
2026-07-28 00:45:00+00:00,1.13728,1.13745,1.13702,1.1374
2026-07-28 01:00:00+00:00,1.13734,1.13775,1.13734,1.13757
2026-07-28 01:15:00+00:00,1.13761,1.13761,1.1374,1.13755
2026-07-28 01:30:00+00:00,1.13751,1.13761,1.13729,1.13732
2026-07-28 01:45:00+00:00,1.13737,1.13741,1.13705,1.13734
2026-07-28 02:00:00+00:00,1.1373,1.1375,1.13719,1.13743
2026-07-28 02:15:00+00:00,1.13742,1.13756,1.13719,1.13721
2026-07-28 02:30:00+00:00,1.13723,1.13735,1.1371,1.13732
2026-07-28 02:45:00+00:00,1.1373,1.13788,1.13724,1.1378
2026-07-28 03:00:00+00:00,1.13778,1.13781,1.1375,1.13764
2026-07-28 03:15:00+00:00,1.1376,1.13784,1.13754,1.13783
2026-07-28 03:30:00+00:00,1.13781,1.13805,1.13757,1.13766
2026-07-28 03:45:00+00:00,1.13764,1.13764,1.13737,1.1374
2026-07-28 04:00:00+00:00,1.13743,1.13752,1.13706,1.13708
2026-07-28 04:15:00+00:00,1.13713,1.13722,1.13698,1.13706
2026-07-28 04:30:00+00:00,1.13703,1.13717,1.137,1.13703
2026-07-28 04:45:00+00:00,1.13703,1.13719,1.13681,1.13681
2026-07-28 05:00:00+00:00,1.13683,1.13692,1.13631,1.13639
2026-07-28 05:15:00+00:00,1.13637,1.13645,1.1362,1.13641
2026-07-28 05:30:00+00:00,1.13631,1.13663,1.1362,1.13658
2026-07-28 05:45:00+00:00,1.13652,1.13664,1.1364,1.13663
2026-07-28 06:00:00+00:00,1.13661,1.13682,1.13653,1.13671
2026-07-28 06:15:00+00:00,1.13671,1.13711,1.13665,1.13709
2026-07-28 06:30:00+00:00,1.13705,1.13733,1.13696,1.1372
2026-07-28 06:45:00+00:00,1.13715,1.13718,1.13682,1.13694
2026-07-28 07:00:00+00:00,1.13693,1.13736,1.1367,1.13713
2026-07-28 07:15:00+00:00,1.13722,1.13741,1.13689,1.13696
2026-07-28 07:30:00+00:00,1.13709,1.13725,1.13683,1.13689
2026-07-28 07:45:00+00:00,1.137,1.137,1.13639,1.1365
2026-07-28 08:00:00+00:00,1.13652,1.13705,1.13652,1.13671
2026-07-28 08:15:00+00:00,1.13678,1.13728,1.13678,1.13697
2026-07-28 08:30:00+00:00,1.13691,1.13719,1.13683,1.13709
2026-07-28 08:45:00+00:00,1.13701,1.13728,1.13701,1.13723
2026-07-28 09:00:00+00:00,1.1372,1.13733,1.13666,1.1367
2026-07-28 09:15:00+00:00,1.13671,1.13685,1.13662,1.1367
2026-07-28 09:30:00+00:00,1.13669,1.13673,1.13632,1.13657
2026-07-28 09:45:00+00:00,1.13653,1.13653,1.13566,1.13568
2026-07-28 10:00:00+00:00,1.13571,1.13571,1.13542,1.13568
2026-07-28 10:15:00+00:00,1.13563,1.13578,1.1355,1.13573
2026-07-28 10:30:00+00:00,1.13572,1.1362,1.13564,1.13579
2026-07-28 10:45:00+00:00,1.13584,1.13637,1.13572,1.13607
2026-07-28 11:00:00+00:00,1.13612,1.13615,1.13571,1.13589
2026-07-28 11:15:00+00:00,1.13586,1.13657,1.13586,1.13654
2026-07-28 11:30:00+00:00,1.1365,1.13668,1.13636,1.13647
2026-07-28 11:45:00+00:00,1.13659,1.13678,1.13616,1.13675
2026-07-28 12:00:00+00:00,1.13673,1.13673,1.13621,1.13657
2026-07-28 12:15:00+00:00,1.13655,1.13661,1.13625,1.13635
2026-07-28 12:30:00+00:00,1.13634,1.13654,1.13609,1.13652
2026-07-28 12:45:00+00:00,1.13647,1.13686,1.13647,1.13672
2026-07-28 13:00:00+00:00,1.1367,1.13708,1.13656,1.13673
2026-07-28 13:15:00+00:00,1.1368,1.13709,1.13662,1.13675
2026-07-28 13:30:00+00:00,1.13677,1.13706,1.13673,1.13701
2026-07-28 13:45:00+00:00,1.13699,1.13739,1.13679,1.13719
2026-07-28 14:00:00+00:00,1.1371,1.13757,1.1371,1.13743
2026-07-28 14:15:00+00:00,1.13751,1.13778,1.13718,1.13766
2026-07-28 14:30:00+00:00,1.1377,1.13796,1.13762,1.13794
2026-07-28 14:45:00+00:00,1.13791,1.13864,1.13771,1.13862
2026-07-28 15:00:00+00:00,1.13854,1.13948,1.13843,1.13944
2026-07-28 15:15:00+00:00,1.13938,1.14003,1.13932,1.13959
2026-07-28 15:30:00+00:00,1.13963,1.14012,1.13955,1.14008
2026-07-28 15:45:00+00:00,1.14002,1.14012,1.13961,1.14004
2026-07-28 16:00:00+00:00,1.13995,1.14035,1.13995,1.14032
2026-07-28 16:15:00+00:00,1.1403,1.14053,1.14024,1.14052
2026-07-28 16:30:00+00:00,1.14049,1.14054,1.14003,1.1401
2026-07-28 16:45:00+00:00,1.1401,1.14013,1.13959,1.13962
2026-07-28 17:00:00+00:00,1.13966,1.13973,1.13935,1.13947
2026-07-28 17:15:00+00:00,1.13945,1.13977,1.1393,1.13932
2026-07-28 17:30:00+00:00,1.13936,1.13946,1.13916,1.1392
2026-07-28 17:45:00+00:00,1.13926,1.13926,1.13882,1.13889
2026-07-28 18:00:00+00:00,1.13892,1.13911,1.13882,1.13901
2026-07-28 18:15:00+00:00,1.13899,1.13917,1.13873,1.13883
2026-07-28 18:30:00+00:00,1.13881,1.13894,1.13872,1.13879
2026-07-28 18:45:00+00:00,1.13883,1.13891,1.13861,1.13867
2026-07-28 19:00:00+00:00,1.1387,1.13905,1.13865,1.13895
2026-07-28 19:15:00+00:00,1.13891,1.13912,1.1388,1.13892
2026-07-28 19:30:00+00:00,1.13895,1.13911,1.13889,1.13895
2026-07-28 19:45:00+00:00,1.13897,1.13922,1.13872,1.13875
2026-07-28 20:00:00+00:00,1.13882,1.1389,1.13869,1.13889
2026-07-28 20:15:00+00:00,1.13886,1.13894,1.13855,1.1386
2026-07-28 20:30:00+00:00,1.1386,1.13878,1.13855,1.13874
2026-07-28 20:45:00+00:00,1.1387,1.13881,1.13861,1.13866
2026-07-28 21:00:00+00:00,1.13866,1.13911,1.13863,1.13884
2026-07-28 21:15:00+00:00,1.13894,1.13927,1.13873,1.13921
2026-07-28 21:30:00+00:00,1.13919,1.13933,1.13882,1.13904
2026-07-28 21:45:00+00:00,1.13918,1.13934,1.13904,1.13906
2026-07-28 22:00:00+00:00,1.13909,1.13914,1.13889,1.13912
2026-07-28 22:15:00+00:00,1.1391,1.1391,1.13843,1.13861
2026-07-28 22:30:00+00:00,1.13858,1.13867,1.13847,1.13858
2026-07-28 22:45:00+00:00,1.13856,1.13858,1.13843,1.13856
2026-07-28 23:00:00+00:00,1.13854,1.13855,1.13821,1.13843
2026-07-28 23:15:00+00:00,1.1384,1.13857,1.13838,1.13855
2026-07-28 23:30:00+00:00,1.13852,1.13859,1.13846,1.13855
2026-07-28 23:45:00+00:00,1.1385,1.13866,1.13843,1.13864
2026-07-29 00:00:00+00:00,1.13862,1.13868,1.1383,1.13839
2026-07-29 00:15:00+00:00,1.13835,1.13903,1.13835,1.13888
2026-07-29 00:30:00+00:00,1.13889,1.13902,1.1388,1.1389
2026-07-29 00:45:00+00:00,1.13888,1.13914,1.13868,1.1391
2026-07-29 01:00:00+00:00,1.13905,1.13921,1.13884,1.13886
2026-07-29 01:15:00+00:00,1.13889,1.13926,1.13881,1.13911
2026-07-29 01:30:00+00:00,1.13908,1.13908,1.13855,1.13871
2026-07-29 01:45:00+00:00,1.13869,1.13919,1.1386,1.1391
2026-07-29 02:00:00+00:00,1.13912,1.13948,1.13902,1.13947
2026-07-29 02:15:00+00:00,1.13944,1.13957,1.1392,1.13936
2026-07-29 02:30:00+00:00,1.1394,1.13963,1.13933,1.1395
2026-07-29 02:45:00+00:00,1.13948,1.13959,1.13925,1.13958
2026-07-29 03:00:00+00:00,1.13957,1.13969,1.13942,1.13964
2026-07-29 03:15:00+00:00,1.13964,1.13995,1.13954,1.13993
2026-07-29 03:30:00+00:00,1.13991,1.14004,1.13986,1.13999
2026-07-29 03:45:00+00:00,1.13996,1.14006,1.1396,1.13965
2026-07-29 04:00:00+00:00,1.13972,1.14006,1.13965,1.14004
2026-07-29 04:15:00+00:00,1.14,1.14023,1.13994,1.14002
2026-07-29 04:30:00+00:00,1.1401,1.14035,1.13982,1.14032
2026-07-29 04:45:00+00:00,1.1403,1.14037,1.13989,1.14009
2026-07-29 05:00:00+00:00,1.14003,1.14032,1.14003,1.14021
2026-07-29 05:15:00+00:00,1.14024,1.14031,1.13993,1.14002
2026-07-29 05:30:00+00:00,1.14001,1.14003,1.13976,1.14001
2026-07-29 05:45:00+00:00,1.13999,1.14017,1.1398,1.13983
2026-07-29 06:00:00+00:00,1.13987,1.14009,1.13956,1.13972
2026-07-29 06:15:00+00:00,1.13966,1.13995,1.13933,1.13934
2026-07-29 06:30:00+00:00,1.13935,1.13956,1.13934,1.13951
2026-07-29 06:45:00+00:00,1.13949,1.13949,1.13903,1.13925
2026-07-29 07:00:00+00:00,1.13921,1.13965,1.13912,1.13932
2026-07-29 07:15:00+00:00,1.13937,1.13975,1.13934,1.13965
2026-07-29 07:30:00+00:00,1.13965,1.14007,1.13959,1.13999
2026-07-29 07:45:00+00:00,1.13995,1.14009,1.13967,1.13982
2026-07-29 08:00:00+00:00,1.1398,1.14003,1.13955,1.13963
2026-07-29 08:15:00+00:00,1.13966,1.13978,1.13946,1.13961
2026-07-29 08:30:00+00:00,1.13958,1.1398,1.13932,1.1397
2026-07-29 08:45:00+00:00,1.1397,1.14006,1.13955,1.13959
2026-07-29 09:00:00+00:00,1.13965,1.13974,1.13947,1.13957
2026-07-29 09:15:00+00:00,1.1396,1.13969,1.13942,1.13956
2026-07-29 09:30:00+00:00,1.13952,1.13964,1.13925,1.13936
2026-07-29 09:45:00+00:00,1.13928,1.13963,1.1392,1.13922
2026-07-29 10:00:00+00:00,1.13926,1.13931,1.13908,1.1391
2026-07-29 10:15:00+00:00,1.13911,1.13917,1.13871,1.13904
2026-07-29 10:30:00+00:00,1.13902,1.13922,1.13876,1.13881
2026-07-29 10:45:00+00:00,1.13879,1.13885,1.13837,1.13852
2026-07-29 11:00:00+00:00,1.13847,1.13881,1.13847,1.13878
2026-07-29 11:15:00+00:00,1.13877,1.13887,1.13854,1.13861
2026-07-29 11:30:00+00:00,1.13864,1.13878,1.13821,1.13827
2026-07-29 11:45:00+00:00,1.13838,1.13848,1.1381,1.13812
2026-07-29 12:00:00+00:00,1.13814,1.13828,1.13794,1.138
2026-07-29 12:15:00+00:00,1.13797,1.13799,1.13753,1.13785
2026-07-29 12:30:00+00:00,1.13786,1.13807,1.13753,1.13803
2026-07-29 12:45:00+00:00,1.13802,1.13804,1.13773,1.13776
2026-07-29 13:00:00+00:00,1.13781,1.13803,1.13764,1.13797
2026-07-29 13:15:00+00:00,1.13796,1.1387,1.13794,1.13868
2026-07-29 13:30:00+00:00,1.13866,1.13877,1.13834,1.13875
2026-07-29 13:45:00+00:00,1.1387,1.13924,1.1387,1.13915
2026-07-29 14:00:00+00:00,1.13911,1.13934,1.13882,1.13896
2026-07-29 14:15:00+00:00,1.13894,1.13944,1.13867,1.1394
2026-07-29 14:30:00+00:00,1.13934,1.13991,1.13903,1.1391
2026-07-29 14:45:00+00:00,1.13923,1.13923,1.13816,1.13822
2026-07-29 15:00:00+00:00,1.13831,1.13861,1.13798,1.1385
2026-07-29 15:15:00+00:00,1.13847,1.13855,1.13789,1.13804
2026-07-29 15:30:00+00:00,1.13799,1.13815,1.13788,1.13811
2026-07-29 15:45:00+00:00,1.13805,1.13834,1.13805,1.13824
2026-07-29 16:00:00+00:00,1.13823,1.13837,1.13784,1.13789
2026-07-29 16:15:00+00:00,1.13786,1.13826,1.13773,1.13824
2026-07-29 16:30:00+00:00,1.13821,1.13827,1.13795,1.13819
2026-07-29 16:45:00+00:00,1.13821,1.13859,1.13821,1.13857
2026-07-29 17:00:00+00:00,1.13856,1.13904,1.1384,1.13903
2026-07-29 17:15:00+00:00,1.139,1.13934,1.13889,1.13906
2026-07-29 17:30:00+00:00,1.13919,1.13966,1.13899,1.13963
2026-07-29 17:45:00+00:00,1.13959,1.14006,1.13948,1.13967
2026-07-29 18:00:00+00:00,1.13962,1.14329,1.13938,1.14277
2026-07-29 18:15:00+00:00,1.1427,1.14288,1.14158,1.14203
2026-07-29 18:30:00+00:00,1.14196,1.14337,1.14089,1.14319
2026-07-29 18:45:00+00:00,1.14297,1.14515,1.14297,1.1451
2026-07-29 19:00:00+00:00,1.14502,1.14551,1.14409,1.14492
2026-07-29 19:15:00+00:00,1.14461,1.14666,1.14461,1.14509
2026-07-29 19:30:00+00:00,1.14512,1.14585,1.14461,1.14581
2026-07-29 19:45:00+00:00,1.14575,1.14588,1.14485,1.14494
2026-07-29 20:00:00+00:00,1.14509,1.1452,1.14473,1.14518
2026-07-29 20:15:00+00:00,1.14511,1.14553,1.14499,1.14552
2026-07-29 20:30:00+00:00,1.14548,1.14664,1.14548,1.14662
2026-07-29 20:45:00+00:00,1.14658,1.14705,1.1464,1.1467
2026-07-29 21:00:00+00:00,1.14677,1.14683,1.14567,1.14601
2026-07-29 21:15:00+00:00,1.146,1.14643,1.14566,1.1464
2026-07-29 21:30:00+00:00,1.14637,1.14663,1.14566,1.14612
2026-07-29 21:45:00+00:00,1.14644,1.14655,1.14591,1.14604
2026-07-29 22:00:00+00:00,1.14618,1.14692,1.14616,1.14685
2026-07-29 22:15:00+00:00,1.14682,1.14698,1.14672,1.14682
2026-07-29 22:30:00+00:00,1.14679,1.14699,1.14678,1.14695
2026-07-29 22:45:00+00:00,1.14692,1.14718,1.14692,1.14716
2026-07-29 23:00:00+00:00,1.14713,1.14753,1.14705,1.1471
2026-07-29 23:15:00+00:00,1.14717,1.14717,1.1467,1.14672
2026-07-29 23:30:00+00:00,1.14672,1.14684,1.14654,1.14658
2026-07-29 23:45:00+00:00,1.14664,1.14699,1.14647,1.14675
2026-07-30 00:00:00+00:00,1.14677,1.14689,1.14637,1.14671
2026-07-30 00:15:00+00:00,1.14667,1.14674,1.1457,1.14573
2026-07-30 00:30:00+00:00,1.14578,1.14584,1.14562,1.14577
2026-07-30 00:45:00+00:00,1.14576,1.14585,1.14569,1.14583
2026-07-30 01:00:00+00:00,1.14581,1.14616,1.14572,1.14588
2026-07-30 01:15:00+00:00,1.14591,1.14599,1.14537,1.14552
2026-07-30 01:30:00+00:00,1.14544,1.1459,1.14528,1.14569
2026-07-30 01:45:00+00:00,1.14567,1.14582,1.14528,1.14529
2026-07-30 02:00:00+00:00,1.14531,1.14553,1.14528,1.14529
2026-07-30 02:15:00+00:00,1.14532,1.14533,1.14516,1.14528
2026-07-30 02:30:00+00:00,1.14525,1.14556,1.14521,1.14546
2026-07-30 02:45:00+00:00,1.14545,1.14554,1.14534,1.14535
2026-07-30 03:00:00+00:00,1.14536,1.14548,1.14516,1.14517
2026-07-30 03:15:00+00:00,1.14519,1.14523,1.14483,1.14499
2026-07-30 03:30:00+00:00,1.145,1.14529,1.14496,1.14523
2026-07-30 03:45:00+00:00,1.14521,1.14524,1.14499,1.145
2026-07-30 04:00:00+00:00,1.14502,1.14535,1.14494,1.14523
2026-07-30 04:15:00+00:00,1.14527,1.14537,1.14523,1.14532
2026-07-30 04:30:00+00:00,1.1453,1.14544,1.14525,1.14529
2026-07-30 04:45:00+00:00,1.14531,1.14535,1.14503,1.14508
2026-07-30 05:00:00+00:00,1.14506,1.14555,1.14504,1.1455
2026-07-30 05:15:00+00:00,1.1455,1.14563,1.14532,1.14563
2026-07-30 05:30:00+00:00,1.14561,1.14563,1.14516,1.14524
2026-07-30 05:45:00+00:00,1.14521,1.14545,1.14495,1.14498
2026-07-30 06:00:00+00:00,1.145,1.14512,1.14443,1.14449
2026-07-30 06:15:00+00:00,1.14458,1.14465,1.14442,1.14452
2026-07-30 06:30:00+00:00,1.1445,1.14485,1.14438,1.1447
2026-07-30 06:45:00+00:00,1.14467,1.1451,1.14462,1.14476
2026-07-30 07:00:00+00:00,1.14478,1.14506,1.14428,1.14434
2026-07-30 07:15:00+00:00,1.14444,1.14448,1.14368,1.14375
2026-07-30 07:30:00+00:00,1.14387,1.14388,1.1435,1.14378
2026-07-30 07:45:00+00:00,1.14378,1.1439,1.14365,1.14375
2026-07-30 08:00:00+00:00,1.14373,1.14474,1.14373,1.14472
2026-07-30 08:15:00+00:00,1.14469,1.14545,1.14456,1.14539
2026-07-30 08:30:00+00:00,1.14529,1.14551,1.1446,1.1451
2026-07-30 08:45:00+00:00,1.14507,1.14548,1.14469,1.14474
2026-07-30 09:00:00+00:00,1.14482,1.14584,1.14471,1.14574
2026-07-30 09:15:00+00:00,1.1458,1.14642,1.14572,1.14625
2026-07-30 09:30:00+00:00,1.14629,1.14643,1.14604,1.1463
2026-07-30 09:45:00+00:00,1.14628,1.14674,1.14609,1.1466
2026-07-30 10:00:00+00:00,1.14656,1.14709,1.14613,1.14701
2026-07-30 10:15:00+00:00,1.14689,1.14789,1.14689,1.14713
2026-07-30 10:30:00+00:00,1.14719,1.14832,1.14718,1.14827
2026-07-30 10:45:00+00:00,1.14817,1.14843,1.14734,1.14753
2026-07-30 11:00:00+00:00,1.14748,1.1477,1.14724,1.14731
2026-07-30 11:15:00+00:00,1.14742,1.14742,1.14658,1.14671
2026-07-30 11:30:00+00:00,1.14673,1.14679,1.14653,1.14656
2026-07-30 11:45:00+00:00,1.14655,1.14748,1.14654,1.14747
2026-07-30 12:00:00+00:00,1.1474,1.14809,1.14732,1.14803
2026-07-30 12:15:00+00:00,1.14792,1.14815,1.14747,1.14766
2026-07-30 12:30:00+00:00,1.14771,1.14829,1.14726,1.14766
2026-07-30 12:45:00+00:00,1.14776,1.14821,1.14709,1.14756
2026-07-30 13:00:00+00:00,1.14749,1.14755,1.14705,1.14748
2026-07-30 13:15:00+00:00,1.14744,1.14811,1.14718,1.14789
2026-07-30 13:30:00+00:00,1.14794,1.15022,1.14794,1.15008
2026-07-30 13:45:00+00:00,1.14985,1.15217,1.14985,1.15206
2026-07-30 14:00:00+00:00,1.15178,1.15363,1.15178,1.15259
2026-07-30 14:15:00+00:00,1.1527,1.15319,1.15198,1.15203
2026-07-30 14:30:00+00:00,1.15212,1.15246,1.151,1.15104
2026-07-30 14:45:00+00:00,1.1511,1.15148,1.1504,1.15045
2026-07-30 15:00:00+00:00,1.15053,1.15067,1.14999,1.15026
2026-07-30 15:15:00+00:00,1.15009,1.15156,1.14997,1.1515
2026-07-30 15:30:00+00:00,1.15139,1.15223,1.15131,1.1522
2026-07-30 15:45:00+00:00,1.15216,1.15257,1.15202,1.15217
2026-07-30 16:00:00+00:00,1.15222,1.15285,1.15211,1.15237
2026-07-30 16:15:00+00:00,1.15248,1.15306,1.15238,1.153
2026-07-30 16:30:00+00:00,1.15295,1.15309,1.15257,1.15262
2026-07-30 16:45:00+00:00,1.1527,1.15277,1.15229,1.15273
2026-07-30 17:00:00+00:00,1.15263,1.15303,1.15213,1.15218
2026-07-30 17:15:00+00:00,1.15228,1.15228,1.15189,1.15201
2026-07-30 17:30:00+00:00,1.152,1.15283,1.15141,1.1522
2026-07-30 17:45:00+00:00,1.15251,1.15318,1.15251,1.15287
2026-07-30 18:00:00+00:00,1.15285,1.15346,1.15284,1.15345
2026-07-30 18:15:00+00:00,1.15341,1.15359,1.15276,1.15298
2026-07-30 18:30:00+00:00,1.15292,1.15335,1.15291,1.15314
2026-07-30 18:45:00+00:00,1.1531,1.15348,1.15307,1.15344
2026-07-30 19:00:00+00:00,1.15336,1.15356,1.15286,1.15303
2026-07-30 19:15:00+00:00,1.15298,1.15345,1.15283,1.1532
2026-07-30 19:30:00+00:00,1.1533,1.1533,1.15299,1.15313
2026-07-30 19:45:00+00:00,1.1531,1.15326,1.15283,1.15319
2026-07-30 20:00:00+00:00,1.15313,1.15327,1.15296,1.15319
2026-07-30 20:15:00+00:00,1.15317,1.15317,1.1528,1.15293
2026-07-30 20:30:00+00:00,1.1529,1.15291,1.15266,1.15274
2026-07-30 20:45:00+00:00,1.15277,1.15297,1.15267,1.15276
2026-07-30 21:00:00+00:00,1.15279,1.15299,1.15253,1.15257
2026-07-30 21:15:00+00:00,1.15262,1.15264,1.15245,1.15253
2026-07-30 21:30:00+00:00,1.15249,1.15262,1.15243,1.15255
2026-07-30 21:45:00+00:00,1.15251,1.15262,1.15245,1.1526
2026-07-30 22:00:00+00:00,1.15258,1.15294,1.15254,1.15273
2026-07-30 22:15:00+00:00,1.1527,1.15289,1.15258,1.15266
2026-07-30 22:30:00+00:00,1.15263,1.15314,1.15259,1.15295
2026-07-30 22:45:00+00:00,1.15297,1.15308,1.1528,1.15283
2026-07-30 23:00:00+00:00,1.15289,1.15321,1.15247,1.15252
2026-07-30 23:15:00+00:00,1.15259,1.15276,1.15235,1.15248
2026-07-30 23:30:00+00:00,1.1525,1.15253,1.15227,1.15245
2026-07-30 23:45:00+00:00,1.15244,1.15258,1.15231,1.15239
2026-07-31 00:00:00+00:00,1.15239,1.15247,1.15207,1.15227
2026-07-31 00:15:00+00:00,1.1523,1.15267,1.15211,1.15244
2026-07-31 00:30:00+00:00,1.1524,1.1524,1.15161,1.15166
2026-07-31 00:45:00+00:00,1.15166,1.15204,1.15166,1.15186
2026-07-31 01:00:00+00:00,1.15188,1.15201,1.15164,1.15166
2026-07-31 01:15:00+00:00,1.15171,1.15192,1.15156,1.15191
2026-07-31 01:30:00+00:00,1.15188,1.15209,1.15146,1.15148
2026-07-31 01:45:00+00:00,1.15151,1.15151,1.15105,1.15106
2026-07-31 02:00:00+00:00,1.15108,1.15164,1.15101,1.15163
2026-07-31 02:15:00+00:00,1.15161,1.15166,1.15132,1.1514
2026-07-31 02:30:00+00:00,1.15138,1.15154,1.15121,1.15125
2026-07-31 02:45:00+00:00,1.15125,1.15131,1.15105,1.15122
2026-07-31 03:00:00+00:00,1.15119,1.15147,1.15097,1.15118
2026-07-31 03:15:00+00:00,1.15114,1.15119,1.15084,1.15098
2026-07-31 03:30:00+00:00,1.15095,1.151,1.15068,1.15079
2026-07-31 03:45:00+00:00,1.15073,1.15138,1.15073,1.15137
2026-07-31 04:00:00+00:00,1.15134,1.15144,1.15121,1.15123
2026-07-31 04:15:00+00:00,1.15129,1.15144,1.15116,1.15125
2026-07-31 04:30:00+00:00,1.1513,1.1513,1.1506,1.15068
2026-07-31 04:45:00+00:00,1.15064,1.15086,1.15048,1.15085
2026-07-31 05:00:00+00:00,1.15082,1.15097,1.15068,1.1507
2026-07-31 05:15:00+00:00,1.15073,1.15078,1.15051,1.15062
2026-07-31 05:30:00+00:00,1.1506,1.151,1.15055,1.15097
2026-07-31 05:45:00+00:00,1.1509,1.1509,1.15051,1.1507
2026-07-31 06:00:00+00:00,1.15067,1.15161,1.15059,1.15128
2026-07-31 06:15:00+00:00,1.15142,1.15217,1.1514,1.15214
2026-07-31 06:30:00+00:00,1.15211,1.15214,1.15109,1.15121
2026-07-31 06:45:00+00:00,1.15122,1.15222,1.15106,1.15187
2026-07-31 07:00:00+00:00,1.15185,1.15185,1.15141,1.15175
2026-07-31 07:15:00+00:00,1.15171,1.15175,1.15124,1.15148
2026-07-31 07:30:00+00:00,1.1515,1.15191,1.15112,1.1519
2026-07-31 07:45:00+00:00,1.15187,1.15246,1.1513,1.15141
2026-07-31 08:00:00+00:00,1.15138,1.1516,1.15088,1.1509
2026-07-31 08:15:00+00:00,1.15095,1.15133,1.15095,1.15105
2026-07-31 08:30:00+00:00,1.15104,1.15111,1.15043,1.15099
2026-07-31 08:45:00+00:00,1.15093,1.1526,1.15085,1.15258
2026-07-31 09:00:00+00:00,1.15252,1.15252,1.15148,1.1518
2026-07-31 09:15:00+00:00,1.15178,1.15185,1.15097,1.15101
2026-07-31 09:30:00+00:00,1.15109,1.15116,1.15053,1.15061
2026-07-31 09:45:00+00:00,1.1506,1.15092,1.15036,1.15053
2026-07-31 10:00:00+00:00,1.15054,1.15083,1.15038,1.15079
2026-07-31 10:15:00+00:00,1.15078,1.15079,1.15018,1.15019
2026-07-31 10:30:00+00:00,1.15022,1.15053,1.15014,1.15031
2026-07-31 10:45:00+00:00,1.15023,1.15044,1.15014,1.15017
2026-07-31 11:00:00+00:00,1.15017,1.15028,1.14974,1.14997
2026-07-31 11:15:00+00:00,1.15,1.15,1.14928,1.14945
2026-07-31 11:30:00+00:00,1.14948,1.14958,1.14893,1.14899
2026-07-31 11:45:00+00:00,1.14901,1.14907,1.14858,1.14865
2026-07-31 12:00:00+00:00,1.14862,1.14869,1.14829,1.14856
2026-07-31 12:15:00+00:00,1.14846,1.14881,1.14846,1.14854
2026-07-31 12:30:00+00:00,1.1486,1.14871,1.1483,1.14861
2026-07-31 12:45:00+00:00,1.14858,1.14904,1.1484,1.14889
2026-07-31 13:00:00+00:00,1.14892,1.1492,1.14878,1.14882
2026-07-31 13:15:00+00:00,1.14888,1.15032,1.14851,1.15005
2026-07-31 13:30:00+00:00,1.15014,1.15014,1.14565,1.14676
2026-07-31 13:45:00+00:00,1.14652,1.14743,1.14642,1.14687
2026-07-31 14:00:00+00:00,1.147,1.14738,1.14643,1.14731
2026-07-31 14:15:00+00:00,1.14713,1.14801,1.14713,1.14798
2026-07-31 14:30:00+00:00,1.14794,1.14911,1.14789,1.14882
2026-07-31 14:45:00+00:00,1.14894,1.15062,1.14887,1.15056
2026-07-31 15:00:00+00:00,1.15042,1.1508,1.14953,1.15016
2026-07-31 15:15:00+00:00,1.15007,1.15068,1.14991,1.15037
2026-07-31 15:30:00+00:00,1.15053,1.15103,1.15018,1.15084
2026-07-31 15:45:00+00:00,1.15092,1.15178,1.15082,1.15156
2026-07-31 16:00:00+00:00,1.15157,1.15185,1.15128,1.15179
2026-07-31 16:15:00+00:00,1.15164,1.15187,1.15125,1.15131
2026-07-31 16:30:00+00:00,1.1514,1.15175,1.1513,1.15146
2026-07-31 16:45:00+00:00,1.15155,1.15179,1.15136,1.15178
2026-07-31 17:00:00+00:00,1.15173,1.15223,1.1517,1.15221
2026-07-31 17:15:00+00:00,1.15214,1.15275,1.15201,1.15273
2026-07-31 17:30:00+00:00,1.15268,1.15358,1.15268,1.15354
2026-07-31 17:45:00+00:00,1.15349,1.1537,1.15295,1.15345
2026-07-31 18:00:00+00:00,1.15354,1.15362,1.15296,1.15326
2026-07-31 18:15:00+00:00,1.15317,1.15317,1.15267,1.15287
2026-07-31 18:30:00+00:00,1.15293,1.15307,1.15272,1.15279
2026-07-31 18:45:00+00:00,1.15286,1.15312,1.1525,1.15311
2026-07-31 19:00:00+00:00,1.15308,1.15339,1.15302,1.15333
2026-07-31 19:15:00+00:00,1.15331,1.15336,1.15296,1.1531
2026-07-31 19:30:00+00:00,1.15307,1.15328,1.15271,1.15322
2026-07-31 19:45:00+00:00,1.15314,1.1536,1.15311,1.15318
2026-07-31 20:00:00+00:00,1.1533,1.1533,1.15247,1.15281
2026-07-31 20:15:00+00:00,1.15271,1.15378,1.15264,1.15348
2026-07-31 20:30:00+00:00,1.15352,1.15398,1.15339,1.15393
2026-07-31 20:45:00+00:00,1.15387,1.15463,1.15294,1.15304
2026-07-31 21:00:00+00:00,1.15321,1.15358,1.15251,1.15313
2026-07-31 21:15:00+00:00,1.15311,1.15318,1.15292,1.15315
2026-07-31 21:30:00+00:00,1.15313,1.15384,1.15295,1.15344
2026-07-31 21:45:00+00:00,1.1534,1.15387,1.15287,1.15312
2026-07-31 22:00:00+00:00,1.15329,1.15382,1.15295,1.1533
2026-07-31 22:15:00+00:00,1.15328,1.15386,1.15296,1.15344
2026-07-31 22:30:00+00:00,1.15326,1.15386,1.15298,1.15364
2026-07-31 22:45:00+00:00,1.15338,1.15383,1.15319,1.15331
2026-07-31 23:00:00+00:00,1.15335,1.15384,1.15287,1.15342
2026-07-31 23:15:00+00:00,1.15329,1.15386,1.15311,1.15337
2026-07-31 23:30:00+00:00,1.15333,1.15383,1.15312,1.15366
2026-07-31 23:45:00+00:00,1.15338,1.15382,1.1533,1.15331
2026-08-01 00:00:00+00:00,1.15335,1.15375,1.15279,1.15292
2026-08-01 00:15:00+00:00,1.15291,1.15327,1.15282,1.15295
2026-08-01 00:30:00+00:00,1.15293,1.15298,1.1528,1.15294
2026-08-01 00:45:00+00:00,1.1529,1.1531,1.15271,1.1529
2026-08-01 01:00:00+00:00,1.15291,1.15299,1.15279,1.1529
2026-08-01 01:15:00+00:00,1.1529,1.1531,1.1528,1.15295
2026-08-01 01:30:00+00:00,1.15291,1.15387,1.15267,1.15294
2026-08-01 01:45:00+00:00,1.15298,1.15298,1.1528,1.1529
2026-08-01 02:00:00+00:00,1.15291,1.15331,1.15279,1.1529
2026-08-01 02:15:00+00:00,1.15291,1.15299,1.1528,1.15294
2026-08-01 02:30:00+00:00,1.1529,1.15324,1.15282,1.15295
2026-08-01 02:45:00+00:00,1.15292,1.15306,1.15285,1.15291
2026-08-01 03:00:00+00:00,1.15292,1.15296,1.15288,1.1529
2026-08-01 03:15:00+00:00,1.1529,1.15327,1.15274,1.15294
2026-08-01 03:30:00+00:00,1.15291,1.15296,1.15289,1.15294
2026-08-01 03:45:00+00:00,1.1529,1.15393,1.15289,1.15293
2026-08-01 04:00:00+00:00,1.15291,1.15344,1.15289,1.15293
2026-08-01 04:15:00+00:00,1.15294,1.15297,1.1529,1.15295
2026-08-01 04:30:00+00:00,1.15292,1.15307,1.15284,1.15295
2026-08-01 04:45:00+00:00,1.15292,1.15297,1.1529,1.15294
2026-08-01 05:00:00+00:00,1.15292,1.15346,1.15279,1.1529
2026-08-01 05:15:00+00:00,1.15291,1.1538,1.15289,1.15293
2026-08-01 05:30:00+00:00,1.15295,1.15297,1.1529,1.15295
2026-08-01 05:45:00+00:00,1.15291,1.15338,1.1529,1.15294
2026-08-01 06:00:00+00:00,1.15292,1.15297,1.15289,1.15291
2026-08-01 06:15:00+00:00,1.15292,1.15308,1.15281,1.15295
2026-08-01 06:30:00+00:00,1.15292,1.15331,1.15289,1.15295
2026-08-01 06:45:00+00:00,1.15304,1.15304,1.1529,1.15295
2026-08-01 07:00:00+00:00,1.15292,1.15401,1.15278,1.15291
2026-08-01 07:15:00+00:00,1.15291,1.15297,1.15289,1.15294
2026-08-01 07:30:00+00:00,1.15292,1.15328,1.15289,1.15294
2026-08-01 07:45:00+00:00,1.15291,1.15346,1.1529,1.15294
2026-08-01 08:00:00+00:00,1.15296,1.15297,1.1529,1.15291
2026-08-01 08:15:00+00:00,1.15291,1.15331,1.15282,1.15293
2026-08-01 08:30:00+00:00,1.15293,1.15297,1.1529,1.15294
2026-08-01 08:45:00+00:00,1.15291,1.1536,1.15276,1.15296
2026-08-01 09:00:00+00:00,1.15294,1.15382,1.15292,1.15303
2026-08-01 09:15:00+00:00,1.15303,1.15303,1.15291,1.15293
2026-08-01 09:30:00+00:00,1.15293,1.15324,1.1529,1.15299
2026-08-01 09:45:00+00:00,1.15298,1.153,1.15292,1.15296
2026-08-01 10:00:00+00:00,1.15294,1.15316,1.15284,1.15291
2026-08-01 10:15:00+00:00,1.15291,1.15344,1.15281,1.15295
2026-08-01 10:30:00+00:00,1.15297,1.15298,1.1529,1.15294
2026-08-01 10:45:00+00:00,1.15291,1.15395,1.1529,1.15294
2026-08-01 11:00:00+00:00,1.15292,1.15297,1.1529,1.15294
2026-08-01 11:15:00+00:00,1.15291,1.15336,1.15289,1.15291
2026-08-01 11:30:00+00:00,1.15291,1.15396,1.15271,1.15303
2026-08-01 11:45:00+00:00,1.15305,1.15305,1.15279,1.15293
2026-08-01 12:00:00+00:00,1.15291,1.15404,1.15289,1.15293
2026-08-01 12:15:00+00:00,1.15292,1.15296,1.15289,1.1529
2026-08-01 12:30:00+00:00,1.15291,1.15404,1.1528,1.15291
2026-08-01 12:45:00+00:00,1.15291,1.15403,1.15283,1.15309
2026-08-01 13:00:00+00:00,1.15304,1.15304,1.15289,1.15292
2026-08-01 13:15:00+00:00,1.15291,1.15401,1.15288,1.15294
2026-08-01 13:30:00+00:00,1.15294,1.15297,1.15289,1.15291
2026-08-01 13:45:00+00:00,1.15291,1.15401,1.15289,1.15296
2026-08-01 14:00:00+00:00,1.15294,1.15404,1.15276,1.15312
2026-08-01 14:15:00+00:00,1.15307,1.15311,1.15295,1.15297
2026-08-01 14:30:00+00:00,1.15297,1.154,1.15295,1.15311
2026-08-01 14:45:00+00:00,1.15311,1.15316,1.1531,1.15313
2026-08-01 15:00:00+00:00,1.15311,1.15395,1.15308,1.1533
2026-08-01 15:15:00+00:00,1.15328,1.15386,1.15326,1.15338
2026-08-01 15:30:00+00:00,1.15336,1.15341,1.15334,1.15335
2026-08-01 15:45:00+00:00,1.15336,1.15383,1.1528,1.15326
2026-08-01 16:00:00+00:00,1.15325,1.15328,1.15279,1.15307
2026-08-01 16:15:00+00:00,1.15305,1.15396,1.15298,1.15307
2026-08-01 16:30:00+00:00,1.15305,1.15389,1.1529,1.15364
2026-08-01 16:45:00+00:00,1.15317,1.15338,1.15291,1.15305
2026-08-01 17:00:00+00:00,1.15304,1.15399,1.15285,1.1531
2026-08-01 17:15:00+00:00,1.15308,1.15313,1.15299,1.153
2026-08-01 17:30:00+00:00,1.15302,1.15397,1.15299,1.15314
2026-08-01 17:45:00+00:00,1.15315,1.15393,1.1531,1.15315
2026-08-01 18:00:00+00:00,1.15315,1.1533,1.15315,1.15328
2026-08-01 18:15:00+00:00,1.15325,1.15386,1.15307,1.15317
2026-08-01 18:30:00+00:00,1.15316,1.15321,1.15314,1.15315
2026-08-01 18:45:00+00:00,1.15316,1.15389,1.15302,1.15308
2026-08-01 19:00:00+00:00,1.15305,1.15407,1.15279,1.15365
2026-08-01 19:15:00+00:00,1.15283,1.1531,1.15283,1.15297
2026-08-01 19:30:00+00:00,1.15295,1.15401,1.15282,1.15301
2026-08-01 19:45:00+00:00,1.15302,1.15331,1.15278,1.15309
2026-08-01 20:00:00+00:00,1.1531,1.15389,1.15299,1.15316
2026-08-01 20:15:00+00:00,1.15314,1.15393,1.15312,1.15366
2026-08-01 20:30:00+00:00,1.15312,1.1533,1.15312,1.15324
2026-08-01 20:45:00+00:00,1.15324,1.15388,1.15323,1.15332
2026-08-01 21:00:00+00:00,1.15333,1.15338,1.15331,1.15335
2026-08-01 21:15:00+00:00,1.15333,1.15384,1.15326,1.15342
2026-08-01 21:30:00+00:00,1.1534,1.15387,1.15272,1.15323
2026-08-01 21:45:00+00:00,1.15324,1.1534,1.15307,1.15309
2026-08-01 22:00:00+00:00,1.15313,1.15396,1.15284,1.1531
2026-08-01 22:15:00+00:00,1.15309,1.15314,1.15307,1.15311
2026-08-01 22:30:00+00:00,1.15309,1.15395,1.15307,1.15322
2026-08-01 22:45:00+00:00,1.1532,1.15388,1.15318,1.15319
2026-08-01 23:00:00+00:00,1.1532,1.15335,1.15319,1.15332
2026-08-01 23:15:00+00:00,1.1533,1.15384,1.15328,1.1534
2026-08-01 23:30:00+00:00,1.15337,1.15342,1.15335,1.15338
2026-08-01 23:45:00+00:00,1.15337,1.1538,1.15331,1.15342
2026-08-02 00:00:00+00:00,1.15343,1.15383,1.15318,1.15363
2026-08-02 00:15:00+00:00,1.15325,1.15386,1.15325,1.15336
2026-08-02 00:30:00+00:00,1.15334,1.15383,1.15332,1.15342
2026-08-02 00:45:00+00:00,1.1534,1.15345,1.15339,1.1534
2026-08-02 01:00:00+00:00,1.1534,1.1538,1.15339,1.15343
2026-08-02 01:15:00+00:00,1.15343,1.15348,1.15341,1.15345
2026-08-02 01:30:00+00:00,1.15343,1.15379,1.15338,1.15349
2026-08-02 01:45:00+00:00,1.15347,1.15376,1.15346,1.15351
2026-08-02 02:00:00+00:00,1.15351,1.15357,1.1535,1.15351
2026-08-02 02:15:00+00:00,1.15351,1.15374,1.15351,1.15357
2026-08-02 02:30:00+00:00,1.15354,1.15362,1.15264,1.1531
2026-08-02 02:45:00+00:00,1.15308,1.15396,1.15293,1.15326
2026-08-02 03:00:00+00:00,1.15326,1.15387,1.15321,1.15334
2026-08-02 03:15:00+00:00,1.15334,1.15339,1.15333,1.15336
2026-08-02 03:30:00+00:00,1.15334,1.15382,1.15332,1.15343
2026-08-02 03:45:00+00:00,1.15341,1.15346,1.15339,1.15341
2026-08-02 04:00:00+00:00,1.15341,1.1538,1.1534,1.15345
2026-08-02 04:15:00+00:00,1.15346,1.15376,1.15344,1.15347
2026-08-02 04:30:00+00:00,1.15346,1.15351,1.15344,1.15348
2026-08-02 04:45:00+00:00,1.15346,1.15376,1.15344,1.1535
2026-08-02 05:00:00+00:00,1.1535,1.15355,1.15348,1.15349
2026-08-02 05:15:00+00:00,1.1535,1.15375,1.15346,1.15355
2026-08-02 05:30:00+00:00,1.15353,1.15374,1.15351,1.15359
2026-08-02 05:45:00+00:00,1.15356,1.15361,1.15354,1.15357
2026-08-02 06:00:00+00:00,1.15356,1.15383,1.15264,1.15338
2026-08-02 06:15:00+00:00,1.15339,1.15342,1.15276,1.15323
2026-08-02 06:30:00+00:00,1.15323,1.15386,1.15322,1.15334
2026-08-02 06:45:00+00:00,1.15332,1.15383,1.15324,1.1534
2026-08-02 07:00:00+00:00,1.15339,1.15344,1.15337,1.15338
2026-08-02 07:15:00+00:00,1.15339,1.1538,1.15337,1.15344
2026-08-02 07:30:00+00:00,1.15344,1.15349,1.15343,1.15347
2026-08-02 07:45:00+00:00,1.15344,1.15378,1.15343,1.15347
2026-08-02 08:00:00+00:00,1.15345,1.15376,1.15343,1.15349
2026-08-02 08:15:00+00:00,1.15349,1.15354,1.15347,1.15349
2026-08-02 08:30:00+00:00,1.15349,1.15375,1.15346,1.15355
2026-08-02 08:45:00+00:00,1.15353,1.15358,1.15351,1.15355
2026-08-02 09:00:00+00:00,1.15353,1.15374,1.15352,1.15355
2026-08-02 09:15:00+00:00,1.15356,1.15372,1.15348,1.1535
2026-08-02 09:30:00+00:00,1.1535,1.15356,1.15349,1.15352
2026-08-02 09:45:00+00:00,1.1535,1.15375,1.15349,1.15356
2026-08-02 10:00:00+00:00,1.15354,1.15359,1.15352,1.15354
2026-08-02 10:15:00+00:00,1.15354,1.15359,1.15352,1.15353
2026-08-02 10:30:00+00:00,1.15354,1.15359,1.15352,1.15356
2026-08-02 10:45:00+00:00,1.15354,1.15359,1.15352,1.15356
2026-08-02 11:00:00+00:00,1.15354,1.15359,1.15352,1.15355
2026-08-02 11:15:00+00:00,1.15354,1.15359,1.15352,1.15353
2026-08-02 11:30:00+00:00,1.15354,1.15393,1.15299,1.15319
2026-08-02 11:45:00+00:00,1.15317,1.15322,1.15315,1.15319
2026-08-02 12:00:00+00:00,1.15317,1.15322,1.15315,1.15318
2026-08-02 12:15:00+00:00,1.15317,1.15322,1.15315,1.15316
2026-08-02 12:30:00+00:00,1.15317,1.15322,1.15315,1.15317
2026-08-02 12:45:00+00:00,1.15317,1.15322,1.15315,1.15319
2026-08-02 13:00:00+00:00,1.15317,1.15322,1.15315,1.15318
2026-08-02 13:15:00+00:00,1.15317,1.15332,1.15259,1.15269
2026-08-02 13:30:00+00:00,1.1527,1.15275,1.15268,1.15269
2026-08-02 13:45:00+00:00,1.1527,1.15275,1.15268,1.15272
2026-08-02 14:00:00+00:00,1.1527,1.15287,1.15227,1.15284
2026-08-02 14:15:00+00:00,1.15282,1.15287,1.1528,1.15282
2026-08-02 14:30:00+00:00,1.15282,1.15287,1.1528,1.15282
2026-08-02 14:45:00+00:00,1.15282,1.15287,1.15281,1.15284
2026-08-02 15:00:00+00:00,1.15282,1.15323,1.15265,1.15284
2026-08-02 15:15:00+00:00,1.15282,1.15287,1.1528,1.15282
2026-08-02 15:30:00+00:00,1.15282,1.15287,1.1528,1.15281
2026-08-02 15:45:00+00:00,1.15282,1.15287,1.1528,1.15283
2026-08-02 16:00:00+00:00,1.15282,1.15299,1.15281,1.15287
2026-08-02 16:15:00+00:00,1.15285,1.1529,1.15283,1.15285
2026-08-02 16:30:00+00:00,1.15285,1.1529,1.1525,1.15261
2026-08-02 16:45:00+00:00,1.15262,1.15267,1.1526,1.15264
2026-08-02 17:00:00+00:00,1.15262,1.15306,1.15261,1.15291
2026-08-02 17:15:00+00:00,1.15288,1.15296,1.15287,1.1529
2026-08-02 17:30:00+00:00,1.15289,1.15295,1.15288,1.15289
2026-08-02 17:45:00+00:00,1.15289,1.15295,1.15286,1.15288
2026-08-02 18:00:00+00:00,1.15288,1.15326,1.15275,1.15323
2026-08-02 18:15:00+00:00,1.15314,1.15314,1.15258,1.15293
2026-08-02 18:30:00+00:00,1.15286,1.15298,1.15286,1.15293
2026-08-02 18:45:00+00:00,1.15294,1.15299,1.15291,1.15293
2026-08-02 19:00:00+00:00,1.15293,1.15437,1.15207,1.15435
2026-08-02 19:15:00+00:00,1.15427,1.15534,1.15201,1.15342
2026-08-02 19:30:00+00:00,1.15364,1.15587,1.15209,1.15341
2026-08-02 19:45:00+00:00,1.15415,1.15568,1.15211,1.15294
2026-08-02 20:00:00+00:00,1.15358,1.15563,1.15221,1.15331
2026-08-02 20:15:00+00:00,1.15422,1.15496,1.15227,1.15454
2026-08-02 20:30:00+00:00,1.15443,1.15505,1.15225,1.15497
2026-08-02 20:45:00+00:00,1.15487,1.15497,1.15226,1.15318
2026-08-02 21:00:00+00:00,1.15451,1.15488,1.15226,1.1547
2026-08-02 21:15:00+00:00,1.15468,1.15485,1.15242,1.15462
2026-08-02 21:30:00+00:00,1.15456,1.15489,1.15239,1.15487
2026-08-02 21:45:00+00:00,1.15483,1.15513,1.15243,1.15485
2026-08-02 22:00:00+00:00,1.15481,1.15583,1.15478,1.1558
2026-08-02 22:15:00+00:00,1.15573,1.15593,1.15479,1.155
2026-08-02 22:30:00+00:00,1.15489,1.15521,1.15479,1.15485
2026-08-02 22:45:00+00:00,1.15486,1.15521,1.15481,1.15488
2026-08-02 23:00:00+00:00,1.1549,1.15513,1.15437,1.15453
2026-08-02 23:15:00+00:00,1.15446,1.15457,1.15432,1.15445
2026-08-02 23:30:00+00:00,1.15441,1.15464,1.15425,1.15428
2026-08-02 23:45:00+00:00,1.15432,1.15451,1.1542,1.15429
2026-08-03 00:00:00+00:00,1.15437,1.15445,1.15354,1.15365
2026-08-03 00:15:00+00:00,1.15368,1.15458,1.15363,1.1545
2026-08-03 00:30:00+00:00,1.15428,1.15543,1.15428,1.1553
2026-08-03 00:45:00+00:00,1.15531,1.15558,1.15411,1.15421
2026-08-03 01:00:00+00:00,1.15424,1.15449,1.15371,1.15376
2026-08-03 01:15:00+00:00,1.15378,1.15384,1.15334,1.1534
2026-08-03 01:30:00+00:00,1.15349,1.15349,1.15307,1.15324
2026-08-03 01:45:00+00:00,1.15329,1.15333,1.15307,1.15312
2026-08-03 02:00:00+00:00,1.15315,1.1534,1.153,1.15306
2026-08-03 02:15:00+00:00,1.15308,1.15334,1.15288,1.15333
2026-08-03 02:30:00+00:00,1.15329,1.15359,1.1532,1.15339
2026-08-03 02:45:00+00:00,1.15337,1.15337,1.15312,1.15319
2026-08-03 03:00:00+00:00,1.15319,1.15319,1.15276,1.15279
2026-08-03 03:15:00+00:00,1.15281,1.15298,1.15274,1.15294
2026-08-03 03:30:00+00:00,1.15292,1.15295,1.15272,1.15278
2026-08-03 03:45:00+00:00,1.15276,1.15303,1.15275,1.15299
2026-08-03 04:00:00+00:00,1.15292,1.1532,1.1529,1.15316
2026-08-03 04:15:00+00:00,1.1531,1.15334,1.1531,1.1533
2026-08-03 04:30:00+00:00,1.15326,1.1535,1.15316,1.15343
2026-08-03 04:45:00+00:00,1.15339,1.15361,1.15328,1.15344
2026-08-03 05:00:00+00:00,1.15342,1.15363,1.15319,1.15333
2026-08-03 05:15:00+00:00,1.15329,1.15344,1.15327,1.15329
2026-08-03 05:30:00+00:00,1.15331,1.15363,1.15318,1.15356
2026-08-03 05:45:00+00:00,1.15351,1.1538,1.15348,1.15369
2026-08-03 06:00:00+00:00,1.15371,1.15387,1.15348,1.15353
2026-08-03 06:15:00+00:00,1.15356,1.15368,1.15313,1.15315
2026-08-03 06:30:00+00:00,1.15321,1.15343,1.1525,1.15259
2026-08-03 06:45:00+00:00,1.15258,1.15286,1.15241,1.15266
2026-08-03 07:00:00+00:00,1.15269,1.153,1.15227,1.15298
2026-08-03 07:15:00+00:00,1.15293,1.15326,1.15213,1.15293
2026-08-03 07:30:00+00:00,1.15289,1.15325,1.15241,1.15258
2026-08-03 07:45:00+00:00,1.15245,1.15271,1.15233,1.15269
2026-08-03 08:00:00+00:00,1.15261,1.15275,1.15236,1.15274
2026-08-03 08:15:00+00:00,1.15272,1.15277,1.15226,1.15255
2026-08-03 08:30:00+00:00,1.15251,1.15284,1.15233,1.15259
2026-08-03 08:45:00+00:00,1.15256,1.15256,1.15217,1.15226
2026-08-03 09:00:00+00:00,1.15228,1.15262,1.15207,1.1525
2026-08-03 09:15:00+00:00,1.15252,1.15254,1.15213,1.15238
2026-08-03 09:30:00+00:00,1.15231,1.15287,1.15231,1.15286
2026-08-03 09:45:00+00:00,1.15283,1.15304,1.15228,1.15238
2026-08-03 10:00:00+00:00,1.15259,1.15259,1.15215,1.15236
2026-08-03 10:15:00+00:00,1.15233,1.15242,1.15172,1.1524
2026-08-03 10:30:00+00:00,1.15236,1.15243,1.15207,1.15211
2026-08-03 10:45:00+00:00,1.15212,1.15239,1.15197,1.15234
2026-08-03 11:00:00+00:00,1.15232,1.15272,1.15225,1.15254
2026-08-03 11:15:00+00:00,1.15259,1.15262,1.15209,1.15228
2026-08-03 11:30:00+00:00,1.15226,1.15263,1.15214,1.1526
2026-08-03 11:45:00+00:00,1.15254,1.1532,1.15253,1.15319
2026-08-03 12:00:00+00:00,1.15313,1.15353,1.1531,1.15323
2026-08-03 12:15:00+00:00,1.15321,1.15325,1.15292,1.15295
2026-08-03 12:30:00+00:00,1.15301,1.15331,1.15243,1.15249
2026-08-03 12:45:00+00:00,1.15258,1.15291,1.1523,1.15288
2026-08-03 13:00:00+00:00,1.15278,1.15332,1.15278,1.15297
2026-08-03 13:15:00+00:00,1.15308,1.15308,1.15253,1.15289
2026-08-03 13:30:00+00:00,1.1528,1.1535,1.15262,1.15291
2026-08-03 13:45:00+00:00,1.15286,1.15307,1.15223,1.15261
2026-08-03 14:00:00+00:00,1.15248,1.15272,1.15178,1.15184
2026-08-03 14:15:00+00:00,1.15182,1.15219,1.15168,1.15188
2026-08-03 14:30:00+00:00,1.15186,1.15186,1.15107,1.15111
2026-08-03 14:45:00+00:00,1.15118,1.15156,1.15115,1.15155
2026-08-03 15:00:00+00:00,1.15151,1.15151,1.15035,1.15042
2026-08-03 15:15:00+00:00,1.1504,1.15071,1.15032,1.15044
2026-08-03 15:30:00+00:00,1.15048,1.15066,1.15019,1.15041
2026-08-03 15:45:00+00:00,1.15044,1.15099,1.15039,1.15098
2026-08-03 16:00:00+00:00,1.15096,1.15107,1.15058,1.15096
2026-08-03 16:15:00+00:00,1.15095,1.15095,1.15052,1.15066
2026-08-03 16:30:00+00:00,1.15069,1.15085,1.15055,1.15073
2026-08-03 16:45:00+00:00,1.15075,1.15089,1.15056,1.15079
2026-08-03 17:00:00+00:00,1.15081,1.15081,1.15036,1.15044
2026-08-03 17:15:00+00:00,1.15041,1.15045,1.15025,1.15037
2026-08-03 17:30:00+00:00,1.15033,1.15052,1.1503,1.15039
2026-08-03 17:45:00+00:00,1.1504,1.15065,1.15018,1.15019
2026-08-03 18:00:00+00:00,1.1502,1.15066,1.1502,1.15055
2026-08-03 18:15:00+00:00,1.15052,1.15104,1.15045,1.15098
2026-08-03 18:30:00+00:00,1.15096,1.15126,1.15081,1.15121
2026-08-03 18:45:00+00:00,1.15115,1.15149,1.15109,1.15144
2026-08-03 19:00:00+00:00,1.15144,1.15153,1.15129,1.15141
2026-08-03 19:15:00+00:00,1.15139,1.15142,1.15117,1.15135
2026-08-03 19:30:00+00:00,1.15133,1.15134,1.15113,1.15129
2026-08-03 19:45:00+00:00,1.15125,1.15135,1.15093,1.15097
2026-08-03 20:00:00+00:00,1.15104,1.1511,1.15075,1.15092
2026-08-03 20:15:00+00:00,1.1509,1.15092,1.15064,1.1507
2026-08-03 20:30:00+00:00,1.15074,1.15102,1.15065,1.15097
2026-08-03 20:45:00+00:00,1.15096,1.15103,1.1508,1.15085
2026-08-03 21:00:00+00:00,1.15088,1.15121,1.15069,1.15095
2026-08-03 21:15:00+00:00,1.15114,1.15117,1.1508,1.15115
2026-08-03 21:30:00+00:00,1.1511,1.15112,1.1508,1.15111
2026-08-03 21:45:00+00:00,1.15109,1.15117,1.15076,1.15093
2026-08-03 22:00:00+00:00,1.15107,1.15115,1.15068,1.15074
2026-08-03 22:15:00+00:00,1.1508,1.15088,1.15069,1.15076
2026-08-03 22:30:00+00:00,1.15074,1.15089,1.15068,1.15087
2026-08-03 22:45:00+00:00,1.15086,1.151,1.15078,1.15089
2026-08-03 23:00:00+00:00,1.1509,1.15104,1.1508,1.15102
2026-08-03 23:15:00+00:00,1.15098,1.15108,1.15091,1.15104
2026-08-03 23:30:00+00:00,1.15102,1.15103,1.15076,1.15082
2026-08-03 23:45:00+00:00,1.15081,1.15085,1.15066,1.15072
2026-08-04 00:00:00+00:00,1.15072,1.15144,1.15066,1.15102
2026-08-04 00:15:00+00:00,1.15106,1.15124,1.15097,1.15122
2026-08-04 00:30:00+00:00,1.15118,1.15147,1.15111,1.15124
2026-08-04 00:45:00+00:00,1.15129,1.15129,1.15055,1.15059
2026-08-04 01:00:00+00:00,1.1506,1.15073,1.1503,1.15061
2026-08-04 01:15:00+00:00,1.15056,1.15096,1.15052,1.15094
2026-08-04 01:30:00+00:00,1.15092,1.15136,1.15084,1.15134
2026-08-04 01:45:00+00:00,1.15131,1.15147,1.15119,1.15132
2026-08-04 02:00:00+00:00,1.15132,1.15136,1.15099,1.15135
2026-08-04 02:15:00+00:00,1.15132,1.15135,1.15084,1.15085
2026-08-04 02:30:00+00:00,1.15085,1.15121,1.15085,1.15113
2026-08-04 02:45:00+00:00,1.15109,1.15125,1.15084,1.15087
2026-08-04 03:00:00+00:00,1.15093,1.15113,1.1508,1.15097
2026-08-04 03:15:00+00:00,1.151,1.15126,1.15092,1.15125
2026-08-04 03:30:00+00:00,1.15123,1.15133,1.1508,1.15086
2026-08-04 03:45:00+00:00,1.15084,1.15106,1.15078,1.15081
2026-08-04 04:00:00+00:00,1.15082,1.15089,1.15062,1.15064
2026-08-04 04:15:00+00:00,1.15068,1.15094,1.15064,1.1509
2026-08-04 04:30:00+00:00,1.15089,1.15109,1.1508,1.15108
2026-08-04 04:45:00+00:00,1.15104,1.1511,1.15083,1.15107
2026-08-04 05:00:00+00:00,1.15106,1.15108,1.15073,1.15074
2026-08-04 05:15:00+00:00,1.15077,1.15099,1.1507,1.15098
2026-08-04 05:30:00+00:00,1.15095,1.15101,1.15056,1.15066
2026-08-04 05:45:00+00:00,1.15062,1.15075,1.15043,1.15066
2026-08-04 06:00:00+00:00,1.15067,1.15075,1.15051,1.15065
2026-08-04 06:15:00+00:00,1.15061,1.15104,1.1506,1.15078
2026-08-04 06:30:00+00:00,1.15085,1.15087,1.15043,1.1506
2026-08-04 06:45:00+00:00,1.15056,1.15073,1.15039,1.1507
2026-08-04 07:00:00+00:00,1.15068,1.15113,1.15064,1.15093
2026-08-04 07:15:00+00:00,1.15094,1.15179,1.15084,1.15143
2026-08-04 07:30:00+00:00,1.15146,1.15153,1.15101,1.15107
2026-08-04 07:45:00+00:00,1.15118,1.15132,1.15088,1.1511
2026-08-04 08:00:00+00:00,1.15119,1.15141,1.15093,1.15095
2026-08-04 08:15:00+00:00,1.151,1.15124,1.15083,1.15117
2026-08-04 08:30:00+00:00,1.15107,1.15126,1.15065,1.15104
2026-08-04 08:45:00+00:00,1.15103,1.15104,1.15072,1.15079
2026-08-04 09:00:00+00:00,1.15074,1.15084,1.1504,1.15072
2026-08-04 09:15:00+00:00,1.15069,1.15113,1.15067,1.15109
2026-08-04 09:30:00+00:00,1.15105,1.15116,1.15079,1.15082
2026-08-04 09:45:00+00:00,1.15084,1.15091,1.15055,1.15074
2026-08-04 10:00:00+00:00,1.15071,1.15113,1.15069,1.15098
2026-08-04 10:15:00+00:00,1.15108,1.15108,1.15079,1.15106
2026-08-04 10:30:00+00:00,1.15103,1.15136,1.15088,1.15127
2026-08-04 10:45:00+00:00,1.1511,1.15191,1.1511,1.15147
2026-08-04 11:00:00+00:00,1.15143,1.15166,1.1512,1.15158
2026-08-04 11:15:00+00:00,1.15158,1.15198,1.15158,1.15181
2026-08-04 11:30:00+00:00,1.15187,1.15228,1.15176,1.15186
2026-08-04 11:45:00+00:00,1.15197,1.15234,1.15158,1.15199
2026-08-04 12:00:00+00:00,1.15193,1.15193,1.15142,1.15151
2026-08-04 12:15:00+00:00,1.15149,1.15176,1.15137,1.15148
2026-08-04 12:30:00+00:00,1.15154,1.15234,1.15137,1.15221
2026-08-04 12:45:00+00:00,1.15226,1.15226,1.15149,1.15153
2026-08-04 13:00:00+00:00,1.15159,1.15159,1.15113,1.15137
2026-08-04 13:15:00+00:00,1.15135,1.15194,1.151,1.15161
2026-08-04 13:30:00+00:00,1.15172,1.15259,1.15154,1.15222
2026-08-04 13:45:00+00:00,1.15229,1.15266,1.15214,1.15244
2026-08-04 14:00:00+00:00,1.1524,1.15306,1.15227,1.15304
2026-08-04 14:15:00+00:00,1.153,1.15307,1.15266,1.15289
2026-08-04 14:30:00+00:00,1.15286,1.15294,1.15235,1.15241
2026-08-04 14:45:00+00:00,1.1525,1.15254,1.15194,1.15228
2026-08-04 15:00:00+00:00,1.1522,1.15253,1.15197,1.152
2026-08-04 15:15:00+00:00,1.15206,1.15206,1.15144,1.15172
2026-08-04 15:30:00+00:00,1.15173,1.15227,1.15153,1.15206
2026-08-04 15:45:00+00:00,1.15209,1.15263,1.15208,1.15261
2026-08-04 16:00:00+00:00,1.15257,1.1527,1.1521,1.15261
2026-08-04 16:15:00+00:00,1.15254,1.15254,1.15195,1.15212
2026-08-04 16:30:00+00:00,1.15211,1.15211,1.15169,1.15176
2026-08-04 16:45:00+00:00,1.15181,1.152,1.15167,1.15189
2026-08-04 17:00:00+00:00,1.15187,1.15229,1.15185,1.15214
2026-08-04 17:15:00+00:00,1.15211,1.15233,1.15197,1.15223
2026-08-04 17:30:00+00:00,1.15222,1.15261,1.15201,1.15258
2026-08-04 17:45:00+00:00,1.15254,1.15269,1.15241,1.15252
2026-08-04 18:00:00+00:00,1.15259,1.15267,1.15231,1.15242
2026-08-04 18:15:00+00:00,1.15239,1.15261,1.15227,1.15256
2026-08-04 18:30:00+00:00,1.15254,1.15273,1.15242,1.1527
2026-08-04 18:45:00+00:00,1.15266,1.15338,1.15266,1.15317
2026-08-04 19:00:00+00:00,1.15326,1.15338,1.15311,1.15325
2026-08-04 19:15:00+00:00,1.15323,1.15326,1.15295,1.15324
2026-08-04 19:30:00+00:00,1.15321,1.1533,1.15303,1.15321
2026-08-04 19:45:00+00:00,1.1532,1.15322,1.15295,1.15315
2026-08-04 20:00:00+00:00,1.15312,1.15325,1.15306,1.15311
2026-08-04 20:15:00+00:00,1.15312,1.15344,1.15308,1.15338
2026-08-04 20:30:00+00:00,1.15337,1.15337,1.15307,1.15311
2026-08-04 20:45:00+00:00,1.15311,1.15338,1.15307,1.15332
2026-08-04 21:00:00+00:00,1.15331,1.15333,1.15282,1.15295
2026-08-04 21:15:00+00:00,1.15293,1.15307,1.15283,1.153
2026-08-04 21:30:00+00:00,1.15298,1.15323,1.15292,1.15297
2026-08-04 21:45:00+00:00,1.15297,1.1531,1.15292,1.15296
2026-08-04 22:00:00+00:00,1.153,1.15317,1.15293,1.15316
2026-08-04 22:15:00+00:00,1.15314,1.15317,1.153,1.15312
2026-08-04 22:30:00+00:00,1.15309,1.15331,1.15306,1.15328
2026-08-04 22:45:00+00:00,1.15326,1.15329,1.15308,1.15327
2026-08-04 23:00:00+00:00,1.15324,1.15335,1.15303,1.15326
2026-08-04 23:15:00+00:00,1.15325,1.15325,1.15302,1.15313
2026-08-04 23:30:00+00:00,1.1531,1.15316,1.153,1.15303
2026-08-04 23:45:00+00:00,1.15301,1.15328,1.15301,1.15325
2026-08-05 00:00:00+00:00,1.15321,1.15346,1.15316,1.15333
2026-08-05 00:15:00+00:00,1.1533,1.15351,1.15323,1.15348
2026-08-05 00:30:00+00:00,1.15344,1.15356,1.15328,1.15336
2026-08-05 00:45:00+00:00,1.15343,1.15343,1.15297,1.15313
2026-08-05 01:00:00+00:00,1.15317,1.15318,1.15291,1.15297
2026-08-05 01:15:00+00:00,1.15301,1.15317,1.15268,1.1528
2026-08-05 01:30:00+00:00,1.15276,1.15288,1.15274,1.15282
2026-08-05 01:45:00+00:00,1.15279,1.15288,1.15272,1.15274
2026-08-05 02:00:00+00:00,1.15275,1.15313,1.15262,1.15301
2026-08-05 02:15:00+00:00,1.15296,1.15354,1.15292,1.15348
2026-08-05 02:30:00+00:00,1.15347,1.15405,1.15332,1.15402
2026-08-05 02:45:00+00:00,1.15399,1.15409,1.15351,1.15355
2026-08-05 03:00:00+00:00,1.15361,1.15407,1.15346,1.15397
2026-08-05 03:15:00+00:00,1.15401,1.15406,1.15372,1.15383
2026-08-05 03:30:00+00:00,1.15382,1.15382,1.15355,1.15362
2026-08-05 03:45:00+00:00,1.15359,1.15378,1.15354,1.15376
2026-08-05 04:00:00+00:00,1.15373,1.15397,1.15372,1.15387
2026-08-05 04:15:00+00:00,1.15389,1.15406,1.15382,1.15398
2026-08-05 04:30:00+00:00,1.15397,1.15401,1.15368,1.15374
2026-08-05 04:45:00+00:00,1.15383,1.15386,1.15349,1.15354
2026-08-05 05:00:00+00:00,1.15354,1.15363,1.15323,1.15336
2026-08-05 05:15:00+00:00,1.15332,1.15357,1.15332,1.15344
2026-08-05 05:30:00+00:00,1.15349,1.15375,1.15346,1.15368
2026-08-05 05:45:00+00:00,1.15365,1.15385,1.15347,1.15368
2026-08-05 06:00:00+00:00,1.15365,1.15378,1.1535,1.15367
2026-08-05 06:15:00+00:00,1.1537,1.15377,1.15327,1.15344
2026-08-05 06:30:00+00:00,1.15345,1.15409,1.1533,1.15409
2026-08-05 06:45:00+00:00,1.15405,1.15458,1.15393,1.15446
2026-08-05 07:00:00+00:00,1.15449,1.15462,1.1538,1.15393
2026-08-05 07:15:00+00:00,1.15388,1.15413,1.15344,1.15347
2026-08-05 07:30:00+00:00,1.15352,1.15379,1.15343,1.15363
2026-08-05 07:45:00+00:00,1.15363,1.15396,1.15351,1.15393
2026-08-05 08:00:00+00:00,1.15391,1.15402,1.15363,1.15393
2026-08-05 08:15:00+00:00,1.15392,1.15428,1.15374,1.15408
2026-08-05 08:30:00+00:00,1.15416,1.15445,1.15339,1.15357
2026-08-05 08:45:00+00:00,1.15355,1.15375,1.15311,1.15368
2026-08-05 09:00:00+00:00,1.15365,1.15387,1.1534,1.1538
2026-08-05 09:15:00+00:00,1.15379,1.15416,1.15367,1.15395
2026-08-05 09:30:00+00:00,1.15401,1.15428,1.15389,1.15424
2026-08-05 09:45:00+00:00,1.15423,1.15423,1.15396,1.15402
2026-08-05 10:00:00+00:00,1.15403,1.15408,1.15354,1.15357
2026-08-05 10:15:00+00:00,1.15358,1.15412,1.15358,1.15371
2026-08-05 10:30:00+00:00,1.15373,1.15394,1.15367,1.15391
2026-08-05 10:45:00+00:00,1.1539,1.15406,1.1536,1.15404
2026-08-05 11:00:00+00:00,1.15402,1.15458,1.15396,1.15456
2026-08-05 11:15:00+00:00,1.1545,1.15509,1.15437,1.15508
2026-08-05 11:30:00+00:00,1.15504,1.15556,1.15463,1.15533
2026-08-05 11:45:00+00:00,1.15542,1.15542,1.15491,1.15538
2026-08-05 12:00:00+00:00,1.15533,1.15555,1.15517,1.1553
2026-08-05 12:15:00+00:00,1.15528,1.15571,1.15521,1.15538
2026-08-05 12:30:00+00:00,1.15544,1.15547,1.15483,1.15487
2026-08-05 12:45:00+00:00,1.15492,1.155,1.15457,1.15472
2026-08-05 13:00:00+00:00,1.1547,1.15475,1.15422,1.15459
2026-08-05 13:15:00+00:00,1.15462,1.15532,1.15459,1.15529
2026-08-05 13:30:00+00:00,1.15524,1.15541,1.15456,1.1548
2026-08-05 13:45:00+00:00,1.15476,1.15477,1.15397,1.15435
2026-08-05 14:00:00+00:00,1.15432,1.15548,1.1542,1.15505
2026-08-05 14:15:00+00:00,1.15507,1.15567,1.15506,1.15521
2026-08-05 14:30:00+00:00,1.15524,1.15536,1.15479,1.15526
2026-08-05 14:45:00+00:00,1.15522,1.15533,1.15461,1.15531
2026-08-05 15:00:00+00:00,1.15526,1.15556,1.15501,1.15514
2026-08-05 15:15:00+00:00,1.1551,1.1551,1.15456,1.15485
2026-08-05 15:30:00+00:00,1.15485,1.15511,1.1545,1.1551
2026-08-05 15:45:00+00:00,1.15508,1.15517,1.15427,1.15464
2026-08-05 16:00:00+00:00,1.15463,1.15477,1.15431,1.15475
2026-08-05 16:15:00+00:00,1.15472,1.15498,1.15463,1.15479
2026-08-05 16:30:00+00:00,1.15476,1.15481,1.15442,1.15447
2026-08-05 16:45:00+00:00,1.15449,1.15471,1.15441,1.15451
2026-08-05 17:00:00+00:00,1.15455,1.15473,1.15431,1.15445
2026-08-05 17:15:00+00:00,1.15442,1.15495,1.15434,1.15494
2026-08-05 17:30:00+00:00,1.1549,1.15543,1.15475,1.15538
2026-08-05 17:45:00+00:00,1.15532,1.15572,1.15531,1.1557
2026-08-05 18:00:00+00:00,1.15569,1.15587,1.15552,1.15563
2026-08-05 18:15:00+00:00,1.1557,1.15597,1.15543,1.15594
2026-08-05 18:30:00+00:00,1.15592,1.15597,1.15532,1.15536
2026-08-05 18:45:00+00:00,1.15544,1.15556,1.15533,1.1554
2026-08-05 19:00:00+00:00,1.15547,1.15547,1.15511,1.15516
2026-08-05 19:15:00+00:00,1.15514,1.15518,1.15479,1.15481
2026-08-05 19:30:00+00:00,1.15484,1.15509,1.15477,1.15498
2026-08-05 19:45:00+00:00,1.15503,1.1553,1.15489,1.15505
2026-08-05 20:00:00+00:00,1.15511,1.15535,1.15501,1.15503
2026-08-05 20:15:00+00:00,1.15505,1.1552,1.15495,1.15517
2026-08-05 20:30:00+00:00,1.15515,1.15546,1.15508,1.15519
2026-08-05 20:45:00+00:00,1.15525,1.15544,1.15515,1.15542
2026-08-05 21:00:00+00:00,1.15539,1.15565,1.15529,1.15539
2026-08-05 21:15:00+00:00,1.15558,1.15574,1.15524,1.15542
2026-08-05 21:30:00+00:00,1.1554,1.15544,1.15527,1.15534
2026-08-05 21:45:00+00:00,1.15533,1.15545,1.15528,1.15533
2026-08-05 22:00:00+00:00,1.15534,1.15551,1.155,1.15541
2026-08-05 22:15:00+00:00,1.15536,1.15556,1.15532,1.15546
2026-08-05 22:30:00+00:00,1.15543,1.15551,1.15533,1.15544
2026-08-05 22:45:00+00:00,1.15543,1.15553,1.1554,1.15541
2026-08-05 23:00:00+00:00,1.15544,1.15562,1.15543,1.15561
2026-08-05 23:15:00+00:00,1.15558,1.15564,1.15548,1.15553
2026-08-05 23:30:00+00:00,1.15551,1.15561,1.15543,1.15557
2026-08-05 23:45:00+00:00,1.15554,1.15582,1.15554,1.15564
2026-08-06 00:00:00+00:00,1.15566,1.15575,1.15547,1.1555
2026-08-06 00:15:00+00:00,1.15554,1.15584,1.15549,1.1557
2026-08-06 00:30:00+00:00,1.15574,1.15581,1.1556,1.15563
2026-08-06 00:45:00+00:00,1.15563,1.15598,1.15562,1.15567
2026-08-06 01:00:00+00:00,1.1557,1.15574,1.15536,1.15551
2026-08-06 01:15:00+00:00,1.15545,1.15575,1.15543,1.15548
2026-08-06 01:30:00+00:00,1.15554,1.15572,1.15547,1.1557
2026-08-06 01:45:00+00:00,1.15567,1.15572,1.15545,1.15546
2026-08-06 02:00:00+00:00,1.15549,1.15577,1.15547,1.15568
2026-08-06 02:15:00+00:00,1.15562,1.15584,1.15547,1.15561
2026-08-06 02:30:00+00:00,1.15555,1.15578,1.15551,1.15575
2026-08-06 02:45:00+00:00,1.15572,1.15578,1.15524,1.15542
2026-08-06 03:00:00+00:00,1.1554,1.15543,1.1552,1.15527
2026-08-06 03:15:00+00:00,1.15527,1.15529,1.15496,1.155
2026-08-06 03:30:00+00:00,1.15499,1.15513,1.15485,1.15493
2026-08-06 03:45:00+00:00,1.1549,1.15492,1.15471,1.15474
2026-08-06 04:00:00+00:00,1.15474,1.15502,1.15474,1.155
2026-08-06 04:15:00+00:00,1.15497,1.15502,1.15478,1.15482
2026-08-06 04:30:00+00:00,1.15484,1.15495,1.15476,1.15484
2026-08-06 04:45:00+00:00,1.15481,1.15495,1.15471,1.15492
2026-08-06 05:00:00+00:00,1.15491,1.15493,1.15444,1.15447
2026-08-06 05:15:00+00:00,1.15454,1.15466,1.15448,1.15463
2026-08-06 05:30:00+00:00,1.1546,1.15491,1.15453,1.15484
2026-08-06 05:45:00+00:00,1.15481,1.15506,1.15477,1.15495
2026-08-06 06:00:00+00:00,1.15493,1.15513,1.15453,1.1547
2026-08-06 06:15:00+00:00,1.15468,1.15479,1.15452,1.15456
2026-08-06 06:30:00+00:00,1.15459,1.15469,1.15432,1.15452
2026-08-06 06:45:00+00:00,1.15443,1.15475,1.15435,1.15441
2026-08-06 07:00:00+00:00,1.15439,1.15456,1.15426,1.15453
2026-08-06 07:15:00+00:00,1.15453,1.15467,1.15429,1.15442
2026-08-06 07:30:00+00:00,1.15445,1.15456,1.15433,1.15455
2026-08-06 07:45:00+00:00,1.15452,1.15456,1.15411,1.1544
2026-08-06 08:00:00+00:00,1.15445,1.15464,1.15404,1.1545
2026-08-06 08:15:00+00:00,1.15449,1.15449,1.15407,1.15411
2026-08-06 08:30:00+00:00,1.15419,1.15448,1.15403,1.15438
2026-08-06 08:45:00+00:00,1.15437,1.15438,1.15415,1.15435
2026-08-06 09:00:00+00:00,1.15433,1.15442,1.15404,1.15436
2026-08-06 09:15:00+00:00,1.15434,1.15437,1.15403,1.15421
2026-08-06 09:30:00+00:00,1.15423,1.15436,1.15375,1.15384
2026-08-06 09:45:00+00:00,1.1538,1.15405,1.15371,1.15389
2026-08-06 10:00:00+00:00,1.15396,1.15411,1.15371,1.15378
2026-08-06 10:15:00+00:00,1.15392,1.15422,1.1536,1.15416
2026-08-06 10:30:00+00:00,1.15409,1.1543,1.15405,1.1541
2026-08-06 10:45:00+00:00,1.15409,1.15424,1.15393,1.15412
2026-08-06 11:00:00+00:00,1.15409,1.15454,1.154,1.15437
2026-08-06 11:15:00+00:00,1.15442,1.15471,1.15423,1.15468
2026-08-06 11:30:00+00:00,1.15465,1.1548,1.15391,1.15392
2026-08-06 11:45:00+00:00,1.15394,1.15449,1.15382,1.15448
2026-08-06 12:00:00+00:00,1.15445,1.15457,1.15396,1.15398
2026-08-06 12:15:00+00:00,1.154,1.15438,1.15396,1.15436
2026-08-06 12:30:00+00:00,1.15433,1.15455,1.15405,1.15432
2026-08-06 12:45:00+00:00,1.15427,1.1543,1.15376,1.15406
2026-08-06 13:00:00+00:00,1.15404,1.1541,1.15362,1.15379
2026-08-06 13:15:00+00:00,1.15376,1.15415,1.15364,1.15402
2026-08-06 13:30:00+00:00,1.15399,1.15435,1.15377,1.15427
2026-08-06 13:45:00+00:00,1.15426,1.15449,1.15393,1.15434
2026-08-06 14:00:00+00:00,1.15438,1.15438,1.15336,1.15339
2026-08-06 14:15:00+00:00,1.15339,1.15388,1.15339,1.15347
2026-08-06 14:30:00+00:00,1.15349,1.15372,1.15335,1.15364
2026-08-06 14:45:00+00:00,1.1536,1.15371,1.15311,1.15354
2026-08-06 15:00:00+00:00,1.15349,1.1536,1.15286,1.15292
2026-08-06 15:15:00+00:00,1.15304,1.15304,1.15212,1.15239
2026-08-06 15:30:00+00:00,1.15241,1.15243,1.15201,1.15216
2026-08-06 15:45:00+00:00,1.15219,1.15254,1.15197,1.15226
2026-08-06 16:00:00+00:00,1.15224,1.15224,1.15195,1.152
2026-08-06 16:15:00+00:00,1.15208,1.15221,1.1515,1.1519
2026-08-06 16:30:00+00:00,1.15185,1.15208,1.1517,1.15175
2026-08-06 16:45:00+00:00,1.15182,1.15225,1.15176,1.15209
2026-08-06 17:00:00+00:00,1.15205,1.15222,1.15195,1.15198
2026-08-06 17:15:00+00:00,1.15199,1.15209,1.1518,1.152
2026-08-06 17:30:00+00:00,1.15198,1.15208,1.15177,1.15191
2026-08-06 17:45:00+00:00,1.15192,1.15232,1.15187,1.1523
2026-08-06 18:00:00+00:00,1.15226,1.15248,1.15223,1.15247
2026-08-06 18:15:00+00:00,1.15245,1.15245,1.15221,1.15226
2026-08-06 18:30:00+00:00,1.15224,1.15234,1.15217,1.15222
2026-08-06 18:45:00+00:00,1.15222,1.15244,1.15218,1.15234
2026-08-06 19:00:00+00:00,1.15238,1.15259,1.15226,1.15228
2026-08-06 19:15:00+00:00,1.1523,1.15239,1.15174,1.1519
2026-08-06 19:30:00+00:00,1.15187,1.15209,1.15184,1.15193
2026-08-06 19:45:00+00:00,1.1519,1.15254,1.15186,1.15226
2026-08-06 20:00:00+00:00,1.1523,1.15243,1.1521,1.15217
2026-08-06 20:15:00+00:00,1.15216,1.15216,1.15187,1.152
2026-08-06 20:30:00+00:00,1.15195,1.15225,1.15193,1.1522
2026-08-06 20:45:00+00:00,1.15216,1.15247,1.15216,1.15244
2026-08-06 21:00:00+00:00,1.15241,1.15264,1.15225,1.15236
2026-08-06 21:15:00+00:00,1.15233,1.15238,1.15206,1.15236
2026-08-06 21:30:00+00:00,1.15231,1.15231,1.15201,1.15216
2026-08-06 21:45:00+00:00,1.15214,1.15222,1.15197,1.1522
2026-08-06 22:00:00+00:00,1.15216,1.15223,1.15209,1.1521
2026-08-06 22:15:00+00:00,1.15211,1.15228,1.15211,1.15226
2026-08-06 22:30:00+00:00,1.15223,1.15231,1.15218,1.15225
2026-08-06 22:45:00+00:00,1.15223,1.1523,1.15217,1.15225
2026-08-06 23:00:00+00:00,1.15222,1.15237,1.15218,1.15233
2026-08-06 23:15:00+00:00,1.15232,1.15243,1.15227,1.15236
2026-08-06 23:30:00+00:00,1.15234,1.15244,1.15223,1.15242
2026-08-06 23:45:00+00:00,1.15239,1.15248,1.15235,1.1524
2026-08-07 00:00:00+00:00,1.15241,1.1525,1.15209,1.15213
2026-08-07 00:15:00+00:00,1.15214,1.15225,1.15205,1.15224
2026-08-07 00:30:00+00:00,1.15222,1.15228,1.15207,1.15212
2026-08-07 00:45:00+00:00,1.1521,1.15223,1.15185,1.15196
2026-08-07 01:00:00+00:00,1.15194,1.15229,1.15187,1.15227
2026-08-07 01:15:00+00:00,1.15224,1.15228,1.15207,1.15224
2026-08-07 01:30:00+00:00,1.15222,1.15249,1.15206,1.15248
2026-08-07 01:45:00+00:00,1.15242,1.15254,1.15215,1.15221
2026-08-07 02:00:00+00:00,1.15221,1.15234,1.15215,1.15227
2026-08-07 02:15:00+00:00,1.15225,1.15235,1.15204,1.15231
2026-08-07 02:30:00+00:00,1.1523,1.1523,1.15211,1.15225
2026-08-07 02:45:00+00:00,1.15223,1.15239,1.15209,1.15213
2026-08-07 03:00:00+00:00,1.15218,1.15228,1.15198,1.15213
2026-08-07 03:15:00+00:00,1.15211,1.15223,1.15206,1.1522
2026-08-07 03:30:00+00:00,1.15219,1.15225,1.15207,1.15217
2026-08-07 03:45:00+00:00,1.15215,1.15236,1.15207,1.15231
2026-08-07 04:00:00+00:00,1.15229,1.15237,1.15217,1.15219
2026-08-07 04:15:00+00:00,1.15221,1.15235,1.15215,1.15226
2026-08-07 04:30:00+00:00,1.1522,1.1524,1.1522,1.15234
2026-08-07 04:45:00+00:00,1.1523,1.15248,1.15226,1.15245
2026-08-07 05:00:00+00:00,1.15243,1.15257,1.15235,1.15251
2026-08-07 05:15:00+00:00,1.15253,1.15256,1.15222,1.1523
2026-08-07 05:30:00+00:00,1.1523,1.15245,1.15211,1.15242
2026-08-07 05:45:00+00:00,1.1524,1.15251,1.15223,1.15232
2026-08-07 06:00:00+00:00,1.1523,1.15238,1.15206,1.1523
2026-08-07 06:15:00+00:00,1.15231,1.1525,1.15211,1.15234
2026-08-07 06:30:00+00:00,1.15239,1.15242,1.15215,1.15226
2026-08-07 06:45:00+00:00,1.15224,1.1525,1.15216,1.15225
2026-08-07 07:00:00+00:00,1.1523,1.15236,1.15172,1.15235
2026-08-07 07:15:00+00:00,1.15233,1.15254,1.15221,1.15234
2026-08-07 07:30:00+00:00,1.1523,1.15235,1.15199,1.15212
2026-08-07 07:45:00+00:00,1.15211,1.15235,1.15203,1.15232
2026-08-07 08:00:00+00:00,1.1523,1.15231,1.15186,1.15193
2026-08-07 08:15:00+00:00,1.15192,1.15215,1.15184,1.15199
2026-08-07 08:30:00+00:00,1.15202,1.15242,1.15191,1.15232
2026-08-07 08:45:00+00:00,1.15232,1.15267,1.15223,1.15243
2026-08-07 09:00:00+00:00,1.1524,1.15291,1.1523,1.15289
2026-08-07 09:15:00+00:00,1.15286,1.15296,1.15267,1.15272
2026-08-07 09:30:00+00:00,1.1528,1.15285,1.15259,1.15281
2026-08-07 09:45:00+00:00,1.1528,1.15315,1.15275,1.15293
2026-08-07 10:00:00+00:00,1.15295,1.15295,1.15263,1.15272
2026-08-07 10:15:00+00:00,1.1527,1.15288,1.15262,1.15268
2026-08-07 10:30:00+00:00,1.15271,1.15285,1.15264,1.15266
2026-08-07 10:45:00+00:00,1.15269,1.15298,1.1526,1.15276
2026-08-07 11:00:00+00:00,1.15278,1.15305,1.15272,1.15292
2026-08-07 11:15:00+00:00,1.15291,1.15298,1.15268,1.15273
2026-08-07 11:30:00+00:00,1.15275,1.15324,1.15263,1.15321
2026-08-07 11:45:00+00:00,1.15315,1.15335,1.15312,1.1533
2026-08-07 12:00:00+00:00,1.15327,1.15379,1.15318,1.15358
2026-08-07 12:15:00+00:00,1.1537,1.1537,1.15287,1.15291
2026-08-07 12:30:00+00:00,1.15298,1.15761,1.1525,1.15757
2026-08-07 12:45:00+00:00,1.15751,1.15802,1.15717,1.1572
2026-08-07 13:00:00+00:00,1.15722,1.15737,1.15675,1.1573
2026-08-07 13:15:00+00:00,1.15712,1.15753,1.15663,1.15706
2026-08-07 13:30:00+00:00,1.15714,1.15741,1.15626,1.1574
2026-08-07 13:45:00+00:00,1.15737,1.15737,1.15574,1.15578
2026-08-07 14:00:00+00:00,1.15585,1.15585,1.15527,1.15575
2026-08-07 14:15:00+00:00,1.15572,1.15644,1.15568,1.15599
2026-08-07 14:30:00+00:00,1.15597,1.156,1.15536,1.15542
2026-08-07 14:45:00+00:00,1.15549,1.15556,1.15515,1.1553
2026-08-07 15:00:00+00:00,1.15532,1.15592,1.15509,1.15588
2026-08-07 15:15:00+00:00,1.15575,1.15639,1.15574,1.15579
2026-08-07 15:30:00+00:00,1.15586,1.1562,1.15548,1.15618
2026-08-07 15:45:00+00:00,1.15615,1.15631,1.1557,1.15604
2026-08-07 16:00:00+00:00,1.15603,1.15639,1.15579,1.15637
2026-08-07 16:15:00+00:00,1.1563,1.15654,1.15604,1.15624
2026-08-07 16:30:00+00:00,1.15624,1.1564,1.15614,1.15629
2026-08-07 16:45:00+00:00,1.15631,1.15675,1.1559,1.15591
2026-08-07 17:00:00+00:00,1.15593,1.15612,1.1558,1.15612
2026-08-07 17:15:00+00:00,1.15608,1.15629,1.15596,1.15626
2026-08-07 17:30:00+00:00,1.15624,1.15635,1.15595,1.15628
2026-08-07 17:45:00+00:00,1.15632,1.15637,1.15615,1.15621
2026-08-07 18:00:00+00:00,1.1562,1.15633,1.15585,1.1562
2026-08-07 18:15:00+00:00,1.15622,1.1563,1.156,1.15628
2026-08-07 18:30:00+00:00,1.15626,1.15643,1.15618,1.1564
2026-08-07 18:45:00+00:00,1.15641,1.15665,1.15635,1.15645
2026-08-07 19:00:00+00:00,1.1565,1.1567,1.15636,1.15642
2026-08-07 19:15:00+00:00,1.1565,1.15703,1.15639,1.15702
2026-08-07 19:30:00+00:00,1.15698,1.157,1.15663,1.15679
2026-08-07 19:45:00+00:00,1.15677,1.15677,1.15611,1.15618
2026-08-07 20:00:00+00:00,1.15618,1.15618,1.15587,1.15588
2026-08-07 20:15:00+00:00,1.15587,1.15597,1.15562,1.15574
2026-08-07 20:30:00+00:00,1.15571,1.15595,1.15558,1.15577
2026-08-07 20:45:00+00:00,1.1558,1.15598,1.15566,1.15596
2026-08-07 21:00:00+00:00,1.15592,1.15615,1.15574,1.15595
2026-08-07 21:15:00+00:00,1.15594,1.15598,1.15583,1.15592
2026-08-07 21:30:00+00:00,1.15589,1.156,1.15586,1.15592
2026-08-07 21:45:00+00:00,1.15592,1.15599,1.15576,1.15591
2026-08-07 22:00:00+00:00,1.15592,1.15597,1.15587,1.15592
2026-08-07 22:15:00+00:00,1.15592,1.15597,1.15587,1.15594
2026-08-07 22:30:00+00:00,1.15592,1.15597,1.15588,1.15594
2026-08-07 22:45:00+00:00,1.15593,1.15598,1.15588,1.15589
2026-08-07 23:00:00+00:00,1.15593,1.15598,1.15587,1.15593
2026-08-07 23:15:00+00:00,1.15593,1.15598,1.15587,1.15595
2026-08-07 23:30:00+00:00,1.15593,1.15598,1.15588,1.15594
2026-08-07 23:45:00+00:00,1.15593,1.15598,1.15588,1.15589
2026-08-08 00:00:00+00:00,1.15593,1.15622,1.15585,1.15586
2026-08-08 00:15:00+00:00,1.15586,1.15591,1.15584,1.15589
2026-08-08 00:30:00+00:00,1.15587,1.15591,1.15584,1.15588
2026-08-08 00:45:00+00:00,1.15586,1.15593,1.15585,1.15586
2026-08-08 01:00:00+00:00,1.15586,1.15591,1.15584,1.15586
2026-08-08 01:15:00+00:00,1.15586,1.15594,1.15584,1.15588
2026-08-08 01:30:00+00:00,1.15586,1.15603,1.15578,1.1559
2026-08-08 01:45:00+00:00,1.15588,1.15591,1.15584,1.15586
2026-08-08 02:00:00+00:00,1.15586,1.15591,1.15584,1.15585
2026-08-08 02:15:00+00:00,1.15586,1.15591,1.15584,1.15588
2026-08-08 02:30:00+00:00,1.15586,1.15592,1.15584,1.15589
2026-08-08 02:45:00+00:00,1.15586,1.15595,1.15583,1.15587
2026-08-08 03:00:00+00:00,1.15587,1.15591,1.15584,1.15585
2026-08-08 03:15:00+00:00,1.15586,1.15601,1.15582,1.15588
2026-08-08 03:30:00+00:00,1.15586,1.15591,1.15584,1.15589
2026-08-08 03:45:00+00:00,1.15586,1.15592,1.15584,1.15587
2026-08-08 04:00:00+00:00,1.15586,1.15591,1.15584,1.15586
2026-08-08 04:15:00+00:00,1.15587,1.15591,1.15584,1.15589
2026-08-08 04:30:00+00:00,1.15586,1.15595,1.15582,1.15589
2026-08-08 04:45:00+00:00,1.15586,1.15591,1.15584,1.15588
2026-08-08 05:00:00+00:00,1.15586,1.15599,1.15583,1.15585
2026-08-08 05:15:00+00:00,1.15586,1.15627,1.15581,1.15587
2026-08-08 05:30:00+00:00,1.15588,1.15591,1.15584,1.15588
2026-08-08 05:45:00+00:00,1.15586,1.15592,1.15584,1.15588
2026-08-08 06:00:00+00:00,1.15586,1.15591,1.15584,1.15586
2026-08-08 06:15:00+00:00,1.15586,1.15593,1.15584,1.15586
2026-08-08 06:30:00+00:00,1.15586,1.15602,1.15583,1.15588
2026-08-08 06:45:00+00:00,1.15591,1.15591,1.15584,1.15588
2026-08-08 07:00:00+00:00,1.15586,1.15595,1.15582,1.15586
2026-08-08 07:15:00+00:00,1.15586,1.15594,1.15584,1.15587
2026-08-08 07:30:00+00:00,1.15589,1.15594,1.15584,1.1559
2026-08-08 07:45:00+00:00,1.15589,1.15595,1.15584,1.15593
2026-08-08 08:00:00+00:00,1.1559,1.15594,1.15586,1.15589
2026-08-08 08:15:00+00:00,1.15589,1.15602,1.15582,1.15587
2026-08-08 08:30:00+00:00,1.15589,1.15594,1.15586,1.15591
2026-08-08 08:45:00+00:00,1.15589,1.15596,1.15584,1.15591
2026-08-08 09:00:00+00:00,1.15589,1.15594,1.15584,1.15588
2026-08-08 09:15:00+00:00,1.1559,1.15594,1.15586,1.15587
2026-08-08 09:30:00+00:00,1.15589,1.15595,1.15584,1.15591
2026-08-08 09:45:00+00:00,1.15589,1.15594,1.15586,1.15591
2026-08-08 10:00:00+00:00,1.15589,1.15602,1.1558,1.1559
2026-08-08 10:15:00+00:00,1.15589,1.15595,1.15584,1.15587
2026-08-08 10:30:00+00:00,1.1559,1.15594,1.15586,1.15589
2026-08-08 10:45:00+00:00,1.15589,1.15597,1.15584,1.15591
2026-08-08 11:00:00+00:00,1.15589,1.15594,1.15586,1.1559
2026-08-08 11:15:00+00:00,1.15589,1.15595,1.15584,1.15587
2026-08-08 11:30:00+00:00,1.15589,1.15594,1.15586,1.15589
2026-08-08 11:45:00+00:00,1.15589,1.15594,1.15586,1.15591
2026-08-08 12:00:00+00:00,1.15589,1.15594,1.15584,1.15591
2026-08-08 12:15:00+00:00,1.15589,1.15594,1.15586,1.15587
2026-08-08 12:30:00+00:00,1.15589,1.15597,1.15585,1.15587
2026-08-08 12:45:00+00:00,1.15589,1.15594,1.15584,1.15594
2026-08-08 13:00:00+00:00,1.15592,1.15594,1.15586,1.15591
2026-08-08 13:15:00+00:00,1.15589,1.15594,1.15586,1.15589
2026-08-08 13:30:00+00:00,1.15589,1.15594,1.15586,1.15587
2026-08-08 13:45:00+00:00,1.15589,1.15595,1.15584,1.1559
2026-08-08 14:00:00+00:00,1.15589,1.15597,1.15584,1.15595
2026-08-08 14:15:00+00:00,1.15593,1.15594,1.15586,1.15589
2026-08-08 14:30:00+00:00,1.15589,1.15594,1.15584,1.15587
2026-08-08 14:45:00+00:00,1.15589,1.15594,1.15586,1.15591
2026-08-08 15:00:00+00:00,1.15589,1.15599,1.15583,1.15591
2026-08-08 15:15:00+00:00,1.15589,1.15596,1.15584,1.15594
2026-08-08 15:30:00+00:00,1.15592,1.15594,1.15586,1.15587
2026-08-08 15:45:00+00:00,1.15588,1.15619,1.15584,1.15591
2026-08-08 16:00:00+00:00,1.15589,1.15594,1.15586,1.15591
2026-08-08 16:15:00+00:00,1.15589,1.15595,1.15586,1.1559
2026-08-08 16:30:00+00:00,1.15589,1.15594,1.15586,1.15587
2026-08-08 16:45:00+00:00,1.15589,1.15594,1.15586,1.15589
2026-08-08 17:00:00+00:00,1.15589,1.15594,1.15586,1.15591
2026-08-08 17:15:00+00:00,1.15589,1.15594,1.15586,1.15591
2026-08-08 17:30:00+00:00,1.15589,1.15595,1.15584,1.15587
2026-08-08 17:45:00+00:00,1.15589,1.15597,1.15586,1.15589
2026-08-08 18:00:00+00:00,1.15589,1.15594,1.15584,1.15591
2026-08-08 18:15:00+00:00,1.15589,1.15594,1.15586,1.15591
2026-08-08 18:30:00+00:00,1.15589,1.15594,1.15586,1.15589
2026-08-08 18:45:00+00:00,1.15589,1.15595,1.15584,1.15587
2026-08-08 19:00:00+00:00,1.15589,1.15594,1.15586,1.15592
2026-08-08 19:15:00+00:00,1.15588,1.15594,1.15584,1.15591
2026-08-08 19:30:00+00:00,1.15589,1.15597,1.15584,1.15589
2026-08-08 19:45:00+00:00,1.15589,1.15594,1.15586,1.15587
2026-08-08 20:00:00+00:00,1.15589,1.15594,1.15586,1.15591
2026-08-08 20:15:00+00:00,1.15589,1.15594,1.15586,1.15592
2026-08-08 20:30:00+00:00,1.15588,1.15596,1.15584,1.15589
2026-08-08 20:45:00+00:00,1.15589,1.15594,1.15586,1.15587
2026-08-08 21:00:00+00:00,1.15589,1.15594,1.15586,1.15591
2026-08-08 21:15:00+00:00,1.15589,1.15597,1.15584,1.15591
2026-08-08 21:30:00+00:00,1.15589,1.15594,1.15586,1.1559
2026-08-08 21:45:00+00:00,1.15589,1.15602,1.15583,1.15587
2026-08-08 22:00:00+00:00,1.15589,1.15597,1.15584,1.15591
2026-08-08 22:15:00+00:00,1.15589,1.15594,1.15586,1.15591
2026-08-08 22:30:00+00:00,1.15589,1.15594,1.15584,1.1559
2026-08-08 22:45:00+00:00,1.15589,1.15594,1.15586,1.15587
2026-08-08 23:00:00+00:00,1.15589,1.15595,1.15586,1.15589
2026-08-08 23:15:00+00:00,1.15589,1.15626,1.15581,1.15603
2026-08-08 23:30:00+00:00,1.15601,1.15601,1.15584,1.15598
2026-08-08 23:45:00+00:00,1.15596,1.15623,1.15593,1.15599
2026-08-09 00:00:00+00:00,1.15599,1.15605,1.15598,1.15599
2026-08-09 00:15:00+00:00,1.15599,1.1562,1.15599,1.15604
2026-08-09 00:30:00+00:00,1.15602,1.15619,1.156,1.15607
2026-08-09 00:45:00+00:00,1.15604,1.1561,1.15603,1.15604
2026-08-09 01:00:00+00:00,1.15604,1.15618,1.156,1.15609
2026-08-09 01:15:00+00:00,1.15609,1.15614,1.15608,1.15611
2026-08-09 01:30:00+00:00,1.15609,1.15615,1.15608,1.15613
2026-08-09 01:45:00+00:00,1.1561,1.15615,1.156,1.15601
2026-08-09 02:00:00+00:00,1.15604,1.15609,1.15596,1.15598
2026-08-09 02:15:00+00:00,1.15599,1.1562,1.15597,1.15604
2026-08-09 02:30:00+00:00,1.15602,1.15607,1.15579,1.15593
2026-08-09 02:45:00+00:00,1.15591,1.15623,1.15581,1.15591
2026-08-09 03:00:00+00:00,1.15591,1.15624,1.15589,1.15593
2026-08-09 03:15:00+00:00,1.15593,1.15597,1.15589,1.15593
2026-08-09 03:30:00+00:00,1.15591,1.15624,1.15587,1.15595
2026-08-09 03:45:00+00:00,1.15592,1.15597,1.15589,1.15592
2026-08-09 04:00:00+00:00,1.15591,1.15623,1.1559,1.15592
2026-08-09 04:15:00+00:00,1.15593,1.15623,1.15591,1.15606
2026-08-09 04:30:00+00:00,1.15603,1.15605,1.15594,1.15598
2026-08-09 04:45:00+00:00,1.15596,1.1562,1.15594,1.15601
2026-08-09 05:00:00+00:00,1.15599,1.15605,1.15598,1.15599
2026-08-09 05:15:00+00:00,1.15599,1.15619,1.15596,1.15602
2026-08-09 05:30:00+00:00,1.15602,1.15619,1.15601,1.15607
2026-08-09 05:45:00+00:00,1.15605,1.1561,1.15603,1.15607
2026-08-09 06:00:00+00:00,1.15605,1.15623,1.15582,1.15591
2026-08-09 06:15:00+00:00,1.15591,1.15596,1.15589,1.1559
2026-08-09 06:30:00+00:00,1.15591,1.15624,1.15589,1.15593
2026-08-09 06:45:00+00:00,1.15591,1.15624,1.15587,1.15596
2026-08-09 07:00:00+00:00,1.15594,1.15597,1.1559,1.15591
2026-08-09 07:15:00+00:00,1.15591,1.15624,1.1559,1.15595
2026-08-09 07:30:00+00:00,1.15596,1.156,1.15592,1.15595
2026-08-09 07:45:00+00:00,1.15594,1.15623,1.15593,1.15604
2026-08-09 08:00:00+00:00,1.15601,1.1562,1.15596,1.15599
2026-08-09 08:15:00+00:00,1.15599,1.15604,1.15597,1.15598
2026-08-09 08:30:00+00:00,1.15599,1.15616,1.15597,1.15604
2026-08-09 08:45:00+00:00,1.15602,1.15607,1.156,1.15605
2026-08-09 09:00:00+00:00,1.15602,1.15619,1.156,1.15605
2026-08-09 09:15:00+00:00,1.15604,1.15618,1.15603,1.15605
2026-08-09 09:30:00+00:00,1.15606,1.15611,1.15604,1.15608
2026-08-09 09:45:00+00:00,1.15606,1.15618,1.15604,1.1561
2026-08-09 10:00:00+00:00,1.15608,1.15613,1.15606,1.15609
2026-08-09 10:15:00+00:00,1.15608,1.15613,1.15606,1.15607
2026-08-09 10:30:00+00:00,1.15608,1.15613,1.15606,1.15608
2026-08-09 10:45:00+00:00,1.15608,1.15613,1.15606,1.1561
2026-08-09 11:00:00+00:00,1.15608,1.15613,1.15606,1.15609
2026-08-09 11:15:00+00:00,1.15608,1.15614,1.15599,1.15601
2026-08-09 11:30:00+00:00,1.15602,1.15631,1.15559,1.15573
2026-08-09 11:45:00+00:00,1.15573,1.15586,1.15569,1.15586
2026-08-09 12:00:00+00:00,1.15584,1.15589,1.15429,1.15483
2026-08-09 12:15:00+00:00,1.1548,1.15486,1.15479,1.1548
2026-08-09 12:30:00+00:00,1.1548,1.15483,1.15358,1.15398
2026-08-09 12:45:00+00:00,1.15398,1.15443,1.15302,1.15334
2026-08-09 13:00:00+00:00,1.15332,1.15338,1.15331,1.15335
2026-08-09 13:15:00+00:00,1.15332,1.15717,1.15261,1.15444
2026-08-09 13:30:00+00:00,1.15444,1.1545,1.15443,1.15444
2026-08-09 13:45:00+00:00,1.15444,1.15447,1.15332,1.15371
2026-08-09 14:00:00+00:00,1.15369,1.1568,1.1536,1.15414
2026-08-09 14:15:00+00:00,1.15412,1.15501,1.15404,1.15474
2026-08-09 14:30:00+00:00,1.15473,1.15552,1.15354,1.15391
2026-08-09 14:45:00+00:00,1.15392,1.15397,1.1539,1.15394
2026-08-09 15:00:00+00:00,1.15392,1.15472,1.15324,1.15434
2026-08-09 15:15:00+00:00,1.15431,1.15499,1.15323,1.1536
2026-08-09 15:30:00+00:00,1.15359,1.15364,1.15357,1.15358
2026-08-09 15:45:00+00:00,1.15359,1.15386,1.15275,1.15301
2026-08-09 16:00:00+00:00,1.15301,1.15449,1.15288,1.15405
2026-08-09 16:15:00+00:00,1.15402,1.15407,1.15307,1.15337
2026-08-09 16:30:00+00:00,1.15335,1.15341,1.15298,1.15309
2026-08-09 16:45:00+00:00,1.1531,1.15315,1.15308,1.1531
2026-08-09 17:00:00+00:00,1.1531,1.15721,1.15279,1.15496
2026-08-09 17:15:00+00:00,1.15493,1.15499,1.15492,1.15495
2026-08-09 17:30:00+00:00,1.15493,1.15499,1.15368,1.15408
2026-08-09 17:45:00+00:00,1.15409,1.15414,1.15308,1.1534
2026-08-09 18:00:00+00:00,1.15341,1.15691,1.15302,1.1558
2026-08-09 18:15:00+00:00,1.15448,1.15694,1.1534,1.15412
2026-08-09 18:30:00+00:00,1.15413,1.15668,1.15405,1.15582
2026-08-09 18:45:00+00:00,1.15438,1.15685,1.15363,1.154
2026-08-09 19:00:00+00:00,1.15418,1.15816,1.15362,1.15605
2026-08-09 19:15:00+00:00,1.15642,1.15847,1.15493,1.15614
2026-08-09 19:30:00+00:00,1.156,1.15819,1.15505,1.15669
2026-08-09 19:45:00+00:00,1.15646,1.159,1.15411,1.15581
2026-08-09 20:00:00+00:00,1.15567,1.15697,1.15563,1.15689
2026-08-09 20:15:00+00:00,1.15676,1.15676,1.15566,1.1564
2026-08-09 20:30:00+00:00,1.15632,1.15743,1.15549,1.15588
2026-08-09 20:45:00+00:00,1.15604,1.15641,1.15568,1.15588
2026-08-09 21:00:00+00:00,1.15609,1.15668,1.15564,1.15667
2026-08-09 21:15:00+00:00,1.15663,1.15663,1.15583,1.15655
2026-08-09 21:30:00+00:00,1.1565,1.15652,1.15601,1.15623
2026-08-09 21:45:00+00:00,1.15618,1.15652,1.15608,1.15628
2026-08-09 22:00:00+00:00,1.15616,1.15628,1.15562,1.15574
2026-08-09 22:15:00+00:00,1.15572,1.15573,1.15549,1.15553
2026-08-09 22:30:00+00:00,1.15555,1.15578,1.15549,1.15572
2026-08-09 22:45:00+00:00,1.1557,1.15576,1.15551,1.15556
2026-08-09 23:00:00+00:00,1.15557,1.15584,1.15555,1.15569
2026-08-09 23:15:00+00:00,1.15573,1.15584,1.15571,1.15582
2026-08-09 23:30:00+00:00,1.1558,1.15582,1.15545,1.15573
2026-08-09 23:45:00+00:00,1.1557,1.15585,1.15559,1.1556
2026-08-10 00:00:00+00:00,1.15561,1.15595,1.1556,1.15591
2026-08-10 00:15:00+00:00,1.15584,1.15595,1.15552,1.15565
2026-08-10 00:30:00+00:00,1.1556,1.15564,1.15544,1.15553
2026-08-10 00:45:00+00:00,1.15551,1.15589,1.15544,1.15585
2026-08-10 01:00:00+00:00,1.15584,1.1559,1.15529,1.15551
2026-08-10 01:15:00+00:00,1.15545,1.15565,1.1554,1.15562
2026-08-10 01:30:00+00:00,1.1556,1.1556,1.15523,1.1555
2026-08-10 01:45:00+00:00,1.15547,1.15554,1.15531,1.15532
2026-08-10 02:00:00+00:00,1.15533,1.15554,1.15529,1.15531
2026-08-10 02:15:00+00:00,1.15533,1.15554,1.15524,1.15546
2026-08-10 02:30:00+00:00,1.15541,1.15554,1.15521,1.15532
2026-08-10 02:45:00+00:00,1.1553,1.1553,1.15512,1.15515
2026-08-10 03:00:00+00:00,1.15519,1.15522,1.15497,1.15505
2026-08-10 03:15:00+00:00,1.15507,1.15537,1.15499,1.15512
2026-08-10 03:30:00+00:00,1.15506,1.15513,1.15492,1.15498
2026-08-10 03:45:00+00:00,1.15495,1.15508,1.15491,1.15496
2026-08-10 04:00:00+00:00,1.15495,1.15506,1.15481,1.15497
2026-08-10 04:15:00+00:00,1.15492,1.15507,1.15488,1.155
2026-08-10 04:30:00+00:00,1.155,1.15503,1.15485,1.155
2026-08-10 04:45:00+00:00,1.15494,1.1553,1.15494,1.15525
2026-08-10 05:00:00+00:00,1.15523,1.15536,1.15504,1.15506
2026-08-10 05:15:00+00:00,1.15509,1.15522,1.15504,1.15516
2026-08-10 05:30:00+00:00,1.15513,1.15536,1.15505,1.15523
2026-08-10 05:45:00+00:00,1.15521,1.15559,1.15515,1.15545
2026-08-10 06:00:00+00:00,1.15548,1.15554,1.15528,1.15541
2026-08-10 06:15:00+00:00,1.15542,1.1557,1.15528,1.15561
2026-08-10 06:30:00+00:00,1.15557,1.15563,1.15537,1.15543
2026-08-10 06:45:00+00:00,1.15546,1.15557,1.15524,1.15551
2026-08-10 07:00:00+00:00,1.15548,1.15561,1.15525,1.15541
2026-08-10 07:15:00+00:00,1.15547,1.15578,1.15532,1.1556
2026-08-10 07:30:00+00:00,1.15562,1.15623,1.15556,1.1562
2026-08-10 07:45:00+00:00,1.15611,1.15647,1.15586,1.15609
2026-08-10 08:00:00+00:00,1.15605,1.15645,1.15598,1.15633
2026-08-10 08:15:00+00:00,1.15638,1.15658,1.15632,1.15645
2026-08-10 08:30:00+00:00,1.15642,1.1565,1.15624,1.15628
2026-08-10 08:45:00+00:00,1.15632,1.15632,1.15608,1.15624
2026-08-10 09:00:00+00:00,1.1562,1.15632,1.15594,1.15629
2026-08-10 09:15:00+00:00,1.15628,1.1564,1.15612,1.15619
2026-08-10 09:30:00+00:00,1.15621,1.15627,1.15571,1.156
2026-08-10 09:45:00+00:00,1.15594,1.1561,1.15576,1.1558
2026-08-10 10:00:00+00:00,1.15586,1.15586,1.15551,1.15563
2026-08-10 10:15:00+00:00,1.15561,1.1558,1.15552,1.15573
2026-08-10 10:30:00+00:00,1.1557,1.15575,1.15547,1.15552
2026-08-10 10:45:00+00:00,1.15553,1.15572,1.15551,1.15558
2026-08-10 11:00:00+00:00,1.15556,1.15567,1.15511,1.15517
2026-08-10 11:15:00+00:00,1.15528,1.15529,1.15507,1.15518
2026-08-10 11:30:00+00:00,1.15516,1.15539,1.15504,1.15511
2026-08-10 11:45:00+00:00,1.15515,1.1552,1.15493,1.15519
2026-08-10 12:00:00+00:00,1.15515,1.15549,1.1551,1.15517
2026-08-10 12:15:00+00:00,1.15516,1.15521,1.15472,1.15491
2026-08-10 12:30:00+00:00,1.15488,1.15509,1.15464,1.15474
2026-08-10 12:45:00+00:00,1.15473,1.15488,1.1546,1.15483
2026-08-10 13:00:00+00:00,1.15481,1.15523,1.15455,1.15521
2026-08-10 13:15:00+00:00,1.15518,1.15533,1.15496,1.1553
2026-08-10 13:30:00+00:00,1.15528,1.15531,1.15492,1.15498
2026-08-10 13:45:00+00:00,1.155,1.15512,1.15441,1.15461
2026-08-10 14:00:00+00:00,1.1546,1.15499,1.15447,1.15496
2026-08-10 14:15:00+00:00,1.15486,1.15533,1.15475,1.15531
2026-08-10 14:30:00+00:00,1.1553,1.15551,1.15511,1.15544
2026-08-10 14:45:00+00:00,1.15542,1.15555,1.15499,1.1551
2026-08-10 15:00:00+00:00,1.15515,1.1552,1.1548,1.15498
2026-08-10 15:15:00+00:00,1.15493,1.15533,1.15469,1.15473
2026-08-10 15:30:00+00:00,1.15473,1.15499,1.15465,1.15477
2026-08-10 15:45:00+00:00,1.15474,1.15516,1.15463,1.15514
2026-08-10 16:00:00+00:00,1.15511,1.1555,1.15511,1.15547
2026-08-10 16:15:00+00:00,1.15542,1.15542,1.15491,1.15521
2026-08-10 16:30:00+00:00,1.15516,1.15537,1.15489,1.15494
2026-08-10 16:45:00+00:00,1.15498,1.15502,1.15451,1.15481
2026-08-10 17:00:00+00:00,1.15479,1.1548,1.15439,1.15441
2026-08-10 17:15:00+00:00,1.15441,1.15452,1.15413,1.15443
2026-08-10 17:30:00+00:00,1.1544,1.15468,1.15438,1.15456
2026-08-10 17:45:00+00:00,1.15459,1.15464,1.15419,1.1542
2026-08-10 18:00:00+00:00,1.15422,1.15451,1.15422,1.15451
2026-08-10 18:15:00+00:00,1.15449,1.15449,1.15416,1.1543
2026-08-10 18:30:00+00:00,1.15428,1.15451,1.15417,1.1545
2026-08-10 18:45:00+00:00,1.15447,1.15451,1.15403,1.15417
2026-08-10 19:00:00+00:00,1.15422,1.15433,1.15407,1.1541
2026-08-10 19:15:00+00:00,1.15411,1.15433,1.154,1.15422
2026-08-10 19:30:00+00:00,1.1542,1.15434,1.15408,1.15432
2026-08-10 19:45:00+00:00,1.15431,1.15436,1.15409,1.15412
2026-08-10 20:00:00+00:00,1.15417,1.15437,1.15412,1.15431
2026-08-10 20:15:00+00:00,1.15431,1.15437,1.15416,1.15422
2026-08-10 20:30:00+00:00,1.1542,1.15435,1.15415,1.15432
2026-08-10 20:45:00+00:00,1.15431,1.15434,1.15416,1.15432
2026-08-10 21:00:00+00:00,1.1543,1.15461,1.15425,1.15429
2026-08-10 21:15:00+00:00,1.15431,1.15444,1.15425,1.1544
2026-08-10 21:30:00+00:00,1.15435,1.15441,1.15425,1.15438
2026-08-10 21:45:00+00:00,1.15436,1.15445,1.15421,1.15426
2026-08-10 22:00:00+00:00,1.15429,1.15448,1.15428,1.15433
2026-08-10 22:15:00+00:00,1.15431,1.15438,1.15425,1.15433
2026-08-10 22:30:00+00:00,1.1543,1.15443,1.15425,1.1544
2026-08-10 22:45:00+00:00,1.15438,1.15443,1.15433,1.15441
2026-08-10 23:00:00+00:00,1.1544,1.15446,1.15428,1.15436
2026-08-10 23:15:00+00:00,1.15433,1.15441,1.15427,1.15432
2026-08-10 23:30:00+00:00,1.1543,1.15437,1.15423,1.15433
2026-08-10 23:45:00+00:00,1.15431,1.15468,1.15428,1.15466
2026-08-11 00:00:00+00:00,1.15463,1.15476,1.15453,1.15474
2026-08-11 00:15:00+00:00,1.15471,1.15484,1.15465,1.15483
2026-08-11 00:30:00+00:00,1.1548,1.15496,1.15471,1.15494
2026-08-11 00:45:00+00:00,1.15491,1.15496,1.15464,1.15465
2026-08-11 01:00:00+00:00,1.15468,1.15473,1.15432,1.15458
2026-08-11 01:15:00+00:00,1.15463,1.15494,1.15463,1.15484
2026-08-11 01:30:00+00:00,1.1548,1.15502,1.15468,1.15475
2026-08-11 01:45:00+00:00,1.15473,1.15494,1.15464,1.15468
2026-08-11 02:00:00+00:00,1.15475,1.15475,1.15435,1.15437
2026-08-11 02:15:00+00:00,1.15442,1.15456,1.15404,1.1543
2026-08-11 02:30:00+00:00,1.15429,1.15429,1.15405,1.15424
2026-08-11 02:45:00+00:00,1.1542,1.15424,1.15387,1.15404
2026-08-11 03:00:00+00:00,1.15402,1.15426,1.15398,1.15424
2026-08-11 03:15:00+00:00,1.15421,1.15444,1.15419,1.15443
2026-08-11 03:30:00+00:00,1.15439,1.15455,1.15436,1.15442
2026-08-11 03:45:00+00:00,1.1544,1.15444,1.1542,1.15432
2026-08-11 04:00:00+00:00,1.1543,1.15445,1.15428,1.15443
2026-08-11 04:15:00+00:00,1.1544,1.15453,1.15433,1.15451
2026-08-11 04:30:00+00:00,1.15447,1.15451,1.15401,1.15415
2026-08-11 04:45:00+00:00,1.15411,1.15444,1.15393,1.15419
2026-08-11 05:00:00+00:00,1.15421,1.15431,1.15407,1.15408
2026-08-11 05:15:00+00:00,1.15412,1.15417,1.154,1.15415
2026-08-11 05:30:00+00:00,1.15412,1.15427,1.15404,1.15427
2026-08-11 05:45:00+00:00,1.15423,1.1543,1.15388,1.15412
2026-08-11 06:00:00+00:00,1.15409,1.15432,1.15404,1.15415
2026-08-11 06:15:00+00:00,1.15414,1.15414,1.15346,1.15377
2026-08-11 06:30:00+00:00,1.15375,1.1538,1.15335,1.15374
2026-08-11 06:45:00+00:00,1.15373,1.15373,1.15345,1.15363
2026-08-11 07:00:00+00:00,1.15359,1.15409,1.15351,1.15393
2026-08-11 07:15:00+00:00,1.15392,1.15393,1.15358,1.15381
2026-08-11 07:30:00+00:00,1.15376,1.15385,1.15334,1.15336
2026-08-11 07:45:00+00:00,1.15338,1.15351,1.15322,1.15325
2026-08-11 08:00:00+00:00,1.15331,1.15341,1.15314,1.1532
2026-08-11 08:15:00+00:00,1.15322,1.15345,1.15322,1.15342
2026-08-11 08:30:00+00:00,1.15337,1.15388,1.15337,1.15387
2026-08-11 08:45:00+00:00,1.15386,1.15386,1.15355,1.15365
2026-08-11 09:00:00+00:00,1.15362,1.1537,1.1534,1.15351
2026-08-11 09:15:00+00:00,1.15349,1.15354,1.15331,1.15343
2026-08-11 09:30:00+00:00,1.15338,1.1535,1.15334,1.15341
2026-08-11 09:45:00+00:00,1.15341,1.15373,1.15341,1.15371
2026-08-11 10:00:00+00:00,1.15368,1.15384,1.15345,1.15366
2026-08-11 10:15:00+00:00,1.15369,1.15376,1.15332,1.15375
2026-08-11 10:30:00+00:00,1.15373,1.15385,1.15355,1.15373
2026-08-11 10:45:00+00:00,1.15378,1.15378,1.15348,1.15362
2026-08-11 11:00:00+00:00,1.15356,1.15433,1.15356,1.15423
2026-08-11 11:15:00+00:00,1.15421,1.15424,1.15387,1.15402
2026-08-11 11:30:00+00:00,1.154,1.15401,1.15372,1.15374
2026-08-11 11:45:00+00:00,1.15377,1.15379,1.15355,1.15374
2026-08-11 12:00:00+00:00,1.15372,1.15407,1.15356,1.15378
2026-08-11 12:15:00+00:00,1.15381,1.15412,1.15344,1.15372
2026-08-11 12:30:00+00:00,1.15369,1.15422,1.15364,1.15388
2026-08-11 12:45:00+00:00,1.15394,1.15437,1.15394,1.15436
2026-08-11 13:00:00+00:00,1.15435,1.15447,1.1542,1.15425
2026-08-11 13:15:00+00:00,1.15432,1.15448,1.15409,1.1543
2026-08-11 13:30:00+00:00,1.15429,1.15448,1.15389,1.15444
2026-08-11 13:45:00+00:00,1.15438,1.1549,1.15437,1.15441
2026-08-11 14:00:00+00:00,1.15447,1.15447,1.15395,1.15414
2026-08-11 14:15:00+00:00,1.15409,1.15425,1.15386,1.15391
2026-08-11 14:30:00+00:00,1.15398,1.15431,1.15386,1.15429
2026-08-11 14:45:00+00:00,1.15425,1.15436,1.15403,1.15424
2026-08-11 15:00:00+00:00,1.15421,1.15451,1.15389,1.15393
2026-08-11 15:15:00+00:00,1.15397,1.15408,1.1537,1.15406
2026-08-11 15:30:00+00:00,1.15403,1.15424,1.15376,1.15379
2026-08-11 15:45:00+00:00,1.1538,1.15436,1.15372,1.1542
2026-08-11 16:00:00+00:00,1.15421,1.15431,1.15401,1.15411
2026-08-11 16:15:00+00:00,1.15418,1.15421,1.15392,1.15419
2026-08-11 16:30:00+00:00,1.15417,1.15432,1.15409,1.15416
2026-08-11 16:45:00+00:00,1.15421,1.15421,1.15392,1.15395
2026-08-11 17:00:00+00:00,1.15399,1.15409,1.15359,1.15366
2026-08-11 17:15:00+00:00,1.15364,1.15379,1.15346,1.15348
2026-08-11 17:30:00+00:00,1.15348,1.15382,1.15346,1.15381
2026-08-11 17:45:00+00:00,1.1538,1.15394,1.15375,1.15377
2026-08-11 18:00:00+00:00,1.1538,1.15385,1.15362,1.15369
2026-08-11 18:15:00+00:00,1.15367,1.15376,1.15352,1.15373
2026-08-11 18:30:00+00:00,1.15371,1.15419,1.15367,1.15416
2026-08-11 18:45:00+00:00,1.1541,1.15425,1.15392,1.15396
2026-08-11 19:00:00+00:00,1.15402,1.15426,1.15399,1.15422
2026-08-11 19:15:00+00:00,1.1542,1.15427,1.154,1.15425
2026-08-11 19:30:00+00:00,1.15422,1.15434,1.15412,1.15423
2026-08-11 19:45:00+00:00,1.15422,1.15436,1.15416,1.15421
2026-08-11 20:00:00+00:00,1.15426,1.15442,1.15421,1.1543
2026-08-11 20:15:00+00:00,1.15429,1.15429,1.15411,1.15419
2026-08-11 20:30:00+00:00,1.15416,1.15422,1.15399,1.15401
2026-08-11 20:45:00+00:00,1.15404,1.15434,1.15393,1.15432
2026-08-11 21:00:00+00:00,1.15429,1.15435,1.15412,1.15425
2026-08-11 21:15:00+00:00,1.15417,1.15431,1.15399,1.15403
2026-08-11 21:30:00+00:00,1.154,1.15415,1.15396,1.15406
2026-08-11 21:45:00+00:00,1.15409,1.15415,1.15395,1.15404
2026-08-11 22:00:00+00:00,1.15406,1.15439,1.15403,1.1543
2026-08-11 22:15:00+00:00,1.1543,1.15437,1.15425,1.15436
2026-08-11 22:30:00+00:00,1.15433,1.15438,1.15416,1.15423
2026-08-11 22:45:00+00:00,1.15421,1.1544,1.15419,1.15433
2026-08-11 23:00:00+00:00,1.15434,1.15441,1.15428,1.15429
2026-08-11 23:15:00+00:00,1.15431,1.15437,1.1542,1.15433
2026-08-11 23:30:00+00:00,1.15431,1.15435,1.15412,1.15432
2026-08-11 23:45:00+00:00,1.1543,1.1544,1.15423,1.15438
2026-08-12 00:00:00+00:00,1.15436,1.15451,1.15425,1.15438
2026-08-12 00:15:00+00:00,1.15442,1.15452,1.15433,1.15446
2026-08-12 00:30:00+00:00,1.15444,1.15447,1.15423,1.15434
2026-08-12 00:45:00+00:00,1.15431,1.15435,1.15399,1.15409
2026-08-12 01:00:00+00:00,1.15412,1.15413,1.15368,1.15369
2026-08-12 01:15:00+00:00,1.15373,1.15386,1.1537,1.15382
2026-08-12 01:30:00+00:00,1.15378,1.15397,1.15375,1.15395
2026-08-12 01:45:00+00:00,1.15391,1.15405,1.15379,1.15386
2026-08-12 02:00:00+00:00,1.15384,1.15386,1.15366,1.15373
2026-08-12 02:15:00+00:00,1.15376,1.1538,1.1535,1.15373
2026-08-12 02:30:00+00:00,1.15371,1.154,1.15367,1.1539
2026-08-12 02:45:00+00:00,1.15386,1.15396,1.15371,1.15379
2026-08-12 03:00:00+00:00,1.15378,1.15389,1.15368,1.15377
2026-08-12 03:15:00+00:00,1.1538,1.15387,1.15366,1.15368
2026-08-12 03:30:00+00:00,1.1537,1.15379,1.15358,1.15362
2026-08-12 03:45:00+00:00,1.15365,1.15368,1.1535,1.15356
2026-08-12 04:00:00+00:00,1.15355,1.15365,1.15344,1.15347
2026-08-12 04:15:00+00:00,1.15348,1.15352,1.1533,1.15335
2026-08-12 04:30:00+00:00,1.15337,1.15363,1.15337,1.15362
2026-08-12 04:45:00+00:00,1.1536,1.15368,1.15348,1.15365
2026-08-12 05:00:00+00:00,1.15363,1.15363,1.15335,1.1534
2026-08-12 05:15:00+00:00,1.15345,1.15348,1.15322,1.15334
2026-08-12 05:30:00+00:00,1.15331,1.15354,1.15331,1.15347
2026-08-12 05:45:00+00:00,1.15345,1.15349,1.15324,1.15341
2026-08-12 06:00:00+00:00,1.15338,1.15354,1.15332,1.15353
2026-08-12 06:15:00+00:00,1.15351,1.15361,1.15344,1.15352
2026-08-12 06:30:00+00:00,1.15353,1.15364,1.15339,1.15363
2026-08-12 06:45:00+00:00,1.15361,1.15368,1.15339,1.1536
2026-08-12 07:00:00+00:00,1.15361,1.15394,1.15358,1.15392
2026-08-12 07:15:00+00:00,1.15391,1.15396,1.15371,1.15377
2026-08-12 07:30:00+00:00,1.1538,1.15396,1.15368,1.15378
2026-08-12 07:45:00+00:00,1.15382,1.15387,1.15359,1.15372
2026-08-12 08:00:00+00:00,1.15369,1.15381,1.15346,1.1537
2026-08-12 08:15:00+00:00,1.15368,1.15397,1.15356,1.15383
2026-08-12 08:30:00+00:00,1.15379,1.15403,1.15367,1.154
2026-08-12 08:45:00+00:00,1.15394,1.15403,1.15364,1.1537
2026-08-12 09:00:00+00:00,1.1537,1.15411,1.15368,1.1541
2026-08-12 09:15:00+00:00,1.15406,1.1548,1.154,1.15427
2026-08-12 09:30:00+00:00,1.15431,1.15444,1.15391,1.15394
2026-08-12 09:45:00+00:00,1.154,1.15404,1.15354,1.1537
2026-08-12 10:00:00+00:00,1.15368,1.15393,1.15352,1.15382
2026-08-12 10:15:00+00:00,1.15379,1.15393,1.15358,1.15379
2026-08-12 10:30:00+00:00,1.15384,1.15386,1.15358,1.15374
2026-08-12 10:45:00+00:00,1.15371,1.1538,1.15335,1.15352
2026-08-12 11:00:00+00:00,1.15359,1.15368,1.15338,1.15355
2026-08-12 11:15:00+00:00,1.15353,1.15393,1.15346,1.1539
2026-08-12 11:30:00+00:00,1.15386,1.15408,1.1538,1.15402
2026-08-12 11:45:00+00:00,1.15403,1.15456,1.154,1.15452
2026-08-12 12:00:00+00:00,1.15451,1.15463,1.15424,1.15455
2026-08-12 12:15:00+00:00,1.15453,1.15458,1.15415,1.15448
2026-08-12 12:30:00+00:00,1.15439,1.15596,1.15354,1.15592
2026-08-12 12:45:00+00:00,1.15585,1.15595,1.15524,1.15573
2026-08-12 13:00:00+00:00,1.15562,1.15622,1.15529,1.15537
2026-08-12 13:15:00+00:00,1.15554,1.15554,1.15497,1.15528
2026-08-12 13:30:00+00:00,1.15533,1.15559,1.1548,1.15495
2026-08-12 13:45:00+00:00,1.15492,1.15531,1.15468,1.15529
2026-08-12 14:00:00+00:00,1.15527,1.15544,1.15497,1.15511
2026-08-12 14:15:00+00:00,1.15508,1.15536,1.15491,1.15497
2026-08-12 14:30:00+00:00,1.15508,1.15508,1.15457,1.15462
2026-08-12 14:45:00+00:00,1.15469,1.1548,1.15397,1.15421
2026-08-12 15:00:00+00:00,1.15423,1.1544,1.15388,1.15439
2026-08-12 15:15:00+00:00,1.15434,1.1544,1.154,1.15408
2026-08-12 15:30:00+00:00,1.15417,1.15417,1.1538,1.15382
2026-08-12 15:45:00+00:00,1.15386,1.15401,1.15355,1.15398
2026-08-12 16:00:00+00:00,1.15392,1.15404,1.1534,1.15366
2026-08-12 16:15:00+00:00,1.15351,1.15372,1.15319,1.15338
2026-08-12 16:30:00+00:00,1.15334,1.15334,1.15288,1.15304
2026-08-12 16:45:00+00:00,1.15304,1.15309,1.15254,1.1529
2026-08-12 17:00:00+00:00,1.15288,1.15307,1.15282,1.15292
2026-08-12 17:15:00+00:00,1.1529,1.1529,1.15266,1.15283
2026-08-12 17:30:00+00:00,1.15281,1.1529,1.15234,1.15241
2026-08-12 17:45:00+00:00,1.15253,1.15253,1.15221,1.15223
2026-08-12 18:00:00+00:00,1.15226,1.15254,1.15205,1.15254
2026-08-12 18:15:00+00:00,1.15252,1.15268,1.15238,1.15251
2026-08-12 18:30:00+00:00,1.15259,1.15259,1.1523,1.15235
2026-08-12 18:45:00+00:00,1.15238,1.15247,1.15199,1.152
2026-08-12 19:00:00+00:00,1.15203,1.15234,1.152,1.1523
2026-08-12 19:15:00+00:00,1.15227,1.15249,1.15221,1.15234
2026-08-12 19:30:00+00:00,1.15231,1.15231,1.1521,1.15229
2026-08-12 19:45:00+00:00,1.15224,1.15234,1.15197,1.15201
2026-08-12 20:00:00+00:00,1.15212,1.15245,1.15212,1.15229
2026-08-12 20:15:00+00:00,1.15227,1.15232,1.15214,1.15228
2026-08-12 20:30:00+00:00,1.15225,1.15249,1.15224,1.15242
2026-08-12 20:45:00+00:00,1.15242,1.15265,1.15237,1.15247
2026-08-12 21:00:00+00:00,1.15251,1.15294,1.15229,1.15243
2026-08-12 21:15:00+00:00,1.15232,1.1526,1.15223,1.15251
2026-08-12 21:30:00+00:00,1.15237,1.15257,1.15227,1.15246
2026-08-12 21:45:00+00:00,1.15232,1.15257,1.15224,1.15232
2026-08-12 22:00:00+00:00,1.15233,1.15255,1.15233,1.15248
2026-08-12 22:15:00+00:00,1.15248,1.1527,1.15245,1.1525
2026-08-12 22:30:00+00:00,1.15247,1.15265,1.15247,1.15262
2026-08-12 22:45:00+00:00,1.1526,1.15272,1.15255,1.1527
2026-08-12 23:00:00+00:00,1.15267,1.15279,1.15264,1.15267
2026-08-12 23:15:00+00:00,1.1527,1.15283,1.15267,1.15277
2026-08-12 23:30:00+00:00,1.15275,1.15278,1.15264,1.15271
2026-08-12 23:45:00+00:00,1.15268,1.15284,1.15264,1.15283
2026-08-13 00:00:00+00:00,1.15282,1.153,1.15279,1.15287
2026-08-13 00:15:00+00:00,1.1529,1.15305,1.15282,1.15299
2026-08-13 00:30:00+00:00,1.15298,1.15315,1.1529,1.15309
2026-08-13 00:45:00+00:00,1.15306,1.15311,1.1527,1.15287
2026-08-13 01:00:00+00:00,1.15281,1.15297,1.15276,1.15288
2026-08-13 01:15:00+00:00,1.1529,1.15305,1.15286,1.15293
2026-08-13 01:30:00+00:00,1.15298,1.15314,1.15282,1.15285
2026-08-13 01:45:00+00:00,1.1529,1.1529,1.15241,1.1525
2026-08-13 02:00:00+00:00,1.15247,1.15259,1.15239,1.1524
2026-08-13 02:15:00+00:00,1.15242,1.15245,1.15222,1.15224
2026-08-13 02:30:00+00:00,1.15226,1.15227,1.15202,1.15212
2026-08-13 02:45:00+00:00,1.15209,1.15228,1.15206,1.15225
2026-08-13 03:00:00+00:00,1.15224,1.15243,1.15205,1.15224
2026-08-13 03:15:00+00:00,1.15223,1.15225,1.15205,1.15222
2026-08-13 03:30:00+00:00,1.15216,1.15235,1.15216,1.15234
2026-08-13 03:45:00+00:00,1.15232,1.15236,1.15217,1.15225
2026-08-13 04:00:00+00:00,1.15223,1.15229,1.15205,1.15212
2026-08-13 04:15:00+00:00,1.1521,1.15222,1.15199,1.15212
2026-08-13 04:30:00+00:00,1.15215,1.15223,1.1521,1.15222
2026-08-13 04:45:00+00:00,1.1522,1.15267,1.15209,1.15266
2026-08-13 05:00:00+00:00,1.15261,1.15271,1.15246,1.15249
2026-08-13 05:15:00+00:00,1.15251,1.15274,1.15251,1.15264
2026-08-13 05:30:00+00:00,1.15268,1.15271,1.15241,1.15243
2026-08-13 05:45:00+00:00,1.15245,1.15261,1.15234,1.15258
2026-08-13 06:00:00+00:00,1.15256,1.15259,1.15207,1.15209
2026-08-13 06:15:00+00:00,1.1521,1.15223,1.15185,1.15186
2026-08-13 06:30:00+00:00,1.15188,1.15203,1.1512,1.15167
2026-08-13 06:45:00+00:00,1.15165,1.15184,1.15156,1.15172
2026-08-13 07:00:00+00:00,1.15171,1.15199,1.15171,1.15175
2026-08-13 07:15:00+00:00,1.15177,1.15222,1.15177,1.15219
2026-08-13 07:30:00+00:00,1.15214,1.1525,1.15202,1.1524
2026-08-13 07:45:00+00:00,1.15243,1.15282,1.15242,1.15272
2026-08-13 08:00:00+00:00,1.15268,1.15268,1.15227,1.1526
2026-08-13 08:15:00+00:00,1.15258,1.15261,1.15239,1.15249
2026-08-13 08:30:00+00:00,1.15251,1.15276,1.15245,1.15265
2026-08-13 08:45:00+00:00,1.1527,1.15288,1.15242,1.15256
2026-08-13 09:00:00+00:00,1.15252,1.15285,1.15237,1.15283
2026-08-13 09:15:00+00:00,1.1528,1.15318,1.15278,1.15308
2026-08-13 09:30:00+00:00,1.15312,1.1533,1.15294,1.1532
2026-08-13 09:45:00+00:00,1.15319,1.15345,1.15307,1.15343
2026-08-13 10:00:00+00:00,1.15335,1.15363,1.15335,1.1535
2026-08-13 10:15:00+00:00,1.15353,1.15375,1.1534,1.15373
2026-08-13 10:30:00+00:00,1.1537,1.15392,1.15367,1.15371
2026-08-13 10:45:00+00:00,1.15375,1.15378,1.1535,1.15367
2026-08-13 11:00:00+00:00,1.15365,1.15389,1.15346,1.15387
2026-08-13 11:15:00+00:00,1.15384,1.15389,1.15356,1.1538
2026-08-13 11:30:00+00:00,1.1538,1.15383,1.15354,1.15364
2026-08-13 11:45:00+00:00,1.15362,1.15372,1.1533,1.15344
2026-08-13 12:00:00+00:00,1.15343,1.15349,1.15323,1.1533
2026-08-13 12:15:00+00:00,1.15332,1.15333,1.15306,1.1531
2026-08-13 12:30:00+00:00,1.1531,1.15335,1.1526,1.15309
2026-08-13 12:45:00+00:00,1.15312,1.1544,1.15309,1.15435
2026-08-13 13:00:00+00:00,1.15424,1.1545,1.15387,1.15396
2026-08-13 13:15:00+00:00,1.15393,1.15427,1.15355,1.1536
2026-08-13 13:30:00+00:00,1.1536,1.15362,1.15318,1.1535
2026-08-13 13:45:00+00:00,1.15348,1.15358,1.1532,1.1535
2026-08-13 14:00:00+00:00,1.15347,1.15416,1.15314,1.15415
2026-08-13 14:15:00+00:00,1.15409,1.15452,1.15391,1.15404
2026-08-13 14:30:00+00:00,1.15403,1.15419,1.1537,1.1541
2026-08-13 14:45:00+00:00,1.15409,1.15455,1.15393,1.15453
2026-08-13 15:00:00+00:00,1.15449,1.15453,1.1538,1.15388
2026-08-13 15:15:00+00:00,1.15404,1.15404,1.15343,1.15351
2026-08-13 15:30:00+00:00,1.15366,1.15366,1.15332,1.15335
2026-08-13 15:45:00+00:00,1.15338,1.15351,1.15306,1.15309
2026-08-13 16:00:00+00:00,1.15314,1.15327,1.15287,1.1529
2026-08-13 16:15:00+00:00,1.15295,1.15295,1.15247,1.15264
2026-08-13 16:30:00+00:00,1.15266,1.15295,1.15255,1.15293
2026-08-13 16:45:00+00:00,1.15289,1.15308,1.15287,1.15291
2026-08-13 17:00:00+00:00,1.15298,1.15316,1.15276,1.15281
2026-08-13 17:15:00+00:00,1.15287,1.15296,1.15258,1.15261
2026-08-13 17:30:00+00:00,1.15266,1.15295,1.15262,1.15292
2026-08-13 17:45:00+00:00,1.15288,1.15295,1.15278,1.15291
2026-08-13 18:00:00+00:00,1.15289,1.15321,1.15264,1.1532
2026-08-13 18:15:00+00:00,1.15315,1.1532,1.15283,1.15293
2026-08-13 18:30:00+00:00,1.1529,1.15312,1.15282,1.1531
2026-08-13 18:45:00+00:00,1.15308,1.15308,1.15287,1.15288
2026-08-13 19:00:00+00:00,1.1529,1.15305,1.15287,1.15305
2026-08-13 19:15:00+00:00,1.15303,1.15319,1.15295,1.15317
2026-08-13 19:30:00+00:00,1.15314,1.1532,1.15289,1.15301
2026-08-13 19:45:00+00:00,1.15299,1.15299,1.15277,1.15279
2026-08-13 20:00:00+00:00,1.15283,1.15301,1.15264,1.15266
2026-08-13 20:15:00+00:00,1.15269,1.15286,1.15266,1.15278
2026-08-13 20:30:00+00:00,1.15277,1.15291,1.15271,1.15284
2026-08-13 20:45:00+00:00,1.15283,1.15303,1.15279,1.15291
2026-08-13 21:00:00+00:00,1.15297,1.15304,1.15267,1.15268
2026-08-13 21:15:00+00:00,1.15269,1.15296,1.15269,1.1529
2026-08-13 21:30:00+00:00,1.15285,1.15324,1.15285,1.15292
2026-08-13 21:45:00+00:00,1.15292,1.15306,1.15278,1.15289
2026-08-13 22:00:00+00:00,1.15287,1.15311,1.15284,1.15298
2026-08-13 22:15:00+00:00,1.15298,1.15319,1.1529,1.1531
2026-08-13 22:30:00+00:00,1.15308,1.15317,1.15303,1.15314
2026-08-13 22:45:00+00:00,1.15311,1.15326,1.15308,1.1532
2026-08-13 23:00:00+00:00,1.15319,1.15344,1.15313,1.15337
2026-08-13 23:15:00+00:00,1.15333,1.15338,1.15323,1.15332
2026-08-13 23:30:00+00:00,1.15331,1.15343,1.15323,1.1534
2026-08-13 23:45:00+00:00,1.15337,1.15347,1.15334,1.15343
2026-08-14 00:00:00+00:00,1.15342,1.15364,1.15336,1.15349
2026-08-14 00:15:00+00:00,1.15346,1.15374,1.15344,1.1537
2026-08-14 00:30:00+00:00,1.15365,1.15378,1.15359,1.15366
2026-08-14 00:45:00+00:00,1.15363,1.15388,1.15358,1.15386
2026-08-14 01:00:00+00:00,1.1538,1.15389,1.15334,1.15338
2026-08-14 01:15:00+00:00,1.15344,1.15356,1.1532,1.15345
2026-08-14 01:30:00+00:00,1.1534,1.15382,1.15339,1.15367
2026-08-14 01:45:00+00:00,1.15364,1.15377,1.15343,1.15346
2026-08-14 02:00:00+00:00,1.15351,1.15366,1.15342,1.15357
2026-08-14 02:15:00+00:00,1.15361,1.15375,1.15348,1.15365
2026-08-14 02:30:00+00:00,1.15369,1.15376,1.1536,1.15375
2026-08-14 02:45:00+00:00,1.15372,1.15377,1.15335,1.15339
2026-08-14 03:00:00+00:00,1.15339,1.1536,1.15338,1.15355
2026-08-14 03:15:00+00:00,1.15351,1.15394,1.15351,1.15382
2026-08-14 03:30:00+00:00,1.15377,1.15387,1.15367,1.15379
2026-08-14 03:45:00+00:00,1.15377,1.15384,1.15358,1.15383
2026-08-14 04:00:00+00:00,1.1538,1.15406,1.15368,1.154
2026-08-14 04:15:00+00:00,1.15401,1.15402,1.15368,1.15371
2026-08-14 04:30:00+00:00,1.15373,1.15397,1.15367,1.15392
2026-08-14 04:45:00+00:00,1.1539,1.15403,1.15379,1.15388
2026-08-14 05:00:00+00:00,1.1539,1.15403,1.15384,1.15397
2026-08-14 05:15:00+00:00,1.154,1.15416,1.15393,1.15412
2026-08-14 05:30:00+00:00,1.15407,1.15423,1.15401,1.15411
2026-08-14 05:45:00+00:00,1.15415,1.15419,1.15402,1.15414
2026-08-14 06:00:00+00:00,1.1541,1.1544,1.15402,1.15409
2026-08-14 06:15:00+00:00,1.15412,1.15416,1.15389,1.15403
2026-08-14 06:30:00+00:00,1.15397,1.15431,1.15396,1.15427
2026-08-14 06:45:00+00:00,1.15422,1.15445,1.15411,1.15443
2026-08-14 07:00:00+00:00,1.1544,1.15472,1.15428,1.15458
2026-08-14 07:15:00+00:00,1.15466,1.15474,1.15441,1.15469
2026-08-14 07:30:00+00:00,1.15465,1.15492,1.15448,1.15485
2026-08-14 07:45:00+00:00,1.15484,1.15516,1.15483,1.1551
2026-08-14 08:00:00+00:00,1.15506,1.15557,1.15495,1.1554
2026-08-14 08:15:00+00:00,1.15547,1.15547,1.15504,1.15533
2026-08-14 08:30:00+00:00,1.15534,1.15576,1.15503,1.15549
2026-08-14 08:45:00+00:00,1.15551,1.15559,1.15524,1.15557
2026-08-14 09:00:00+00:00,1.1555,1.15577,1.15545,1.15559
2026-08-14 09:15:00+00:00,1.15556,1.15556,1.15533,1.15544
2026-08-14 09:30:00+00:00,1.15545,1.1555,1.15513,1.15517
2026-08-14 09:45:00+00:00,1.1552,1.15546,1.15513,1.1554
2026-08-14 10:00:00+00:00,1.15536,1.15561,1.15523,1.15559
2026-08-14 10:15:00+00:00,1.15556,1.15556,1.15535,1.15541
2026-08-14 10:30:00+00:00,1.1554,1.15548,1.15528,1.15539
2026-08-14 10:45:00+00:00,1.1554,1.15568,1.1554,1.15553
2026-08-14 11:00:00+00:00,1.15549,1.1559,1.15547,1.15587
2026-08-14 11:15:00+00:00,1.15585,1.15643,1.15577,1.15626
2026-08-14 11:30:00+00:00,1.1563,1.15719,1.1562,1.15702
2026-08-14 11:45:00+00:00,1.15709,1.15709,1.15651,1.15657
2026-08-14 12:00:00+00:00,1.15659,1.15702,1.15644,1.15653
2026-08-14 12:15:00+00:00,1.1565,1.15715,1.15641,1.15675
2026-08-14 12:30:00+00:00,1.15678,1.15781,1.15664,1.15666
2026-08-14 12:45:00+00:00,1.15671,1.15707,1.15642,1.15675
2026-08-14 13:00:00+00:00,1.15667,1.1568,1.1562,1.15641
2026-08-14 13:15:00+00:00,1.15639,1.15695,1.15625,1.15693
2026-08-14 13:30:00+00:00,1.15691,1.15828,1.15671,1.15823
2026-08-14 13:45:00+00:00,1.15816,1.15845,1.15765,1.15796
2026-08-14 14:00:00+00:00,1.15789,1.15839,1.15782,1.15815
2026-08-14 14:15:00+00:00,1.15813,1.15849,1.15774,1.15848
2026-08-14 14:30:00+00:00,1.15843,1.15851,1.15781,1.15813
2026-08-14 14:45:00+00:00,1.15801,1.15825,1.15785,1.15803
2026-08-14 15:00:00+00:00,1.15797,1.15847,1.15797,1.15824
2026-08-14 15:15:00+00:00,1.15821,1.15832,1.15765,1.15802
2026-08-14 15:30:00+00:00,1.15795,1.15853,1.15795,1.15811
2026-08-14 15:45:00+00:00,1.15814,1.1585,1.15804,1.15806
2026-08-14 16:00:00+00:00,1.15809,1.1582,1.15768,1.15774
2026-08-14 16:15:00+00:00,1.15773,1.15806,1.15759,1.15761
2026-08-14 16:30:00+00:00,1.15765,1.15795,1.15747,1.15749
2026-08-14 16:45:00+00:00,1.15753,1.15757,1.15707,1.15708
2026-08-14 17:00:00+00:00,1.15709,1.15712,1.15666,1.15673
2026-08-14 17:15:00+00:00,1.15671,1.1568,1.15642,1.15647
2026-08-14 17:30:00+00:00,1.15644,1.15663,1.15638,1.15644
2026-08-14 17:45:00+00:00,1.15646,1.15656,1.1563,1.1564
2026-08-14 18:00:00+00:00,1.15643,1.15666,1.15636,1.1564
2026-08-14 18:15:00+00:00,1.15646,1.15662,1.15631,1.15661
2026-08-14 18:30:00+00:00,1.15656,1.15668,1.15647,1.15661
2026-08-14 18:45:00+00:00,1.15661,1.15669,1.15646,1.15661
2026-08-14 19:00:00+00:00,1.15663,1.15683,1.15643,1.15683
2026-08-14 19:15:00+00:00,1.15681,1.15687,1.15666,1.15684
2026-08-14 19:30:00+00:00,1.1568,1.15692,1.15652,1.15668
2026-08-14 19:45:00+00:00,1.15671,1.15686,1.15661,1.1568
2026-08-14 20:00:00+00:00,1.1568,1.15697,1.15676,1.15682
2026-08-14 20:15:00+00:00,1.15686,1.1569,1.15675,1.15685
2026-08-14 20:30:00+00:00,1.15684,1.15704,1.15674,1.15677
2026-08-14 20:45:00+00:00,1.15682,1.15707,1.15676,1.15705
2026-08-14 21:00:00+00:00,1.15702,1.15711,1.15668,1.15684
2026-08-14 21:15:00+00:00,1.15684,1.1571,1.15676,1.15703
2026-08-14 21:30:00+00:00,1.15697,1.15708,1.15664,1.15691
2026-08-14 21:45:00+00:00,1.15686,1.15703,1.15663,1.15675
2026-08-14 22:00:00+00:00,1.15686,1.15705,1.15667,1.15698
2026-08-14 22:15:00+00:00,1.15698,1.15703,1.15664,1.157
2026-08-14 22:30:00+00:00,1.15698,1.15703,1.15663,1.15698
2026-08-14 22:45:00+00:00,1.15696,1.15702,1.15663,1.15697
2026-08-14 23:00:00+00:00,1.15696,1.15707,1.15664,1.15696
2026-08-14 23:15:00+00:00,1.15697,1.15702,1.15662,1.15697
2026-08-14 23:30:00+00:00,1.15696,1.15701,1.15663,1.15697
2026-08-14 23:45:00+00:00,1.15694,1.15701,1.15663,1.15697
2026-08-15 00:00:00+00:00,1.15695,1.1571,1.15668,1.15703
2026-08-15 00:15:00+00:00,1.15704,1.1571,1.15698,1.15707
2026-08-15 00:30:00+00:00,1.15703,1.1571,1.15703,1.15708
2026-08-15 00:45:00+00:00,1.15704,1.1571,1.15699,1.15708
2026-08-15 01:00:00+00:00,1.15705,1.1571,1.15703,1.15704
2026-08-15 01:15:00+00:00,1.15705,1.1571,1.15674,1.15708
2026-08-15 01:30:00+00:00,1.15705,1.15713,1.15668,1.15708
2026-08-15 01:45:00+00:00,1.15703,1.1571,1.15703,1.15706
2026-08-15 02:00:00+00:00,1.15705,1.1571,1.15693,1.15703
2026-08-15 02:15:00+00:00,1.15704,1.1571,1.15703,1.15707
2026-08-15 02:30:00+00:00,1.15705,1.1571,1.15685,1.15708
2026-08-15 02:45:00+00:00,1.15704,1.1571,1.15693,1.15708
2026-08-15 03:00:00+00:00,1.15704,1.15709,1.15703,1.15704
2026-08-15 03:15:00+00:00,1.15704,1.15713,1.1566,1.15704
2026-08-15 03:30:00+00:00,1.15704,1.1571,1.15703,1.15708
2026-08-15 03:45:00+00:00,1.15704,1.1571,1.15671,1.15708
2026-08-15 04:00:00+00:00,1.15705,1.1571,1.15686,1.15702
2026-08-15 04:15:00+00:00,1.15703,1.1571,1.15702,1.15703
2026-08-15 04:30:00+00:00,1.15704,1.1571,1.15667,1.15709
2026-08-15 04:45:00+00:00,1.15705,1.1571,1.15703,1.15708
2026-08-15 05:00:00+00:00,1.15705,1.15713,1.15663,1.15705
2026-08-15 05:15:00+00:00,1.15705,1.1571,1.15698,1.15703
2026-08-15 05:30:00+00:00,1.15704,1.1571,1.15703,1.15706
2026-08-15 05:45:00+00:00,1.15705,1.15711,1.15693,1.15709
2026-08-15 06:00:00+00:00,1.15705,1.1571,1.15703,1.15708
2026-08-15 06:15:00+00:00,1.15705,1.15711,1.15699,1.15705
2026-08-15 06:30:00+00:00,1.15706,1.15713,1.15676,1.15708
2026-08-15 06:45:00+00:00,1.15702,1.1571,1.15702,1.15709
2026-08-15 07:00:00+00:00,1.15705,1.15711,1.15666,1.15707
2026-08-15 07:15:00+00:00,1.15706,1.15711,1.15704,1.15705
2026-08-15 07:30:00+00:00,1.15706,1.15711,1.15693,1.15705
2026-08-15 07:45:00+00:00,1.15705,1.15711,1.15691,1.15708
2026-08-15 08:00:00+00:00,1.15703,1.15711,1.15703,1.15708
2026-08-15 08:15:00+00:00,1.15705,1.15711,1.15664,1.15704
2026-08-15 08:30:00+00:00,1.15705,1.1571,1.15703,1.15705
2026-08-15 08:45:00+00:00,1.15705,1.1571,1.15685,1.15709
2026-08-15 09:00:00+00:00,1.15705,1.1571,1.15664,1.15706
2026-08-15 09:15:00+00:00,1.15702,1.1571,1.15702,1.15705
2026-08-15 09:30:00+00:00,1.15705,1.1571,1.15676,1.15705
2026-08-15 09:45:00+00:00,1.15705,1.1571,1.15703,1.15708
2026-08-15 10:00:00+00:00,1.15705,1.15711,1.15693,1.15708
2026-08-15 10:15:00+00:00,1.15705,1.1571,1.15689,1.15705
2026-08-15 10:30:00+00:00,1.15703,1.1571,1.15703,1.15704
2026-08-15 10:45:00+00:00,1.15705,1.15711,1.15663,1.15708
2026-08-15 11:00:00+00:00,1.15704,1.1571,1.15703,1.15708
2026-08-15 11:15:00+00:00,1.15705,1.15713,1.15693,1.15707
2026-08-15 11:30:00+00:00,1.15706,1.1572,1.15662,1.15685
2026-08-15 11:45:00+00:00,1.1569,1.15707,1.15685,1.15704
2026-08-15 12:00:00+00:00,1.15702,1.15708,1.15659,1.15703
2026-08-15 12:15:00+00:00,1.15701,1.15708,1.157,1.15704
2026-08-15 12:30:00+00:00,1.15704,1.15708,1.1566,1.15701
2026-08-15 12:45:00+00:00,1.15702,1.15708,1.1566,1.15695
2026-08-15 13:00:00+00:00,1.15697,1.15704,1.15695,1.15702
2026-08-15 13:15:00+00:00,1.157,1.15713,1.15662,1.15698
2026-08-15 13:30:00+00:00,1.15696,1.15702,1.15695,1.15696
2026-08-15 13:45:00+00:00,1.15696,1.15702,1.15663,1.15692
2026-08-15 14:00:00+00:00,1.15692,1.15697,1.15664,1.15691
2026-08-15 14:15:00+00:00,1.15688,1.15693,1.15687,1.1569
2026-08-15 14:30:00+00:00,1.15688,1.15694,1.15667,1.15686
2026-08-15 14:45:00+00:00,1.15686,1.15691,1.15685,1.15686
2026-08-15 15:00:00+00:00,1.15686,1.15691,1.15668,1.1568
2026-08-15 15:15:00+00:00,1.15678,1.15683,1.15672,1.15679
2026-08-15 15:30:00+00:00,1.15677,1.15682,1.15676,1.15677
2026-08-15 15:45:00+00:00,1.15677,1.15682,1.15672,1.15676
2026-08-15 16:00:00+00:00,1.15676,1.15722,1.15676,1.1569
2026-08-15 16:15:00+00:00,1.15688,1.15717,1.15666,1.15693
2026-08-15 16:30:00+00:00,1.1569,1.15696,1.15666,1.1569
2026-08-15 16:45:00+00:00,1.15689,1.15689,1.15675,1.1568
2026-08-15 17:00:00+00:00,1.1568,1.15685,1.15671,1.15681
2026-08-15 17:15:00+00:00,1.15679,1.15699,1.15677,1.15696
2026-08-15 17:30:00+00:00,1.15694,1.15702,1.15663,1.157
2026-08-15 17:45:00+00:00,1.157,1.15708,1.15659,1.15674
2026-08-15 18:00:00+00:00,1.15702,1.15705,1.15694,1.15704
2026-08-15 18:15:00+00:00,1.15701,1.15708,1.15659,1.15691
2026-08-15 18:30:00+00:00,1.15688,1.15699,1.15683,1.15695
2026-08-15 18:45:00+00:00,1.15694,1.15706,1.15667,1.15704
2026-08-15 19:00:00+00:00,1.15701,1.15707,1.15659,1.15704
2026-08-15 19:15:00+00:00,1.15703,1.15704,1.15694,1.15702
2026-08-15 19:30:00+00:00,1.15699,1.15707,1.1566,1.15698
2026-08-15 19:45:00+00:00,1.15697,1.15702,1.15695,1.15696
2026-08-15 20:00:00+00:00,1.15697,1.15704,1.15663,1.15686
2026-08-15 20:15:00+00:00,1.15683,1.15689,1.1567,1.15686
2026-08-15 20:30:00+00:00,1.15684,1.15687,1.1568,1.15683
2026-08-15 20:45:00+00:00,1.15681,1.15693,1.1567,1.15691
2026-08-15 21:00:00+00:00,1.15689,1.157,1.15687,1.15694
2026-08-15 21:15:00+00:00,1.15694,1.15697,1.15664,1.15693
2026-08-15 21:30:00+00:00,1.1569,1.15714,1.15662,1.15701
2026-08-15 21:45:00+00:00,1.15699,1.15699,1.15662,1.15694
2026-08-15 22:00:00+00:00,1.15695,1.15708,1.1566,1.15697
2026-08-15 22:15:00+00:00,1.15697,1.15702,1.15696,1.15699
2026-08-15 22:30:00+00:00,1.15697,1.15702,1.15662,1.15695
2026-08-15 22:45:00+00:00,1.15693,1.15698,1.15664,1.15674
2026-08-15 23:00:00+00:00,1.15693,1.15695,1.15667,1.15688
2026-08-15 23:15:00+00:00,1.15689,1.15694,1.15667,1.15681
2026-08-15 23:30:00+00:00,1.15679,1.15684,1.15678,1.15682
2026-08-15 23:45:00+00:00,1.15679,1.15684,1.15671,1.15678
2026-08-16 00:00:00+00:00,1.15678,1.15692,1.1567,1.15686
2026-08-16 00:15:00+00:00,1.15687,1.1569,1.15667,1.15687
2026-08-16 00:30:00+00:00,1.15685,1.1569,1.1567,1.15685
2026-08-16 00:45:00+00:00,1.15682,1.15688,1.15681,1.15683
2026-08-16 01:00:00+00:00,1.15682,1.15687,1.1567,1.15675
2026-08-16 01:15:00+00:00,1.15676,1.15722,1.15664,1.15695
2026-08-16 01:30:00+00:00,1.15693,1.15694,1.15667,1.15692
2026-08-16 01:45:00+00:00,1.15689,1.15694,1.15667,1.15687
2026-08-16 02:00:00+00:00,1.15686,1.15691,1.15684,1.15685
2026-08-16 02:15:00+00:00,1.15686,1.15691,1.15668,1.15684
2026-08-16 02:30:00+00:00,1.15684,1.15718,1.15682,1.15701
2026-08-16 02:45:00+00:00,1.15699,1.15699,1.15662,1.1569
2026-08-16 03:00:00+00:00,1.15688,1.15693,1.15667,1.15684
2026-08-16 03:15:00+00:00,1.15685,1.1569,1.15683,1.15685
2026-08-16 03:30:00+00:00,1.15685,1.15689,1.15668,1.15685
2026-08-16 03:45:00+00:00,1.15683,1.15688,1.15681,1.15685
2026-08-16 04:00:00+00:00,1.15683,1.15687,1.1567,1.15681
2026-08-16 04:15:00+00:00,1.15681,1.15686,1.1567,1.15678
2026-08-16 04:30:00+00:00,1.15679,1.15684,1.15677,1.15681
2026-08-16 04:45:00+00:00,1.15679,1.15684,1.15671,1.1568
2026-08-16 05:00:00+00:00,1.15678,1.15683,1.15676,1.15678
2026-08-16 05:15:00+00:00,1.15678,1.15682,1.15672,1.15676
2026-08-16 05:30:00+00:00,1.15677,1.15682,1.15672,1.15678
2026-08-16 05:45:00+00:00,1.15676,1.15682,1.15675,1.15679
2026-08-16 06:00:00+00:00,1.15676,1.15722,1.15664,1.15685
2026-08-16 06:15:00+00:00,1.15685,1.15714,1.15681,1.15691
2026-08-16 06:30:00+00:00,1.15692,1.15694,1.15666,1.1569
2026-08-16 06:45:00+00:00,1.15688,1.15693,1.15667,1.15688
2026-08-16 07:00:00+00:00,1.15685,1.1569,1.15683,1.15686
2026-08-16 07:15:00+00:00,1.15685,1.1569,1.15668,1.15682
2026-08-16 07:30:00+00:00,1.15683,1.15688,1.15681,1.15685
2026-08-16 07:45:00+00:00,1.15683,1.15685,1.1567,1.15682
2026-08-16 08:00:00+00:00,1.1568,1.15685,1.15671,1.1568
2026-08-16 08:15:00+00:00,1.15679,1.15684,1.15677,1.15678
2026-08-16 08:30:00+00:00,1.15679,1.15684,1.15671,1.15678
2026-08-16 08:45:00+00:00,1.15678,1.15683,1.15676,1.1568
2026-08-16 09:00:00+00:00,1.15678,1.15682,1.15672,1.15679
2026-08-16 09:15:00+00:00,1.15677,1.15682,1.15672,1.15676
2026-08-16 09:30:00+00:00,1.15676,1.15681,1.15674,1.15676
2026-08-16 09:45:00+00:00,1.15676,1.15681,1.15672,1.15678
2026-08-16 10:00:00+00:00,1.15676,1.15681,1.15674,1.15678
2026-08-16 10:15:00+00:00,1.15676,1.15681,1.15674,1.15676
2026-08-16 10:30:00+00:00,1.15676,1.15681,1.15674,1.15675
2026-08-16 10:45:00+00:00,1.15676,1.15681,1.15674,1.15678
2026-08-16 11:00:00+00:00,1.15676,1.15681,1.15674,1.15678
2026-08-16 11:15:00+00:00,1.15676,1.15681,1.15674,1.15676
2026-08-16 11:30:00+00:00,1.15676,1.15683,1.15674,1.15677
2026-08-16 11:45:00+00:00,1.15678,1.15683,1.15676,1.15679
2026-08-16 12:00:00+00:00,1.15678,1.15683,1.15676,1.1568
2026-08-16 12:15:00+00:00,1.15678,1.15683,1.15676,1.15678
2026-08-16 12:30:00+00:00,1.15678,1.15683,1.15676,1.15677
2026-08-16 12:45:00+00:00,1.15678,1.15683,1.15676,1.15678
2026-08-16 13:00:00+00:00,1.15678,1.15683,1.15676,1.1568
2026-08-16 13:15:00+00:00,1.15678,1.15722,1.15663,1.15699
2026-08-16 13:30:00+00:00,1.15697,1.15703,1.15696,1.15697
2026-08-16 13:45:00+00:00,1.15697,1.15703,1.15696,1.157
2026-08-16 14:00:00+00:00,1.15697,1.15711,1.15697,1.15706
2026-08-16 14:15:00+00:00,1.15704,1.15709,1.15702,1.15705
2026-08-16 14:30:00+00:00,1.15704,1.15709,1.15702,1.15703
2026-08-16 14:45:00+00:00,1.15704,1.15717,1.15695,1.15701
2026-08-16 15:00:00+00:00,1.15701,1.15704,1.15483,1.15556
2026-08-16 15:15:00+00:00,1.15553,1.15804,1.15352,1.15431
2026-08-16 15:30:00+00:00,1.15429,1.15434,1.15427,1.15428
2026-08-16 15:45:00+00:00,1.15429,1.15508,1.15123,1.15436
2026-08-16 16:00:00+00:00,1.15436,1.15831,1.15356,1.15636
2026-08-16 16:15:00+00:00,1.15634,1.15663,1.15376,1.15468
2026-08-16 16:30:00+00:00,1.15466,1.15501,1.15323,1.1537
2026-08-16 16:45:00+00:00,1.15383,1.15591,1.15383,1.15559
2026-08-16 17:00:00+00:00,1.15559,1.15858,1.15473,1.15697
2026-08-16 17:15:00+00:00,1.15692,1.15711,1.15692,1.15706
2026-08-16 17:30:00+00:00,1.15704,1.15709,1.15456,1.15686
2026-08-16 17:45:00+00:00,1.15686,1.15709,1.15686,1.15703
2026-08-16 18:00:00+00:00,1.15704,1.1571,1.15702,1.15707
2026-08-16 18:15:00+00:00,1.15706,1.15711,1.15704,1.15709
2026-08-16 18:30:00+00:00,1.15706,1.15752,1.15702,1.15737
2026-08-16 18:45:00+00:00,1.15707,1.15768,1.1567,1.15708
2026-08-16 19:00:00+00:00,1.15717,1.15717,1.1564,1.15707
2026-08-16 19:15:00+00:00,1.15701,1.15776,1.15531,1.15538
2026-08-16 19:30:00+00:00,1.15536,1.15776,1.15532,1.15732
2026-08-16 19:45:00+00:00,1.15705,1.1577,1.15534,1.15599
2026-08-16 20:00:00+00:00,1.15635,1.15755,1.15512,1.15706
2026-08-16 20:15:00+00:00,1.15697,1.15718,1.1568,1.15708
2026-08-16 20:30:00+00:00,1.15693,1.15717,1.15686,1.15707
2026-08-16 20:45:00+00:00,1.15696,1.15725,1.15655,1.15666
2026-08-16 21:00:00+00:00,1.15671,1.15725,1.15648,1.15701
2026-08-16 21:15:00+00:00,1.15671,1.15719,1.15656,1.15663
2026-08-16 21:30:00+00:00,1.15662,1.15723,1.15644,1.15702
2026-08-16 21:45:00+00:00,1.15671,1.15722,1.15647,1.15696
2026-08-16 22:00:00+00:00,1.15657,1.15713,1.15655,1.15662
2026-08-16 22:15:00+00:00,1.15665,1.15701,1.15665,1.15696
2026-08-16 22:30:00+00:00,1.15695,1.15723,1.15689,1.15719
2026-08-16 22:45:00+00:00,1.15717,1.15754,1.15709,1.15751
2026-08-16 23:00:00+00:00,1.15747,1.15759,1.15742,1.15748
2026-08-16 23:15:00+00:00,1.1575,1.15754,1.15742,1.15749
2026-08-16 23:30:00+00:00,1.15748,1.15756,1.15741,1.15754
2026-08-16 23:45:00+00:00,1.15752,1.15761,1.15726,1.15744
2026-08-17 00:00:00+00:00,1.15741,1.15804,1.15739,1.15802
2026-08-17 00:15:00+00:00,1.15798,1.15806,1.1578,1.15795
2026-08-17 00:30:00+00:00,1.15799,1.15817,1.15786,1.15798
2026-08-17 00:45:00+00:00,1.15795,1.15806,1.15784,1.1579
2026-08-17 01:00:00+00:00,1.15793,1.15809,1.15784,1.15801
2026-08-17 01:15:00+00:00,1.15795,1.15829,1.15789,1.15827
2026-08-17 01:30:00+00:00,1.15822,1.15827,1.15782,1.1582
2026-08-17 01:45:00+00:00,1.15815,1.15838,1.15815,1.15833
2026-08-17 02:00:00+00:00,1.15832,1.15846,1.1582,1.15822
2026-08-17 02:15:00+00:00,1.15825,1.15845,1.15821,1.15844
2026-08-17 02:30:00+00:00,1.15841,1.15844,1.15807,1.15825
2026-08-17 02:45:00+00:00,1.15823,1.15823,1.15794,1.15795
2026-08-17 03:00:00+00:00,1.15796,1.15806,1.15786,1.15789
2026-08-17 03:15:00+00:00,1.15791,1.15808,1.15789,1.15798
2026-08-17 03:30:00+00:00,1.15801,1.15806,1.15785,1.15802
2026-08-17 03:45:00+00:00,1.15801,1.15835,1.15793,1.15834
2026-08-17 04:00:00+00:00,1.15828,1.15882,1.15825,1.15881
2026-08-17 04:15:00+00:00,1.15878,1.15884,1.15852,1.15869
2026-08-17 04:30:00+00:00,1.15871,1.15873,1.15851,1.15872
2026-08-17 04:45:00+00:00,1.15871,1.15872,1.15844,1.15854
2026-08-17 05:00:00+00:00,1.15852,1.15861,1.15833,1.15835
2026-08-17 05:15:00+00:00,1.15837,1.15876,1.15831,1.15871
2026-08-17 05:30:00+00:00,1.15872,1.15882,1.15854,1.15874
2026-08-17 05:45:00+00:00,1.15872,1.15894,1.15864,1.15876
2026-08-17 06:00:00+00:00,1.15873,1.15894,1.15839,1.15847
2026-08-17 06:15:00+00:00,1.15841,1.15923,1.15841,1.15915
2026-08-17 06:30:00+00:00,1.15904,1.15927,1.15882,1.159
2026-08-17 06:45:00+00:00,1.15899,1.15969,1.15899,1.15967
2026-08-17 07:00:00+00:00,1.15965,1.15979,1.15933,1.15976
2026-08-17 07:15:00+00:00,1.15975,1.16064,1.1597,1.16057
2026-08-17 07:30:00+00:00,1.16048,1.1612,1.16048,1.16119
2026-08-17 07:45:00+00:00,1.16115,1.16115,1.16059,1.16074
2026-08-17 08:00:00+00:00,1.16071,1.16077,1.16039,1.16075
2026-08-17 08:15:00+00:00,1.16072,1.16143,1.16066,1.16139
2026-08-17 08:30:00+00:00,1.16133,1.16161,1.16066,1.16068
2026-08-17 08:45:00+00:00,1.16071,1.16071,1.15957,1.15997
2026-08-17 09:00:00+00:00,1.15991,1.16011,1.15975,1.15995
2026-08-17 09:15:00+00:00,1.15992,1.1602,1.15981,1.16014
2026-08-17 09:30:00+00:00,1.16005,1.16026,1.15989,1.16008
2026-08-17 09:45:00+00:00,1.16016,1.16016,1.15968,1.15975
2026-08-17 10:00:00+00:00,1.15973,1.15973,1.15926,1.15963
2026-08-17 10:15:00+00:00,1.15958,1.15968,1.15938,1.1594
2026-08-17 10:30:00+00:00,1.15945,1.15981,1.15916,1.15927
2026-08-17 10:45:00+00:00,1.15922,1.15936,1.15902,1.15903
2026-08-17 11:00:00+00:00,1.15905,1.15953,1.15903,1.15913
2026-08-17 11:15:00+00:00,1.15923,1.15923,1.15878,1.15895
2026-08-17 11:30:00+00:00,1.15896,1.1592,1.15892,1.15899
2026-08-17 11:45:00+00:00,1.15897,1.1593,1.1588,1.15928
2026-08-17 12:00:00+00:00,1.15923,1.15961,1.15919,1.15926
2026-08-17 12:15:00+00:00,1.15937,1.1598,1.15876,1.15922
2026-08-17 12:30:00+00:00,1.1592,1.15947,1.15896,1.15942
2026-08-17 12:45:00+00:00,1.15936,1.15972,1.15916,1.15956
2026-08-17 13:00:00+00:00,1.15959,1.15998,1.15959,1.15969
2026-08-17 13:15:00+00:00,1.15978,1.15993,1.1595,1.15953
2026-08-17 13:30:00+00:00,1.15957,1.16007,1.15922,1.15925
2026-08-17 13:45:00+00:00,1.15931,1.15957,1.15887,1.15952
2026-08-17 14:00:00+00:00,1.1595,1.15966,1.15929,1.15953
2026-08-17 14:15:00+00:00,1.15955,1.15993,1.15912,1.1592
2026-08-17 14:30:00+00:00,1.15922,1.15933,1.15868,1.15903
2026-08-17 14:45:00+00:00,1.15901,1.15909,1.15864,1.1588
2026-08-17 15:00:00+00:00,1.15876,1.15885,1.15836,1.15854
2026-08-17 15:15:00+00:00,1.15852,1.15858,1.15814,1.15845
2026-08-17 15:30:00+00:00,1.15839,1.15863,1.15827,1.1583
2026-08-17 15:45:00+00:00,1.1583,1.15902,1.15813,1.1589
2026-08-17 16:00:00+00:00,1.15894,1.15903,1.15859,1.15878
2026-08-17 16:15:00+00:00,1.15874,1.15907,1.15874,1.15892
2026-08-17 16:30:00+00:00,1.15896,1.15918,1.15883,1.15916
2026-08-17 16:45:00+00:00,1.15915,1.15915,1.1588,1.15884
2026-08-17 17:00:00+00:00,1.15886,1.15896,1.15868,1.15872
2026-08-17 17:15:00+00:00,1.15871,1.15873,1.15828,1.15845
2026-08-17 17:30:00+00:00,1.15835,1.15857,1.15766,1.15793
2026-08-17 17:45:00+00:00,1.15791,1.15806,1.15776,1.15777
2026-08-17 18:00:00+00:00,1.1578,1.15784,1.15753,1.15775
2026-08-17 18:15:00+00:00,1.1577,1.15785,1.15737,1.15741
2026-08-17 18:30:00+00:00,1.15739,1.15755,1.15714,1.15723
2026-08-17 18:45:00+00:00,1.15723,1.15738,1.15717,1.15732
2026-08-17 19:00:00+00:00,1.1573,1.15771,1.15725,1.15766
2026-08-17 19:15:00+00:00,1.15757,1.15793,1.15757,1.15792
2026-08-17 19:30:00+00:00,1.15789,1.15804,1.15773,1.15802
2026-08-17 19:45:00+00:00,1.15799,1.15807,1.15772,1.15788
2026-08-17 20:00:00+00:00,1.15784,1.15803,1.15776,1.15777
2026-08-17 20:15:00+00:00,1.1578,1.15794,1.15776,1.15782
2026-08-17 20:30:00+00:00,1.15779,1.15791,1.15772,1.15789
2026-08-17 20:45:00+00:00,1.15786,1.15804,1.15781,1.15801
2026-08-17 21:00:00+00:00,1.15796,1.15849,1.1578,1.15789
2026-08-17 21:15:00+00:00,1.15789,1.15824,1.15785,1.15794
2026-08-17 21:30:00+00:00,1.15788,1.15794,1.15783,1.1579
2026-08-17 21:45:00+00:00,1.15788,1.15795,1.15778,1.15785
2026-08-17 22:00:00+00:00,1.15784,1.15801,1.15779,1.15789
2026-08-17 22:15:00+00:00,1.1579,1.15805,1.15777,1.15793
2026-08-17 22:30:00+00:00,1.15794,1.15809,1.15783,1.15791
2026-08-17 22:45:00+00:00,1.15789,1.15797,1.15782,1.1579
2026-08-17 23:00:00+00:00,1.15788,1.1581,1.15782,1.15801
2026-08-17 23:15:00+00:00,1.15803,1.15815,1.15798,1.15814
2026-08-17 23:30:00+00:00,1.15811,1.15832,1.15809,1.15831
2026-08-17 23:45:00+00:00,1.15826,1.15839,1.15823,1.15831
2026-08-18 00:00:00+00:00,1.15829,1.15854,1.15818,1.15819
2026-08-18 00:15:00+00:00,1.15824,1.15836,1.15794,1.15803
2026-08-18 00:30:00+00:00,1.15802,1.1582,1.15775,1.15815
2026-08-18 00:45:00+00:00,1.15812,1.1582,1.15798,1.15811
2026-08-18 01:00:00+00:00,1.15811,1.15861,1.15811,1.15858
2026-08-18 01:15:00+00:00,1.15854,1.15862,1.15801,1.15824
2026-08-18 01:30:00+00:00,1.15821,1.15846,1.15809,1.15814
2026-08-18 01:45:00+00:00,1.15821,1.15821,1.15792,1.15795
2026-08-18 02:00:00+00:00,1.158,1.158,1.1577,1.15772
2026-08-18 02:15:00+00:00,1.15772,1.15775,1.15764,1.15772
2026-08-18 02:30:00+00:00,1.15771,1.15776,1.15757,1.15771
2026-08-18 02:45:00+00:00,1.15768,1.15807,1.15765,1.15803
2026-08-18 03:00:00+00:00,1.15801,1.15804,1.15778,1.15783
2026-08-18 03:15:00+00:00,1.15783,1.15789,1.15749,1.15762
2026-08-18 03:30:00+00:00,1.15757,1.15764,1.15723,1.15733
2026-08-18 03:45:00+00:00,1.15731,1.15745,1.15718,1.15743
2026-08-18 04:00:00+00:00,1.15741,1.15742,1.15706,1.15708
2026-08-18 04:15:00+00:00,1.15709,1.15735,1.15702,1.15723
2026-08-18 04:30:00+00:00,1.15726,1.15733,1.15711,1.15733
2026-08-18 04:45:00+00:00,1.15731,1.1575,1.1572,1.15724
2026-08-18 05:00:00+00:00,1.15731,1.15731,1.15697,1.157
2026-08-18 05:15:00+00:00,1.157,1.15731,1.157,1.1573
2026-08-18 05:30:00+00:00,1.15728,1.15735,1.15706,1.15724
2026-08-18 05:45:00+00:00,1.15721,1.15746,1.15721,1.15737
2026-08-18 06:00:00+00:00,1.15735,1.15746,1.15676,1.15712
2026-08-18 06:15:00+00:00,1.15709,1.15723,1.15691,1.1571
2026-08-18 06:30:00+00:00,1.15714,1.15726,1.15672,1.15706
2026-08-18 06:45:00+00:00,1.15703,1.15713,1.15689,1.15704
2026-08-18 07:00:00+00:00,1.15699,1.15743,1.15692,1.15709
2026-08-18 07:15:00+00:00,1.15714,1.15756,1.15698,1.15755
2026-08-18 07:30:00+00:00,1.15753,1.15773,1.15735,1.15755
2026-08-18 07:45:00+00:00,1.15757,1.1578,1.15745,1.15762
2026-08-18 08:00:00+00:00,1.15758,1.15758,1.15706,1.15723
2026-08-18 08:15:00+00:00,1.15721,1.15723,1.15698,1.15715
2026-08-18 08:30:00+00:00,1.15712,1.15751,1.1571,1.15749
2026-08-18 08:45:00+00:00,1.15744,1.15781,1.15741,1.15768
2026-08-18 09:00:00+00:00,1.15771,1.15771,1.15734,1.15747
2026-08-18 09:15:00+00:00,1.15744,1.1578,1.15726,1.15778
2026-08-18 09:30:00+00:00,1.15776,1.15795,1.15743,1.15745
2026-08-18 09:45:00+00:00,1.15749,1.15798,1.15749,1.15798
2026-08-18 10:00:00+00:00,1.15794,1.15798,1.15747,1.15761
2026-08-18 10:15:00+00:00,1.15758,1.1577,1.15739,1.15768
2026-08-18 10:30:00+00:00,1.15765,1.15775,1.15747,1.15756
2026-08-18 10:45:00+00:00,1.15752,1.15773,1.15749,1.15767
2026-08-18 11:00:00+00:00,1.15763,1.15768,1.15745,1.15747
2026-08-18 11:15:00+00:00,1.1575,1.15755,1.15733,1.15736
2026-08-18 11:30:00+00:00,1.15742,1.15757,1.15729,1.15756
2026-08-18 11:45:00+00:00,1.15753,1.15772,1.15728,1.15771
2026-08-18 12:00:00+00:00,1.15767,1.15792,1.15738,1.15766
2026-08-18 12:15:00+00:00,1.15763,1.15797,1.15745,1.15748
2026-08-18 12:30:00+00:00,1.15753,1.15753,1.15722,1.15727
2026-08-18 12:45:00+00:00,1.15735,1.15781,1.15735,1.15761
2026-08-18 13:00:00+00:00,1.15772,1.15805,1.15747,1.15787
2026-08-18 13:15:00+00:00,1.15785,1.15799,1.15743,1.15757
2026-08-18 13:30:00+00:00,1.15753,1.1585,1.15726,1.15806
2026-08-18 13:45:00+00:00,1.15814,1.15826,1.15779,1.15806
2026-08-18 14:00:00+00:00,1.15798,1.15865,1.15798,1.15864
2026-08-18 14:15:00+00:00,1.1586,1.15884,1.15824,1.15848
2026-08-18 14:30:00+00:00,1.15859,1.15859,1.15809,1.15851
2026-08-18 14:45:00+00:00,1.15849,1.15878,1.15816,1.15841
2026-08-18 15:00:00+00:00,1.15838,1.15861,1.15785,1.15799
2026-08-18 15:15:00+00:00,1.15797,1.15817,1.15763,1.15785
2026-08-18 15:30:00+00:00,1.15782,1.15806,1.15774,1.15789
2026-08-18 15:45:00+00:00,1.15797,1.1582,1.15784,1.15792
2026-08-18 16:00:00+00:00,1.15798,1.15844,1.1579,1.15843
2026-08-18 16:15:00+00:00,1.15841,1.15859,1.15813,1.15817
2026-08-18 16:30:00+00:00,1.15822,1.15822,1.15792,1.15821
2026-08-18 16:45:00+00:00,1.15818,1.15836,1.15798,1.158
2026-08-18 17:00:00+00:00,1.15802,1.15804,1.15761,1.15764
2026-08-18 17:15:00+00:00,1.15762,1.15784,1.15758,1.15766
2026-08-18 17:30:00+00:00,1.15759,1.15778,1.15743,1.15762
2026-08-18 17:45:00+00:00,1.15768,1.15772,1.15752,1.1577
2026-08-18 18:00:00+00:00,1.15766,1.15778,1.15745,1.15776
2026-08-18 18:15:00+00:00,1.1577,1.1579,1.1577,1.15782
2026-08-18 18:30:00+00:00,1.15779,1.15779,1.15743,1.15751
2026-08-18 18:45:00+00:00,1.1575,1.15765,1.15743,1.15763
2026-08-18 19:00:00+00:00,1.15761,1.15777,1.15749,1.15775
2026-08-18 19:15:00+00:00,1.1577,1.1578,1.15755,1.15772
2026-08-18 19:30:00+00:00,1.1577,1.15813,1.15762,1.1581
2026-08-18 19:45:00+00:00,1.15808,1.15808,1.15746,1.15747
2026-08-18 20:00:00+00:00,1.15751,1.15753,1.15714,1.15733
2026-08-18 20:15:00+00:00,1.15731,1.15737,1.15723,1.15736
2026-08-18 20:30:00+00:00,1.15734,1.15754,1.15729,1.15753
2026-08-18 20:45:00+00:00,1.1575,1.15772,1.15733,1.15769
2026-08-18 21:00:00+00:00,1.15764,1.15775,1.15752,1.15771
2026-08-18 21:15:00+00:00,1.15764,1.15789,1.15764,1.15785
2026-08-18 21:30:00+00:00,1.15784,1.15788,1.1575,1.15753
2026-08-18 21:45:00+00:00,1.15759,1.15778,1.15745,1.15763
2026-08-18 22:00:00+00:00,1.15751,1.15774,1.15746,1.15749
2026-08-18 22:15:00+00:00,1.15752,1.15765,1.15745,1.15757
2026-08-18 22:30:00+00:00,1.15755,1.15764,1.15746,1.15754
2026-08-18 22:45:00+00:00,1.15752,1.15775,1.15751,1.15763
2026-08-18 23:00:00+00:00,1.15766,1.15788,1.15764,1.15772
2026-08-18 23:15:00+00:00,1.15776,1.15778,1.15749,1.15755
2026-08-18 23:30:00+00:00,1.15766,1.15766,1.15734,1.15742
2026-08-18 23:45:00+00:00,1.15739,1.15762,1.15739,1.1576
2026-08-19 00:00:00+00:00,1.15757,1.15819,1.15757,1.15817
2026-08-19 00:15:00+00:00,1.15814,1.15819,1.15793,1.158
2026-08-19 00:30:00+00:00,1.158,1.158,1.15753,1.15759
2026-08-19 00:45:00+00:00,1.15768,1.15784,1.15737,1.15743
2026-08-19 01:00:00+00:00,1.15753,1.15753,1.15722,1.1573
2026-08-19 01:15:00+00:00,1.15733,1.1574,1.15703,1.15739
2026-08-19 01:30:00+00:00,1.15738,1.1578,1.15734,1.15779
2026-08-19 01:45:00+00:00,1.15777,1.1578,1.15753,1.15776
2026-08-19 02:00:00+00:00,1.15775,1.15805,1.15764,1.158
2026-08-19 02:15:00+00:00,1.15797,1.15852,1.15754,1.15829
2026-08-19 02:30:00+00:00,1.15826,1.15844,1.15808,1.15843
2026-08-19 02:45:00+00:00,1.1584,1.15874,1.15804,1.15816
2026-08-19 03:00:00+00:00,1.15813,1.15845,1.15809,1.15844
2026-08-19 03:15:00+00:00,1.15843,1.15853,1.15835,1.15839
2026-08-19 03:30:00+00:00,1.1584,1.15844,1.15817,1.15823
2026-08-19 03:45:00+00:00,1.15821,1.15836,1.15812,1.15819
2026-08-19 04:00:00+00:00,1.15817,1.15838,1.15808,1.15835
2026-08-19 04:15:00+00:00,1.15831,1.15845,1.15828,1.15838
2026-08-19 04:30:00+00:00,1.15835,1.15859,1.15821,1.15822
2026-08-19 04:45:00+00:00,1.15822,1.15868,1.15822,1.15867
2026-08-19 05:00:00+00:00,1.15864,1.15872,1.15847,1.15858
2026-08-19 05:15:00+00:00,1.15853,1.15879,1.15853,1.15857
2026-08-19 05:30:00+00:00,1.15861,1.15878,1.15852,1.15878
2026-08-19 05:45:00+00:00,1.15877,1.15897,1.15867,1.15895
2026-08-19 06:00:00+00:00,1.15892,1.15916,1.15884,1.15911
2026-08-19 06:15:00+00:00,1.15909,1.15982,1.15899,1.15968
2026-08-19 06:30:00+00:00,1.15973,1.15984,1.15949,1.15957
2026-08-19 06:45:00+00:00,1.15961,1.15974,1.15941,1.15953
2026-08-19 07:00:00+00:00,1.1595,1.15961,1.15921,1.15933
2026-08-19 07:15:00+00:00,1.1593,1.15952,1.15916,1.15949
2026-08-19 07:30:00+00:00,1.15944,1.15974,1.15934,1.15941
2026-08-19 07:45:00+00:00,1.15954,1.15978,1.15934,1.15961
2026-08-19 08:00:00+00:00,1.15968,1.16047,1.15957,1.16043
2026-08-19 08:15:00+00:00,1.16042,1.16056,1.15972,1.15973
2026-08-19 08:30:00+00:00,1.15977,1.16031,1.15969,1.16028
2026-08-19 08:45:00+00:00,1.16022,1.16036,1.15976,1.15983
2026-08-19 09:00:00+00:00,1.15981,1.16009,1.15968,1.15999
2026-08-19 09:15:00+00:00,1.15992,1.16051,1.15985,1.16031
2026-08-19 09:30:00+00:00,1.16034,1.16064,1.16034,1.16056
2026-08-19 09:45:00+00:00,1.16053,1.1608,1.16044,1.16073
2026-08-19 10:00:00+00:00,1.1607,1.16097,1.16054,1.16094
2026-08-19 10:15:00+00:00,1.16082,1.16117,1.16082,1.16103
2026-08-19 10:30:00+00:00,1.16098,1.16117,1.16095,1.16107
2026-08-19 10:45:00+00:00,1.16111,1.16119,1.16058,1.16064
2026-08-19 11:00:00+00:00,1.16063,1.16086,1.16032,1.16062
2026-08-19 11:15:00+00:00,1.16058,1.16064,1.16046,1.1605
2026-08-19 11:30:00+00:00,1.16056,1.16075,1.15994,1.16001
2026-08-19 11:45:00+00:00,1.16003,1.16053,1.15998,1.16034
2026-08-19 12:00:00+00:00,1.16037,1.16063,1.16028,1.16053
2026-08-19 12:15:00+00:00,1.1605,1.16101,1.16044,1.16067
2026-08-19 12:30:00+00:00,1.16078,1.16293,1.16052,1.16206
2026-08-19 12:45:00+00:00,1.16232,1.16435,1.16232,1.16375
2026-08-19 13:00:00+00:00,1.16402,1.16495,1.16359,1.1649
2026-08-19 13:15:00+00:00,1.16475,1.16516,1.1645,1.16493
2026-08-19 13:30:00+00:00,1.16476,1.16577,1.16476,1.1655
2026-08-19 13:45:00+00:00,1.16536,1.1659,1.16503,1.16584
2026-08-19 14:00:00+00:00,1.16581,1.16683,1.16542,1.16677
2026-08-19 14:15:00+00:00,1.16667,1.16696,1.16629,1.16692
2026-08-19 14:30:00+00:00,1.16682,1.1677,1.16681,1.16764
2026-08-19 14:45:00+00:00,1.1676,1.16788,1.16613,1.16617
2026-08-19 15:00:00+00:00,1.16625,1.16662,1.16598,1.16639
2026-08-19 15:15:00+00:00,1.1663,1.16659,1.16569,1.16603
2026-08-19 15:30:00+00:00,1.16601,1.16678,1.16594,1.16673
2026-08-19 15:45:00+00:00,1.16667,1.16677,1.1661,1.16633
2026-08-19 16:00:00+00:00,1.16625,1.16715,1.16625,1.16714
2026-08-19 16:15:00+00:00,1.16711,1.16721,1.16664,1.16677
2026-08-19 16:30:00+00:00,1.16691,1.16713,1.1667,1.167
2026-08-19 16:45:00+00:00,1.16699,1.16726,1.16681,1.16686
2026-08-19 17:00:00+00:00,1.16696,1.16722,1.16644,1.16652
2026-08-19 17:15:00+00:00,1.1665,1.1666,1.16628,1.16638
2026-08-19 17:30:00+00:00,1.1663,1.1665,1.16611,1.16634
2026-08-19 17:45:00+00:00,1.16633,1.16633,1.16591,1.16592
2026-08-19 18:00:00+00:00,1.16595,1.1671,1.16562,1.16708
2026-08-19 18:15:00+00:00,1.16704,1.16708,1.16607,1.16617
2026-08-19 18:30:00+00:00,1.16614,1.16743,1.16608,1.16738
2026-08-19 18:45:00+00:00,1.16736,1.16752,1.16715,1.16745
2026-08-19 19:00:00+00:00,1.16744,1.1677,1.16701,1.1674
2026-08-19 19:15:00+00:00,1.16747,1.1678,1.16732,1.16779
2026-08-19 19:30:00+00:00,1.16773,1.1679,1.1673,1.16743
2026-08-19 19:45:00+00:00,1.16741,1.16782,1.16717,1.16765
2026-08-19 20:00:00+00:00,1.16771,1.16782,1.16757,1.1676
2026-08-19 20:15:00+00:00,1.16761,1.16777,1.16752,1.16757
2026-08-19 20:30:00+00:00,1.16762,1.16794,1.16752,1.16791
2026-08-19 20:45:00+00:00,1.16789,1.16796,1.16775,1.1678
2026-08-19 21:00:00+00:00,1.1678,1.16807,1.16757,1.16772
2026-08-19 21:15:00+00:00,1.16769,1.16782,1.16753,1.16762
2026-08-19 21:30:00+00:00,1.1676,1.1678,1.16754,1.1676
2026-08-19 21:45:00+00:00,1.16757,1.16792,1.16757,1.16771
2026-08-19 22:00:00+00:00,1.16773,1.16807,1.16762,1.16783
2026-08-19 22:15:00+00:00,1.16786,1.16798,1.16775,1.16781
2026-08-19 22:30:00+00:00,1.16779,1.16791,1.16762,1.16767
2026-08-19 22:45:00+00:00,1.16767,1.16776,1.16753,1.16762
2026-08-19 23:00:00+00:00,1.16761,1.16779,1.16746,1.1676
2026-08-19 23:15:00+00:00,1.16761,1.16764,1.16738,1.16752
2026-08-19 23:30:00+00:00,1.16749,1.16756,1.16737,1.16742
2026-08-19 23:45:00+00:00,1.1674,1.16744,1.16726,1.16739
2026-08-20 00:00:00+00:00,1.16738,1.16798,1.16738,1.16773
2026-08-20 00:15:00+00:00,1.16767,1.16797,1.16739,1.16752
2026-08-20 00:30:00+00:00,1.16746,1.16775,1.16746,1.16755
2026-08-20 00:45:00+00:00,1.16752,1.16756,1.16723,1.16755
2026-08-20 01:00:00+00:00,1.16752,1.16752,1.16702,1.16726
2026-08-20 01:15:00+00:00,1.16721,1.16798,1.16721,1.16795
2026-08-20 01:30:00+00:00,1.16789,1.16825,1.16769,1.16791
2026-08-20 01:45:00+00:00,1.16797,1.16797,1.16742,1.16748
2026-08-20 02:00:00+00:00,1.1675,1.16828,1.16747,1.16781
2026-08-20 02:15:00+00:00,1.16779,1.16786,1.16728,1.1676
2026-08-20 02:30:00+00:00,1.16759,1.16783,1.16741,1.16766
2026-08-20 02:45:00+00:00,1.16772,1.16773,1.16738,1.16752
2026-08-20 03:00:00+00:00,1.1675,1.16792,1.16743,1.16787
2026-08-20 03:15:00+00:00,1.1678,1.16802,1.16757,1.16778
2026-08-20 03:30:00+00:00,1.16781,1.16785,1.16754,1.16776
2026-08-20 03:45:00+00:00,1.1677,1.16802,1.1677,1.16799
2026-08-20 04:00:00+00:00,1.16797,1.16805,1.16783,1.168
2026-08-20 04:15:00+00:00,1.168,1.16802,1.16768,1.16778
2026-08-20 04:30:00+00:00,1.16777,1.16779,1.16762,1.16767
2026-08-20 04:45:00+00:00,1.16769,1.1677,1.16722,1.1673
2026-08-20 05:00:00+00:00,1.16744,1.16756,1.16726,1.16736
2026-08-20 05:15:00+00:00,1.16736,1.16752,1.1672,1.16724
2026-08-20 05:30:00+00:00,1.16727,1.16738,1.16707,1.16715
2026-08-20 05:45:00+00:00,1.16713,1.16774,1.16699,1.16772
2026-08-20 06:00:00+00:00,1.16769,1.16802,1.16735,1.16799
2026-08-20 06:15:00+00:00,1.16794,1.16802,1.16773,1.16784
2026-08-20 06:30:00+00:00,1.16781,1.16806,1.16761,1.16804
2026-08-20 06:45:00+00:00,1.16801,1.1688,1.16797,1.16876
2026-08-20 07:00:00+00:00,1.16864,1.16898,1.16807,1.1683
2026-08-20 07:15:00+00:00,1.16825,1.16832,1.16788,1.16789
2026-08-20 07:30:00+00:00,1.16791,1.16932,1.16782,1.1693
2026-08-20 07:45:00+00:00,1.16924,1.16926,1.16864,1.16925
2026-08-20 08:00:00+00:00,1.16919,1.16956,1.16907,1.16938
2026-08-20 08:15:00+00:00,1.16945,1.1695,1.16902,1.16908
2026-08-20 08:30:00+00:00,1.16912,1.16991,1.16888,1.16983
2026-08-20 08:45:00+00:00,1.16982,1.16999,1.16949,1.16981
2026-08-20 09:00:00+00:00,1.16978,1.17049,1.16958,1.17047
2026-08-20 09:15:00+00:00,1.17045,1.17096,1.17036,1.17063
2026-08-20 09:30:00+00:00,1.1706,1.17088,1.17014,1.17053
2026-08-20 09:45:00+00:00,1.17048,1.1708,1.1701,1.17066
2026-08-20 10:00:00+00:00,1.17059,1.17109,1.17045,1.17107
2026-08-20 10:15:00+00:00,1.17104,1.17104,1.17054,1.17068
2026-08-20 10:30:00+00:00,1.17068,1.17091,1.1703,1.17042
2026-08-20 10:45:00+00:00,1.17039,1.17048,1.16941,1.16948
2026-08-20 11:00:00+00:00,1.16952,1.16977,1.16908,1.16913
2026-08-20 11:15:00+00:00,1.1691,1.16971,1.16893,1.16923
2026-08-20 11:30:00+00:00,1.16932,1.16955,1.16885,1.16888
2026-08-20 11:45:00+00:00,1.16894,1.169,1.16832,1.16864
2026-08-20 12:00:00+00:00,1.1686,1.1686,1.16777,1.16843
2026-08-20 12:15:00+00:00,1.16842,1.16908,1.16831,1.16866
2026-08-20 12:30:00+00:00,1.16864,1.16886,1.16801,1.16873
2026-08-20 12:45:00+00:00,1.16856,1.16899,1.1685,1.16896
2026-08-20 13:00:00+00:00,1.1689,1.16944,1.16884,1.16888
2026-08-20 13:15:00+00:00,1.16892,1.16906,1.16847,1.16866
2026-08-20 13:30:00+00:00,1.16863,1.16883,1.16816,1.16835
2026-08-20 13:45:00+00:00,1.16833,1.16835,1.16757,1.1676
2026-08-20 14:00:00+00:00,1.16766,1.16799,1.16732,1.16752
2026-08-20 14:15:00+00:00,1.16748,1.16803,1.16717,1.16771
2026-08-20 14:30:00+00:00,1.16773,1.16826,1.16773,1.1682
2026-08-20 14:45:00+00:00,1.16814,1.16852,1.16812,1.16837
2026-08-20 15:00:00+00:00,1.16831,1.16925,1.1678,1.16819
2026-08-20 15:15:00+00:00,1.16805,1.16843,1.16757,1.1682
2026-08-20 15:30:00+00:00,1.16805,1.1685,1.16735,1.16741
2026-08-20 15:45:00+00:00,1.16749,1.16801,1.16722,1.16798
2026-08-20 16:00:00+00:00,1.16794,1.16801,1.16749,1.16752
2026-08-20 16:15:00+00:00,1.16758,1.16768,1.16726,1.16742
2026-08-20 16:30:00+00:00,1.1674,1.1674,1.167,1.16701
2026-08-20 16:45:00+00:00,1.16703,1.16743,1.16699,1.16741
2026-08-20 17:00:00+00:00,1.16738,1.16749,1.16708,1.16715
2026-08-20 17:15:00+00:00,1.16714,1.16738,1.16705,1.16736
2026-08-20 17:30:00+00:00,1.16727,1.16742,1.16707,1.16722
2026-08-20 17:45:00+00:00,1.16716,1.16749,1.16716,1.16738
2026-08-20 18:00:00+00:00,1.1674,1.1676,1.16722,1.16722
2026-08-20 18:15:00+00:00,1.16723,1.16735,1.16707,1.16719
2026-08-20 18:30:00+00:00,1.1672,1.16752,1.1672,1.16745
2026-08-20 18:45:00+00:00,1.16747,1.16764,1.16737,1.16751
2026-08-20 19:00:00+00:00,1.16757,1.1677,1.16735,1.16767
2026-08-20 19:15:00+00:00,1.16761,1.16776,1.16758,1.16773
2026-08-20 19:30:00+00:00,1.1677,1.16782,1.16753,1.1676
2026-08-20 19:45:00+00:00,1.16758,1.16785,1.16746,1.16784
2026-08-20 20:00:00+00:00,1.16781,1.16795,1.16767,1.16778
2026-08-20 20:15:00+00:00,1.16775,1.16779,1.16759,1.16769
2026-08-20 20:30:00+00:00,1.16768,1.16792,1.16768,1.1679
2026-08-20 20:45:00+00:00,1.16786,1.16801,1.16777,1.16791
2026-08-20 21:00:00+00:00,1.1679,1.16806,1.16769,1.1677
2026-08-20 21:15:00+00:00,1.16773,1.1679,1.16772,1.16789
2026-08-20 21:30:00+00:00,1.16786,1.16793,1.16782,1.16788
2026-08-20 21:45:00+00:00,1.16785,1.16797,1.16776,1.16782
2026-08-20 22:00:00+00:00,1.1678,1.16827,1.16776,1.16822
2026-08-20 22:15:00+00:00,1.16818,1.16841,1.16808,1.16837
2026-08-20 22:30:00+00:00,1.16836,1.16837,1.16818,1.16831
2026-08-20 22:45:00+00:00,1.16829,1.16845,1.16822,1.16835
2026-08-20 23:00:00+00:00,1.16831,1.16864,1.16831,1.16845
2026-08-20 23:15:00+00:00,1.1685,1.16878,1.1685,1.16869
2026-08-20 23:30:00+00:00,1.16868,1.16874,1.16846,1.16867
2026-08-20 23:45:00+00:00,1.16864,1.16881,1.16858,1.1688
2026-08-21 00:00:00+00:00,1.16877,1.16893,1.16847,1.16887
2026-08-21 00:15:00+00:00,1.1688,1.169,1.16869,1.16871
2026-08-21 00:30:00+00:00,1.16874,1.16891,1.1684,1.16843
2026-08-21 00:45:00+00:00,1.16846,1.16859,1.16835,1.1684
2026-08-21 01:00:00+00:00,1.16839,1.16876,1.16833,1.16874
2026-08-21 01:15:00+00:00,1.16869,1.16912,1.16862,1.16908
2026-08-21 01:30:00+00:00,1.16901,1.16932,1.16887,1.169
2026-08-21 01:45:00+00:00,1.16898,1.16909,1.16883,1.16903
2026-08-21 02:00:00+00:00,1.16901,1.16923,1.16879,1.16912
2026-08-21 02:15:00+00:00,1.16916,1.16972,1.16908,1.16945
2026-08-21 02:30:00+00:00,1.16953,1.16967,1.16943,1.16958
2026-08-21 02:45:00+00:00,1.16952,1.17009,1.1695,1.16969
2026-08-21 03:00:00+00:00,1.16978,1.16985,1.16954,1.16983
2026-08-21 03:15:00+00:00,1.16982,1.16985,1.16949,1.16958
2026-08-21 03:30:00+00:00,1.16958,1.16959,1.16917,1.16929
2026-08-21 03:45:00+00:00,1.16926,1.16947,1.16917,1.16944
2026-08-21 04:00:00+00:00,1.16941,1.16959,1.16929,1.16945
2026-08-21 04:15:00+00:00,1.16943,1.16954,1.16925,1.16927
2026-08-21 04:30:00+00:00,1.16932,1.16941,1.16908,1.16923
2026-08-21 04:45:00+00:00,1.16921,1.16941,1.16914,1.16938
2026-08-21 05:00:00+00:00,1.16936,1.16936,1.16913,1.16931
2026-08-21 05:15:00+00:00,1.1693,1.16938,1.1691,1.16919
2026-08-21 05:30:00+00:00,1.16918,1.16965,1.16904,1.16963
2026-08-21 05:45:00+00:00,1.16958,1.16993,1.16952,1.16986
2026-08-21 06:00:00+00:00,1.16982,1.16991,1.16919,1.16929
2026-08-21 06:15:00+00:00,1.16927,1.16956,1.16907,1.16936
2026-08-21 06:30:00+00:00,1.16934,1.16965,1.16919,1.16946
2026-08-21 06:45:00+00:00,1.16944,1.1698,1.16919,1.16979
2026-08-21 07:00:00+00:00,1.16972,1.17005,1.16945,1.16973
2026-08-21 07:15:00+00:00,1.1697,1.16995,1.16925,1.16938
2026-08-21 07:30:00+00:00,1.16934,1.16967,1.1691,1.16919
2026-08-21 07:45:00+00:00,1.16934,1.16934,1.16874,1.169
2026-08-21 08:00:00+00:00,1.16894,1.16956,1.16892,1.16951
2026-08-21 08:15:00+00:00,1.16937,1.16966,1.16914,1.16964
2026-08-21 08:30:00+00:00,1.16962,1.1704,1.16951,1.17032
2026-08-21 08:45:00+00:00,1.17021,1.17062,1.17018,1.1705
2026-08-21 09:00:00+00:00,1.1704,1.17108,1.17029,1.171
2026-08-21 09:15:00+00:00,1.17097,1.17107,1.17032,1.17037
2026-08-21 09:30:00+00:00,1.17039,1.17075,1.17037,1.17039
2026-08-21 09:45:00+00:00,1.17043,1.17052,1.1701,1.17016
2026-08-21 10:00:00+00:00,1.17025,1.17048,1.16989,1.17019
2026-08-21 10:15:00+00:00,1.17018,1.17087,1.17018,1.17086
2026-08-21 10:30:00+00:00,1.17083,1.17102,1.17069,1.17073
2026-08-21 10:45:00+00:00,1.17076,1.17082,1.17012,1.17015
2026-08-21 11:00:00+00:00,1.17018,1.17047,1.17004,1.17045
2026-08-21 11:15:00+00:00,1.17043,1.1709,1.17013,1.1706
2026-08-21 11:30:00+00:00,1.17068,1.17092,1.16968,1.16972
2026-08-21 11:45:00+00:00,1.16981,1.17009,1.16969,1.17007
2026-08-21 12:00:00+00:00,1.17003,1.1704,1.16977,1.16994
2026-08-21 12:15:00+00:00,1.1699,1.17001,1.16947,1.16971
2026-08-21 12:30:00+00:00,1.16969,1.16969,1.16859,1.16909
2026-08-21 12:45:00+00:00,1.16905,1.16914,1.16874,1.16911
2026-08-21 13:00:00+00:00,1.16906,1.16913,1.16854,1.16879
2026-08-21 13:15:00+00:00,1.16876,1.16884,1.16816,1.16837
2026-08-21 13:30:00+00:00,1.16827,1.16847,1.16787,1.16833
2026-08-21 13:45:00+00:00,1.16831,1.1686,1.16801,1.16838
2026-08-21 14:00:00+00:00,1.16835,1.16837,1.16771,1.1679
2026-08-21 14:15:00+00:00,1.16786,1.16805,1.16737,1.16741
2026-08-21 14:30:00+00:00,1.16746,1.16746,1.16694,1.16738
2026-08-21 14:45:00+00:00,1.16732,1.16771,1.167,1.16737
2026-08-21 15:00:00+00:00,1.16734,1.16762,1.16721,1.16746
2026-08-21 15:15:00+00:00,1.16744,1.16773,1.16728,1.16771
2026-08-21 15:30:00+00:00,1.16762,1.16804,1.16754,1.16799
2026-08-21 15:45:00+00:00,1.16794,1.16843,1.1679,1.16841
2026-08-21 16:00:00+00:00,1.16837,1.16843,1.16793,1.16839
2026-08-21 16:15:00+00:00,1.16834,1.16863,1.16779,1.16833
2026-08-21 16:30:00+00:00,1.1683,1.16844,1.16812,1.16815
2026-08-21 16:45:00+00:00,1.1682,1.16836,1.16807,1.16817
2026-08-21 17:00:00+00:00,1.1682,1.16823,1.16776,1.16777
2026-08-21 17:15:00+00:00,1.16779,1.16816,1.16777,1.16814
2026-08-21 17:30:00+00:00,1.16804,1.16832,1.16804,1.16815
2026-08-21 17:45:00+00:00,1.16817,1.16817,1.16792,1.1681
2026-08-21 18:00:00+00:00,1.16807,1.16842,1.168,1.16823
2026-08-21 18:15:00+00:00,1.16822,1.16828,1.16803,1.16827
2026-08-21 18:30:00+00:00,1.16824,1.16836,1.16813,1.16826
2026-08-21 18:45:00+00:00,1.16827,1.16835,1.16807,1.1683
2026-08-21 19:00:00+00:00,1.16826,1.16831,1.16796,1.16807
2026-08-21 19:15:00+00:00,1.16806,1.16807,1.1678,1.16794
2026-08-21 19:30:00+00:00,1.16791,1.16807,1.16779,1.16798
2026-08-21 19:45:00+00:00,1.16797,1.16818,1.1678,1.16789
2026-08-21 20:00:00+00:00,1.16787,1.16794,1.16771,1.16773
2026-08-21 20:15:00+00:00,1.16778,1.16788,1.16769,1.16779
2026-08-21 20:30:00+00:00,1.16778,1.16778,1.16743,1.16758
2026-08-21 20:45:00+00:00,1.16755,1.16775,1.16754,1.16764
2026-08-21 21:00:00+00:00,1.16764,1.16876,1.16735,1.1681
2026-08-21 21:15:00+00:00,1.16812,1.1691,1.16779,1.1681
2026-08-21 21:30:00+00:00,1.16811,1.16913,1.16768,1.16872
2026-08-21 21:45:00+00:00,1.1681,1.16913,1.16782,1.16869
2026-08-21 22:00:00+00:00,1.16821,1.16903,1.16765,1.16799
2026-08-21 22:15:00+00:00,1.1681,1.16908,1.16772,1.1684
2026-08-21 22:30:00+00:00,1.16815,1.16902,1.16806,1.16875
2026-08-21 22:45:00+00:00,1.16824,1.16903,1.16812,1.16817
2026-08-21 23:00:00+00:00,1.16818,1.1691,1.16752,1.16809
2026-08-21 23:15:00+00:00,1.16811,1.16903,1.16787,1.16817
2026-08-21 23:30:00+00:00,1.16818,1.16907,1.16807,1.16837
2026-08-21 23:45:00+00:00,1.16824,1.16903,1.16811,1.16817
2026-08-22 00:00:00+00:00,1.16817,1.16907,1.16746,1.16761
2026-08-22 00:15:00+00:00,1.16762,1.16831,1.16743,1.16762
2026-08-22 00:30:00+00:00,1.16762,1.16767,1.16759,1.16764
2026-08-22 00:45:00+00:00,1.16762,1.16926,1.16754,1.16764
2026-08-22 01:00:00+00:00,1.16763,1.16766,1.16759,1.1676
2026-08-22 01:15:00+00:00,1.16761,1.16809,1.16742,1.16761
2026-08-22 01:30:00+00:00,1.16761,1.16907,1.16745,1.16763
2026-08-22 01:45:00+00:00,1.16774,1.16774,1.16758,1.16763
2026-08-22 02:00:00+00:00,1.16761,1.16888,1.16754,1.16764
2026-08-22 02:15:00+00:00,1.16762,1.16766,1.16759,1.1676
2026-08-22 02:30:00+00:00,1.16761,1.16913,1.16751,1.16763
2026-08-22 02:45:00+00:00,1.16761,1.16908,1.16745,1.16764
2026-08-22 03:00:00+00:00,1.16767,1.16767,1.16759,1.16761
2026-08-22 03:15:00+00:00,1.16761,1.16932,1.16758,1.16761
2026-08-22 03:30:00+00:00,1.16762,1.16766,1.16758,1.16762
2026-08-22 03:45:00+00:00,1.16761,1.1693,1.16758,1.16763
2026-08-22 04:00:00+00:00,1.16761,1.16846,1.16745,1.16761
2026-08-22 04:15:00+00:00,1.16766,1.16767,1.16757,1.16761
2026-08-22 04:30:00+00:00,1.16762,1.16928,1.16754,1.16765
2026-08-22 04:45:00+00:00,1.16763,1.16768,1.1676,1.16765
2026-08-22 05:00:00+00:00,1.16762,1.16928,1.16754,1.16763
2026-08-22 05:15:00+00:00,1.16763,1.16929,1.1676,1.16765
2026-08-22 05:30:00+00:00,1.16768,1.16769,1.16758,1.16765
2026-08-22 05:45:00+00:00,1.16762,1.16932,1.16742,1.16765
2026-08-22 06:00:00+00:00,1.16763,1.16768,1.1676,1.16763
2026-08-22 06:15:00+00:00,1.16762,1.16813,1.16753,1.16761
2026-08-22 06:30:00+00:00,1.16762,1.16812,1.16728,1.16763
2026-08-22 06:45:00+00:00,1.16775,1.16775,1.16758,1.16765
2026-08-22 07:00:00+00:00,1.16763,1.16786,1.16754,1.16766
2026-08-22 07:15:00+00:00,1.16765,1.16769,1.1676,1.16761
2026-08-22 07:30:00+00:00,1.16763,1.16783,1.16753,1.16763
2026-08-22 07:45:00+00:00,1.16763,1.16933,1.16756,1.16763
2026-08-22 08:00:00+00:00,1.16773,1.16773,1.16757,1.16766
2026-08-22 08:15:00+00:00,1.16764,1.16876,1.16715,1.16761
2026-08-22 08:30:00+00:00,1.16764,1.16769,1.1676,1.16763
2026-08-22 08:45:00+00:00,1.16764,1.16926,1.16757,1.16765
2026-08-22 09:00:00+00:00,1.16763,1.16919,1.16757,1.16764
2026-08-22 09:15:00+00:00,1.16775,1.16775,1.16758,1.16763
2026-08-22 09:30:00+00:00,1.16763,1.16932,1.16752,1.16764
2026-08-22 09:45:00+00:00,1.16764,1.16768,1.1676,1.16764
2026-08-22 10:00:00+00:00,1.16762,1.16812,1.16736,1.16765
2026-08-22 10:15:00+00:00,1.16762,1.16829,1.16756,1.16763
2026-08-22 10:30:00+00:00,1.16776,1.16778,1.16753,1.16762
2026-08-22 10:45:00+00:00,1.16763,1.16922,1.16757,1.16762
2026-08-22 11:00:00+00:00,1.16765,1.16767,1.1676,1.16764
2026-08-22 11:15:00+00:00,1.16761,1.16832,1.1674,1.16764
2026-08-22 11:30:00+00:00,1.16763,1.16914,1.16753,1.16827
2026-08-22 11:45:00+00:00,1.16812,1.16831,1.16787,1.16797
2026-08-22 12:00:00+00:00,1.16795,1.16924,1.16753,1.168
2026-08-22 12:15:00+00:00,1.16797,1.16829,1.16746,1.16784
2026-08-22 12:30:00+00:00,1.16786,1.16915,1.16741,1.16779
2026-08-22 12:45:00+00:00,1.1678,1.16928,1.16771,1.16802
2026-08-22 13:00:00+00:00,1.16795,1.168,1.16793,1.16797
2026-08-22 13:15:00+00:00,1.16795,1.16918,1.1679,1.16831
2026-08-22 13:30:00+00:00,1.16829,1.16834,1.16828,1.16829
2026-08-22 13:45:00+00:00,1.16829,1.169,1.16812,1.1682
2026-08-22 14:00:00+00:00,1.1682,1.16918,1.16746,1.16812
2026-08-22 14:15:00+00:00,1.16805,1.16811,1.16804,1.16808
2026-08-22 14:30:00+00:00,1.16805,1.16919,1.16786,1.16808
2026-08-22 14:45:00+00:00,1.16808,1.16813,1.16806,1.16807
2026-08-22 15:00:00+00:00,1.16808,1.16907,1.16806,1.16838
2026-08-22 15:15:00+00:00,1.16836,1.16898,1.16827,1.16848
2026-08-22 15:30:00+00:00,1.16844,1.16849,1.16842,1.16844
2026-08-22 15:45:00+00:00,1.16844,1.16892,1.16842,1.1685
2026-08-22 16:00:00+00:00,1.16851,1.16853,1.1673,1.1678
2026-08-22 16:15:00+00:00,1.16778,1.16917,1.16774,1.16801
2026-08-22 16:30:00+00:00,1.16798,1.16922,1.16765,1.16874
2026-08-22 16:45:00+00:00,1.16825,1.16826,1.16783,1.16788
2026-08-22 17:00:00+00:00,1.16789,1.16925,1.16776,1.16801
2026-08-22 17:15:00+00:00,1.16799,1.16812,1.16785,1.16809
2026-08-22 17:30:00+00:00,1.16802,1.16921,1.1677,1.16799
2026-08-22 17:45:00+00:00,1.16798,1.16922,1.16759,1.16765
2026-08-22 18:00:00+00:00,1.16782,1.16806,1.16782,1.16798
2026-08-22 18:15:00+00:00,1.16798,1.1691,1.16796,1.16833
2026-08-22 18:30:00+00:00,1.16831,1.16836,1.16791,1.16814
2026-08-22 18:45:00+00:00,1.16808,1.16919,1.16775,1.16779
2026-08-22 19:00:00+00:00,1.16779,1.16929,1.16757,1.16774
2026-08-22 19:15:00+00:00,1.16776,1.16803,1.16776,1.16797
2026-08-22 19:30:00+00:00,1.16794,1.16904,1.16784,1.16813
2026-08-22 19:45:00+00:00,1.16811,1.16816,1.16809,1.16811
2026-08-22 20:00:00+00:00,1.16811,1.16908,1.16773,1.16774
