datetime,open,high,low,close
2026-08-05 11:35:00+00:00,1.15512,1.15544,1.15511,1.15543
2026-08-05 11:40:00+00:00,1.15541,1.15556,1.15525,1.15533
2026-08-05 11:45:00+00:00,1.15542,1.15542,1.15495,1.155
2026-08-05 11:50:00+00:00,1.15503,1.15508,1.15491,1.15505
2026-08-05 11:55:00+00:00,1.15504,1.1554,1.15501,1.15538
2026-08-05 12:00:00+00:00,1.15533,1.1555,1.15525,1.15534
2026-08-05 12:05:00+00:00,1.15538,1.15555,1.15527,1.15553
2026-08-05 12:10:00+00:00,1.1555,1.1555,1.15517,1.1553
2026-08-05 12:15:00+00:00,1.15528,1.15571,1.15521,1.1557
2026-08-05 12:20:00+00:00,1.15565,1.1557,1.15549,1.15569
2026-08-05 12:25:00+00:00,1.15567,1.15567,1.15535,1.15538
2026-08-05 12:30:00+00:00,1.15544,1.15545,1.1551,1.15513
2026-08-05 12:35:00+00:00,1.15517,1.15547,1.15504,1.15546
2026-08-05 12:40:00+00:00,1.15543,1.15543,1.15483,1.15487
2026-08-05 12:45:00+00:00,1.15492,1.15494,1.15477,1.15491
2026-08-05 12:50:00+00:00,1.15487,1.155,1.15475,1.15477
2026-08-05 12:55:00+00:00,1.15481,1.15481,1.15457,1.15472
2026-08-05 13:00:00+00:00,1.1547,1.15475,1.15422,1.15456
2026-08-05 13:05:00+00:00,1.15443,1.15472,1.15443,1.15468
2026-08-05 13:10:00+00:00,1.15465,1.15472,1.15453,1.15459
2026-08-05 13:15:00+00:00,1.15462,1.1549,1.15462,1.1549
2026-08-05 13:20:00+00:00,1.15487,1.15505,1.15459,1.15503
2026-08-05 13:25:00+00:00,1.15498,1.15532,1.15496,1.15529
2026-08-05 13:30:00+00:00,1.15524,1.15541,1.15509,1.15539
2026-08-05 13:35:00+00:00,1.15537,1.15537,1.15456,1.15472
2026-08-05 13:40:00+00:00,1.15467,1.15508,1.15456,1.1548
2026-08-05 13:45:00+00:00,1.15476,1.15477,1.15409,1.15411
2026-08-05 13:50:00+00:00,1.15415,1.1544,1.15397,1.15437
2026-08-05 13:55:00+00:00,1.15428,1.15461,1.15423,1.15435
2026-08-05 14:00:00+00:00,1.15432,1.15475,1.1542,1.15471
2026-08-05 14:05:00+00:00,1.15466,1.15548,1.15465,1.15547
2026-08-05 14:10:00+00:00,1.15545,1.15545,1.15501,1.15505
2026-08-05 14:15:00+00:00,1.15507,1.15565,1.15506,1.15563
2026-08-05 14:20:00+00:00,1.15558,1.15567,1.1552,1.15524
2026-08-05 14:25:00+00:00,1.15532,1.15549,1.15515,1.15521
2026-08-05 14:30:00+00:00,1.15524,1.15536,1.15489,1.15498
2026-08-05 14:35:00+00:00,1.15496,1.15496,1.15479,1.15495
2026-08-05 14:40:00+00:00,1.15492,1.15528,1.1548,1.15526
2026-08-05 14:45:00+00:00,1.15522,1.15527,1.15492,1.15495
2026-08-05 14:50:00+00:00,1.155,1.15528,1.15461,1.15469
2026-08-05 14:55:00+00:00,1.15485,1.15533,1.15468,1.15531
2026-08-05 15:00:00+00:00,1.15526,1.15556,1.15507,1.15521
2026-08-05 15:05:00+00:00,1.15542,1.15542,1.15503,1.15506
2026-08-05 15:10:00+00:00,1.15507,1.15516,1.15501,1.15514
2026-08-05 15:15:00+00:00,1.1551,1.1551,1.15456,1.15459
2026-08-05 15:20:00+00:00,1.15462,1.15485,1.1546,1.15484
2026-08-05 15:25:00+00:00,1.15481,1.15488,1.15461,1.15485
2026-08-05 15:30:00+00:00,1.15485,1.15485,1.15453,1.15459
2026-08-05 15:35:00+00:00,1.15455,1.155,1.1545,1.15497
2026-08-05 15:40:00+00:00,1.15491,1.15511,1.15491,1.1551
2026-08-05 15:45:00+00:00,1.15508,1.15517,1.15451,1.15457
2026-08-05 15:50:00+00:00,1.15466,1.15466,1.15427,1.15455
2026-08-05 15:55:00+00:00,1.15448,1.15468,1.15448,1.15464
2026-08-05 16:00:00+00:00,1.15463,1.15475,1.15443,1.15446
2026-08-05 16:05:00+00:00,1.1545,1.15454,1.15431,1.15451
2026-08-05 16:10:00+00:00,1.15445,1.15477,1.15445,1.15475
2026-08-05 16:15:00+00:00,1.15472,1.15481,1.15463,1.15471
2026-08-05 16:20:00+00:00,1.15472,1.15493,1.15468,1.15491
2026-08-05 16:25:00+00:00,1.15488,1.15498,1.15463,1.15479
2026-08-05 16:30:00+00:00,1.15476,1.15481,1.15463,1.15473
2026-08-05 16:35:00+00:00,1.15471,1.15471,1.15447,1.15449
2026-08-05 16:40:00+00:00,1.1545,1.1546,1.15442,1.15447
2026-08-05 16:45:00+00:00,1.15449,1.15459,1.15441,1.15453
2026-08-05 16:50:00+00:00,1.15445,1.15465,1.15445,1.15463
2026-08-05 16:55:00+00:00,1.1546,1.15471,1.15449,1.15451
2026-08-05 17:00:00+00:00,1.15455,1.15473,1.15439,1.15448
2026-08-05 17:05:00+00:00,1.15452,1.15456,1.15431,1.15434
2026-08-05 17:10:00+00:00,1.15439,1.15446,1.15432,1.15445
2026-08-05 17:15:00+00:00,1.15442,1.15462,1.15434,1.1546
2026-08-05 17:20:00+00:00,1.15456,1.1546,1.15443,1.1545
2026-08-05 17:25:00+00:00,1.15451,1.15495,1.15447,1.15494
2026-08-05 17:30:00+00:00,1.1549,1.15499,1.15475,1.15498
2026-08-05 17:35:00+00:00,1.15493,1.15522,1.15493,1.15518
2026-08-05 17:40:00+00:00,1.15512,1.15543,1.15512,1.15538
2026-08-05 17:45:00+00:00,1.15532,1.15558,1.15531,1.15542
2026-08-05 17:50:00+00:00,1.15548,1.15554,1.15537,1.15553
2026-08-05 17:55:00+00:00,1.15551,1.15572,1.15544,1.1557
2026-08-05 18:00:00+00:00,1.15569,1.15583,1.15552,1.15571
2026-08-05 18:05:00+00:00,1.15573,1.15587,1.15558,1.15562
2026-08-05 18:10:00+00:00,1.15569,1.15582,1.15559,1.15563
2026-08-05 18:15:00+00:00,1.1557,1.1557,1.15543,1.15565
2026-08-05 18:20:00+00:00,1.15562,1.15585,1.15562,1.15582
2026-08-05 18:25:00+00:00,1.15578,1.15597,1.1557,1.15594
2026-08-05 18:30:00+00:00,1.15592,1.15597,1.1556,1.15564
2026-08-05 18:35:00+00:00,1.15569,1.15569,1.15549,1.15564
2026-08-05 18:40:00+00:00,1.1556,1.15563,1.15532,1.15536
2026-08-05 18:45:00+00:00,1.15544,1.15556,1.15533,1.15553
2026-08-05 18:50:00+00:00,1.15551,1.15554,1.15536,1.1555
2026-08-05 18:55:00+00:00,1.15548,1.15554,1.15536,1.1554
2026-08-05 19:00:00+00:00,1.15547,1.15547,1.15533,1.1554
2026-08-05 19:05:00+00:00,1.15542,1.15544,1.15521,1.15534
2026-08-05 19:10:00+00:00,1.15532,1.15532,1.15511,1.15516
2026-08-05 19:15:00+00:00,1.15514,1.15518,1.15496,1.15498
2026-08-05 19:20:00+00:00,1.15501,1.15501,1.15488,1.15495
2026-08-05 19:25:00+00:00,1.15493,1.15497,1.15479,1.15481
2026-08-05 19:30:00+00:00,1.15484,1.155,1.15477,1.155
2026-08-05 19:35:00+00:00,1.15498,1.15503,1.15489,1.1549
2026-08-05 19:40:00+00:00,1.15493,1.15509,1.15487,1.15498
2026-08-05 19:45:00+00:00,1.15503,1.15519,1.15489,1.15491
2026-08-05 19:50:00+00:00,1.15494,1.15509,1.15489,1.155
2026-08-05 19:55:00+00:00,1.15501,1.1553,1.15494,1.15505
2026-08-05 20:00:00+00:00,1.15511,1.15535,1.15509,1.15516
2026-08-05 20:05:00+00:00,1.15519,1.15531,1.15515,1.15518
2026-08-05 20:10:00+00:00,1.15521,1.15524,1.15501,1.15503
2026-08-05 20:15:00+00:00,1.15505,1.15507,1.15496,1.155
2026-08-05 20:20:00+00:00,1.15501,1.15509,1.15495,1.15507
2026-08-05 20:25:00+00:00,1.15503,1.1552,1.155,1.15517
2026-08-05 20:30:00+00:00,1.15515,1.15542,1.15508,1.1554
2026-08-05 20:35:00+00:00,1.15535,1.15546,1.15531,1.15533
2026-08-05 20:40:00+00:00,1.15538,1.1554,1.15516,1.15519
2026-08-05 20:45:00+00:00,1.15525,1.15531,1.15515,1.15517
2026-08-05 20:50:00+00:00,1.15519,1.15534,1.15517,1.15533
2026-08-05 20:55:00+00:00,1.15531,1.15544,1.15524,1.15542
2026-08-05 21:00:00+00:00,1.15539,1.15554,1.1553,1.15551
2026-08-05 21:05:00+00:00,1.15546,1.15565,1.15531,1.15562
2026-08-05 21:10:00+00:00,1.15559,1.15565,1.15529,1.15539
2026-08-05 21:15:00+00:00,1.15558,1.1556,1.15529,1.15541
2026-08-05 21:20:00+00:00,1.15552,1.15559,1.15532,1.15552
2026-08-05 21:25:00+00:00,1.15551,1.15574,1.15524,1.15542
2026-08-05 21:30:00+00:00,1.1554,1.15544,1.15529,1.15532
2026-08-05 21:35:00+00:00,1.15531,1.15539,1.15529,1.15536
2026-08-05 21:40:00+00:00,1.15533,1.15539,1.15527,1.15534
2026-08-05 21:45:00+00:00,1.15533,1.15542,1.15528,1.15541
2026-08-05 21:50:00+00:00,1.15538,1.15543,1.15531,1.15535
2026-08-05 21:55:00+00:00,1.15537,1.15545,1.15531,1.15533
2026-08-05 22:00:00+00:00,1.15534,1.15551,1.15528,1.15541
2026-08-05 22:05:00+00:00,1.15546,1.15546,1.15513,1.15517
2026-08-05 22:10:00+00:00,1.15515,1.15544,1.155,1.15541
2026-08-05 22:15:00+00:00,1.15536,1.15554,1.15532,1.15552
2026-08-05 22:20:00+00:00,1.15549,1.15556,1.1554,1.15541
2026-08-05 22:25:00+00:00,1.15542,1.15548,1.15539,1.15546
2026-08-05 22:30:00+00:00,1.15543,1.15551,1.15533,1.15547
2026-08-05 22:35:00+00:00,1.15542,1.15551,1.15541,1.15544
2026-08-05 22:40:00+00:00,1.15545,1.15547,1.1554,1.15544
2026-08-05 22:45:00+00:00,1.15543,1.15553,1.15543,1.15552
2026-08-05 22:50:00+00:00,1.15549,1.15552,1.15543,1.15547
2026-08-05 22:55:00+00:00,1.15546,1.15552,1.1554,1.15541
2026-08-05 23:00:00+00:00,1.15544,1.15555,1.15543,1.15551
2026-08-05 23:05:00+00:00,1.1555,1.15554,1.15543,1.15553
2026-08-05 23:10:00+00:00,1.1555,1.15562,1.15543,1.15561
2026-08-05 23:15:00+00:00,1.15558,1.15564,1.15552,1.15558
2026-08-05 23:20:00+00:00,1.15559,1.15564,1.15551,1.15559
2026-08-05 23:25:00+00:00,1.15556,1.15562,1.15548,1.15553
2026-08-05 23:30:00+00:00,1.15551,1.15557,1.15547,1.15554
2026-08-05 23:35:00+00:00,1.15553,1.15561,1.15547,1.15559
2026-08-05 23:40:00+00:00,1.15555,1.15561,1.15543,1.15557
2026-08-05 23:45:00+00:00,1.15554,1.15576,1.15554,1.15573
2026-08-05 23:50:00+00:00,1.1557,1.15582,1.15568,1.1558
2026-08-05 23:55:00+00:00,1.15577,1.15579,1.1556,1.15564
2026-08-06 00:00:00+00:00,1.15566,1.15575,1.15552,1.15564
2026-08-06 00:05:00+00:00,1.15562,1.15563,1.15548,1.15557
2026-08-06 00:10:00+00:00,1.15555,1.15562,1.15547,1.1555
2026-08-06 00:15:00+00:00,1.15554,1.15564,1.15549,1.15556
2026-08-06 00:20:00+00:00,1.15558,1.15584,1.15556,1.15582
2026-08-06 00:25:00+00:00,1.15579,1.15583,1.15567,1.1557
2026-08-06 00:30:00+00:00,1.15574,1.15577,1.1556,1.15569
2026-08-06 00:35:00+00:00,1.1557,1.15581,1.15567,1.15574
2026-08-06 00:40:00+00:00,1.15574,1.15578,1.15562,1.15563
2026-08-06 00:45:00+00:00,1.15563,1.1558,1.15562,1.15571
2026-08-06 00:50:00+00:00,1.15574,1.15598,1.15567,1.15597
2026-08-06 00:55:00+00:00,1.15594,1.15596,1.15564,1.15567
2026-08-06 01:00:00+00:00,1.1557,1.15574,1.15551,1.15553
2026-08-06 01:05:00+00:00,1.15555,1.15562,1.15545,1.15561
2026-08-06 01:10:00+00:00,1.15558,1.15571,1.15536,1.15551
2026-08-06 01:15:00+00:00,1.15545,1.15559,1.15544,1.15556
2026-08-06 01:20:00+00:00,1.15551,1.15562,1.15543,1.15559
2026-08-06 01:25:00+00:00,1.15556,1.15575,1.15544,1.15548
2026-08-06 01:30:00+00:00,1.15554,1.15565,1.15547,1.15562
2026-08-06 01:35:00+00:00,1.15556,1.15571,1.15554,1.1557
2026-08-06 01:40:00+00:00,1.15568,1.15572,1.1556,1.1557
2026-08-06 01:45:00+00:00,1.15567,1.15572,1.15547,1.15554
2026-08-06 01:50:00+00:00,1.15553,1.15558,1.15548,1.15556
2026-08-06 01:55:00+00:00,1.15553,1.15559,1.15545,1.15546
2026-08-06 02:00:00+00:00,1.15549,1.15562,1.15547,1.15559
2026-08-06 02:05:00+00:00,1.15555,1.15573,1.15555,1.15573
2026-08-06 02:10:00+00:00,1.15571,1.15577,1.15552,1.15568
2026-08-06 02:15:00+00:00,1.15562,1.15572,1.15554,1.15564
2026-08-06 02:20:00+00:00,1.15567,1.15584,1.15562,1.15583
2026-08-06 02:25:00+00:00,1.1558,1.1558,1.15547,1.15561
2026-08-06 02:30:00+00:00,1.15555,1.15565,1.15551,1.15556
2026-08-06 02:35:00+00:00,1.15559,1.15572,1.15552,1.1557
2026-08-06 02:40:00+00:00,1.15567,1.15578,1.15562,1.15575
2026-08-06 02:45:00+00:00,1.15572,1.15578,1.15555,1.1556
2026-08-06 02:50:00+00:00,1.15568,1.15568,1.15552,1.15557
2026-08-06 02:55:00+00:00,1.15559,1.15573,1.15524,1.15542
2026-08-06 03:00:00+00:00,1.1554,1.15543,1.15527,1.15534
2026-08-06 03:05:00+00:00,1.15531,1.15539,1.15528,1.1553
2026-08-06 03:10:00+00:00,1.15533,1.15533,1.1552,1.15527
2026-08-06 03:15:00+00:00,1.15527,1.15529,1.15513,1.15517
2026-08-06 03:20:00+00:00,1.1552,1.15522,1.15499,1.15502
2026-08-06 03:25:00+00:00,1.15505,1.1551,1.15496,1.155
2026-08-06 03:30:00+00:00,1.15499,1.15513,1.15499,1.15508
2026-08-06 03:35:00+00:00,1.15508,1.15513,1.15488,1.15489
2026-08-06 03:40:00+00:00,1.1549,1.15495,1.15485,1.15493
2026-08-06 03:45:00+00:00,1.1549,1.1549,1.15472,1.15484
2026-08-06 03:50:00+00:00,1.1548,1.15492,1.15479,1.15481
2026-08-06 03:55:00+00:00,1.15483,1.1549,1.15471,1.15474
2026-08-06 04:00:00+00:00,1.15474,1.15499,1.15474,1.15498
2026-08-06 04:05:00+00:00,1.15495,1.15501,1.15487,1.15494
2026-08-06 04:10:00+00:00,1.15492,1.15502,1.15484,1.155
2026-08-06 04:15:00+00:00,1.15497,1.15502,1.15488,1.15492
2026-08-06 04:20:00+00:00,1.15491,1.15491,1.15478,1.15483
2026-08-06 04:25:00+00:00,1.1548,1.15492,1.15478,1.15482
2026-08-06 04:30:00+00:00,1.15484,1.15495,1.15483,1.15486
2026-08-06 04:35:00+00:00,1.15489,1.15494,1.15479,1.15482
2026-08-06 04:40:00+00:00,1.15488,1.15488,1.15476,1.15484
2026-08-06 04:45:00+00:00,1.15481,1.15485,1.15471,1.15483
2026-08-06 04:50:00+00:00,1.1548,1.15491,1.15476,1.15477
2026-08-06 04:55:00+00:00,1.15481,1.15495,1.15472,1.15492
2026-08-06 05:00:00+00:00,1.15491,1.15493,1.15469,1.15473
2026-08-06 05:05:00+00:00,1.15477,1.15478,1.15461,1.15466
2026-08-06 05:10:00+00:00,1.15469,1.1547,1.15444,1.15447
2026-08-06 05:15:00+00:00,1.15454,1.15461,1.15448,1.15453
2026-08-06 05:20:00+00:00,1.15455,1.15463,1.15452,1.15462
2026-08-06 05:25:00+00:00,1.15459,1.15466,1.15453,1.15463
2026-08-06 05:30:00+00:00,1.1546,1.15473,1.15453,1.1547
2026-08-06 05:35:00+00:00,1.15466,1.15491,1.15463,1.15489
2026-08-06 05:40:00+00:00,1.15487,1.1549,1.15479,1.15484
2026-08-06 05:45:00+00:00,1.15481,1.15494,1.15477,1.15483
2026-08-06 05:50:00+00:00,1.15486,1.15506,1.15486,1.155
2026-08-06 05:55:00+00:00,1.15501,1.15504,1.15488,1.15495
2026-08-06 06:00:00+00:00,1.15493,1.15513,1.15489,1.1551
2026-08-06 06:05:00+00:00,1.15507,1.15512,1.15479,1.15482
2026-08-06 06:10:00+00:00,1.15486,1.15488,1.15453,1.1547
2026-08-06 06:15:00+00:00,1.15468,1.15475,1.15456,1.15471
2026-08-06 06:20:00+00:00,1.15469,1.15475,1.1546,1.15475
2026-08-06 06:25:00+00:00,1.15472,1.15479,1.15452,1.15456
2026-08-06 06:30:00+00:00,1.15459,1.15469,1.15448,1.15451
2026-08-06 06:35:00+00:00,1.15457,1.15457,1.15444,1.1545
2026-08-06 06:40:00+00:00,1.15447,1.15455,1.15432,1.15452
2026-08-06 06:45:00+00:00,1.15443,1.15475,1.15443,1.15461
2026-08-06 06:50:00+00:00,1.15468,1.15468,1.15435,1.1545
2026-08-06 06:55:00+00:00,1.15446,1.15454,1.15436,1.15441
2026-08-06 07:00:00+00:00,1.15439,1.15453,1.15437,1.15441
2026-08-06 07:05:00+00:00,1.15442,1.15451,1.15431,1.15433
2026-08-06 07:10:00+00:00,1.15436,1.15456,1.15426,1.15453
2026-08-06 07:15:00+00:00,1.15453,1.15467,1.15446,1.15449
2026-08-06 07:20:00+00:00,1.15453,1.15455,1.1544,1.15454
2026-08-06 07:25:00+00:00,1.15453,1.15453,1.15429,1.15442
2026-08-06 07:30:00+00:00,1.15445,1.15455,1.1544,1.15446
2026-08-06 07:35:00+00:00,1.15449,1.15453,1.15435,1.15438
2026-08-06 07:40:00+00:00,1.15441,1.15456,1.15433,1.15455
2026-08-06 07:45:00+00:00,1.15452,1.15456,1.15411,1.15414
2026-08-06 07:50:00+00:00,1.15419,1.15443,1.15413,1.1544
2026-08-06 07:55:00+00:00,1.15435,1.15453,1.15435,1.1544
2026-08-06 08:00:00+00:00,1.15445,1.15464,1.15404,1.15424
2026-08-06 08:05:00+00:00,1.15422,1.15441,1.15416,1.15438
2026-08-06 08:10:00+00:00,1.15433,1.15454,1.15432,1.1545
2026-08-06 08:15:00+00:00,1.15449,1.15449,1.15427,1.15437
2026-08-06 08:20:00+00:00,1.15434,1.15449,1.15421,1.15427
2026-08-06 08:25:00+00:00,1.15436,1.15436,1.15407,1.15411
2026-08-06 08:30:00+00:00,1.15419,1.15424,1.15403,1.15404
2026-08-06 08:35:00+00:00,1.15408,1.15435,1.15408,1.15416
2026-08-06 08:40:00+00:00,1.15414,1.15448,1.15407,1.15438
2026-08-06 08:45:00+00:00,1.15437,1.15437,1.15415,1.15417
2026-08-06 08:50:00+00:00,1.1542,1.15431,1.15415,1.15427
2026-08-06 08:55:00+00:00,1.15424,1.15438,1.15421,1.15435
2026-08-06 09:00:00+00:00,1.15433,1.15436,1.15417,1.15432
2026-08-06 09:05:00+00:00,1.1543,1.15442,1.15415,1.15422
2026-08-06 09:10:00+00:00,1.15433,1.15437,1.15404,1.15436
2026-08-06 09:15:00+00:00,1.15434,1.15437,1.15403,1.15407
2026-08-06 09:20:00+00:00,1.15409,1.15433,1.15407,1.15425
2026-08-06 09:25:00+00:00,1.15427,1.1543,1.15412,1.15421
2026-08-06 09:30:00+00:00,1.15423,1.15436,1.15411,1.15417
2026-08-06 09:35:00+00:00,1.15429,1.15429,1.15384,1.15392
2026-08-06 09:40:00+00:00,1.15388,1.1541,1.15375,1.15384
2026-08-06 09:45:00+00:00,1.1538,1.15393,1.15371,1.1538
2026-08-06 09:50:00+00:00,1.15382,1.15405,1.15382,1.15396
2026-08-06 09:55:00+00:00,1.15396,1.15403,1.15385,1.15389
2026-08-06 10:00:00+00:00,1.15396,1.15396,1.15379,1.15381
2026-08-06 10:05:00+00:00,1.15384,1.15401,1.1538,1.1539
2026-08-06 10:10:00+00:00,1.15392,1.15411,1.15371,1.15378
2026-08-06 10:15:00+00:00,1.15392,1.15392,1.15366,1.15369
2026-08-06 10:20:00+00:00,1.15369,1.154,1.1536,1.1539
2026-08-06 10:25:00+00:00,1.15389,1.15422,1.15389,1.15416
2026-08-06 10:30:00+00:00,1.15409,1.1543,1.15409,1.15427
2026-08-06 10:35:00+00:00,1.15426,1.15426,1.15412,1.15421
2026-08-06 10:40:00+00:00,1.15418,1.1542,1.15405,1.1541
2026-08-06 10:45:00+00:00,1.15409,1.15424,1.15405,1.15419
2026-08-06 10:50:00+00:00,1.15413,1.15423,1.15393,1.15398
2026-08-06 10:55:00+00:00,1.15406,1.15413,1.15395,1.15412
2026-08-06 11:00:00+00:00,1.15409,1.15443,1.154,1.1544
2026-08-06 11:05:00+00:00,1.15439,1.15453,1.15421,1.15452
2026-08-06 11:10:00+00:00,1.15451,1.15454,1.15433,1.15437
2026-08-06 11:15:00+00:00,1.15442,1.15444,1.15423,1.15443
2026-08-06 11:20:00+00:00,1.1544,1.15452,1.15429,1.15449
2026-08-06 11:25:00+00:00,1.15444,1.15471,1.15444,1.15468
2026-08-06 11:30:00+00:00,1.15465,1.1548,1.15432,1.15452
2026-08-06 11:35:00+00:00,1.15449,1.15449,1.15403,1.15407
2026-08-06 11:40:00+00:00,1.15413,1.15413,1.15391,1.15392
2026-08-06 11:45:00+00:00,1.15394,1.15397,1.15382,1.15387
2026-08-06 11:50:00+00:00,1.15388,1.15429,1.15388,1.15426
2026-08-06 11:55:00+00:00,1.15424,1.15449,1.15413,1.15448
2026-08-06 12:00:00+00:00,1.15445,1.15454,1.15435,1.15452
2026-08-06 12:05:00+00:00,1.15447,1.15457,1.15413,1.15418
2026-08-06 12:10:00+00:00,1.15426,1.15426,1.15396,1.15398
2026-08-06 12:15:00+00:00,1.154,1.15427,1.15396,1.15425
2026-08-06 12:20:00+00:00,1.15423,1.1543,1.15413,1.15417
2026-08-06 12:25:00+00:00,1.15423,1.15438,1.15413,1.15436
2026-08-06 12:30:00+00:00,1.15433,1.15445,1.15416,1.1544
2026-08-06 12:35:00+00:00,1.15425,1.15455,1.15416,1.15418
2026-08-06 12:40:00+00:00,1.15421,1.15435,1.15405,1.15432
2026-08-06 12:45:00+00:00,1.15427,1.1543,1.15387,1.15392
2026-08-06 12:50:00+00:00,1.15398,1.15403,1.15376,1.15399
2026-08-06 12:55:00+00:00,1.1539,1.15408,1.15387,1.15406
2026-08-06 13:00:00+00:00,1.15404,1.1541,1.15387,1.15406
2026-08-06 13:05:00+00:00,1.15401,1.15409,1.15374,1.1538
2026-08-06 13:10:00+00:00,1.15389,1.15389,1.15362,1.15379
2026-08-06 13:15:00+00:00,1.15376,1.15388,1.15364,1.15374
2026-08-06 13:20:00+00:00,1.15374,1.15411,1.15374,1.15399
2026-08-06 13:25:00+00:00,1.15402,1.15415,1.15378,1.15402
2026-08-06 13:30:00+00:00,1.15399,1.15399,1.15377,1.15398
2026-08-06 13:35:00+00:00,1.15393,1.15418,1.15393,1.15415
2026-08-06 13:40:00+00:00,1.15406,1.15435,1.15406,1.15427
2026-08-06 13:45:00+00:00,1.15426,1.15428,1.15396,1.15402
2026-08-06 13:50:00+00:00,1.15411,1.15442,1.15393,1.1544
2026-08-06 13:55:00+00:00,1.15434,1.15449,1.15417,1.15434
2026-08-06 14:00:00+00:00,1.15438,1.15438,1.15407,1.15409
2026-08-06 14:05:00+00:00,1.15413,1.15422,1.15358,1.15365
2026-08-06 14:10:00+00:00,1.15376,1.15376,1.15336,1.15339
2026-08-06 14:15:00+00:00,1.15339,1.15387,1.15339,1.15387
2026-08-06 14:20:00+00:00,1.15384,1.15388,1.15348,1.15373
2026-08-06 14:25:00+00:00,1.15367,1.15375,1.15346,1.15347
2026-08-06 14:30:00+00:00,1.15349,1.15363,1.15348,1.15359
2026-08-06 14:35:00+00:00,1.15355,1.15372,1.15355,1.15372
2026-08-06 14:40:00+00:00,1.15372,1.15372,1.15335,1.15364
2026-08-06 14:45:00+00:00,1.1536,1.15371,1.1533,1.15334
2026-08-06 14:50:00+00:00,1.1534,1.1534,1.15311,1.15329
2026-08-06 14:55:00+00:00,1.15325,1.15356,1.15324,1.15354
2026-08-06 15:00:00+00:00,1.15349,1.1536,1.1533,1.15342
2026-08-06 15:05:00+00:00,1.15339,1.15356,1.15335,1.1534
2026-08-06 15:10:00+00:00,1.15349,1.15349,1.15286,1.15292
2026-08-06 15:15:00+00:00,1.15304,1.15304,1.15242,1.15246
2026-08-06 15:20:00+00:00,1.15254,1.15254,1.15212,1.15215
2026-08-06 15:25:00+00:00,1.15223,1.1526,1.15215,1.15239
2026-08-06 15:30:00+00:00,1.15241,1.15243,1.15225,1.15235
2026-08-06 15:35:00+00:00,1.15234,1.15234,1.15202,1.15211
2026-08-06 15:40:00+00:00,1.1521,1.1523,1.15201,1.15216
2026-08-06 15:45:00+00:00,1.15219,1.15244,1.15219,1.1524
2026-08-06 15:50:00+00:00,1.1524,1.15254,1.15207,1.15233
2026-08-06 15:55:00+00:00,1.15235,1.15235,1.15197,1.15226
2026-08-06 16:00:00+00:00,1.15224,1.15224,1.15195,1.15216
2026-08-06 16:05:00+00:00,1.15214,1.15222,1.15211,1.15221
2026-08-06 16:10:00+00:00,1.15218,1.15221,1.15195,1.152
2026-08-06 16:15:00+00:00,1.15208,1.15221,1.15161,1.15165
2026-08-06 16:20:00+00:00,1.15167,1.15169,1.1515,1.15166
2026-08-06 16:25:00+00:00,1.15162,1.15192,1.15162,1.1519
2026-08-06 16:30:00+00:00,1.15185,1.152,1.15185,1.15188
2026-08-06 16:35:00+00:00,1.15188,1.15208,1.15183,1.15205
2026-08-06 16:40:00+00:00,1.15199,1.15206,1.1517,1.15175
2026-08-06 16:45:00+00:00,1.15182,1.15194,1.15176,1.15191
2026-08-06 16:50:00+00:00,1.15189,1.15214,1.15189,1.15212
2026-08-06 16:55:00+00:00,1.15204,1.15225,1.15201,1.15209
2026-08-06 17:00:00+00:00,1.15205,1.15222,1.15205,1.15221
2026-08-06 17:05:00+00:00,1.15218,1.15218,1.15198,1.152
2026-08-06 17:10:00+00:00,1.15202,1.15222,1.15195,1.15198
2026-08-06 17:15:00+00:00,1.15199,1.15201,1.1518,1.15183
2026-08-06 17:20:00+00:00,1.15188,1.15209,1.15185,1.15208
2026-08-06 17:25:00+00:00,1.15205,1.15207,1.15194,1.152
2026-08-06 17:30:00+00:00,1.15198,1.15202,1.1519,1.15202
2026-08-06 17:35:00+00:00,1.15198,1.15208,1.15177,1.15193
2026-08-06 17:40:00+00:00,1.15188,1.15196,1.15188,1.15191
2026-08-06 17:45:00+00:00,1.15192,1.15212,1.15187,1.1521
2026-08-06 17:50:00+00:00,1.15207,1.15227,1.15202,1.15226
2026-08-06 17:55:00+00:00,1.15223,1.15232,1.15215,1.1523
2026-08-06 18:00:00+00:00,1.15226,1.15238,1.15223,1.15236
2026-08-06 18:05:00+00:00,1.15233,1.15248,1.1523,1.15245
2026-08-06 18:10:00+00:00,1.15243,1.15248,1.15233,1.15247
2026-08-06 18:15:00+00:00,1.15245,1.15245,1.15233,1.15235
2026-08-06 18:20:00+00:00,1.15238,1.15238,1.15225,1.15226
2026-08-06 18:25:00+00:00,1.15228,1.15229,1.15221,1.15226
2026-08-06 18:30:00+00:00,1.15224,1.15233,1.15223,1.15232
2026-08-06 18:35:00+00:00,1.1523,1.15234,1.15222,1.15222
2026-08-06 18:40:00+00:00,1.15223,1.15228,1.15217,1.15222
2026-08-06 18:45:00+00:00,1.15222,1.15241,1.15222,1.15238
2026-08-06 18:50:00+00:00,1.15236,1.15239,1.15218,1.15226
2026-08-06 18:55:00+00:00,1.15223,1.15244,1.15222,1.15234
2026-08-06 19:00:00+00:00,1.15238,1.15256,1.15235,1.15253
2026-08-06 19:05:00+00:00,1.15249,1.15259,1.15249,1.15256
2026-08-06 19:10:00+00:00,1.15254,1.15258,1.15226,1.15228
2026-08-06 19:15:00+00:00,1.1523,1.15236,1.15227,1.15231
2026-08-06 19:20:00+00:00,1.15231,1.15239,1.15224,1.15227
2026-08-06 19:25:00+00:00,1.15231,1.15235,1.15174,1.1519
2026-08-06 19:30:00+00:00,1.15187,1.15209,1.15184,1.15203
2026-08-06 19:35:00+00:00,1.15204,1.15206,1.15197,1.15201
2026-08-06 19:40:00+00:00,1.152,1.15202,1.15186,1.15193
2026-08-06 19:45:00+00:00,1.1519,1.152,1.15186,1.15196
2026-08-06 19:50:00+00:00,1.15191,1.15251,1.15191,1.15247
2026-08-06 19:55:00+00:00,1.15238,1.15254,1.15222,1.15226
2026-08-06 20:00:00+00:00,1.1523,1.15237,1.15223,1.15229
2026-08-06 20:05:00+00:00,1.15231,1.15243,1.15222,1.15227
2026-08-06 20:10:00+00:00,1.15235,1.15235,1.1521,1.15217
2026-08-06 20:15:00+00:00,1.15216,1.15216,1.15202,1.15204
2026-08-06 20:20:00+00:00,1.1521,1.15215,1.15195,1.15196
2026-08-06 20:25:00+00:00,1.15198,1.15202,1.15187,1.152
2026-08-06 20:30:00+00:00,1.15195,1.15219,1.15193,1.15218
2026-08-06 20:35:00+00:00,1.15214,1.15225,1.15211,1.1522
2026-08-06 20:40:00+00:00,1.1522,1.15222,1.15205,1.1522
2026-08-06 20:45:00+00:00,1.15216,1.15235,1.15216,1.15232
2026-08-06 20:50:00+00:00,1.1523,1.15233,1.15222,1.15229
2026-08-06 20:55:00+00:00,1.15228,1.15247,1.15221,1.15244
2026-08-06 21:00:00+00:00,1.15241,1.15264,1.15225,1.15227
2026-08-06 21:05:00+00:00,1.15231,1.15247,1.15225,1.15231
2026-08-06 21:10:00+00:00,1.15228,1.15237,1.15228,1.15236
2026-08-06 21:15:00+00:00,1.15233,1.15237,1.15223,1.15225
2026-08-06 21:20:00+00:00,1.15227,1.15238,1.15223,1.15231
2026-08-06 21:25:00+00:00,1.1523,1.15237,1.15206,1.15236
2026-08-06 21:30:00+00:00,1.15231,1.15231,1.15213,1.1522
2026-08-06 21:35:00+00:00,1.15219,1.15228,1.15212,1.15224
2026-08-06 21:40:00+00:00,1.15224,1.15224,1.15201,1.15216
2026-08-06 21:45:00+00:00,1.15214,1.15215,1.15202,1.15209
2026-08-06 21:50:00+00:00,1.15207,1.15215,1.15199,1.15207
2026-08-06 21:55:00+00:00,1.15206,1.15222,1.15197,1.1522
2026-08-06 22:00:00+00:00,1.15216,1.15223,1.15209,1.15219
2026-08-06 22:05:00+00:00,1.15218,1.15222,1.15211,1.15217
2026-08-06 22:10:00+00:00,1.15212,1.15222,1.15209,1.1521
2026-08-06 22:15:00+00:00,1.15211,1.15227,1.15211,1.15225
2026-08-06 22:20:00+00:00,1.15222,1.15228,1.15217,1.15219
2026-08-06 22:25:00+00:00,1.15222,1.15227,1.15218,1.15226
2026-08-06 22:30:00+00:00,1.15223,1.15228,1.15219,1.15224
2026-08-06 22:35:00+00:00,1.15223,1.15231,1.15218,1.15222
2026-08-06 22:40:00+00:00,1.15224,1.15229,1.15222,1.15225
2026-08-06 22:45:00+00:00,1.15223,1.1523,1.1522,1.15229
2026-08-06 22:50:00+00:00,1.15227,1.15229,1.15218,1.15219
2026-08-06 22:55:00+00:00,1.15221,1.15227,1.15217,1.15225
2026-08-06 23:00:00+00:00,1.15222,1.15231,1.15218,1.15228
2026-08-06 23:05:00+00:00,1.15226,1.15234,1.15223,1.15233
2026-08-06 23:10:00+00:00,1.1523,1.15237,1.15228,1.15233
2026-08-06 23:15:00+00:00,1.15232,1.15242,1.1523,1.15231
2026-08-06 23:20:00+00:00,1.15233,1.15236,1.15227,1.15233
2026-08-06 23:25:00+00:00,1.15232,1.15243,1.15227,1.15236
2026-08-06 23:30:00+00:00,1.15234,1.15237,1.15225,1.15226
2026-08-06 23:35:00+00:00,1.15227,1.15236,1.15226,1.15234
2026-08-06 23:40:00+00:00,1.15231,1.15244,1.15223,1.15242
2026-08-06 23:45:00+00:00,1.15239,1.15247,1.15235,1.15246
2026-08-06 23:50:00+00:00,1.15244,1.15244,1.15235,1.15243
2026-08-06 23:55:00+00:00,1.1524,1.15248,1.15235,1.1524
2026-08-07 00:00:00+00:00,1.15241,1.1525,1.1523,1.1524
2026-08-07 00:05:00+00:00,1.15238,1.15238,1.15229,1.15232
2026-08-07 00:10:00+00:00,1.15229,1.15237,1.15209,1.15213
2026-08-07 00:15:00+00:00,1.15214,1.15218,1.15205,1.15217
2026-08-07 00:20:00+00:00,1.15215,1.15216,1.15208,1.15213
2026-08-07 00:25:00+00:00,1.15211,1.15225,1.15207,1.15224
2026-08-07 00:30:00+00:00,1.15222,1.15228,1.15215,1.15222
2026-08-07 00:35:00+00:00,1.15222,1.15224,1.1521,1.15211
2026-08-07 00:40:00+00:00,1.15213,1.15215,1.15207,1.15212
2026-08-07 00:45:00+00:00,1.1521,1.15216,1.15209,1.15213
2026-08-07 00:50:00+00:00,1.15211,1.15223,1.15208,1.1521
2026-08-07 00:55:00+00:00,1.15212,1.15213,1.15185,1.15196
2026-08-07 01:00:00+00:00,1.15194,1.15204,1.15187,1.15189
2026-08-07 01:05:00+00:00,1.15192,1.15215,1.1519,1.15213
2026-08-07 01:10:00+00:00,1.15208,1.15229,1.15206,1.15227
2026-08-07 01:15:00+00:00,1.15224,1.15228,1.15207,1.15218
2026-08-07 01:20:00+00:00,1.15217,1.15224,1.15211,1.15221
2026-08-07 01:25:00+00:00,1.15219,1.15224,1.15215,1.15224
2026-08-07 01:30:00+00:00,1.15222,1.15223,1.15206,1.15216
2026-08-07 01:35:00+00:00,1.15212,1.15224,1.1521,1.15223
2026-08-07 01:40:00+00:00,1.15222,1.15249,1.1522,1.15248
2026-08-07 01:45:00+00:00,1.15242,1.15254,1.15229,1.15232
2026-08-07 01:50:00+00:00,1.15232,1.15234,1.15221,1.15228
2026-08-07 01:55:00+00:00,1.15226,1.15229,1.15215,1.15221
2026-08-07 02:00:00+00:00,1.15221,1.15234,1.15216,1.15232
2026-08-07 02:05:00+00:00,1.15229,1.15229,1.15217,1.15221
2026-08-07 02:10:00+00:00,1.15219,1.1523,1.15215,1.15227
2026-08-07 02:15:00+00:00,1.15225,1.15225,1.1521,1.15211
2026-08-07 02:20:00+00:00,1.15212,1.15229,1.15204,1.15227
2026-08-07 02:25:00+00:00,1.15223,1.15235,1.15221,1.15231
2026-08-07 02:30:00+00:00,1.1523,1.1523,1.15213,1.15215
2026-08-07 02:35:00+00:00,1.15218,1.15223,1.15211,1.15215
2026-08-07 02:40:00+00:00,1.15215,1.15227,1.15215,1.15225
2026-08-07 02:45:00+00:00,1.15223,1.15236,1.15209,1.15234
2026-08-07 02:50:00+00:00,1.15229,1.15239,1.15223,1.15225
2026-08-07 02:55:00+00:00,1.15228,1.15229,1.1521,1.15213
2026-08-07 03:00:00+00:00,1.15218,1.15228,1.15213,1.15226
2026-08-07 03:05:00+00:00,1.15223,1.15225,1.15207,1.15213
2026-08-07 03:10:00+00:00,1.15212,1.15215,1.15198,1.15213
2026-08-07 03:15:00+00:00,1.15211,1.15214,1.15206,1.1521
2026-08-07 03:20:00+00:00,1.1521,1.15217,1.1521,1.15214
2026-08-07 03:25:00+00:00,1.1521,1.15223,1.1521,1.1522
2026-08-07 03:30:00+00:00,1.15219,1.15225,1.15207,1.15223
2026-08-07 03:35:00+00:00,1.15219,1.15224,1.15215,1.15221
2026-08-07 03:40:00+00:00,1.1522,1.15221,1.15209,1.15217
2026-08-07 03:45:00+00:00,1.15215,1.15223,1.15207,1.15222
2026-08-07 03:50:00+00:00,1.1522,1.15228,1.15211,1.15213
2026-08-07 03:55:00+00:00,1.15218,1.15236,1.15218,1.15231
2026-08-07 04:00:00+00:00,1.15229,1.15237,1.15225,1.15236
2026-08-07 04:05:00+00:00,1.15233,1.15233,1.15218,1.15224
2026-08-07 04:10:00+00:00,1.15222,1.15226,1.15217,1.15219
2026-08-07 04:15:00+00:00,1.15221,1.15227,1.15217,1.15225
2026-08-07 04:20:00+00:00,1.15223,1.15235,1.15217,1.15233
2026-08-07 04:25:00+00:00,1.15231,1.15235,1.15215,1.15226
2026-08-07 04:30:00+00:00,1.1522,1.1524,1.1522,1.15233
2026-08-07 04:35:00+00:00,1.15234,1.15238,1.15226,1.15232
2026-08-07 04:40:00+00:00,1.15231,1.15235,1.15222,1.15234
2026-08-07 04:45:00+00:00,1.1523,1.15246,1.15226,1.15229
2026-08-07 04:50:00+00:00,1.15231,1.15244,1.15227,1.15236
2026-08-07 04:55:00+00:00,1.1524,1.15248,1.15237,1.15245
2026-08-07 05:00:00+00:00,1.15243,1.15244,1.15235,1.15243
2026-08-07 05:05:00+00:00,1.1524,1.15249,1.15238,1.15246
2026-08-07 05:10:00+00:00,1.15241,1.15257,1.15241,1.15251
2026-08-07 05:15:00+00:00,1.15253,1.15256,1.15233,1.15237
2026-08-07 05:20:00+00:00,1.15241,1.15242,1.15226,1.15231
2026-08-07 05:25:00+00:00,1.15229,1.15236,1.15222,1.1523
2026-08-07 05:30:00+00:00,1.1523,1.15234,1.15211,1.15229
2026-08-07 05:35:00+00:00,1.15224,1.15245,1.15223,1.15242
2026-08-07 05:40:00+00:00,1.1524,1.15245,1.15231,1.15242
2026-08-07 05:45:00+00:00,1.1524,1.15243,1.15223,1.15228
2026-08-07 05:50:00+00:00,1.15228,1.15251,1.15228,1.15241
2026-08-07 05:55:00+00:00,1.15241,1.15243,1.15226,1.15232
2026-08-07 06:00:00+00:00,1.1523,1.15238,1.15215,1.1522
2026-08-07 06:05:00+00:00,1.15226,1.15235,1.15206,1.15216
2026-08-07 06:10:00+00:00,1.1522,1.15236,1.15218,1.1523
2026-08-07 06:15:00+00:00,1.15231,1.15243,1.15211,1.15227
2026-08-07 06:20:00+00:00,1.15225,1.15245,1.15223,1.15244
2026-08-07 06:25:00+00:00,1.15239,1.1525,1.15231,1.15234
2026-08-07 06:30:00+00:00,1.15239,1.15241,1.15227,1.1523
2026-08-07 06:35:00+00:00,1.15234,1.15242,1.15226,1.15239
2026-08-07 06:40:00+00:00,1.15238,1.15238,1.15215,1.15226
2026-08-07 06:45:00+00:00,1.15224,1.15233,1.15216,1.15231
2026-08-07 06:50:00+00:00,1.15229,1.15245,1.15219,1.15243
2026-08-07 06:55:00+00:00,1.15241,1.1525,1.15219,1.15225
2026-08-07 07:00:00+00:00,1.1523,1.1523,1.15199,1.1521
2026-08-07 07:05:00+00:00,1.15207,1.15218,1.15172,1.15216
2026-08-07 07:10:00+00:00,1.15212,1.15236,1.15207,1.15235
2026-08-07 07:15:00+00:00,1.15233,1.15254,1.15225,1.1525
2026-08-07 07:20:00+00:00,1.15242,1.15242,1.15221,1.15224
2026-08-07 07:25:00+00:00,1.15224,1.15236,1.15221,1.15234
2026-08-07 07:30:00+00:00,1.1523,1.15235,1.15209,1.15213
2026-08-07 07:35:00+00:00,1.1522,1.15221,1.15202,1.15218
2026-08-07 07:40:00+00:00,1.15215,1.15217,1.15199,1.15212
2026-08-07 07:45:00+00:00,1.15211,1.15221,1.15203,1.15218
2026-08-07 07:50:00+00:00,1.15214,1.15226,1.15211,1.15225
2026-08-07 07:55:00+00:00,1.15222,1.15235,1.15221,1.15232
2026-08-07 08:00:00+00:00,1.1523,1.15231,1.15205,1.15214
2026-08-07 08:05:00+00:00,1.15212,1.15226,1.15206,1.15209
2026-08-07 08:10:00+00:00,1.15214,1.15215,1.15186,1.15193
2026-08-07 08:15:00+00:00,1.15192,1.15212,1.15184,1.15207
2026-08-07 08:20:00+00:00,1.15202,1.15215,1.15197,1.15205
2026-08-07 08:25:00+00:00,1.15207,1.15208,1.15197,1.15199
2026-08-07 08:30:00+00:00,1.15202,1.15221,1.15191,1.15217
2026-08-07 08:35:00+00:00,1.1521,1.15225,1.15206,1.15224
2026-08-07 08:40:00+00:00,1.15219,1.15242,1.15219,1.15232
2026-08-07 08:45:00+00:00,1.15232,1.15267,1.15223,1.15227
2026-08-07 08:50:00+00:00,1.15234,1.15246,1.15224,1.15243
2026-08-07 08:55:00+00:00,1.15243,1.15253,1.15231,1.15243
2026-08-07 09:00:00+00:00,1.1524,1.15253,1.1523,1.15251
2026-08-07 09:05:00+00:00,1.1525,1.15256,1.15236,1.15251
2026-08-07 09:10:00+00:00,1.15245,1.15291,1.15245,1.15289
2026-08-07 09:15:00+00:00,1.15286,1.15296,1.15282,1.15294
2026-08-07 09:20:00+00:00,1.15291,1.15296,1.15283,1.15293
2026-08-07 09:25:00+00:00,1.15292,1.15295,1.15267,1.15272
2026-08-07 09:30:00+00:00,1.1528,1.1528,1.1526,1.15273
2026-08-07 09:35:00+00:00,1.15272,1.15272,1.15259,1.15266
2026-08-07 09:40:00+00:00,1.15263,1.15285,1.15259,1.15281
2026-08-07 09:45:00+00:00,1.1528,1.15291,1.15275,1.15279
2026-08-07 09:50:00+00:00,1.15284,1.15306,1.15284,1.15304
2026-08-07 09:55:00+00:00,1.15302,1.15315,1.1529,1.15293
2026-08-07 10:00:00+00:00,1.15295,1.15295,1.15274,1.15276
2026-08-07 10:05:00+00:00,1.15278,1.1529,1.15272,1.15276
2026-08-07 10:10:00+00:00,1.15279,1.1528,1.15263,1.15272
2026-08-07 10:15:00+00:00,1.1527,1.15287,1.15264,1.15268
2026-08-07 10:20:00+00:00,1.15269,1.15288,1.15262,1.1528
2026-08-07 10:25:00+00:00,1.15281,1.15282,1.15267,1.15268
2026-08-07 10:30:00+00:00,1.15271,1.15285,1.15271,1.15283
2026-08-07 10:35:00+00:00,1.15281,1.15284,1.15268,1.15283
2026-08-07 10:40:00+00:00,1.1528,1.15285,1.15264,1.15266
2026-08-07 10:45:00+00:00,1.15269,1.15283,1.1526,1.15279
2026-08-07 10:50:00+00:00,1.15274,1.15298,1.15272,1.15275
2026-08-07 10:55:00+00:00,1.15275,1.15282,1.15272,1.15276
2026-08-07 11:00:00+00:00,1.15278,1.15296,1.15274,1.15283
2026-08-07 11:05:00+00:00,1.15287,1.15299,1.15272,1.15292
2026-08-07 11:10:00+00:00,1.15285,1.15305,1.15285,1.15292
2026-08-07 11:15:00+00:00,1.15291,1.15291,1.15278,1.15287
2026-08-07 11:20:00+00:00,1.15285,1.15298,1.15274,1.15278
2026-08-07 11:25:00+00:00,1.15284,1.15284,1.15268,1.15273
2026-08-07 11:30:00+00:00,1.15275,1.15296,1.15263,1.15294
2026-08-07 11:35:00+00:00,1.15288,1.15302,1.15287,1.153
2026-08-07 11:40:00+00:00,1.15294,1.15324,1.15294,1.15321
2026-08-07 11:45:00+00:00,1.15315,1.1533,1.15315,1.15316
2026-08-07 11:50:00+00:00,1.1532,1.15335,1.15316,1.15326
2026-08-07 11:55:00+00:00,1.15324,1.15331,1.15312,1.1533
2026-08-07 12:00:00+00:00,1.15327,1.1537,1.15318,1.15369
2026-08-07 12:05:00+00:00,1.15366,1.15368,1.15346,1.15348
2026-08-07 12:10:00+00:00,1.15353,1.15379,1.15343,1.15358
2026-08-07 12:15:00+00:00,1.1537,1.1537,1.15331,1.15342
2026-08-07 12:20:00+00:00,1.1534,1.1534,1.15318,1.15332
2026-08-07 12:25:00+00:00,1.1533,1.1533,1.15287,1.15291
2026-08-07 12:30:00+00:00,1.15298,1.15697,1.1525,1.15599
2026-08-07 12:35:00+00:00,1.15596,1.15709,1.15596,1.15691
2026-08-07 12:40:00+00:00,1.15655,1.15761,1.15655,1.15757
2026-08-07 12:45:00+00:00,1.15751,1.15802,1.15739,1.15797
2026-08-07 12:50:00+00:00,1.15795,1.15798,1.15746,1.15772
2026-08-07 12:55:00+00:00,1.15757,1.15786,1.15717,1.1572
2026-08-07 13:00:00+00:00,1.15722,1.15737,1.15695,1.157
2026-08-07 13:05:00+00:00,1.15709,1.15722,1.15675,1.15719
2026-08-07 13:10:00+00:00,1.15714,1.15736,1.1568,1.1573
2026-08-07 13:15:00+00:00,1.15712,1.15753,1.15679,1.15686
2026-08-07 13:20:00+00:00,1.15698,1.15736,1.15663,1.15729
2026-08-07 13:25:00+00:00,1.15719,1.15749,1.15701,1.15706
2026-08-07 13:30:00+00:00,1.15714,1.15735,1.15626,1.15633
2026-08-07 13:35:00+00:00,1.15644,1.15695,1.15629,1.15686
2026-08-07 13:40:00+00:00,1.15664,1.15741,1.15664,1.1574
2026-08-07 13:45:00+00:00,1.15737,1.15737,1.15662,1.1567
2026-08-07 13:50:00+00:00,1.15684,1.15684,1.15636,1.1565
2026-08-07 13:55:00+00:00,1.15647,1.15653,1.15574,1.15578
2026-08-07 14:00:00+00:00,1.15585,1.15585,1.15558,1.15562
2026-08-07 14:05:00+00:00,1.15566,1.15573,1.15527,1.15565
2026-08-07 14:10:00+00:00,1.15553,1.15585,1.15553,1.15575
2026-08-07 14:15:00+00:00,1.15572,1.1564,1.15568,1.15636
2026-08-07 14:20:00+00:00,1.15627,1.15644,1.15616,1.15622
2026-08-07 14:25:00+00:00,1.15631,1.15631,1.15583,1.15599
2026-08-07 14:30:00+00:00,1.15597,1.15597,1.15549,1.15595
2026-08-07 14:35:00+00:00,1.15589,1.15599,1.15572,1.15574
2026-08-07 14:40:00+00:00,1.15577,1.156,1.15536,1.15542
2026-08-07 14:45:00+00:00,1.15549,1.15549,1.15515,1.1552
2026-08-07 14:50:00+00:00,1.15527,1.15553,1.15519,1.15536
2026-08-07 14:55:00+00:00,1.15526,1.15556,1.15526,1.1553
2026-08-07 15:00:00+00:00,1.15532,1.15548,1.15517,1.15518
2026-08-07 15:05:00+00:00,1.15521,1.15562,1.15509,1.15559
2026-08-07 15:10:00+00:00,1.15552,1.15592,1.15552,1.15588
2026-08-07 15:15:00+00:00,1.15575,1.1563,1.15575,1.15625
2026-08-07 15:20:00+00:00,1.15624,1.15639,1.15606,1.15611
2026-08-07 15:25:00+00:00,1.15619,1.15619,1.15574,1.15579
2026-08-07 15:30:00+00:00,1.15586,1.15586,1.15548,1.15561
2026-08-07 15:35:00+00:00,1.15556,1.15604,1.15556,1.15602
2026-08-07 15:40:00+00:00,1.15598,1.1562,1.15596,1.15618
2026-08-07 15:45:00+00:00,1.15615,1.15631,1.15599,1.15603
2026-08-07 15:50:00+00:00,1.15608,1.15608,1.1557,1.15581
2026-08-07 15:55:00+00:00,1.15578,1.15605,1.15572,1.15604
2026-08-07 16:00:00+00:00,1.15603,1.15604,1.15579,1.15603
2026-08-07 16:05:00+00:00,1.156,1.15634,1.15595,1.15633
2026-08-07 16:10:00+00:00,1.1563,1.15639,1.15607,1.15637
2026-08-07 16:15:00+00:00,1.1563,1.15654,1.1563,1.15641
2026-08-07 16:20:00+00:00,1.15643,1.15643,1.15604,1.1561
2026-08-07 16:25:00+00:00,1.15615,1.15637,1.15615,1.15624
2026-08-07 16:30:00+00:00,1.15624,1.1564,1.15622,1.15639
2026-08-07 16:35:00+00:00,1.15636,1.15636,1.15614,1.15631
2026-08-07 16:40:00+00:00,1.15626,1.15639,1.15622,1.15629
2026-08-07 16:45:00+00:00,1.15631,1.15666,1.15607,1.15664
2026-08-07 16:50:00+00:00,1.15659,1.15675,1.15611,1.15616
2026-08-07 16:55:00+00:00,1.15625,1.15625,1.1559,1.15591
2026-08-07 17:00:00+00:00,1.15593,1.15606,1.1558,1.15601
2026-08-07 17:05:00+00:00,1.15602,1.15607,1.15595,1.15604
2026-08-07 17:10:00+00:00,1.15602,1.15612,1.15598,1.15612
2026-08-07 17:15:00+00:00,1.15608,1.1562,1.15596,1.15608
2026-08-07 17:20:00+00:00,1.15603,1.15624,1.15598,1.1562
2026-08-07 17:25:00+00:00,1.15614,1.15629,1.15612,1.15626
2026-08-07 17:30:00+00:00,1.15624,1.15626,1.15602,1.15625
2026-08-07 17:35:00+00:00,1.1562,1.1563,1.15595,1.15627
2026-08-07 17:40:00+00:00,1.15622,1.15635,1.15622,1.15628
2026-08-07 17:45:00+00:00,1.15632,1.15634,1.15619,1.15631
2026-08-07 17:50:00+00:00,1.1563,1.15636,1.15618,1.15635
2026-08-07 17:55:00+00:00,1.15633,1.15637,1.15615,1.15621
2026-08-07 18:00:00+00:00,1.1562,1.15622,1.1559,1.15591
2026-08-07 18:05:00+00:00,1.15594,1.15624,1.15585,1.15616
2026-08-07 18:10:00+00:00,1.15614,1.15633,1.15614,1.1562
2026-08-07 18:15:00+00:00,1.15622,1.15628,1.15612,1.15615
2026-08-07 18:20:00+00:00,1.15621,1.15621,1.156,1.15616
2026-08-07 18:25:00+00:00,1.15614,1.1563,1.15607,1.15628
2026-08-07 18:30:00+00:00,1.15626,1.15636,1.15618,1.15636
2026-08-07 18:35:00+00:00,1.15633,1.15642,1.15633,1.1564
2026-08-07 18:40:00+00:00,1.15637,1.15643,1.15634,1.1564
2026-08-07 18:45:00+00:00,1.15641,1.15661,1.15635,1.15658
2026-08-07 18:50:00+00:00,1.15655,1.15665,1.15652,1.15661
2026-08-07 18:55:00+00:00,1.15659,1.1566,1.15642,1.15645
2026-08-07 19:00:00+00:00,1.1565,1.1567,1.15643,1.15653
2026-08-07 19:05:00+00:00,1.15659,1.15664,1.1565,1.15658
2026-08-07 19:10:00+00:00,1.15656,1.15667,1.15636,1.15642
2026-08-07 19:15:00+00:00,1.1565,1.15678,1.15639,1.1565
2026-08-07 19:20:00+00:00,1.15656,1.1569,1.15651,1.15687
2026-08-07 19:25:00+00:00,1.15682,1.15703,1.1568,1.15702
2026-08-07 19:30:00+00:00,1.15698,1.157,1.15686,1.15696
2026-08-07 19:35:00+00:00,1.15694,1.15696,1.15676,1.15677
2026-08-07 19:40:00+00:00,1.15681,1.15683,1.15663,1.15679
2026-08-07 19:45:00+00:00,1.15677,1.15677,1.15656,1.1567
2026-08-07 19:50:00+00:00,1.15667,1.15667,1.15639,1.15643
2026-08-07 19:55:00+00:00,1.15649,1.15649,1.15611,1.15618
2026-08-07 20:00:00+00:00,1.15618,1.15618,1.15608,1.15609
2026-08-07 20:05:00+00:00,1.15611,1.15615,1.15594,1.15596
2026-08-07 20:10:00+00:00,1.15598,1.156,1.15587,1.15588
2026-08-07 20:15:00+00:00,1.15587,1.15597,1.15574,1.15577
2026-08-07 20:20:00+00:00,1.1558,1.15583,1.15567,1.15572
2026-08-07 20:25:00+00:00,1.15572,1.15575,1.15562,1.15574
2026-08-07 20:30:00+00:00,1.15571,1.15573,1.15558,1.15565
2026-08-07 20:35:00+00:00,1.15563,1.15587,1.15562,1.15585
2026-08-07 20:40:00+00:00,1.15582,1.15595,1.15575,1.15577
2026-08-07 20:45:00+00:00,1.1558,1.15586,1.15566,1.15584
2026-08-07 20:50:00+00:00,1.15578,1.15578,1.15567,1.15577
2026-08-07 20:55:00+00:00,1.15575,1.15598,1.15575,1.15596
2026-08-07 21:00:00+00:00,1.15592,1.15615,1.15574,1.15589
2026-08-07 21:05:00+00:00,1.15596,1.15604,1.15583,1.15594
2026-08-07 21:10:00+00:00,1.15591,1.15597,1.15583,1.15595
2026-08-07 21:15:00+00:00,1.15594,1.15598,1.15583,1.15584
2026-08-07 21:20:00+00:00,1.15588,1.15597,1.15584,1.15591
2026-08-07 21:25:00+00:00,1.15588,1.15595,1.15588,1.15592
2026-08-07 21:30:00+00:00,1.15589,1.15598,1.15587,1.15596
2026-08-07 21:35:00+00:00,1.15592,1.15596,1.1559,1.15591
2026-08-07 21:40:00+00:00,1.15591,1.156,1.15586,1.15592
2026-08-07 21:45:00+00:00,1.15592,1.15596,1.15582,1.15595
2026-08-07 21:50:00+00:00,1.15592,1.15599,1.15582,1.15594
2026-08-07 21:55:00+00:00,1.15591,1.15597,1.15576,1.15591
2026-08-07 22:00:00+00:00,1.15592,1.15597,1.15587,1.15593
2026-08-07 22:05:00+00:00,1.15592,1.15596,1.15587,1.15594
2026-08-07 22:10:00+00:00,1.15592,1.15597,1.15587,1.15592
2026-08-07 22:15:00+00:00,1.15592,1.15597,1.15587,1.15591
2026-08-07 22:20:00+00:00,1.15592,1.15597,1.15588,1.15593
2026-08-07 22:25:00+00:00,1.15592,1.15596,1.15588,1.15594
2026-08-07 22:30:00+00:00,1.15592,1.15597,1.15588,1.15592
2026-08-07 22:35:00+00:00,1.15592,1.15596,1.15588,1.15589
2026-08-07 22:40:00+00:00,1.15592,1.15597,1.15588,1.15594
2026-08-07 22:45:00+00:00,1.15593,1.15596,1.15588,1.15595
2026-08-07 22:50:00+00:00,1.15593,1.15598,1.15588,1.15593
2026-08-07 22:55:00+00:00,1.15593,1.15597,1.15588,1.15589
2026-08-07 23:00:00+00:00,1.15593,1.15598,1.15587,1.15594
2026-08-07 23:05:00+00:00,1.15593,1.15596,1.15588,1.15595
2026-08-07 23:10:00+00:00,1.15593,1.15598,1.15588,1.15593
2026-08-07 23:15:00+00:00,1.15593,1.15597,1.15588,1.15589
2026-08-07 23:20:00+00:00,1.15593,1.15598,1.15587,1.15594
2026-08-07 23:25:00+00:00,1.15593,1.15596,1.15588,1.15595
2026-08-07 23:30:00+00:00,1.15593,1.15598,1.15588,1.15593
2026-08-07 23:35:00+00:00,1.15593,1.15597,1.15588,1.15589
2026-08-07 23:40:00+00:00,1.15593,1.15598,1.15588,1.15594
2026-08-07 23:45:00+00:00,1.15593,1.15596,1.15588,1.15595
2026-08-07 23:50:00+00:00,1.15593,1.15598,1.15588,1.15593
2026-08-07 23:55:00+00:00,1.15593,1.15596,1.15588,1.15589
2026-08-08 00:00:00+00:00,1.15593,1.15622,1.15586,1.15591
2026-08-08 00:05:00+00:00,1.15589,1.15592,1.15587,1.1559
2026-08-08 00:10:00+00:00,1.15587,1.15592,1.15585,1.15586
2026-08-08 00:15:00+00:00,1.15586,1.1559,1.15586,1.15586
2026-08-08 00:20:00+00:00,1.15586,1.15591,1.15584,1.15588
2026-08-08 00:25:00+00:00,1.15586,1.15591,1.15586,1.15589
2026-08-08 00:30:00+00:00,1.15587,1.15591,1.15584,1.15586
2026-08-08 00:35:00+00:00,1.15586,1.15589,1.15585,1.15586
2026-08-08 00:40:00+00:00,1.15586,1.15591,1.15584,1.15588
2026-08-08 00:45:00+00:00,1.15586,1.1559,1.15586,1.15588
2026-08-08 00:50:00+00:00,1.15586,1.15593,1.15585,1.15586
2026-08-08 00:55:00+00:00,1.15587,1.1559,1.15585,1.15586
2026-08-08 01:00:00+00:00,1.15586,1.15591,1.15584,1.15588
2026-08-08 01:05:00+00:00,1.15586,1.15591,1.15586,1.15588
2026-08-08 01:10:00+00:00,1.15586,1.15591,1.15584,1.15586
2026-08-08 01:15:00+00:00,1.15586,1.15594,1.15584,1.15587
2026-08-08 01:20:00+00:00,1.15587,1.15591,1.15585,1.15588
2026-08-08 01:25:00+00:00,1.15586,1.15591,1.15586,1.15588
2026-08-08 01:30:00+00:00,1.15586,1.15591,1.15584,1.15585
2026-08-08 01:35:00+00:00,1.15586,1.1559,1.15585,1.15586
2026-08-08 01:40:00+00:00,1.15586,1.15603,1.15578,1.1559
2026-08-08 01:45:00+00:00,1.15588,1.15591,1.15586,1.15588
2026-08-08 01:50:00+00:00,1.15586,1.15591,1.15584,1.15585
2026-08-08 01:55:00+00:00,1.15586,1.1559,1.15585,1.15586
2026-08-08 02:00:00+00:00,1.15586,1.15591,1.15584,1.15589
2026-08-08 02:05:00+00:00,1.15586,1.15591,1.15586,1.15588
2026-08-08 02:10:00+00:00,1.15587,1.15591,1.15584,1.15585
2026-08-08 02:15:00+00:00,1.15586,1.15591,1.15585,1.15586
2026-08-08 02:20:00+00:00,1.15586,1.15591,1.15584,1.15589
2026-08-08 02:25:00+00:00,1.15586,1.15591,1.15585,1.15588
2026-08-08 02:30:00+00:00,1.15586,1.15592,1.15585,1.15586
2026-08-08 02:35:00+00:00,1.15587,1.15591,1.15585,1.15588
2026-08-08 02:40:00+00:00,1.15586,1.15591,1.15584,1.15589
2026-08-08 02:45:00+00:00,1.15586,1.15591,1.15585,1.15588
2026-08-08 02:50:00+00:00,1.15586,1.15591,1.15585,1.15585
2026-08-08 02:55:00+00:00,1.15586,1.15595,1.15583,1.15587
2026-08-08 03:00:00+00:00,1.15587,1.1559,1.15584,1.15588
2026-08-08 03:05:00+00:00,1.15586,1.15591,1.15584,1.15588
2026-08-08 03:10:00+00:00,1.15586,1.15591,1.15584,1.15585
2026-08-08 03:15:00+00:00,1.15586,1.15591,1.15584,1.15587
2026-08-08 03:20:00+00:00,1.15586,1.15601,1.15582,1.1559
2026-08-08 03:25:00+00:00,1.15588,1.15592,1.15585,1.15588
2026-08-08 03:30:00+00:00,1.15586,1.15591,1.15585,1.15585
2026-08-08 03:35:00+00:00,1.15586,1.15591,1.15584,1.15587
2026-08-08 03:40:00+00:00,1.15586,1.15591,1.15585,1.15589
2026-08-08 03:45:00+00:00,1.15586,1.15592,1.15585,1.15588
2026-08-08 03:50:00+00:00,1.15587,1.15591,1.15585,1.15585
2026-08-08 03:55:00+00:00,1.15586,1.15591,1.15584,1.15587
2026-08-08 04:00:00+00:00,1.15586,1.1559,1.15585,1.15589
2026-08-08 04:05:00+00:00,1.15586,1.15591,1.15584,1.15588
2026-08-08 04:10:00+00:00,1.15586,1.15591,1.15586,1.15586
2026-08-08 04:15:00+00:00,1.15587,1.15591,1.15585,1.15587
2026-08-08 04:20:00+00:00,1.15586,1.1559,1.15585,1.15589
2026-08-08 04:25:00+00:00,1.15586,1.15591,1.15584,1.15589
2026-08-08 04:30:00+00:00,1.15586,1.15591,1.15585,1.15585
2026-08-08 04:35:00+00:00,1.15586,1.15595,1.15582,1.15588
2026-08-08 04:40:00+00:00,1.15587,1.1559,1.15585,1.15589
2026-08-08 04:45:00+00:00,1.15586,1.15591,1.15584,1.15586
2026-08-08 04:50:00+00:00,1.15586,1.15591,1.15585,1.15585
2026-08-08 04:55:00+00:00,1.15586,1.15591,1.15585,1.15588
2026-08-08 05:00:00+00:00,1.15586,1.15599,1.15583,1.1559
2026-08-08 05:05:00+00:00,1.15588,1.15591,1.15585,1.15586
2026-08-08 05:10:00+00:00,1.15586,1.1559,1.15585,1.15585
2026-08-08 05:15:00+00:00,1.15586,1.15591,1.15584,1.15588
2026-08-08 05:20:00+00:00,1.15586,1.15589,1.15585,1.15588
2026-08-08 05:25:00+00:00,1.15586,1.15627,1.15581,1.15587
2026-08-08 05:30:00+00:00,1.15588,1.1559,1.15585,1.15585
2026-08-08 05:35:00+00:00,1.15586,1.15591,1.15584,1.15588
2026-08-08 05:40:00+00:00,1.15586,1.1559,1.15586,1.15588
2026-08-08 05:45:00+00:00,1.15586,1.15591,1.15584,1.15586
2026-08-08 05:50:00+00:00,1.15586,1.15592,1.15586,1.15587
2026-08-08 05:55:00+00:00,1.15587,1.15591,1.15584,1.15588
2026-08-08 06:00:00+00:00,1.15586,1.1559,1.15586,1.15588
2026-08-08 06:05:00+00:00,1.15586,1.15591,1.15584,1.15586
2026-08-08 06:10:00+00:00,1.15586,1.1559,1.15586,1.15586
2026-08-08 06:15:00+00:00,1.15586,1.15593,1.15585,1.1559
2026-08-08 06:20:00+00:00,1.15588,1.1559,1.15586,1.15588
2026-08-08 06:25:00+00:00,1.15586,1.15591,1.15584,1.15586
2026-08-08 06:30:00+00:00,1.15586,1.15589,1.15585,1.15586
2026-08-08 06:35:00+00:00,1.15586,1.15591,1.15584,1.15588
2026-08-08 06:40:00+00:00,1.15586,1.15602,1.15583,1.15588
2026-08-08 06:45:00+00:00,1.15591,1.15591,1.15584,1.15586
2026-08-08 06:50:00+00:00,1.15586,1.1559,1.15585,1.15586
2026-08-08 06:55:00+00:00,1.15586,1.15591,1.15584,1.15588
2026-08-08 07:00:00+00:00,1.15586,1.15591,1.15586,1.15588
2026-08-08 07:05:00+00:00,1.15586,1.15595,1.15582,1.15587
2026-08-08 07:10:00+00:00,1.15587,1.1559,1.15585,1.15586
2026-08-08 07:15:00+00:00,1.15586,1.15591,1.15584,1.15588
2026-08-08 07:20:00+00:00,1.15586,1.15593,1.15586,1.15591
2026-08-08 07:25:00+00:00,1.15589,1.15594,1.15586,1.15587
2026-08-08 07:30:00+00:00,1.15589,1.15594,1.15584,1.15587
2026-08-08 07:35:00+00:00,1.1559,1.15594,1.15586,1.15591
2026-08-08 07:40:00+00:00,1.15589,1.15594,1.15586,1.1559
2026-08-08 07:45:00+00:00,1.15589,1.15594,1.15586,1.15587
2026-08-08 07:50:00+00:00,1.15589,1.15593,1.15586,1.15589
2026-08-08 07:55:00+00:00,1.15589,1.15595,1.15584,1.15593
2026-08-08 08:00:00+00:00,1.1559,1.15594,1.15586,1.1559
2026-08-08 08:05:00+00:00,1.15588,1.15594,1.15586,1.15587
2026-08-08 08:10:00+00:00,1.15589,1.15593,1.15586,1.15589
2026-08-08 08:15:00+00:00,1.15589,1.15594,1.15586,1.15591
2026-08-08 08:20:00+00:00,1.15589,1.15602,1.15582,1.15587
2026-08-08 08:25:00+00:00,1.15592,1.15594,1.15586,1.15587
2026-08-08 08:30:00+00:00,1.15589,1.15593,1.15586,1.15589
2026-08-08 08:35:00+00:00,1.15589,1.15594,1.15586,1.15591
2026-08-08 08:40:00+00:00,1.15589,1.15594,1.15586,1.15591
2026-08-08 08:45:00+00:00,1.15589,1.15596,1.15584,1.15587
2026-08-08 08:50:00+00:00,1.1559,1.15594,1.15586,1.15589
2026-08-08 08:55:00+00:00,1.15589,1.15594,1.15586,1.15591
2026-08-08 09:00:00+00:00,1.15589,1.15594,1.15586,1.15591
2026-08-08 09:05:00+00:00,1.15589,1.15594,1.15586,1.15587
2026-08-08 09:10:00+00:00,1.15589,1.15594,1.15584,1.15588
2026-08-08 09:15:00+00:00,1.1559,1.15594,1.15586,1.15591
2026-08-08 09:20:00+00:00,1.15589,1.15594,1.15586,1.15591
2026-08-08 09:25:00+00:00,1.15589,1.15594,1.15586,1.15587
2026-08-08 09:30:00+00:00,1.15589,1.15594,1.15586,1.1559
2026-08-08 09:35:00+00:00,1.15589,1.15595,1.15584,1.15593
2026-08-08 09:40:00+00:00,1.1559,1.15594,1.15586,1.15591
2026-08-08 09:45:00+00:00,1.15589,1.15594,1.15586,1.15587
2026-08-08 09:50:00+00:00,1.15589,1.15594,1.15586,1.1559
2026-08-08 09:55:00+00:00,1.15589,1.15593,1.15586,1.15591
2026-08-08 10:00:00+00:00,1.15589,1.15602,1.1558,1.15587
2026-08-08 10:05:00+00:00,1.15592,1.15594,1.15586,1.15587
2026-08-08 10:10:00+00:00,1.15589,1.15594,1.15586,1.1559
2026-08-08 10:15:00+00:00,1.15589,1.15593,1.15586,1.15591
2026-08-08 10:20:00+00:00,1.15589,1.15594,1.15586,1.15589
2026-08-08 10:25:00+00:00,1.15589,1.15595,1.15584,1.15587
2026-08-08 10:30:00+00:00,1.1559,1.15594,1.15586,1.1559
2026-08-08 10:35:00+00:00,1.15589,1.15593,1.15586,1.15591
2026-08-08 10:40:00+00:00,1.15589,1.15594,1.15586,1.15589
2026-08-08 10:45:00+00:00,1.15589,1.15593,1.15586,1.15587
2026-08-08 10:50:00+00:00,1.15589,1.15597,1.15584,1.15594
2026-08-08 10:55:00+00:00,1.15592,1.15592,1.15586,1.15591
2026-08-08 11:00:00+00:00,1.15589,1.15594,1.15586,1.15589
2026-08-08 11:05:00+00:00,1.15589,1.15593,1.15586,1.15587
2026-08-08 11:10:00+00:00,1.15589,1.15594,1.15586,1.1559
2026-08-08 11:15:00+00:00,1.15589,1.15595,1.15584,1.15595
2026-08-08 11:20:00+00:00,1.15593,1.15594,1.15586,1.15589
2026-08-08 11:25:00+00:00,1.15589,1.15593,1.15586,1.15587
2026-08-08 11:30:00+00:00,1.15589,1.15594,1.15586,1.15591
2026-08-08 11:35:00+00:00,1.15589,1.15592,1.15586,1.15591
2026-08-08 11:40:00+00:00,1.15589,1.15594,1.15586,1.15589
2026-08-08 11:45:00+00:00,1.15589,1.15593,1.15586,1.15587
2026-08-08 11:50:00+00:00,1.15589,1.15594,1.15586,1.15591
2026-08-08 11:55:00+00:00,1.15589,1.15593,1.15586,1.15591
2026-08-08 12:00:00+00:00,1.15589,1.15594,1.15586,1.15589
2026-08-08 12:05:00+00:00,1.15589,1.15594,1.15584,1.15593
2026-08-08 12:10:00+00:00,1.15592,1.15594,1.15586,1.15591
2026-08-08 12:15:00+00:00,1.15589,1.15593,1.15586,1.15591
2026-08-08 12:20:00+00:00,1.15589,1.15594,1.15586,1.15587
2026-08-08 12:25:00+00:00,1.15589,1.15592,1.15586,1.15587
2026-08-08 12:30:00+00:00,1.15589,1.15597,1.15585,1.15594
2026-08-08 12:35:00+00:00,1.15592,1.15594,1.15586,1.15591
2026-08-08 12:40:00+00:00,1.15589,1.15594,1.15586,1.15587
2026-08-08 12:45:00+00:00,1.15589,1.15592,1.15586,1.15587
2026-08-08 12:50:00+00:00,1.15589,1.15594,1.15586,1.15591
2026-08-08 12:55:00+00:00,1.15589,1.15594,1.15584,1.15594
2026-08-08 13:00:00+00:00,1.15592,1.15594,1.15586,1.15587
2026-08-08 13:05:00+00:00,1.15589,1.15593,1.15586,1.15589
2026-08-08 13:10:00+00:00,1.15589,1.15594,1.15586,1.15591
2026-08-08 13:15:00+00:00,1.15589,1.15593,1.15586,1.15591
2026-08-08 13:20:00+00:00,1.15589,1.15594,1.15586,1.15587
2026-08-08 13:25:00+00:00,1.15589,1.15593,1.15586,1.15589
2026-08-08 13:30:00+00:00,1.15589,1.15594,1.15586,1.15591
2026-08-08 13:35:00+00:00,1.15589,1.15594,1.15586,1.1559
2026-08-08 13:40:00+00:00,1.15589,1.15594,1.15586,1.15587
2026-08-08 13:45:00+00:00,1.15589,1.15595,1.15584,1.15593
2026-08-08 13:50:00+00:00,1.15592,1.15594,1.15586,1.15591
2026-08-08 13:55:00+00:00,1.15589,1.15594,1.15586,1.1559
2026-08-08 14:00:00+00:00,1.15589,1.15594,1.15586,1.15587
2026-08-08 14:05:00+00:00,1.15589,1.15593,1.15586,1.15589
2026-08-08 14:10:00+00:00,1.15589,1.15597,1.15584,1.15595
2026-08-08 14:15:00+00:00,1.15593,1.15594,1.15586,1.15591
2026-08-08 14:20:00+00:00,1.15589,1.15594,1.15586,1.15587
2026-08-08 14:25:00+00:00,1.15589,1.15593,1.15586,1.15589
2026-08-08 14:30:00+00:00,1.15589,1.15594,1.15586,1.15591
2026-08-08 14:35:00+00:00,1.15589,1.15594,1.15584,1.15594
2026-08-08 14:40:00+00:00,1.15592,1.15594,1.15586,1.15587
2026-08-08 14:45:00+00:00,1.15589,1.15594,1.15586,1.15589
2026-08-08 14:50:00+00:00,1.15589,1.15594,1.15586,1.15591
2026-08-08 14:55:00+00:00,1.15589,1.15594,1.15586,1.15591
2026-08-08 15:00:00+00:00,1.15589,1.15599,1.15583,1.15587
2026-08-08 15:05:00+00:00,1.15589,1.15594,1.15586,1.1559
2026-08-08 15:10:00+00:00,1.15589,1.15593,1.15586,1.15591
2026-08-08 15:15:00+00:00,1.15589,1.15594,1.15586,1.15591
2026-08-08 15:20:00+00:00,1.15589,1.15594,1.15586,1.15587
2026-08-08 15:25:00+00:00,1.15589,1.15596,1.15584,1.15594
2026-08-08 15:30:00+00:00,1.15592,1.15593,1.15586,1.15591
2026-08-08 15:35:00+00:00,1.15589,1.15594,1.15586,1.15591
2026-08-08 15:40:00+00:00,1.15589,1.15593,1.15586,1.15587
2026-08-08 15:45:00+00:00,1.15588,1.15593,1.15586,1.15589
2026-08-08 15:50:00+00:00,1.15588,1.15619,1.15584,1.15596
2026-08-08 15:55:00+00:00,1.15593,1.15598,1.15586,1.15591
2026-08-08 16:00:00+00:00,1.15589,1.15594,1.15586,1.15587
2026-08-08 16:05:00+00:00,1.15589,1.15594,1.15586,1.1559
2026-08-08 16:10:00+00:00,1.15589,1.15593,1.15586,1.15591
2026-08-08 16:15:00+00:00,1.15589,1.15595,1.15586,1.15593
2026-08-08 16:20:00+00:00,1.15588,1.15594,1.15586,1.15587
2026-08-08 16:25:00+00:00,1.15589,1.15594,1.15586,1.1559
2026-08-08 16:30:00+00:00,1.15589,1.15593,1.15586,1.15591
2026-08-08 16:35:00+00:00,1.15589,1.15594,1.15586,1.15589
2026-08-08 16:40:00+00:00,1.15589,1.15593,1.15586,1.15587
2026-08-08 16:45:00+00:00,1.15589,1.15594,1.15586,1.1559
2026-08-08 16:50:00+00:00,1.15589,1.15592,1.15586,1.15591
2026-08-08 16:55:00+00:00,1.15589,1.15594,1.15586,1.15589
2026-08-08 17:00:00+00:00,1.15589,1.15593,1.15586,1.15587
2026-08-08 17:05:00+00:00,1.15589,1.15594,1.15586,1.15591
2026-08-08 17:10:00+00:00,1.15589,1.15594,1.15586,1.15591
2026-08-08 17:15:00+00:00,1.15589,1.15594,1.15586,1.15589
2026-08-08 17:20:00+00:00,1.15589,1.15593,1.15586,1.15587
2026-08-08 17:25:00+00:00,1.15589,1.15594,1.15586,1.15591
2026-08-08 17:30:00+00:00,1.15589,1.15592,1.15586,1.15592
2026-08-08 17:35:00+00:00,1.15588,1.15595,1.15584,1.15589
2026-08-08 17:40:00+00:00,1.15589,1.15593,1.15586,1.15587
2026-08-08 17:45:00+00:00,1.15589,1.15594,1.15586,1.15591
2026-08-08 17:50:00+00:00,1.15589,1.15593,1.15586,1.15591
2026-08-08 17:55:00+00:00,1.15589,1.15597,1.15586,1.15589
2026-08-08 18:00:00+00:00,1.15589,1.15594,1.15584,1.15587
2026-08-08 18:05:00+00:00,1.15589,1.15594,1.15586,1.15591
2026-08-08 18:10:00+00:00,1.15589,1.15593,1.15586,1.15591
2026-08-08 18:15:00+00:00,1.15589,1.15594,1.15586,1.15587
2026-08-08 18:20:00+00:00,1.15589,1.15592,1.15586,1.15587
2026-08-08 18:25:00+00:00,1.15589,1.15594,1.15586,1.15591
2026-08-08 18:30:00+00:00,1.15589,1.15593,1.15586,1.15591
2026-08-08 18:35:00+00:00,1.15589,1.15594,1.15586,1.15587
2026-08-08 18:40:00+00:00,1.15589,1.15592,1.15586,1.15589
2026-08-08 18:45:00+00:00,1.15589,1.15594,1.15586,1.15591
2026-08-08 18:50:00+00:00,1.15588,1.15595,1.15584,1.15591
2026-08-08 18:55:00+00:00,1.15589,1.15594,1.15586,1.15587
2026-08-08 19:00:00+00:00,1.15589,1.15593,1.15586,1.15589
2026-08-08 19:05:00+00:00,1.15589,1.15594,1.15586,1.15591
2026-08-08 19:10:00+00:00,1.15589,1.15593,1.15586,1.15592
2026-08-08 19:15:00+00:00,1.15588,1.15594,1.15584,1.15587
2026-08-08 19:20:00+00:00,1.15589,1.15593,1.15586,1.15589
2026-08-08 19:25:00+00:00,1.15589,1.15594,1.15586,1.15591
2026-08-08 19:30:00+00:00,1.15589,1.15594,1.15586,1.1559
2026-08-08 19:35:00+00:00,1.15589,1.15597,1.15585,1.15586
2026-08-08 19:40:00+00:00,1.15589,1.15594,1.15584,1.15589
2026-08-08 19:45:00+00:00,1.15589,1.15594,1.15586,1.15591
2026-08-08 19:50:00+00:00,1.15589,1.15594,1.15586,1.1559
2026-08-08 19:55:00+00:00,1.15589,1.15594,1.15586,1.15587
2026-08-08 20:00:00+00:00,1.15589,1.15593,1.15586,1.15589
2026-08-08 20:05:00+00:00,1.15589,1.15594,1.15586,1.15591
2026-08-08 20:10:00+00:00,1.15589,1.15594,1.15586,1.15591
2026-08-08 20:15:00+00:00,1.15589,1.15594,1.15586,1.15587
2026-08-08 20:20:00+00:00,1.15589,1.15593,1.15586,1.15589
2026-08-08 20:25:00+00:00,1.15589,1.15594,1.15586,1.15592
2026-08-08 20:30:00+00:00,1.15588,1.15596,1.15584,1.15591
2026-08-08 20:35:00+00:00,1.15589,1.15594,1.15586,1.15587
2026-08-08 20:40:00+00:00,1.15589,1.15594,1.15586,1.15589
2026-08-08 20:45:00+00:00,1.15589,1.15594,1.15586,1.15591
2026-08-08 20:50:00+00:00,1.15589,1.15594,1.15586,1.15593
2026-08-08 20:55:00+00:00,1.15589,1.15594,1.15586,1.15587
2026-08-08 21:00:00+00:00,1.15589,1.15594,1.15586,1.1559
2026-08-08 21:05:00+00:00,1.15589,1.15593,1.15586,1.15591
2026-08-08 21:10:00+00:00,1.15589,1.15594,1.15586,1.15591
2026-08-08 21:15:00+00:00,1.15589,1.15597,1.15585,1.15586
2026-08-08 21:20:00+00:00,1.15589,1.15595,1.15584,1.1559
2026-08-08 21:25:00+00:00,1.15589,1.15593,1.15586,1.15591
2026-08-08 21:30:00+00:00,1.15589,1.15594,1.15586,1.15591
2026-08-08 21:35:00+00:00,1.15589,1.15594,1.15586,1.15587
2026-08-08 21:40:00+00:00,1.15589,1.15594,1.15586,1.1559
2026-08-08 21:45:00+00:00,1.15589,1.15602,1.15583,1.15592
2026-08-08 21:50:00+00:00,1.15589,1.15594,1.15586,1.15589
2026-08-08 21:55:00+00:00,1.15589,1.15594,1.15586,1.15587
2026-08-08 22:00:00+00:00,1.15589,1.15594,1.15586,1.1559
2026-08-08 22:05:00+00:00,1.15589,1.15593,1.15586,1.15591
2026-08-08 22:10:00+00:00,1.15589,1.15597,1.15584,1.15591
2026-08-08 22:15:00+00:00,1.15589,1.15593,1.15586,1.15587
2026-08-08 22:20:00+00:00,1.15589,1.15594,1.15586,1.1559
2026-08-08 22:25:00+00:00,1.15589,1.15593,1.15586,1.15591
2026-08-08 22:30:00+00:00,1.15589,1.15594,1.15586,1.15589
2026-08-08 22:35:00+00:00,1.15589,1.15594,1.15584,1.15587
2026-08-08 22:40:00+00:00,1.15589,1.15594,1.15586,1.1559
2026-08-08 22:45:00+00:00,1.15589,1.15592,1.15586,1.15591
2026-08-08 22:50:00+00:00,1.15589,1.15594,1.15586,1.15589
2026-08-08 22:55:00+00:00,1.15589,1.15593,1.15586,1.15587
2026-08-08 23:00:00+00:00,1.15589,1.15595,1.15586,1.15591
2026-08-08 23:05:00+00:00,1.15589,1.15592,1.15586,1.15591
2026-08-08 23:10:00+00:00,1.15589,1.15594,1.15586,1.15589
2026-08-08 23:15:00+00:00,1.15589,1.15592,1.15586,1.15587
2026-08-08 23:20:00+00:00,1.15588,1.15593,1.15586,1.1559
2026-08-08 23:25:00+00:00,1.15588,1.15626,1.15581,1.15603
2026-08-08 23:30:00+00:00,1.15601,1.15601,1.15584,1.15596
2026-08-08 23:35:00+00:00,1.15596,1.156,1.15595,1.15595
2026-08-08 23:40:00+00:00,1.15596,1.15601,1.15594,1.15598
2026-08-08 23:45:00+00:00,1.15596,1.156,1.15596,1.15598
2026-08-08 23:50:00+00:00,1.15596,1.15623,1.15593,1.15599
2026-08-08 23:55:00+00:00,1.15599,1.15603,1.15599,1.15599
2026-08-09 00:00:00+00:00,1.15599,1.15604,1.15598,1.15601
2026-08-09 00:05:00+00:00,1.15599,1.15603,1.15599,1.15602
2026-08-09 00:10:00+00:00,1.15599,1.15605,1.15598,1.15599
2026-08-09 00:15:00+00:00,1.15599,1.1562,1.15599,1.15602
2026-08-09 00:20:00+00:00,1.15602,1.15607,1.15601,1.15604
2026-08-09 00:25:00+00:00,1.15602,1.15606,1.15602,1.15604
2026-08-09 00:30:00+00:00,1.15602,1.15607,1.156,1.15602
2026-08-09 00:35:00+00:00,1.15602,1.15606,1.15601,1.15602
2026-08-09 00:40:00+00:00,1.15602,1.15619,1.15602,1.15607
2026-08-09 00:45:00+00:00,1.15604,1.15609,1.15604,1.15606
2026-08-09 00:50:00+00:00,1.15604,1.1561,1.15603,1.15604
2026-08-09 00:55:00+00:00,1.15604,1.15608,1.15603,1.15604
2026-08-09 01:00:00+00:00,1.15604,1.1561,1.15603,1.15607
2026-08-09 01:05:00+00:00,1.15604,1.15618,1.156,1.15611
2026-08-09 01:10:00+00:00,1.15609,1.15614,1.15608,1.15609
2026-08-09 01:15:00+00:00,1.15609,1.15613,1.15608,1.15609
2026-08-09 01:20:00+00:00,1.15609,1.15614,1.15608,1.15612
2026-08-09 01:25:00+00:00,1.15609,1.15614,1.15609,1.15611
2026-08-09 01:30:00+00:00,1.15609,1.15615,1.15608,1.15609
2026-08-09 01:35:00+00:00,1.1561,1.15614,1.15609,1.1561
2026-08-09 01:40:00+00:00,1.1561,1.15615,1.15608,1.15613
2026-08-09 01:45:00+00:00,1.1561,1.15615,1.15609,1.15612
2026-08-09 01:50:00+00:00,1.1561,1.15615,1.15608,1.15609
2026-08-09 01:55:00+00:00,1.1561,1.15615,1.156,1.15601
2026-08-09 02:00:00+00:00,1.15604,1.15609,1.15602,1.15606
2026-08-09 02:05:00+00:00,1.15604,1.15609,1.15596,1.15597
2026-08-09 02:10:00+00:00,1.15599,1.15604,1.15597,1.15598
2026-08-09 02:15:00+00:00,1.15599,1.15604,1.15597,1.15599
2026-08-09 02:20:00+00:00,1.15599,1.1562,1.15599,1.15604
2026-08-09 02:25:00+00:00,1.15602,1.15607,1.15601,1.15604
2026-08-09 02:30:00+00:00,1.15602,1.15607,1.156,1.15601
2026-08-09 02:35:00+00:00,1.15602,1.15607,1.15579,1.15591
2026-08-09 02:40:00+00:00,1.15592,1.15596,1.15589,1.15593
2026-08-09 02:45:00+00:00,1.15591,1.15623,1.15581,1.15593
2026-08-09 02:50:00+00:00,1.15593,1.15596,1.1559,1.1559
2026-08-09 02:55:00+00:00,1.15591,1.15596,1.15589,1.15591
2026-08-09 03:00:00+00:00,1.15591,1.15595,1.15589,1.15593
2026-08-09 03:05:00+00:00,1.15591,1.15596,1.15589,1.15593
2026-08-09 03:10:00+00:00,1.15591,1.15624,1.1559,1.15593
2026-08-09 03:15:00+00:00,1.15593,1.15597,1.15591,1.15592
2026-08-09 03:20:00+00:00,1.15592,1.15595,1.15589,1.15593
2026-08-09 03:25:00+00:00,1.15591,1.15596,1.15589,1.15593
2026-08-09 03:30:00+00:00,1.15591,1.15596,1.1559,1.1559
2026-08-09 03:35:00+00:00,1.15591,1.15624,1.15587,1.15594
2026-08-09 03:40:00+00:00,1.15593,1.15597,1.1559,1.15595
2026-08-09 03:45:00+00:00,1.15592,1.15597,1.1559,1.15592
2026-08-09 03:50:00+00:00,1.15592,1.15596,1.1559,1.1559
2026-08-09 03:55:00+00:00,1.15591,1.15596,1.15589,1.15592
2026-08-09 04:00:00+00:00,1.15591,1.15623,1.1559,1.15598
2026-08-09 04:05:00+00:00,1.15595,1.15601,1.15593,1.15594
2026-08-09 04:10:00+00:00,1.15594,1.15597,1.15592,1.15592
2026-08-09 04:15:00+00:00,1.15593,1.15598,1.15591,1.15594
2026-08-09 04:20:00+00:00,1.15593,1.15597,1.15592,1.15595
2026-08-09 04:25:00+00:00,1.15593,1.15623,1.15591,1.15606
2026-08-09 04:30:00+00:00,1.15603,1.15605,1.15596,1.15598
2026-08-09 04:35:00+00:00,1.15598,1.15601,1.15594,1.15597
2026-08-09 04:40:00+00:00,1.15596,1.15599,1.15595,1.15598
2026-08-09 04:45:00+00:00,1.15596,1.15601,1.15594,1.15596
2026-08-09 04:50:00+00:00,1.15596,1.1562,1.15595,1.15599
2026-08-09 04:55:00+00:00,1.15599,1.15605,1.15598,1.15601
2026-08-09 05:00:00+00:00,1.15599,1.15603,1.15599,1.15602
2026-08-09 05:05:00+00:00,1.15599,1.15605,1.15598,1.15599
2026-08-09 05:10:00+00:00,1.15599,1.15603,1.15599,1.15599
2026-08-09 05:15:00+00:00,1.15599,1.15619,1.15596,1.15604
2026-08-09 05:20:00+00:00,1.15602,1.15606,1.15602,1.15605
2026-08-09 05:25:00+00:00,1.15602,1.15607,1.15601,1.15602
2026-08-09 05:30:00+00:00,1.15602,1.15606,1.15602,1.15602
2026-08-09 05:35:00+00:00,1.15602,1.15607,1.15601,1.15604
2026-08-09 05:40:00+00:00,1.15602,1.15619,1.15602,1.15607
2026-08-09 05:45:00+00:00,1.15605,1.1561,1.15603,1.15604
2026-08-09 05:50:00+00:00,1.15605,1.15608,1.15604,1.15604
2026-08-09 05:55:00+00:00,1.15605,1.1561,1.15603,1.15607
2026-08-09 06:00:00+00:00,1.15605,1.15608,1.15582,1.15593
2026-08-09 06:05:00+00:00,1.15591,1.15623,1.15589,1.15594
2026-08-09 06:10:00+00:00,1.15594,1.15596,1.15591,1.15591
2026-08-09 06:15:00+00:00,1.15591,1.15596,1.15589,1.15593
2026-08-09 06:20:00+00:00,1.15591,1.15595,1.15591,1.15593
2026-08-09 06:25:00+00:00,1.15591,1.15596,1.15589,1.1559
2026-08-09 06:30:00+00:00,1.15591,1.15624,1.15589,1.15593
2026-08-09 06:35:00+00:00,1.15593,1.15596,1.1559,1.15593
2026-08-09 06:40:00+00:00,1.15591,1.15595,1.15591,1.15593
2026-08-09 06:45:00+00:00,1.15591,1.15596,1.15589,1.1559
2026-08-09 06:50:00+00:00,1.15591,1.15595,1.1559,1.15591
2026-08-09 06:55:00+00:00,1.15591,1.15624,1.15587,1.15596
2026-08-09 07:00:00+00:00,1.15594,1.15597,1.15592,1.15594
2026-08-09 07:05:00+00:00,1.15592,1.15597,1.1559,1.15591
2026-08-09 07:10:00+00:00,1.15592,1.15595,1.1559,1.15591
2026-08-09 07:15:00+00:00,1.15591,1.15596,1.1559,1.15594
2026-08-09 07:20:00+00:00,1.15591,1.15624,1.15591,1.15597
2026-08-09 07:25:00+00:00,1.15596,1.15601,1.15594,1.15595
2026-08-09 07:30:00+00:00,1.15596,1.156,1.15594,1.15596
2026-08-09 07:35:00+00:00,1.15595,1.15599,1.15592,1.15596
2026-08-09 07:40:00+00:00,1.15594,1.15599,1.15593,1.15595
2026-08-09 07:45:00+00:00,1.15594,1.15623,1.15593,1.156
2026-08-09 07:50:00+00:00,1.15601,1.15606,1.156,1.15601
2026-08-09 07:55:00+00:00,1.15601,1.15606,1.15599,1.15604
2026-08-09 08:00:00+00:00,1.15601,1.15606,1.156,1.15603
2026-08-09 08:05:00+00:00,1.15601,1.15606,1.156,1.156
2026-08-09 08:10:00+00:00,1.15601,1.1562,1.15596,1.15599
2026-08-09 08:15:00+00:00,1.15599,1.15604,1.15597,1.15602
2026-08-09 08:20:00+00:00,1.15599,1.15604,1.15598,1.15601
2026-08-09 08:25:00+00:00,1.15599,1.15604,1.15598,1.15598
2026-08-09 08:30:00+00:00,1.15599,1.15604,1.15597,1.156
2026-08-09 08:35:00+00:00,1.15599,1.15616,1.15599,1.15605
2026-08-09 08:40:00+00:00,1.15602,1.15607,1.15601,1.15604
2026-08-09 08:45:00+00:00,1.15602,1.15607,1.15601,1.15601
2026-08-09 08:50:00+00:00,1.15602,1.15607,1.156,1.15603
2026-08-09 08:55:00+00:00,1.15602,1.15607,1.156,1.15605
2026-08-09 09:00:00+00:00,1.15602,1.15619,1.156,1.15606
2026-08-09 09:05:00+00:00,1.15604,1.15609,1.15603,1.15603
2026-08-09 09:10:00+00:00,1.15604,1.15609,1.15603,1.15605
2026-08-09 09:15:00+00:00,1.15604,1.15609,1.15603,1.15607
2026-08-09 09:20:00+00:00,1.15604,1.15609,1.15603,1.15606
2026-08-09 09:25:00+00:00,1.15604,1.15618,1.15603,1.15605
2026-08-09 09:30:00+00:00,1.15606,1.15611,1.15604,1.15607
2026-08-09 09:35:00+00:00,1.15606,1.1561,1.15605,1.15609
2026-08-09 09:40:00+00:00,1.15606,1.15611,1.15604,1.15608
2026-08-09 09:45:00+00:00,1.15606,1.15611,1.15605,1.15605
2026-08-09 09:50:00+00:00,1.15606,1.15618,1.15604,1.15609
2026-08-09 09:55:00+00:00,1.15608,1.15612,1.15606,1.1561
2026-08-09 10:00:00+00:00,1.15608,1.15613,1.15606,1.15608
2026-08-09 10:05:00+00:00,1.15608,1.15612,1.15607,1.15607
2026-08-09 10:10:00+00:00,1.15608,1.15613,1.15606,1.15609
2026-08-09 10:15:00+00:00,1.15608,1.15612,1.15607,1.1561
2026-08-09 10:20:00+00:00,1.15608,1.15613,1.15606,1.15608
2026-08-09 10:25:00+00:00,1.15608,1.15612,1.15607,1.15607
2026-08-09 10:30:00+00:00,1.15608,1.15613,1.15606,1.15609
2026-08-09 10:35:00+00:00,1.15608,1.15611,1.15607,1.1561
2026-08-09 10:40:00+00:00,1.15608,1.15613,1.15606,1.15608
2026-08-09 10:45:00+00:00,1.15608,1.15612,1.15607,1.15607
2026-08-09 10:50:00+00:00,1.15608,1.15613,1.15606,1.15609
2026-08-09 10:55:00+00:00,1.15608,1.15611,1.15607,1.1561
2026-08-09 11:00:00+00:00,1.15608,1.15613,1.15606,1.15608
2026-08-09 11:05:00+00:00,1.15608,1.15612,1.15607,1.15607
2026-08-09 11:10:00+00:00,1.15608,1.15613,1.15606,1.15609
2026-08-09 11:15:00+00:00,1.15608,1.15611,1.15607,1.1561
2026-08-09 11:20:00+00:00,1.15608,1.15614,1.15599,1.15601
2026-08-09 11:25:00+00:00,1.15602,1.15605,1.15601,1.15601
2026-08-09 11:30:00+00:00,1.15602,1.15607,1.156,1.15603
2026-08-09 11:35:00+00:00,1.15602,1.15605,1.15601,1.15604
2026-08-09 11:40:00+00:00,1.15602,1.15631,1.15559,1.15573
2026-08-09 11:45:00+00:00,1.15573,1.15583,1.15569,1.15573
2026-08-09 11:50:00+00:00,1.15574,1.15585,1.15574,1.15581
2026-08-09 11:55:00+00:00,1.1558,1.15586,1.15579,1.15586
2026-08-09 12:00:00+00:00,1.15584,1.15589,1.15582,1.15583
2026-08-09 12:05:00+00:00,1.15584,1.15585,1.15429,1.1548
2026-08-09 12:10:00+00:00,1.1548,1.15486,1.15479,1.15483
2026-08-09 12:15:00+00:00,1.1548,1.15485,1.1548,1.15483
2026-08-09 12:20:00+00:00,1.1548,1.15486,1.15479,1.1548
2026-08-09 12:25:00+00:00,1.1548,1.15484,1.1548,1.1548
2026-08-09 12:30:00+00:00,1.1548,1.15483,1.15358,1.154
2026-08-09 12:35:00+00:00,1.15398,1.15403,1.15398,1.154
2026-08-09 12:40:00+00:00,1.15398,1.15403,1.15396,1.15398
2026-08-09 12:45:00+00:00,1.15398,1.15402,1.15397,1.15398
2026-08-09 12:50:00+00:00,1.15398,1.15403,1.15397,1.154
2026-08-09 12:55:00+00:00,1.15398,1.15443,1.15302,1.15334
2026-08-09 13:00:00+00:00,1.15332,1.15337,1.15331,1.15332
2026-08-09 13:05:00+00:00,1.15332,1.15336,1.15331,1.15332
2026-08-09 13:10:00+00:00,1.15332,1.15338,1.15331,1.15335
2026-08-09 13:15:00+00:00,1.15332,1.15717,1.15261,1.15565
2026-08-09 13:20:00+00:00,1.15546,1.15626,1.15396,1.15444
2026-08-09 13:25:00+00:00,1.15444,1.15449,1.15443,1.15444
2026-08-09 13:30:00+00:00,1.15444,1.15449,1.15443,1.15447
2026-08-09 13:35:00+00:00,1.15444,1.15449,1.15443,1.15446
2026-08-09 13:40:00+00:00,1.15444,1.1545,1.15443,1.15444
2026-08-09 13:45:00+00:00,1.15444,1.15447,1.15332,1.15371
2026-08-09 13:50:00+00:00,1.15369,1.15374,1.15368,1.15372
2026-08-09 13:55:00+00:00,1.15369,1.15374,1.15368,1.15371
2026-08-09 14:00:00+00:00,1.15369,1.15374,1.15368,1.15368
2026-08-09 14:05:00+00:00,1.15369,1.1568,1.1536,1.15499
2026-08-09 14:10:00+00:00,1.15497,1.15499,1.1537,1.15414
2026-08-09 14:15:00+00:00,1.15412,1.15501,1.15404,1.15475
2026-08-09 14:20:00+00:00,1.15473,1.15478,1.15472,1.15472
2026-08-09 14:25:00+00:00,1.15473,1.15478,1.15471,1.15474
2026-08-09 14:30:00+00:00,1.15473,1.15478,1.15471,1.15476
2026-08-09 14:35:00+00:00,1.15473,1.15552,1.15354,1.15394
2026-08-09 14:40:00+00:00,1.15392,1.15397,1.15391,1.15391
2026-08-09 14:45:00+00:00,1.15392,1.15397,1.1539,1.15393
2026-08-09 14:50:00+00:00,1.15392,1.15397,1.15391,1.15395
2026-08-09 14:55:00+00:00,1.15392,1.15397,1.15391,1.15394
2026-08-09 15:00:00+00:00,1.15392,1.15472,1.15324,1.15457
2026-08-09 15:05:00+00:00,1.15431,1.15436,1.15429,1.15432
2026-08-09 15:10:00+00:00,1.15431,1.15436,1.1543,1.15434
2026-08-09 15:15:00+00:00,1.15431,1.15436,1.1543,1.15433
2026-08-09 15:20:00+00:00,1.15431,1.15436,1.1543,1.1543
2026-08-09 15:25:00+00:00,1.15431,1.15499,1.15323,1.1536
2026-08-09 15:30:00+00:00,1.15359,1.15363,1.15357,1.15361
2026-08-09 15:35:00+00:00,1.15359,1.15364,1.15357,1.15359
2026-08-09 15:40:00+00:00,1.15359,1.15364,1.15358,1.15358
2026-08-09 15:45:00+00:00,1.15359,1.15364,1.15357,1.1536
2026-08-09 15:50:00+00:00,1.15359,1.15386,1.15275,1.15303
2026-08-09 15:55:00+00:00,1.15301,1.15306,1.15299,1.15301
2026-08-09 16:00:00+00:00,1.15301,1.15306,1.153,1.153
2026-08-09 16:05:00+00:00,1.15301,1.15306,1.15299,1.15302
2026-08-09 16:10:00+00:00,1.15301,1.15449,1.15288,1.15405
2026-08-09 16:15:00+00:00,1.15402,1.15407,1.15307,1.15338
2026-08-09 16:20:00+00:00,1.15335,1.1534,1.15335,1.15335
2026-08-09 16:25:00+00:00,1.15335,1.15341,1.15334,1.15337
2026-08-09 16:30:00+00:00,1.15335,1.15339,1.15334,1.15338
2026-08-09 16:35:00+00:00,1.15335,1.15341,1.15334,1.15338
2026-08-09 16:40:00+00:00,1.15335,1.15337,1.15298,1.15309
2026-08-09 16:45:00+00:00,1.1531,1.15315,1.15308,1.15312
2026-08-09 16:50:00+00:00,1.1531,1.15313,1.15309,1.15312
2026-08-09 16:55:00+00:00,1.1531,1.15315,1.15308,1.1531
2026-08-09 17:00:00+00:00,1.1531,1.15721,1.15279,1.15541
2026-08-09 17:05:00+00:00,1.15542,1.15653,1.15456,1.15495
2026-08-09 17:10:00+00:00,1.15493,1.15497,1.15493,1.15496
2026-08-09 17:15:00+00:00,1.15493,1.15499,1.15492,1.15493
2026-08-09 17:20:00+00:00,1.15493,1.15497,1.15493,1.15493
2026-08-09 17:25:00+00:00,1.15493,1.15499,1.15492,1.15495
2026-08-09 17:30:00+00:00,1.15493,1.15499,1.15368,1.15411
2026-08-09 17:35:00+00:00,1.15409,1.15414,1.15407,1.15408
2026-08-09 17:40:00+00:00,1.15409,1.15412,1.15408,1.15408
2026-08-09 17:45:00+00:00,1.15409,1.15414,1.15407,1.15411
2026-08-09 17:50:00+00:00,1.15409,1.15413,1.15409,1.15411
2026-08-09 17:55:00+00:00,1.15409,1.15413,1.15308,1.1534
2026-08-09 18:00:00+00:00,1.15341,1.15691,1.15302,1.15582
2026-08-09 18:05:00+00:00,1.15476,1.15647,1.15451,1.15453
2026-08-09 18:10:00+00:00,1.15455,1.15651,1.15424,1.1558
2026-08-09 18:15:00+00:00,1.15448,1.15663,1.15408,1.15414
2026-08-09 18:20:00+00:00,1.15427,1.15694,1.1534,1.15583
2026-08-09 18:25:00+00:00,1.15405,1.15671,1.15391,1.15412
2026-08-09 18:30:00+00:00,1.15413,1.15668,1.15412,1.15577
2026-08-09 18:35:00+00:00,1.15441,1.15666,1.15405,1.15411
2026-08-09 18:40:00+00:00,1.15426,1.15662,1.15412,1.15582
2026-08-09 18:45:00+00:00,1.15438,1.15685,1.15363,1.15375
2026-08-09 18:50:00+00:00,1.15371,1.15678,1.15371,1.15575
2026-08-09 18:55:00+00:00,1.15412,1.15672,1.15373,1.154
2026-08-09 19:00:00+00:00,1.15418,1.15666,1.15362,1.15565
2026-08-09 19:05:00+00:00,1.15557,1.15691,1.15473,1.15632
2026-08-09 19:10:00+00:00,1.15489,1.15816,1.15489,1.15605
2026-08-09 19:15:00+00:00,1.15642,1.15847,1.15543,1.15571
2026-08-09 19:20:00+00:00,1.15605,1.15668,1.15521,1.15651
2026-08-09 19:25:00+00:00,1.15624,1.15686,1.15493,1.15614
2026-08-09 19:30:00+00:00,1.156,1.15655,1.15517,1.15647
2026-08-09 19:35:00+00:00,1.15628,1.15666,1.15505,1.15634
2026-08-09 19:40:00+00:00,1.1563,1.15819,1.15512,1.15669
2026-08-09 19:45:00+00:00,1.15646,1.15788,1.15411,1.15767
2026-08-09 19:50:00+00:00,1.15722,1.159,1.15532,1.15561
2026-08-09 19:55:00+00:00,1.15569,1.15616,1.15529,1.15581
2026-08-09 20:00:00+00:00,1.15567,1.15676,1.15566,1.15576
2026-08-09 20:05:00+00:00,1.15593,1.15642,1.15575,1.15588
2026-08-09 20:10:00+00:00,1.15595,1.15697,1.15563,1.15689
2026-08-09 20:15:00+00:00,1.15676,1.15676,1.15574,1.15624
2026-08-09 20:20:00+00:00,1.15619,1.15631,1.15568,1.15588
2026-08-09 20:25:00+00:00,1.15612,1.15643,1.15566,1.1564
2026-08-09 20:30:00+00:00,1.15632,1.15638,1.15566,1.15633
2026-08-09 20:35:00+00:00,1.15632,1.15743,1.15549,1.15593
2026-08-09 20:40:00+00:00,1.15613,1.15614,1.15575,1.15588
2026-08-09 20:45:00+00:00,1.15604,1.15621,1.15576,1.1559
2026-08-09 20:50:00+00:00,1.15588,1.15641,1.15568,1.15588
2026-08-09 20:55:00+00:00,1.15612,1.15637,1.15572,1.15588
2026-08-09 21:00:00+00:00,1.15609,1.15659,1.15584,1.15638
2026-08-09 21:05:00+00:00,1.15629,1.15664,1.15564,1.15644
2026-08-09 21:10:00+00:00,1.15642,1.15668,1.15583,1.15667
2026-08-09 21:15:00+00:00,1.15663,1.15663,1.15587,1.15607
2026-08-09 21:20:00+00:00,1.15644,1.15657,1.15583,1.1564
2026-08-09 21:25:00+00:00,1.15639,1.15656,1.15587,1.15655
2026-08-09 21:30:00+00:00,1.1565,1.15652,1.15623,1.15635
2026-08-09 21:35:00+00:00,1.15629,1.15637,1.15619,1.1562
2026-08-09 21:40:00+00:00,1.15622,1.15625,1.15601,1.15623
2026-08-09 21:45:00+00:00,1.15618,1.1564,1.15608,1.15627
2026-08-09 21:50:00+00:00,1.15616,1.15652,1.15614,1.15615
2026-08-09 21:55:00+00:00,1.15615,1.15642,1.15608,1.15628
2026-08-09 22:00:00+00:00,1.15616,1.15628,1.15574,1.15578
2026-08-09 22:05:00+00:00,1.15584,1.15584,1.15567,1.15578
2026-08-09 22:10:00+00:00,1.15576,1.15582,1.15562,1.15574
2026-08-09 22:15:00+00:00,1.15572,1.15573,1.15559,1.15562
2026-08-09 22:20:00+00:00,1.15567,1.15568,1.15555,1.15557
2026-08-09 22:25:00+00:00,1.15561,1.1557,1.15549,1.15553
2026-08-09 22:30:00+00:00,1.15555,1.15567,1.15549,1.15565
2026-08-09 22:35:00+00:00,1.1556,1.15571,1.15558,1.15563
2026-08-09 22:40:00+00:00,1.15564,1.15578,1.15562,1.15572
2026-08-09 22:45:00+00:00,1.1557,1.1557,1.15563,1.1557
2026-08-09 22:50:00+00:00,1.15566,1.15576,1.15552,1.15554
2026-08-09 22:55:00+00:00,1.15557,1.15562,1.15551,1.15556
2026-08-09 23:00:00+00:00,1.15557,1.15572,1.15555,1.1557
2026-08-09 23:05:00+00:00,1.15565,1.15582,1.15565,1.15572
2026-08-09 23:10:00+00:00,1.15572,1.15584,1.15567,1.15569
2026-08-09 23:15:00+00:00,1.15573,1.15583,1.15571,1.15572
2026-08-09 23:20:00+00:00,1.15575,1.15582,1.15571,1.15578
2026-08-09 23:25:00+00:00,1.15577,1.15584,1.15572,1.15582
2026-08-09 23:30:00+00:00,1.1558,1.15582,1.15556,1.1556
2026-08-09 23:35:00+00:00,1.15567,1.15567,1.15545,1.15546
2026-08-09 23:40:00+00:00,1.15549,1.15575,1.15549,1.15573
2026-08-09 23:45:00+00:00,1.1557,1.15584,1.15569,1.15571
2026-08-09 23:50:00+00:00,1.15571,1.15585,1.1557,1.15582
2026-08-09 23:55:00+00:00,1.15578,1.15584,1.15559,1.1556
2026-08-10 00:00:00+00:00,1.15561,1.15588,1.1556,1.15586
2026-08-10 00:05:00+00:00,1.15582,1.15588,1.15576,1.15585
2026-08-10 00:10:00+00:00,1.1558,1.15595,1.15567,1.15591
2026-08-10 00:15:00+00:00,1.15584,1.15595,1.15562,1.15565
2026-08-10 00:20:00+00:00,1.15569,1.1557,1.15559,1.15563
2026-08-10 00:25:00+00:00,1.15561,1.15566,1.15552,1.15565
2026-08-10 00:30:00+00:00,1.1556,1.15564,1.15551,1.15557
2026-08-10 00:35:00+00:00,1.15554,1.15562,1.15545,1.15551
2026-08-10 00:40:00+00:00,1.1555,1.15557,1.15544,1.15553
2026-08-10 00:45:00+00:00,1.15551,1.15565,1.15544,1.15563
2026-08-10 00:50:00+00:00,1.15557,1.15589,1.15557,1.15577
2026-08-10 00:55:00+00:00,1.1558,1.15587,1.15579,1.15585
2026-08-10 01:00:00+00:00,1.15584,1.1559,1.15551,1.15559
2026-08-10 01:05:00+00:00,1.15575,1.15575,1.15529,1.15539
2026-08-10 01:10:00+00:00,1.15533,1.15555,1.15533,1.15551
2026-08-10 01:15:00+00:00,1.15545,1.15565,1.15545,1.15557
2026-08-10 01:20:00+00:00,1.1556,1.1556,1.1554,1.15555
2026-08-10 01:25:00+00:00,1.15551,1.15562,1.15549,1.15562
2026-08-10 01:30:00+00:00,1.1556,1.1556,1.15531,1.15539
2026-08-10 01:35:00+00:00,1.15535,1.15541,1.15523,1.15534
2026-08-10 01:40:00+00:00,1.15529,1.15552,1.15529,1.1555
2026-08-10 01:45:00+00:00,1.15547,1.15554,1.15535,1.15551
2026-08-10 01:50:00+00:00,1.15544,1.15552,1.15536,1.15538
2026-08-10 01:55:00+00:00,1.1554,1.15544,1.15531,1.15532
2026-08-10 02:00:00+00:00,1.15533,1.15551,1.15533,1.15549
2026-08-10 02:05:00+00:00,1.15546,1.15554,1.15537,1.15544
2026-08-10 02:10:00+00:00,1.15543,1.15543,1.15529,1.15531
2026-08-10 02:15:00+00:00,1.15533,1.15554,1.15533,1.15553
2026-08-10 02:20:00+00:00,1.15549,1.15553,1.15533,1.15535
2026-08-10 02:25:00+00:00,1.15537,1.15547,1.15524,1.15546
2026-08-10 02:30:00+00:00,1.15541,1.15554,1.15539,1.15545
2026-08-10 02:35:00+00:00,1.15547,1.15551,1.15532,1.15533
2026-08-10 02:40:00+00:00,1.15535,1.15537,1.15521,1.15532
2026-08-10 02:45:00+00:00,1.1553,1.1553,1.15516,1.15527
2026-08-10 02:50:00+00:00,1.15525,1.1553,1.15516,1.15518
2026-08-10 02:55:00+00:00,1.15522,1.15527,1.15512,1.15515
2026-08-10 03:00:00+00:00,1.15519,1.15522,1.15504,1.15507
2026-08-10 03:05:00+00:00,1.15511,1.15511,1.15499,1.155
2026-08-10 03:10:00+00:00,1.155,1.15517,1.15497,1.15505
2026-08-10 03:15:00+00:00,1.15507,1.15512,1.15499,1.15509
2026-08-10 03:20:00+00:00,1.15508,1.1553,1.15504,1.15529
2026-08-10 03:25:00+00:00,1.15526,1.15537,1.155,1.15512
2026-08-10 03:30:00+00:00,1.15506,1.15513,1.155,1.15501
2026-08-10 03:35:00+00:00,1.15502,1.15511,1.15494,1.15503
2026-08-10 03:40:00+00:00,1.15502,1.15504,1.15492,1.15498
2026-08-10 03:45:00+00:00,1.15495,1.15508,1.15494,1.15507
2026-08-10 03:50:00+00:00,1.15503,1.15505,1.15493,1.15494
2026-08-10 03:55:00+00:00,1.15496,1.15505,1.15491,1.15496
2026-08-10 04:00:00+00:00,1.15495,1.15499,1.15488,1.15498
2026-08-10 04:05:00+00:00,1.15494,1.15506,1.15481,1.15489
2026-08-10 04:10:00+00:00,1.15484,1.15501,1.15484,1.15497
2026-08-10 04:15:00+00:00,1.15492,1.155,1.15488,1.15492
2026-08-10 04:20:00+00:00,1.1549,1.15495,1.15489,1.15494
2026-08-10 04:25:00+00:00,1.1549,1.15507,1.1549,1.155
2026-08-10 04:30:00+00:00,1.155,1.15503,1.15495,1.15501
2026-08-10 04:35:00+00:00,1.15499,1.15501,1.15485,1.15495
2026-08-10 04:40:00+00:00,1.15493,1.15501,1.15485,1.155
2026-08-10 04:45:00+00:00,1.15494,1.15524,1.15494,1.1552
2026-08-10 04:50:00+00:00,1.15513,1.1553,1.15513,1.15521
2026-08-10 04:55:00+00:00,1.15523,1.1553,1.15516,1.15525
2026-08-10 05:00:00+00:00,1.15523,1.15525,1.15513,1.15525
2026-08-10 05:05:00+00:00,1.15521,1.15536,1.15516,1.15519
2026-08-10 05:10:00+00:00,1.15525,1.15525,1.15504,1.15506
2026-08-10 05:15:00+00:00,1.15509,1.15519,1.15504,1.15517
2026-08-10 05:20:00+00:00,1.15515,1.15519,1.15508,1.15517
2026-08-10 05:25:00+00:00,1.1551,1.15522,1.15507,1.15516
2026-08-10 05:30:00+00:00,1.15513,1.15517,1.15505,1.15514
2026-08-10 05:35:00+00:00,1.1551,1.15535,1.1551,1.15532
2026-08-10 05:40:00+00:00,1.15529,1.15536,1.15516,1.15523
2026-08-10 05:45:00+00:00,1.15521,1.15534,1.15515,1.15532
2026-08-10 05:50:00+00:00,1.1553,1.15554,1.15529,1.15552
2026-08-10 05:55:00+00:00,1.1555,1.15559,1.15543,1.15545
2026-08-10 06:00:00+00:00,1.15548,1.15554,1.15531,1.15535
2026-08-10 06:05:00+00:00,1.15541,1.1555,1.15528,1.15548
2026-08-10 06:10:00+00:00,1.15545,1.15548,1.15539,1.15541
2026-08-10 06:15:00+00:00,1.15542,1.1557,1.15528,1.15569
2026-08-10 06:20:00+00:00,1.15565,1.15565,1.15549,1.15562
2026-08-10 06:25:00+00:00,1.1556,1.15563,1.15548,1.15561
2026-08-10 06:30:00+00:00,1.15557,1.15563,1.15547,1.15552
2026-08-10 06:35:00+00:00,1.15555,1.15562,1.15544,1.1556
2026-08-10 06:40:00+00:00,1.15557,1.15562,1.15537,1.15543
2026-08-10 06:45:00+00:00,1.15546,1.15554,1.15538,1.1554
2026-08-10 06:50:00+00:00,1.15545,1.15557,1.15524,1.15527
2026-08-10 06:55:00+00:00,1.15532,1.15554,1.15527,1.15551
2026-08-10 07:00:00+00:00,1.15548,1.1555,1.15528,1.15532
2026-08-10 07:05:00+00:00,1.15538,1.15556,1.15525,1.15554
2026-08-10 07:10:00+00:00,1.15551,1.15561,1.15537,1.15541
2026-08-10 07:15:00+00:00,1.15547,1.15559,1.15532,1.15557
2026-08-10 07:20:00+00:00,1.1555,1.15568,1.1554,1.15565
2026-08-10 07:25:00+00:00,1.15556,1.15578,1.15551,1.1556
2026-08-10 07:30:00+00:00,1.15562,1.15572,1.15556,1.15562
2026-08-10 07:35:00+00:00,1.15563,1.15607,1.15563,1.15605
2026-08-10 07:40:00+00:00,1.15599,1.15623,1.15595,1.1562
2026-08-10 07:45:00+00:00,1.15611,1.15647,1.15608,1.15615
2026-08-10 07:50:00+00:00,1.15626,1.15626,1.15586,1.15592
2026-08-10 07:55:00+00:00,1.15602,1.15611,1.15587,1.15609
2026-08-10 08:00:00+00:00,1.15605,1.15616,1.15598,1.15604
2026-08-10 08:05:00+00:00,1.15604,1.15628,1.15604,1.15626
2026-08-10 08:10:00+00:00,1.15623,1.15645,1.15622,1.15633
2026-08-10 08:15:00+00:00,1.15638,1.15658,1.15632,1.1565
2026-08-10 08:20:00+00:00,1.15647,1.15656,1.15636,1.15639
2026-08-10 08:25:00+00:00,1.15643,1.15647,1.15635,1.15645
2026-08-10 08:30:00+00:00,1.15642,1.1565,1.15624,1.15626
2026-08-10 08:35:00+00:00,1.15629,1.15638,1.15624,1.15629
2026-08-10 08:40:00+00:00,1.15626,1.15643,1.15624,1.15628
2026-08-10 08:45:00+00:00,1.15632,1.15632,1.15619,1.15621
2026-08-10 08:50:00+00:00,1.15622,1.1563,1.1561,1.15612
2026-08-10 08:55:00+00:00,1.15614,1.15626,1.15608,1.15624
2026-08-10 09:00:00+00:00,1.1562,1.1562,1.15594,1.15603
2026-08-10 09:05:00+00:00,1.15601,1.15626,1.156,1.15623
2026-08-10 09:10:00+00:00,1.15618,1.15632,1.15618,1.15629
2026-08-10 09:15:00+00:00,1.15628,1.1564,1.15622,1.15632
2026-08-10 09:20:00+00:00,1.15629,1.15629,1.15612,1.15625
2026-08-10 09:25:00+00:00,1.15623,1.1563,1.15616,1.15619
2026-08-10 09:30:00+00:00,1.15621,1.15627,1.15598,1.15599
2026-08-10 09:35:00+00:00,1.156,1.15606,1.15571,1.15578
2026-08-10 09:40:00+00:00,1.15575,1.15604,1.15574,1.156
2026-08-10 09:45:00+00:00,1.15594,1.15607,1.15594,1.15602
2026-08-10 09:50:00+00:00,1.15603,1.1561,1.15587,1.15601
2026-08-10 09:55:00+00:00,1.15596,1.15609,1.15576,1.1558
2026-08-10 10:00:00+00:00,1.15586,1.15586,1.15555,1.1556
2026-08-10 10:05:00+00:00,1.15568,1.15569,1.15551,1.15559
2026-08-10 10:10:00+00:00,1.15562,1.15568,1.15557,1.15563
2026-08-10 10:15:00+00:00,1.15561,1.15565,1.15552,1.15564
2026-08-10 10:20:00+00:00,1.15562,1.1558,1.15555,1.15579
2026-08-10 10:25:00+00:00,1.15578,1.15578,1.15566,1.15573
2026-08-10 10:30:00+00:00,1.1557,1.15573,1.1556,1.15564
2026-08-10 10:35:00+00:00,1.15564,1.15575,1.15549,1.15551
2026-08-10 10:40:00+00:00,1.15552,1.15568,1.15547,1.15552
2026-08-10 10:45:00+00:00,1.15553,1.1557,1.15553,1.15563
2026-08-10 10:50:00+00:00,1.15563,1.15572,1.15551,1.15562
2026-08-10 10:55:00+00:00,1.15567,1.15567,1.15552,1.15558
2026-08-10 11:00:00+00:00,1.15556,1.15567,1.15551,1.15566
2026-08-10 11:05:00+00:00,1.15563,1.15563,1.15539,1.1554
2026-08-10 11:10:00+00:00,1.15543,1.15543,1.15511,1.15517
2026-08-10 11:15:00+00:00,1.15528,1.15529,1.15516,1.15528
2026-08-10 11:20:00+00:00,1.15526,1.15527,1.15509,1.15511
2026-08-10 11:25:00+00:00,1.15515,1.15524,1.15507,1.15518
2026-08-10 11:30:00+00:00,1.15516,1.15524,1.15505,1.15509
2026-08-10 11:35:00+00:00,1.15515,1.15526,1.15504,1.15526
2026-08-10 11:40:00+00:00,1.15524,1.15539,1.15509,1.15511
2026-08-10 11:45:00+00:00,1.15515,1.15517,1.155,1.15502
2026-08-10 11:50:00+00:00,1.15507,1.15507,1.15493,1.15503
2026-08-10 11:55:00+00:00,1.155,1.1552,1.15499,1.15519
2026-08-10 12:00:00+00:00,1.15515,1.15529,1.1551,1.15513
2026-08-10 12:05:00+00:00,1.15517,1.15549,1.15516,1.15548
2026-08-10 12:10:00+00:00,1.15545,1.15546,1.15513,1.15517
2026-08-10 12:15:00+00:00,1.15516,1.15521,1.155,1.15512
2026-08-10 12:20:00+00:00,1.1551,1.15512,1.15499,1.15512
2026-08-10 12:25:00+00:00,1.1551,1.1551,1.15472,1.15491
2026-08-10 12:30:00+00:00,1.15488,1.15509,1.15482,1.15506
2026-08-10 12:35:00+00:00,1.15499,1.15499,1.15473,1.15483
2026-08-10 12:40:00+00:00,1.15476,1.15485,1.15464,1.15474
2026-08-10 12:45:00+00:00,1.15473,1.15488,1.1546,1.15487
2026-08-10 12:50:00+00:00,1.15485,1.15487,1.15475,1.15484
2026-08-10 12:55:00+00:00,1.15482,1.15483,1.15475,1.15483
2026-08-10 13:00:00+00:00,1.15481,1.15485,1.15475,1.15482
2026-08-10 13:05:00+00:00,1.15481,1.15481,1.15455,1.15476
2026-08-10 13:10:00+00:00,1.1547,1.15523,1.1547,1.15521
2026-08-10 13:15:00+00:00,1.15518,1.15532,1.15511,1.15532
2026-08-10 13:20:00+00:00,1.15531,1.15533,1.15496,1.15499
2026-08-10 13:25:00+00:00,1.15505,1.15531,1.155,1.1553
2026-08-10 13:30:00+00:00,1.15528,1.15531,1.15505,1.15516
2026-08-10 13:35:00+00:00,1.15513,1.15526,1.15492,1.15496
2026-08-10 13:40:00+00:00,1.15499,1.15516,1.15492,1.15498
2026-08-10 13:45:00+00:00,1.155,1.15512,1.15475,1.15491
2026-08-10 13:50:00+00:00,1.1549,1.1549,1.15441,1.15464
2026-08-10 13:55:00+00:00,1.15458,1.15465,1.15443,1.15461
2026-08-10 14:00:00+00:00,1.1546,1.15463,1.15447,1.15454
2026-08-10 14:05:00+00:00,1.15455,1.15485,1.1545,1.15484
2026-08-10 14:10:00+00:00,1.15482,1.15499,1.15469,1.15496
2026-08-10 14:15:00+00:00,1.15486,1.15512,1.15475,1.15511
2026-08-10 14:20:00+00:00,1.15507,1.15511,1.15497,1.15499
2026-08-10 14:25:00+00:00,1.15503,1.15533,1.15497,1.15531
2026-08-10 14:30:00+00:00,1.1553,1.15531,1.15511,1.15523
2026-08-10 14:35:00+00:00,1.1552,1.15547,1.15519,1.15542
2026-08-10 14:40:00+00:00,1.15531,1.15551,1.15529,1.15544
2026-08-10 14:45:00+00:00,1.15542,1.15555,1.15536,1.1555
2026-08-10 14:50:00+00:00,1.15549,1.15551,1.15499,1.15521
2026-08-10 14:55:00+00:00,1.15517,1.15524,1.15507,1.1551
2026-08-10 15:00:00+00:00,1.15515,1.1552,1.1548,1.155
2026-08-10 15:05:00+00:00,1.15495,1.15509,1.15481,1.15505
2026-08-10 15:10:00+00:00,1.15502,1.15502,1.15483,1.15498
2026-08-10 15:15:00+00:00,1.15493,1.15533,1.15485,1.15519
2026-08-10 15:20:00+00:00,1.15525,1.15525,1.15508,1.15521
2026-08-10 15:25:00+00:00,1.15519,1.15521,1.15469,1.15473
2026-08-10 15:30:00+00:00,1.15473,1.15499,1.15469,1.15471
2026-08-10 15:35:00+00:00,1.15473,1.1548,1.15468,1.15468
2026-08-10 15:40:00+00:00,1.15469,1.15479,1.15465,1.15477
2026-08-10 15:45:00+00:00,1.15474,1.15488,1.15463,1.15485
2026-08-10 15:50:00+00:00,1.15484,1.15504,1.15472,1.15503
2026-08-10 15:55:00+00:00,1.155,1.15516,1.15491,1.15514
2026-08-10 16:00:00+00:00,1.15511,1.15532,1.15511,1.15531
2026-08-10 16:05:00+00:00,1.15529,1.15538,1.15517,1.15535
2026-08-10 16:10:00+00:00,1.15533,1.1555,1.15523,1.15547
2026-08-10 16:15:00+00:00,1.15542,1.15542,1.15505,1.15509
2026-08-10 16:20:00+00:00,1.15512,1.1552,1.15495,1.15497
2026-08-10 16:25:00+00:00,1.15502,1.15522,1.15491,1.15521
2026-08-10 16:30:00+00:00,1.15516,1.15537,1.15489,1.15505
2026-08-10 16:35:00+00:00,1.155,1.15531,1.155,1.15528
2026-08-10 16:40:00+00:00,1.15527,1.15527,1.15491,1.15494
2026-08-10 16:45:00+00:00,1.15498,1.15502,1.15454,1.15456
2026-08-10 16:50:00+00:00,1.1546,1.15491,1.15451,1.1549
2026-08-10 16:55:00+00:00,1.15487,1.15487,1.15469,1.15481
2026-08-10 17:00:00+00:00,1.15479,1.1548,1.15455,1.15459
2026-08-10 17:05:00+00:00,1.15465,1.15465,1.15444,1.15447
2026-08-10 17:10:00+00:00,1.15445,1.15455,1.15439,1.15441
2026-08-10 17:15:00+00:00,1.15441,1.15452,1.15427,1.15428
2026-08-10 17:20:00+00:00,1.15431,1.15432,1.15413,1.15425
2026-08-10 17:25:00+00:00,1.15421,1.15445,1.15421,1.15443
2026-08-10 17:30:00+00:00,1.1544,1.15468,1.15438,1.15467
2026-08-10 17:35:00+00:00,1.15465,1.15467,1.15455,1.15456
2026-08-10 17:40:00+00:00,1.15459,1.15462,1.15453,1.15456
2026-08-10 17:45:00+00:00,1.15459,1.15464,1.15429,1.15443
2026-08-10 17:50:00+00:00,1.15438,1.15448,1.15427,1.1543
2026-08-10 17:55:00+00:00,1.15434,1.15434,1.15419,1.1542
2026-08-10 18:00:00+00:00,1.15422,1.1544,1.15422,1.1543
2026-08-10 18:05:00+00:00,1.15434,1.15446,1.15434,1.15441
2026-08-10 18:10:00+00:00,1.15438,1.15451,1.15438,1.15451
2026-08-10 18:15:00+00:00,1.15449,1.15449,1.15427,1.15434
2026-08-10 18:20:00+00:00,1.15431,1.15436,1.15416,1.15427
2026-08-10 18:25:00+00:00,1.15423,1.15433,1.15417,1.1543
2026-08-10 18:30:00+00:00,1.15428,1.15447,1.15417,1.15434
2026-08-10 18:35:00+00:00,1.15437,1.1544,1.15425,1.15426
2026-08-10 18:40:00+00:00,1.15431,1.15451,1.15431,1.1545
2026-08-10 18:45:00+00:00,1.15447,1.15451,1.15438,1.15447
2026-08-10 18:50:00+00:00,1.15444,1.15444,1.15409,1.15413
2026-08-10 18:55:00+00:00,1.15418,1.15431,1.15403,1.15417
2026-08-10 19:00:00+00:00,1.15422,1.15433,1.15411,1.15419
2026-08-10 19:05:00+00:00,1.15417,1.15417,1.15407,1.15415
2026-08-10 19:10:00+00:00,1.1541,1.1542,1.15407,1.1541
2026-08-10 19:15:00+00:00,1.15411,1.1542,1.154,1.15404
2026-08-10 19:20:00+00:00,1.15412,1.15432,1.15409,1.15429
2026-08-10 19:25:00+00:00,1.15424,1.15433,1.15413,1.15422
2026-08-10 19:30:00+00:00,1.1542,1.15432,1.15408,1.15416
2026-08-10 19:35:00+00:00,1.15415,1.15432,1.15408,1.1543
2026-08-10 19:40:00+00:00,1.15428,1.15434,1.15412,1.15432
2026-08-10 19:45:00+00:00,1.15431,1.15435,1.15421,1.15433
2026-08-10 19:50:00+00:00,1.15431,1.15436,1.15419,1.15421
2026-08-10 19:55:00+00:00,1.15423,1.15427,1.15409,1.15412
2026-08-10 20:00:00+00:00,1.15417,1.15431,1.15412,1.15421
2026-08-10 20:05:00+00:00,1.15422,1.15433,1.15419,1.15422
2026-08-10 20:10:00+00:00,1.15423,1.15437,1.1542,1.15431
2026-08-10 20:15:00+00:00,1.15431,1.15437,1.15425,1.15427
2026-08-10 20:20:00+00:00,1.1543,1.15434,1.15419,1.15427
2026-08-10 20:25:00+00:00,1.15425,1.15425,1.15416,1.15422
2026-08-10 20:30:00+00:00,1.1542,1.15425,1.15415,1.15417
2026-08-10 20:35:00+00:00,1.15417,1.15432,1.15416,1.15424
2026-08-10 20:40:00+00:00,1.15427,1.15435,1.15423,1.15432
2026-08-10 20:45:00+00:00,1.15431,1.15431,1.15416,1.15428
2026-08-10 20:50:00+00:00,1.15425,1.15433,1.15421,1.15428
2026-08-10 20:55:00+00:00,1.15427,1.15434,1.15421,1.15432
2026-08-10 21:00:00+00:00,1.1543,1.15461,1.15425,1.15436
2026-08-10 21:05:00+00:00,1.15436,1.15441,1.15429,1.15437
2026-08-10 21:10:00+00:00,1.15435,1.15445,1.15428,1.15429
2026-08-10 21:15:00+00:00,1.15431,1.15441,1.15427,1.1543
2026-08-10 21:20:00+00:00,1.1543,1.15444,1.15425,1.15427
2026-08-10 21:25:00+00:00,1.15428,1.15443,1.15428,1.1544
2026-08-10 21:30:00+00:00,1.15435,1.15441,1.15427,1.15433
2026-08-10 21:35:00+00:00,1.15432,1.15441,1.15425,1.15432
2026-08-10 21:40:00+00:00,1.15433,1.15441,1.15426,1.15438
2026-08-10 21:45:00+00:00,1.15436,1.15438,1.15427,1.15437
2026-08-10 21:50:00+00:00,1.15435,1.15444,1.15427,1.15436
2026-08-10 21:55:00+00:00,1.15434,1.15445,1.15421,1.15426
2026-08-10 22:00:00+00:00,1.15429,1.15448,1.15429,1.15446
2026-08-10 22:05:00+00:00,1.15444,1.15444,1.15428,1.15438
2026-08-10 22:10:00+00:00,1.15436,1.15436,1.15428,1.15433
2026-08-10 22:15:00+00:00,1.15431,1.15438,1.15428,1.1543
2026-08-10 22:20:00+00:00,1.15432,1.15437,1.15427,1.15432
2026-08-10 22:25:00+00:00,1.15431,1.15434,1.15425,1.15433
2026-08-10 22:30:00+00:00,1.1543,1.15436,1.15425,1.15434
2026-08-10 22:35:00+00:00,1.15431,1.15443,1.15428,1.1544
2026-08-10 22:40:00+00:00,1.15435,1.15443,1.15431,1.1544
2026-08-10 22:45:00+00:00,1.15438,1.15443,1.15433,1.15443
2026-08-10 22:50:00+00:00,1.1544,1.15443,1.15433,1.15437
2026-08-10 22:55:00+00:00,1.15437,1.15443,1.15433,1.15441
2026-08-10 23:00:00+00:00,1.1544,1.15446,1.15432,1.15442
2026-08-10 23:05:00+00:00,1.1544,1.15443,1.15431,1.15441
2026-08-10 23:10:00+00:00,1.15439,1.15439,1.15428,1.15436
2026-08-10 23:15:00+00:00,1.15433,1.15436,1.15427,1.15428
2026-08-10 23:20:00+00:00,1.1543,1.15441,1.15429,1.15431
2026-08-10 23:25:00+00:00,1.15433,1.15438,1.15427,1.15432
2026-08-10 23:30:00+00:00,1.1543,1.15437,1.15423,1.15425
2026-08-10 23:35:00+00:00,1.1543,1.15436,1.15423,1.15435
2026-08-10 23:40:00+00:00,1.15434,1.15436,1.15428,1.15433
2026-08-10 23:45:00+00:00,1.15431,1.15449,1.15428,1.15448
2026-08-10 23:50:00+00:00,1.15446,1.15446,1.15439,1.15445
2026-08-10 23:55:00+00:00,1.15442,1.15468,1.15436,1.15466
2026-08-11 00:00:00+00:00,1.15463,1.15472,1.15457,1.15468
2026-08-11 00:05:00+00:00,1.15465,1.15471,1.15453,1.15465
2026-08-11 00:10:00+00:00,1.15463,1.15476,1.1546,1.15474
2026-08-11 00:15:00+00:00,1.15471,1.15481,1.15465,1.15474
2026-08-11 00:20:00+00:00,1.15477,1.15481,1.15467,1.15478
2026-08-11 00:25:00+00:00,1.15475,1.15484,1.15468,1.15483
2026-08-11 00:30:00+00:00,1.1548,1.15488,1.15473,1.15475
2026-08-11 00:35:00+00:00,1.15478,1.15478,1.15471,1.15476
2026-08-11 00:40:00+00:00,1.15475,1.15496,1.15472,1.15494
2026-08-11 00:45:00+00:00,1.15491,1.15496,1.15476,1.15478
2026-08-11 00:50:00+00:00,1.1548,1.15488,1.15473,1.15486
2026-08-11 00:55:00+00:00,1.15483,1.15487,1.15464,1.15465
2026-08-11 01:00:00+00:00,1.15468,1.15468,1.15432,1.15441
2026-08-11 01:05:00+00:00,1.15438,1.15467,1.15435,1.15463
2026-08-11 01:10:00+00:00,1.15453,1.15473,1.15453,1.15458
2026-08-11 01:15:00+00:00,1.15463,1.15489,1.15463,1.15484
2026-08-11 01:20:00+00:00,1.15486,1.15494,1.1548,1.15493
2026-08-11 01:25:00+00:00,1.15489,1.15489,1.15475,1.15484
2026-08-11 01:30:00+00:00,1.1548,1.15502,1.1548,1.15499
2026-08-11 01:35:00+00:00,1.15494,1.155,1.15483,1.15486
2026-08-11 01:40:00+00:00,1.1549,1.15491,1.15468,1.15475
2026-08-11 01:45:00+00:00,1.15473,1.15483,1.15465,1.15482
2026-08-11 01:50:00+00:00,1.1548,1.15494,1.15476,1.15491
2026-08-11 01:55:00+00:00,1.15485,1.15491,1.15464,1.15468
2026-08-11 02:00:00+00:00,1.15475,1.15475,1.15452,1.1546
2026-08-11 02:05:00+00:00,1.15458,1.15464,1.15443,1.15445
2026-08-11 02:10:00+00:00,1.15448,1.15452,1.15435,1.15437
2026-08-11 02:15:00+00:00,1.15442,1.15456,1.15435,1.15437
2026-08-11 02:20:00+00:00,1.15437,1.15442,1.15407,1.1541
2026-08-11 02:25:00+00:00,1.15412,1.15434,1.15404,1.1543
2026-08-11 02:30:00+00:00,1.15429,1.15429,1.15405,1.15407
2026-08-11 02:35:00+00:00,1.15413,1.15426,1.15412,1.15414
2026-08-11 02:40:00+00:00,1.15417,1.15424,1.15411,1.15424
2026-08-11 02:45:00+00:00,1.1542,1.15424,1.154,1.15408
2026-08-11 02:50:00+00:00,1.15407,1.15409,1.15399,1.15399
2026-08-11 02:55:00+00:00,1.154,1.15406,1.15387,1.15404
2026-08-11 03:00:00+00:00,1.15402,1.1541,1.15399,1.15405
2026-08-11 03:05:00+00:00,1.15402,1.15423,1.15398,1.15415
2026-08-11 03:10:00+00:00,1.15416,1.15426,1.15411,1.15424
2026-08-11 03:15:00+00:00,1.15421,1.15432,1.15419,1.15431
2026-08-11 03:20:00+00:00,1.15427,1.15436,1.15419,1.15425
2026-08-11 03:25:00+00:00,1.15422,1.15444,1.15422,1.15443
2026-08-11 03:30:00+00:00,1.15439,1.15453,1.15439,1.15452
2026-08-11 03:35:00+00:00,1.15449,1.15455,1.15443,1.1545
2026-08-11 03:40:00+00:00,1.15448,1.15448,1.15436,1.15442
2026-08-11 03:45:00+00:00,1.1544,1.15444,1.15429,1.15435
2026-08-11 03:50:00+00:00,1.15431,1.15435,1.1542,1.15422
2026-08-11 03:55:00+00:00,1.15426,1.15439,1.15426,1.15432
2026-08-11 04:00:00+00:00,1.1543,1.15444,1.15428,1.15443
2026-08-11 04:05:00+00:00,1.1544,1.15445,1.15435,1.15442
2026-08-11 04:10:00+00:00,1.1544,1.15444,1.15436,1.15443
2026-08-11 04:15:00+00:00,1.1544,1.15453,1.15433,1.15448
2026-08-11 04:20:00+00:00,1.15446,1.15447,1.15437,1.15444
2026-08-11 04:25:00+00:00,1.15442,1.15453,1.1544,1.15451
2026-08-11 04:30:00+00:00,1.15447,1.15451,1.15431,1.15434
2026-08-11 04:35:00+00:00,1.15439,1.1544,1.15419,1.15428
2026-08-11 04:40:00+00:00,1.15426,1.15428,1.15401,1.15415
2026-08-11 04:45:00+00:00,1.15411,1.15444,1.15408,1.1541
2026-08-11 04:50:00+00:00,1.15412,1.15414,1.15393,1.1541
2026-08-11 04:55:00+00:00,1.15405,1.15428,1.15405,1.15419
2026-08-11 05:00:00+00:00,1.15421,1.15431,1.15417,1.15422
2026-08-11 05:05:00+00:00,1.15419,1.15423,1.15411,1.1542
2026-08-11 05:10:00+00:00,1.15416,1.15421,1.15407,1.15408
2026-08-11 05:15:00+00:00,1.15412,1.15417,1.15407,1.15414
2026-08-11 05:20:00+00:00,1.15412,1.15415,1.154,1.15415
2026-08-11 05:25:00+00:00,1.15412,1.15417,1.15409,1.15415
2026-08-11 05:30:00+00:00,1.15412,1.15417,1.15404,1.15409
2026-08-11 05:35:00+00:00,1.15411,1.1542,1.1541,1.15415
2026-08-11 05:40:00+00:00,1.15413,1.15427,1.15411,1.15427
2026-08-11 05:45:00+00:00,1.15423,1.1543,1.15415,1.15417
2026-08-11 05:50:00+00:00,1.1542,1.15424,1.15397,1.15398
2026-08-11 05:55:00+00:00,1.15401,1.15415,1.15388,1.15412
2026-08-11 06:00:00+00:00,1.15409,1.15432,1.15409,1.1543
2026-08-11 06:05:00+00:00,1.15429,1.15429,1.15404,1.15408
2026-08-11 06:10:00+00:00,1.15412,1.15417,1.15407,1.15415
2026-08-11 06:15:00+00:00,1.15414,1.15414,1.15388,1.15393
2026-08-11 06:20:00+00:00,1.15401,1.15401,1.15355,1.15363
2026-08-11 06:25:00+00:00,1.15361,1.15379,1.15346,1.15377
2026-08-11 06:30:00+00:00,1.15375,1.15375,1.15335,1.15338
2026-08-11 06:35:00+00:00,1.15344,1.15368,1.15337,1.15367
2026-08-11 06:40:00+00:00,1.15362,1.1538,1.15356,1.15374
2026-08-11 06:45:00+00:00,1.15373,1.15373,1.15356,1.15365
2026-08-11 06:50:00+00:00,1.15362,1.15368,1.15347,1.15348
2026-08-11 06:55:00+00:00,1.15351,1.15365,1.15345,1.15363
2026-08-11 07:00:00+00:00,1.15359,1.15391,1.15351,1.15382
2026-08-11 07:05:00+00:00,1.15386,1.15403,1.15377,1.1539
2026-08-11 07:10:00+00:00,1.15392,1.15409,1.15382,1.15393
2026-08-11 07:15:00+00:00,1.15392,1.15393,1.15367,1.15385
2026-08-11 07:20:00+00:00,1.15382,1.15389,1.15358,1.15362
2026-08-11 07:25:00+00:00,1.15366,1.15384,1.1536,1.15381
2026-08-11 07:30:00+00:00,1.15376,1.15385,1.15364,1.1537
2026-08-11 07:35:00+00:00,1.15373,1.15376,1.1536,1.15364
2026-08-11 07:40:00+00:00,1.15368,1.15368,1.15334,1.15336
2026-08-11 07:45:00+00:00,1.15338,1.15349,1.15331,1.15347
2026-08-11 07:50:00+00:00,1.15343,1.15351,1.15332,1.15349
2026-08-11 07:55:00+00:00,1.15347,1.1535,1.15322,1.15325
2026-08-11 08:00:00+00:00,1.15331,1.15331,1.15319,1.15328
2026-08-11 08:05:00+00:00,1.15323,1.15338,1.15314,1.15333
2026-08-11 08:10:00+00:00,1.15326,1.15341,1.15319,1.1532
2026-08-11 08:15:00+00:00,1.15322,1.15344,1.15322,1.15342
2026-08-11 08:20:00+00:00,1.15339,1.15342,1.15327,1.15339
2026-08-11 08:25:00+00:00,1.15333,1.15345,1.15327,1.15342
2026-08-11 08:30:00+00:00,1.15337,1.15355,1.15337,1.15353
2026-08-11 08:35:00+00:00,1.1535,1.15366,1.1534,1.15365
2026-08-11 08:40:00+00:00,1.15359,1.15388,1.15359,1.15387
2026-08-11 08:45:00+00:00,1.15386,1.15386,1.15361,1.15364
2026-08-11 08:50:00+00:00,1.15373,1.15383,1.15355,1.15367
2026-08-11 08:55:00+00:00,1.15366,1.15372,1.15355,1.15365
2026-08-11 09:00:00+00:00,1.15362,1.1537,1.1535,1.15353
2026-08-11 09:05:00+00:00,1.15359,1.15359,1.1534,1.15343
2026-08-11 09:10:00+00:00,1.15345,1.15355,1.15342,1.15351
2026-08-11 09:15:00+00:00,1.15349,1.15352,1.1534,1.15351
2026-08-11 09:20:00+00:00,1.15348,1.15354,1.15334,1.15337
2026-08-11 09:25:00+00:00,1.15342,1.15347,1.15331,1.15343
2026-08-11 09:30:00+00:00,1.15338,1.1535,1.15336,1.15347
2026-08-11 09:35:00+00:00,1.15345,1.15345,1.15335,1.15345
2026-08-11 09:40:00+00:00,1.15342,1.15346,1.15334,1.15341
2026-08-11 09:45:00+00:00,1.15341,1.15366,1.15341,1.15364
2026-08-11 09:50:00+00:00,1.1536,1.15366,1.15357,1.15363
2026-08-11 09:55:00+00:00,1.15362,1.15373,1.1536,1.15371
2026-08-11 10:00:00+00:00,1.15368,1.15374,1.15345,1.15347
2026-08-11 10:05:00+00:00,1.15351,1.15384,1.15351,1.15372
2026-08-11 10:10:00+00:00,1.15378,1.15383,1.15364,1.15366
2026-08-11 10:15:00+00:00,1.15369,1.15369,1.15339,1.15354
2026-08-11 10:20:00+00:00,1.15353,1.15356,1.15332,1.15355
2026-08-11 10:25:00+00:00,1.15352,1.15376,1.15347,1.15375
2026-08-11 10:30:00+00:00,1.15373,1.15374,1.15355,1.1536
2026-08-11 10:35:00+00:00,1.15361,1.15384,1.15361,1.15382
2026-08-11 10:40:00+00:00,1.1538,1.15385,1.1537,1.15373
2026-08-11 10:45:00+00:00,1.15378,1.15378,1.15359,1.15363
2026-08-11 10:50:00+00:00,1.15361,1.15365,1.15352,1.15353
2026-08-11 10:55:00+00:00,1.15354,1.15364,1.15348,1.15362
2026-08-11 11:00:00+00:00,1.15356,1.15429,1.15356,1.1542
2026-08-11 11:05:00+00:00,1.15406,1.15433,1.15399,1.15403
2026-08-11 11:10:00+00:00,1.15411,1.15425,1.15397,1.15423
2026-08-11 11:15:00+00:00,1.15421,1.15424,1.15392,1.15397
2026-08-11 11:20:00+00:00,1.154,1.15404,1.15387,1.15395
2026-08-11 11:25:00+00:00,1.1539,1.15403,1.15388,1.15402
2026-08-11 11:30:00+00:00,1.154,1.15401,1.15372,1.15382
2026-08-11 11:35:00+00:00,1.15379,1.15394,1.15377,1.15391
2026-08-11 11:40:00+00:00,1.15388,1.15391,1.15372,1.15374
2026-08-11 11:45:00+00:00,1.15377,1.15377,1.15361,1.15367
2026-08-11 11:50:00+00:00,1.15366,1.15379,1.15355,1.15377
2026-08-11 11:55:00+00:00,1.15372,1.15374,1.15359,1.15374
2026-08-11 12:00:00+00:00,1.15372,1.15378,1.15356,1.15376
2026-08-11 12:05:00+00:00,1.15372,1.15402,1.15364,1.15399
2026-08-11 12:10:00+00:00,1.15395,1.15407,1.15376,1.15378
2026-08-11 12:15:00+00:00,1.15381,1.15384,1.15367,1.15371
2026-08-11 12:20:00+00:00,1.15371,1.15412,1.15344,1.15348
2026-08-11 12:25:00+00:00,1.15355,1.15374,1.15346,1.15372
2026-08-11 12:30:00+00:00,1.15369,1.15422,1.15364,1.1542
2026-08-11 12:35:00+00:00,1.15414,1.15414,1.15386,1.15401
2026-08-11 12:40:00+00:00,1.15399,1.15405,1.15382,1.15388
2026-08-11 12:45:00+00:00,1.15394,1.15421,1.15394,1.15409
2026-08-11 12:50:00+00:00,1.15409,1.15421,1.15405,1.15413
2026-08-11 12:55:00+00:00,1.15411,1.15437,1.15403,1.15436
2026-08-11 13:00:00+00:00,1.15435,1.15447,1.15421,1.1543
2026-08-11 13:05:00+00:00,1.15438,1.15438,1.15424,1.15432
2026-08-11 13:10:00+00:00,1.15432,1.15441,1.1542,1.15425
2026-08-11 13:15:00+00:00,1.15432,1.15432,1.15409,1.15431
2026-08-11 13:20:00+00:00,1.1543,1.15448,1.15409,1.15445
2026-08-11 13:25:00+00:00,1.15441,1.15448,1.15421,1.1543
2026-08-11 13:30:00+00:00,1.15429,1.15433,1.15389,1.15412
2026-08-11 13:35:00+00:00,1.15408,1.15437,1.15405,1.15436
2026-08-11 13:40:00+00:00,1.15434,1.15448,1.15425,1.15444
2026-08-11 13:45:00+00:00,1.15438,1.15472,1.15438,1.15454
2026-08-11 13:50:00+00:00,1.15461,1.1549,1.15455,1.15487
2026-08-11 13:55:00+00:00,1.15479,1.15479,1.15437,1.15441
2026-08-11 14:00:00+00:00,1.15447,1.15447,1.15408,1.15409
2026-08-11 14:05:00+00:00,1.15411,1.15432,1.15408,1.15431
2026-08-11 14:10:00+00:00,1.15429,1.15429,1.15395,1.15414
2026-08-11 14:15:00+00:00,1.15409,1.15425,1.15404,1.15408
2026-08-11 14:20:00+00:00,1.1541,1.15425,1.15397,1.15404
2026-08-11 14:25:00+00:00,1.1541,1.15412,1.15386,1.15391
2026-08-11 14:30:00+00:00,1.15398,1.1541,1.15386,1.15409
2026-08-11 14:35:00+00:00,1.15402,1.15428,1.15402,1.15428
2026-08-11 14:40:00+00:00,1.15426,1.15431,1.15411,1.15429
2026-08-11 14:45:00+00:00,1.15425,1.15436,1.15407,1.1541
2026-08-11 14:50:00+00:00,1.15414,1.15433,1.15403,1.15431
2026-08-11 14:55:00+00:00,1.15429,1.15435,1.15413,1.15424
2026-08-11 15:00:00+00:00,1.15421,1.15447,1.1542,1.15441
2026-08-11 15:05:00+00:00,1.15434,1.15451,1.15403,1.15404
2026-08-11 15:10:00+00:00,1.15406,1.15414,1.15389,1.15393
2026-08-11 15:15:00+00:00,1.15397,1.15397,1.1537,1.15376
2026-08-11 15:20:00+00:00,1.15373,1.15408,1.15373,1.15406
2026-08-11 15:25:00+00:00,1.15402,1.15408,1.15393,1.15406
2026-08-11 15:30:00+00:00,1.15403,1.15424,1.15387,1.15419
2026-08-11 15:35:00+00:00,1.1541,1.1541,1.15378,1.15394
2026-08-11 15:40:00+00:00,1.15391,1.15392,1.15376,1.15379
2026-08-11 15:45:00+00:00,1.1538,1.15403,1.15372,1.15401
2026-08-11 15:50:00+00:00,1.15399,1.15402,1.15387,1.15401
2026-08-11 15:55:00+00:00,1.15397,1.15436,1.15389,1.1542
2026-08-11 16:00:00+00:00,1.15421,1.15431,1.15416,1.15422
2026-08-11 16:05:00+00:00,1.15423,1.15431,1.15401,1.15416
2026-08-11 16:10:00+00:00,1.15408,1.1543,1.15407,1.15411
2026-08-11 16:15:00+00:00,1.15418,1.15418,1.15397,1.15398
2026-08-11 16:20:00+00:00,1.15401,1.15406,1.15392,1.15398
2026-08-11 16:25:00+00:00,1.154,1.15421,1.15398,1.15419
2026-08-11 16:30:00+00:00,1.15417,1.15419,1.15409,1.15416
2026-08-11 16:35:00+00:00,1.15413,1.15421,1.1541,1.15416
2026-08-11 16:40:00+00:00,1.15416,1.15432,1.15413,1.15416
2026-08-11 16:45:00+00:00,1.15421,1.15421,1.15401,1.15413
2026-08-11 16:50:00+00:00,1.15411,1.15415,1.15401,1.15404
2026-08-11 16:55:00+00:00,1.15409,1.15409,1.15392,1.15395
2026-08-11 17:00:00+00:00,1.15399,1.15406,1.15391,1.154
2026-08-11 17:05:00+00:00,1.15401,1.15409,1.15366,1.15371
2026-08-11 17:10:00+00:00,1.15381,1.15381,1.15359,1.15366
2026-08-11 17:15:00+00:00,1.15364,1.15374,1.15355,1.15373
2026-08-11 17:20:00+00:00,1.1537,1.15379,1.15363,1.15364
2026-08-11 17:25:00+00:00,1.15366,1.15372,1.15346,1.15348
2026-08-11 17:30:00+00:00,1.15348,1.15363,1.15348,1.15363
2026-08-11 17:35:00+00:00,1.15361,1.15371,1.15346,1.15369
2026-08-11 17:40:00+00:00,1.15365,1.15382,1.15365,1.15381
2026-08-11 17:45:00+00:00,1.1538,1.15394,1.15377,1.15391
2026-08-11 17:50:00+00:00,1.15388,1.15394,1.15382,1.1539
2026-08-11 17:55:00+00:00,1.15389,1.15389,1.15375,1.15377
2026-08-11 18:00:00+00:00,1.1538,1.15385,1.15366,1.15367
2026-08-11 18:05:00+00:00,1.1537,1.15376,1.15363,1.15375
2026-08-11 18:10:00+00:00,1.15372,1.15372,1.15362,1.15369
2026-08-11 18:15:00+00:00,1.15367,1.15372,1.15352,1.15359
2026-08-11 18:20:00+00:00,1.1536,1.15366,1.15356,1.15361
2026-08-11 18:25:00+00:00,1.15361,1.15376,1.15358,1.15373
2026-08-11 18:30:00+00:00,1.15371,1.15397,1.15367,1.15393
2026-08-11 18:35:00+00:00,1.15385,1.15412,1.15385,1.15409
2026-08-11 18:40:00+00:00,1.15405,1.15419,1.15396,1.15416
2026-08-11 18:45:00+00:00,1.1541,1.15425,1.15408,1.15424
2026-08-11 18:50:00+00:00,1.15421,1.15421,1.15397,1.154
2026-08-11 18:55:00+00:00,1.15405,1.15413,1.15392,1.15396
2026-08-11 19:00:00+00:00,1.15402,1.15415,1.15401,1.15409
2026-08-11 19:05:00+00:00,1.1541,1.15424,1.15399,1.15421
2026-08-11 19:10:00+00:00,1.15418,1.15426,1.15412,1.15422
2026-08-11 19:15:00+00:00,1.1542,1.15425,1.154,1.15402
2026-08-11 19:20:00+00:00,1.15408,1.15421,1.15401,1.1542
2026-08-11 19:25:00+00:00,1.15418,1.15427,1.15416,1.15425
2026-08-11 19:30:00+00:00,1.15422,1.15431,1.1542,1.15431
2026-08-11 19:35:00+00:00,1.1543,1.1543,1.15412,1.1542
2026-08-11 19:40:00+00:00,1.15421,1.15434,1.1542,1.15423
2026-08-11 19:45:00+00:00,1.15422,1.15431,1.15416,1.15429
2026-08-11 19:50:00+00:00,1.15426,1.15436,1.15421,1.15428
2026-08-11 19:55:00+00:00,1.15427,1.15436,1.15419,1.15421
2026-08-11 20:00:00+00:00,1.15426,1.15439,1.15424,1.15436
2026-08-11 20:05:00+00:00,1.15435,1.15439,1.15429,1.15436
2026-08-11 20:10:00+00:00,1.15433,1.15442,1.15421,1.1543
2026-08-11 20:15:00+00:00,1.15429,1.15429,1.15419,1.15424
2026-08-11 20:20:00+00:00,1.15423,1.15426,1.15417,1.15424
2026-08-11 20:25:00+00:00,1.15422,1.15424,1.15411,1.15419
2026-08-11 20:30:00+00:00,1.15416,1.15422,1.15412,1.15418
2026-08-11 20:35:00+00:00,1.15415,1.15418,1.15408,1.15417
2026-08-11 20:40:00+00:00,1.15415,1.15415,1.15399,1.15401
2026-08-11 20:45:00+00:00,1.15404,1.15416,1.15393,1.15414
2026-08-11 20:50:00+00:00,1.15411,1.15424,1.15411,1.15423
2026-08-11 20:55:00+00:00,1.15421,1.15434,1.15415,1.15432
2026-08-11 21:00:00+00:00,1.15429,1.15435,1.15412,1.15413
2026-08-11 21:05:00+00:00,1.15413,1.15431,1.15413,1.15425
2026-08-11 21:10:00+00:00,1.15418,1.15429,1.15412,1.15425
2026-08-11 21:15:00+00:00,1.15417,1.15429,1.15412,1.15424
2026-08-11 21:20:00+00:00,1.15416,1.15431,1.15409,1.15411
2026-08-11 21:25:00+00:00,1.15415,1.15425,1.15399,1.15403
2026-08-11 21:30:00+00:00,1.154,1.15409,1.15398,1.15399
2026-08-11 21:35:00+00:00,1.15401,1.15415,1.15397,1.15404
2026-08-11 21:40:00+00:00,1.15412,1.15415,1.15396,1.15406
2026-08-11 21:45:00+00:00,1.15409,1.15413,1.154,1.15412
2026-08-11 21:50:00+00:00,1.1541,1.15415,1.15403,1.15409
2026-08-11 21:55:00+00:00,1.15406,1.15412,1.15395,1.15404
2026-08-11 22:00:00+00:00,1.15406,1.15439,1.15403,1.15434
2026-08-11 22:05:00+00:00,1.15432,1.15436,1.15425,1.15435
2026-08-11 22:10:00+00:00,1.15432,1.15435,1.15424,1.1543
2026-08-11 22:15:00+00:00,1.1543,1.15432,1.15425,1.15426
2026-08-11 22:20:00+00:00,1.15429,1.15435,1.15425,1.15431
2026-08-11 22:25:00+00:00,1.15429,1.15437,1.15425,1.15436
2026-08-11 22:30:00+00:00,1.15433,1.15438,1.15424,1.15426
2026-08-11 22:35:00+00:00,1.15429,1.15433,1.15416,1.15425
2026-08-11 22:40:00+00:00,1.15422,1.15427,1.15419,1.15423
2026-08-11 22:45:00+00:00,1.15421,1.15431,1.15419,1.1543
2026-08-11 22:50:00+00:00,1.15428,1.15437,1.15424,1.15425
2026-08-11 22:55:00+00:00,1.15428,1.1544,1.15428,1.15433
2026-08-11 23:00:00+00:00,1.15434,1.15441,1.15428,1.1543
2026-08-11 23:05:00+00:00,1.15432,1.15441,1.15428,1.15441
2026-08-11 23:10:00+00:00,1.15438,1.1544,1.15429,1.15429
2026-08-11 23:15:00+00:00,1.15431,1.15434,1.15423,1.15423
2026-08-11 23:20:00+00:00,1.15425,1.15437,1.1542,1.15435
2026-08-11 23:25:00+00:00,1.15432,1.15437,1.15421,1.15433
2026-08-11 23:30:00+00:00,1.15431,1.15431,1.15412,1.15414
2026-08-11 23:35:00+00:00,1.15418,1.15427,1.15413,1.15426
2026-08-11 23:40:00+00:00,1.15424,1.15435,1.15419,1.15432
2026-08-11 23:45:00+00:00,1.1543,1.15435,1.15423,1.1543
2026-08-11 23:50:00+00:00,1.15428,1.15435,1.15425,1.15434
2026-08-11 23:55:00+00:00,1.15431,1.1544,1.15429,1.15438
2026-08-12 00:00:00+00:00,1.15436,1.15447,1.15425,1.15445
2026-08-12 00:05:00+00:00,1.15441,1.15446,1.15425,1.15441
2026-08-12 00:10:00+00:00,1.15437,1.15451,1.15437,1.15438
2026-08-12 00:15:00+00:00,1.15442,1.1545,1.15435,1.1544
2026-08-12 00:20:00+00:00,1.1544,1.1545,1.15439,1.15448
2026-08-12 00:25:00+00:00,1.15444,1.15452,1.15433,1.15446
2026-08-12 00:30:00+00:00,1.15444,1.15447,1.15427,1.15431
2026-08-12 00:35:00+00:00,1.15433,1.15436,1.15423,1.15432
2026-08-12 00:40:00+00:00,1.15431,1.15441,1.15428,1.15434
2026-08-12 00:45:00+00:00,1.15431,1.15435,1.15413,1.15424
2026-08-12 00:50:00+00:00,1.15423,1.15423,1.15399,1.15401
2026-08-12 00:55:00+00:00,1.15404,1.1542,1.15399,1.15409
2026-08-12 01:00:00+00:00,1.15412,1.15413,1.15387,1.15389
2026-08-12 01:05:00+00:00,1.15389,1.15395,1.15376,1.15378
2026-08-12 01:10:00+00:00,1.15379,1.15384,1.15368,1.15369
2026-08-12 01:15:00+00:00,1.15373,1.15386,1.15372,1.15373
2026-08-12 01:20:00+00:00,1.15375,1.15383,1.15372,1.15379
2026-08-12 01:25:00+00:00,1.15377,1.15383,1.1537,1.15382
2026-08-12 01:30:00+00:00,1.15378,1.15392,1.15376,1.15384
2026-08-12 01:35:00+00:00,1.15385,1.15387,1.15375,1.1538
2026-08-12 01:40:00+00:00,1.15381,1.15397,1.15381,1.15395
2026-08-12 01:45:00+00:00,1.15391,1.15405,1.1539,1.15404
2026-08-12 01:50:00+00:00,1.15402,1.15404,1.15382,1.15383
2026-08-12 01:55:00+00:00,1.15386,1.15391,1.15379,1.15386
2026-08-12 02:00:00+00:00,1.15384,1.15386,1.1537,1.15375
2026-08-12 02:05:00+00:00,1.15372,1.15384,1.15366,1.15379
2026-08-12 02:10:00+00:00,1.15378,1.15384,1.15371,1.15373
2026-08-12 02:15:00+00:00,1.15376,1.1538,1.15352,1.15355
2026-08-12 02:20:00+00:00,1.1536,1.15367,1.1535,1.15365
2026-08-12 02:25:00+00:00,1.15363,1.15374,1.1536,1.15373
2026-08-12 02:30:00+00:00,1.15371,1.15396,1.15367,1.15393
2026-08-12 02:35:00+00:00,1.15388,1.154,1.1538,1.15399
2026-08-12 02:40:00+00:00,1.15396,1.15396,1.15376,1.1539
2026-08-12 02:45:00+00:00,1.15386,1.15396,1.15375,1.1538
2026-08-12 02:50:00+00:00,1.15383,1.15384,1.15374,1.15379
2026-08-12 02:55:00+00:00,1.1538,1.15386,1.15371,1.15379
2026-08-12 03:00:00+00:00,1.15378,1.15388,1.1537,1.15384
2026-08-12 03:05:00+00:00,1.15382,1.15385,1.15368,1.15383
2026-08-12 03:10:00+00:00,1.1538,1.15389,1.15376,1.15377
2026-08-12 03:15:00+00:00,1.1538,1.15387,1.15367,1.15375
2026-08-12 03:20:00+00:00,1.15373,1.1538,1.1537,1.15379
2026-08-12 03:25:00+00:00,1.15377,1.15378,1.15366,1.15368
2026-08-12 03:30:00+00:00,1.1537,1.15374,1.15362,1.15367
2026-08-12 03:35:00+00:00,1.1537,1.15379,1.15363,1.15373
2026-08-12 03:40:00+00:00,1.15371,1.15371,1.15358,1.15362
2026-08-12 03:45:00+00:00,1.15365,1.15368,1.15356,1.15361
2026-08-12 03:50:00+00:00,1.15361,1.15363,1.15351,1.15354
2026-08-12 03:55:00+00:00,1.15359,1.1536,1.1535,1.15356
2026-08-12 04:00:00+00:00,1.15355,1.15361,1.15351,1.15356
2026-08-12 04:05:00+00:00,1.15352,1.15365,1.15352,1.15364
2026-08-12 04:10:00+00:00,1.15361,1.15362,1.15344,1.15347
2026-08-12 04:15:00+00:00,1.15348,1.15352,1.1533,1.15337
2026-08-12 04:20:00+00:00,1.15336,1.15344,1.15334,1.15343
2026-08-12 04:25:00+00:00,1.1534,1.15348,1.15332,1.15335
2026-08-12 04:30:00+00:00,1.15337,1.1535,1.15337,1.15349
2026-08-12 04:35:00+00:00,1.15347,1.1535,1.1534,1.15347
2026-08-12 04:40:00+00:00,1.15345,1.15363,1.15341,1.15362
2026-08-12 04:45:00+00:00,1.1536,1.15364,1.15349,1.15353
2026-08-12 04:50:00+00:00,1.15356,1.15359,1.15348,1.15351
2026-08-12 04:55:00+00:00,1.15353,1.15368,1.15348,1.15365
2026-08-12 05:00:00+00:00,1.15363,1.15363,1.15346,1.15353
2026-08-12 05:05:00+00:00,1.15351,1.15351,1.15335,1.15345
2026-08-12 05:10:00+00:00,1.15342,1.15347,1.15338,1.1534
2026-08-12 05:15:00+00:00,1.15345,1.15348,1.15328,1.15333
2026-08-12 05:20:00+00:00,1.15331,1.15339,1.15322,1.15323
2026-08-12 05:25:00+00:00,1.15324,1.15336,1.15322,1.15334
2026-08-12 05:30:00+00:00,1.15331,1.15354,1.15331,1.15342
2026-08-12 05:35:00+00:00,1.15348,1.15349,1.15335,1.15345
2026-08-12 05:40:00+00:00,1.15341,1.15354,1.15339,1.15347
2026-08-12 05:45:00+00:00,1.15345,1.15349,1.15327,1.15331
2026-08-12 05:50:00+00:00,1.15334,1.15337,1.15324,1.15328
2026-08-12 05:55:00+00:00,1.1533,1.15348,1.1533,1.15341
2026-08-12 06:00:00+00:00,1.15338,1.15347,1.15332,1.15344
2026-08-12 06:05:00+00:00,1.15342,1.15353,1.15339,1.15347
2026-08-12 06:10:00+00:00,1.15348,1.15354,1.1534,1.15353
2026-08-12 06:15:00+00:00,1.15351,1.15359,1.15344,1.15356
2026-08-12 06:20:00+00:00,1.15353,1.1536,1.15347,1.15355
2026-08-12 06:25:00+00:00,1.15353,1.15361,1.15348,1.15352
2026-08-12 06:30:00+00:00,1.15353,1.15363,1.15339,1.1536
2026-08-12 06:35:00+00:00,1.15354,1.15364,1.15348,1.1536
2026-08-12 06:40:00+00:00,1.15357,1.15364,1.15347,1.15363
2026-08-12 06:45:00+00:00,1.15361,1.15361,1.15344,1.15347
2026-08-12 06:50:00+00:00,1.15353,1.15355,1.15339,1.15342
2026-08-12 06:55:00+00:00,1.15347,1.15368,1.15339,1.1536
2026-08-12 07:00:00+00:00,1.15361,1.15379,1.1536,1.15373
2026-08-12 07:05:00+00:00,1.15371,1.15383,1.15358,1.15378
2026-08-12 07:10:00+00:00,1.15379,1.15394,1.15375,1.15392
2026-08-12 07:15:00+00:00,1.15391,1.15394,1.15379,1.15392
2026-08-12 07:20:00+00:00,1.15389,1.15396,1.15371,1.15385
2026-08-12 07:25:00+00:00,1.15382,1.15388,1.15375,1.15377
2026-08-12 07:30:00+00:00,1.1538,1.15384,1.15368,1.15382
2026-08-12 07:35:00+00:00,1.15378,1.1539,1.1537,1.15388
2026-08-12 07:40:00+00:00,1.1538,1.15396,1.15374,1.15378
2026-08-12 07:45:00+00:00,1.15382,1.15385,1.1537,1.15379
2026-08-12 07:50:00+00:00,1.1538,1.15387,1.15375,1.15385
2026-08-12 07:55:00+00:00,1.15384,1.15384,1.15359,1.15372
2026-08-12 08:00:00+00:00,1.15369,1.15381,1.15346,1.1536
2026-08-12 08:05:00+00:00,1.15359,1.15371,1.15346,1.15351
2026-08-12 08:10:00+00:00,1.15359,1.15376,1.15359,1.1537
2026-08-12 08:15:00+00:00,1.15368,1.1538,1.15356,1.15379
2026-08-12 08:20:00+00:00,1.15374,1.15397,1.15374,1.15383
2026-08-12 08:25:00+00:00,1.1539,1.1539,1.15368,1.15383
2026-08-12 08:30:00+00:00,1.15379,1.15385,1.15371,1.15382
2026-08-12 08:35:00+00:00,1.1538,1.15385,1.15367,1.15384
2026-08-12 08:40:00+00:00,1.15381,1.15403,1.15376,1.154
2026-08-12 08:45:00+00:00,1.15394,1.15403,1.15374,1.15375
2026-08-12 08:50:00+00:00,1.1538,1.15402,1.1538,1.1539
2026-08-12 08:55:00+00:00,1.15389,1.15391,1.15364,1.1537
2026-08-12 09:00:00+00:00,1.1537,1.15389,1.15368,1.15386
2026-08-12 09:05:00+00:00,1.15381,1.15397,1.15372,1.15374
2026-08-12 09:10:00+00:00,1.15379,1.15411,1.15379,1.1541
2026-08-12 09:15:00+00:00,1.15406,1.15424,1.15405,1.15422
2026-08-12 09:20:00+00:00,1.1542,1.15472,1.154,1.1546
2026-08-12 09:25:00+00:00,1.15438,1.1548,1.15421,1.15427
2026-08-12 09:30:00+00:00,1.15431,1.15444,1.15425,1.15432
2026-08-12 09:35:00+00:00,1.15438,1.15441,1.15408,1.15415
2026-08-12 09:40:00+00:00,1.1543,1.1543,1.15391,1.15394
2026-08-12 09:45:00+00:00,1.154,1.154,1.15376,1.15385
2026-08-12 09:50:00+00:00,1.15384,1.15404,1.15354,1.15369
2026-08-12 09:55:00+00:00,1.15365,1.15372,1.15358,1.1537
2026-08-12 10:00:00+00:00,1.15368,1.15375,1.15352,1.15372
2026-08-12 10:05:00+00:00,1.15366,1.15393,1.15366,1.15369
2026-08-12 10:10:00+00:00,1.15374,1.15383,1.15364,1.15382
2026-08-12 10:15:00+00:00,1.15379,1.1538,1.15358,1.15378
2026-08-12 10:20:00+00:00,1.15372,1.15388,1.15367,1.15387
2026-08-12 10:25:00+00:00,1.15385,1.15393,1.15371,1.15379
2026-08-12 10:30:00+00:00,1.15384,1.15386,1.15362,1.15374
2026-08-12 10:35:00+00:00,1.15372,1.15373,1.15358,1.15372
2026-08-12 10:40:00+00:00,1.1537,1.15378,1.15364,1.15374
2026-08-12 10:45:00+00:00,1.15371,1.1538,1.15343,1.15354
2026-08-12 10:50:00+00:00,1.15371,1.15371,1.15335,1.15348
2026-08-12 10:55:00+00:00,1.15338,1.15366,1.15338,1.15352
2026-08-12 11:00:00+00:00,1.15359,1.15365,1.15338,1.15364
2026-08-12 11:05:00+00:00,1.15361,1.15368,1.15355,1.15358
2026-08-12 11:10:00+00:00,1.15361,1.15366,1.15338,1.15355
2026-08-12 11:15:00+00:00,1.15353,1.15363,1.15346,1.15362
2026-08-12 11:20:00+00:00,1.15358,1.15379,1.1535,1.15374
2026-08-12 11:25:00+00:00,1.15366,1.15393,1.15366,1.1539
2026-08-12 11:30:00+00:00,1.15386,1.15401,1.15386,1.15399
2026-08-12 11:35:00+00:00,1.15397,1.154,1.1538,1.15388
2026-08-12 11:40:00+00:00,1.15386,1.15408,1.15383,1.15402
2026-08-12 11:45:00+00:00,1.15403,1.15421,1.154,1.15409
2026-08-12 11:50:00+00:00,1.15416,1.15444,1.15405,1.15443
2026-08-12 11:55:00+00:00,1.15437,1.15456,1.15437,1.15452
2026-08-12 12:00:00+00:00,1.15451,1.15451,1.15424,1.15449
2026-08-12 12:05:00+00:00,1.15445,1.15463,1.15435,1.15461
2026-08-12 12:10:00+00:00,1.15458,1.15462,1.15443,1.15455
2026-08-12 12:15:00+00:00,1.15453,1.15458,1.15423,1.15428
2026-08-12 12:20:00+00:00,1.15434,1.15443,1.15425,1.15441
2026-08-12 12:25:00+00:00,1.15438,1.15453,1.15415,1.15448
2026-08-12 12:30:00+00:00,1.15439,1.15504,1.15354,1.1549
2026-08-12 12:35:00+00:00,1.15453,1.15531,1.15453,1.1553
2026-08-12 12:40:00+00:00,1.15526,1.15596,1.15519,1.15592
2026-08-12 12:45:00+00:00,1.15585,1.15588,1.15524,1.15558
2026-08-12 12:50:00+00:00,1.15546,1.15573,1.15546,1.15567
2026-08-12 12:55:00+00:00,1.15563,1.15595,1.15552,1.15573
2026-08-12 13:00:00+00:00,1.15562,1.15615,1.15562,1.15569
2026-08-12 13:05:00+00:00,1.1558,1.15622,1.15569,1.15618
2026-08-12 13:10:00+00:00,1.1561,1.15622,1.15529,1.15537
2026-08-12 13:15:00+00:00,1.15554,1.15554,1.15497,1.15548
2026-08-12 13:20:00+00:00,1.15547,1.15547,1.15507,1.15509
2026-08-12 13:25:00+00:00,1.15515,1.15541,1.15513,1.15528
2026-08-12 13:30:00+00:00,1.15533,1.15557,1.15533,1.15555
2026-08-12 13:35:00+00:00,1.15551,1.15559,1.15495,1.15498
2026-08-12 13:40:00+00:00,1.15504,1.15504,1.1548,1.15495
2026-08-12 13:45:00+00:00,1.15492,1.15502,1.15468,1.15498
2026-08-12 13:50:00+00:00,1.15492,1.15531,1.15492,1.15527
2026-08-12 13:55:00+00:00,1.15524,1.1553,1.15515,1.15529
2026-08-12 14:00:00+00:00,1.15527,1.1553,1.15511,1.15513
2026-08-12 14:05:00+00:00,1.15518,1.15544,1.15503,1.15507
2026-08-12 14:10:00+00:00,1.15512,1.15513,1.15497,1.15511
2026-08-12 14:15:00+00:00,1.15508,1.15522,1.15499,1.1552
2026-08-12 14:20:00+00:00,1.15516,1.15536,1.15512,1.15531
2026-08-12 14:25:00+00:00,1.15529,1.1553,1.15491,1.15497
2026-08-12 14:30:00+00:00,1.15508,1.15508,1.15459,1.15495
2026-08-12 14:35:00+00:00,1.15492,1.15493,1.15469,1.15492
2026-08-12 14:40:00+00:00,1.1549,1.15491,1.15457,1.15462
2026-08-12 14:45:00+00:00,1.15469,1.1548,1.15424,1.15427
2026-08-12 14:50:00+00:00,1.15431,1.15441,1.15397,1.1542
2026-08-12 14:55:00+00:00,1.15408,1.15433,1.15408,1.15421
2026-08-12 15:00:00+00:00,1.15423,1.15428,1.154,1.15406
2026-08-12 15:05:00+00:00,1.15413,1.15421,1.15388,1.15419
2026-08-12 15:10:00+00:00,1.15413,1.1544,1.15413,1.15439
2026-08-12 15:15:00+00:00,1.15434,1.1544,1.154,1.15401
2026-08-12 15:20:00+00:00,1.15404,1.15424,1.15404,1.15414
2026-08-12 15:25:00+00:00,1.15417,1.15426,1.15403,1.15408
2026-08-12 15:30:00+00:00,1.15417,1.15417,1.15388,1.15403
2026-08-12 15:35:00+00:00,1.15402,1.15407,1.15386,1.15393
2026-08-12 15:40:00+00:00,1.15396,1.15405,1.1538,1.15382
2026-08-12 15:45:00+00:00,1.15386,1.15386,1.15355,1.15362
2026-08-12 15:50:00+00:00,1.15361,1.15382,1.1536,1.1538
2026-08-12 15:55:00+00:00,1.15373,1.15401,1.15372,1.15398
2026-08-12 16:00:00+00:00,1.15392,1.15404,1.1537,1.15372
2026-08-12 16:05:00+00:00,1.15376,1.15376,1.1534,1.15342
2026-08-12 16:10:00+00:00,1.15345,1.15371,1.15345,1.15366
2026-08-12 16:15:00+00:00,1.15351,1.15372,1.15335,1.15341
2026-08-12 16:20:00+00:00,1.15339,1.15345,1.1532,1.15323
2026-08-12 16:25:00+00:00,1.15323,1.15339,1.15319,1.15338
2026-08-12 16:30:00+00:00,1.15334,1.15334,1.15291,1.15297
2026-08-12 16:35:00+00:00,1.15306,1.15306,1.15288,1.15302
2026-08-12 16:40:00+00:00,1.15299,1.15307,1.15299,1.15304
2026-08-12 16:45:00+00:00,1.15304,1.15309,1.15265,1.15269
2026-08-12 16:50:00+00:00,1.15276,1.15276,1.15254,1.15269
2026-08-12 16:55:00+00:00,1.15265,1.15291,1.15263,1.1529
2026-08-12 17:00:00+00:00,1.15288,1.15307,1.15283,1.15291
2026-08-12 17:05:00+00:00,1.15294,1.15304,1.15282,1.15301
2026-08-12 17:10:00+00:00,1.15299,1.15302,1.15282,1.15292
2026-08-12 17:15:00+00:00,1.1529,1.1529,1.15275,1.15276
2026-08-12 17:20:00+00:00,1.15278,1.15286,1.15266,1.15268
2026-08-12 17:25:00+00:00,1.15272,1.15286,1.15266,1.15283
2026-08-12 17:30:00+00:00,1.15281,1.1529,1.15271,1.15289
2026-08-12 17:35:00+00:00,1.15283,1.1529,1.15258,1.1526
2026-08-12 17:40:00+00:00,1.15265,1.15268,1.15234,1.15241
2026-08-12 17:45:00+00:00,1.15253,1.15253,1.15228,1.15242
2026-08-12 17:50:00+00:00,1.15241,1.1525,1.15233,1.15242
2026-08-12 17:55:00+00:00,1.15241,1.15241,1.15221,1.15223
2026-08-12 18:00:00+00:00,1.15226,1.15227,1.15205,1.15208
2026-08-12 18:05:00+00:00,1.15211,1.15222,1.1521,1.15219
2026-08-12 18:10:00+00:00,1.15217,1.15254,1.15208,1.15254
2026-08-12 18:15:00+00:00,1.15252,1.15252,1.15238,1.15239
2026-08-12 18:20:00+00:00,1.15242,1.15254,1.15241,1.15251
2026-08-12 18:25:00+00:00,1.15251,1.15268,1.15246,1.15251
2026-08-12 18:30:00+00:00,1.15259,1.15259,1.1523,1.15235
2026-08-12 18:35:00+00:00,1.15235,1.15253,1.15235,1.1524
2026-08-12 18:40:00+00:00,1.15247,1.15247,1.1523,1.15235
2026-08-12 18:45:00+00:00,1.15238,1.15244,1.15229,1.15236
2026-08-12 18:50:00+00:00,1.15233,1.15247,1.15226,1.15227
2026-08-12 18:55:00+00:00,1.15228,1.15233,1.15199,1.152
2026-08-12 19:00:00+00:00,1.15203,1.15234,1.152,1.15211
2026-08-12 19:05:00+00:00,1.15214,1.1522,1.15209,1.15217
2026-08-12 19:10:00+00:00,1.15212,1.15231,1.15212,1.1523
2026-08-12 19:15:00+00:00,1.15227,1.15239,1.15222,1.15229
2026-08-12 19:20:00+00:00,1.1523,1.15249,1.1523,1.15246
2026-08-12 19:25:00+00:00,1.15246,1.15248,1.15221,1.15234
2026-08-12 19:30:00+00:00,1.15231,1.15231,1.1521,1.15215
2026-08-12 19:35:00+00:00,1.15217,1.1523,1.15215,1.15229
2026-08-12 19:40:00+00:00,1.15228,1.15231,1.1521,1.15229
2026-08-12 19:45:00+00:00,1.15224,1.15234,1.15222,1.15229
2026-08-12 19:50:00+00:00,1.15226,1.15227,1.15211,1.15222
2026-08-12 19:55:00+00:00,1.1522,1.15226,1.15197,1.15201
2026-08-12 20:00:00+00:00,1.15212,1.15238,1.15212,1.15229
2026-08-12 20:05:00+00:00,1.15233,1.15245,1.15223,1.1523
2026-08-12 20:10:00+00:00,1.15236,1.15236,1.15218,1.15229
2026-08-12 20:15:00+00:00,1.15227,1.15232,1.15219,1.1522
2026-08-12 20:20:00+00:00,1.15222,1.15227,1.15214,1.15225
2026-08-12 20:25:00+00:00,1.15219,1.1523,1.15219,1.15228
2026-08-12 20:30:00+00:00,1.15225,1.15238,1.15224,1.15233
2026-08-12 20:35:00+00:00,1.15232,1.15246,1.1523,1.15239
2026-08-12 20:40:00+00:00,1.15242,1.15249,1.15238,1.15242
2026-08-12 20:45:00+00:00,1.15242,1.15263,1.15242,1.15262
2026-08-12 20:50:00+00:00,1.15259,1.15265,1.1525,1.1526
2026-08-12 20:55:00+00:00,1.15258,1.15259,1.15237,1.15247
2026-08-12 21:00:00+00:00,1.15251,1.15294,1.15236,1.15291
2026-08-12 21:05:00+00:00,1.15283,1.1529,1.15243,1.15255
2026-08-12 21:10:00+00:00,1.15253,1.15267,1.15229,1.15243
2026-08-12 21:15:00+00:00,1.15232,1.15257,1.15223,1.15245
2026-08-12 21:20:00+00:00,1.15232,1.1526,1.15226,1.15227
2026-08-12 21:25:00+00:00,1.15228,1.15258,1.15228,1.15251
2026-08-12 21:30:00+00:00,1.15237,1.15257,1.15233,1.15247
2026-08-12 21:35:00+00:00,1.15235,1.15254,1.15231,1.15232
2026-08-12 21:40:00+00:00,1.15233,1.15257,1.15227,1.15246
2026-08-12 21:45:00+00:00,1.15232,1.15257,1.15224,1.1525
2026-08-12 21:50:00+00:00,1.15234,1.15251,1.1523,1.15231
2026-08-12 21:55:00+00:00,1.15232,1.15255,1.15231,1.15232
2026-08-12 22:00:00+00:00,1.15233,1.15255,1.15233,1.15243
2026-08-12 22:05:00+00:00,1.15241,1.15252,1.15241,1.15251
2026-08-12 22:10:00+00:00,1.15248,1.15253,1.15238,1.15248
2026-08-12 22:15:00+00:00,1.15248,1.1527,1.15247,1.15255
2026-08-12 22:20:00+00:00,1.15251,1.15263,1.15249,1.1525
2026-08-12 22:25:00+00:00,1.15251,1.15256,1.15245,1.1525
2026-08-12 22:30:00+00:00,1.15247,1.15257,1.15247,1.15255
2026-08-12 22:35:00+00:00,1.15251,1.15262,1.15251,1.15261
2026-08-12 22:40:00+00:00,1.15259,1.15265,1.15253,1.15262
2026-08-12 22:45:00+00:00,1.1526,1.15267,1.15255,1.15256
2026-08-12 22:50:00+00:00,1.15257,1.1527,1.15256,1.15268
2026-08-12 22:55:00+00:00,1.15266,1.15272,1.15262,1.1527
2026-08-12 23:00:00+00:00,1.15267,1.15279,1.15264,1.15273
2026-08-12 23:05:00+00:00,1.15271,1.15275,1.15266,1.15273
2026-08-12 23:10:00+00:00,1.15271,1.15276,1.15265,1.15267
2026-08-12 23:15:00+00:00,1.1527,1.15283,1.15267,1.15273
2026-08-12 23:20:00+00:00,1.15276,1.1528,1.15267,1.15271
2026-08-12 23:25:00+00:00,1.15268,1.1528,1.15268,1.15277
2026-08-12 23:30:00+00:00,1.15275,1.15278,1.15268,1.15268
2026-08-12 23:35:00+00:00,1.1527,1.15273,1.15264,1.15266
2026-08-12 23:40:00+00:00,1.15267,1.15274,1.15264,1.15271
2026-08-12 23:45:00+00:00,1.15268,1.15275,1.15268,1.15271
2026-08-12 23:50:00+00:00,1.15269,1.15281,1.15264,1.15269
2026-08-12 23:55:00+00:00,1.15273,1.15284,1.15273,1.15283
2026-08-13 00:00:00+00:00,1.15282,1.15299,1.15279,1.15297
2026-08-13 00:05:00+00:00,1.15294,1.153,1.15287,1.153
2026-08-13 00:10:00+00:00,1.15298,1.153,1.15284,1.15287
2026-08-13 00:15:00+00:00,1.1529,1.15297,1.15282,1.15296
2026-08-13 00:20:00+00:00,1.15295,1.15303,1.15287,1.15301
2026-08-13 00:25:00+00:00,1.15298,1.15305,1.15287,1.15299
2026-08-13 00:30:00+00:00,1.15298,1.15313,1.1529,1.15311
2026-08-13 00:35:00+00:00,1.15307,1.15315,1.15306,1.15308
2026-08-13 00:40:00+00:00,1.15308,1.15312,1.15299,1.15309
2026-08-13 00:45:00+00:00,1.15306,1.15311,1.15284,1.15287
2026-08-13 00:50:00+00:00,1.15291,1.15291,1.15274,1.15284
2026-08-13 00:55:00+00:00,1.15282,1.1529,1.1527,1.15287
2026-08-13 01:00:00+00:00,1.15281,1.15294,1.15281,1.15287
2026-08-13 01:05:00+00:00,1.15284,1.15284,1.15276,1.15282
2026-08-13 01:10:00+00:00,1.15278,1.15297,1.15278,1.15288
2026-08-13 01:15:00+00:00,1.1529,1.15303,1.15286,1.153
2026-08-13 01:20:00+00:00,1.153,1.15303,1.1529,1.153
2026-08-13 01:25:00+00:00,1.15297,1.15305,1.1529,1.15293
2026-08-13 01:30:00+00:00,1.15298,1.15314,1.15295,1.15312
2026-08-13 01:35:00+00:00,1.15309,1.15313,1.15294,1.15295
2026-08-13 01:40:00+00:00,1.15297,1.15297,1.15282,1.15285
2026-08-13 01:45:00+00:00,1.1529,1.1529,1.15266,1.1527
2026-08-13 01:50:00+00:00,1.15269,1.15272,1.15246,1.15247
2026-08-13 01:55:00+00:00,1.1525,1.15251,1.15241,1.1525
2026-08-13 02:00:00+00:00,1.15247,1.15258,1.15247,1.15256
2026-08-13 02:05:00+00:00,1.15254,1.15259,1.15251,1.15257
2026-08-13 02:10:00+00:00,1.15254,1.15257,1.15239,1.1524
2026-08-13 02:15:00+00:00,1.15242,1.15245,1.15235,1.1524
2026-08-13 02:20:00+00:00,1.15237,1.15239,1.1523,1.15236
2026-08-13 02:25:00+00:00,1.15234,1.15238,1.15222,1.15224
2026-08-13 02:30:00+00:00,1.15226,1.15227,1.1521,1.15225
2026-08-13 02:35:00+00:00,1.15223,1.15227,1.15203,1.15209
2026-08-13 02:40:00+00:00,1.15207,1.15214,1.15202,1.15212
2026-08-13 02:45:00+00:00,1.15209,1.15223,1.15206,1.15222
2026-08-13 02:50:00+00:00,1.15219,1.15224,1.15215,1.15216
2026-08-13 02:55:00+00:00,1.15218,1.15228,1.15213,1.15225
2026-08-13 03:00:00+00:00,1.15224,1.15224,1.15207,1.15215
2026-08-13 03:05:00+00:00,1.15211,1.15243,1.15205,1.15241
2026-08-13 03:10:00+00:00,1.15238,1.15242,1.15218,1.15224
2026-08-13 03:15:00+00:00,1.15223,1.15225,1.15213,1.15215
2026-08-13 03:20:00+00:00,1.15213,1.1522,1.15205,1.15219
2026-08-13 03:25:00+00:00,1.15217,1.15225,1.1521,1.15222
2026-08-13 03:30:00+00:00,1.15216,1.15231,1.15216,1.15229
2026-08-13 03:35:00+00:00,1.15227,1.15229,1.15221,1.15227
2026-08-13 03:40:00+00:00,1.15224,1.15235,1.15224,1.15234
2026-08-13 03:45:00+00:00,1.15232,1.15236,1.15217,1.15218
2026-08-13 03:50:00+00:00,1.15219,1.15233,1.15217,1.15232
2026-08-13 03:55:00+00:00,1.15229,1.15229,1.15222,1.15225
2026-08-13 04:00:00+00:00,1.15223,1.15229,1.15214,1.15222
2026-08-13 04:05:00+00:00,1.1522,1.15226,1.15215,1.15216
2026-08-13 04:10:00+00:00,1.15219,1.15221,1.15205,1.15212
2026-08-13 04:15:00+00:00,1.1521,1.15217,1.15205,1.15213
2026-08-13 04:20:00+00:00,1.15209,1.1521,1.15199,1.15208
2026-08-13 04:25:00+00:00,1.15204,1.15222,1.15204,1.15212
2026-08-13 04:30:00+00:00,1.15215,1.1522,1.15211,1.15214
2026-08-13 04:35:00+00:00,1.15216,1.15219,1.15211,1.15216
2026-08-13 04:40:00+00:00,1.15214,1.15223,1.1521,1.15222
2026-08-13 04:45:00+00:00,1.1522,1.15246,1.15209,1.15244
2026-08-13 04:50:00+00:00,1.1524,1.15246,1.15229,1.15234
2026-08-13 04:55:00+00:00,1.15239,1.15267,1.15228,1.15266
2026-08-13 05:00:00+00:00,1.15261,1.15271,1.15253,1.15261
2026-08-13 05:05:00+00:00,1.15259,1.15267,1.15249,1.15252
2026-08-13 05:10:00+00:00,1.15256,1.15261,1.15246,1.15249
2026-08-13 05:15:00+00:00,1.15251,1.15265,1.15251,1.15262
2026-08-13 05:20:00+00:00,1.1526,1.15264,1.15254,1.15264
2026-08-13 05:25:00+00:00,1.15262,1.15274,1.15256,1.15264
2026-08-13 05:30:00+00:00,1.15268,1.15271,1.15247,1.1525
2026-08-13 05:35:00+00:00,1.15251,1.15257,1.15246,1.15254
2026-08-13 05:40:00+00:00,1.15251,1.15256,1.15241,1.15243
2026-08-13 05:45:00+00:00,1.15245,1.15246,1.15234,1.15237
2026-08-13 05:50:00+00:00,1.15239,1.15253,1.15238,1.15251
2026-08-13 05:55:00+00:00,1.15247,1.15261,1.15242,1.15258
2026-08-13 06:00:00+00:00,1.15256,1.15259,1.15242,1.15249
2026-08-13 06:05:00+00:00,1.15246,1.15246,1.15221,1.15222
2026-08-13 06:10:00+00:00,1.15225,1.15225,1.15207,1.15209
2026-08-13 06:15:00+00:00,1.1521,1.15222,1.15208,1.15221
2026-08-13 06:20:00+00:00,1.15217,1.15223,1.15203,1.1522
2026-08-13 06:25:00+00:00,1.15219,1.15219,1.15185,1.15186
2026-08-13 06:30:00+00:00,1.15188,1.15203,1.15125,1.15152
2026-08-13 06:35:00+00:00,1.15149,1.15157,1.1512,1.15155
2026-08-13 06:40:00+00:00,1.15152,1.15168,1.15145,1.15167
2026-08-13 06:45:00+00:00,1.15165,1.15173,1.15156,1.15158
2026-08-13 06:50:00+00:00,1.15163,1.15183,1.15163,1.15181
2026-08-13 06:55:00+00:00,1.1518,1.15184,1.1517,1.15172
2026-08-13 07:00:00+00:00,1.15171,1.15199,1.15171,1.15188
2026-08-13 07:05:00+00:00,1.15192,1.15195,1.15181,1.15192
2026-08-13 07:10:00+00:00,1.15189,1.15196,1.15174,1.15175
2026-08-13 07:15:00+00:00,1.15177,1.15202,1.15177,1.15201
2026-08-13 07:20:00+00:00,1.15198,1.15212,1.15192,1.152
2026-08-13 07:25:00+00:00,1.152,1.15222,1.152,1.15219
2026-08-13 07:30:00+00:00,1.15214,1.15226,1.15202,1.15206
2026-08-13 07:35:00+00:00,1.15213,1.15244,1.1521,1.15242
2026-08-13 07:40:00+00:00,1.15239,1.1525,1.15231,1.1524
2026-08-13 07:45:00+00:00,1.15243,1.15271,1.15243,1.1525
2026-08-13 07:50:00+00:00,1.15255,1.15265,1.15242,1.15254
2026-08-13 07:55:00+00:00,1.15259,1.15282,1.15259,1.15272
2026-08-13 08:00:00+00:00,1.15268,1.15268,1.15227,1.15233
2026-08-13 08:05:00+00:00,1.15243,1.15253,1.15231,1.15239
2026-08-13 08:10:00+00:00,1.15244,1.15262,1.15244,1.1526
2026-08-13 08:15:00+00:00,1.15258,1.15261,1.15241,1.15249
2026-08-13 08:20:00+00:00,1.15245,1.15253,1.15242,1.1525
2026-08-13 08:25:00+00:00,1.15249,1.15258,1.15239,1.15249
2026-08-13 08:30:00+00:00,1.15251,1.15265,1.15245,1.15255
2026-08-13 08:35:00+00:00,1.15257,1.15262,1.1525,1.15261
2026-08-13 08:40:00+00:00,1.15258,1.15276,1.15256,1.15265
2026-08-13 08:45:00+00:00,1.1527,1.15288,1.15266,1.15283
2026-08-13 08:50:00+00:00,1.15276,1.15288,1.15258,1.15265
2026-08-13 08:55:00+00:00,1.15276,1.15276,1.15242,1.15256
2026-08-13 09:00:00+00:00,1.15252,1.15252,1.15237,1.15238
2026-08-13 09:05:00+00:00,1.15239,1.15264,1.15238,1.15262
2026-08-13 09:10:00+00:00,1.1526,1.15285,1.15252,1.15283
2026-08-13 09:15:00+00:00,1.1528,1.15292,1.15278,1.1529
2026-08-13 09:20:00+00:00,1.15283,1.15312,1.15283,1.15296
2026-08-13 09:25:00+00:00,1.153,1.15318,1.153,1.15308
2026-08-13 09:30:00+00:00,1.15312,1.15327,1.15294,1.15325
2026-08-13 09:35:00+00:00,1.1532,1.1533,1.15311,1.1533
2026-08-13 09:40:00+00:00,1.15327,1.15328,1.1531,1.1532
2026-08-13 09:45:00+00:00,1.15319,1.15323,1.15307,1.15308
2026-08-13 09:50:00+00:00,1.15311,1.15327,1.15307,1.15324
2026-08-13 09:55:00+00:00,1.15322,1.15345,1.15318,1.15343
2026-08-13 10:00:00+00:00,1.15335,1.15359,1.15335,1.15345
2026-08-13 10:05:00+00:00,1.1535,1.15361,1.15348,1.1536
2026-08-13 10:10:00+00:00,1.15357,1.15363,1.15346,1.1535
2026-08-13 10:15:00+00:00,1.15353,1.1536,1.1534,1.15358
2026-08-13 10:20:00+00:00,1.1535,1.15375,1.1535,1.15359
2026-08-13 10:25:00+00:00,1.15366,1.15374,1.15355,1.15373
2026-08-13 10:30:00+00:00,1.1537,1.15392,1.15367,1.15381
2026-08-13 10:35:00+00:00,1.15379,1.15383,1.15368,1.15382
2026-08-13 10:40:00+00:00,1.1538,1.15391,1.15368,1.15371
2026-08-13 10:45:00+00:00,1.15375,1.15378,1.15356,1.15361
2026-08-13 10:50:00+00:00,1.15362,1.15367,1.15354,1.15364
2026-08-13 10:55:00+00:00,1.15362,1.15368,1.1535,1.15367
2026-08-13 11:00:00+00:00,1.15365,1.15365,1.15346,1.15349
2026-08-13 11:05:00+00:00,1.15356,1.1537,1.1535,1.15362
2026-08-13 11:10:00+00:00,1.15363,1.15389,1.15363,1.15387
2026-08-13 11:15:00+00:00,1.15384,1.15389,1.15356,1.1537
2026-08-13 11:20:00+00:00,1.15366,1.15385,1.15366,1.15384
2026-08-13 11:25:00+00:00,1.15382,1.15384,1.15371,1.1538
2026-08-13 11:30:00+00:00,1.1538,1.15383,1.15364,1.15372
2026-08-13 11:35:00+00:00,1.15369,1.15373,1.15358,1.1537
2026-08-13 11:40:00+00:00,1.15368,1.15375,1.15354,1.15364
2026-08-13 11:45:00+00:00,1.15362,1.15365,1.15352,1.15355
2026-08-13 11:50:00+00:00,1.1536,1.15372,1.15346,1.15352
2026-08-13 11:55:00+00:00,1.15363,1.15363,1.1533,1.15344
2026-08-13 12:00:00+00:00,1.15343,1.15349,1.15323,1.15326
2026-08-13 12:05:00+00:00,1.15332,1.15346,1.15327,1.15344
2026-08-13 12:10:00+00:00,1.15342,1.15347,1.15326,1.1533
2026-08-13 12:15:00+00:00,1.15332,1.15333,1.15306,1.1531
2026-08-13 12:20:00+00:00,1.15308,1.15319,1.15306,1.15315
2026-08-13 12:25:00+00:00,1.15314,1.15316,1.15306,1.1531
2026-08-13 12:30:00+00:00,1.1531,1.15335,1.1526,1.15289
2026-08-13 12:35:00+00:00,1.15272,1.15312,1.15272,1.15311
2026-08-13 12:40:00+00:00,1.15308,1.15325,1.15306,1.15309
2026-08-13 12:45:00+00:00,1.15312,1.15387,1.15309,1.15383
2026-08-13 12:50:00+00:00,1.15375,1.15387,1.15346,1.15351
2026-08-13 12:55:00+00:00,1.15357,1.1544,1.15341,1.15435
2026-08-13 13:00:00+00:00,1.15424,1.1545,1.15417,1.15431
2026-08-13 13:05:00+00:00,1.15437,1.15448,1.15403,1.15424
2026-08-13 13:10:00+00:00,1.15421,1.15421,1.15387,1.15396
2026-08-13 13:15:00+00:00,1.15393,1.15411,1.15386,1.15411
2026-08-13 13:20:00+00:00,1.1541,1.1542,1.15393,1.15411
2026-08-13 13:25:00+00:00,1.15409,1.15427,1.15355,1.1536
2026-08-13 13:30:00+00:00,1.1536,1.15362,1.15338,1.15343
2026-08-13 13:35:00+00:00,1.1535,1.1535,1.15318,1.15338
2026-08-13 13:40:00+00:00,1.1533,1.15351,1.1533,1.1535
2026-08-13 13:45:00+00:00,1.15348,1.1535,1.15328,1.15334
2026-08-13 13:50:00+00:00,1.15346,1.15346,1.15322,1.15326
2026-08-13 13:55:00+00:00,1.1532,1.15358,1.1532,1.1535
2026-08-13 14:00:00+00:00,1.15347,1.15376,1.15319,1.15324
2026-08-13 14:05:00+00:00,1.15334,1.1538,1.15314,1.15373
2026-08-13 14:10:00+00:00,1.15372,1.15416,1.15354,1.15415
2026-08-13 14:15:00+00:00,1.15409,1.15451,1.15398,1.15447
2026-08-13 14:20:00+00:00,1.15438,1.15452,1.15401,1.15406
2026-08-13 14:25:00+00:00,1.15414,1.15414,1.15391,1.15404
2026-08-13 14:30:00+00:00,1.15403,1.15419,1.15378,1.15396
2026-08-13 14:35:00+00:00,1.15403,1.15412,1.1537,1.15373
2026-08-13 14:40:00+00:00,1.15379,1.15416,1.15379,1.1541
2026-08-13 14:45:00+00:00,1.15409,1.15417,1.15393,1.15399
2026-08-13 14:50:00+00:00,1.15408,1.15432,1.15395,1.15427
2026-08-13 14:55:00+00:00,1.15424,1.15455,1.15407,1.15453
2026-08-13 15:00:00+00:00,1.15449,1.15452,1.15431,1.15437
2026-08-13 15:05:00+00:00,1.15442,1.15453,1.15416,1.15422
2026-08-13 15:10:00+00:00,1.15433,1.15433,1.1538,1.15388
2026-08-13 15:15:00+00:00,1.15404,1.15404,1.15352,1.15357
2026-08-13 15:20:00+00:00,1.15366,1.15374,1.1535,1.15369
2026-08-13 15:25:00+00:00,1.15362,1.15384,1.15343,1.15351
2026-08-13 15:30:00+00:00,1.15366,1.15366,1.15335,1.15341
2026-08-13 15:35:00+00:00,1.15341,1.15361,1.15334,1.15355
2026-08-13 15:40:00+00:00,1.15345,1.15364,1.15332,1.15335
2026-08-13 15:45:00+00:00,1.15338,1.15351,1.15335,1.15348
2026-08-13 15:50:00+00:00,1.15346,1.15346,1.15317,1.15327
2026-08-13 15:55:00+00:00,1.15326,1.15326,1.15306,1.15309
2026-08-13 16:00:00+00:00,1.15314,1.15315,1.15304,1.15305
2026-08-13 16:05:00+00:00,1.15308,1.15327,1.15308,1.15325
2026-08-13 16:10:00+00:00,1.15322,1.15322,1.15287,1.1529
2026-08-13 16:15:00+00:00,1.15295,1.15295,1.15274,1.15277
2026-08-13 16:20:00+00:00,1.15281,1.15282,1.15247,1.15263
2026-08-13 16:25:00+00:00,1.1526,1.15278,1.1526,1.15264
2026-08-13 16:30:00+00:00,1.15266,1.1527,1.15255,1.15267
2026-08-13 16:35:00+00:00,1.15264,1.15286,1.15258,1.15281
2026-08-13 16:40:00+00:00,1.15282,1.15295,1.15272,1.15293
2026-08-13 16:45:00+00:00,1.15289,1.15303,1.15287,1.15295
2026-08-13 16:50:00+00:00,1.15292,1.15305,1.15292,1.15304
2026-08-13 16:55:00+00:00,1.15302,1.15308,1.15287,1.15291
2026-08-13 17:00:00+00:00,1.15298,1.15316,1.15287,1.15294
2026-08-13 17:05:00+00:00,1.15306,1.15306,1.15278,1.15297
2026-08-13 17:10:00+00:00,1.15293,1.15295,1.15276,1.15281
2026-08-13 17:15:00+00:00,1.15287,1.15296,1.15274,1.15277
2026-08-13 17:20:00+00:00,1.15283,1.15285,1.15267,1.15272
2026-08-13 17:25:00+00:00,1.15274,1.15279,1.15258,1.15261
2026-08-13 17:30:00+00:00,1.15266,1.15276,1.15262,1.15273
2026-08-13 17:35:00+00:00,1.15272,1.15292,1.15267,1.1529
2026-08-13 17:40:00+00:00,1.15286,1.15295,1.1528,1.15292
2026-08-13 17:45:00+00:00,1.15288,1.15294,1.15278,1.15288
2026-08-13 17:50:00+00:00,1.15286,1.1529,1.15278,1.15288
2026-08-13 17:55:00+00:00,1.15286,1.15295,1.15282,1.15291
2026-08-13 18:00:00+00:00,1.15289,1.1529,1.15266,1.15271
2026-08-13 18:05:00+00:00,1.15279,1.15286,1.15264,1.15284
2026-08-13 18:10:00+00:00,1.15281,1.15321,1.15275,1.1532
2026-08-13 18:15:00+00:00,1.15315,1.1532,1.15302,1.15305
2026-08-13 18:20:00+00:00,1.1531,1.1531,1.15286,1.15294
2026-08-13 18:25:00+00:00,1.15291,1.15296,1.15283,1.15293
2026-08-13 18:30:00+00:00,1.1529,1.15301,1.15282,1.15283
2026-08-13 18:35:00+00:00,1.15284,1.15312,1.15284,1.15309
2026-08-13 18:40:00+00:00,1.15306,1.15311,1.153,1.1531
2026-08-13 18:45:00+00:00,1.15308,1.15308,1.15292,1.15299
2026-08-13 18:50:00+00:00,1.15296,1.15306,1.15294,1.15302
2026-08-13 18:55:00+00:00,1.15301,1.15308,1.15287,1.15288
2026-08-13 19:00:00+00:00,1.1529,1.15302,1.15287,1.153
2026-08-13 19:05:00+00:00,1.15295,1.15303,1.1529,1.15301
2026-08-13 19:10:00+00:00,1.15298,1.15305,1.15287,1.15305
2026-08-13 19:15:00+00:00,1.15303,1.15312,1.15295,1.15309
2026-08-13 19:20:00+00:00,1.15305,1.15317,1.15304,1.15312
2026-08-13 19:25:00+00:00,1.15311,1.15319,1.15307,1.15317
2026-08-13 19:30:00+00:00,1.15314,1.1532,1.15298,1.15303
2026-08-13 19:35:00+00:00,1.15302,1.15314,1.15295,1.15313
2026-08-13 19:40:00+00:00,1.1531,1.1532,1.15289,1.15301
2026-08-13 19:45:00+00:00,1.15299,1.15299,1.15278,1.15286
2026-08-13 19:50:00+00:00,1.15282,1.15295,1.15279,1.15293
2026-08-13 19:55:00+00:00,1.1529,1.15294,1.15277,1.15279
2026-08-13 20:00:00+00:00,1.15283,1.15301,1.15282,1.15292
2026-08-13 20:05:00+00:00,1.1529,1.15292,1.15274,1.15277
2026-08-13 20:10:00+00:00,1.15278,1.15285,1.15264,1.15266
2026-08-13 20:15:00+00:00,1.15269,1.15279,1.15266,1.15268
2026-08-13 20:20:00+00:00,1.1527,1.15275,1.15267,1.15272
2026-08-13 20:25:00+00:00,1.15271,1.15286,1.15268,1.15278
2026-08-13 20:30:00+00:00,1.15277,1.1529,1.15271,1.15283
2026-08-13 20:35:00+00:00,1.15277,1.15291,1.15277,1.15281
2026-08-13 20:40:00+00:00,1.15284,1.15289,1.15278,1.15284
2026-08-13 20:45:00+00:00,1.15283,1.15295,1.15279,1.15293
2026-08-13 20:50:00+00:00,1.15291,1.15301,1.15283,1.153
2026-08-13 20:55:00+00:00,1.15296,1.15303,1.15288,1.15291
2026-08-13 21:00:00+00:00,1.15297,1.15304,1.15278,1.15292
2026-08-13 21:05:00+00:00,1.15285,1.15298,1.15275,1.15292
2026-08-13 21:10:00+00:00,1.15278,1.15298,1.15267,1.15268
2026-08-13 21:15:00+00:00,1.15269,1.15289,1.15269,1.15287
2026-08-13 21:20:00+00:00,1.15284,1.15296,1.15275,1.1528
2026-08-13 21:25:00+00:00,1.15281,1.15291,1.1528,1.1529
2026-08-13 21:30:00+00:00,1.15285,1.15305,1.15285,1.15296
2026-08-13 21:35:00+00:00,1.15296,1.15319,1.15296,1.15315
2026-08-13 21:40:00+00:00,1.15309,1.15324,1.15291,1.15292
2026-08-13 21:45:00+00:00,1.15292,1.15306,1.15286,1.15297
2026-08-13 21:50:00+00:00,1.15294,1.15294,1.15278,1.15291
2026-08-13 21:55:00+00:00,1.15285,1.15292,1.15278,1.15289
2026-08-13 22:00:00+00:00,1.15287,1.15311,1.15284,1.15305
2026-08-13 22:05:00+00:00,1.15303,1.15311,1.15299,1.15308
2026-08-13 22:10:00+00:00,1.15306,1.15308,1.15294,1.15298
2026-08-13 22:15:00+00:00,1.15298,1.1531,1.1529,1.15308
2026-08-13 22:20:00+00:00,1.15306,1.15319,1.15306,1.15316
2026-08-13 22:25:00+00:00,1.15314,1.15314,1.15304,1.1531
2026-08-13 22:30:00+00:00,1.15308,1.15315,1.15304,1.15311
2026-08-13 22:35:00+00:00,1.15308,1.15316,1.15303,1.15304
2026-08-13 22:40:00+00:00,1.15306,1.15317,1.15306,1.15314
2026-08-13 22:45:00+00:00,1.15311,1.1532,1.15308,1.15315
2026-08-13 22:50:00+00:00,1.15314,1.15326,1.1531,1.15315
2026-08-13 22:55:00+00:00,1.15316,1.15324,1.15315,1.1532
2026-08-13 23:00:00+00:00,1.15319,1.15341,1.15313,1.15339
2026-08-13 23:05:00+00:00,1.15335,1.15344,1.15328,1.15333
2026-08-13 23:10:00+00:00,1.15331,1.15339,1.15328,1.15337
2026-08-13 23:15:00+00:00,1.15333,1.15336,1.15326,1.1533
2026-08-13 23:20:00+00:00,1.1533,1.15338,1.15324,1.15331
2026-08-13 23:25:00+00:00,1.15329,1.15332,1.15323,1.15332
2026-08-13 23:30:00+00:00,1.15331,1.15334,1.15323,1.15324
2026-08-13 23:35:00+00:00,1.15327,1.15335,1.15326,1.15333
2026-08-13 23:40:00+00:00,1.15331,1.15343,1.1533,1.1534
2026-08-13 23:45:00+00:00,1.15337,1.15345,1.15334,1.15344
2026-08-13 23:50:00+00:00,1.15342,1.15347,1.15334,1.15337
2026-08-13 23:55:00+00:00,1.1534,1.15345,1.15335,1.15343
2026-08-14 00:00:00+00:00,1.15342,1.15364,1.15336,1.15362
2026-08-14 00:05:00+00:00,1.15356,1.15356,1.1534,1.15354
2026-08-14 00:10:00+00:00,1.1535,1.15357,1.15338,1.15349
2026-08-14 00:15:00+00:00,1.15346,1.15357,1.15344,1.15356
2026-08-14 00:20:00+00:00,1.15355,1.15374,1.15351,1.15372
2026-08-14 00:25:00+00:00,1.15369,1.15373,1.15359,1.1537
2026-08-14 00:30:00+00:00,1.15365,1.15378,1.15364,1.15368
2026-08-14 00:35:00+00:00,1.15371,1.15377,1.15363,1.15372
2026-08-14 00:40:00+00:00,1.15371,1.15372,1.15359,1.15366
2026-08-14 00:45:00+00:00,1.15363,1.15374,1.15359,1.15368
2026-08-14 00:50:00+00:00,1.15367,1.15383,1.15358,1.15363
2026-08-14 00:55:00+00:00,1.15371,1.15388,1.15371,1.15386
2026-08-14 01:00:00+00:00,1.1538,1.15389,1.1536,1.15372
2026-08-14 01:05:00+00:00,1.1537,1.1537,1.15346,1.15358
2026-08-14 01:10:00+00:00,1.15352,1.1536,1.15334,1.15338
2026-08-14 01:15:00+00:00,1.15344,1.15356,1.15334,1.15338
2026-08-14 01:20:00+00:00,1.15345,1.1535,1.15324,1.15347
2026-08-14 01:25:00+00:00,1.15341,1.15347,1.1532,1.15345
2026-08-14 01:30:00+00:00,1.1534,1.1537,1.15339,1.15367
2026-08-14 01:35:00+00:00,1.15362,1.15382,1.15362,1.1537
2026-08-14 01:40:00+00:00,1.15373,1.15376,1.1536,1.15367
2026-08-14 01:45:00+00:00,1.15364,1.15372,1.15359,1.15361
2026-08-14 01:50:00+00:00,1.15362,1.15377,1.15362,1.15375
2026-08-14 01:55:00+00:00,1.15371,1.15376,1.15343,1.15346
2026-08-14 02:00:00+00:00,1.15351,1.15358,1.15342,1.15357
2026-08-14 02:05:00+00:00,1.15353,1.15359,1.15347,1.1535
2026-08-14 02:10:00+00:00,1.15351,1.15366,1.15351,1.15357
2026-08-14 02:15:00+00:00,1.15361,1.1537,1.15353,1.15364
2026-08-14 02:20:00+00:00,1.15363,1.15364,1.15348,1.15358
2026-08-14 02:25:00+00:00,1.15355,1.15375,1.15355,1.15365
2026-08-14 02:30:00+00:00,1.15369,1.15374,1.1536,1.15365
2026-08-14 02:35:00+00:00,1.15367,1.15372,1.15362,1.15366
2026-08-14 02:40:00+00:00,1.15365,1.15376,1.15365,1.15375
2026-08-14 02:45:00+00:00,1.15372,1.15377,1.15356,1.15358
2026-08-14 02:50:00+00:00,1.1536,1.15365,1.15346,1.15347
2026-08-14 02:55:00+00:00,1.1535,1.15357,1.15335,1.15339
2026-08-14 03:00:00+00:00,1.15339,1.15351,1.15338,1.15351
2026-08-14 03:05:00+00:00,1.15347,1.1536,1.15347,1.15357
2026-08-14 03:10:00+00:00,1.15356,1.15357,1.1534,1.15355
2026-08-14 03:15:00+00:00,1.15351,1.15362,1.15351,1.1536
2026-08-14 03:20:00+00:00,1.15357,1.15394,1.15357,1.15393
2026-08-14 03:25:00+00:00,1.1539,1.1539,1.15366,1.15382
2026-08-14 03:30:00+00:00,1.15377,1.15385,1.15377,1.15384
2026-08-14 03:35:00+00:00,1.15383,1.15387,1.15367,1.1537
2026-08-14 03:40:00+00:00,1.15372,1.1538,1.1537,1.15379
2026-08-14 03:45:00+00:00,1.15377,1.1538,1.15366,1.15378
2026-08-14 03:50:00+00:00,1.15373,1.15376,1.15364,1.1537
2026-08-14 03:55:00+00:00,1.1537,1.15384,1.15358,1.15383
2026-08-14 04:00:00+00:00,1.1538,1.15383,1.15368,1.15383
2026-08-14 04:05:00+00:00,1.15379,1.154,1.15376,1.15398
2026-08-14 04:10:00+00:00,1.15394,1.15406,1.15393,1.154
2026-08-14 04:15:00+00:00,1.15401,1.15402,1.15386,1.15393
2026-08-14 04:20:00+00:00,1.15391,1.15393,1.15382,1.15389
2026-08-14 04:25:00+00:00,1.15386,1.15396,1.15368,1.15371
2026-08-14 04:30:00+00:00,1.15373,1.15394,1.15367,1.15392
2026-08-14 04:35:00+00:00,1.1539,1.15395,1.15383,1.15393
2026-08-14 04:40:00+00:00,1.1539,1.15397,1.1538,1.15392
2026-08-14 04:45:00+00:00,1.1539,1.1539,1.15379,1.15388
2026-08-14 04:50:00+00:00,1.15386,1.15403,1.15379,1.15399
2026-08-14 04:55:00+00:00,1.15394,1.15403,1.15386,1.15388
2026-08-14 05:00:00+00:00,1.1539,1.15398,1.15384,1.15398
2026-08-14 05:05:00+00:00,1.15395,1.154,1.15388,1.15395
2026-08-14 05:10:00+00:00,1.15395,1.15403,1.15395,1.15397
2026-08-14 05:15:00+00:00,1.154,1.15405,1.15396,1.15403
2026-08-14 05:20:00+00:00,1.154,1.15408,1.15393,1.15401
2026-08-14 05:25:00+00:00,1.15399,1.15416,1.15393,1.15412
2026-08-14 05:30:00+00:00,1.15407,1.15416,1.15401,1.1541
2026-08-14 05:35:00+00:00,1.1541,1.15416,1.15401,1.1541
2026-08-14 05:40:00+00:00,1.15407,1.15423,1.15405,1.15411
2026-08-14 05:45:00+00:00,1.15415,1.15419,1.15407,1.15413
2026-08-14 05:50:00+00:00,1.15414,1.15418,1.15405,1.15411
2026-08-14 05:55:00+00:00,1.15411,1.15416,1.15402,1.15414
2026-08-14 06:00:00+00:00,1.1541,1.15436,1.15402,1.15436
2026-08-14 06:05:00+00:00,1.15434,1.1544,1.15425,1.15426
2026-08-14 06:10:00+00:00,1.15429,1.15429,1.15405,1.15409
2026-08-14 06:15:00+00:00,1.15412,1.15415,1.154,1.15412
2026-08-14 06:20:00+00:00,1.1541,1.15416,1.15399,1.15401
2026-08-14 06:25:00+00:00,1.15402,1.15407,1.15389,1.15403
2026-08-14 06:30:00+00:00,1.15397,1.15415,1.15396,1.15413
2026-08-14 06:35:00+00:00,1.15412,1.15431,1.15408,1.15428
2026-08-14 06:40:00+00:00,1.15426,1.15429,1.15407,1.15427
2026-08-14 06:45:00+00:00,1.15422,1.15436,1.15411,1.1543
2026-08-14 06:50:00+00:00,1.15424,1.15438,1.15411,1.15414
2026-08-14 06:55:00+00:00,1.1542,1.15445,1.15415,1.15443
2026-08-14 07:00:00+00:00,1.1544,1.15469,1.15435,1.15468
2026-08-14 07:05:00+00:00,1.15466,1.15466,1.15428,1.15434
2026-08-14 07:10:00+00:00,1.15439,1.15472,1.15439,1.15458
2026-08-14 07:15:00+00:00,1.15466,1.15467,1.15445,1.15465
2026-08-14 07:20:00+00:00,1.15461,1.15474,1.15441,1.15446
2026-08-14 07:25:00+00:00,1.15454,1.15472,1.15444,1.15469
2026-08-14 07:30:00+00:00,1.15465,1.15469,1.15457,1.15463
2026-08-14 07:35:00+00:00,1.15462,1.15477,1.15448,1.15476
2026-08-14 07:40:00+00:00,1.15472,1.15492,1.15471,1.15485
2026-08-14 07:45:00+00:00,1.15484,1.15516,1.15483,1.15512
2026-08-14 07:50:00+00:00,1.15507,1.15514,1.15485,1.15488
2026-08-14 07:55:00+00:00,1.15492,1.15511,1.1549,1.1551
2026-08-14 08:00:00+00:00,1.15506,1.1554,1.15495,1.15509
2026-08-14 08:05:00+00:00,1.15512,1.15557,1.15512,1.15553
2026-08-14 08:10:00+00:00,1.15549,1.15556,1.15536,1.1554
2026-08-14 08:15:00+00:00,1.15547,1.15547,1.15515,1.15533
2026-08-14 08:20:00+00:00,1.15529,1.15529,1.15504,1.15522
2026-08-14 08:25:00+00:00,1.15513,1.15538,1.15513,1.15533
2026-08-14 08:30:00+00:00,1.15534,1.15537,1.15503,1.15513
2026-08-14 08:35:00+00:00,1.15513,1.15558,1.15512,1.15557
2026-08-14 08:40:00+00:00,1.15552,1.15576,1.15539,1.15549
2026-08-14 08:45:00+00:00,1.15551,1.15553,1.15527,1.1553
2026-08-14 08:50:00+00:00,1.15536,1.15547,1.15524,1.15546
2026-08-14 08:55:00+00:00,1.15542,1.15559,1.15542,1.15557
2026-08-14 09:00:00+00:00,1.1555,1.15577,1.1555,1.15556
2026-08-14 09:05:00+00:00,1.15561,1.15564,1.15547,1.15563
2026-08-14 09:10:00+00:00,1.1556,1.1556,1.15545,1.15559
2026-08-14 09:15:00+00:00,1.15556,1.15556,1.1554,1.15544
2026-08-14 09:20:00+00:00,1.15549,1.15549,1.15533,1.15541
2026-08-14 09:25:00+00:00,1.1554,1.15552,1.1554,1.15544
2026-08-14 09:30:00+00:00,1.15545,1.1555,1.15526,1.1553
2026-08-14 09:35:00+00:00,1.15536,1.15536,1.15513,1.15527
2026-08-14 09:40:00+00:00,1.15525,1.15528,1.15515,1.15517
2026-08-14 09:45:00+00:00,1.1552,1.15531,1.1552,1.15526
2026-08-14 09:50:00+00:00,1.15524,1.15536,1.15513,1.15534
2026-08-14 09:55:00+00:00,1.15528,1.15546,1.15525,1.1554
2026-08-14 10:00:00+00:00,1.15536,1.15546,1.15524,1.15526
2026-08-14 10:05:00+00:00,1.1553,1.15541,1.15523,1.15539
2026-08-14 10:10:00+00:00,1.15535,1.15561,1.15535,1.15559
2026-08-14 10:15:00+00:00,1.15556,1.15556,1.1554,1.15553
2026-08-14 10:20:00+00:00,1.15551,1.15556,1.15543,1.15554
2026-08-14 10:25:00+00:00,1.15552,1.15552,1.15535,1.15541
2026-08-14 10:30:00+00:00,1.1554,1.15541,1.15528,1.15532
2026-08-14 10:35:00+00:00,1.15535,1.15545,1.15532,1.15538
2026-08-14 10:40:00+00:00,1.15537,1.15548,1.15532,1.15539
2026-08-14 10:45:00+00:00,1.1554,1.1556,1.1554,1.15547
2026-08-14 10:50:00+00:00,1.15551,1.15568,1.15543,1.15567
2026-08-14 10:55:00+00:00,1.15563,1.15563,1.1554,1.15553
2026-08-14 11:00:00+00:00,1.15549,1.15582,1.15547,1.15569
2026-08-14 11:05:00+00:00,1.15576,1.15577,1.15556,1.1556
2026-08-14 11:10:00+00:00,1.15562,1.1559,1.15558,1.15587
2026-08-14 11:15:00+00:00,1.15585,1.15622,1.15577,1.15615
2026-08-14 11:20:00+00:00,1.15613,1.1564,1.15613,1.15629
2026-08-14 11:25:00+00:00,1.15634,1.15643,1.15622,1.15626
2026-08-14 11:30:00+00:00,1.1563,1.15653,1.1562,1.15629
2026-08-14 11:35:00+00:00,1.15622,1.15702,1.15622,1.157
2026-08-14 11:40:00+00:00,1.15692,1.15719,1.15692,1.15702
2026-08-14 11:45:00+00:00,1.15709,1.15709,1.15672,1.15687
2026-08-14 11:50:00+00:00,1.15681,1.15705,1.15667,1.15675
2026-08-14 11:55:00+00:00,1.15689,1.15689,1.15651,1.15657
2026-08-14 12:00:00+00:00,1.15659,1.15693,1.15651,1.15691
2026-08-14 12:05:00+00:00,1.15689,1.15702,1.15675,1.157
2026-08-14 12:10:00+00:00,1.15695,1.15695,1.15644,1.15653
2026-08-14 12:15:00+00:00,1.1565,1.15667,1.15641,1.15666
2026-08-14 12:20:00+00:00,1.15663,1.15714,1.15658,1.15693
2026-08-14 12:25:00+00:00,1.15701,1.15715,1.15674,1.15675
2026-08-14 12:30:00+00:00,1.15678,1.15781,1.15678,1.15751
2026-08-14 12:35:00+00:00,1.1576,1.1576,1.15678,1.15683
2026-08-14 12:40:00+00:00,1.15692,1.15692,1.15664,1.15666
2026-08-14 12:45:00+00:00,1.15671,1.15698,1.15658,1.15697
2026-08-14 12:50:00+00:00,1.15695,1.15695,1.15672,1.15687
2026-08-14 12:55:00+00:00,1.15684,1.15707,1.15642,1.15675
2026-08-14 13:00:00+00:00,1.15667,1.1568,1.1562,1.15624
2026-08-14 13:05:00+00:00,1.15633,1.15639,1.1562,1.15636
2026-08-14 13:10:00+00:00,1.15635,1.15652,1.15631,1.15641
2026-08-14 13:15:00+00:00,1.15639,1.15646,1.1563,1.1564
2026-08-14 13:20:00+00:00,1.15639,1.15666,1.15625,1.1566
2026-08-14 13:25:00+00:00,1.15652,1.15695,1.15652,1.15693
2026-08-14 13:30:00+00:00,1.15691,1.15705,1.15671,1.15702
2026-08-14 13:35:00+00:00,1.15691,1.158,1.15687,1.15793
2026-08-14 13:40:00+00:00,1.1578,1.15828,1.1578,1.15823
2026-08-14 13:45:00+00:00,1.15816,1.15841,1.1581,1.15836
2026-08-14 13:50:00+00:00,1.15833,1.15845,1.15786,1.15795
2026-08-14 13:55:00+00:00,1.15811,1.15811,1.15765,1.15796
2026-08-14 14:00:00+00:00,1.15789,1.15839,1.15782,1.15802
2026-08-14 14:05:00+00:00,1.15797,1.15813,1.1579,1.15809
2026-08-14 14:10:00+00:00,1.15807,1.15816,1.15792,1.15815
2026-08-14 14:15:00+00:00,1.15813,1.15832,1.15786,1.15798
2026-08-14 14:20:00+00:00,1.15817,1.15817,1.15774,1.15812
2026-08-14 14:25:00+00:00,1.15806,1.15849,1.15805,1.15848
2026-08-14 14:30:00+00:00,1.15843,1.15851,1.15814,1.15835
2026-08-14 14:35:00+00:00,1.15829,1.15829,1.15783,1.15818
2026-08-14 14:40:00+00:00,1.15816,1.15825,1.15781,1.15813
2026-08-14 14:45:00+00:00,1.15801,1.15825,1.15789,1.1581
2026-08-14 14:50:00+00:00,1.15808,1.15813,1.15785,1.15796
2026-08-14 14:55:00+00:00,1.158,1.15806,1.15788,1.15803
2026-08-14 15:00:00+00:00,1.15797,1.15842,1.15797,1.1584
2026-08-14 15:05:00+00:00,1.15837,1.15847,1.15816,1.15839
2026-08-14 15:10:00+00:00,1.15835,1.15835,1.15809,1.15824
2026-08-14 15:15:00+00:00,1.15821,1.15832,1.15797,1.15826
2026-08-14 15:20:00+00:00,1.15824,1.15824,1.15768,1.15787
2026-08-14 15:25:00+00:00,1.15784,1.15804,1.15765,1.15802
2026-08-14 15:30:00+00:00,1.15795,1.15853,1.15795,1.15829
2026-08-14 15:35:00+00:00,1.15823,1.15847,1.15822,1.15827
2026-08-14 15:40:00+00:00,1.15834,1.15834,1.15804,1.15811
2026-08-14 15:45:00+00:00,1.15814,1.15848,1.15804,1.15846
2026-08-14 15:50:00+00:00,1.15842,1.1585,1.15817,1.15823
2026-08-14 15:55:00+00:00,1.15832,1.15842,1.15804,1.15806
2026-08-14 16:00:00+00:00,1.15809,1.1582,1.15793,1.15798
2026-08-14 16:05:00+00:00,1.15807,1.15819,1.15785,1.15791
2026-08-14 16:10:00+00:00,1.15801,1.15801,1.15768,1.15774
2026-08-14 16:15:00+00:00,1.15773,1.15806,1.15762,1.15792
2026-08-14 16:20:00+00:00,1.15797,1.158,1.15786,1.15789
2026-08-14 16:25:00+00:00,1.15794,1.15796,1.15759,1.15761
2026-08-14 16:30:00+00:00,1.15765,1.15765,1.15747,1.1576
2026-08-14 16:35:00+00:00,1.1575,1.15788,1.1575,1.15786
2026-08-14 16:40:00+00:00,1.15783,1.15795,1.15747,1.15749
2026-08-14 16:45:00+00:00,1.15753,1.15757,1.15733,1.15756
2026-08-14 16:50:00+00:00,1.15752,1.15752,1.15722,1.15723
2026-08-14 16:55:00+00:00,1.15725,1.15726,1.15707,1.15708
2026-08-14 17:00:00+00:00,1.15709,1.15712,1.15702,1.15702
2026-08-14 17:05:00+00:00,1.15703,1.15704,1.15679,1.15685
2026-08-14 17:10:00+00:00,1.15683,1.15683,1.15666,1.15673
2026-08-14 17:15:00+00:00,1.15671,1.1568,1.15647,1.15651
2026-08-14 17:20:00+00:00,1.15658,1.15658,1.15642,1.15646
2026-08-14 17:25:00+00:00,1.15647,1.15652,1.15644,1.15647
2026-08-14 17:30:00+00:00,1.15644,1.15657,1.15638,1.15651
2026-08-14 17:35:00+00:00,1.15647,1.15662,1.15647,1.15661
2026-08-14 17:40:00+00:00,1.1566,1.15663,1.15643,1.15644
2026-08-14 17:45:00+00:00,1.15646,1.15651,1.1563,1.15632
2026-08-14 17:50:00+00:00,1.15632,1.15647,1.15632,1.15646
2026-08-14 17:55:00+00:00,1.15641,1.15656,1.15639,1.1564
2026-08-14 18:00:00+00:00,1.15643,1.15652,1.1564,1.15651
2026-08-14 18:05:00+00:00,1.15649,1.15666,1.15638,1.15655
2026-08-14 18:10:00+00:00,1.15652,1.15661,1.15636,1.1564
2026-08-14 18:15:00+00:00,1.15646,1.15646,1.15631,1.15637
2026-08-14 18:20:00+00:00,1.15638,1.15652,1.15636,1.15639
2026-08-14 18:25:00+00:00,1.15641,1.15662,1.15639,1.15661
2026-08-14 18:30:00+00:00,1.15656,1.15668,1.15647,1.15654
2026-08-14 18:35:00+00:00,1.15651,1.15663,1.15651,1.15653
2026-08-14 18:40:00+00:00,1.15656,1.15664,1.1565,1.15661
2026-08-14 18:45:00+00:00,1.15661,1.15661,1.15646,1.15657
2026-08-14 18:50:00+00:00,1.15655,1.15665,1.15649,1.15664
2026-08-14 18:55:00+00:00,1.15661,1.15669,1.1566,1.15661
2026-08-14 19:00:00+00:00,1.15663,1.15671,1.15648,1.15665
2026-08-14 19:05:00+00:00,1.15664,1.15665,1.15643,1.15664
2026-08-14 19:10:00+00:00,1.15658,1.15683,1.15658,1.15683
2026-08-14 19:15:00+00:00,1.15681,1.15681,1.15666,1.15676
2026-08-14 19:20:00+00:00,1.15672,1.15682,1.15666,1.15676
2026-08-14 19:25:00+00:00,1.15677,1.15687,1.15672,1.15684
2026-08-14 19:30:00+00:00,1.1568,1.15692,1.15679,1.1568
2026-08-14 19:35:00+00:00,1.15681,1.15691,1.15652,1.15654
2026-08-14 19:40:00+00:00,1.1566,1.1568,1.1566,1.15668
2026-08-14 19:45:00+00:00,1.15671,1.15673,1.15661,1.15671
2026-08-14 19:50:00+00:00,1.15667,1.15686,1.15667,1.15674
2026-08-14 19:55:00+00:00,1.15677,1.15684,1.15666,1.1568
2026-08-14 20:00:00+00:00,1.1568,1.15692,1.15676,1.1569
2026-08-14 20:05:00+00:00,1.15687,1.15693,1.15676,1.15691
2026-08-14 20:10:00+00:00,1.15685,1.15697,1.1568,1.15682
2026-08-14 20:15:00+00:00,1.15686,1.15686,1.15675,1.15679
2026-08-14 20:20:00+00:00,1.15682,1.1569,1.15679,1.15684
2026-08-14 20:25:00+00:00,1.15683,1.1569,1.1568,1.15685
2026-08-14 20:30:00+00:00,1.15684,1.15704,1.15684,1.15693
2026-08-14 20:35:00+00:00,1.15694,1.15694,1.15683,1.15685
2026-08-14 20:40:00+00:00,1.1569,1.15693,1.15674,1.15677
2026-08-14 20:45:00+00:00,1.15682,1.15691,1.15676,1.15689
2026-08-14 20:50:00+00:00,1.15687,1.15695,1.15676,1.15691
2026-08-14 20:55:00+00:00,1.15685,1.15707,1.15685,1.15705
2026-08-14 21:00:00+00:00,1.15702,1.15711,1.15668,1.15703
2026-08-14 21:05:00+00:00,1.15698,1.1571,1.15682,1.15699
2026-08-14 21:10:00+00:00,1.15695,1.15702,1.15683,1.15684
2026-08-14 21:15:00+00:00,1.15684,1.15705,1.15676,1.157
2026-08-14 21:20:00+00:00,1.1569,1.1571,1.15685,1.15704
2026-08-14 21:25:00+00:00,1.15698,1.15709,1.15687,1.15703
2026-08-14 21:30:00+00:00,1.15697,1.15705,1.15689,1.1569
2026-08-14 21:35:00+00:00,1.15693,1.157,1.15664,1.15676
2026-08-14 21:40:00+00:00,1.15697,1.15708,1.1567,1.15691
2026-08-14 21:45:00+00:00,1.15686,1.15699,1.15666,1.15698
2026-08-14 21:50:00+00:00,1.15696,1.15703,1.15668,1.15698
2026-08-14 21:55:00+00:00,1.15697,1.15698,1.15663,1.15675
2026-08-14 22:00:00+00:00,1.15686,1.15703,1.15667,1.157
2026-08-14 22:05:00+00:00,1.15698,1.15705,1.15686,1.157
2026-08-14 22:10:00+00:00,1.15698,1.15703,1.1568,1.15698
2026-08-14 22:15:00+00:00,1.15698,1.15701,1.1568,1.15686
2026-08-14 22:20:00+00:00,1.15697,1.15703,1.15664,1.157
2026-08-14 22:25:00+00:00,1.15698,1.15702,1.15664,1.157
2026-08-14 22:30:00+00:00,1.15698,1.15702,1.15663,1.15701
2026-08-14 22:35:00+00:00,1.15698,1.15701,1.15664,1.15676
2026-08-14 22:40:00+00:00,1.15697,1.15703,1.15663,1.15698
2026-08-14 22:45:00+00:00,1.15696,1.157,1.15663,1.15699
2026-08-14 22:50:00+00:00,1.15697,1.15702,1.15666,1.157
2026-08-14 22:55:00+00:00,1.15697,1.15699,1.15663,1.15697
2026-08-14 23:00:00+00:00,1.15696,1.15707,1.15664,1.15699
2026-08-14 23:05:00+00:00,1.15696,1.15702,1.15678,1.15699
2026-08-14 23:10:00+00:00,1.15697,1.15701,1.15664,1.15696
2026-08-14 23:15:00+00:00,1.15697,1.157,1.15663,1.15697
2026-08-14 23:20:00+00:00,1.15697,1.15702,1.15662,1.15697
2026-08-14 23:25:00+00:00,1.15694,1.15699,1.15664,1.15697
2026-08-14 23:30:00+00:00,1.15696,1.15701,1.15663,1.15696
2026-08-14 23:35:00+00:00,1.15697,1.157,1.15667,1.15697
2026-08-14 23:40:00+00:00,1.15695,1.15701,1.15663,1.15697
2026-08-14 23:45:00+00:00,1.15694,1.15699,1.15663,1.15697
2026-08-14 23:50:00+00:00,1.15696,1.15701,1.15664,1.15674
2026-08-14 23:55:00+00:00,1.15695,1.157,1.15663,1.15697
2026-08-15 00:00:00+00:00,1.15695,1.1571,1.15668,1.15708
2026-08-15 00:05:00+00:00,1.15701,1.15709,1.15701,1.15707
2026-08-15 00:10:00+00:00,1.15706,1.1571,1.15703,1.15703
2026-08-15 00:15:00+00:00,1.15704,1.15709,1.15703,1.15708
2026-08-15 00:20:00+00:00,1.15705,1.1571,1.15703,1.15709
2026-08-15 00:25:00+00:00,1.15705,1.1571,1.15698,1.15707
2026-08-15 00:30:00+00:00,1.15703,1.1571,1.15703,1.15703
2026-08-15 00:35:00+00:00,1.15704,1.1571,1.15703,1.15705
2026-08-15 00:40:00+00:00,1.15705,1.15709,1.15703,1.15708
2026-08-15 00:45:00+00:00,1.15704,1.15709,1.15703,1.15708
2026-08-15 00:50:00+00:00,1.15704,1.1571,1.15699,1.15702
2026-08-15 00:55:00+00:00,1.15703,1.1571,1.15702,1.15708
2026-08-15 01:00:00+00:00,1.15705,1.1571,1.15704,1.15709
2026-08-15 01:05:00+00:00,1.15705,1.1571,1.15703,1.15708
2026-08-15 01:10:00+00:00,1.15704,1.1571,1.15703,1.15704
2026-08-15 01:15:00+00:00,1.15705,1.1571,1.15674,1.15708
2026-08-15 01:20:00+00:00,1.15703,1.1571,1.15703,1.15709
2026-08-15 01:25:00+00:00,1.15705,1.1571,1.15703,1.15708
2026-08-15 01:30:00+00:00,1.15705,1.15709,1.15703,1.15704
2026-08-15 01:35:00+00:00,1.15705,1.15709,1.15702,1.15708
2026-08-15 01:40:00+00:00,1.15704,1.15713,1.15668,1.15708
2026-08-15 01:45:00+00:00,1.15703,1.1571,1.15703,1.15708
2026-08-15 01:50:00+00:00,1.15705,1.1571,1.15703,1.15703
2026-08-15 01:55:00+00:00,1.15704,1.1571,1.15703,1.15706
2026-08-15 02:00:00+00:00,1.15705,1.15709,1.15703,1.15708
2026-08-15 02:05:00+00:00,1.15704,1.1571,1.15693,1.15708
2026-08-15 02:10:00+00:00,1.15704,1.15709,1.15703,1.15703
2026-08-15 02:15:00+00:00,1.15704,1.1571,1.15703,1.15708
2026-08-15 02:20:00+00:00,1.15705,1.15709,1.15703,1.15708
2026-08-15 02:25:00+00:00,1.15704,1.15709,1.15703,1.15707
2026-08-15 02:30:00+00:00,1.15705,1.1571,1.15685,1.15702
2026-08-15 02:35:00+00:00,1.15703,1.1571,1.15702,1.15708
2026-08-15 02:40:00+00:00,1.15704,1.15709,1.15704,1.15708
2026-08-15 02:45:00+00:00,1.15704,1.15709,1.15703,1.15708
2026-08-15 02:50:00+00:00,1.15705,1.15709,1.15704,1.15704
2026-08-15 02:55:00+00:00,1.15705,1.1571,1.15693,1.15708
2026-08-15 03:00:00+00:00,1.15704,1.15709,1.15703,1.15708
2026-08-15 03:05:00+00:00,1.15705,1.15709,1.15703,1.15708
2026-08-15 03:10:00+00:00,1.15705,1.15709,1.15704,1.15704
2026-08-15 03:15:00+00:00,1.15704,1.1571,1.15703,1.15708
2026-08-15 03:20:00+00:00,1.15705,1.15713,1.1566,1.15708
2026-08-15 03:25:00+00:00,1.157,1.1571,1.157,1.15704
2026-08-15 03:30:00+00:00,1.15704,1.15709,1.15704,1.15704
2026-08-15 03:35:00+00:00,1.15705,1.1571,1.15703,1.15708
2026-08-15 03:40:00+00:00,1.15705,1.15709,1.15704,1.15708
2026-08-15 03:45:00+00:00,1.15704,1.1571,1.15671,1.15707
2026-08-15 03:50:00+00:00,1.15703,1.15709,1.15703,1.15704
2026-08-15 03:55:00+00:00,1.15704,1.1571,1.15703,1.15708
2026-08-15 04:00:00+00:00,1.15705,1.15709,1.15704,1.15708
2026-08-15 04:05:00+00:00,1.15704,1.1571,1.15703,1.15705
2026-08-15 04:10:00+00:00,1.15705,1.1571,1.15686,1.15702
2026-08-15 04:15:00+00:00,1.15703,1.1571,1.15702,1.15708
2026-08-15 04:20:00+00:00,1.15705,1.15709,1.15704,1.15708
2026-08-15 04:25:00+00:00,1.15706,1.1571,1.15703,1.15703
2026-08-15 04:30:00+00:00,1.15704,1.15709,1.15704,1.15705
2026-08-15 04:35:00+00:00,1.15705,1.1571,1.15667,1.15708
2026-08-15 04:40:00+00:00,1.15703,1.1571,1.15703,1.15709
2026-08-15 04:45:00+00:00,1.15705,1.1571,1.15703,1.15705
2026-08-15 04:50:00+00:00,1.15705,1.15709,1.15704,1.15705
2026-08-15 04:55:00+00:00,1.15706,1.1571,1.15703,1.15708
2026-08-15 05:00:00+00:00,1.15705,1.15713,1.15663,1.15708
2026-08-15 05:05:00+00:00,1.15702,1.15711,1.15702,1.15704
2026-08-15 05:10:00+00:00,1.15705,1.15709,1.15703,1.15705
2026-08-15 05:15:00+00:00,1.15705,1.1571,1.15703,1.15709
2026-08-15 05:20:00+00:00,1.15705,1.1571,1.15704,1.15708
2026-08-15 05:25:00+00:00,1.15706,1.15709,1.15698,1.15703
2026-08-15 05:30:00+00:00,1.15704,1.15709,1.15703,1.15704
2026-08-15 05:35:00+00:00,1.15704,1.1571,1.15703,1.15707
2026-08-15 05:40:00+00:00,1.15705,1.1571,1.15705,1.15706
2026-08-15 05:45:00+00:00,1.15705,1.1571,1.15704,1.15705
2026-08-15 05:50:00+00:00,1.15705,1.1571,1.15693,1.15707
2026-08-15 05:55:00+00:00,1.15702,1.15711,1.15702,1.15709
2026-08-15 06:00:00+00:00,1.15705,1.1571,1.15705,1.15708
2026-08-15 06:05:00+00:00,1.15705,1.1571,1.15704,1.15705
2026-08-15 06:10:00+00:00,1.15705,1.15709,1.15703,1.15708
2026-08-15 06:15:00+00:00,1.15705,1.1571,1.15699,1.15708
2026-08-15 06:20:00+00:00,1.15704,1.15709,1.15703,1.15708
2026-08-15 06:25:00+00:00,1.15706,1.15711,1.15703,1.15705
2026-08-15 06:30:00+00:00,1.15706,1.15711,1.15704,1.15707
2026-08-15 06:35:00+00:00,1.15706,1.1571,1.15703,1.15709
2026-08-15 06:40:00+00:00,1.15706,1.15713,1.15676,1.15708
2026-08-15 06:45:00+00:00,1.15702,1.1571,1.15702,1.15708
2026-08-15 06:50:00+00:00,1.15705,1.1571,1.15704,1.15706
2026-08-15 06:55:00+00:00,1.15706,1.1571,1.15703,1.15709
2026-08-15 07:00:00+00:00,1.15705,1.1571,1.15704,1.15708
2026-08-15 07:05:00+00:00,1.15706,1.15711,1.15666,1.15707
2026-08-15 07:10:00+00:00,1.15703,1.15709,1.15703,1.15707
2026-08-15 07:15:00+00:00,1.15706,1.1571,1.15704,1.15709
2026-08-15 07:20:00+00:00,1.15705,1.15711,1.15704,1.15708
2026-08-15 07:25:00+00:00,1.15705,1.15711,1.15704,1.15705
2026-08-15 07:30:00+00:00,1.15706,1.15711,1.15693,1.15707
2026-08-15 07:35:00+00:00,1.15703,1.1571,1.15703,1.15709
2026-08-15 07:40:00+00:00,1.15705,1.15711,1.15704,1.15705
2026-08-15 07:45:00+00:00,1.15705,1.1571,1.15703,1.15703
2026-08-15 07:50:00+00:00,1.15705,1.15711,1.15704,1.15706
2026-08-15 07:55:00+00:00,1.15705,1.15711,1.15691,1.15708
2026-08-15 08:00:00+00:00,1.15703,1.15711,1.15703,1.15705
2026-08-15 08:05:00+00:00,1.15705,1.1571,1.15704,1.15704
2026-08-15 08:10:00+00:00,1.15705,1.1571,1.15703,1.15708
2026-08-15 08:15:00+00:00,1.15705,1.15711,1.15698,1.1571
2026-08-15 08:20:00+00:00,1.15706,1.15711,1.15664,1.15706
2026-08-15 08:25:00+00:00,1.15698,1.1571,1.15698,1.15704
2026-08-15 08:30:00+00:00,1.15705,1.1571,1.15703,1.15708
2026-08-15 08:35:00+00:00,1.15705,1.15709,1.15704,1.15709
2026-08-15 08:40:00+00:00,1.15705,1.1571,1.15703,1.15705
2026-08-15 08:45:00+00:00,1.15705,1.1571,1.15685,1.15707
2026-08-15 08:50:00+00:00,1.15703,1.1571,1.15703,1.15708
2026-08-15 08:55:00+00:00,1.15705,1.15709,1.15704,1.15709
2026-08-15 09:00:00+00:00,1.15705,1.1571,1.15703,1.15705
2026-08-15 09:05:00+00:00,1.15705,1.15709,1.15705,1.15705
2026-08-15 09:10:00+00:00,1.15705,1.1571,1.15664,1.15706
2026-08-15 09:15:00+00:00,1.15702,1.15709,1.15702,1.15708
2026-08-15 09:20:00+00:00,1.15705,1.1571,1.15703,1.15705
2026-08-15 09:25:00+00:00,1.15705,1.15709,1.15705,1.15705
2026-08-15 09:30:00+00:00,1.15705,1.1571,1.15703,1.15708
2026-08-15 09:35:00+00:00,1.15705,1.1571,1.15676,1.15708
2026-08-15 09:40:00+00:00,1.15702,1.1571,1.15702,1.15705
2026-08-15 09:45:00+00:00,1.15705,1.15709,1.15705,1.15705
2026-08-15 09:50:00+00:00,1.15705,1.1571,1.15703,1.15708
2026-08-15 09:55:00+00:00,1.15705,1.15709,1.15705,1.15708
2026-08-15 10:00:00+00:00,1.15705,1.15711,1.15693,1.15707
2026-08-15 10:05:00+00:00,1.15702,1.15709,1.15702,1.15704
2026-08-15 10:10:00+00:00,1.15705,1.1571,1.15703,1.15708
2026-08-15 10:15:00+00:00,1.15705,1.15709,1.15705,1.15708
2026-08-15 10:20:00+00:00,1.15705,1.1571,1.15703,1.15705
2026-08-15 10:25:00+00:00,1.15705,1.15709,1.15689,1.15705
2026-08-15 10:30:00+00:00,1.15703,1.1571,1.15703,1.15708
2026-08-15 10:35:00+00:00,1.15705,1.15709,1.15705,1.15708
2026-08-15 10:40:00+00:00,1.15705,1.1571,1.15703,1.15704
2026-08-15 10:45:00+00:00,1.15705,1.15709,1.15704,1.15705
2026-08-15 10:50:00+00:00,1.15705,1.1571,1.15663,1.15708
2026-08-15 10:55:00+00:00,1.15702,1.15711,1.15697,1.15708
2026-08-15 11:00:00+00:00,1.15704,1.1571,1.15703,1.15704
2026-08-15 11:05:00+00:00,1.15705,1.15709,1.15703,1.15705
2026-08-15 11:10:00+00:00,1.15705,1.1571,1.15704,1.15708
2026-08-15 11:15:00+00:00,1.15705,1.1571,1.15693,1.15697
2026-08-15 11:20:00+00:00,1.15699,1.15713,1.15693,1.15703
2026-08-15 11:25:00+00:00,1.15704,1.1571,1.15704,1.15707
2026-08-15 11:30:00+00:00,1.15706,1.15711,1.15704,1.15708
2026-08-15 11:35:00+00:00,1.15706,1.1571,1.15705,1.15707
2026-08-15 11:40:00+00:00,1.15705,1.1572,1.15662,1.15685
2026-08-15 11:45:00+00:00,1.1569,1.15699,1.15685,1.15695
2026-08-15 11:50:00+00:00,1.15695,1.15706,1.15694,1.15703
2026-08-15 11:55:00+00:00,1.157,1.15707,1.157,1.15704
2026-08-15 12:00:00+00:00,1.15702,1.15708,1.157,1.15701
2026-08-15 12:05:00+00:00,1.15702,1.15708,1.15659,1.15698
2026-08-15 12:10:00+00:00,1.15699,1.15706,1.15699,1.15703
2026-08-15 12:15:00+00:00,1.15701,1.15706,1.157,1.15704
2026-08-15 12:20:00+00:00,1.15702,1.15707,1.15701,1.15701
2026-08-15 12:25:00+00:00,1.15702,1.15708,1.15701,1.15704
2026-08-15 12:30:00+00:00,1.15704,1.15708,1.1566,1.15697
2026-08-15 12:35:00+00:00,1.15698,1.15704,1.15697,1.15703
2026-08-15 12:40:00+00:00,1.157,1.15707,1.157,1.15701
2026-08-15 12:45:00+00:00,1.15702,1.15707,1.157,1.15702
2026-08-15 12:50:00+00:00,1.15702,1.15707,1.157,1.15704
2026-08-15 12:55:00+00:00,1.15702,1.15708,1.1566,1.15695
2026-08-15 13:00:00+00:00,1.15697,1.15702,1.15696,1.15696
2026-08-15 13:05:00+00:00,1.15697,1.15703,1.15695,1.15701
2026-08-15 13:10:00+00:00,1.157,1.15704,1.15698,1.15702
2026-08-15 13:15:00+00:00,1.157,1.15705,1.15698,1.15702
2026-08-15 13:20:00+00:00,1.157,1.15713,1.15662,1.1568
2026-08-15 13:25:00+00:00,1.15685,1.157,1.15677,1.15698
2026-08-15 13:30:00+00:00,1.15696,1.15701,1.15695,1.15699
2026-08-15 13:35:00+00:00,1.15696,1.15702,1.15695,1.15698
2026-08-15 13:40:00+00:00,1.15696,1.15701,1.15696,1.15696
2026-08-15 13:45:00+00:00,1.15696,1.15702,1.15663,1.15691
2026-08-15 13:50:00+00:00,1.15692,1.15696,1.15691,1.15694
2026-08-15 13:55:00+00:00,1.15692,1.15697,1.1569,1.15692
2026-08-15 14:00:00+00:00,1.15692,1.15697,1.15691,1.15691
2026-08-15 14:05:00+00:00,1.15692,1.15697,1.1569,1.15693
2026-08-15 14:10:00+00:00,1.15692,1.15694,1.15664,1.15691
2026-08-15 14:15:00+00:00,1.15688,1.15693,1.15687,1.15691
2026-08-15 14:20:00+00:00,1.15688,1.15693,1.15687,1.15687
2026-08-15 14:25:00+00:00,1.15688,1.15693,1.15687,1.1569
2026-08-15 14:30:00+00:00,1.15688,1.15692,1.15688,1.15691
2026-08-15 14:35:00+00:00,1.15688,1.15694,1.15667,1.15686
2026-08-15 14:40:00+00:00,1.15686,1.15691,1.15686,1.15686
2026-08-15 14:45:00+00:00,1.15686,1.15691,1.15685,1.15688
2026-08-15 14:50:00+00:00,1.15686,1.1569,1.15685,1.15689
2026-08-15 14:55:00+00:00,1.15686,1.15691,1.15685,1.15686
2026-08-15 15:00:00+00:00,1.15686,1.15691,1.15668,1.15675
2026-08-15 15:05:00+00:00,1.15678,1.15683,1.15676,1.1568
2026-08-15 15:10:00+00:00,1.15678,1.15681,1.15677,1.1568
2026-08-15 15:15:00+00:00,1.15678,1.15683,1.15676,1.15678
2026-08-15 15:20:00+00:00,1.15678,1.15682,1.15677,1.15677
2026-08-15 15:25:00+00:00,1.15678,1.15683,1.15672,1.15679
2026-08-15 15:30:00+00:00,1.15677,1.15681,1.15677,1.15679
2026-08-15 15:35:00+00:00,1.15677,1.15682,1.15676,1.15677
2026-08-15 15:40:00+00:00,1.15677,1.15681,1.15677,1.15677
2026-08-15 15:45:00+00:00,1.15677,1.15682,1.15675,1.15679
2026-08-15 15:50:00+00:00,1.15677,1.15681,1.15672,1.15679
2026-08-15 15:55:00+00:00,1.15676,1.15682,1.15675,1.15676
2026-08-15 16:00:00+00:00,1.15676,1.15722,1.15676,1.15687
2026-08-15 16:05:00+00:00,1.15688,1.15693,1.15686,1.1569
2026-08-15 16:10:00+00:00,1.15688,1.15692,1.15688,1.1569
2026-08-15 16:15:00+00:00,1.15688,1.15717,1.15666,1.15674
2026-08-15 16:20:00+00:00,1.1569,1.15694,1.1569,1.1569
2026-08-15 16:25:00+00:00,1.1569,1.15696,1.15689,1.15693
2026-08-15 16:30:00+00:00,1.1569,1.15695,1.1569,1.15692
2026-08-15 16:35:00+00:00,1.1569,1.15696,1.15689,1.1569
2026-08-15 16:40:00+00:00,1.1569,1.15694,1.15666,1.1569
2026-08-15 16:45:00+00:00,1.15689,1.15689,1.15675,1.15682
2026-08-15 16:50:00+00:00,1.1568,1.15685,1.1568,1.15682
2026-08-15 16:55:00+00:00,1.1568,1.15685,1.15678,1.1568
2026-08-15 17:00:00+00:00,1.1568,1.15684,1.15679,1.1568
2026-08-15 17:05:00+00:00,1.1568,1.15685,1.15671,1.15682
2026-08-15 17:10:00+00:00,1.1568,1.15684,1.15678,1.15681
2026-08-15 17:15:00+00:00,1.15679,1.15693,1.15677,1.15691
2026-08-15 17:20:00+00:00,1.15688,1.15692,1.15687,1.15688
2026-08-15 17:25:00+00:00,1.15688,1.15699,1.15683,1.15696
2026-08-15 17:30:00+00:00,1.15694,1.15701,1.15663,1.15699
2026-08-15 17:35:00+00:00,1.15698,1.15698,1.15691,1.15692
2026-08-15 17:40:00+00:00,1.15693,1.15702,1.1569,1.157
2026-08-15 17:45:00+00:00,1.157,1.15707,1.15699,1.15704
2026-08-15 17:50:00+00:00,1.15701,1.15706,1.15701,1.15704
2026-08-15 17:55:00+00:00,1.15703,1.15708,1.15659,1.15674
2026-08-15 18:00:00+00:00,1.15702,1.15702,1.15694,1.15701
2026-08-15 18:05:00+00:00,1.15698,1.15705,1.15698,1.15702
2026-08-15 18:10:00+00:00,1.157,1.15705,1.15699,1.15704
2026-08-15 18:15:00+00:00,1.15701,1.15708,1.15701,1.15702
2026-08-15 18:20:00+00:00,1.15703,1.15707,1.15659,1.15705
2026-08-15 18:25:00+00:00,1.15703,1.15703,1.15679,1.15691
2026-08-15 18:30:00+00:00,1.15688,1.15693,1.15687,1.1569
2026-08-15 18:35:00+00:00,1.15688,1.15699,1.15683,1.15693
2026-08-15 18:40:00+00:00,1.15694,1.15699,1.15692,1.15695
2026-08-15 18:45:00+00:00,1.15694,1.15706,1.15667,1.15705
2026-08-15 18:50:00+00:00,1.15701,1.15701,1.15693,1.15697
2026-08-15 18:55:00+00:00,1.15695,1.15706,1.15695,1.15704
2026-08-15 19:00:00+00:00,1.15701,1.15706,1.15699,1.15701
2026-08-15 19:05:00+00:00,1.15701,1.15707,1.157,1.15705
2026-08-15 19:10:00+00:00,1.15702,1.15707,1.15659,1.15704
2026-08-15 19:15:00+00:00,1.15703,1.15703,1.15694,1.15696
2026-08-15 19:20:00+00:00,1.15697,1.15704,1.15695,1.15701
2026-08-15 19:25:00+00:00,1.157,1.15704,1.15699,1.15702
2026-08-15 19:30:00+00:00,1.15699,1.15707,1.15699,1.15703
2026-08-15 19:35:00+00:00,1.15701,1.15705,1.1566,1.15703
2026-08-15 19:40:00+00:00,1.15701,1.15702,1.15694,1.15698
2026-08-15 19:45:00+00:00,1.15697,1.15701,1.15695,1.15699
2026-08-15 19:50:00+00:00,1.15697,1.15702,1.15695,1.15697
2026-08-15 19:55:00+00:00,1.15697,1.15702,1.15696,1.15696
2026-08-15 20:00:00+00:00,1.15697,1.15704,1.15663,1.15702
2026-08-15 20:05:00+00:00,1.15697,1.15697,1.15678,1.15686
2026-08-15 20:10:00+00:00,1.15683,1.15688,1.15682,1.15686
2026-08-15 20:15:00+00:00,1.15683,1.15688,1.15683,1.15683
2026-08-15 20:20:00+00:00,1.15683,1.15689,1.15682,1.15685
2026-08-15 20:25:00+00:00,1.15683,1.15687,1.1567,1.15686
2026-08-15 20:30:00+00:00,1.15684,1.15686,1.1568,1.15684
2026-08-15 20:35:00+00:00,1.15681,1.15686,1.15681,1.15681
2026-08-15 20:40:00+00:00,1.15681,1.15687,1.1568,1.15683
2026-08-15 20:45:00+00:00,1.15681,1.15685,1.15681,1.15684
2026-08-15 20:50:00+00:00,1.15681,1.15687,1.1567,1.15683
2026-08-15 20:55:00+00:00,1.15681,1.15693,1.15671,1.15691
2026-08-15 21:00:00+00:00,1.15689,1.15694,1.15687,1.1569
2026-08-15 21:05:00+00:00,1.15689,1.15698,1.15689,1.15697
2026-08-15 21:10:00+00:00,1.15694,1.157,1.15693,1.15694
2026-08-15 21:15:00+00:00,1.15694,1.15697,1.15664,1.15694
2026-08-15 21:20:00+00:00,1.15694,1.15695,1.15666,1.15692
2026-08-15 21:25:00+00:00,1.1569,1.15694,1.1569,1.15693
2026-08-15 21:30:00+00:00,1.1569,1.15714,1.15689,1.15701
2026-08-15 21:35:00+00:00,1.15697,1.15703,1.15697,1.15698
2026-08-15 21:40:00+00:00,1.15699,1.15704,1.15662,1.15701
2026-08-15 21:45:00+00:00,1.15699,1.15699,1.15662,1.15687
2026-08-15 21:50:00+00:00,1.15684,1.15697,1.15683,1.15691
2026-08-15 21:55:00+00:00,1.15692,1.15698,1.1569,1.15694
2026-08-15 22:00:00+00:00,1.15695,1.15708,1.15694,1.15705
2026-08-15 22:05:00+00:00,1.15703,1.15707,1.15663,1.15705
2026-08-15 22:10:00+00:00,1.15703,1.15703,1.1566,1.15697
2026-08-15 22:15:00+00:00,1.15697,1.15701,1.15696,1.15697
2026-08-15 22:20:00+00:00,1.15697,1.15702,1.15696,1.15699
2026-08-15 22:25:00+00:00,1.15697,1.15701,1.15697,1.15699
2026-08-15 22:30:00+00:00,1.15697,1.15702,1.15664,1.15697
2026-08-15 22:35:00+00:00,1.15697,1.15701,1.15662,1.15692
2026-08-15 22:40:00+00:00,1.15693,1.15698,1.15691,1.15695
2026-08-15 22:45:00+00:00,1.15693,1.15697,1.15692,1.15694
2026-08-15 22:50:00+00:00,1.15693,1.15698,1.15691,1.15692
2026-08-15 22:55:00+00:00,1.15693,1.15696,1.15664,1.15674
2026-08-15 23:00:00+00:00,1.15693,1.15695,1.15667,1.15691
2026-08-15 23:05:00+00:00,1.15689,1.15693,1.15688,1.15691
2026-08-15 23:10:00+00:00,1.15689,1.15694,1.15687,1.15688
2026-08-15 23:15:00+00:00,1.15689,1.15693,1.15687,1.15689
2026-08-15 23:20:00+00:00,1.15689,1.15694,1.15667,1.15691
2026-08-15 23:25:00+00:00,1.15689,1.15689,1.15667,1.15681
2026-08-15 23:30:00+00:00,1.15679,1.15684,1.15678,1.15679
2026-08-15 23:35:00+00:00,1.15679,1.15684,1.15678,1.15679
2026-08-15 23:40:00+00:00,1.15679,1.15684,1.15678,1.15682
2026-08-15 23:45:00+00:00,1.15679,1.15684,1.15678,1.15681
2026-08-15 23:50:00+00:00,1.15679,1.15683,1.15671,1.15677
2026-08-15 23:55:00+00:00,1.15678,1.15683,1.15677,1.15678
2026-08-16 00:00:00+00:00,1.15678,1.15683,1.15676,1.15681
2026-08-16 00:05:00+00:00,1.15678,1.15683,1.15677,1.1568
2026-08-16 00:10:00+00:00,1.15678,1.15692,1.1567,1.15686
2026-08-16 00:15:00+00:00,1.15687,1.1569,1.15667,1.15685
2026-08-16 00:20:00+00:00,1.15685,1.15689,1.15683,1.15687
2026-08-16 00:25:00+00:00,1.15685,1.1569,1.15683,1.15687
2026-08-16 00:30:00+00:00,1.15685,1.1569,1.15683,1.15684
2026-08-16 00:35:00+00:00,1.15685,1.15689,1.15683,1.15685
2026-08-16 00:40:00+00:00,1.15685,1.15687,1.1567,1.15685
2026-08-16 00:45:00+00:00,1.15682,1.15688,1.15681,1.15684
2026-08-16 00:50:00+00:00,1.15682,1.15688,1.15681,1.15682
2026-08-16 00:55:00+00:00,1.15682,1.15687,1.15681,1.15683
2026-08-16 01:00:00+00:00,1.15682,1.15687,1.15681,1.15685
2026-08-16 01:05:00+00:00,1.15682,1.15682,1.1567,1.15678
2026-08-16 01:10:00+00:00,1.15676,1.15681,1.15675,1.15675
2026-08-16 01:15:00+00:00,1.15676,1.15681,1.15674,1.15677
2026-08-16 01:20:00+00:00,1.15676,1.1568,1.15674,1.15679
2026-08-16 01:25:00+00:00,1.15676,1.15722,1.15664,1.15695
2026-08-16 01:30:00+00:00,1.15693,1.15694,1.15667,1.15688
2026-08-16 01:35:00+00:00,1.15689,1.15694,1.15688,1.1569
2026-08-16 01:40:00+00:00,1.15689,1.15693,1.15688,1.15692
2026-08-16 01:45:00+00:00,1.15689,1.15694,1.15688,1.15692
2026-08-16 01:50:00+00:00,1.15689,1.15694,1.15688,1.15688
2026-08-16 01:55:00+00:00,1.15689,1.15693,1.15667,1.15687
2026-08-16 02:00:00+00:00,1.15686,1.1569,1.15685,1.15689
2026-08-16 02:05:00+00:00,1.15686,1.15691,1.15684,1.15689
2026-08-16 02:10:00+00:00,1.15686,1.15691,1.15685,1.15685
2026-08-16 02:15:00+00:00,1.15686,1.15691,1.15685,1.15688
2026-08-16 02:20:00+00:00,1.15686,1.15687,1.15668,1.15686
2026-08-16 02:25:00+00:00,1.15684,1.15689,1.15682,1.15684
2026-08-16 02:30:00+00:00,1.15684,1.15688,1.15683,1.15683
2026-08-16 02:35:00+00:00,1.15684,1.15718,1.15682,1.15701
2026-08-16 02:40:00+00:00,1.15699,1.15702,1.15698,1.15701
2026-08-16 02:45:00+00:00,1.15699,1.15699,1.15662,1.15688
2026-08-16 02:50:00+00:00,1.15688,1.15692,1.15687,1.15687
2026-08-16 02:55:00+00:00,1.15688,1.15693,1.15686,1.1569
2026-08-16 03:00:00+00:00,1.15688,1.15691,1.15687,1.1569
2026-08-16 03:05:00+00:00,1.15688,1.15693,1.15686,1.15688
2026-08-16 03:10:00+00:00,1.15688,1.15689,1.15667,1.15684
2026-08-16 03:15:00+00:00,1.15685,1.1569,1.15683,1.15687
2026-08-16 03:20:00+00:00,1.15685,1.15689,1.15685,1.15687
2026-08-16 03:25:00+00:00,1.15685,1.1569,1.15683,1.15685
2026-08-16 03:30:00+00:00,1.15685,1.15689,1.15685,1.15685
2026-08-16 03:35:00+00:00,1.15685,1.15688,1.15668,1.15685
2026-08-16 03:40:00+00:00,1.15683,1.15687,1.15683,1.15685
2026-08-16 03:45:00+00:00,1.15683,1.15688,1.15681,1.15683
2026-08-16 03:50:00+00:00,1.15683,1.15686,1.15682,1.15682
2026-08-16 03:55:00+00:00,1.15683,1.15688,1.15681,1.15685
2026-08-16 04:00:00+00:00,1.15683,1.15687,1.1567,1.15683
2026-08-16 04:05:00+00:00,1.15681,1.15686,1.15679,1.15681
2026-08-16 04:10:00+00:00,1.15681,1.15684,1.1568,1.15681
2026-08-16 04:15:00+00:00,1.15681,1.15686,1.15679,1.15683
2026-08-16 04:20:00+00:00,1.15681,1.15685,1.15681,1.15683
2026-08-16 04:25:00+00:00,1.15681,1.15685,1.1567,1.15678
2026-08-16 04:30:00+00:00,1.15679,1.15682,1.15678,1.15679
2026-08-16 04:35:00+00:00,1.15679,1.15684,1.15677,1.15681
2026-08-16 04:40:00+00:00,1.15679,1.15683,1.15678,1.15681
2026-08-16 04:45:00+00:00,1.15679,1.15684,1.15677,1.15678
2026-08-16 04:50:00+00:00,1.15679,1.15682,1.15671,1.15678
2026-08-16 04:55:00+00:00,1.15678,1.15683,1.15676,1.1568
2026-08-16 05:00:00+00:00,1.15678,1.15682,1.15677,1.1568
2026-08-16 05:05:00+00:00,1.15678,1.15683,1.15676,1.15677
2026-08-16 05:10:00+00:00,1.15678,1.15682,1.15676,1.15678
2026-08-16 05:15:00+00:00,1.15678,1.15682,1.15672,1.15679
2026-08-16 05:20:00+00:00,1.15677,1.15682,1.15676,1.15679
2026-08-16 05:25:00+00:00,1.15677,1.15682,1.15675,1.15676
2026-08-16 05:30:00+00:00,1.15677,1.15681,1.15676,1.15677
2026-08-16 05:35:00+00:00,1.15677,1.15682,1.15675,1.15679
2026-08-16 05:40:00+00:00,1.15677,1.15682,1.15672,1.15678
2026-08-16 05:45:00+00:00,1.15676,1.15682,1.15675,1.15676
2026-08-16 05:50:00+00:00,1.15676,1.15681,1.15675,1.15678
2026-08-16 05:55:00+00:00,1.15676,1.15681,1.15675,1.15679
2026-08-16 06:00:00+00:00,1.15676,1.15722,1.15675,1.15695
2026-08-16 06:05:00+00:00,1.15693,1.15698,1.15664,1.15684
2026-08-16 06:10:00+00:00,1.15685,1.1569,1.15683,1.15685
2026-08-16 06:15:00+00:00,1.15685,1.15714,1.15681,1.15694
2026-08-16 06:20:00+00:00,1.15692,1.15697,1.1569,1.15694
2026-08-16 06:25:00+00:00,1.15692,1.15697,1.1569,1.15691
2026-08-16 06:30:00+00:00,1.15692,1.15694,1.15666,1.15689
2026-08-16 06:35:00+00:00,1.15688,1.15693,1.15686,1.15691
2026-08-16 06:40:00+00:00,1.15688,1.15693,1.15687,1.1569
2026-08-16 06:45:00+00:00,1.15688,1.15693,1.15687,1.15687
2026-08-16 06:50:00+00:00,1.15688,1.15693,1.15686,1.15689
2026-08-16 06:55:00+00:00,1.15688,1.1569,1.15667,1.15688
2026-08-16 07:00:00+00:00,1.15685,1.1569,1.15684,1.15687
2026-08-16 07:05:00+00:00,1.15685,1.1569,1.15684,1.15684
2026-08-16 07:10:00+00:00,1.15685,1.1569,1.15683,1.15686
2026-08-16 07:15:00+00:00,1.15685,1.1569,1.15684,1.15688
2026-08-16 07:20:00+00:00,1.15685,1.1569,1.15668,1.15685
2026-08-16 07:25:00+00:00,1.15683,1.15688,1.15682,1.15682
2026-08-16 07:30:00+00:00,1.15683,1.15688,1.15681,1.15684
2026-08-16 07:35:00+00:00,1.15683,1.15687,1.15682,1.15686
2026-08-16 07:40:00+00:00,1.15683,1.15688,1.15681,1.15685
2026-08-16 07:45:00+00:00,1.15683,1.15685,1.1567,1.15679
2026-08-16 07:50:00+00:00,1.1568,1.15685,1.15678,1.15681
2026-08-16 07:55:00+00:00,1.1568,1.15684,1.15678,1.15682
2026-08-16 08:00:00+00:00,1.1568,1.15685,1.15678,1.1568
2026-08-16 08:05:00+00:00,1.1568,1.15684,1.15679,1.15679
2026-08-16 08:10:00+00:00,1.1568,1.15684,1.15671,1.1568
2026-08-16 08:15:00+00:00,1.15679,1.15682,1.15677,1.15681
2026-08-16 08:20:00+00:00,1.15679,1.15684,1.15677,1.15679
2026-08-16 08:25:00+00:00,1.15679,1.15683,1.15678,1.15678
2026-08-16 08:30:00+00:00,1.15679,1.15684,1.15677,1.1568
2026-08-16 08:35:00+00:00,1.15679,1.15682,1.15671,1.1568
2026-08-16 08:40:00+00:00,1.15678,1.15683,1.15676,1.15678
2026-08-16 08:45:00+00:00,1.15678,1.15682,1.15677,1.15677
2026-08-16 08:50:00+00:00,1.15678,1.15683,1.15676,1.15679
2026-08-16 08:55:00+00:00,1.15678,1.15681,1.15677,1.1568
2026-08-16 09:00:00+00:00,1.15678,1.15682,1.15672,1.15677
2026-08-16 09:05:00+00:00,1.15677,1.15681,1.15676,1.15676
2026-08-16 09:10:00+00:00,1.15677,1.15682,1.15675,1.15679
2026-08-16 09:15:00+00:00,1.15677,1.1568,1.15676,1.15679
2026-08-16 09:20:00+00:00,1.15677,1.15682,1.15675,1.15677
2026-08-16 09:25:00+00:00,1.15677,1.1568,1.15672,1.15676
2026-08-16 09:30:00+00:00,1.15676,1.15681,1.15674,1.15678
2026-08-16 09:35:00+00:00,1.15676,1.1568,1.15676,1.15678
2026-08-16 09:40:00+00:00,1.15676,1.15681,1.15675,1.15676
2026-08-16 09:45:00+00:00,1.15676,1.1568,1.15676,1.15676
2026-08-16 09:50:00+00:00,1.15676,1.15681,1.15672,1.15678
2026-08-16 09:55:00+00:00,1.15676,1.1568,1.15676,1.15678
2026-08-16 10:00:00+00:00,1.15676,1.15681,1.15674,1.15675
2026-08-16 10:05:00+00:00,1.15676,1.15679,1.15675,1.15675
2026-08-16 10:10:00+00:00,1.15676,1.15681,1.15674,1.15678
2026-08-16 10:15:00+00:00,1.15676,1.1568,1.15676,1.15678
2026-08-16 10:20:00+00:00,1.15676,1.15681,1.15674,1.15675
2026-08-16 10:25:00+00:00,1.15676,1.15679,1.15675,1.15676
2026-08-16 10:30:00+00:00,1.15676,1.15681,1.15674,1.15678
2026-08-16 10:35:00+00:00,1.15676,1.1568,1.15675,1.15678
2026-08-16 10:40:00+00:00,1.15676,1.15681,1.15674,1.15675
2026-08-16 10:45:00+00:00,1.15676,1.1568,1.15675,1.15676
2026-08-16 10:50:00+00:00,1.15676,1.15681,1.15674,1.15678
2026-08-16 10:55:00+00:00,1.15676,1.1568,1.15675,1.15678
2026-08-16 11:00:00+00:00,1.15676,1.15681,1.15674,1.15675
2026-08-16 11:05:00+00:00,1.15676,1.1568,1.15674,1.15676
2026-08-16 11:10:00+00:00,1.15676,1.15681,1.15674,1.15678
2026-08-16 11:15:00+00:00,1.15676,1.15681,1.15675,1.15677
2026-08-16 11:20:00+00:00,1.15676,1.15681,1.15674,1.15675
2026-08-16 11:25:00+00:00,1.15676,1.1568,1.15674,1.15676
2026-08-16 11:30:00+00:00,1.15676,1.15681,1.15674,1.15678
2026-08-16 11:35:00+00:00,1.15676,1.15681,1.15675,1.15677
2026-08-16 11:40:00+00:00,1.15676,1.15683,1.15675,1.15677
2026-08-16 11:45:00+00:00,1.15678,1.15682,1.15676,1.15678
2026-08-16 11:50:00+00:00,1.15678,1.15683,1.15676,1.1568
2026-08-16 11:55:00+00:00,1.15678,1.15683,1.15676,1.15679
2026-08-16 12:00:00+00:00,1.15678,1.15683,1.15676,1.15677
2026-08-16 12:05:00+00:00,1.15678,1.15682,1.15676,1.15678
2026-08-16 12:10:00+00:00,1.15678,1.15682,1.15676,1.1568
2026-08-16 12:15:00+00:00,1.15678,1.15683,1.15676,1.1568
2026-08-16 12:20:00+00:00,1.15678,1.15683,1.15676,1.15677
2026-08-16 12:25:00+00:00,1.15678,1.15682,1.15676,1.15678
2026-08-16 12:30:00+00:00,1.15678,1.15682,1.15676,1.1568
2026-08-16 12:35:00+00:00,1.15678,1.15683,1.15676,1.1568
2026-08-16 12:40:00+00:00,1.15678,1.15683,1.15676,1.15677
2026-08-16 12:45:00+00:00,1.15678,1.15682,1.15676,1.15678
2026-08-16 12:50:00+00:00,1.15678,1.15682,1.15676,1.1568
2026-08-16 12:55:00+00:00,1.15678,1.15683,1.15676,1.15678
2026-08-16 13:00:00+00:00,1.15678,1.15683,1.15676,1.15677
2026-08-16 13:05:00+00:00,1.15678,1.15683,1.15676,1.15678
2026-08-16 13:10:00+00:00,1.15678,1.15682,1.15676,1.1568
2026-08-16 13:15:00+00:00,1.15678,1.15722,1.15663,1.15704
2026-08-16 13:20:00+00:00,1.15701,1.15702,1.15697,1.15697
2026-08-16 13:25:00+00:00,1.15697,1.15703,1.15696,1.15699
2026-08-16 13:30:00+00:00,1.15697,1.15702,1.15696,1.157
2026-08-16 13:35:00+00:00,1.15697,1.15703,1.15696,1.157
2026-08-16 13:40:00+00:00,1.15697,1.15702,1.15697,1.15697
2026-08-16 13:45:00+00:00,1.15697,1.15703,1.15696,1.15699
2026-08-16 13:50:00+00:00,1.15697,1.15702,1.15696,1.157
2026-08-16 13:55:00+00:00,1.15697,1.15703,1.15696,1.157
2026-08-16 14:00:00+00:00,1.15697,1.15711,1.15697,1.157
2026-08-16 14:05:00+00:00,1.15701,1.15709,1.15698,1.15705
2026-08-16 14:10:00+00:00,1.15704,1.15708,1.15703,1.15706
2026-08-16 14:15:00+00:00,1.15704,1.15709,1.15702,1.15704
2026-08-16 14:20:00+00:00,1.15704,1.15708,1.15703,1.15703
2026-08-16 14:25:00+00:00,1.15704,1.15709,1.15702,1.15705
2026-08-16 14:30:00+00:00,1.15704,1.15707,1.15703,1.15706
2026-08-16 14:35:00+00:00,1.15704,1.15709,1.15702,1.15704
2026-08-16 14:40:00+00:00,1.15704,1.15708,1.15703,1.15703
2026-08-16 14:45:00+00:00,1.15704,1.15717,1.15695,1.15716
2026-08-16 14:50:00+00:00,1.15713,1.15713,1.15707,1.15712
2026-08-16 14:55:00+00:00,1.15709,1.15714,1.15698,1.15701
2026-08-16 15:00:00+00:00,1.15701,1.15704,1.15483,1.15553
2026-08-16 15:05:00+00:00,1.15553,1.15559,1.15552,1.15555
2026-08-16 15:10:00+00:00,1.15553,1.15557,1.15553,1.15556
2026-08-16 15:15:00+00:00,1.15553,1.15559,1.15552,1.15553
2026-08-16 15:20:00+00:00,1.15553,1.15634,1.1555,1.15607
2026-08-16 15:25:00+00:00,1.15608,1.15804,1.15352,1.15431
2026-08-16 15:30:00+00:00,1.15429,1.15433,1.15429,1.15431
2026-08-16 15:35:00+00:00,1.15429,1.15434,1.15427,1.15429
2026-08-16 15:40:00+00:00,1.15429,1.15432,1.15428,1.15428
2026-08-16 15:45:00+00:00,1.15429,1.15434,1.15427,1.15431
2026-08-16 15:50:00+00:00,1.15429,1.15434,1.15217,1.15289
2026-08-16 15:55:00+00:00,1.15286,1.15508,1.15123,1.15436
2026-08-16 16:00:00+00:00,1.15436,1.15831,1.15356,1.15634
2026-08-16 16:05:00+00:00,1.15634,1.15639,1.15632,1.15636
2026-08-16 16:10:00+00:00,1.15634,1.15638,1.15634,1.15636
2026-08-16 16:15:00+00:00,1.15634,1.15663,1.15376,1.15465
2026-08-16 16:20:00+00:00,1.15466,1.1547,1.15465,1.15466
2026-08-16 16:25:00+00:00,1.15466,1.15471,1.15464,1.15468
2026-08-16 16:30:00+00:00,1.15466,1.1547,1.15466,1.15468
2026-08-16 16:35:00+00:00,1.15466,1.15471,1.15464,1.15465
2026-08-16 16:40:00+00:00,1.15466,1.15501,1.15323,1.1537
2026-08-16 16:45:00+00:00,1.15383,1.15537,1.15383,1.15488
2026-08-16 16:50:00+00:00,1.15485,1.15591,1.15417,1.15561
2026-08-16 16:55:00+00:00,1.15559,1.15564,1.15558,1.15559
2026-08-16 17:00:00+00:00,1.15559,1.15792,1.15516,1.15696
2026-08-16 17:05:00+00:00,1.1569,1.15858,1.15473,1.15623
2026-08-16 17:10:00+00:00,1.15593,1.15698,1.15593,1.15697
2026-08-16 17:15:00+00:00,1.15692,1.15711,1.15692,1.15703
2026-08-16 17:20:00+00:00,1.15703,1.15708,1.15702,1.15704
2026-08-16 17:25:00+00:00,1.15704,1.15709,1.15702,1.15706
2026-08-16 17:30:00+00:00,1.15704,1.15709,1.15456,1.15578
2026-08-16 17:35:00+00:00,1.15534,1.15683,1.15534,1.1568
2026-08-16 17:40:00+00:00,1.15676,1.15694,1.15674,1.15686
2026-08-16 17:45:00+00:00,1.15686,1.15706,1.15686,1.15703
2026-08-16 17:50:00+00:00,1.15701,1.15708,1.15701,1.15705
2026-08-16 17:55:00+00:00,1.15703,1.15709,1.15702,1.15703
2026-08-16 18:00:00+00:00,1.15704,1.15709,1.15702,1.15708
2026-08-16 18:05:00+00:00,1.15705,1.1571,1.15703,1.15708
2026-08-16 18:10:00+00:00,1.15705,1.1571,1.15704,1.15707
2026-08-16 18:15:00+00:00,1.15706,1.15711,1.15704,1.15704
2026-08-16 18:20:00+00:00,1.15705,1.1571,1.15704,1.15707
2026-08-16 18:25:00+00:00,1.15706,1.15711,1.15704,1.15709
2026-08-16 18:30:00+00:00,1.15706,1.15711,1.15705,1.15708
2026-08-16 18:35:00+00:00,1.15707,1.15726,1.15702,1.15707
2026-08-16 18:40:00+00:00,1.15711,1.15752,1.15706,1.15737
2026-08-16 18:45:00+00:00,1.15707,1.15768,1.15687,1.15708
2026-08-16 18:50:00+00:00,1.15717,1.15768,1.1567,1.15709
2026-08-16 18:55:00+00:00,1.15736,1.15736,1.15694,1.15708
2026-08-16 19:00:00+00:00,1.15717,1.15717,1.15705,1.15707
2026-08-16 19:05:00+00:00,1.15707,1.15717,1.15659,1.15708
2026-08-16 19:10:00+00:00,1.15693,1.15717,1.1564,1.15707
2026-08-16 19:15:00+00:00,1.15701,1.15742,1.15607,1.15703
2026-08-16 19:20:00+00:00,1.15706,1.1577,1.15602,1.15705
2026-08-16 19:25:00+00:00,1.15646,1.15776,1.15531,1.15538
2026-08-16 19:30:00+00:00,1.15536,1.15776,1.15532,1.15688
2026-08-16 19:35:00+00:00,1.15567,1.15769,1.15549,1.15704
2026-08-16 19:40:00+00:00,1.15673,1.15748,1.15614,1.15732
2026-08-16 19:45:00+00:00,1.15705,1.1577,1.15534,1.15706
2026-08-16 19:50:00+00:00,1.15634,1.15745,1.15621,1.15707
2026-08-16 19:55:00+00:00,1.15696,1.15756,1.15585,1.15599
2026-08-16 20:00:00+00:00,1.15635,1.15755,1.15512,1.15707
2026-08-16 20:05:00+00:00,1.15693,1.15714,1.15693,1.15708
2026-08-16 20:10:00+00:00,1.15697,1.15713,1.15695,1.15706
2026-08-16 20:15:00+00:00,1.15697,1.15715,1.15689,1.1569
2026-08-16 20:20:00+00:00,1.15692,1.15714,1.15687,1.15708
2026-08-16 20:25:00+00:00,1.15697,1.15718,1.1568,1.15708
2026-08-16 20:30:00+00:00,1.15693,1.15713,1.15693,1.15707
2026-08-16 20:35:00+00:00,1.15698,1.15717,1.15686,1.15707
2026-08-16 20:40:00+00:00,1.15695,1.15713,1.15693,1.15707
2026-08-16 20:45:00+00:00,1.15696,1.15725,1.15655,1.15704
2026-08-16 20:50:00+00:00,1.15686,1.15722,1.1567,1.15672
2026-08-16 20:55:00+00:00,1.15672,1.15725,1.15664,1.15666
2026-08-16 21:00:00+00:00,1.15671,1.15721,1.15648,1.15698
2026-08-16 21:05:00+00:00,1.15691,1.1571,1.1566,1.15695
2026-08-16 21:10:00+00:00,1.15663,1.15725,1.15649,1.15701
2026-08-16 21:15:00+00:00,1.15671,1.15711,1.15656,1.15701
2026-08-16 21:20:00+00:00,1.1568,1.15719,1.15656,1.15699
2026-08-16 21:25:00+00:00,1.15663,1.15709,1.15662,1.15663
2026-08-16 21:30:00+00:00,1.15662,1.15713,1.15661,1.15662
2026-08-16 21:35:00+00:00,1.15662,1.15721,1.15652,1.15697
2026-08-16 21:40:00+00:00,1.15659,1.15723,1.15644,1.15702
2026-08-16 21:45:00+00:00,1.15671,1.15722,1.15658,1.15694
2026-08-16 21:50:00+00:00,1.15659,1.15717,1.15651,1.15651
2026-08-16 21:55:00+00:00,1.15653,1.15718,1.15647,1.15696
2026-08-16 22:00:00+00:00,1.15657,1.15713,1.15657,1.1568
2026-08-16 22:05:00+00:00,1.15677,1.15677,1.15655,1.15664
2026-08-16 22:10:00+00:00,1.15662,1.15674,1.15659,1.15662
2026-08-16 22:15:00+00:00,1.15665,1.15675,1.15665,1.15674
2026-08-16 22:20:00+00:00,1.15672,1.15701,1.1567,1.157
2026-08-16 22:25:00+00:00,1.15695,1.15699,1.1569,1.15696
2026-08-16 22:30:00+00:00,1.15695,1.15711,1.15689,1.15704
2026-08-16 22:35:00+00:00,1.15705,1.15723,1.15705,1.15722
2026-08-16 22:40:00+00:00,1.15721,1.15723,1.15714,1.15719
2026-08-16 22:45:00+00:00,1.15717,1.15727,1.15709,1.15719
2026-08-16 22:50:00+00:00,1.15717,1.15734,1.15713,1.15716
2026-08-16 22:55:00+00:00,1.15723,1.15754,1.15723,1.15751
2026-08-16 23:00:00+00:00,1.15747,1.15757,1.15745,1.15754
2026-08-16 23:05:00+00:00,1.15751,1.15754,1.15742,1.15752
2026-08-16 23:10:00+00:00,1.1575,1.15759,1.15744,1.15748
2026-08-16 23:15:00+00:00,1.1575,1.15754,1.15746,1.15749
2026-08-16 23:20:00+00:00,1.15749,1.15751,1.15742,1.15748
2026-08-16 23:25:00+00:00,1.15746,1.15753,1.15743,1.15749
2026-08-16 23:30:00+00:00,1.15748,1.15748,1.15741,1.15744
2026-08-16 23:35:00+00:00,1.15744,1.15752,1.15741,1.15751
2026-08-16 23:40:00+00:00,1.15748,1.15756,1.15748,1.15754
2026-08-16 23:45:00+00:00,1.15752,1.15761,1.15748,1.15761
2026-08-16 23:50:00+00:00,1.15759,1.15761,1.1573,1.15732
2026-08-16 23:55:00+00:00,1.15737,1.15745,1.15726,1.15744
2026-08-17 00:00:00+00:00,1.15741,1.15778,1.15739,1.15777
2026-08-17 00:05:00+00:00,1.15772,1.15798,1.15772,1.15797
2026-08-17 00:10:00+00:00,1.15794,1.15804,1.15785,1.15802
2026-08-17 00:15:00+00:00,1.15798,1.15803,1.1579,1.15801
2026-08-17 00:20:00+00:00,1.15799,1.15799,1.1578,1.15791
2026-08-17 00:25:00+00:00,1.15785,1.15806,1.15784,1.15795
2026-08-17 00:30:00+00:00,1.15799,1.15814,1.15793,1.15812
2026-08-17 00:35:00+00:00,1.15809,1.15817,1.15786,1.1579
2026-08-17 00:40:00+00:00,1.15792,1.158,1.15786,1.15798
2026-08-17 00:45:00+00:00,1.15795,1.15806,1.15788,1.15793
2026-08-17 00:50:00+00:00,1.15799,1.15801,1.15784,1.158
2026-08-17 00:55:00+00:00,1.15796,1.15802,1.15785,1.1579
2026-08-17 01:00:00+00:00,1.15793,1.15809,1.15784,1.15787
2026-08-17 01:05:00+00:00,1.15789,1.15807,1.15788,1.15804
2026-08-17 01:10:00+00:00,1.15802,1.15805,1.15786,1.15801
2026-08-17 01:15:00+00:00,1.15795,1.15804,1.15789,1.15791
2026-08-17 01:20:00+00:00,1.15793,1.15823,1.15789,1.15823
2026-08-17 01:25:00+00:00,1.15818,1.15829,1.15813,1.15827
2026-08-17 01:30:00+00:00,1.15822,1.15827,1.15789,1.15793
2026-08-17 01:35:00+00:00,1.158,1.15801,1.15782,1.15798
2026-08-17 01:40:00+00:00,1.15794,1.15821,1.15794,1.1582
2026-08-17 01:45:00+00:00,1.15815,1.15834,1.15815,1.15831
2026-08-17 01:50:00+00:00,1.15826,1.15838,1.15818,1.15834
2026-08-17 01:55:00+00:00,1.1583,1.15836,1.15821,1.15833
2026-08-17 02:00:00+00:00,1.15832,1.15844,1.15831,1.15843
2026-08-17 02:05:00+00:00,1.15841,1.15846,1.15828,1.15835
2026-08-17 02:10:00+00:00,1.15832,1.15833,1.1582,1.15822
2026-08-17 02:15:00+00:00,1.15825,1.15841,1.15821,1.15838
2026-08-17 02:20:00+00:00,1.15836,1.15842,1.15829,1.15835
2026-08-17 02:25:00+00:00,1.15833,1.15845,1.15829,1.15844
2026-08-17 02:30:00+00:00,1.15841,1.15844,1.1581,1.15815
2026-08-17 02:35:00+00:00,1.15822,1.15824,1.15807,1.15821
2026-08-17 02:40:00+00:00,1.15819,1.15828,1.15817,1.15825
2026-08-17 02:45:00+00:00,1.15823,1.15823,1.15808,1.15812
2026-08-17 02:50:00+00:00,1.15815,1.15816,1.15801,1.15811
2026-08-17 02:55:00+00:00,1.15809,1.15812,1.15794,1.15795
2026-08-17 03:00:00+00:00,1.15796,1.15805,1.15792,1.15804
2026-08-17 03:05:00+00:00,1.15801,1.15806,1.15789,1.15796
2026-08-17 03:10:00+00:00,1.15799,1.158,1.15786,1.15789
2026-08-17 03:15:00+00:00,1.15791,1.15806,1.15789,1.15804
2026-08-17 03:20:00+00:00,1.15802,1.15806,1.15797,1.15805
2026-08-17 03:25:00+00:00,1.15803,1.15808,1.15796,1.15798
2026-08-17 03:30:00+00:00,1.15801,1.15805,1.15797,1.15805
2026-08-17 03:35:00+00:00,1.15804,1.15806,1.15785,1.15793
2026-08-17 03:40:00+00:00,1.1579,1.15803,1.15788,1.15802
2026-08-17 03:45:00+00:00,1.15801,1.15808,1.15793,1.15807
2026-08-17 03:50:00+00:00,1.15804,1.15813,1.15794,1.15812
2026-08-17 03:55:00+00:00,1.1581,1.15835,1.15801,1.15834
2026-08-17 04:00:00+00:00,1.15828,1.15841,1.15825,1.15841
2026-08-17 04:05:00+00:00,1.15839,1.15873,1.15837,1.1587
2026-08-17 04:10:00+00:00,1.15864,1.15882,1.15864,1.15881
2026-08-17 04:15:00+00:00,1.15878,1.15884,1.15864,1.15871
2026-08-17 04:20:00+00:00,1.15869,1.15872,1.15852,1.15865
2026-08-17 04:25:00+00:00,1.15859,1.15876,1.15859,1.15869
2026-08-17 04:30:00+00:00,1.15871,1.15872,1.15851,1.15854
2026-08-17 04:35:00+00:00,1.1586,1.15873,1.15853,1.1587
2026-08-17 04:40:00+00:00,1.15868,1.15873,1.15865,1.15872
2026-08-17 04:45:00+00:00,1.15871,1.15872,1.1586,1.15869
2026-08-17 04:50:00+00:00,1.15868,1.15868,1.15851,1.15854
2026-08-17 04:55:00+00:00,1.15859,1.15859,1.15844,1.15854
2026-08-17 05:00:00+00:00,1.15852,1.15861,1.15843,1.15853
2026-08-17 05:05:00+00:00,1.15851,1.15858,1.15845,1.15847
2026-08-17 05:10:00+00:00,1.15851,1.15853,1.15833,1.15835
2026-08-17 05:15:00+00:00,1.15837,1.15854,1.15831,1.15851
2026-08-17 05:20:00+00:00,1.15848,1.1587,1.15848,1.15867
2026-08-17 05:25:00+00:00,1.15859,1.15876,1.15859,1.15871
2026-08-17 05:30:00+00:00,1.15872,1.15882,1.15859,1.1586
2026-08-17 05:35:00+00:00,1.15862,1.15866,1.15855,1.15864
2026-08-17 05:40:00+00:00,1.15854,1.15877,1.15854,1.15874
2026-08-17 05:45:00+00:00,1.15872,1.15888,1.15869,1.15885
2026-08-17 05:50:00+00:00,1.15881,1.15894,1.15874,1.15881
2026-08-17 05:55:00+00:00,1.15881,1.15885,1.15864,1.15876
2026-08-17 06:00:00+00:00,1.15873,1.15894,1.15869,1.15894
2026-08-17 06:05:00+00:00,1.15892,1.15892,1.15867,1.15889
2026-08-17 06:10:00+00:00,1.15885,1.15885,1.15839,1.15847
2026-08-17 06:15:00+00:00,1.15841,1.15862,1.15841,1.15861
2026-08-17 06:20:00+00:00,1.15856,1.15875,1.15856,1.15864
2026-08-17 06:25:00+00:00,1.15863,1.15923,1.15849,1.15915
2026-08-17 06:30:00+00:00,1.15904,1.15927,1.15888,1.15903
2026-08-17 06:35:00+00:00,1.15901,1.15911,1.15882,1.1591
2026-08-17 06:40:00+00:00,1.15905,1.15918,1.15895,1.159
2026-08-17 06:45:00+00:00,1.15899,1.15949,1.15899,1.1594
2026-08-17 06:50:00+00:00,1.15941,1.15958,1.15931,1.15956
2026-08-17 06:55:00+00:00,1.15954,1.15969,1.15945,1.15967
2026-08-17 07:00:00+00:00,1.15965,1.15968,1.15933,1.1594
2026-08-17 07:05:00+00:00,1.15943,1.15974,1.15938,1.15973
2026-08-17 07:10:00+00:00,1.15971,1.15979,1.15964,1.15976
2026-08-17 07:15:00+00:00,1.15975,1.1602,1.1597,1.16012
2026-08-17 07:20:00+00:00,1.15991,1.16043,1.15988,1.16041
2026-08-17 07:25:00+00:00,1.16035,1.16064,1.16016,1.16057
2026-08-17 07:30:00+00:00,1.16048,1.16108,1.16048,1.1608
2026-08-17 07:35:00+00:00,1.16098,1.16098,1.16067,1.16078
2026-08-17 07:40:00+00:00,1.16074,1.1612,1.16074,1.16119
2026-08-17 07:45:00+00:00,1.16115,1.16115,1.16075,1.16076
2026-08-17 07:50:00+00:00,1.16079,1.16087,1.16059,1.16064
2026-08-17 07:55:00+00:00,1.16072,1.16075,1.16062,1.16074
2026-08-17 08:00:00+00:00,1.16071,1.16076,1.16039,1.16044
2026-08-17 08:05:00+00:00,1.16053,1.16057,1.16039,1.16045
2026-08-17 08:10:00+00:00,1.1605,1.16077,1.16047,1.16075
2026-08-17 08:15:00+00:00,1.16072,1.16089,1.16066,1.16081
2026-08-17 08:20:00+00:00,1.16079,1.16111,1.16075,1.16104
2026-08-17 08:25:00+00:00,1.16093,1.16143,1.16093,1.16139
2026-08-17 08:30:00+00:00,1.16133,1.16161,1.16104,1.16113
2026-08-17 08:35:00+00:00,1.16116,1.16116,1.16087,1.16097
2026-08-17 08:40:00+00:00,1.16095,1.16095,1.16066,1.16068
2026-08-17 08:45:00+00:00,1.16071,1.16071,1.1604,1.16042
2026-08-17 08:50:00+00:00,1.16047,1.16048,1.15982,1.15991
2026-08-17 08:55:00+00:00,1.16008,1.16008,1.15957,1.15997
2026-08-17 09:00:00+00:00,1.15991,1.16002,1.15975,1.15976
2026-08-17 09:05:00+00:00,1.1598,1.16009,1.1598,1.16
2026-08-17 09:10:00+00:00,1.16003,1.16011,1.15984,1.15995
2026-08-17 09:15:00+00:00,1.15992,1.16017,1.15986,1.16016
2026-08-17 09:20:00+00:00,1.16012,1.16019,1.15981,1.15985
2026-08-17 09:25:00+00:00,1.15993,1.1602,1.15993,1.16014
2026-08-17 09:30:00+00:00,1.16005,1.16025,1.16004,1.16014
2026-08-17 09:35:00+00:00,1.16012,1.16013,1.15992,1.15998
2026-08-17 09:40:00+00:00,1.15995,1.16026,1.15989,1.16008
2026-08-17 09:45:00+00:00,1.16016,1.16016,1.15992,1.15995
2026-08-17 09:50:00+00:00,1.15997,1.16002,1.15978,1.1598
2026-08-17 09:55:00+00:00,1.1598,1.15994,1.15968,1.15975
2026-08-17 10:00:00+00:00,1.15973,1.15973,1.15954,1.15963
2026-08-17 10:05:00+00:00,1.1596,1.15967,1.15929,1.15933
2026-08-17 10:10:00+00:00,1.1594,1.15964,1.15926,1.15963
2026-08-17 10:15:00+00:00,1.15958,1.15966,1.15949,1.15962
2026-08-17 10:20:00+00:00,1.15961,1.15961,1.15942,1.15944
2026-08-17 10:25:00+00:00,1.15949,1.15968,1.15938,1.1594
2026-08-17 10:30:00+00:00,1.15945,1.15981,1.15931,1.15935
2026-08-17 10:35:00+00:00,1.1594,1.15945,1.15927,1.1594
2026-08-17 10:40:00+00:00,1.15938,1.15938,1.15916,1.15927
2026-08-17 10:45:00+00:00,1.15922,1.15936,1.15922,1.15935
2026-08-17 10:50:00+00:00,1.15932,1.15936,1.15911,1.15915
2026-08-17 10:55:00+00:00,1.15921,1.15921,1.15902,1.15903
2026-08-17 11:00:00+00:00,1.15905,1.1593,1.15903,1.15927
2026-08-17 11:05:00+00:00,1.15923,1.15952,1.15922,1.15949
2026-08-17 11:10:00+00:00,1.15942,1.15953,1.15908,1.15913
2026-08-17 11:15:00+00:00,1.15923,1.15923,1.15883,1.15888
2026-08-17 11:20:00+00:00,1.15896,1.15896,1.15878,1.15884
2026-08-17 11:25:00+00:00,1.15886,1.15903,1.15883,1.15895
2026-08-17 11:30:00+00:00,1.15896,1.1592,1.15896,1.15918
2026-08-17 11:35:00+00:00,1.15914,1.15919,1.15903,1.15911
2026-08-17 11:40:00+00:00,1.15905,1.15914,1.15892,1.15899
2026-08-17 11:45:00+00:00,1.15897,1.15897,1.15883,1.15893
2026-08-17 11:50:00+00:00,1.15892,1.15907,1.1588,1.15906
2026-08-17 11:55:00+00:00,1.159,1.1593,1.15899,1.15928
2026-08-17 12:00:00+00:00,1.15923,1.15959,1.15919,1.15954
2026-08-17 12:05:00+00:00,1.15947,1.15961,1.15941,1.1596
2026-08-17 12:10:00+00:00,1.15957,1.15957,1.15919,1.15926
2026-08-17 12:15:00+00:00,1.15937,1.15941,1.159,1.15912
2026-08-17 12:20:00+00:00,1.15909,1.15943,1.15909,1.15934
2026-08-17 12:25:00+00:00,1.15936,1.1598,1.15876,1.15922
2026-08-17 12:30:00+00:00,1.1592,1.1592,1.15896,1.15898
2026-08-17 12:35:00+00:00,1.15898,1.15918,1.15898,1.15916
2026-08-17 12:40:00+00:00,1.15915,1.15947,1.15912,1.15942
2026-08-17 12:45:00+00:00,1.15936,1.15949,1.15922,1.15929
2026-08-17 12:50:00+00:00,1.15942,1.15951,1.15916,1.1595
2026-08-17 12:55:00+00:00,1.15946,1.15972,1.15937,1.15956
2026-08-17 13:00:00+00:00,1.15959,1.15988,1.15959,1.15986
2026-08-17 13:05:00+00:00,1.15982,1.15987,1.15969,1.15981
2026-08-17 13:10:00+00:00,1.1598,1.15998,1.15964,1.15969
2026-08-17 13:15:00+00:00,1.15978,1.15983,1.1595,1.15982
2026-08-17 13:20:00+00:00,1.15978,1.15993,1.15972,1.15974
2026-08-17 13:25:00+00:00,1.15978,1.15981,1.1595,1.15953
2026-08-17 13:30:00+00:00,1.15957,1.15979,1.15953,1.15978
2026-08-17 13:35:00+00:00,1.15971,1.16007,1.15943,1.15945
2026-08-17 13:40:00+00:00,1.1595,1.1595,1.15922,1.15925
2026-08-17 13:45:00+00:00,1.15931,1.15945,1.15887,1.15905
2026-08-17 13:50:00+00:00,1.15893,1.15957,1.15893,1.15956
2026-08-17 13:55:00+00:00,1.15952,1.15954,1.15935,1.15952
2026-08-17 14:00:00+00:00,1.1595,1.15965,1.15929,1.15959
2026-08-17 14:05:00+00:00,1.15952,1.15966,1.15945,1.15954
2026-08-17 14:10:00+00:00,1.15953,1.15965,1.15951,1.15953
2026-08-17 14:15:00+00:00,1.15955,1.15987,1.15955,1.15982
2026-08-17 14:20:00+00:00,1.15982,1.15991,1.15965,1.15986
2026-08-17 14:25:00+00:00,1.15979,1.15993,1.15912,1.1592
2026-08-17 14:30:00+00:00,1.15922,1.15933,1.15919,1.15925
2026-08-17 14:35:00+00:00,1.15921,1.15927,1.15868,1.15875
2026-08-17 14:40:00+00:00,1.15888,1.15904,1.15872,1.15903
2026-08-17 14:45:00+00:00,1.15901,1.15905,1.15871,1.15888
2026-08-17 14:50:00+00:00,1.15882,1.15909,1.15869,1.15879
2026-08-17 14:55:00+00:00,1.15898,1.15898,1.15864,1.1588
2026-08-17 15:00:00+00:00,1.15876,1.15885,1.15855,1.15856
2026-08-17 15:05:00+00:00,1.15859,1.15873,1.15836,1.15846
2026-08-17 15:10:00+00:00,1.15844,1.15855,1.15841,1.15854
2026-08-17 15:15:00+00:00,1.15852,1.15858,1.15814,1.15819
2026-08-17 15:20:00+00:00,1.15829,1.15848,1.15827,1.15835
2026-08-17 15:25:00+00:00,1.15833,1.15856,1.15829,1.15845
2026-08-17 15:30:00+00:00,1.15839,1.15863,1.15839,1.15842
2026-08-17 15:35:00+00:00,1.15844,1.15854,1.15829,1.15851
2026-08-17 15:40:00+00:00,1.15847,1.15855,1.15827,1.1583
2026-08-17 15:45:00+00:00,1.1583,1.15854,1.15813,1.15853
2026-08-17 15:50:00+00:00,1.15848,1.15885,1.15845,1.15881
2026-08-17 15:55:00+00:00,1.15872,1.15902,1.15872,1.1589
2026-08-17 16:00:00+00:00,1.15894,1.15903,1.15861,1.15867
2026-08-17 16:05:00+00:00,1.15876,1.15888,1.15859,1.15874
2026-08-17 16:10:00+00:00,1.1588,1.1588,1.15864,1.15878
2026-08-17 16:15:00+00:00,1.15874,1.159,1.15874,1.15898
2026-08-17 16:20:00+00:00,1.15895,1.15907,1.15887,1.15906
2026-08-17 16:25:00+00:00,1.15904,1.15906,1.1589,1.15892
2026-08-17 16:30:00+00:00,1.15896,1.15896,1.15883,1.15892
2026-08-17 16:35:00+00:00,1.15888,1.15917,1.15886,1.15915
2026-08-17 16:40:00+00:00,1.15912,1.15918,1.15907,1.15916
2026-08-17 16:45:00+00:00,1.15915,1.15915,1.15892,1.15911
2026-08-17 16:50:00+00:00,1.15908,1.15908,1.1588,1.15884
2026-08-17 16:55:00+00:00,1.1589,1.15896,1.15883,1.15884
2026-08-17 17:00:00+00:00,1.15886,1.15896,1.15881,1.15891
2026-08-17 17:05:00+00:00,1.15894,1.15894,1.15874,1.15882
2026-08-17 17:10:00+00:00,1.15879,1.15887,1.15868,1.15872
2026-08-17 17:15:00+00:00,1.15871,1.15873,1.15848,1.15849
2026-08-17 17:20:00+00:00,1.15851,1.15856,1.15835,1.1584
2026-08-17 17:25:00+00:00,1.15846,1.15848,1.15828,1.15845
2026-08-17 17:30:00+00:00,1.15835,1.15857,1.15831,1.15832
2026-08-17 17:35:00+00:00,1.15833,1.15833,1.15798,1.15802
2026-08-17 17:40:00+00:00,1.15807,1.15813,1.15766,1.15793
2026-08-17 17:45:00+00:00,1.15791,1.15806,1.15788,1.158
2026-08-17 17:50:00+00:00,1.15798,1.15805,1.15785,1.1579
2026-08-17 17:55:00+00:00,1.1579,1.15796,1.15776,1.15777
2026-08-17 18:00:00+00:00,1.1578,1.15784,1.15765,1.15776
2026-08-17 18:05:00+00:00,1.15775,1.15784,1.15764,1.15767
2026-08-17 18:10:00+00:00,1.15771,1.15777,1.15753,1.15775
2026-08-17 18:15:00+00:00,1.1577,1.15785,1.1577,1.15778
2026-08-17 18:20:00+00:00,1.15779,1.15784,1.15757,1.15767
2026-08-17 18:25:00+00:00,1.15766,1.15766,1.15737,1.15741
2026-08-17 18:30:00+00:00,1.15739,1.15755,1.15718,1.1573
2026-08-17 18:35:00+00:00,1.15729,1.15729,1.15714,1.15715
2026-08-17 18:40:00+00:00,1.15716,1.15735,1.15714,1.15723
2026-08-17 18:45:00+00:00,1.15723,1.15725,1.15717,1.15724
2026-08-17 18:50:00+00:00,1.1572,1.15738,1.1572,1.15738
2026-08-17 18:55:00+00:00,1.15737,1.15737,1.15719,1.15732
2026-08-17 19:00:00+00:00,1.1573,1.15741,1.15725,1.1574
2026-08-17 19:05:00+00:00,1.15737,1.15742,1.1573,1.15739
2026-08-17 19:10:00+00:00,1.15736,1.15771,1.1573,1.15766
2026-08-17 19:15:00+00:00,1.15757,1.15787,1.15757,1.15785
2026-08-17 19:20:00+00:00,1.15781,1.15792,1.15777,1.15783
2026-08-17 19:25:00+00:00,1.15786,1.15793,1.1578,1.15792
2026-08-17 19:30:00+00:00,1.15789,1.15796,1.15774,1.15777
2026-08-17 19:35:00+00:00,1.15782,1.15801,1.15773,1.15797
2026-08-17 19:40:00+00:00,1.15792,1.15804,1.15789,1.15802
2026-08-17 19:45:00+00:00,1.15799,1.15807,1.1579,1.15802
2026-08-17 19:50:00+00:00,1.15799,1.15804,1.15781,1.15785
2026-08-17 19:55:00+00:00,1.15791,1.15791,1.15772,1.15788
2026-08-17 20:00:00+00:00,1.15784,1.15803,1.15784,1.158
2026-08-17 20:05:00+00:00,1.15798,1.15798,1.15777,1.15781
2026-08-17 20:10:00+00:00,1.15788,1.15788,1.15776,1.15777
2026-08-17 20:15:00+00:00,1.1578,1.15785,1.15776,1.15778
2026-08-17 20:20:00+00:00,1.1578,1.15794,1.15779,1.15792
2026-08-17 20:25:00+00:00,1.15789,1.15789,1.15776,1.15782
2026-08-17 20:30:00+00:00,1.15779,1.15786,1.15772,1.15784
2026-08-17 20:35:00+00:00,1.15781,1.15791,1.15777,1.15789
2026-08-17 20:40:00+00:00,1.15789,1.15791,1.15776,1.15789
2026-08-17 20:45:00+00:00,1.15786,1.1579,1.15781,1.15788
2026-08-17 20:50:00+00:00,1.15786,1.1579,1.15781,1.15789
2026-08-17 20:55:00+00:00,1.15787,1.15804,1.15781,1.15801
2026-08-17 21:00:00+00:00,1.15796,1.15849,1.15792,1.15832
2026-08-17 21:05:00+00:00,1.1583,1.15845,1.1578,1.15785
2026-08-17 21:10:00+00:00,1.15788,1.15794,1.15781,1.15789
2026-08-17 21:15:00+00:00,1.15789,1.15824,1.15785,1.15798
2026-08-17 21:20:00+00:00,1.15801,1.1581,1.1579,1.15808
2026-08-17 21:25:00+00:00,1.15803,1.15803,1.15785,1.15794
2026-08-17 21:30:00+00:00,1.15788,1.15794,1.15783,1.15789
2026-08-17 21:35:00+00:00,1.15789,1.15793,1.15788,1.15788
2026-08-17 21:40:00+00:00,1.15788,1.15793,1.15785,1.1579
2026-08-17 21:45:00+00:00,1.15788,1.15794,1.15785,1.1579
2026-08-17 21:50:00+00:00,1.15788,1.15795,1.15783,1.15792
2026-08-17 21:55:00+00:00,1.1579,1.1579,1.15778,1.15785
2026-08-17 22:00:00+00:00,1.15784,1.15801,1.15779,1.15792
2026-08-17 22:05:00+00:00,1.15792,1.158,1.15789,1.15794
2026-08-17 22:10:00+00:00,1.15793,1.15794,1.15784,1.15789
2026-08-17 22:15:00+00:00,1.1579,1.15796,1.15777,1.15782
2026-08-17 22:20:00+00:00,1.15789,1.15789,1.15777,1.15786
2026-08-17 22:25:00+00:00,1.15784,1.15805,1.15779,1.15793
2026-08-17 22:30:00+00:00,1.15794,1.15809,1.15788,1.15789
2026-08-17 22:35:00+00:00,1.15792,1.15797,1.15785,1.15786
2026-08-17 22:40:00+00:00,1.15788,1.15798,1.15783,1.15791
2026-08-17 22:45:00+00:00,1.15789,1.15797,1.15789,1.15797
2026-08-17 22:50:00+00:00,1.15796,1.15797,1.15786,1.15787
2026-08-17 22:55:00+00:00,1.1579,1.15795,1.15782,1.1579
2026-08-17 23:00:00+00:00,1.15788,1.15793,1.15782,1.1579
2026-08-17 23:05:00+00:00,1.15787,1.15806,1.15787,1.15803
2026-08-17 23:10:00+00:00,1.15795,1.1581,1.15795,1.15801
2026-08-17 23:15:00+00:00,1.15803,1.15808,1.15798,1.15802
2026-08-17 23:20:00+00:00,1.15803,1.1581,1.15801,1.15807
2026-08-17 23:25:00+00:00,1.15805,1.15815,1.158,1.15814
2026-08-17 23:30:00+00:00,1.15811,1.15828,1.15809,1.15813
2026-08-17 23:35:00+00:00,1.15818,1.15827,1.15814,1.1582
2026-08-17 23:40:00+00:00,1.15819,1.15832,1.15813,1.15831
2026-08-17 23:45:00+00:00,1.15826,1.15839,1.15826,1.15838
2026-08-17 23:50:00+00:00,1.15835,1.15839,1.15828,1.15829
2026-08-17 23:55:00+00:00,1.15831,1.15833,1.15823,1.15831
2026-08-18 00:00:00+00:00,1.15829,1.1584,1.15825,1.15838
2026-08-18 00:05:00+00:00,1.15828,1.15854,1.15828,1.15841
2026-08-18 00:10:00+00:00,1.15848,1.15848,1.15818,1.15819
2026-08-18 00:15:00+00:00,1.15824,1.15836,1.15824,1.15833
2026-08-18 00:20:00+00:00,1.15832,1.15834,1.15816,1.15825
2026-08-18 00:25:00+00:00,1.15823,1.15823,1.15794,1.15803
2026-08-18 00:30:00+00:00,1.15802,1.15804,1.15775,1.15777
2026-08-18 00:35:00+00:00,1.15783,1.15817,1.15783,1.15816
2026-08-18 00:40:00+00:00,1.15812,1.1582,1.15801,1.15815
2026-08-18 00:45:00+00:00,1.15812,1.15817,1.15798,1.15801
2026-08-18 00:50:00+00:00,1.15801,1.15819,1.15801,1.15811
2026-08-18 00:55:00+00:00,1.15814,1.1582,1.15802,1.15811
2026-08-18 01:00:00+00:00,1.15811,1.15829,1.15811,1.15826
2026-08-18 01:05:00+00:00,1.15824,1.15841,1.15813,1.1584
2026-08-18 01:10:00+00:00,1.15839,1.15861,1.15833,1.15858
2026-08-18 01:15:00+00:00,1.15854,1.15862,1.15809,1.15815
2026-08-18 01:20:00+00:00,1.15824,1.15826,1.15806,1.15823
2026-08-18 01:25:00+00:00,1.15819,1.15825,1.15801,1.15824
2026-08-18 01:30:00+00:00,1.15821,1.15834,1.15813,1.15832
2026-08-18 01:35:00+00:00,1.1583,1.15846,1.15827,1.15844
2026-08-18 01:40:00+00:00,1.15842,1.15843,1.15809,1.15814
2026-08-18 01:45:00+00:00,1.15821,1.15821,1.15793,1.15796
2026-08-18 01:50:00+00:00,1.15801,1.15818,1.15794,1.15816
2026-08-18 01:55:00+00:00,1.15812,1.15816,1.15792,1.15795
2026-08-18 02:00:00+00:00,1.158,1.158,1.15776,1.15777
2026-08-18 02:05:00+00:00,1.15776,1.15796,1.15776,1.15784
2026-08-18 02:10:00+00:00,1.15789,1.15789,1.1577,1.15772
2026-08-18 02:15:00+00:00,1.15772,1.15775,1.15766,1.15767
2026-08-18 02:20:00+00:00,1.15767,1.15775,1.15765,1.15768
2026-08-18 02:25:00+00:00,1.15764,1.15775,1.15764,1.15772
2026-08-18 02:30:00+00:00,1.15771,1.15776,1.15757,1.15774
2026-08-18 02:35:00+00:00,1.15771,1.15776,1.15766,1.15772
2026-08-18 02:40:00+00:00,1.1577,1.15771,1.15762,1.15771
2026-08-18 02:45:00+00:00,1.15768,1.15787,1.15765,1.15783
2026-08-18 02:50:00+00:00,1.15778,1.158,1.15778,1.1579
2026-08-18 02:55:00+00:00,1.15791,1.15807,1.15791,1.15803
2026-08-18 03:00:00+00:00,1.15801,1.15804,1.15781,1.15786
2026-08-18 03:05:00+00:00,1.15784,1.15795,1.1578,1.15789
2026-08-18 03:10:00+00:00,1.15788,1.15788,1.15778,1.15783
2026-08-18 03:15:00+00:00,1.15783,1.15789,1.15761,1.15762
2026-08-18 03:20:00+00:00,1.15763,1.15765,1.15754,1.15764
2026-08-18 03:25:00+00:00,1.15762,1.15766,1.15749,1.15762
2026-08-18 03:30:00+00:00,1.15757,1.15764,1.15745,1.15748
2026-08-18 03:35:00+00:00,1.15748,1.15748,1.15726,1.15728
2026-08-18 03:40:00+00:00,1.15729,1.15733,1.15723,1.15733
2026-08-18 03:45:00+00:00,1.15731,1.15735,1.15718,1.15718
2026-08-18 03:50:00+00:00,1.15719,1.1573,1.15719,1.15728
2026-08-18 03:55:00+00:00,1.15725,1.15745,1.15723,1.15743
2026-08-18 04:00:00+00:00,1.15741,1.15742,1.15731,1.15738
2026-08-18 04:05:00+00:00,1.15737,1.15738,1.15721,1.15722
2026-08-18 04:10:00+00:00,1.15724,1.15724,1.15706,1.15708
2026-08-18 04:15:00+00:00,1.15709,1.15716,1.15702,1.15714
2026-08-18 04:20:00+00:00,1.15711,1.15717,1.15705,1.15716
2026-08-18 04:25:00+00:00,1.15712,1.15735,1.15712,1.15723
2026-08-18 04:30:00+00:00,1.15726,1.15727,1.15711,1.15713
2026-08-18 04:35:00+00:00,1.15717,1.15726,1.15711,1.15723
2026-08-18 04:40:00+00:00,1.1572,1.15733,1.15719,1.15733
2026-08-18 04:45:00+00:00,1.15731,1.15748,1.15721,1.15743
2026-08-18 04:50:00+00:00,1.15736,1.1575,1.15736,1.15743
2026-08-18 04:55:00+00:00,1.15744,1.15746,1.1572,1.15724
2026-08-18 05:00:00+00:00,1.15731,1.15731,1.15703,1.15715
2026-08-18 05:05:00+00:00,1.15709,1.15715,1.15697,1.15707
2026-08-18 05:10:00+00:00,1.15702,1.1571,1.15699,1.157
2026-08-18 05:15:00+00:00,1.157,1.15711,1.157,1.15709
2026-08-18 05:20:00+00:00,1.15705,1.15716,1.15705,1.15715
2026-08-18 05:25:00+00:00,1.15713,1.15731,1.1571,1.1573
2026-08-18 05:30:00+00:00,1.15728,1.15735,1.15715,1.15718
2026-08-18 05:35:00+00:00,1.15724,1.15728,1.15717,1.15726
2026-08-18 05:40:00+00:00,1.15724,1.15725,1.15706,1.15724
2026-08-18 05:45:00+00:00,1.15721,1.15746,1.15721,1.1573
2026-08-18 05:50:00+00:00,1.15736,1.15743,1.15726,1.15732
2026-08-18 05:55:00+00:00,1.15731,1.1574,1.15727,1.15737
2026-08-18 06:00:00+00:00,1.15735,1.15746,1.15686,1.15691
2026-08-18 06:05:00+00:00,1.15698,1.15698,1.15676,1.15687
2026-08-18 06:10:00+00:00,1.15682,1.15713,1.15682,1.15712
2026-08-18 06:15:00+00:00,1.15709,1.15713,1.15691,1.157
2026-08-18 06:20:00+00:00,1.15696,1.15706,1.15695,1.15704
2026-08-18 06:25:00+00:00,1.15698,1.15723,1.15698,1.1571
2026-08-18 06:30:00+00:00,1.15714,1.15726,1.15705,1.15724
2026-08-18 06:35:00+00:00,1.15721,1.15721,1.15672,1.15683
2026-08-18 06:40:00+00:00,1.15675,1.15707,1.15675,1.15706
2026-08-18 06:45:00+00:00,1.15703,1.15707,1.15694,1.15695
2026-08-18 06:50:00+00:00,1.15699,1.15706,1.15689,1.1569
2026-08-18 06:55:00+00:00,1.15692,1.15713,1.1569,1.15704
2026-08-18 07:00:00+00:00,1.15699,1.15741,1.15692,1.15734
2026-08-18 07:05:00+00:00,1.15733,1.15743,1.15723,1.15731
2026-08-18 07:10:00+00:00,1.15732,1.15742,1.15706,1.15709
2026-08-18 07:15:00+00:00,1.15714,1.15722,1.15698,1.15711
2026-08-18 07:20:00+00:00,1.15702,1.15737,1.15702,1.15735
2026-08-18 07:25:00+00:00,1.1573,1.15756,1.15729,1.15755
2026-08-18 07:30:00+00:00,1.15753,1.15761,1.15735,1.15749
2026-08-18 07:35:00+00:00,1.15747,1.1576,1.15737,1.15758
2026-08-18 07:40:00+00:00,1.1575,1.15773,1.1575,1.15755
2026-08-18 07:45:00+00:00,1.15757,1.15771,1.15757,1.15761
2026-08-18 07:50:00+00:00,1.15766,1.1578,1.15749,1.15756
2026-08-18 07:55:00+00:00,1.15767,1.15767,1.15745,1.15762
2026-08-18 08:00:00+00:00,1.15758,1.15758,1.15715,1.15717
2026-08-18 08:05:00+00:00,1.1572,1.15732,1.15706,1.15708
2026-08-18 08:10:00+00:00,1.15713,1.15726,1.1571,1.15723
2026-08-18 08:15:00+00:00,1.15721,1.15723,1.15707,1.15716
2026-08-18 08:20:00+00:00,1.15712,1.15717,1.15698,1.15701
2026-08-18 08:25:00+00:00,1.15707,1.15716,1.15699,1.15715
2026-08-18 08:30:00+00:00,1.15712,1.15735,1.1571,1.15733
2026-08-18 08:35:00+00:00,1.1573,1.15734,1.15717,1.1572
2026-08-18 08:40:00+00:00,1.15722,1.15751,1.15722,1.15749
2026-08-18 08:45:00+00:00,1.15744,1.1576,1.15741,1.15758
2026-08-18 08:50:00+00:00,1.15756,1.15762,1.15746,1.15759
2026-08-18 08:55:00+00:00,1.15756,1.15781,1.15755,1.15768
2026-08-18 09:00:00+00:00,1.15771,1.15771,1.15743,1.15746
2026-08-18 09:05:00+00:00,1.15751,1.15757,1.15745,1.15755
2026-08-18 09:10:00+00:00,1.15755,1.15755,1.15734,1.15747
2026-08-18 09:15:00+00:00,1.15744,1.15749,1.15726,1.15744
2026-08-18 09:20:00+00:00,1.1574,1.15769,1.15738,1.15751
2026-08-18 09:25:00+00:00,1.15755,1.1578,1.15751,1.15778
2026-08-18 09:30:00+00:00,1.15776,1.15795,1.15762,1.15792
2026-08-18 09:35:00+00:00,1.15789,1.15792,1.15757,1.15791
2026-08-18 09:40:00+00:00,1.15787,1.15787,1.15743,1.15745
2026-08-18 09:45:00+00:00,1.15749,1.15776,1.15749,1.15767
2026-08-18 09:50:00+00:00,1.15772,1.15779,1.15762,1.15768
2026-08-18 09:55:00+00:00,1.15769,1.15798,1.15769,1.15798
2026-08-18 10:00:00+00:00,1.15794,1.15798,1.1577,1.15777
2026-08-18 10:05:00+00:00,1.15788,1.15788,1.15761,1.15764
2026-08-18 10:10:00+00:00,1.1577,1.15772,1.15747,1.15761
2026-08-18 10:15:00+00:00,1.15758,1.15763,1.15743,1.15763
2026-08-18 10:20:00+00:00,1.1576,1.15764,1.15747,1.15755
2026-08-18 10:25:00+00:00,1.15757,1.1577,1.15739,1.15768
2026-08-18 10:30:00+00:00,1.15765,1.15775,1.1575,1.15753
2026-08-18 10:35:00+00:00,1.15759,1.15759,1.15749,1.15758
2026-08-18 10:40:00+00:00,1.15755,1.1576,1.15747,1.15756
2026-08-18 10:45:00+00:00,1.15752,1.15772,1.1575,1.15763
2026-08-18 10:50:00+00:00,1.15764,1.15773,1.15749,1.15758
2026-08-18 10:55:00+00:00,1.15755,1.15768,1.15753,1.15767
2026-08-18 11:00:00+00:00,1.15763,1.15768,1.15753,1.15765
2026-08-18 11:05:00+00:00,1.15763,1.15766,1.15746,1.15754
2026-08-18 11:10:00+00:00,1.15754,1.15762,1.15745,1.15747
2026-08-18 11:15:00+00:00,1.1575,1.1575,1.15735,1.15747
2026-08-18 11:20:00+00:00,1.15744,1.15755,1.15739,1.15744
2026-08-18 11:25:00+00:00,1.1575,1.15752,1.15733,1.15736
2026-08-18 11:30:00+00:00,1.15742,1.15748,1.1573,1.15744
2026-08-18 11:35:00+00:00,1.15742,1.15754,1.15729,1.15744
2026-08-18 11:40:00+00:00,1.15748,1.15757,1.15739,1.15756
2026-08-18 11:45:00+00:00,1.15753,1.15753,1.15738,1.15743
2026-08-18 11:50:00+00:00,1.15742,1.15743,1.15731,1.15733
2026-08-18 11:55:00+00:00,1.15732,1.15772,1.15728,1.15771
2026-08-18 12:00:00+00:00,1.15767,1.15787,1.15738,1.15746
2026-08-18 12:05:00+00:00,1.15765,1.15792,1.15764,1.15766
2026-08-18 12:10:00+00:00,1.1577,1.1577,1.15753,1.15766
2026-08-18 12:15:00+00:00,1.15763,1.15782,1.15755,1.15767
2026-08-18 12:20:00+00:00,1.15765,1.15797,1.15765,1.15774
2026-08-18 12:25:00+00:00,1.15778,1.15789,1.15745,1.15748
2026-08-18 12:30:00+00:00,1.15753,1.15753,1.15729,1.15733
2026-08-18 12:35:00+00:00,1.15736,1.15739,1.15722,1.15723
2026-08-18 12:40:00+00:00,1.15724,1.15746,1.15722,1.15727
2026-08-18 12:45:00+00:00,1.15735,1.15757,1.15735,1.15756
2026-08-18 12:50:00+00:00,1.15753,1.15775,1.15753,1.15774
2026-08-18 12:55:00+00:00,1.15771,1.15781,1.15755,1.15761
2026-08-18 13:00:00+00:00,1.15772,1.15793,1.15747,1.15786
2026-08-18 13:05:00+00:00,1.15777,1.15805,1.15761,1.15766
2026-08-18 13:10:00+00:00,1.15767,1.15789,1.15767,1.15787
2026-08-18 13:15:00+00:00,1.15785,1.15799,1.1577,1.1577
2026-08-18 13:20:00+00:00,1.15771,1.15776,1.15758,1.15759
2026-08-18 13:25:00+00:00,1.15761,1.15773,1.15743,1.15757
2026-08-18 13:30:00+00:00,1.15753,1.1579,1.15726,1.15789
2026-08-18 13:35:00+00:00,1.15782,1.15842,1.15782,1.15837
2026-08-18 13:40:00+00:00,1.15828,1.1585,1.15801,1.15806
2026-08-18 13:45:00+00:00,1.15814,1.1582,1.15786,1.15818
2026-08-18 13:50:00+00:00,1.15812,1.15826,1.15785,1.15788
2026-08-18 13:55:00+00:00,1.15792,1.15811,1.15779,1.15806
2026-08-18 14:00:00+00:00,1.15798,1.15827,1.15798,1.15822
2026-08-18 14:05:00+00:00,1.15816,1.15837,1.15813,1.15833
2026-08-18 14:10:00+00:00,1.15823,1.15865,1.15823,1.15864
2026-08-18 14:15:00+00:00,1.1586,1.15877,1.15824,1.1587
2026-08-18 14:20:00+00:00,1.15858,1.15884,1.15855,1.15883
2026-08-18 14:25:00+00:00,1.15881,1.15881,1.15841,1.15848
2026-08-18 14:30:00+00:00,1.15859,1.15859,1.15836,1.15852
2026-08-18 14:35:00+00:00,1.15848,1.15852,1.15817,1.15824
2026-08-18 14:40:00+00:00,1.15825,1.15852,1.15809,1.15851
2026-08-18 14:45:00+00:00,1.15849,1.15858,1.15839,1.15856
2026-08-18 14:50:00+00:00,1.1585,1.15878,1.15828,1.15834
2026-08-18 14:55:00+00:00,1.15842,1.15855,1.15816,1.15841
2026-08-18 15:00:00+00:00,1.15838,1.1585,1.15802,1.15839
2026-08-18 15:05:00+00:00,1.15823,1.15861,1.1581,1.15815
2026-08-18 15:10:00+00:00,1.15822,1.15822,1.15785,1.15799
2026-08-18 15:15:00+00:00,1.15797,1.15797,1.15776,1.15794
2026-08-18 15:20:00+00:00,1.1579,1.15817,1.15782,1.15793
2026-08-18 15:25:00+00:00,1.15806,1.15806,1.15763,1.15785
2026-08-18 15:30:00+00:00,1.15782,1.15789,1.15774,1.15781
2026-08-18 15:35:00+00:00,1.15778,1.15806,1.15778,1.15795
2026-08-18 15:40:00+00:00,1.158,1.15803,1.15785,1.15789
2026-08-18 15:45:00+00:00,1.15797,1.15815,1.15784,1.15813
2026-08-18 15:50:00+00:00,1.1581,1.1582,1.15796,1.15802
2026-08-18 15:55:00+00:00,1.15814,1.15814,1.15789,1.15792
2026-08-18 16:00:00+00:00,1.15798,1.15812,1.1579,1.15794
2026-08-18 16:05:00+00:00,1.15796,1.15826,1.15796,1.15823
2026-08-18 16:10:00+00:00,1.15815,1.15844,1.15815,1.15843
2026-08-18 16:15:00+00:00,1.15841,1.15847,1.15826,1.15845
2026-08-18 16:20:00+00:00,1.15843,1.15854,1.15839,1.15851
2026-08-18 16:25:00+00:00,1.15851,1.15859,1.15813,1.15817
2026-08-18 16:30:00+00:00,1.15822,1.15822,1.15794,1.15802
2026-08-18 16:35:00+00:00,1.158,1.15806,1.15792,1.15803
2026-08-18 16:40:00+00:00,1.15799,1.15822,1.15795,1.15821
2026-08-18 16:45:00+00:00,1.15818,1.15836,1.15813,1.15833
2026-08-18 16:50:00+00:00,1.15828,1.15828,1.1581,1.15818
2026-08-18 16:55:00+00:00,1.15816,1.15817,1.15798,1.158
2026-08-18 17:00:00+00:00,1.15802,1.15804,1.15773,1.15783
2026-08-18 17:05:00+00:00,1.15783,1.15783,1.15764,1.15765
2026-08-18 17:10:00+00:00,1.15765,1.15769,1.15761,1.15764
2026-08-18 17:15:00+00:00,1.15762,1.15777,1.15758,1.15774
2026-08-18 17:20:00+00:00,1.15769,1.15784,1.15768,1.15781
2026-08-18 17:25:00+00:00,1.15781,1.15781,1.15759,1.15766
2026-08-18 17:30:00+00:00,1.15759,1.15778,1.15751,1.15766
2026-08-18 17:35:00+00:00,1.15765,1.15765,1.15743,1.15751
2026-08-18 17:40:00+00:00,1.15753,1.15774,1.15753,1.15762
2026-08-18 17:45:00+00:00,1.15768,1.15771,1.15755,1.15759
2026-08-18 17:50:00+00:00,1.15762,1.15772,1.15752,1.15767
2026-08-18 17:55:00+00:00,1.15766,1.15772,1.15753,1.1577
2026-08-18 18:00:00+00:00,1.15766,1.15769,1.15745,1.1575
2026-08-18 18:05:00+00:00,1.15757,1.15765,1.15745,1.15763
2026-08-18 18:10:00+00:00,1.1576,1.15778,1.15756,1.15776
2026-08-18 18:15:00+00:00,1.1577,1.15785,1.1577,1.15779
2026-08-18 18:20:00+00:00,1.1578,1.1579,1.15776,1.15778
2026-08-18 18:25:00+00:00,1.1578,1.15784,1.1577,1.15782
2026-08-18 18:30:00+00:00,1.15779,1.15779,1.15762,1.15771
2026-08-18 18:35:00+00:00,1.1577,1.15772,1.15754,1.15758
2026-08-18 18:40:00+00:00,1.15765,1.15765,1.15743,1.15751
2026-08-18 18:45:00+00:00,1.1575,1.15754,1.15745,1.15752
2026-08-18 18:50:00+00:00,1.15749,1.15757,1.15743,1.15752
2026-08-18 18:55:00+00:00,1.15751,1.15765,1.15747,1.15763
2026-08-18 19:00:00+00:00,1.15761,1.15764,1.15751,1.15762
2026-08-18 19:05:00+00:00,1.1576,1.1576,1.15749,1.15757
2026-08-18 19:10:00+00:00,1.15754,1.15777,1.15751,1.15775
2026-08-18 19:15:00+00:00,1.1577,1.15778,1.15755,1.15761
2026-08-18 19:20:00+00:00,1.15767,1.1578,1.15761,1.15777
2026-08-18 19:25:00+00:00,1.15775,1.15775,1.15761,1.15772
2026-08-18 19:30:00+00:00,1.1577,1.15782,1.15762,1.15781
2026-08-18 19:35:00+00:00,1.15778,1.15798,1.15774,1.15796
2026-08-18 19:40:00+00:00,1.15792,1.15813,1.15789,1.1581
2026-08-18 19:45:00+00:00,1.15808,1.15808,1.15772,1.15777
2026-08-18 19:50:00+00:00,1.15784,1.15788,1.15761,1.15767
2026-08-18 19:55:00+00:00,1.15776,1.15776,1.15746,1.15747
2026-08-18 20:00:00+00:00,1.15751,1.15753,1.15725,1.1573
2026-08-18 20:05:00+00:00,1.15737,1.15737,1.15719,1.15725
2026-08-18 20:10:00+00:00,1.15723,1.15734,1.15714,1.15733
2026-08-18 20:15:00+00:00,1.15731,1.15737,1.15723,1.15735
2026-08-18 20:20:00+00:00,1.15731,1.15735,1.15723,1.15732
2026-08-18 20:25:00+00:00,1.1573,1.15737,1.15723,1.15736
2026-08-18 20:30:00+00:00,1.15734,1.15748,1.15729,1.15746
2026-08-18 20:35:00+00:00,1.15743,1.15752,1.15741,1.15742
2026-08-18 20:40:00+00:00,1.15744,1.15754,1.15737,1.15753
2026-08-18 20:45:00+00:00,1.1575,1.1575,1.15733,1.15737
2026-08-18 20:50:00+00:00,1.15738,1.15752,1.15734,1.15745
2026-08-18 20:55:00+00:00,1.15746,1.15772,1.15739,1.15769
2026-08-18 21:00:00+00:00,1.15764,1.15768,1.15752,1.15759
2026-08-18 21:05:00+00:00,1.15761,1.15767,1.15754,1.15765
2026-08-18 21:10:00+00:00,1.15763,1.15775,1.15755,1.15771
2026-08-18 21:15:00+00:00,1.15764,1.15782,1.15764,1.15777
2026-08-18 21:20:00+00:00,1.15775,1.15789,1.15765,1.15784
2026-08-18 21:25:00+00:00,1.15782,1.15787,1.15774,1.15785
2026-08-18 21:30:00+00:00,1.15784,1.15788,1.15775,1.1578
2026-08-18 21:35:00+00:00,1.1578,1.15785,1.15776,1.15779
2026-08-18 21:40:00+00:00,1.15779,1.15782,1.1575,1.15753
2026-08-18 21:45:00+00:00,1.15759,1.15777,1.15749,1.15768
2026-08-18 21:50:00+00:00,1.15748,1.15777,1.15746,1.15747
2026-08-18 21:55:00+00:00,1.15748,1.15778,1.15745,1.15763
2026-08-18 22:00:00+00:00,1.15751,1.15774,1.15746,1.15761
2026-08-18 22:05:00+00:00,1.15755,1.1577,1.15755,1.15766
2026-08-18 22:10:00+00:00,1.15763,1.15766,1.15747,1.15749
2026-08-18 22:15:00+00:00,1.15752,1.15763,1.15745,1.15761
2026-08-18 22:20:00+00:00,1.15757,1.15765,1.15753,1.15759
2026-08-18 22:25:00+00:00,1.15756,1.15758,1.1575,1.15757
2026-08-18 22:30:00+00:00,1.15755,1.15761,1.15746,1.15758
2026-08-18 22:35:00+00:00,1.15752,1.15764,1.15751,1.1576
2026-08-18 22:40:00+00:00,1.15759,1.15759,1.15749,1.15754
2026-08-18 22:45:00+00:00,1.15752,1.15765,1.15751,1.15765
2026-08-18 22:50:00+00:00,1.15763,1.15775,1.15759,1.15761
2026-08-18 22:55:00+00:00,1.15766,1.15774,1.15761,1.15763
2026-08-18 23:00:00+00:00,1.15766,1.15788,1.15764,1.15786
2026-08-18 23:05:00+00:00,1.15783,1.15788,1.15777,1.15778
2026-08-18 23:10:00+00:00,1.1578,1.15784,1.1577,1.15772
2026-08-18 23:15:00+00:00,1.15776,1.15778,1.15766,1.15767
2026-08-18 23:20:00+00:00,1.1577,1.15775,1.15764,1.15772
2026-08-18 23:25:00+00:00,1.1577,1.15774,1.15749,1.15755
2026-08-18 23:30:00+00:00,1.15766,1.15766,1.15745,1.15748
2026-08-18 23:35:00+00:00,1.15754,1.15754,1.15735,1.15742
2026-08-18 23:40:00+00:00,1.1574,1.15745,1.15734,1.15742
2026-08-18 23:45:00+00:00,1.15739,1.15751,1.15739,1.1575
2026-08-18 23:50:00+00:00,1.15747,1.15754,1.15741,1.15751
2026-08-18 23:55:00+00:00,1.15747,1.15762,1.15743,1.1576
2026-08-19 00:00:00+00:00,1.15757,1.15793,1.15757,1.15792
2026-08-19 00:05:00+00:00,1.15786,1.15808,1.15786,1.15796
2026-08-19 00:10:00+00:00,1.15801,1.15819,1.15785,1.15817
2026-08-19 00:15:00+00:00,1.15814,1.15819,1.15802,1.15816
2026-08-19 00:20:00+00:00,1.15814,1.15814,1.15796,1.15809
2026-08-19 00:25:00+00:00,1.15805,1.15809,1.15793,1.158
2026-08-19 00:30:00+00:00,1.158,1.158,1.15759,1.15763
2026-08-19 00:35:00+00:00,1.1577,1.15773,1.15758,1.15771
2026-08-19 00:40:00+00:00,1.15767,1.15778,1.15753,1.15759
2026-08-19 00:45:00+00:00,1.15768,1.15768,1.15746,1.15748
2026-08-19 00:50:00+00:00,1.1575,1.15784,1.15746,1.15781
2026-08-19 00:55:00+00:00,1.15776,1.15784,1.15737,1.15743
2026-08-19 01:00:00+00:00,1.15753,1.15753,1.15722,1.15733
2026-08-19 01:05:00+00:00,1.15725,1.15748,1.15725,1.15734
2026-08-19 01:10:00+00:00,1.15735,1.15739,1.15729,1.1573
2026-08-19 01:15:00+00:00,1.15733,1.15733,1.15703,1.15719
2026-08-19 01:20:00+00:00,1.15711,1.15739,1.15711,1.15738
2026-08-19 01:25:00+00:00,1.15734,1.1574,1.15728,1.15739
2026-08-19 01:30:00+00:00,1.15738,1.15756,1.15734,1.15748
2026-08-19 01:35:00+00:00,1.1575,1.1577,1.1575,1.15767
2026-08-19 01:40:00+00:00,1.15765,1.1578,1.15761,1.15779
2026-08-19 01:45:00+00:00,1.15777,1.15777,1.15761,1.15772
2026-08-19 01:50:00+00:00,1.15772,1.15773,1.15753,1.15754
2026-08-19 01:55:00+00:00,1.15756,1.1578,1.15756,1.15776
2026-08-19 02:00:00+00:00,1.15775,1.15777,1.15764,1.15772
2026-08-19 02:05:00+00:00,1.15769,1.15801,1.15767,1.15798
2026-08-19 02:10:00+00:00,1.15792,1.15805,1.15788,1.158
2026-08-19 02:15:00+00:00,1.15797,1.15852,1.15754,1.1583
2026-08-19 02:20:00+00:00,1.15835,1.15841,1.15817,1.1584
2026-08-19 02:25:00+00:00,1.15838,1.15839,1.15814,1.15829
2026-08-19 02:30:00+00:00,1.15826,1.15829,1.15808,1.15813
2026-08-19 02:35:00+00:00,1.1582,1.15839,1.15808,1.15838
2026-08-19 02:40:00+00:00,1.15833,1.15844,1.15827,1.15843
2026-08-19 02:45:00+00:00,1.1584,1.15874,1.15836,1.15849
2026-08-19 02:50:00+00:00,1.15853,1.15854,1.15809,1.15813
2026-08-19 02:55:00+00:00,1.15821,1.15821,1.15804,1.15816
2026-08-19 03:00:00+00:00,1.15813,1.15845,1.15809,1.15844
2026-08-19 03:05:00+00:00,1.15843,1.15845,1.15817,1.15825
2026-08-19 03:10:00+00:00,1.15825,1.15845,1.15821,1.15844
2026-08-19 03:15:00+00:00,1.15843,1.15853,1.1584,1.15844
2026-08-19 03:20:00+00:00,1.15842,1.15845,1.15836,1.15842
2026-08-19 03:25:00+00:00,1.1584,1.15845,1.15835,1.15839
2026-08-19 03:30:00+00:00,1.1584,1.15844,1.15821,1.15825
2026-08-19 03:35:00+00:00,1.15832,1.15832,1.1582,1.15827
2026-08-19 03:40:00+00:00,1.15825,1.15827,1.15817,1.15823
2026-08-19 03:45:00+00:00,1.15821,1.15836,1.15821,1.15834
2026-08-19 03:50:00+00:00,1.1583,1.15836,1.15821,1.15823
2026-08-19 03:55:00+00:00,1.15826,1.15827,1.15812,1.15819
2026-08-19 04:00:00+00:00,1.15817,1.15824,1.15812,1.15814
2026-08-19 04:05:00+00:00,1.15816,1.15819,1.15813,1.15814
2026-08-19 04:10:00+00:00,1.15814,1.15838,1.15808,1.15835
2026-08-19 04:15:00+00:00,1.15831,1.15843,1.15828,1.15841
2026-08-19 04:20:00+00:00,1.15837,1.15845,1.15835,1.15841
2026-08-19 04:25:00+00:00,1.1584,1.15842,1.15828,1.15838
2026-08-19 04:30:00+00:00,1.15835,1.15859,1.15827,1.1585
2026-08-19 04:35:00+00:00,1.15855,1.15855,1.15838,1.15841
2026-08-19 04:40:00+00:00,1.15846,1.15846,1.15821,1.15822
2026-08-19 04:45:00+00:00,1.15822,1.15844,1.15822,1.1584
2026-08-19 04:50:00+00:00,1.15835,1.15848,1.15835,1.15847
2026-08-19 04:55:00+00:00,1.15845,1.15868,1.15838,1.15867
2026-08-19 05:00:00+00:00,1.15864,1.15872,1.15852,1.15863
2026-08-19 05:05:00+00:00,1.15864,1.15865,1.15849,1.15851
2026-08-19 05:10:00+00:00,1.15852,1.1586,1.15847,1.15858
2026-08-19 05:15:00+00:00,1.15853,1.15879,1.15853,1.15877
2026-08-19 05:20:00+00:00,1.15875,1.15875,1.15865,1.15871
2026-08-19 05:25:00+00:00,1.15869,1.15873,1.15853,1.15857
2026-08-19 05:30:00+00:00,1.15861,1.15867,1.15852,1.15863
2026-08-19 05:35:00+00:00,1.15859,1.15876,1.15859,1.15861
2026-08-19 05:40:00+00:00,1.15863,1.15878,1.15859,1.15878
2026-08-19 05:45:00+00:00,1.15877,1.15889,1.15867,1.1588
2026-08-19 05:50:00+00:00,1.15882,1.15892,1.15875,1.1588
2026-08-19 05:55:00+00:00,1.15887,1.15897,1.15872,1.15895
2026-08-19 06:00:00+00:00,1.15892,1.15899,1.15884,1.15897
2026-08-19 06:05:00+00:00,1.15892,1.1591,1.15891,1.15905
2026-08-19 06:10:00+00:00,1.15899,1.15916,1.15899,1.15911
2026-08-19 06:15:00+00:00,1.15909,1.15944,1.15899,1.15941
2026-08-19 06:20:00+00:00,1.15931,1.1598,1.15931,1.15977
2026-08-19 06:25:00+00:00,1.15972,1.15982,1.15965,1.15968
2026-08-19 06:30:00+00:00,1.15973,1.15984,1.15949,1.1595
2026-08-19 06:35:00+00:00,1.15952,1.15964,1.1595,1.15962
2026-08-19 06:40:00+00:00,1.15959,1.15975,1.15951,1.15957
2026-08-19 06:45:00+00:00,1.15961,1.15966,1.15941,1.15944
2026-08-19 06:50:00+00:00,1.15953,1.15974,1.15947,1.15972
2026-08-19 06:55:00+00:00,1.1597,1.15971,1.15945,1.15953
2026-08-19 07:00:00+00:00,1.1595,1.15961,1.15941,1.1596
2026-08-19 07:05:00+00:00,1.15959,1.15959,1.15933,1.15941
2026-08-19 07:10:00+00:00,1.15948,1.15948,1.15921,1.15933
2026-08-19 07:15:00+00:00,1.1593,1.15938,1.15916,1.15937
2026-08-19 07:20:00+00:00,1.15931,1.15951,1.15931,1.15949
2026-08-19 07:25:00+00:00,1.15945,1.15952,1.15937,1.15949
2026-08-19 07:30:00+00:00,1.15944,1.15969,1.15943,1.15966
2026-08-19 07:35:00+00:00,1.15964,1.15971,1.1596,1.1597
2026-08-19 07:40:00+00:00,1.15967,1.15974,1.15934,1.15941
2026-08-19 07:45:00+00:00,1.15954,1.15954,1.15934,1.15944
2026-08-19 07:50:00+00:00,1.15948,1.15972,1.15939,1.15971
2026-08-19 07:55:00+00:00,1.15967,1.15978,1.15957,1.15961
2026-08-19 08:00:00+00:00,1.15968,1.15974,1.15957,1.15969
2026-08-19 08:05:00+00:00,1.15969,1.16013,1.15967,1.16005
2026-08-19 08:10:00+00:00,1.16007,1.16047,1.16006,1.16043
2026-08-19 08:15:00+00:00,1.16042,1.16056,1.16031,1.16055
2026-08-19 08:20:00+00:00,1.16051,1.16051,1.15993,1.15997
2026-08-19 08:25:00+00:00,1.16004,1.16004,1.15972,1.15973
2026-08-19 08:30:00+00:00,1.15977,1.15995,1.15969,1.15973
2026-08-19 08:35:00+00:00,1.15973,1.15988,1.15973,1.15987
2026-08-19 08:40:00+00:00,1.15985,1.16031,1.15971,1.16028
2026-08-19 08:45:00+00:00,1.16022,1.16033,1.16011,1.1602
2026-08-19 08:50:00+00:00,1.16024,1.16036,1.16004,1.16007
2026-08-19 08:55:00+00:00,1.1601,1.1601,1.15976,1.15983
2026-08-19 09:00:00+00:00,1.15981,1.16009,1.15968,1.16002
2026-08-19 09:05:00+00:00,1.15991,1.16009,1.1599,1.15992
2026-08-19 09:10:00+00:00,1.15997,1.16001,1.15986,1.15999
2026-08-19 09:15:00+00:00,1.15992,1.16007,1.15985,1.16005
2026-08-19 09:20:00+00:00,1.15999,1.16043,1.15999,1.16039
2026-08-19 09:25:00+00:00,1.16034,1.16051,1.16024,1.16031
2026-08-19 09:30:00+00:00,1.16034,1.16054,1.16034,1.16044
2026-08-19 09:35:00+00:00,1.1604,1.16064,1.1604,1.16044
2026-08-19 09:40:00+00:00,1.16049,1.16057,1.16038,1.16056
2026-08-19 09:45:00+00:00,1.16053,1.16065,1.16044,1.16064
2026-08-19 09:50:00+00:00,1.16062,1.1608,1.1606,1.16076
2026-08-19 09:55:00+00:00,1.16074,1.16074,1.16059,1.16073
2026-08-19 10:00:00+00:00,1.1607,1.1607,1.16054,1.16059
2026-08-19 10:05:00+00:00,1.16059,1.16075,1.16054,1.16074
2026-08-19 10:10:00+00:00,1.16072,1.16097,1.16066,1.16094
2026-08-19 10:15:00+00:00,1.16082,1.16105,1.16082,1.161
2026-08-19 10:20:00+00:00,1.16093,1.16116,1.16093,1.16113
2026-08-19 10:25:00+00:00,1.16109,1.16117,1.16085,1.16103
2026-08-19 10:30:00+00:00,1.16098,1.16111,1.16095,1.1611
2026-08-19 10:35:00+00:00,1.16107,1.16112,1.16098,1.16099
2026-08-19 10:40:00+00:00,1.16101,1.16117,1.16097,1.16107
2026-08-19 10:45:00+00:00,1.16111,1.16119,1.16106,1.16117
2026-08-19 10:50:00+00:00,1.16116,1.16116,1.16074,1.1608
2026-08-19 10:55:00+00:00,1.16082,1.16085,1.16058,1.16064
2026-08-19 11:00:00+00:00,1.16063,1.16086,1.1606,1.16066
2026-08-19 11:05:00+00:00,1.16074,1.16074,1.16038,1.16039
2026-08-19 11:10:00+00:00,1.16042,1.16063,1.16032,1.16062
2026-08-19 11:15:00+00:00,1.16058,1.16064,1.16053,1.16059
2026-08-19 11:20:00+00:00,1.16057,1.16064,1.16046,1.16061
2026-08-19 11:25:00+00:00,1.16056,1.16064,1.16046,1.1605
2026-08-19 11:30:00+00:00,1.16056,1.16056,1.16039,1.16049
2026-08-19 11:35:00+00:00,1.16042,1.16075,1.1602,1.16023
2026-08-19 11:40:00+00:00,1.16029,1.16035,1.15994,1.16001
2026-08-19 11:45:00+00:00,1.16003,1.16051,1.15998,1.16049
2026-08-19 11:50:00+00:00,1.16045,1.16053,1.16036,1.16044
2026-08-19 11:55:00+00:00,1.16041,1.16051,1.16029,1.16034
2026-08-19 12:00:00+00:00,1.16037,1.16049,1.16028,1.1603
2026-08-19 12:05:00+00:00,1.16037,1.16063,1.16032,1.16055
2026-08-19 12:10:00+00:00,1.16054,1.16055,1.16047,1.16053
2026-08-19 12:15:00+00:00,1.1605,1.16076,1.16044,1.16074
2026-08-19 12:20:00+00:00,1.1607,1.16101,1.1607,1.16083
2026-08-19 12:25:00+00:00,1.16089,1.16093,1.1606,1.16067
2026-08-19 12:30:00+00:00,1.16078,1.16148,1.16052,1.16131
2026-08-19 12:35:00+00:00,1.16084,1.16293,1.16084,1.16279
2026-08-19 12:40:00+00:00,1.16276,1.16276,1.16196,1.16206
2026-08-19 12:45:00+00:00,1.16232,1.16358,1.16232,1.16339
2026-08-19 12:50:00+00:00,1.16301,1.16403,1.16301,1.16397
2026-08-19 12:55:00+00:00,1.16381,1.16435,1.16359,1.16375
2026-08-19 13:00:00+00:00,1.16402,1.16423,1.16359,1.16389
2026-08-19 13:05:00+00:00,1.164,1.16462,1.164,1.16455
2026-08-19 13:10:00+00:00,1.1644,1.16495,1.1644,1.1649
2026-08-19 13:15:00+00:00,1.16475,1.16503,1.16454,1.16462
2026-08-19 13:20:00+00:00,1.16476,1.16497,1.16471,1.16495
2026-08-19 13:25:00+00:00,1.16491,1.16516,1.1645,1.16493
2026-08-19 13:30:00+00:00,1.16476,1.16574,1.16476,1.16573
2026-08-19 13:35:00+00:00,1.16571,1.16577,1.16482,1.16546
2026-08-19 13:40:00+00:00,1.16536,1.16566,1.16504,1.1655
2026-08-19 13:45:00+00:00,1.16536,1.16577,1.16526,1.16538
2026-08-19 13:50:00+00:00,1.16552,1.16576,1.16503,1.16573
2026-08-19 13:55:00+00:00,1.16564,1.1659,1.16553,1.16584
2026-08-19 14:00:00+00:00,1.16581,1.1659,1.16542,1.16582
2026-08-19 14:05:00+00:00,1.1657,1.16595,1.1657,1.16585
2026-08-19 14:10:00+00:00,1.16583,1.16683,1.16568,1.16677
2026-08-19 14:15:00+00:00,1.16667,1.16672,1.16633,1.16671
2026-08-19 14:20:00+00:00,1.16669,1.16685,1.16629,1.16633
2026-08-19 14:25:00+00:00,1.16644,1.16696,1.16644,1.16692
2026-08-19 14:30:00+00:00,1.16682,1.16759,1.16681,1.16754
2026-08-19 14:35:00+00:00,1.16748,1.1677,1.16709,1.16768
2026-08-19 14:40:00+00:00,1.16764,1.16768,1.16737,1.16764
2026-08-19 14:45:00+00:00,1.1676,1.16788,1.16684,1.16693
2026-08-19 14:50:00+00:00,1.1671,1.1671,1.16625,1.16634
2026-08-19 14:55:00+00:00,1.1665,1.16676,1.16613,1.16617
2026-08-19 15:00:00+00:00,1.16625,1.16641,1.16618,1.16623
2026-08-19 15:05:00+00:00,1.16632,1.16662,1.16622,1.16657
2026-08-19 15:10:00+00:00,1.1665,1.1665,1.16598,1.16639
2026-08-19 15:15:00+00:00,1.1663,1.16659,1.1661,1.16616
2026-08-19 15:20:00+00:00,1.16626,1.16636,1.16573,1.1658
2026-08-19 15:25:00+00:00,1.16593,1.16606,1.16569,1.16603
2026-08-19 15:30:00+00:00,1.16601,1.16633,1.16594,1.16631
2026-08-19 15:35:00+00:00,1.16623,1.16678,1.16623,1.1666
2026-08-19 15:40:00+00:00,1.16667,1.16676,1.1663,1.16673
2026-08-19 15:45:00+00:00,1.16667,1.16677,1.16641,1.1666
2026-08-19 15:50:00+00:00,1.16651,1.16668,1.16622,1.1663
2026-08-19 15:55:00+00:00,1.1664,1.1664,1.1661,1.16633
2026-08-19 16:00:00+00:00,1.16625,1.16662,1.16625,1.1666
2026-08-19 16:05:00+00:00,1.16658,1.16685,1.16639,1.16681
2026-08-19 16:10:00+00:00,1.1667,1.16715,1.1667,1.16714
2026-08-19 16:15:00+00:00,1.16711,1.16721,1.16664,1.1667
2026-08-19 16:20:00+00:00,1.1668,1.167,1.16664,1.16697
2026-08-19 16:25:00+00:00,1.1669,1.16709,1.1667,1.16677
2026-08-19 16:30:00+00:00,1.16691,1.16713,1.1667,1.16711
2026-08-19 16:35:00+00:00,1.16706,1.16713,1.16683,1.16688
2026-08-19 16:40:00+00:00,1.16697,1.16702,1.16685,1.167
2026-08-19 16:45:00+00:00,1.16699,1.16715,1.16682,1.16712
2026-08-19 16:50:00+00:00,1.16707,1.16717,1.1669,1.16717
2026-08-19 16:55:00+00:00,1.16715,1.16726,1.16681,1.16686
2026-08-19 17:00:00+00:00,1.16696,1.16722,1.16685,1.16697
2026-08-19 17:05:00+00:00,1.16704,1.16704,1.16652,1.16655
2026-08-19 17:10:00+00:00,1.16656,1.16672,1.16644,1.16652
2026-08-19 17:15:00+00:00,1.1665,1.1666,1.16631,1.16632
2026-08-19 17:20:00+00:00,1.16636,1.1665,1.16636,1.16649
2026-08-19 17:25:00+00:00,1.16647,1.16649,1.16628,1.16638
2026-08-19 17:30:00+00:00,1.1663,1.1665,1.16619,1.16624
2026-08-19 17:35:00+00:00,1.16623,1.16633,1.16611,1.16612
2026-08-19 17:40:00+00:00,1.16616,1.16641,1.16613,1.16634
2026-08-19 17:45:00+00:00,1.16633,1.16633,1.16615,1.16624
2026-08-19 17:50:00+00:00,1.16622,1.16622,1.16595,1.16596
2026-08-19 17:55:00+00:00,1.16598,1.16615,1.16591,1.16592
2026-08-19 18:00:00+00:00,1.16595,1.16679,1.16562,1.16675
2026-08-19 18:05:00+00:00,1.16671,1.16695,1.16664,1.16694
2026-08-19 18:10:00+00:00,1.16691,1.1671,1.16681,1.16708
2026-08-19 18:15:00+00:00,1.16704,1.16708,1.16656,1.1666
2026-08-19 18:20:00+00:00,1.16671,1.16693,1.1663,1.16633
2026-08-19 18:25:00+00:00,1.16638,1.16638,1.16607,1.16617
2026-08-19 18:30:00+00:00,1.16614,1.16663,1.16608,1.16657
2026-08-19 18:35:00+00:00,1.16647,1.167,1.16647,1.16697
2026-08-19 18:40:00+00:00,1.16693,1.16743,1.16686,1.16738
2026-08-19 18:45:00+00:00,1.16736,1.16736,1.16715,1.16729
2026-08-19 18:50:00+00:00,1.1672,1.16739,1.16716,1.16735
2026-08-19 18:55:00+00:00,1.16728,1.16752,1.16728,1.16745
2026-08-19 19:00:00+00:00,1.16744,1.16746,1.16722,1.16724
2026-08-19 19:05:00+00:00,1.16727,1.16758,1.16701,1.16755
2026-08-19 19:10:00+00:00,1.16743,1.1677,1.16735,1.1674
2026-08-19 19:15:00+00:00,1.16747,1.16767,1.16732,1.16762
2026-08-19 19:20:00+00:00,1.16758,1.16766,1.16746,1.16761
2026-08-19 19:25:00+00:00,1.16759,1.1678,1.16756,1.16779
2026-08-19 19:30:00+00:00,1.16773,1.1679,1.16773,1.16789
2026-08-19 19:35:00+00:00,1.16787,1.16787,1.1673,1.16734
2026-08-19 19:40:00+00:00,1.16737,1.1675,1.16735,1.16743
2026-08-19 19:45:00+00:00,1.16741,1.16741,1.16717,1.16738
2026-08-19 19:50:00+00:00,1.16733,1.16772,1.16727,1.1677
2026-08-19 19:55:00+00:00,1.16767,1.16782,1.1676,1.16765
2026-08-19 20:00:00+00:00,1.16771,1.16782,1.16768,1.16777
2026-08-19 20:05:00+00:00,1.16775,1.1678,1.16761,1.16778
2026-08-19 20:10:00+00:00,1.16775,1.16781,1.16757,1.1676
2026-08-19 20:15:00+00:00,1.16761,1.16764,1.16752,1.16758
2026-08-19 20:20:00+00:00,1.16758,1.16769,1.16754,1.16766
2026-08-19 20:25:00+00:00,1.16764,1.16777,1.16753,1.16757
2026-08-19 20:30:00+00:00,1.16762,1.16775,1.16752,1.16761
2026-08-19 20:35:00+00:00,1.16762,1.16783,1.16762,1.1678
2026-08-19 20:40:00+00:00,1.16777,1.16794,1.16776,1.16791
2026-08-19 20:45:00+00:00,1.16789,1.16791,1.16782,1.16791
2026-08-19 20:50:00+00:00,1.16788,1.16796,1.16779,1.16791
2026-08-19 20:55:00+00:00,1.16789,1.16789,1.16775,1.1678
2026-08-19 21:00:00+00:00,1.1678,1.16807,1.1676,1.16801
2026-08-19 21:05:00+00:00,1.16792,1.16792,1.16761,1.16775
2026-08-19 21:10:00+00:00,1.16773,1.16774,1.16757,1.16772
2026-08-19 21:15:00+00:00,1.16769,1.16782,1.16753,1.16755
2026-08-19 21:20:00+00:00,1.16757,1.16777,1.16757,1.16765
2026-08-19 21:25:00+00:00,1.16762,1.16779,1.16758,1.16762
2026-08-19 21:30:00+00:00,1.1676,1.16777,1.16757,1.16758
2026-08-19 21:35:00+00:00,1.1676,1.1678,1.16754,1.16767
2026-08-19 21:40:00+00:00,1.16759,1.16777,1.16756,1.1676
2026-08-19 21:45:00+00:00,1.16757,1.16772,1.16757,1.1677
2026-08-19 21:50:00+00:00,1.16765,1.16792,1.16765,1.16788
2026-08-19 21:55:00+00:00,1.16781,1.16792,1.16769,1.16771
2026-08-19 22:00:00+00:00,1.16773,1.16807,1.16762,1.16803
2026-08-19 22:05:00+00:00,1.16801,1.16806,1.16794,1.16801
2026-08-19 22:10:00+00:00,1.168,1.16805,1.16777,1.16783
2026-08-19 22:15:00+00:00,1.16786,1.16798,1.1678,1.16783
2026-08-19 22:20:00+00:00,1.16788,1.16788,1.16777,1.16785
2026-08-19 22:25:00+00:00,1.16782,1.16785,1.16775,1.16781
2026-08-19 22:30:00+00:00,1.16779,1.16791,1.16764,1.16767
2026-08-19 22:35:00+00:00,1.16773,1.16775,1.16765,1.16771
2026-08-19 22:40:00+00:00,1.16771,1.16776,1.16762,1.16767
2026-08-19 22:45:00+00:00,1.16767,1.16776,1.16764,1.16771
2026-08-19 22:50:00+00:00,1.1677,1.16774,1.16756,1.16758
2026-08-19 22:55:00+00:00,1.16764,1.16767,1.16753,1.16762
2026-08-19 23:00:00+00:00,1.16761,1.16766,1.16746,1.16763
2026-08-19 23:05:00+00:00,1.16761,1.16779,1.16752,1.16765
2026-08-19 23:10:00+00:00,1.1677,1.1677,1.16754,1.1676
2026-08-19 23:15:00+00:00,1.16761,1.16764,1.16747,1.16751
2026-08-19 23:20:00+00:00,1.16756,1.16756,1.16746,1.16754
2026-08-19 23:25:00+00:00,1.16751,1.16758,1.16738,1.16752
2026-08-19 23:30:00+00:00,1.16749,1.16756,1.16743,1.16744
2026-08-19 23:35:00+00:00,1.16747,1.16751,1.16738,1.16749
2026-08-19 23:40:00+00:00,1.16748,1.16751,1.16737,1.16742
2026-08-19 23:45:00+00:00,1.1674,1.1674,1.16726,1.16738
2026-08-19 23:50:00+00:00,1.16735,1.16744,1.16732,1.16738
2026-08-19 23:55:00+00:00,1.1674,1.16743,1.16731,1.16739
2026-08-20 00:00:00+00:00,1.16738,1.16794,1.16738,1.16792
2026-08-20 00:05:00+00:00,1.16783,1.16798,1.16749,1.16752
2026-08-20 00:10:00+00:00,1.16757,1.16777,1.16743,1.16773
2026-08-20 00:15:00+00:00,1.16767,1.16797,1.16767,1.16795
2026-08-20 00:20:00+00:00,1.16791,1.16797,1.16745,1.16752
2026-08-20 00:25:00+00:00,1.1675,1.16754,1.16739,1.16752
2026-08-20 00:30:00+00:00,1.16746,1.16775,1.16746,1.16752
2026-08-20 00:35:00+00:00,1.16756,1.16775,1.16754,1.16773
2026-08-20 00:40:00+00:00,1.16771,1.16771,1.16747,1.16755
2026-08-20 00:45:00+00:00,1.16752,1.16756,1.1673,1.16733
2026-08-20 00:50:00+00:00,1.16737,1.16742,1.16723,1.16739
2026-08-20 00:55:00+00:00,1.16735,1.16756,1.16732,1.16755
2026-08-20 01:00:00+00:00,1.16752,1.16752,1.16719,1.16725
2026-08-20 01:05:00+00:00,1.16723,1.16728,1.16702,1.16722
2026-08-20 01:10:00+00:00,1.16717,1.1673,1.16705,1.16726
2026-08-20 01:15:00+00:00,1.16721,1.16745,1.16721,1.16743
2026-08-20 01:20:00+00:00,1.16738,1.16778,1.16737,1.16777
2026-08-20 01:25:00+00:00,1.16775,1.16798,1.16764,1.16795
2026-08-20 01:30:00+00:00,1.16789,1.16819,1.16769,1.16813
2026-08-20 01:35:00+00:00,1.16805,1.16825,1.16792,1.16813
2026-08-20 01:40:00+00:00,1.16811,1.16811,1.16787,1.16791
2026-08-20 01:45:00+00:00,1.16797,1.16797,1.16757,1.1676
2026-08-20 01:50:00+00:00,1.16765,1.16765,1.16742,1.16749
2026-08-20 01:55:00+00:00,1.16748,1.16765,1.16743,1.16748
2026-08-20 02:00:00+00:00,1.1675,1.16822,1.16747,1.16815
2026-08-20 02:05:00+00:00,1.16798,1.16828,1.16794,1.16802
2026-08-20 02:10:00+00:00,1.16814,1.16814,1.16772,1.16781
2026-08-20 02:15:00+00:00,1.16779,1.16786,1.16738,1.16765
2026-08-20 02:20:00+00:00,1.16759,1.1676,1.16728,1.16758
2026-08-20 02:25:00+00:00,1.16751,1.16764,1.16751,1.1676
2026-08-20 02:30:00+00:00,1.16759,1.16763,1.16752,1.16759
2026-08-20 02:35:00+00:00,1.1676,1.16766,1.16741,1.16762
2026-08-20 02:40:00+00:00,1.16759,1.16783,1.16756,1.16766
2026-08-20 02:45:00+00:00,1.16772,1.16773,1.16753,1.16758
2026-08-20 02:50:00+00:00,1.16765,1.16765,1.16745,1.16749
2026-08-20 02:55:00+00:00,1.16751,1.16756,1.16738,1.16752
2026-08-20 03:00:00+00:00,1.1675,1.16759,1.16743,1.16756
2026-08-20 03:05:00+00:00,1.16754,1.16755,1.16743,1.16753
2026-08-20 03:10:00+00:00,1.16749,1.16792,1.16745,1.16787
2026-08-20 03:15:00+00:00,1.1678,1.16796,1.16757,1.16773
2026-08-20 03:20:00+00:00,1.1677,1.16799,1.1677,1.16797
2026-08-20 03:25:00+00:00,1.1679,1.16802,1.16777,1.16778
2026-08-20 03:30:00+00:00,1.16781,1.16785,1.16771,1.16776
2026-08-20 03:35:00+00:00,1.16782,1.16785,1.16754,1.16764
2026-08-20 03:40:00+00:00,1.1676,1.16777,1.1676,1.16776
2026-08-20 03:45:00+00:00,1.1677,1.16791,1.1677,1.16777
2026-08-20 03:50:00+00:00,1.1678,1.16796,1.16777,1.16794
2026-08-20 03:55:00+00:00,1.16791,1.16802,1.16788,1.16799
2026-08-20 04:00:00+00:00,1.16797,1.16802,1.16791,1.16801
2026-08-20 04:05:00+00:00,1.16799,1.16805,1.16783,1.16802
2026-08-20 04:10:00+00:00,1.16798,1.16805,1.16798,1.168
2026-08-20 04:15:00+00:00,1.168,1.16802,1.16784,1.16793
2026-08-20 04:20:00+00:00,1.16791,1.16795,1.16769,1.16772
2026-08-20 04:25:00+00:00,1.16778,1.16779,1.16768,1.16778
2026-08-20 04:30:00+00:00,1.16777,1.16779,1.16762,1.16776
2026-08-20 04:35:00+00:00,1.16773,1.16777,1.16762,1.16773
2026-08-20 04:40:00+00:00,1.16771,1.16777,1.16764,1.16767
2026-08-20 04:45:00+00:00,1.16769,1.16769,1.16757,1.16758
2026-08-20 04:50:00+00:00,1.1676,1.1677,1.16757,1.16769
2026-08-20 04:55:00+00:00,1.16767,1.16769,1.16722,1.1673
2026-08-20 05:00:00+00:00,1.16744,1.16752,1.16726,1.16752
2026-08-20 05:05:00+00:00,1.1675,1.16756,1.16744,1.16748
2026-08-20 05:10:00+00:00,1.1675,1.16755,1.16735,1.16736
2026-08-20 05:15:00+00:00,1.16736,1.16744,1.1672,1.16743
2026-08-20 05:20:00+00:00,1.1674,1.16749,1.16732,1.16746
2026-08-20 05:25:00+00:00,1.16739,1.16752,1.16723,1.16724
2026-08-20 05:30:00+00:00,1.16727,1.16738,1.16713,1.16717
2026-08-20 05:35:00+00:00,1.16723,1.16724,1.16713,1.16723
2026-08-20 05:40:00+00:00,1.16719,1.16719,1.16707,1.16715
2026-08-20 05:45:00+00:00,1.16713,1.16727,1.16699,1.16724
2026-08-20 05:50:00+00:00,1.16721,1.16733,1.16709,1.16712
2026-08-20 05:55:00+00:00,1.16719,1.16774,1.16709,1.16772
2026-08-20 06:00:00+00:00,1.16769,1.16776,1.16737,1.16742
2026-08-20 06:05:00+00:00,1.16751,1.16765,1.16735,1.16761
2026-08-20 06:10:00+00:00,1.16756,1.16802,1.1675,1.16799
2026-08-20 06:15:00+00:00,1.16794,1.16802,1.16784,1.16797
2026-08-20 06:20:00+00:00,1.16794,1.16794,1.16775,1.16785
2026-08-20 06:25:00+00:00,1.16784,1.16786,1.16773,1.16784
2026-08-20 06:30:00+00:00,1.16781,1.16781,1.16761,1.16771
2026-08-20 06:35:00+00:00,1.1677,1.16803,1.1677,1.16801
2026-08-20 06:40:00+00:00,1.16798,1.16806,1.16795,1.16804
2026-08-20 06:45:00+00:00,1.16801,1.16876,1.16797,1.16852
2026-08-20 06:50:00+00:00,1.1686,1.1686,1.16832,1.16849
2026-08-20 06:55:00+00:00,1.16843,1.1688,1.16843,1.16876
2026-08-20 07:00:00+00:00,1.16864,1.16898,1.16824,1.16827
2026-08-20 07:05:00+00:00,1.16831,1.16836,1.16818,1.1682
2026-08-20 07:10:00+00:00,1.16823,1.16831,1.16807,1.1683
2026-08-20 07:15:00+00:00,1.16825,1.16832,1.16806,1.16827
2026-08-20 07:20:00+00:00,1.16822,1.16829,1.16794,1.16797
2026-08-20 07:25:00+00:00,1.16802,1.16805,1.16788,1.16789
2026-08-20 07:30:00+00:00,1.16791,1.16847,1.16782,1.16843
2026-08-20 07:35:00+00:00,1.16832,1.16876,1.16832,1.16865
2026-08-20 07:40:00+00:00,1.16863,1.16932,1.16854,1.1693
2026-08-20 07:45:00+00:00,1.16924,1.16924,1.16867,1.16871
2026-08-20 07:50:00+00:00,1.16877,1.16885,1.16864,1.16882
2026-08-20 07:55:00+00:00,1.16873,1.16926,1.16873,1.16925
2026-08-20 08:00:00+00:00,1.16919,1.16939,1.16907,1.16914
2026-08-20 08:05:00+00:00,1.16918,1.16934,1.16913,1.16932
2026-08-20 08:10:00+00:00,1.1693,1.16956,1.16928,1.16938
2026-08-20 08:15:00+00:00,1.16945,1.1695,1.16926,1.16946
2026-08-20 08:20:00+00:00,1.16943,1.16946,1.16911,1.16941
2026-08-20 08:25:00+00:00,1.16941,1.16943,1.16902,1.16908
2026-08-20 08:30:00+00:00,1.16912,1.16912,1.16888,1.16906
2026-08-20 08:35:00+00:00,1.16902,1.16943,1.16902,1.16942
2026-08-20 08:40:00+00:00,1.16938,1.16991,1.16929,1.16983
2026-08-20 08:45:00+00:00,1.16982,1.16985,1.16949,1.16954
2026-08-20 08:50:00+00:00,1.16962,1.16997,1.16949,1.16996
2026-08-20 08:55:00+00:00,1.16992,1.16999,1.16962,1.16981
2026-08-20 09:00:00+00:00,1.16978,1.16993,1.1697,1.16982
2026-08-20 09:05:00+00:00,1.16981,1.16995,1.16958,1.1699
2026-08-20 09:10:00+00:00,1.16983,1.17049,1.16983,1.17047
2026-08-20 09:15:00+00:00,1.17045,1.17063,1.17036,1.17062
2026-08-20 09:20:00+00:00,1.17061,1.17096,1.17049,1.1709
2026-08-20 09:25:00+00:00,1.17088,1.17088,1.17051,1.17063
2026-08-20 09:30:00+00:00,1.1706,1.17088,1.17048,1.17082
2026-08-20 09:35:00+00:00,1.17073,1.17073,1.17021,1.17026
2026-08-20 09:40:00+00:00,1.17033,1.17056,1.17014,1.17053
2026-08-20 09:45:00+00:00,1.17048,1.17054,1.17015,1.17019
2026-08-20 09:50:00+00:00,1.17026,1.17071,1.1701,1.1707
2026-08-20 09:55:00+00:00,1.17066,1.1708,1.17054,1.17066
2026-08-20 10:00:00+00:00,1.17059,1.17077,1.17045,1.17072
2026-08-20 10:05:00+00:00,1.17066,1.17086,1.17062,1.17067
2026-08-20 10:10:00+00:00,1.17069,1.17109,1.17069,1.17107
2026-08-20 10:15:00+00:00,1.17104,1.17104,1.17086,1.17096
2026-08-20 10:20:00+00:00,1.17093,1.17097,1.17054,1.17055
2026-08-20 10:25:00+00:00,1.17059,1.17078,1.17055,1.17068
2026-08-20 10:30:00+00:00,1.17068,1.17091,1.17068,1.17081
2026-08-20 10:35:00+00:00,1.17079,1.17084,1.17045,1.17052
2026-08-20 10:40:00+00:00,1.17064,1.17064,1.1703,1.17042
2026-08-20 10:45:00+00:00,1.17039,1.17048,1.17,1.17004
2026-08-20 10:50:00+00:00,1.17011,1.17011,1.16948,1.16954
2026-08-20 10:55:00+00:00,1.16966,1.16975,1.16941,1.16948
2026-08-20 11:00:00+00:00,1.16952,1.16977,1.16952,1.16972
2026-08-20 11:05:00+00:00,1.16969,1.16969,1.16932,1.16937
2026-08-20 11:10:00+00:00,1.16945,1.16945,1.16908,1.16913
2026-08-20 11:15:00+00:00,1.1691,1.16914,1.16893,1.16897
2026-08-20 11:20:00+00:00,1.16902,1.1694,1.16899,1.16936
2026-08-20 11:25:00+00:00,1.16932,1.16971,1.16918,1.16923
2026-08-20 11:30:00+00:00,1.16932,1.16939,1.16906,1.16938
2026-08-20 11:35:00+00:00,1.16931,1.16955,1.1693,1.16948
2026-08-20 11:40:00+00:00,1.16945,1.16947,1.16885,1.16888
2026-08-20 11:45:00+00:00,1.16894,1.169,1.16846,1.16847
2026-08-20 11:50:00+00:00,1.16849,1.16872,1.16832,1.16841
2026-08-20 11:55:00+00:00,1.16838,1.16865,1.16833,1.16864
2026-08-20 12:00:00+00:00,1.1686,1.1686,1.16825,1.16828
2026-08-20 12:05:00+00:00,1.1683,1.1684,1.16777,1.16805
2026-08-20 12:10:00+00:00,1.168,1.16854,1.168,1.16843
2026-08-20 12:15:00+00:00,1.16842,1.16872,1.16831,1.1687
2026-08-20 12:20:00+00:00,1.16868,1.169,1.16863,1.16897
2026-08-20 12:25:00+00:00,1.16893,1.16908,1.16858,1.16866
2026-08-20 12:30:00+00:00,1.16864,1.16866,1.16812,1.1682
2026-08-20 12:35:00+00:00,1.16838,1.16839,1.16801,1.16818
2026-08-20 12:40:00+00:00,1.16823,1.16886,1.16821,1.16873
2026-08-20 12:45:00+00:00,1.16856,1.16896,1.16856,1.16869
2026-08-20 12:50:00+00:00,1.16868,1.16892,1.16862,1.16868
2026-08-20 12:55:00+00:00,1.1688,1.16899,1.1685,1.16896
2026-08-20 13:00:00+00:00,1.1689,1.16944,1.16884,1.16915
2026-08-20 13:05:00+00:00,1.16923,1.16944,1.169,1.1691
2026-08-20 13:10:00+00:00,1.16928,1.16928,1.16884,1.16888
2026-08-20 13:15:00+00:00,1.16892,1.16898,1.16865,1.16883
2026-08-20 13:20:00+00:00,1.16888,1.16906,1.16869,1.16874
2026-08-20 13:25:00+00:00,1.16878,1.1689,1.16847,1.16866
2026-08-20 13:30:00+00:00,1.16863,1.16883,1.16831,1.16836
2026-08-20 13:35:00+00:00,1.16845,1.16863,1.16816,1.16853
2026-08-20 13:40:00+00:00,1.1685,1.16857,1.16822,1.16835
2026-08-20 13:45:00+00:00,1.16833,1.16835,1.16783,1.16787
2026-08-20 13:50:00+00:00,1.16788,1.16799,1.16768,1.16783
2026-08-20 13:55:00+00:00,1.16793,1.16808,1.16757,1.1676
2026-08-20 14:00:00+00:00,1.16766,1.16799,1.16749,1.16756
2026-08-20 14:05:00+00:00,1.16767,1.16767,1.16746,1.16757
2026-08-20 14:10:00+00:00,1.16754,1.16754,1.16732,1.16752
2026-08-20 14:15:00+00:00,1.16748,1.16753,1.16717,1.16751
2026-08-20 14:20:00+00:00,1.16748,1.16802,1.16745,1.16794
2026-08-20 14:25:00+00:00,1.16781,1.16803,1.16768,1.16771
2026-08-20 14:30:00+00:00,1.16773,1.16817,1.16773,1.16815
2026-08-20 14:35:00+00:00,1.16812,1.16826,1.16798,1.16817
2026-08-20 14:40:00+00:00,1.1682,1.16824,1.16801,1.1682
2026-08-20 14:45:00+00:00,1.16814,1.16845,1.16814,1.16842
2026-08-20 14:50:00+00:00,1.16839,1.16849,1.16831,1.16847
2026-08-20 14:55:00+00:00,1.1684,1.16852,1.16812,1.16837
2026-08-20 15:00:00+00:00,1.16831,1.16914,1.16813,1.16904
2026-08-20 15:05:00+00:00,1.16889,1.16925,1.1679,1.168
2026-08-20 15:10:00+00:00,1.1682,1.16829,1.1678,1.16819
2026-08-20 15:15:00+00:00,1.16805,1.16843,1.16805,1.16822
2026-08-20 15:20:00+00:00,1.16831,1.16842,1.16782,1.16787
2026-08-20 15:25:00+00:00,1.16788,1.16825,1.16757,1.1682
2026-08-20 15:30:00+00:00,1.16805,1.1685,1.16805,1.16827
2026-08-20 15:35:00+00:00,1.16825,1.16825,1.1678,1.16799
2026-08-20 15:40:00+00:00,1.16796,1.16796,1.16735,1.16741
2026-08-20 15:45:00+00:00,1.16749,1.16772,1.16722,1.16768
2026-08-20 15:50:00+00:00,1.16756,1.16777,1.16756,1.16759
2026-08-20 15:55:00+00:00,1.16762,1.16801,1.16762,1.16798
2026-08-20 16:00:00+00:00,1.16794,1.16796,1.16783,1.16787
2026-08-20 16:05:00+00:00,1.1679,1.16801,1.1676,1.16769
2026-08-20 16:10:00+00:00,1.16768,1.16793,1.16749,1.16752
2026-08-20 16:15:00+00:00,1.16758,1.16768,1.16733,1.16763
2026-08-20 16:20:00+00:00,1.16756,1.16767,1.16746,1.16759
2026-08-20 16:25:00+00:00,1.16753,1.16762,1.16726,1.16742
2026-08-20 16:30:00+00:00,1.1674,1.1674,1.167,1.16709
2026-08-20 16:35:00+00:00,1.16711,1.16732,1.167,1.16705
2026-08-20 16:40:00+00:00,1.16712,1.16723,1.167,1.16701
2026-08-20 16:45:00+00:00,1.16703,1.16731,1.16699,1.16729
2026-08-20 16:50:00+00:00,1.16726,1.16738,1.16704,1.16706
2026-08-20 16:55:00+00:00,1.16708,1.16743,1.16708,1.16741
2026-08-20 17:00:00+00:00,1.16738,1.16749,1.16725,1.16746
2026-08-20 17:05:00+00:00,1.16745,1.16745,1.16717,1.16722
2026-08-20 17:10:00+00:00,1.16728,1.16731,1.16708,1.16715
2026-08-20 17:15:00+00:00,1.16714,1.16725,1.16711,1.1672
2026-08-20 17:20:00+00:00,1.1672,1.16722,1.16705,1.16719
2026-08-20 17:25:00+00:00,1.16717,1.16738,1.16715,1.16736
2026-08-20 17:30:00+00:00,1.16727,1.16742,1.16718,1.16732
2026-08-20 17:35:00+00:00,1.16733,1.16736,1.16722,1.16723
2026-08-20 17:40:00+00:00,1.16725,1.16735,1.16707,1.16722
2026-08-20 17:45:00+00:00,1.16716,1.16736,1.16716,1.16734
2026-08-20 17:50:00+00:00,1.16732,1.16744,1.1673,1.16739
2026-08-20 17:55:00+00:00,1.16739,1.16749,1.16731,1.16738
2026-08-20 18:00:00+00:00,1.1674,1.16754,1.16735,1.16749
2026-08-20 18:05:00+00:00,1.16744,1.1676,1.16735,1.16738
2026-08-20 18:10:00+00:00,1.16741,1.16744,1.16722,1.16722
2026-08-20 18:15:00+00:00,1.16723,1.16726,1.16707,1.16709
2026-08-20 18:20:00+00:00,1.16714,1.16735,1.16714,1.16726
2026-08-20 18:25:00+00:00,1.16729,1.16731,1.16717,1.16719
2026-08-20 18:30:00+00:00,1.1672,1.1674,1.1672,1.16729
2026-08-20 18:35:00+00:00,1.1673,1.16752,1.1673,1.16751
2026-08-20 18:40:00+00:00,1.16748,1.16751,1.16736,1.16745
2026-08-20 18:45:00+00:00,1.16747,1.16749,1.16737,1.16749
2026-08-20 18:50:00+00:00,1.16745,1.16762,1.16743,1.1676
2026-08-20 18:55:00+00:00,1.16755,1.16764,1.16747,1.16751
2026-08-20 19:00:00+00:00,1.16757,1.16762,1.16737,1.1675
2026-08-20 19:05:00+00:00,1.16749,1.16749,1.16735,1.16747
2026-08-20 19:10:00+00:00,1.16745,1.1677,1.16735,1.16767
2026-08-20 19:15:00+00:00,1.16761,1.16775,1.16758,1.16763
2026-08-20 19:20:00+00:00,1.16767,1.16774,1.16758,1.16772
2026-08-20 19:25:00+00:00,1.16769,1.16776,1.16765,1.16773
2026-08-20 19:30:00+00:00,1.1677,1.16782,1.1676,1.1677
2026-08-20 19:35:00+00:00,1.16775,1.16775,1.16757,1.16765
2026-08-20 19:40:00+00:00,1.16771,1.16774,1.16753,1.1676
2026-08-20 19:45:00+00:00,1.16758,1.16763,1.16746,1.16762
2026-08-20 19:50:00+00:00,1.16758,1.16777,1.16758,1.16775
2026-08-20 19:55:00+00:00,1.1677,1.16785,1.16768,1.16784
2026-08-20 20:00:00+00:00,1.16781,1.16795,1.16777,1.16783
2026-08-20 20:05:00+00:00,1.16782,1.16787,1.16767,1.16773
2026-08-20 20:10:00+00:00,1.1677,1.1678,1.16767,1.16778
2026-08-20 20:15:00+00:00,1.16775,1.16779,1.16768,1.16774
2026-08-20 20:20:00+00:00,1.16773,1.16774,1.16761,1.16765
2026-08-20 20:25:00+00:00,1.16763,1.16777,1.16759,1.16769
2026-08-20 20:30:00+00:00,1.16768,1.16784,1.16768,1.16779
2026-08-20 20:35:00+00:00,1.16779,1.16787,1.16775,1.16785
2026-08-20 20:40:00+00:00,1.16783,1.16792,1.16782,1.1679
2026-08-20 20:45:00+00:00,1.16786,1.16801,1.16786,1.16801
2026-08-20 20:50:00+00:00,1.16799,1.168,1.16777,1.16779
2026-08-20 20:55:00+00:00,1.16783,1.16792,1.16779,1.16791
2026-08-20 21:00:00+00:00,1.1679,1.16806,1.1678,1.168
2026-08-20 21:05:00+00:00,1.1679,1.16802,1.16782,1.16784
2026-08-20 21:10:00+00:00,1.16785,1.16792,1.16769,1.1677
2026-08-20 21:15:00+00:00,1.16773,1.16788,1.16772,1.16775
2026-08-20 21:20:00+00:00,1.16776,1.1679,1.16773,1.16786
2026-08-20 21:25:00+00:00,1.16777,1.1679,1.16772,1.16789
2026-08-20 21:30:00+00:00,1.16786,1.16792,1.16784,1.1679
2026-08-20 21:35:00+00:00,1.16788,1.16791,1.16782,1.16789
2026-08-20 21:40:00+00:00,1.16788,1.16793,1.16784,1.16788
2026-08-20 21:45:00+00:00,1.16785,1.16797,1.16779,1.16786
2026-08-20 21:50:00+00:00,1.16783,1.16787,1.16778,1.16779
2026-08-20 21:55:00+00:00,1.16779,1.16783,1.16776,1.16782
2026-08-20 22:00:00+00:00,1.1678,1.16821,1.16776,1.16819
2026-08-20 22:05:00+00:00,1.16811,1.16827,1.16811,1.16822
2026-08-20 22:10:00+00:00,1.16821,1.16824,1.16807,1.16822
2026-08-20 22:15:00+00:00,1.16818,1.16823,1.16809,1.1681
2026-08-20 22:20:00+00:00,1.16811,1.16824,1.1681,1.16821
2026-08-20 22:25:00+00:00,1.16819,1.16841,1.16808,1.16837
2026-08-20 22:30:00+00:00,1.16836,1.16837,1.16818,1.16826
2026-08-20 22:35:00+00:00,1.16824,1.1683,1.1682,1.16824
2026-08-20 22:40:00+00:00,1.16824,1.16835,1.1682,1.16831
2026-08-20 22:45:00+00:00,1.16829,1.16831,1.16822,1.16826
2026-08-20 22:50:00+00:00,1.16825,1.16844,1.16825,1.16843
2026-08-20 22:55:00+00:00,1.16841,1.16845,1.16827,1.16835
2026-08-20 23:00:00+00:00,1.16831,1.16858,1.16831,1.16856
2026-08-20 23:05:00+00:00,1.16849,1.16864,1.1684,1.16845
2026-08-20 23:10:00+00:00,1.16844,1.16859,1.1684,1.16845
2026-08-20 23:15:00+00:00,1.1685,1.16874,1.1685,1.16872
2026-08-20 23:20:00+00:00,1.16871,1.16876,1.16868,1.16874
2026-08-20 23:25:00+00:00,1.16871,1.16878,1.16863,1.16869
2026-08-20 23:30:00+00:00,1.16868,1.16874,1.16854,1.16856
2026-08-20 23:35:00+00:00,1.16861,1.16862,1.16846,1.16852
2026-08-20 23:40:00+00:00,1.16854,1.16869,1.16852,1.16867
2026-08-20 23:45:00+00:00,1.16864,1.16875,1.16858,1.16864
2026-08-20 23:50:00+00:00,1.16863,1.16877,1.16862,1.16865
2026-08-20 23:55:00+00:00,1.16869,1.16881,1.16867,1.1688
2026-08-21 00:00:00+00:00,1.16877,1.16886,1.16862,1.16878
2026-08-21 00:05:00+00:00,1.16878,1.16878,1.16847,1.16854
2026-08-21 00:10:00+00:00,1.16851,1.16893,1.16851,1.16887
2026-08-21 00:15:00+00:00,1.1688,1.16893,1.16876,1.16891
2026-08-21 00:20:00+00:00,1.16885,1.16896,1.16884,1.16892
2026-08-21 00:25:00+00:00,1.1689,1.169,1.16869,1.16871
2026-08-21 00:30:00+00:00,1.16874,1.16878,1.16857,1.16873
2026-08-21 00:35:00+00:00,1.16869,1.16891,1.16854,1.16859
2026-08-21 00:40:00+00:00,1.1686,1.16865,1.1684,1.16843
2026-08-21 00:45:00+00:00,1.16846,1.16856,1.16838,1.16852
2026-08-21 00:50:00+00:00,1.16846,1.16859,1.16846,1.16856
2026-08-21 00:55:00+00:00,1.16855,1.16856,1.16835,1.1684
2026-08-21 01:00:00+00:00,1.16839,1.16852,1.16833,1.1685
2026-08-21 01:05:00+00:00,1.16841,1.16852,1.16839,1.1684
2026-08-21 01:10:00+00:00,1.16841,1.16876,1.16841,1.16874
2026-08-21 01:15:00+00:00,1.16869,1.16889,1.16862,1.16888
2026-08-21 01:20:00+00:00,1.16884,1.16904,1.1688,1.16903
2026-08-21 01:25:00+00:00,1.169,1.16912,1.16888,1.16908
2026-08-21 01:30:00+00:00,1.16901,1.16932,1.16901,1.16931
2026-08-21 01:35:00+00:00,1.16929,1.1693,1.16904,1.1691
2026-08-21 01:40:00+00:00,1.1692,1.1692,1.16887,1.169
2026-08-21 01:45:00+00:00,1.16898,1.16909,1.16891,1.16907
2026-08-21 01:50:00+00:00,1.16906,1.16908,1.16883,1.16887
2026-08-21 01:55:00+00:00,1.16892,1.16907,1.16883,1.16903
2026-08-21 02:00:00+00:00,1.16901,1.1692,1.16897,1.16919
2026-08-21 02:05:00+00:00,1.16916,1.16916,1.16879,1.16901
2026-08-21 02:10:00+00:00,1.16892,1.16923,1.16892,1.16912
2026-08-21 02:15:00+00:00,1.16916,1.16928,1.16908,1.1692
2026-08-21 02:20:00+00:00,1.16919,1.1696,1.1691,1.16955
2026-08-21 02:25:00+00:00,1.16943,1.16972,1.1694,1.16945
2026-08-21 02:30:00+00:00,1.16953,1.16967,1.16945,1.16949
2026-08-21 02:35:00+00:00,1.16952,1.16959,1.16943,1.16953
2026-08-21 02:40:00+00:00,1.16951,1.16959,1.16947,1.16958
2026-08-21 02:45:00+00:00,1.16952,1.17004,1.1695,1.17001
2026-08-21 02:50:00+00:00,1.16996,1.17009,1.16985,1.1699
2026-08-21 02:55:00+00:00,1.17,1.17,1.16963,1.16969
2026-08-21 03:00:00+00:00,1.16978,1.16978,1.16954,1.16976
2026-08-21 03:05:00+00:00,1.16974,1.16985,1.16955,1.16979
2026-08-21 03:10:00+00:00,1.16969,1.16985,1.16967,1.16983
2026-08-21 03:15:00+00:00,1.16982,1.16985,1.16963,1.16966
2026-08-21 03:20:00+00:00,1.16971,1.16978,1.1696,1.16976
2026-08-21 03:25:00+00:00,1.16975,1.16975,1.16949,1.16958
2026-08-21 03:30:00+00:00,1.16958,1.16959,1.16936,1.16951
2026-08-21 03:35:00+00:00,1.16949,1.16952,1.16921,1.16925
2026-08-21 03:40:00+00:00,1.1693,1.1693,1.16917,1.16929
2026-08-21 03:45:00+00:00,1.16926,1.16938,1.16926,1.16927
2026-08-21 03:50:00+00:00,1.1693,1.16933,1.16917,1.16929
2026-08-21 03:55:00+00:00,1.16924,1.16947,1.16924,1.16944
2026-08-21 04:00:00+00:00,1.16941,1.16948,1.16929,1.16941
2026-08-21 04:05:00+00:00,1.16939,1.16959,1.16937,1.16941
2026-08-21 04:10:00+00:00,1.16943,1.16947,1.16936,1.16945
2026-08-21 04:15:00+00:00,1.16943,1.16954,1.16934,1.16951
2026-08-21 04:20:00+00:00,1.16948,1.16954,1.16932,1.16935
2026-08-21 04:25:00+00:00,1.16941,1.16941,1.16925,1.16927
2026-08-21 04:30:00+00:00,1.16932,1.16941,1.16924,1.16927
2026-08-21 04:35:00+00:00,1.16932,1.16939,1.16922,1.16926
2026-08-21 04:40:00+00:00,1.16927,1.1693,1.16908,1.16923
2026-08-21 04:45:00+00:00,1.16921,1.1693,1.16915,1.16918
2026-08-21 04:50:00+00:00,1.1692,1.16924,1.16914,1.16922
2026-08-21 04:55:00+00:00,1.1692,1.16941,1.16914,1.16938
2026-08-21 05:00:00+00:00,1.16936,1.16936,1.16913,1.16918
2026-08-21 05:05:00+00:00,1.16917,1.16934,1.16917,1.16923
2026-08-21 05:10:00+00:00,1.16926,1.16936,1.16926,1.16931
2026-08-21 05:15:00+00:00,1.1693,1.16938,1.16924,1.16934
2026-08-21 05:20:00+00:00,1.16931,1.16931,1.16913,1.16918
2026-08-21 05:25:00+00:00,1.16918,1.16923,1.1691,1.16919
2026-08-21 05:30:00+00:00,1.16918,1.16932,1.16904,1.16929
2026-08-21 05:35:00+00:00,1.16923,1.16962,1.16923,1.1696
2026-08-21 05:40:00+00:00,1.16957,1.16965,1.16945,1.16963
2026-08-21 05:45:00+00:00,1.16958,1.16976,1.16952,1.16971
2026-08-21 05:50:00+00:00,1.16965,1.16993,1.16965,1.16992
2026-08-21 05:55:00+00:00,1.16989,1.16989,1.16966,1.16986
2026-08-21 06:00:00+00:00,1.16982,1.16991,1.16934,1.1694
2026-08-21 06:05:00+00:00,1.16941,1.16947,1.1693,1.1693
2026-08-21 06:10:00+00:00,1.16932,1.16936,1.16919,1.16929
2026-08-21 06:15:00+00:00,1.16927,1.16952,1.16926,1.16942
2026-08-21 06:20:00+00:00,1.16944,1.16956,1.16907,1.16915
2026-08-21 06:25:00+00:00,1.16914,1.16937,1.16907,1.16936
2026-08-21 06:30:00+00:00,1.16934,1.16959,1.16919,1.16957
2026-08-21 06:35:00+00:00,1.16951,1.16965,1.16937,1.16941
2026-08-21 06:40:00+00:00,1.1694,1.16949,1.16932,1.16946
2026-08-21 06:45:00+00:00,1.16944,1.16959,1.16919,1.16951
2026-08-21 06:50:00+00:00,1.16941,1.16976,1.16941,1.16971
2026-08-21 06:55:00+00:00,1.1697,1.1698,1.16951,1.16979
2026-08-21 07:00:00+00:00,1.16972,1.17002,1.16969,1.16996
2026-08-21 07:05:00+00:00,1.16986,1.17005,1.16945,1.16951
2026-08-21 07:10:00+00:00,1.1696,1.16975,1.16947,1.16973
2026-08-21 07:15:00+00:00,1.1697,1.16991,1.16951,1.16991
2026-08-21 07:20:00+00:00,1.16988,1.16995,1.16948,1.16952
2026-08-21 07:25:00+00:00,1.16959,1.16959,1.16925,1.16938
2026-08-21 07:30:00+00:00,1.16934,1.16962,1.16913,1.16958
2026-08-21 07:35:00+00:00,1.16948,1.16967,1.16936,1.16947
2026-08-21 07:40:00+00:00,1.16944,1.16954,1.1691,1.16919
2026-08-21 07:45:00+00:00,1.16934,1.16934,1.16874,1.16896
2026-08-21 07:50:00+00:00,1.16893,1.16913,1.16886,1.16909
2026-08-21 07:55:00+00:00,1.16903,1.16903,1.16877,1.169
2026-08-21 08:00:00+00:00,1.16894,1.16933,1.16892,1.16931
2026-08-21 08:05:00+00:00,1.16928,1.16933,1.16895,1.16915
2026-08-21 08:10:00+00:00,1.16909,1.16956,1.16909,1.16951
2026-08-21 08:15:00+00:00,1.16937,1.16958,1.16924,1.16948
2026-08-21 08:20:00+00:00,1.16946,1.16946,1.16914,1.1693
2026-08-21 08:25:00+00:00,1.16928,1.16966,1.16925,1.16964
2026-08-21 08:30:00+00:00,1.16962,1.16976,1.16951,1.16973
2026-08-21 08:35:00+00:00,1.16971,1.16985,1.16963,1.16985
2026-08-21 08:40:00+00:00,1.16982,1.1704,1.16957,1.17032
2026-08-21 08:45:00+00:00,1.17021,1.17062,1.17021,1.17061
2026-08-21 08:50:00+00:00,1.17055,1.17055,1.17018,1.17052
2026-08-21 08:55:00+00:00,1.1705,1.17053,1.17033,1.1705
2026-08-21 09:00:00+00:00,1.1704,1.17068,1.17036,1.17043
2026-08-21 09:05:00+00:00,1.17055,1.17095,1.17029,1.1709
2026-08-21 09:10:00+00:00,1.17082,1.17108,1.17081,1.171
2026-08-21 09:15:00+00:00,1.17097,1.17107,1.17081,1.17097
2026-08-21 09:20:00+00:00,1.17095,1.17099,1.17058,1.17068
2026-08-21 09:25:00+00:00,1.17083,1.17083,1.17032,1.17037
2026-08-21 09:30:00+00:00,1.17039,1.17064,1.17037,1.17062
2026-08-21 09:35:00+00:00,1.17058,1.17075,1.17044,1.17074
2026-08-21 09:40:00+00:00,1.17071,1.17071,1.17037,1.17039
2026-08-21 09:45:00+00:00,1.17043,1.1705,1.17029,1.1703
2026-08-21 09:50:00+00:00,1.17033,1.17047,1.17033,1.17039
2026-08-21 09:55:00+00:00,1.17039,1.17052,1.1701,1.17016
2026-08-21 10:00:00+00:00,1.17025,1.17044,1.16989,1.17039
2026-08-21 10:05:00+00:00,1.17033,1.17048,1.17014,1.1702
2026-08-21 10:10:00+00:00,1.1703,1.1703,1.17008,1.17019
2026-08-21 10:15:00+00:00,1.17018,1.17063,1.17018,1.17063
2026-08-21 10:20:00+00:00,1.17062,1.17067,1.17037,1.17063
2026-08-21 10:25:00+00:00,1.17058,1.17087,1.17058,1.17086
2026-08-21 10:30:00+00:00,1.17083,1.17087,1.1707,1.17084
2026-08-21 10:35:00+00:00,1.17081,1.17102,1.17069,1.17101
2026-08-21 10:40:00+00:00,1.17098,1.17098,1.1707,1.17073
2026-08-21 10:45:00+00:00,1.17076,1.17082,1.17062,1.1707
2026-08-21 10:50:00+00:00,1.17069,1.17069,1.17019,1.17033
2026-08-21 10:55:00+00:00,1.1703,1.17044,1.17012,1.17015
2026-08-21 11:00:00+00:00,1.17018,1.17037,1.17018,1.17034
2026-08-21 11:05:00+00:00,1.17031,1.17034,1.17004,1.17008
2026-08-21 11:10:00+00:00,1.17008,1.17047,1.17008,1.17045
2026-08-21 11:15:00+00:00,1.17043,1.17055,1.17035,1.17053
2026-08-21 11:20:00+00:00,1.17051,1.17077,1.17013,1.17023
2026-08-21 11:25:00+00:00,1.17049,1.1709,1.17049,1.1706
2026-08-21 11:30:00+00:00,1.17068,1.17092,1.16986,1.16991
2026-08-21 11:35:00+00:00,1.16997,1.17021,1.16981,1.17005
2026-08-21 11:40:00+00:00,1.17006,1.17006,1.16968,1.16972
2026-08-21 11:45:00+00:00,1.16981,1.16995,1.16981,1.16989
2026-08-21 11:50:00+00:00,1.16987,1.1699,1.16969,1.16981
2026-08-21 11:55:00+00:00,1.16978,1.17009,1.16978,1.17007
2026-08-21 12:00:00+00:00,1.17003,1.1704,1.16995,1.16999
2026-08-21 12:05:00+00:00,1.17006,1.17029,1.16996,1.17004
2026-08-21 12:10:00+00:00,1.17019,1.17019,1.16977,1.16994
2026-08-21 12:15:00+00:00,1.1699,1.17001,1.16951,1.16952
2026-08-21 12:20:00+00:00,1.16954,1.16976,1.16947,1.16951
2026-08-21 12:25:00+00:00,1.16961,1.1698,1.16959,1.16971
2026-08-21 12:30:00+00:00,1.16969,1.16969,1.16921,1.16932
2026-08-21 12:35:00+00:00,1.1693,1.16946,1.16872,1.16875
2026-08-21 12:40:00+00:00,1.16881,1.16911,1.16859,1.16909
2026-08-21 12:45:00+00:00,1.16905,1.16913,1.16881,1.16886
2026-08-21 12:50:00+00:00,1.16891,1.16891,1.16874,1.16884
2026-08-21 12:55:00+00:00,1.1688,1.16914,1.1688,1.16911
2026-08-21 13:00:00+00:00,1.16906,1.16913,1.16891,1.16894
2026-08-21 13:05:00+00:00,1.169,1.169,1.16858,1.1686
2026-08-21 13:10:00+00:00,1.16863,1.1688,1.16854,1.16879
2026-08-21 13:15:00+00:00,1.16876,1.16884,1.16858,1.16861
2026-08-21 13:20:00+00:00,1.16866,1.16878,1.16831,1.16837
2026-08-21 13:25:00+00:00,1.16846,1.16846,1.16816,1.16837
2026-08-21 13:30:00+00:00,1.16827,1.16847,1.1679,1.16798
2026-08-21 13:35:00+00:00,1.16814,1.16827,1.16787,1.16825
2026-08-21 13:40:00+00:00,1.16822,1.16835,1.1682,1.16833
2026-08-21 13:45:00+00:00,1.16831,1.16837,1.16801,1.16835
2026-08-21 13:50:00+00:00,1.1683,1.16837,1.16813,1.16836
2026-08-21 13:55:00+00:00,1.16829,1.1686,1.16824,1.16838
2026-08-21 14:00:00+00:00,1.16835,1.16837,1.1679,1.16808
2026-08-21 14:05:00+00:00,1.16803,1.16827,1.16771,1.16775
2026-08-21 14:10:00+00:00,1.16777,1.16791,1.16771,1.1679
2026-08-21 14:15:00+00:00,1.16786,1.16805,1.16786,1.168
2026-08-21 14:20:00+00:00,1.16798,1.16802,1.16754,1.16763
2026-08-21 14:25:00+00:00,1.16765,1.16784,1.16737,1.16741
2026-08-21 14:30:00+00:00,1.16746,1.16746,1.16722,1.16727
2026-08-21 14:35:00+00:00,1.16737,1.16737,1.16694,1.16696
2026-08-21 14:40:00+00:00,1.16702,1.16741,1.16696,1.16738
2026-08-21 14:45:00+00:00,1.16732,1.16744,1.16719,1.16741
2026-08-21 14:50:00+00:00,1.16731,1.16771,1.16722,1.1673
2026-08-21 14:55:00+00:00,1.16736,1.16738,1.167,1.16737
2026-08-21 15:00:00+00:00,1.16734,1.1676,1.16722,1.16757
2026-08-21 15:05:00+00:00,1.16752,1.16762,1.16728,1.1673
2026-08-21 15:10:00+00:00,1.16733,1.16749,1.16721,1.16746
2026-08-21 15:15:00+00:00,1.16744,1.16751,1.16734,1.1674
2026-08-21 15:20:00+00:00,1.16743,1.16749,1.16728,1.1673
2026-08-21 15:25:00+00:00,1.16734,1.16773,1.16734,1.16771
2026-08-21 15:30:00+00:00,1.16762,1.16779,1.16761,1.16778
2026-08-21 15:35:00+00:00,1.16775,1.16804,1.16754,1.1676
2026-08-21 15:40:00+00:00,1.1677,1.16802,1.16765,1.16799
2026-08-21 15:45:00+00:00,1.16794,1.16816,1.16794,1.16809
2026-08-21 15:50:00+00:00,1.16805,1.1683,1.1679,1.16827
2026-08-21 15:55:00+00:00,1.1682,1.16843,1.1682,1.16841
2026-08-21 16:00:00+00:00,1.16837,1.16843,1.16828,1.16841
2026-08-21 16:05:00+00:00,1.16838,1.16842,1.16798,1.16805
2026-08-21 16:10:00+00:00,1.16818,1.1684,1.16793,1.16839
2026-08-21 16:15:00+00:00,1.16834,1.16837,1.16809,1.16812
2026-08-21 16:20:00+00:00,1.16817,1.16863,1.16779,1.16831
2026-08-21 16:25:00+00:00,1.16835,1.1685,1.16827,1.16833
2026-08-21 16:30:00+00:00,1.1683,1.16842,1.16824,1.16839
2026-08-21 16:35:00+00:00,1.16832,1.16844,1.16818,1.16822
2026-08-21 16:40:00+00:00,1.16831,1.16843,1.16812,1.16815
2026-08-21 16:45:00+00:00,1.1682,1.16834,1.16807,1.16832
2026-08-21 16:50:00+00:00,1.16829,1.16836,1.16812,1.16819
2026-08-21 16:55:00+00:00,1.1682,1.16831,1.16816,1.16817
2026-08-21 17:00:00+00:00,1.1682,1.16823,1.16802,1.16814
2026-08-21 17:05:00+00:00,1.16813,1.16813,1.16779,1.16795
2026-08-21 17:10:00+00:00,1.16793,1.168,1.16776,1.16777
2026-08-21 17:15:00+00:00,1.16779,1.168,1.16777,1.16797
2026-08-21 17:20:00+00:00,1.16793,1.16806,1.16786,1.16791
2026-08-21 17:25:00+00:00,1.16799,1.16816,1.16788,1.16814
2026-08-21 17:30:00+00:00,1.16804,1.16822,1.16804,1.16819
2026-08-21 17:35:00+00:00,1.16811,1.16832,1.16811,1.16828
2026-08-21 17:40:00+00:00,1.16827,1.16829,1.16809,1.16815
2026-08-21 17:45:00+00:00,1.16817,1.16817,1.16792,1.16803
2026-08-21 17:50:00+00:00,1.16801,1.16806,1.16797,1.16805
2026-08-21 17:55:00+00:00,1.16803,1.16812,1.16794,1.1681
2026-08-21 18:00:00+00:00,1.16807,1.16842,1.168,1.16841
2026-08-21 18:05:00+00:00,1.16838,1.16838,1.16818,1.16831
2026-08-21 18:10:00+00:00,1.16828,1.16832,1.16818,1.16823
2026-08-21 18:15:00+00:00,1.16822,1.16825,1.16809,1.16823
2026-08-21 18:20:00+00:00,1.16819,1.16823,1.16803,1.16812
2026-08-21 18:25:00+00:00,1.1681,1.16828,1.1681,1.16827
2026-08-21 18:30:00+00:00,1.16824,1.1683,1.16813,1.16819
2026-08-21 18:35:00+00:00,1.16818,1.16833,1.16814,1.16832
2026-08-21 18:40:00+00:00,1.1683,1.16836,1.16822,1.16826
2026-08-21 18:45:00+00:00,1.16827,1.16835,1.16814,1.16818
2026-08-21 18:50:00+00:00,1.16823,1.16829,1.16807,1.16818
2026-08-21 18:55:00+00:00,1.16813,1.16832,1.1681,1.1683
2026-08-21 19:00:00+00:00,1.16826,1.16831,1.16813,1.16817
2026-08-21 19:05:00+00:00,1.16823,1.16823,1.16801,1.16808
2026-08-21 19:10:00+00:00,1.16806,1.16809,1.16796,1.16807
2026-08-21 19:15:00+00:00,1.16806,1.16806,1.16792,1.16803
2026-08-21 19:20:00+00:00,1.168,1.16807,1.16791,1.16803
2026-08-21 19:25:00+00:00,1.16801,1.16802,1.1678,1.16794
2026-08-21 19:30:00+00:00,1.16791,1.168,1.16782,1.16798
2026-08-21 19:35:00+00:00,1.16797,1.16798,1.16779,1.16787
2026-08-21 19:40:00+00:00,1.1679,1.16807,1.16788,1.16798
2026-08-21 19:45:00+00:00,1.16797,1.16812,1.16788,1.1681
2026-08-21 19:50:00+00:00,1.16803,1.16818,1.16784,1.16791
2026-08-21 19:55:00+00:00,1.16801,1.16801,1.1678,1.16789
2026-08-21 20:00:00+00:00,1.16787,1.16791,1.16782,1.16787
2026-08-21 20:05:00+00:00,1.16785,1.16794,1.16773,1.16789
2026-08-21 20:10:00+00:00,1.16785,1.16793,1.16771,1.16773
2026-08-21 20:15:00+00:00,1.16778,1.16788,1.16776,1.16777
2026-08-21 20:20:00+00:00,1.1678,1.16785,1.16775,1.16782
2026-08-21 20:25:00+00:00,1.1678,1.16782,1.16769,1.16779
2026-08-21 20:30:00+00:00,1.16778,1.16778,1.16743,1.16745
2026-08-21 20:35:00+00:00,1.16749,1.16761,1.16746,1.16754
2026-08-21 20:40:00+00:00,1.16758,1.16761,1.16745,1.16758
2026-08-21 20:45:00+00:00,1.16755,1.16767,1.16755,1.16765
2026-08-21 20:50:00+00:00,1.16763,1.16775,1.1676,1.1677
2026-08-21 20:55:00+00:00,1.16765,1.16773,1.16754,1.16764
2026-08-21 21:00:00+00:00,1.16764,1.16857,1.1676,1.16849
2026-08-21 21:05:00+00:00,1.16829,1.16876,1.16735,1.16803
2026-08-21 21:10:00+00:00,1.16804,1.16852,1.16783,1.1681
2026-08-21 21:15:00+00:00,1.16812,1.16908,1.16779,1.1681
2026-08-21 21:20:00+00:00,1.16814,1.1691,1.16798,1.16829
2026-08-21 21:25:00+00:00,1.16823,1.16908,1.16782,1.1681
2026-08-21 21:30:00+00:00,1.16811,1.16841,1.16768,1.16813
2026-08-21 21:35:00+00:00,1.16809,1.16913,1.16791,1.16868
2026-08-21 21:40:00+00:00,1.16826,1.16904,1.16773,1.16872
2026-08-21 21:45:00+00:00,1.1681,1.16893,1.16786,1.16804
2026-08-21 21:50:00+00:00,1.16805,1.16913,1.16782,1.16798
2026-08-21 21:55:00+00:00,1.16814,1.16906,1.16805,1.16869
2026-08-21 22:00:00+00:00,1.16821,1.16903,1.1678,1.16872
2026-08-21 22:05:00+00:00,1.1681,1.16847,1.16767,1.16835
2026-08-21 22:10:00+00:00,1.16811,1.16824,1.16765,1.16799
2026-08-21 22:15:00+00:00,1.1681,1.16851,1.16772,1.16838
2026-08-21 22:20:00+00:00,1.16815,1.16908,1.16794,1.16875
2026-08-21 22:25:00+00:00,1.1681,1.16907,1.16801,1.1684
2026-08-21 22:30:00+00:00,1.16815,1.16902,1.16806,1.16809
2026-08-21 22:35:00+00:00,1.1681,1.169,1.16807,1.16817
2026-08-21 22:40:00+00:00,1.16818,1.16902,1.16812,1.16875
2026-08-21 22:45:00+00:00,1.16824,1.169,1.16812,1.16817
2026-08-21 22:50:00+00:00,1.16817,1.16903,1.16814,1.16875
2026-08-21 22:55:00+00:00,1.16822,1.16903,1.16816,1.16817
2026-08-21 23:00:00+00:00,1.16818,1.16896,1.16752,1.16867
2026-08-21 23:05:00+00:00,1.1681,1.1691,1.16795,1.16841
2026-08-21 23:10:00+00:00,1.16815,1.16908,1.16775,1.16809
2026-08-21 23:15:00+00:00,1.16811,1.16902,1.16795,1.16811
2026-08-21 23:20:00+00:00,1.1681,1.16903,1.16787,1.16871
2026-08-21 23:25:00+00:00,1.1681,1.16898,1.16808,1.16817
2026-08-21 23:30:00+00:00,1.16818,1.16907,1.16807,1.16874
2026-08-21 23:35:00+00:00,1.16821,1.16906,1.16814,1.16817
2026-08-21 23:40:00+00:00,1.16817,1.16902,1.16813,1.16837
2026-08-21 23:45:00+00:00,1.16824,1.169,1.16811,1.16815
2026-08-21 23:50:00+00:00,1.16817,1.16903,1.16814,1.16867
2026-08-21 23:55:00+00:00,1.16822,1.16898,1.16814,1.16817
2026-08-22 00:00:00+00:00,1.16817,1.16907,1.16746,1.16765
2026-08-22 00:05:00+00:00,1.168,1.168,1.1675,1.16762
2026-08-22 00:10:00+00:00,1.1677,1.16771,1.16757,1.16761
2026-08-22 00:15:00+00:00,1.16762,1.16767,1.1676,1.16762
2026-08-22 00:20:00+00:00,1.16761,1.16765,1.1676,1.16763
2026-08-22 00:25:00+00:00,1.16761,1.16831,1.16743,1.16762
2026-08-22 00:30:00+00:00,1.16762,1.16765,1.1676,1.1676
2026-08-22 00:35:00+00:00,1.16761,1.16767,1.16759,1.16762
2026-08-22 00:40:00+00:00,1.16761,1.16765,1.1676,1.16764
2026-08-22 00:45:00+00:00,1.16762,1.16767,1.16759,1.16762
2026-08-22 00:50:00+00:00,1.16761,1.16926,1.16754,1.16762
2026-08-22 00:55:00+00:00,1.16765,1.16767,1.1676,1.16764
2026-08-22 01:00:00+00:00,1.16763,1.16765,1.1676,1.16763
2026-08-22 01:05:00+00:00,1.16761,1.16766,1.16759,1.16761
2026-08-22 01:10:00+00:00,1.16761,1.16765,1.1676,1.1676
2026-08-22 01:15:00+00:00,1.16761,1.16809,1.16742,1.16762
2026-08-22 01:20:00+00:00,1.16764,1.16766,1.1676,1.16763
2026-08-22 01:25:00+00:00,1.16761,1.16766,1.16759,1.16761
2026-08-22 01:30:00+00:00,1.16761,1.16766,1.16761,1.16761
2026-08-22 01:35:00+00:00,1.16761,1.16766,1.16759,1.16763
2026-08-22 01:40:00+00:00,1.16761,1.16907,1.16745,1.16763
2026-08-22 01:45:00+00:00,1.16774,1.16774,1.16758,1.16761
2026-08-22 01:50:00+00:00,1.16761,1.16765,1.16761,1.16764
2026-08-22 01:55:00+00:00,1.16762,1.16766,1.16759,1.16763
2026-08-22 02:00:00+00:00,1.16761,1.16765,1.16761,1.16763
2026-08-22 02:05:00+00:00,1.16761,1.16888,1.16754,1.16762
2026-08-22 02:10:00+00:00,1.16765,1.16765,1.1676,1.16764
2026-08-22 02:15:00+00:00,1.16762,1.16766,1.16759,1.16763
2026-08-22 02:20:00+00:00,1.16761,1.16765,1.16761,1.16763
2026-08-22 02:25:00+00:00,1.16761,1.16766,1.16759,1.1676
2026-08-22 02:30:00+00:00,1.16761,1.16913,1.16751,1.16761
2026-08-22 02:35:00+00:00,1.16766,1.16767,1.1676,1.16763
2026-08-22 02:40:00+00:00,1.16761,1.16765,1.16761,1.16763
2026-08-22 02:45:00+00:00,1.16761,1.16766,1.16759,1.1676
2026-08-22 02:50:00+00:00,1.16761,1.16764,1.1676,1.16761
2026-08-22 02:55:00+00:00,1.16761,1.16908,1.16745,1.16764
2026-08-22 03:00:00+00:00,1.16767,1.16767,1.1676,1.16763
2026-08-22 03:05:00+00:00,1.16761,1.16766,1.16759,1.1676
2026-08-22 03:10:00+00:00,1.16761,1.16765,1.1676,1.16761
2026-08-22 03:15:00+00:00,1.16761,1.16766,1.16759,1.16763
2026-08-22 03:20:00+00:00,1.16761,1.16932,1.16758,1.1677
2026-08-22 03:25:00+00:00,1.16773,1.16773,1.16758,1.16761
2026-08-22 03:30:00+00:00,1.16762,1.16765,1.1676,1.16761
2026-08-22 03:35:00+00:00,1.16761,1.16766,1.16758,1.16763
2026-08-22 03:40:00+00:00,1.1676,1.16766,1.1676,1.16762
2026-08-22 03:45:00+00:00,1.16761,1.1693,1.16758,1.16765
2026-08-22 03:50:00+00:00,1.16766,1.16769,1.16758,1.16762
2026-08-22 03:55:00+00:00,1.16761,1.16766,1.16759,1.16763
2026-08-22 04:00:00+00:00,1.16761,1.16766,1.1676,1.16762
2026-08-22 04:05:00+00:00,1.16761,1.16766,1.16759,1.1676
2026-08-22 04:10:00+00:00,1.16761,1.16846,1.16745,1.16761
2026-08-22 04:15:00+00:00,1.16766,1.16766,1.16757,1.16764
2026-08-22 04:20:00+00:00,1.16762,1.16766,1.16758,1.16764
2026-08-22 04:25:00+00:00,1.16762,1.16767,1.1676,1.16761
2026-08-22 04:30:00+00:00,1.16762,1.16767,1.1676,1.16764
2026-08-22 04:35:00+00:00,1.16763,1.16928,1.16754,1.16763
2026-08-22 04:40:00+00:00,1.16772,1.16772,1.16758,1.16765
2026-08-22 04:45:00+00:00,1.16763,1.16768,1.1676,1.16762
2026-08-22 04:50:00+00:00,1.16762,1.16767,1.16761,1.16763
2026-08-22 04:55:00+00:00,1.16762,1.16767,1.1676,1.16765
2026-08-22 05:00:00+00:00,1.16762,1.16928,1.16754,1.16762
2026-08-22 05:05:00+00:00,1.16776,1.16776,1.1676,1.16762
2026-08-22 05:10:00+00:00,1.16763,1.16768,1.1676,1.16763
2026-08-22 05:15:00+00:00,1.16763,1.16767,1.16761,1.16765
2026-08-22 05:20:00+00:00,1.16763,1.16768,1.1676,1.16764
2026-08-22 05:25:00+00:00,1.16762,1.16929,1.16761,1.16765
2026-08-22 05:30:00+00:00,1.16768,1.16769,1.16758,1.16764
2026-08-22 05:35:00+00:00,1.16763,1.16767,1.1676,1.16765
2026-08-22 05:40:00+00:00,1.16762,1.16768,1.1676,1.16765
2026-08-22 05:45:00+00:00,1.16762,1.16767,1.1676,1.16761
2026-08-22 05:50:00+00:00,1.16762,1.16932,1.16742,1.16762
2026-08-22 05:55:00+00:00,1.16769,1.16769,1.1676,1.16765
2026-08-22 06:00:00+00:00,1.16763,1.16768,1.1676,1.16765
2026-08-22 06:05:00+00:00,1.16764,1.16768,1.1676,1.16761
2026-08-22 06:10:00+00:00,1.16763,1.16768,1.1676,1.16763
2026-08-22 06:15:00+00:00,1.16762,1.16813,1.16753,1.16762
2026-08-22 06:20:00+00:00,1.16769,1.16769,1.16758,1.16766
2026-08-22 06:25:00+00:00,1.16763,1.16768,1.1676,1.16761
2026-08-22 06:30:00+00:00,1.16762,1.16769,1.1676,1.16765
2026-08-22 06:35:00+00:00,1.16764,1.16766,1.1676,1.16765
2026-08-22 06:40:00+00:00,1.16762,1.16812,1.16728,1.16763
2026-08-22 06:45:00+00:00,1.16775,1.16775,1.16758,1.16761
2026-08-22 06:50:00+00:00,1.16762,1.16769,1.1676,1.16764
2026-08-22 06:55:00+00:00,1.16763,1.16766,1.1676,1.16765
2026-08-22 07:00:00+00:00,1.16763,1.16768,1.1676,1.16766
2026-08-22 07:05:00+00:00,1.16763,1.16786,1.16754,1.16761
2026-08-22 07:10:00+00:00,1.16768,1.1677,1.16758,1.16766
2026-08-22 07:15:00+00:00,1.16765,1.16768,1.1676,1.16767
2026-08-22 07:20:00+00:00,1.16764,1.16769,1.1676,1.16761
2026-08-22 07:25:00+00:00,1.16763,1.16768,1.1676,1.16761
2026-08-22 07:30:00+00:00,1.16763,1.16783,1.16753,1.16763
2026-08-22 07:35:00+00:00,1.16769,1.16769,1.1676,1.16766
2026-08-22 07:40:00+00:00,1.16763,1.16768,1.1676,1.16763
2026-08-22 07:45:00+00:00,1.16763,1.16767,1.1676,1.16761
2026-08-22 07:50:00+00:00,1.16764,1.16769,1.1676,1.16766
2026-08-22 07:55:00+00:00,1.16764,1.16933,1.16756,1.16763
2026-08-22 08:00:00+00:00,1.16773,1.16773,1.16757,1.16761
2026-08-22 08:05:00+00:00,1.16765,1.16767,1.1676,1.16762
2026-08-22 08:10:00+00:00,1.16764,1.16769,1.1676,1.16766
2026-08-22 08:15:00+00:00,1.16764,1.16768,1.1676,1.16766
2026-08-22 08:20:00+00:00,1.16764,1.16876,1.16715,1.16763
2026-08-22 08:25:00+00:00,1.16785,1.16785,1.16754,1.16761
2026-08-22 08:30:00+00:00,1.16764,1.16769,1.1676,1.16766
2026-08-22 08:35:00+00:00,1.16764,1.16768,1.1676,1.16765
2026-08-22 08:40:00+00:00,1.16763,1.16769,1.1676,1.16763
2026-08-22 08:45:00+00:00,1.16764,1.16926,1.16758,1.16769
2026-08-22 08:50:00+00:00,1.16772,1.16772,1.16757,1.16767
2026-08-22 08:55:00+00:00,1.16765,1.16768,1.1676,1.16765
2026-08-22 09:00:00+00:00,1.16763,1.16769,1.1676,1.16763
2026-08-22 09:05:00+00:00,1.16764,1.16767,1.1676,1.16762
2026-08-22 09:10:00+00:00,1.16763,1.16919,1.16757,1.16764
2026-08-22 09:15:00+00:00,1.16775,1.16775,1.16758,1.16766
2026-08-22 09:20:00+00:00,1.16764,1.16769,1.1676,1.16763
2026-08-22 09:25:00+00:00,1.16764,1.16767,1.1676,1.16763
2026-08-22 09:30:00+00:00,1.16763,1.16768,1.1676,1.16766
2026-08-22 09:35:00+00:00,1.16763,1.16932,1.16752,1.16771
2026-08-22 09:40:00+00:00,1.16773,1.16773,1.16758,1.16764
2026-08-22 09:45:00+00:00,1.16764,1.16768,1.1676,1.16761
2026-08-22 09:50:00+00:00,1.16763,1.16768,1.1676,1.16766
2026-08-22 09:55:00+00:00,1.16763,1.16767,1.1676,1.16764
2026-08-22 10:00:00+00:00,1.16762,1.16812,1.16736,1.16763
2026-08-22 10:05:00+00:00,1.16774,1.16774,1.16757,1.16765
2026-08-22 10:10:00+00:00,1.16764,1.16768,1.1676,1.16765
2026-08-22 10:15:00+00:00,1.16762,1.16768,1.1676,1.16764
2026-08-22 10:20:00+00:00,1.16762,1.16767,1.1676,1.16762
2026-08-22 10:25:00+00:00,1.16762,1.16829,1.16756,1.16763
2026-08-22 10:30:00+00:00,1.16776,1.16778,1.16753,1.1677
2026-08-22 10:35:00+00:00,1.16768,1.1677,1.1676,1.16764
2026-08-22 10:40:00+00:00,1.16763,1.16767,1.1676,1.16762
2026-08-22 10:45:00+00:00,1.16763,1.16767,1.16761,1.16762
2026-08-22 10:50:00+00:00,1.16762,1.16922,1.16757,1.16764
2026-08-22 10:55:00+00:00,1.16776,1.16776,1.16757,1.16762
2026-08-22 11:00:00+00:00,1.16765,1.16767,1.1676,1.16762
2026-08-22 11:05:00+00:00,1.16762,1.16767,1.1676,1.16762
2026-08-22 11:10:00+00:00,1.16761,1.16766,1.1676,1.16764
2026-08-22 11:15:00+00:00,1.16761,1.16832,1.1674,1.16766
2026-08-22 11:20:00+00:00,1.16776,1.16776,1.16756,1.16761
2026-08-22 11:25:00+00:00,1.16767,1.16769,1.1676,1.16764
2026-08-22 11:30:00+00:00,1.16763,1.16766,1.16761,1.16765
2026-08-22 11:35:00+00:00,1.16762,1.16767,1.1676,1.16764
2026-08-22 11:40:00+00:00,1.16762,1.16914,1.16753,1.16827
2026-08-22 11:45:00+00:00,1.16812,1.16831,1.16787,1.16796
2026-08-22 11:50:00+00:00,1.16795,1.16799,1.16794,1.16798
2026-08-22 11:55:00+00:00,1.16795,1.168,1.16793,1.16797
2026-08-22 12:00:00+00:00,1.16795,1.16818,1.16753,1.16771
2026-08-22 12:05:00+00:00,1.16777,1.16924,1.1676,1.16804
2026-08-22 12:10:00+00:00,1.16797,1.16801,1.16796,1.168
2026-08-22 12:15:00+00:00,1.16797,1.16802,1.16795,1.16797
2026-08-22 12:20:00+00:00,1.16797,1.16802,1.16796,1.16796
2026-08-22 12:25:00+00:00,1.16797,1.16829,1.16746,1.16784
2026-08-22 12:30:00+00:00,1.16786,1.16915,1.16774,1.16809
2026-08-22 12:35:00+00:00,1.16804,1.16818,1.16741,1.16785
2026-08-22 12:40:00+00:00,1.16788,1.16788,1.16776,1.16779
2026-08-22 12:45:00+00:00,1.1678,1.16785,1.16774,1.16783
2026-08-22 12:50:00+00:00,1.1678,1.1678,1.16772,1.16777
2026-08-22 12:55:00+00:00,1.16774,1.16928,1.16771,1.16802
2026-08-22 13:00:00+00:00,1.16795,1.16799,1.16794,1.16794
2026-08-22 13:05:00+00:00,1.16795,1.168,1.16793,1.16797
2026-08-22 13:10:00+00:00,1.16795,1.16798,1.16794,1.16797
2026-08-22 13:15:00+00:00,1.16795,1.168,1.16793,1.16795
2026-08-22 13:20:00+00:00,1.16795,1.16918,1.1679,1.16839
2026-08-22 13:25:00+00:00,1.16829,1.16834,1.16827,1.16831
2026-08-22 13:30:00+00:00,1.16829,1.16833,1.16829,1.16831
2026-08-22 13:35:00+00:00,1.16829,1.16834,1.16828,1.16829
2026-08-22 13:40:00+00:00,1.16829,1.16833,1.16829,1.16829
2026-08-22 13:45:00+00:00,1.16829,1.169,1.16819,1.16851
2026-08-22 13:50:00+00:00,1.16841,1.16841,1.16812,1.16823
2026-08-22 13:55:00+00:00,1.1682,1.16826,1.16819,1.1682
2026-08-22 14:00:00+00:00,1.1682,1.16824,1.16746,1.16787
2026-08-22 14:05:00+00:00,1.16787,1.16793,1.16786,1.1679
2026-08-22 14:10:00+00:00,1.16787,1.16918,1.16784,1.16812
2026-08-22 14:15:00+00:00,1.16805,1.16811,1.16804,1.16805
2026-08-22 14:20:00+00:00,1.16805,1.16809,1.16805,1.16805
2026-08-22 14:25:00+00:00,1.16805,1.16811,1.16804,1.16808
2026-08-22 14:30:00+00:00,1.16805,1.1681,1.16791,1.16795
2026-08-22 14:35:00+00:00,1.16803,1.16919,1.16786,1.16813
2026-08-22 14:40:00+00:00,1.16808,1.16812,1.16807,1.16808
2026-08-22 14:45:00+00:00,1.16808,1.16813,1.16806,1.1681
2026-08-22 14:50:00+00:00,1.16808,1.16812,1.16807,1.1681
2026-08-22 14:55:00+00:00,1.16808,1.16813,1.16806,1.16807
2026-08-22 15:00:00+00:00,1.16808,1.16907,1.16806,1.16845
2026-08-22 15:05:00+00:00,1.16836,1.16841,1.16834,1.16838
2026-08-22 15:10:00+00:00,1.16836,1.16841,1.16835,1.16838
2026-08-22 15:15:00+00:00,1.16836,1.16841,1.16834,1.16835
2026-08-22 15:20:00+00:00,1.16836,1.1684,1.16834,1.16836
2026-08-22 15:25:00+00:00,1.16836,1.16898,1.16827,1.16848
2026-08-22 15:30:00+00:00,1.16844,1.16849,1.16843,1.16846
2026-08-22 15:35:00+00:00,1.16844,1.16849,1.16842,1.16843
2026-08-22 15:40:00+00:00,1.16844,1.16848,1.16843,1.16844
2026-08-22 15:45:00+00:00,1.16844,1.16849,1.16842,1.16847
2026-08-22 15:50:00+00:00,1.16844,1.16892,1.16843,1.16853
2026-08-22 15:55:00+00:00,1.16851,1.16856,1.16849,1.1685
2026-08-22 16:00:00+00:00,1.16851,1.16853,1.1673,1.16776
2026-08-22 16:05:00+00:00,1.16778,1.16783,1.16777,1.16781
2026-08-22 16:10:00+00:00,1.16778,1.16784,1.16777,1.1678
2026-08-22 16:15:00+00:00,1.16778,1.16917,1.16774,1.16872
2026-08-22 16:20:00+00:00,1.16798,1.16803,1.16796,1.16799
2026-08-22 16:25:00+00:00,1.16798,1.16803,1.16796,1.16801
2026-08-22 16:30:00+00:00,1.16798,1.16803,1.16797,1.168
2026-08-22 16:35:00+00:00,1.16798,1.168,1.1678,1.16785
2026-08-22 16:40:00+00:00,1.16786,1.16922,1.16765,1.16874
2026-08-22 16:45:00+00:00,1.16825,1.16826,1.16792,1.16805
2026-08-22 16:50:00+00:00,1.16803,1.16808,1.16801,1.16805
2026-08-22 16:55:00+00:00,1.16803,1.16808,1.16783,1.16788
2026-08-22 17:00:00+00:00,1.16789,1.16799,1.16776,1.16781
2026-08-22 17:05:00+00:00,1.1678,1.16925,1.16779,1.16875
2026-08-22 17:10:00+00:00,1.16776,1.16806,1.16776,1.16801
2026-08-22 17:15:00+00:00,1.16799,1.16804,1.16798,1.16799
2026-08-22 17:20:00+00:00,1.16799,1.16805,1.16798,1.168
2026-08-22 17:25:00+00:00,1.16799,1.16812,1.16785,1.16809
2026-08-22 17:30:00+00:00,1.16802,1.16921,1.1677,1.16868
2026-08-22 17:35:00+00:00,1.16779,1.16809,1.16779,1.16797
2026-08-22 17:40:00+00:00,1.16798,1.16803,1.16796,1.16799
2026-08-22 17:45:00+00:00,1.16798,1.16802,1.16796,1.168
2026-08-22 17:50:00+00:00,1.16798,1.16803,1.16789,1.16798
2026-08-22 17:55:00+00:00,1.16797,1.16922,1.16759,1.16765
2026-08-22 18:00:00+00:00,1.16782,1.16806,1.16782,1.16799
2026-08-22 18:05:00+00:00,1.16798,1.16802,1.16797,1.168
2026-08-22 18:10:00+00:00,1.16798,1.16803,1.16796,1.16798
2026-08-22 18:15:00+00:00,1.16798,1.16802,1.16797,1.16797
2026-08-22 18:20:00+00:00,1.16798,1.1691,1.16796,1.16871
2026-08-22 18:25:00+00:00,1.16796,1.16847,1.16796,1.16833
2026-08-22 18:30:00+00:00,1.16831,1.16836,1.16795,1.16807
2026-08-22 18:35:00+00:00,1.16807,1.16811,1.16806,1.16806
2026-08-22 18:40:00+00:00,1.16807,1.16818,1.16791,1.16814
2026-08-22 18:45:00+00:00,1.16808,1.16919,1.16777,1.1687
2026-08-22 18:50:00+00:00,1.16778,1.1681,1.16778,1.16801
2026-08-22 18:55:00+00:00,1.16801,1.16807,1.16775,1.16779
2026-08-22 19:00:00+00:00,1.16779,1.16784,1.16771,1.16776
2026-08-22 19:05:00+00:00,1.16774,1.16777,1.16773,1.16776
2026-08-22 19:10:00+00:00,1.16774,1.16929,1.16757,1.16774
2026-08-22 19:15:00+00:00,1.16776,1.16803,1.16776,1.16794
2026-08-22 19:20:00+00:00,1.16794,1.168,1.16793,1.16796
2026-08-22 19:25:00+00:00,1.16794,1.16798,1.16794,1.16797
2026-08-22 19:30:00+00:00,1.16794,1.168,1.16793,1.16794
2026-08-22 19:35:00+00:00,1.16794,1.16904,1.16784,1.16794
2026-08-22 19:40:00+00:00,1.16797,1.16818,1.16797,1.16813
2026-08-22 19:45:00+00:00,1.16811,1.16815,1.16811,1.16813
2026-08-22 19:50:00+00:00,1.16811,1.16816,1.16809,1.16811
2026-08-22 19:55:00+00:00,1.16811,1.16814,1.1681,1.16811
2026-08-22 20:00:00+00:00,1.16811,1.16908,1.16809,1.16875
2026-08-22 20:05:00+00:00,1.16807,1.1685,1.16794,1.16801
2026-08-22 20:10:00+00:00,1.16813,1.16813,1.16773,1.16774
