datetime,open,high,low,close
2026-07-01 18:15:00+00:00,1.32746,1.3276,1.32716,1.32738
2026-07-01 18:30:00+00:00,1.32732,1.32781,1.32732,1.32769
2026-07-01 18:45:00+00:00,1.32768,1.32793,1.32751,1.32791
2026-07-01 19:00:00+00:00,1.32787,1.32806,1.32781,1.32797
2026-07-01 19:15:00+00:00,1.32794,1.32825,1.32792,1.32808
2026-07-01 19:30:00+00:00,1.3281,1.32826,1.32807,1.32811
2026-07-01 19:45:00+00:00,1.32809,1.3282,1.32777,1.32789
2026-07-01 20:00:00+00:00,1.32787,1.32802,1.32772,1.32786
2026-07-01 20:15:00+00:00,1.32787,1.32803,1.32782,1.32801
2026-07-01 20:30:00+00:00,1.32797,1.32806,1.32714,1.3273
2026-07-01 20:45:00+00:00,1.32728,1.32764,1.32698,1.32761
2026-07-01 21:00:00+00:00,1.32758,1.32792,1.3269,1.3279
2026-07-01 21:15:00+00:00,1.32785,1.32811,1.32765,1.32805
2026-07-01 21:30:00+00:00,1.32798,1.32816,1.32786,1.32816
2026-07-01 21:45:00+00:00,1.32815,1.32847,1.3274,1.3276
2026-07-01 22:00:00+00:00,1.32804,1.32804,1.32716,1.32771
2026-07-01 22:15:00+00:00,1.32772,1.32804,1.32769,1.32796
2026-07-01 22:30:00+00:00,1.32797,1.32803,1.32788,1.3279
2026-07-01 22:45:00+00:00,1.32793,1.32803,1.32792,1.32799
2026-07-01 23:00:00+00:00,1.32794,1.32804,1.32784,1.32799
2026-07-01 23:15:00+00:00,1.32797,1.32803,1.32784,1.32794
2026-07-01 23:30:00+00:00,1.32796,1.32805,1.32792,1.32795
2026-07-01 23:45:00+00:00,1.32795,1.32806,1.32783,1.32789
2026-07-02 00:00:00+00:00,1.32789,1.32836,1.32771,1.3281
2026-07-02 00:15:00+00:00,1.32815,1.32815,1.32753,1.32753
2026-07-02 00:30:00+00:00,1.32754,1.32793,1.32744,1.32778
2026-07-02 00:45:00+00:00,1.32779,1.328,1.32768,1.32794
2026-07-02 01:00:00+00:00,1.3279,1.32814,1.32776,1.32789
2026-07-02 01:15:00+00:00,1.32792,1.3282,1.3278,1.32801
2026-07-02 01:30:00+00:00,1.32802,1.32844,1.32795,1.32842
2026-07-02 01:45:00+00:00,1.32838,1.32921,1.32822,1.3285
2026-07-02 02:00:00+00:00,1.32853,1.32906,1.32844,1.32905
2026-07-02 02:15:00+00:00,1.32898,1.32949,1.32889,1.32907
2026-07-02 02:30:00+00:00,1.32907,1.32919,1.32886,1.32898
2026-07-02 02:45:00+00:00,1.32892,1.329,1.32852,1.32864
2026-07-02 03:00:00+00:00,1.32862,1.32871,1.32817,1.32825
2026-07-02 03:15:00+00:00,1.32822,1.3283,1.32805,1.32822
2026-07-02 03:30:00+00:00,1.32815,1.32844,1.32815,1.32841
2026-07-02 03:45:00+00:00,1.32837,1.32869,1.32823,1.32866
2026-07-02 04:00:00+00:00,1.3286,1.3292,1.3286,1.32905
2026-07-02 04:15:00+00:00,1.329,1.3291,1.32884,1.32885
2026-07-02 04:30:00+00:00,1.32887,1.32887,1.32857,1.32857
2026-07-02 04:45:00+00:00,1.3286,1.32898,1.32855,1.32896
2026-07-02 05:00:00+00:00,1.32892,1.32915,1.32881,1.32902
2026-07-02 05:15:00+00:00,1.32899,1.32912,1.32878,1.32905
2026-07-02 05:30:00+00:00,1.32902,1.32902,1.32871,1.32897
2026-07-02 05:45:00+00:00,1.32897,1.32929,1.32889,1.32921
2026-07-02 06:00:00+00:00,1.32921,1.32991,1.32912,1.32979
2026-07-02 06:15:00+00:00,1.32977,1.32977,1.32931,1.32956
2026-07-02 06:30:00+00:00,1.3296,1.32983,1.3295,1.32967
2026-07-02 06:45:00+00:00,1.32972,1.3325,1.32972,1.33072
2026-07-02 07:00:00+00:00,1.33074,1.33095,1.32985,1.33052
2026-07-02 07:15:00+00:00,1.33057,1.33209,1.33032,1.33199
2026-07-02 07:30:00+00:00,1.33172,1.33367,1.33172,1.33366
2026-07-02 07:45:00+00:00,1.33363,1.33383,1.33296,1.33373
2026-07-02 08:00:00+00:00,1.33367,1.33547,1.3335,1.33506
2026-07-02 08:15:00+00:00,1.3351,1.33528,1.33433,1.33504
2026-07-02 08:30:00+00:00,1.33497,1.33609,1.33479,1.33603
2026-07-02 08:45:00+00:00,1.33592,1.33638,1.33527,1.3355
2026-07-02 09:00:00+00:00,1.33558,1.33576,1.33388,1.33445
2026-07-02 09:15:00+00:00,1.33423,1.33497,1.33414,1.33418
2026-07-02 09:30:00+00:00,1.33424,1.33482,1.33397,1.33446
2026-07-02 09:45:00+00:00,1.33455,1.33471,1.33394,1.33425
2026-07-02 10:00:00+00:00,1.33422,1.33445,1.3339,1.33392
2026-07-02 10:15:00+00:00,1.33395,1.33407,1.33303,1.33316
2026-07-02 10:30:00+00:00,1.33314,1.33314,1.33263,1.33278
2026-07-02 10:45:00+00:00,1.33283,1.3334,1.33271,1.33336
2026-07-02 11:00:00+00:00,1.3333,1.33333,1.33254,1.33298
2026-07-02 11:15:00+00:00,1.33299,1.33333,1.3328,1.3331
2026-07-02 11:30:00+00:00,1.33307,1.33311,1.3322,1.33223
2026-07-02 11:45:00+00:00,1.33227,1.33227,1.33092,1.33117
2026-07-02 12:00:00+00:00,1.33106,1.33139,1.33044,1.33062
2026-07-02 12:15:00+00:00,1.33062,1.33083,1.32989,1.33079
2026-07-02 12:30:00+00:00,1.33074,1.33799,1.33059,1.33793
2026-07-02 12:45:00+00:00,1.33782,1.33801,1.33659,1.33665
2026-07-02 13:00:00+00:00,1.33675,1.3369,1.33572,1.3364
2026-07-02 13:15:00+00:00,1.33617,1.33665,1.33561,1.33587
2026-07-02 13:30:00+00:00,1.33573,1.33765,1.33573,1.33721
2026-07-02 13:45:00+00:00,1.33714,1.33786,1.33689,1.33751
2026-07-02 14:00:00+00:00,1.33755,1.33799,1.33699,1.33737
2026-07-02 14:15:00+00:00,1.33763,1.33833,1.33721,1.33729
2026-07-02 14:30:00+00:00,1.33743,1.33743,1.33576,1.33591
2026-07-02 14:45:00+00:00,1.33587,1.33754,1.33556,1.33749
2026-07-02 15:00:00+00:00,1.3374,1.33788,1.33672,1.33737
2026-07-02 15:15:00+00:00,1.33731,1.33745,1.33655,1.33671
2026-07-02 15:30:00+00:00,1.33675,1.33742,1.33655,1.33667
2026-07-02 15:45:00+00:00,1.33681,1.33681,1.33611,1.33613
2026-07-02 16:00:00+00:00,1.33616,1.3363,1.33565,1.33574
2026-07-02 16:15:00+00:00,1.3358,1.33588,1.33529,1.33531
2026-07-02 16:30:00+00:00,1.33534,1.33548,1.33501,1.33545
2026-07-02 16:45:00+00:00,1.3354,1.33563,1.33536,1.33545
2026-07-02 17:00:00+00:00,1.33553,1.33553,1.33494,1.33494
2026-07-02 17:15:00+00:00,1.33494,1.33495,1.33437,1.33444
2026-07-02 17:30:00+00:00,1.33442,1.33461,1.3342,1.3343
2026-07-02 17:45:00+00:00,1.33427,1.33446,1.33381,1.33402
2026-07-02 18:00:00+00:00,1.33404,1.33497,1.33395,1.33475
2026-07-02 18:15:00+00:00,1.33476,1.33486,1.33433,1.33483
2026-07-02 18:30:00+00:00,1.33479,1.33516,1.33467,1.33498
2026-07-02 18:45:00+00:00,1.33499,1.33499,1.33464,1.33483
2026-07-02 19:00:00+00:00,1.33479,1.33491,1.33446,1.33481
2026-07-02 19:15:00+00:00,1.33478,1.33479,1.33436,1.33437
2026-07-02 19:30:00+00:00,1.33441,1.3346,1.33426,1.33452
2026-07-02 19:45:00+00:00,1.33449,1.33475,1.33422,1.33471
2026-07-02 20:00:00+00:00,1.33466,1.33476,1.33437,1.33472
2026-07-02 20:15:00+00:00,1.3347,1.33513,1.3347,1.33507
2026-07-02 20:30:00+00:00,1.33507,1.33511,1.33467,1.33468
2026-07-02 20:45:00+00:00,1.33468,1.33497,1.33462,1.33475
2026-07-02 21:00:00+00:00,1.33472,1.33527,1.33444,1.33478
2026-07-02 21:15:00+00:00,1.33482,1.33519,1.33418,1.33459
2026-07-02 21:30:00+00:00,1.3346,1.33467,1.33429,1.3345
2026-07-02 21:45:00+00:00,1.33448,1.33495,1.33443,1.33493
2026-07-02 22:00:00+00:00,1.3349,1.335,1.33474,1.33491
2026-07-02 22:15:00+00:00,1.33489,1.33496,1.33476,1.33487
2026-07-02 22:30:00+00:00,1.33483,1.33487,1.33437,1.33441
2026-07-02 22:45:00+00:00,1.33441,1.33449,1.33429,1.33439
2026-07-02 23:00:00+00:00,1.33435,1.3347,1.33429,1.33452
2026-07-02 23:15:00+00:00,1.3345,1.33477,1.33443,1.33467
2026-07-02 23:30:00+00:00,1.3347,1.33475,1.33402,1.33448
2026-07-02 23:45:00+00:00,1.33433,1.33461,1.33383,1.33384
2026-07-03 00:00:00+00:00,1.33385,1.33401,1.3336,1.33374
2026-07-03 00:15:00+00:00,1.33371,1.33394,1.33348,1.33377
2026-07-03 00:30:00+00:00,1.33379,1.33387,1.33362,1.33362
2026-07-03 00:45:00+00:00,1.33364,1.33475,1.33364,1.3347
2026-07-03 01:00:00+00:00,1.33457,1.33533,1.33457,1.3353
2026-07-03 01:15:00+00:00,1.33527,1.33633,1.33509,1.33589
2026-07-03 01:30:00+00:00,1.33589,1.33621,1.33563,1.33586
2026-07-03 01:45:00+00:00,1.33589,1.33608,1.33549,1.33565
2026-07-03 02:00:00+00:00,1.33564,1.33627,1.33546,1.33621
2026-07-03 02:15:00+00:00,1.33619,1.33659,1.33615,1.33656
2026-07-03 02:30:00+00:00,1.33651,1.33665,1.33626,1.33635
2026-07-03 02:45:00+00:00,1.33637,1.33656,1.33613,1.33614
2026-07-03 03:00:00+00:00,1.33616,1.33616,1.33579,1.33585
2026-07-03 03:15:00+00:00,1.33579,1.33603,1.33577,1.33591
2026-07-03 03:30:00+00:00,1.33587,1.33602,1.33579,1.33594
2026-07-03 03:45:00+00:00,1.33594,1.33625,1.33583,1.33618
2026-07-03 04:00:00+00:00,1.33614,1.33616,1.33585,1.33611
2026-07-03 04:15:00+00:00,1.33603,1.33642,1.33601,1.33633
2026-07-03 04:30:00+00:00,1.33636,1.33652,1.33626,1.3365
2026-07-03 04:45:00+00:00,1.33646,1.3366,1.33636,1.33649
2026-07-03 05:00:00+00:00,1.33649,1.33756,1.33648,1.3374
2026-07-03 05:15:00+00:00,1.33735,1.33785,1.33714,1.33728
2026-07-03 05:30:00+00:00,1.33726,1.33744,1.33697,1.33704
2026-07-03 05:45:00+00:00,1.33701,1.33704,1.33652,1.33653
2026-07-03 06:00:00+00:00,1.33654,1.33708,1.33646,1.3367
2026-07-03 06:15:00+00:00,1.33668,1.33745,1.33652,1.33693
2026-07-03 06:30:00+00:00,1.33686,1.33803,1.33686,1.33762
2026-07-03 06:45:00+00:00,1.33766,1.33775,1.33677,1.33696
2026-07-03 07:00:00+00:00,1.3369,1.33713,1.33644,1.33671
2026-07-03 07:15:00+00:00,1.3367,1.33714,1.33639,1.33711
2026-07-03 07:30:00+00:00,1.33708,1.33729,1.33638,1.33641
2026-07-03 07:45:00+00:00,1.33646,1.33767,1.33646,1.33724
2026-07-03 08:00:00+00:00,1.33727,1.33728,1.33677,1.33708
2026-07-03 08:15:00+00:00,1.33707,1.33707,1.33633,1.33664
2026-07-03 08:30:00+00:00,1.33657,1.33673,1.33593,1.33628
2026-07-03 08:45:00+00:00,1.33626,1.33633,1.33579,1.33613
2026-07-03 09:00:00+00:00,1.33613,1.33622,1.33559,1.33571
2026-07-03 09:15:00+00:00,1.33566,1.33618,1.33566,1.33588
2026-07-03 09:30:00+00:00,1.33586,1.33618,1.33582,1.33596
2026-07-03 09:45:00+00:00,1.33597,1.33601,1.33515,1.3353
2026-07-03 10:00:00+00:00,1.33525,1.33572,1.33502,1.33552
2026-07-03 10:15:00+00:00,1.33555,1.33565,1.33524,1.33549
2026-07-03 10:30:00+00:00,1.33546,1.3357,1.33529,1.33568
2026-07-03 10:45:00+00:00,1.33561,1.33604,1.33554,1.33572
2026-07-03 11:00:00+00:00,1.33574,1.33634,1.33547,1.3363
2026-07-03 11:15:00+00:00,1.33623,1.33634,1.33594,1.33608
2026-07-03 11:30:00+00:00,1.33605,1.33608,1.33561,1.33567
2026-07-03 11:45:00+00:00,1.33565,1.33582,1.33536,1.33578
2026-07-03 12:00:00+00:00,1.33572,1.33598,1.33547,1.33591
2026-07-03 12:15:00+00:00,1.33584,1.33595,1.33555,1.33572
2026-07-03 12:30:00+00:00,1.33573,1.33613,1.33566,1.33584
2026-07-03 12:45:00+00:00,1.33587,1.33594,1.33561,1.33562
2026-07-03 13:00:00+00:00,1.33564,1.33564,1.33486,1.33519
2026-07-03 13:15:00+00:00,1.33508,1.33546,1.33489,1.33541
2026-07-03 13:30:00+00:00,1.3354,1.3354,1.33499,1.3352
2026-07-03 13:45:00+00:00,1.33516,1.33532,1.3347,1.33477
2026-07-03 14:00:00+00:00,1.33482,1.3352,1.33471,1.33516
2026-07-03 14:15:00+00:00,1.33511,1.33556,1.33483,1.33554
2026-07-03 14:30:00+00:00,1.33549,1.33558,1.33526,1.3353
2026-07-03 14:45:00+00:00,1.33532,1.33585,1.33518,1.33582
2026-07-03 15:00:00+00:00,1.33577,1.33578,1.33524,1.33531
2026-07-03 15:15:00+00:00,1.33535,1.33563,1.33509,1.33527
2026-07-03 15:30:00+00:00,1.33521,1.33555,1.33521,1.33539
2026-07-03 15:45:00+00:00,1.33536,1.33559,1.3351,1.33556
2026-07-03 16:00:00+00:00,1.33549,1.33565,1.33526,1.33563
2026-07-03 16:15:00+00:00,1.33561,1.33563,1.33536,1.33537
2026-07-03 16:30:00+00:00,1.3354,1.33541,1.33517,1.33519
2026-07-03 16:45:00+00:00,1.33521,1.33557,1.33513,1.33555
2026-07-03 17:00:00+00:00,1.33551,1.33587,1.33544,1.33561
2026-07-03 17:15:00+00:00,1.33563,1.33576,1.33563,1.33568
2026-07-03 17:30:00+00:00,1.33569,1.33571,1.33547,1.33556
2026-07-03 17:45:00+00:00,1.33553,1.33568,1.33549,1.33562
2026-07-03 18:00:00+00:00,1.33559,1.33581,1.33555,1.33566
2026-07-03 18:15:00+00:00,1.33566,1.33576,1.33561,1.33563
2026-07-03 18:30:00+00:00,1.33563,1.33569,1.33554,1.33565
2026-07-03 18:45:00+00:00,1.33562,1.33575,1.33559,1.33569
2026-07-03 19:00:00+00:00,1.33566,1.33576,1.33559,1.33564
2026-07-03 19:15:00+00:00,1.33564,1.33564,1.33541,1.33548
2026-07-03 19:30:00+00:00,1.33548,1.33555,1.33543,1.3355
2026-07-03 19:45:00+00:00,1.33548,1.33555,1.33529,1.33531
2026-07-03 20:00:00+00:00,1.33532,1.33545,1.33479,1.33485
2026-07-03 20:15:00+00:00,1.33493,1.33529,1.3347,1.335
2026-07-03 20:30:00+00:00,1.33503,1.33519,1.33497,1.33503
2026-07-03 20:45:00+00:00,1.33505,1.3351,1.33481,1.33493
2026-07-03 21:00:00+00:00,1.33493,1.33552,1.33481,1.33528
2026-07-03 21:15:00+00:00,1.3353,1.33551,1.33521,1.33537
2026-07-03 21:30:00+00:00,1.33534,1.33547,1.33504,1.33539
2026-07-03 21:45:00+00:00,1.33535,1.33561,1.33486,1.33531
2026-07-03 22:00:00+00:00,1.33526,1.33547,1.33516,1.33535
2026-07-03 22:15:00+00:00,1.33533,1.33543,1.33524,1.33526
2026-07-03 22:30:00+00:00,1.33532,1.33546,1.33524,1.33537
2026-07-03 22:45:00+00:00,1.33535,1.33546,1.33525,1.33529
2026-07-03 23:00:00+00:00,1.3353,1.33565,1.33524,1.33536
2026-07-03 23:15:00+00:00,1.33534,1.33545,1.33527,1.33531
2026-07-03 23:30:00+00:00,1.33536,1.33547,1.33525,1.33533
2026-07-03 23:45:00+00:00,1.33533,1.33545,1.33528,1.33533
2026-07-04 00:00:00+00:00,1.33533,1.3355,1.335,1.33504
2026-07-04 00:15:00+00:00,1.33502,1.33512,1.33498,1.33503
2026-07-04 00:30:00+00:00,1.33504,1.33508,1.335,1.33501
2026-07-04 00:45:00+00:00,1.33502,1.33514,1.33497,1.33505
2026-07-04 01:00:00+00:00,1.33503,1.33509,1.335,1.33506
2026-07-04 01:15:00+00:00,1.33503,1.33511,1.335,1.33503
2026-07-04 01:30:00+00:00,1.33501,1.33522,1.33499,1.33504
2026-07-04 01:45:00+00:00,1.33505,1.33508,1.335,1.33504
2026-07-04 02:00:00+00:00,1.33502,1.33514,1.33495,1.33504
2026-07-04 02:15:00+00:00,1.33502,1.33508,1.335,1.33503
2026-07-04 02:30:00+00:00,1.33501,1.33513,1.33498,1.335
2026-07-04 02:45:00+00:00,1.33501,1.33511,1.33499,1.33503
2026-07-04 03:00:00+00:00,1.33504,1.33508,1.33499,1.33504
2026-07-04 03:15:00+00:00,1.33501,1.33522,1.335,1.33503
2026-07-04 03:30:00+00:00,1.33502,1.33508,1.335,1.33501
2026-07-04 03:45:00+00:00,1.33502,1.33515,1.33493,1.33505
2026-07-04 04:00:00+00:00,1.33502,1.33517,1.335,1.3351
2026-07-04 04:15:00+00:00,1.33508,1.33511,1.33501,1.33504
2026-07-04 04:30:00+00:00,1.33502,1.33515,1.33501,1.33502
2026-07-04 04:45:00+00:00,1.33503,1.33509,1.335,1.33502
2026-07-04 05:00:00+00:00,1.33502,1.33535,1.33502,1.33506
2026-07-04 05:15:00+00:00,1.33503,1.33515,1.33495,1.33505
2026-07-04 05:30:00+00:00,1.33506,1.3351,1.33501,1.33502
2026-07-04 05:45:00+00:00,1.33502,1.33513,1.335,1.33502
2026-07-04 06:00:00+00:00,1.33503,1.33508,1.335,1.33505
2026-07-04 06:15:00+00:00,1.33502,1.33518,1.33492,1.33505
2026-07-04 06:30:00+00:00,1.33503,1.33535,1.335,1.33511
2026-07-04 06:45:00+00:00,1.33515,1.33518,1.33501,1.33502
2026-07-04 07:00:00+00:00,1.33503,1.33517,1.33501,1.33506
2026-07-04 07:15:00+00:00,1.33504,1.33509,1.335,1.33505
2026-07-04 07:30:00+00:00,1.33502,1.33513,1.33499,1.33504
2026-07-04 07:45:00+00:00,1.33502,1.33517,1.33494,1.33506
2026-07-04 08:00:00+00:00,1.33507,1.3351,1.33501,1.33504
2026-07-04 08:15:00+00:00,1.33502,1.33518,1.335,1.33505
2026-07-04 08:30:00+00:00,1.33502,1.33508,1.33499,1.33503
2026-07-04 08:45:00+00:00,1.33501,1.3351,1.335,1.33501
2026-07-04 09:00:00+00:00,1.33502,1.33512,1.33497,1.33504
2026-07-04 09:15:00+00:00,1.33505,1.33507,1.33499,1.33504
2026-07-04 09:30:00+00:00,1.33502,1.33511,1.33499,1.33503
2026-07-04 09:45:00+00:00,1.33501,1.33508,1.33499,1.33501
2026-07-04 10:00:00+00:00,1.33502,1.33518,1.335,1.33502
2026-07-04 10:15:00+00:00,1.33502,1.3351,1.335,1.33507
2026-07-04 10:30:00+00:00,1.33504,1.33508,1.335,1.33504
2026-07-04 10:45:00+00:00,1.33502,1.33511,1.33499,1.33501
2026-07-04 11:00:00+00:00,1.33502,1.33508,1.335,1.33502
2026-07-04 11:15:00+00:00,1.33502,1.33511,1.33501,1.33506
2026-07-04 11:30:00+00:00,1.33503,1.33546,1.33497,1.33543
2026-07-04 11:45:00+00:00,1.33536,1.33536,1.33517,1.33522
2026-07-04 12:00:00+00:00,1.33523,1.3353,1.3351,1.33512
2026-07-04 12:15:00+00:00,1.33513,1.33517,1.33507,1.33511
2026-07-04 12:30:00+00:00,1.33509,1.3352,1.33507,1.33517
2026-07-04 12:45:00+00:00,1.33514,1.33521,1.33512,1.3352
2026-07-04 13:00:00+00:00,1.33518,1.33524,1.33506,1.33508
2026-07-04 13:15:00+00:00,1.33508,1.33549,1.33504,1.33544
2026-07-04 13:30:00+00:00,1.33542,1.33548,1.3354,1.33545
2026-07-04 13:45:00+00:00,1.33542,1.33548,1.33539,1.33542
2026-07-04 14:00:00+00:00,1.3354,1.33542,1.33522,1.33533
2026-07-04 14:15:00+00:00,1.33529,1.33535,1.33527,1.33531
2026-07-04 14:30:00+00:00,1.33529,1.33536,1.33527,1.33533
2026-07-04 14:45:00+00:00,1.3353,1.33536,1.33528,1.33531
2026-07-04 15:00:00+00:00,1.3353,1.33565,1.33529,1.3354
2026-07-04 15:15:00+00:00,1.33541,1.33547,1.33539,1.33541
2026-07-04 15:30:00+00:00,1.3354,1.33546,1.33538,1.33543
2026-07-04 15:45:00+00:00,1.3354,1.33549,1.33526,1.33532
2026-07-04 16:00:00+00:00,1.3353,1.33544,1.33522,1.33526
2026-07-04 16:15:00+00:00,1.33527,1.33534,1.33525,1.33532
2026-07-04 16:30:00+00:00,1.33528,1.33565,1.33517,1.33555
2026-07-04 16:45:00+00:00,1.33553,1.33558,1.33508,1.33524
2026-07-04 17:00:00+00:00,1.33522,1.33528,1.33513,1.33519
2026-07-04 17:15:00+00:00,1.3352,1.33526,1.3351,1.33513
2026-07-04 17:30:00+00:00,1.33513,1.3352,1.33506,1.33509
2026-07-04 17:45:00+00:00,1.33507,1.33513,1.33505,1.3351
2026-07-04 18:00:00+00:00,1.33506,1.33531,1.33506,1.33525
2026-07-04 18:15:00+00:00,1.33525,1.33554,1.33494,1.33532
2026-07-04 18:30:00+00:00,1.33533,1.33543,1.33504,1.33512
2026-07-04 18:45:00+00:00,1.3351,1.33517,1.33498,1.3351
2026-07-04 19:00:00+00:00,1.33507,1.33529,1.33506,1.33509
2026-07-04 19:15:00+00:00,1.3351,1.33521,1.3351,1.33514
2026-07-04 19:30:00+00:00,1.33515,1.3352,1.33508,1.33517
2026-07-04 19:45:00+00:00,1.33515,1.33518,1.33508,1.33513
2026-07-04 20:00:00+00:00,1.3351,1.33552,1.3348,1.33514
2026-07-04 20:15:00+00:00,1.33512,1.3352,1.33502,1.33504
2026-07-04 20:30:00+00:00,1.33509,1.33519,1.33508,1.33512
2026-07-04 20:45:00+00:00,1.3351,1.33517,1.33508,1.33513
2026-07-04 21:00:00+00:00,1.3351,1.33529,1.33498,1.33524
2026-07-04 21:15:00+00:00,1.33523,1.33531,1.33517,1.33518
2026-07-04 21:30:00+00:00,1.33519,1.33554,1.33509,1.33544
2026-07-04 21:45:00+00:00,1.33541,1.33551,1.33522,1.33533
2026-07-04 22:00:00+00:00,1.3353,1.33545,1.33515,1.33519
2026-07-04 22:15:00+00:00,1.33517,1.33523,1.33515,1.33516
2026-07-04 22:30:00+00:00,1.33517,1.33527,1.33515,1.33521
2026-07-04 22:45:00+00:00,1.33521,1.33527,1.33519,1.33524
2026-07-04 23:00:00+00:00,1.33521,1.33539,1.33509,1.33535
2026-07-04 23:15:00+00:00,1.33533,1.33545,1.33532,1.33541
2026-07-04 23:30:00+00:00,1.33541,1.33544,1.3351,1.33518
2026-07-04 23:45:00+00:00,1.33519,1.33526,1.33518,1.33522
2026-07-05 00:00:00+00:00,1.3352,1.33526,1.33506,1.33513
2026-07-05 00:15:00+00:00,1.3351,1.33519,1.33508,1.33513
2026-07-05 00:30:00+00:00,1.33513,1.33518,1.33504,1.3351
2026-07-05 00:45:00+00:00,1.3351,1.33516,1.33506,1.33509
2026-07-05 01:00:00+00:00,1.33507,1.33534,1.33505,1.33531
2026-07-05 01:15:00+00:00,1.33528,1.33534,1.33526,1.33528
2026-07-05 01:30:00+00:00,1.33528,1.33533,1.33517,1.3352
2026-07-05 01:45:00+00:00,1.33521,1.33527,1.33519,1.33524
2026-07-05 02:00:00+00:00,1.33522,1.33528,1.3352,1.33525
2026-07-05 02:15:00+00:00,1.33522,1.33528,1.3352,1.33523
2026-07-05 02:30:00+00:00,1.33522,1.33528,1.33506,1.3352
2026-07-05 02:45:00+00:00,1.33521,1.33536,1.33519,1.33532
2026-07-05 03:00:00+00:00,1.3353,1.33536,1.33527,1.33532
2026-07-05 03:15:00+00:00,1.33529,1.33535,1.33527,1.3353
2026-07-05 03:30:00+00:00,1.33529,1.33535,1.33526,1.33527
2026-07-05 03:45:00+00:00,1.33528,1.33534,1.33526,1.33531
2026-07-05 04:00:00+00:00,1.33528,1.33534,1.33526,1.3353
2026-07-05 04:15:00+00:00,1.33528,1.33544,1.33526,1.3354
2026-07-05 04:30:00+00:00,1.33538,1.33544,1.33536,1.33538
2026-07-05 04:45:00+00:00,1.33538,1.33544,1.33534,1.33536
2026-07-05 05:00:00+00:00,1.33536,1.33542,1.33524,1.3353
2026-07-05 05:15:00+00:00,1.33527,1.33533,1.33525,1.33529
2026-07-05 05:30:00+00:00,1.33527,1.33533,1.33525,1.33526
2026-07-05 05:45:00+00:00,1.33527,1.33533,1.33517,1.3352
2026-07-05 06:00:00+00:00,1.3352,1.33533,1.33505,1.33529
2026-07-05 06:15:00+00:00,1.33527,1.33533,1.33525,1.33529
2026-07-05 06:30:00+00:00,1.33527,1.33532,1.33524,1.33526
2026-07-05 06:45:00+00:00,1.33526,1.33532,1.33524,1.33525
2026-07-05 07:00:00+00:00,1.33526,1.33532,1.33524,1.33528
2026-07-05 07:15:00+00:00,1.33526,1.33532,1.33524,1.33529
2026-07-05 07:30:00+00:00,1.33526,1.33538,1.3352,1.33533
2026-07-05 07:45:00+00:00,1.33533,1.33543,1.3353,1.33537
2026-07-05 08:00:00+00:00,1.33537,1.33543,1.33533,1.33537
2026-07-05 08:15:00+00:00,1.33535,1.33541,1.33533,1.33538
2026-07-05 08:30:00+00:00,1.33535,1.33541,1.33531,1.33534
2026-07-05 08:45:00+00:00,1.33533,1.33539,1.33531,1.33532
2026-07-05 09:00:00+00:00,1.33533,1.33539,1.33529,1.33534
2026-07-05 09:15:00+00:00,1.33531,1.33543,1.33525,1.33538
2026-07-05 09:30:00+00:00,1.33535,1.33541,1.33533,1.33536
2026-07-05 09:45:00+00:00,1.33535,1.33541,1.33531,1.33532
2026-07-05 10:00:00+00:00,1.33533,1.33539,1.33531,1.33533
2026-07-05 10:15:00+00:00,1.33533,1.33539,1.33531,1.33536
2026-07-05 10:30:00+00:00,1.33533,1.33539,1.33531,1.33535
2026-07-05 10:45:00+00:00,1.33533,1.33539,1.33531,1.33532
2026-07-05 11:00:00+00:00,1.33533,1.33539,1.33531,1.33533
2026-07-05 11:15:00+00:00,1.33533,1.33539,1.33531,1.33535
2026-07-05 11:30:00+00:00,1.33533,1.33638,1.33459,1.33609
2026-07-05 11:45:00+00:00,1.33607,1.33613,1.33605,1.33607
2026-07-05 12:00:00+00:00,1.33607,1.33613,1.33605,1.33606
2026-07-05 12:15:00+00:00,1.33607,1.33613,1.33605,1.33609
2026-07-05 12:30:00+00:00,1.33607,1.33613,1.33605,1.3361
2026-07-05 12:45:00+00:00,1.33607,1.33613,1.33605,1.33607
2026-07-05 13:00:00+00:00,1.33607,1.33613,1.33605,1.33606
2026-07-05 13:15:00+00:00,1.33607,1.33642,1.33479,1.33607
2026-07-05 13:30:00+00:00,1.33605,1.33611,1.33603,1.33608
2026-07-05 13:45:00+00:00,1.33605,1.33611,1.33603,1.33607
2026-07-05 14:00:00+00:00,1.33605,1.33611,1.33458,1.33501
2026-07-05 14:15:00+00:00,1.33502,1.33508,1.335,1.33504
2026-07-05 14:30:00+00:00,1.33502,1.33508,1.335,1.33505
2026-07-05 14:45:00+00:00,1.33502,1.33514,1.33444,1.33472
2026-07-05 15:00:00+00:00,1.33463,1.33586,1.3343,1.33542
2026-07-05 15:15:00+00:00,1.33543,1.33559,1.33522,1.33531
2026-07-05 15:30:00+00:00,1.33528,1.33534,1.33526,1.33531
2026-07-05 15:45:00+00:00,1.33528,1.33534,1.33513,1.33522
2026-07-05 16:00:00+00:00,1.3352,1.33554,1.33501,1.33502
2026-07-05 16:15:00+00:00,1.33502,1.33508,1.335,1.33502
2026-07-05 16:30:00+00:00,1.33502,1.33599,1.335,1.3352
2026-07-05 16:45:00+00:00,1.33527,1.33527,1.335,1.33504
2026-07-05 17:00:00+00:00,1.33502,1.33524,1.33501,1.33501
2026-07-05 17:15:00+00:00,1.33502,1.33508,1.335,1.33502
2026-07-05 17:30:00+00:00,1.33502,1.33508,1.335,1.33504
2026-07-05 17:45:00+00:00,1.33502,1.33508,1.335,1.33504
2026-07-05 18:00:00+00:00,1.33502,1.33517,1.335,1.33502
2026-07-05 18:15:00+00:00,1.33502,1.33583,1.33498,1.33504
2026-07-05 18:30:00+00:00,1.33505,1.33526,1.33497,1.33525
2026-07-05 18:45:00+00:00,1.33521,1.33677,1.33332,1.3365
2026-07-05 19:00:00+00:00,1.3361,1.33654,1.33465,1.33625
2026-07-05 19:15:00+00:00,1.33619,1.33776,1.33503,1.33603
2026-07-05 19:30:00+00:00,1.33575,1.33643,1.3357,1.3362
2026-07-05 19:45:00+00:00,1.33609,1.33679,1.33533,1.33546
2026-07-05 20:00:00+00:00,1.3355,1.33558,1.33495,1.33503
2026-07-05 20:15:00+00:00,1.33502,1.33529,1.33492,1.33525
2026-07-05 20:30:00+00:00,1.33515,1.33531,1.33484,1.33513
2026-07-05 20:45:00+00:00,1.33515,1.33614,1.33461,1.33469
2026-07-05 21:00:00+00:00,1.33483,1.33522,1.33419,1.33514
2026-07-05 21:15:00+00:00,1.33513,1.33527,1.33501,1.33505
2026-07-05 21:30:00+00:00,1.33511,1.33549,1.33511,1.33531
2026-07-05 21:45:00+00:00,1.33536,1.33541,1.33499,1.33508
2026-07-05 22:00:00+00:00,1.33526,1.33551,1.33475,1.33536
2026-07-05 22:15:00+00:00,1.33538,1.3354,1.33522,1.33523
2026-07-05 22:30:00+00:00,1.33524,1.33527,1.335,1.33501
2026-07-05 22:45:00+00:00,1.33503,1.33511,1.33483,1.33489
2026-07-05 23:00:00+00:00,1.33486,1.33512,1.3347,1.33476
2026-07-05 23:15:00+00:00,1.33474,1.33508,1.33463,1.33506
2026-07-05 23:30:00+00:00,1.33501,1.33522,1.33497,1.33519
2026-07-05 23:45:00+00:00,1.33514,1.3354,1.33507,1.3354
2026-07-06 00:00:00+00:00,1.33537,1.33537,1.33469,1.33498
2026-07-06 00:15:00+00:00,1.33488,1.33567,1.33488,1.33512
2026-07-06 00:30:00+00:00,1.33506,1.33557,1.33506,1.33541
2026-07-06 00:45:00+00:00,1.33542,1.3355,1.33513,1.33532
2026-07-06 01:00:00+00:00,1.33529,1.33553,1.33502,1.33507
2026-07-06 01:15:00+00:00,1.33507,1.3353,1.33426,1.33437
2026-07-06 01:30:00+00:00,1.33432,1.33475,1.33428,1.33465
2026-07-06 01:45:00+00:00,1.33466,1.33469,1.33399,1.33401
2026-07-06 02:00:00+00:00,1.33404,1.33434,1.33396,1.3341
2026-07-06 02:15:00+00:00,1.33407,1.3342,1.33404,1.33415
2026-07-06 02:30:00+00:00,1.33413,1.33421,1.33403,1.33419
2026-07-06 02:45:00+00:00,1.33417,1.33476,1.33411,1.33474
2026-07-06 03:00:00+00:00,1.3347,1.33484,1.33452,1.33454
2026-07-06 03:15:00+00:00,1.33456,1.33459,1.33407,1.33419
2026-07-06 03:30:00+00:00,1.33416,1.33425,1.33402,1.33419
2026-07-06 03:45:00+00:00,1.3342,1.33437,1.33401,1.33421
2026-07-06 04:00:00+00:00,1.33418,1.33453,1.33414,1.33452
2026-07-06 04:15:00+00:00,1.33449,1.33451,1.3343,1.33439
2026-07-06 04:30:00+00:00,1.33437,1.33452,1.33433,1.3344
2026-07-06 04:45:00+00:00,1.33438,1.33442,1.33421,1.33433
2026-07-06 05:00:00+00:00,1.33434,1.33435,1.33383,1.33392
2026-07-06 05:15:00+00:00,1.33393,1.33397,1.33379,1.33393
2026-07-06 05:30:00+00:00,1.33389,1.33443,1.33389,1.33415
2026-07-06 05:45:00+00:00,1.33415,1.3343,1.33355,1.3336
2026-07-06 06:00:00+00:00,1.33368,1.33408,1.33359,1.33374
2026-07-06 06:15:00+00:00,1.33377,1.33381,1.33302,1.3333
2026-07-06 06:30:00+00:00,1.33331,1.33388,1.33318,1.33369
2026-07-06 06:45:00+00:00,1.33371,1.33382,1.33317,1.3332
2026-07-06 07:00:00+00:00,1.33329,1.33374,1.33292,1.33369
2026-07-06 07:15:00+00:00,1.33359,1.33427,1.33359,1.33385
2026-07-06 07:30:00+00:00,1.33382,1.3346,1.33372,1.33456
2026-07-06 07:45:00+00:00,1.33449,1.33498,1.33435,1.33495
2026-07-06 08:00:00+00:00,1.33491,1.33506,1.3338,1.33404
2026-07-06 08:15:00+00:00,1.334,1.33435,1.33365,1.33369
2026-07-06 08:30:00+00:00,1.33372,1.33408,1.33339,1.33341
2026-07-06 08:45:00+00:00,1.33345,1.33385,1.33314,1.33379
2026-07-06 09:00:00+00:00,1.33372,1.33397,1.33317,1.33337
2026-07-06 09:15:00+00:00,1.33329,1.33388,1.33329,1.33385
2026-07-06 09:30:00+00:00,1.33374,1.33418,1.33374,1.33399
2026-07-06 09:45:00+00:00,1.334,1.334,1.33323,1.33353
2026-07-06 10:00:00+00:00,1.33349,1.33403,1.33321,1.33397
2026-07-06 10:15:00+00:00,1.33388,1.33474,1.33388,1.33433
2026-07-06 10:30:00+00:00,1.33448,1.33453,1.33394,1.33433
2026-07-06 10:45:00+00:00,1.33429,1.33429,1.33395,1.33403
2026-07-06 11:00:00+00:00,1.33404,1.33415,1.33367,1.33404
2026-07-06 11:15:00+00:00,1.33398,1.33437,1.33381,1.33436
2026-07-06 11:30:00+00:00,1.33432,1.3346,1.33415,1.3344
2026-07-06 11:45:00+00:00,1.33435,1.33456,1.33407,1.33453
2026-07-06 12:00:00+00:00,1.33447,1.3352,1.33447,1.33459
2026-07-06 12:15:00+00:00,1.33469,1.33516,1.33467,1.33469
2026-07-06 12:30:00+00:00,1.3347,1.33502,1.33415,1.33441
2026-07-06 12:45:00+00:00,1.33433,1.33449,1.33382,1.33402
2026-07-06 13:00:00+00:00,1.33407,1.33522,1.33407,1.3352
2026-07-06 13:15:00+00:00,1.33512,1.33545,1.3349,1.33534
2026-07-06 13:30:00+00:00,1.33536,1.33564,1.33488,1.33497
2026-07-06 13:45:00+00:00,1.33494,1.3352,1.33428,1.33449
2026-07-06 14:00:00+00:00,1.3344,1.33574,1.3344,1.33562
2026-07-06 14:15:00+00:00,1.33546,1.33588,1.33546,1.33571
2026-07-06 14:30:00+00:00,1.3357,1.33574,1.33487,1.33507
2026-07-06 14:45:00+00:00,1.33507,1.33571,1.33478,1.33569
2026-07-06 15:00:00+00:00,1.33565,1.33617,1.33543,1.33553
2026-07-06 15:15:00+00:00,1.33556,1.33574,1.33526,1.33547
2026-07-06 15:30:00+00:00,1.33544,1.33626,1.33543,1.33622
2026-07-06 15:45:00+00:00,1.3361,1.33675,1.3361,1.33673
2026-07-06 16:00:00+00:00,1.33666,1.33702,1.33656,1.33672
2026-07-06 16:15:00+00:00,1.33676,1.3375,1.33654,1.33746
2026-07-06 16:30:00+00:00,1.3374,1.33749,1.33715,1.33722
2026-07-06 16:45:00+00:00,1.3372,1.33767,1.33715,1.33754
2026-07-06 17:00:00+00:00,1.33757,1.33783,1.33745,1.33779
2026-07-06 17:15:00+00:00,1.33773,1.33811,1.33772,1.33801
2026-07-06 17:30:00+00:00,1.33803,1.33836,1.3379,1.33834
2026-07-06 17:45:00+00:00,1.33828,1.33838,1.33819,1.33833
2026-07-06 18:00:00+00:00,1.33829,1.33831,1.3381,1.33829
2026-07-06 18:15:00+00:00,1.33827,1.33871,1.33819,1.33866
2026-07-06 18:30:00+00:00,1.33859,1.33923,1.33859,1.33909
2026-07-06 18:45:00+00:00,1.3391,1.33971,1.33903,1.33969
2026-07-06 19:00:00+00:00,1.33964,1.33975,1.3391,1.33938
2026-07-06 19:15:00+00:00,1.33937,1.3394,1.339,1.3391
2026-07-06 19:30:00+00:00,1.33907,1.33925,1.33903,1.33913
2026-07-06 19:45:00+00:00,1.33914,1.33934,1.33904,1.33918
2026-07-06 20:00:00+00:00,1.33915,1.33931,1.33904,1.33919
2026-07-06 20:15:00+00:00,1.33923,1.33923,1.33885,1.3392
2026-07-06 20:30:00+00:00,1.33916,1.3392,1.33887,1.33894
2026-07-06 20:45:00+00:00,1.33893,1.33902,1.3389,1.33899
2026-07-06 21:00:00+00:00,1.33896,1.33942,1.33817,1.33906
2026-07-06 21:15:00+00:00,1.33905,1.33936,1.33861,1.33902
2026-07-06 21:30:00+00:00,1.33897,1.33909,1.33868,1.33873
2026-07-06 21:45:00+00:00,1.33885,1.33928,1.33859,1.33901
2026-07-06 22:00:00+00:00,1.33897,1.33941,1.33896,1.33929
2026-07-06 22:15:00+00:00,1.33927,1.33933,1.33919,1.3392
2026-07-06 22:30:00+00:00,1.33922,1.33966,1.33917,1.3395
2026-07-06 22:45:00+00:00,1.33951,1.33964,1.3395,1.33961
2026-07-06 23:00:00+00:00,1.33957,1.34009,1.33955,1.3399
2026-07-06 23:15:00+00:00,1.33988,1.34011,1.33985,1.33996
2026-07-06 23:30:00+00:00,1.33996,1.33998,1.3397,1.33972
2026-07-06 23:45:00+00:00,1.33976,1.33989,1.33942,1.33946
2026-07-07 00:00:00+00:00,1.33944,1.3396,1.33935,1.3394
2026-07-07 00:15:00+00:00,1.33935,1.33948,1.33915,1.33917
2026-07-07 00:30:00+00:00,1.3392,1.33933,1.33887,1.33898
2026-07-07 00:45:00+00:00,1.339,1.33923,1.33891,1.33894
2026-07-07 01:00:00+00:00,1.33896,1.33917,1.33888,1.33901
2026-07-07 01:15:00+00:00,1.33897,1.33918,1.33889,1.33915
2026-07-07 01:30:00+00:00,1.33909,1.33993,1.33909,1.33927
2026-07-07 01:45:00+00:00,1.33929,1.34027,1.33911,1.33973
2026-07-07 02:00:00+00:00,1.33977,1.34003,1.33964,1.33985
2026-07-07 02:15:00+00:00,1.33981,1.33981,1.3395,1.33952
2026-07-07 02:30:00+00:00,1.33956,1.33964,1.33923,1.33923
2026-07-07 02:45:00+00:00,1.33924,1.3393,1.33914,1.33922
2026-07-07 03:00:00+00:00,1.33922,1.33949,1.33915,1.33945
2026-07-07 03:15:00+00:00,1.33942,1.3397,1.33935,1.33953
2026-07-07 03:30:00+00:00,1.3395,1.3395,1.33907,1.33908
2026-07-07 03:45:00+00:00,1.33913,1.33928,1.33899,1.339
2026-07-07 04:00:00+00:00,1.33901,1.33925,1.33894,1.33924
2026-07-07 04:15:00+00:00,1.33922,1.33933,1.33903,1.33906
2026-07-07 04:30:00+00:00,1.33909,1.33933,1.33903,1.33919
2026-07-07 04:45:00+00:00,1.3392,1.3393,1.33896,1.33897
2026-07-07 05:00:00+00:00,1.339,1.33902,1.33848,1.33852
2026-07-07 05:15:00+00:00,1.33859,1.33867,1.33803,1.33815
2026-07-07 05:30:00+00:00,1.33812,1.33854,1.33805,1.33817
2026-07-07 05:45:00+00:00,1.33821,1.33853,1.33798,1.33851
2026-07-07 06:00:00+00:00,1.33848,1.33868,1.33754,1.33759
2026-07-07 06:15:00+00:00,1.33756,1.33808,1.33756,1.33795
2026-07-07 06:30:00+00:00,1.33792,1.33836,1.33788,1.33821
2026-07-07 06:45:00+00:00,1.33821,1.33839,1.3379,1.33802
2026-07-07 07:00:00+00:00,1.33802,1.33806,1.3375,1.33791
2026-07-07 07:15:00+00:00,1.33786,1.33853,1.33786,1.3381
2026-07-07 07:30:00+00:00,1.33816,1.33848,1.338,1.33826
2026-07-07 07:45:00+00:00,1.33827,1.33832,1.33776,1.33789
2026-07-07 08:00:00+00:00,1.33791,1.33867,1.33784,1.33865
2026-07-07 08:15:00+00:00,1.33862,1.3391,1.33828,1.33897
2026-07-07 08:30:00+00:00,1.33893,1.33927,1.33885,1.33889
2026-07-07 08:45:00+00:00,1.3389,1.33941,1.33867,1.33932
2026-07-07 09:00:00+00:00,1.33926,1.33936,1.33892,1.33894
2026-07-07 09:15:00+00:00,1.33897,1.33914,1.33867,1.33869
2026-07-07 09:30:00+00:00,1.33869,1.33898,1.33864,1.3388
2026-07-07 09:45:00+00:00,1.33887,1.33887,1.33813,1.33814
2026-07-07 10:00:00+00:00,1.33816,1.33823,1.33702,1.33804
2026-07-07 10:15:00+00:00,1.33796,1.33833,1.33788,1.33833
2026-07-07 10:30:00+00:00,1.33829,1.3385,1.33802,1.33843
2026-07-07 10:45:00+00:00,1.33842,1.33865,1.3382,1.33852
2026-07-07 11:00:00+00:00,1.33853,1.33887,1.33842,1.33875
2026-07-07 11:15:00+00:00,1.3387,1.33956,1.33863,1.33899
2026-07-07 11:30:00+00:00,1.33896,1.33897,1.33866,1.33893
2026-07-07 11:45:00+00:00,1.33887,1.33901,1.33851,1.339
2026-07-07 12:00:00+00:00,1.33897,1.33906,1.33821,1.33869
2026-07-07 12:15:00+00:00,1.33853,1.339,1.33827,1.33896
2026-07-07 12:30:00+00:00,1.33886,1.33912,1.33822,1.33835
2026-07-07 12:45:00+00:00,1.33831,1.33847,1.3382,1.3383
2026-07-07 13:00:00+00:00,1.33832,1.33858,1.3378,1.33813
2026-07-07 13:15:00+00:00,1.3381,1.33849,1.3376,1.33776
2026-07-07 13:30:00+00:00,1.33774,1.33865,1.33774,1.33835
2026-07-07 13:45:00+00:00,1.3384,1.33843,1.33711,1.33718
2026-07-07 14:00:00+00:00,1.33729,1.33751,1.33623,1.33673
2026-07-07 14:15:00+00:00,1.33668,1.33717,1.33651,1.337
2026-07-07 14:30:00+00:00,1.33687,1.33765,1.33687,1.33763
2026-07-07 14:45:00+00:00,1.33759,1.33909,1.33738,1.33804
2026-07-07 15:00:00+00:00,1.338,1.33808,1.33745,1.33746
2026-07-07 15:15:00+00:00,1.33748,1.33769,1.33713,1.33765
2026-07-07 15:30:00+00:00,1.33758,1.33785,1.3374,1.33763
2026-07-07 15:45:00+00:00,1.3376,1.3376,1.33702,1.3372
2026-07-07 16:00:00+00:00,1.33717,1.33754,1.33701,1.33733
2026-07-07 16:15:00+00:00,1.33732,1.33735,1.33672,1.33683
2026-07-07 16:30:00+00:00,1.3368,1.33688,1.33656,1.33676
2026-07-07 16:45:00+00:00,1.33669,1.33714,1.33669,1.33712
2026-07-07 17:00:00+00:00,1.33707,1.33742,1.33697,1.337
2026-07-07 17:15:00+00:00,1.33704,1.33727,1.33684,1.3371
2026-07-07 17:30:00+00:00,1.33712,1.33738,1.3371,1.33737
2026-07-07 17:45:00+00:00,1.33733,1.33764,1.33722,1.33763
2026-07-07 18:00:00+00:00,1.33758,1.33758,1.3372,1.33737
2026-07-07 18:15:00+00:00,1.33734,1.33763,1.33723,1.33747
2026-07-07 18:30:00+00:00,1.33748,1.33755,1.33715,1.33726
2026-07-07 18:45:00+00:00,1.33719,1.33738,1.33608,1.33661
2026-07-07 19:00:00+00:00,1.33654,1.33654,1.33531,1.33546
2026-07-07 19:15:00+00:00,1.33543,1.33568,1.33493,1.33567
2026-07-07 19:30:00+00:00,1.33564,1.33613,1.33547,1.336
2026-07-07 19:45:00+00:00,1.33598,1.33628,1.33594,1.33625
2026-07-07 20:00:00+00:00,1.33621,1.33628,1.33597,1.33606
2026-07-07 20:15:00+00:00,1.33604,1.33604,1.33584,1.33597
2026-07-07 20:30:00+00:00,1.33598,1.33601,1.3356,1.33578
2026-07-07 20:45:00+00:00,1.33574,1.33594,1.33563,1.33592
2026-07-07 21:00:00+00:00,1.33584,1.33599,1.33524,1.33563
2026-07-07 21:15:00+00:00,1.33552,1.33599,1.33535,1.33585
2026-07-07 21:30:00+00:00,1.33579,1.33609,1.33563,1.33606
2026-07-07 21:45:00+00:00,1.33602,1.33608,1.33511,1.33587
2026-07-07 22:00:00+00:00,1.33576,1.33576,1.33502,1.33516
2026-07-07 22:15:00+00:00,1.33514,1.33531,1.33508,1.33509
2026-07-07 22:30:00+00:00,1.33513,1.33515,1.33494,1.33512
2026-07-07 22:45:00+00:00,1.33509,1.3353,1.33499,1.33529
2026-07-07 23:00:00+00:00,1.33526,1.33567,1.3351,1.33515
2026-07-07 23:15:00+00:00,1.33522,1.3354,1.33504,1.33528
2026-07-07 23:30:00+00:00,1.33531,1.33536,1.33513,1.33525
2026-07-07 23:45:00+00:00,1.33523,1.33523,1.33463,1.33465
2026-07-08 00:00:00+00:00,1.33467,1.33495,1.33441,1.33491
2026-07-08 00:15:00+00:00,1.33488,1.33503,1.33448,1.33501
2026-07-08 00:30:00+00:00,1.335,1.33539,1.33487,1.33529
2026-07-08 00:45:00+00:00,1.3353,1.33553,1.33517,1.33542
2026-07-08 01:00:00+00:00,1.3354,1.33553,1.33513,1.33533
2026-07-08 01:15:00+00:00,1.3353,1.33539,1.33499,1.33506
2026-07-08 01:30:00+00:00,1.33505,1.33505,1.33438,1.33438
2026-07-08 01:45:00+00:00,1.33438,1.33518,1.33431,1.33507
2026-07-08 02:00:00+00:00,1.33505,1.3352,1.33483,1.33502
2026-07-08 02:15:00+00:00,1.33497,1.33547,1.33495,1.33532
2026-07-08 02:30:00+00:00,1.33534,1.33545,1.33522,1.33535
2026-07-08 02:45:00+00:00,1.33536,1.33545,1.33524,1.33532
2026-07-08 03:00:00+00:00,1.33527,1.33581,1.33527,1.3358
2026-07-08 03:15:00+00:00,1.33576,1.33594,1.33571,1.33579
2026-07-08 03:30:00+00:00,1.33576,1.33576,1.33551,1.33555
2026-07-08 03:45:00+00:00,1.33557,1.33568,1.33543,1.33545
2026-07-08 04:00:00+00:00,1.33545,1.33546,1.3352,1.33534
2026-07-08 04:15:00+00:00,1.33533,1.33539,1.33515,1.33529
2026-07-08 04:30:00+00:00,1.33527,1.33549,1.33526,1.3354
2026-07-08 04:45:00+00:00,1.33541,1.33546,1.33527,1.33535
2026-07-08 05:00:00+00:00,1.33535,1.33592,1.33535,1.33557
2026-07-08 05:15:00+00:00,1.33555,1.33566,1.3352,1.33539
2026-07-08 05:30:00+00:00,1.33536,1.33588,1.33526,1.33587
2026-07-08 05:45:00+00:00,1.33584,1.33593,1.33542,1.33559
2026-07-08 06:00:00+00:00,1.33561,1.33615,1.33556,1.33584
2026-07-08 06:15:00+00:00,1.33581,1.33654,1.33571,1.33648
2026-07-08 06:30:00+00:00,1.33645,1.33659,1.33626,1.33635
2026-07-08 06:45:00+00:00,1.33639,1.33651,1.33592,1.33641
2026-07-08 07:00:00+00:00,1.33643,1.33654,1.33555,1.33599
2026-07-08 07:15:00+00:00,1.33598,1.33679,1.33572,1.33658
2026-07-08 07:30:00+00:00,1.33665,1.33699,1.33638,1.33678
2026-07-08 07:45:00+00:00,1.33679,1.33697,1.33656,1.33663
2026-07-08 08:00:00+00:00,1.33663,1.33705,1.3364,1.33671
2026-07-08 08:15:00+00:00,1.33676,1.33678,1.33404,1.33527
2026-07-08 08:30:00+00:00,1.33524,1.33526,1.3339,1.33446
2026-07-08 08:45:00+00:00,1.33428,1.33519,1.33378,1.33385
2026-07-08 09:00:00+00:00,1.33398,1.33417,1.33239,1.33241
2026-07-08 09:15:00+00:00,1.33245,1.33378,1.33241,1.33345
2026-07-08 09:30:00+00:00,1.33336,1.33438,1.33336,1.33411
2026-07-08 09:45:00+00:00,1.3341,1.33492,1.3341,1.33432
2026-07-08 10:00:00+00:00,1.3343,1.33467,1.33421,1.33452
2026-07-08 10:15:00+00:00,1.33447,1.33511,1.33415,1.3349
2026-07-08 10:30:00+00:00,1.3349,1.33566,1.33482,1.33563
2026-07-08 10:45:00+00:00,1.33559,1.33566,1.33481,1.33493
2026-07-08 11:00:00+00:00,1.33491,1.33496,1.33415,1.33422
2026-07-08 11:15:00+00:00,1.3342,1.33442,1.33385,1.33399
2026-07-08 11:30:00+00:00,1.33402,1.33436,1.33284,1.33416
2026-07-08 11:45:00+00:00,1.33364,1.33469,1.33346,1.3335
2026-07-08 12:00:00+00:00,1.33357,1.33488,1.33354,1.33484
2026-07-08 12:15:00+00:00,1.33481,1.33526,1.33462,1.33518
2026-07-08 12:30:00+00:00,1.33515,1.33547,1.33479,1.33525
2026-07-08 12:45:00+00:00,1.33522,1.33561,1.33427,1.33433
2026-07-08 13:00:00+00:00,1.33444,1.33515,1.33409,1.33511
2026-07-08 13:15:00+00:00,1.33504,1.33623,1.3347,1.33618
2026-07-08 13:30:00+00:00,1.33609,1.33773,1.33609,1.33718
2026-07-08 13:45:00+00:00,1.33697,1.33775,1.33664,1.3369
2026-07-08 14:00:00+00:00,1.33692,1.33743,1.33686,1.3371
2026-07-08 14:15:00+00:00,1.33708,1.33754,1.33673,1.33716
2026-07-08 14:30:00+00:00,1.33714,1.33729,1.33643,1.33704
2026-07-08 14:45:00+00:00,1.33717,1.33729,1.3367,1.33726
2026-07-08 15:00:00+00:00,1.33717,1.33747,1.33631,1.33639
2026-07-08 15:15:00+00:00,1.33649,1.33659,1.33576,1.33634
2026-07-08 15:30:00+00:00,1.33636,1.33646,1.33581,1.33599
2026-07-08 15:45:00+00:00,1.33591,1.33636,1.33591,1.33608
2026-07-08 16:00:00+00:00,1.33612,1.33667,1.33606,1.33651
2026-07-08 16:15:00+00:00,1.33647,1.33729,1.33633,1.33725
2026-07-08 16:30:00+00:00,1.33724,1.33822,1.33718,1.33821
2026-07-08 16:45:00+00:00,1.33817,1.33859,1.33805,1.33852
2026-07-08 17:00:00+00:00,1.33844,1.34043,1.33844,1.34036
2026-07-08 17:15:00+00:00,1.34022,1.34102,1.33978,1.34058
2026-07-08 17:30:00+00:00,1.34051,1.34068,1.3401,1.34014
2026-07-08 17:45:00+00:00,1.34021,1.34024,1.33962,1.33964
2026-07-08 18:00:00+00:00,1.33965,1.3405,1.33957,1.3404
2026-07-08 18:15:00+00:00,1.34042,1.3405,1.34013,1.34031
2026-07-08 18:30:00+00:00,1.34026,1.34046,1.34002,1.34043
2026-07-08 18:45:00+00:00,1.34035,1.34058,1.33998,1.34004
2026-07-08 19:00:00+00:00,1.34001,1.34064,1.33989,1.34048
2026-07-08 19:15:00+00:00,1.34046,1.34057,1.34025,1.3405
2026-07-08 19:30:00+00:00,1.34051,1.34077,1.34041,1.34047
2026-07-08 19:45:00+00:00,1.34046,1.34046,1.3398,1.34031
2026-07-08 20:00:00+00:00,1.34028,1.34044,1.33993,1.34001
2026-07-08 20:15:00+00:00,1.34014,1.34014,1.33939,1.3394
2026-07-08 20:30:00+00:00,1.33943,1.33954,1.33852,1.33889
2026-07-08 20:45:00+00:00,1.33888,1.33897,1.33862,1.33896
2026-07-08 21:00:00+00:00,1.3389,1.33939,1.3382,1.33921
2026-07-08 21:15:00+00:00,1.33918,1.33974,1.33863,1.33932
2026-07-08 21:30:00+00:00,1.33934,1.33942,1.33863,1.33909
2026-07-08 21:45:00+00:00,1.33909,1.33962,1.33908,1.33928
2026-07-08 22:00:00+00:00,1.33925,1.33925,1.33887,1.33911
2026-07-08 22:15:00+00:00,1.33909,1.33917,1.33899,1.33899
2026-07-08 22:30:00+00:00,1.339,1.33917,1.33892,1.33908
2026-07-08 22:45:00+00:00,1.33908,1.33916,1.33905,1.33915
2026-07-08 23:00:00+00:00,1.33909,1.33924,1.33899,1.33908
2026-07-08 23:15:00+00:00,1.33905,1.33911,1.33896,1.33909
2026-07-08 23:30:00+00:00,1.33906,1.33938,1.33899,1.33929
2026-07-08 23:45:00+00:00,1.3393,1.33945,1.33923,1.33943
2026-07-09 00:00:00+00:00,1.33942,1.34026,1.33932,1.34023
2026-07-09 00:15:00+00:00,1.3402,1.34032,1.33996,1.3401
2026-07-09 00:30:00+00:00,1.34008,1.34039,1.33994,1.33995
2026-07-09 00:45:00+00:00,1.33997,1.33999,1.33955,1.33977
2026-07-09 01:00:00+00:00,1.33972,1.33996,1.33925,1.33939
2026-07-09 01:15:00+00:00,1.33938,1.33942,1.33894,1.33898
2026-07-09 01:30:00+00:00,1.33905,1.33944,1.33872,1.33931
2026-07-09 01:45:00+00:00,1.33927,1.33961,1.33916,1.33954
2026-07-09 02:00:00+00:00,1.33941,1.34001,1.33941,1.33982
2026-07-09 02:15:00+00:00,1.33984,1.34004,1.33984,1.34
2026-07-09 02:30:00+00:00,1.33999,1.33999,1.3394,1.33959
2026-07-09 02:45:00+00:00,1.33957,1.33975,1.3395,1.33951
2026-07-09 03:00:00+00:00,1.33952,1.33962,1.33941,1.33942
2026-07-09 03:15:00+00:00,1.33942,1.33957,1.33904,1.33947
2026-07-09 03:30:00+00:00,1.33948,1.34004,1.33941,1.33988
2026-07-09 03:45:00+00:00,1.3399,1.33993,1.33955,1.33956
2026-07-09 04:00:00+00:00,1.33959,1.33976,1.33949,1.33967
2026-07-09 04:15:00+00:00,1.33963,1.33974,1.33942,1.33965
2026-07-09 04:30:00+00:00,1.33961,1.33984,1.33961,1.33973
2026-07-09 04:45:00+00:00,1.3397,1.34006,1.33968,1.33993
2026-07-09 05:00:00+00:00,1.33991,1.34068,1.33987,1.34065
2026-07-09 05:15:00+00:00,1.34058,1.34067,1.34018,1.34059
2026-07-09 05:30:00+00:00,1.34056,1.34074,1.3402,1.34021
2026-07-09 05:45:00+00:00,1.34023,1.34071,1.34023,1.34052
2026-07-09 06:00:00+00:00,1.34051,1.34111,1.34042,1.34091
2026-07-09 06:15:00+00:00,1.34089,1.34282,1.34088,1.34247
2026-07-09 06:30:00+00:00,1.34246,1.343,1.34219,1.34247
2026-07-09 06:45:00+00:00,1.34239,1.34268,1.34211,1.34237
2026-07-09 07:00:00+00:00,1.34228,1.34262,1.34174,1.3422
2026-07-09 07:15:00+00:00,1.34214,1.34279,1.34206,1.34252
2026-07-09 07:30:00+00:00,1.34248,1.34275,1.3419,1.34194
2026-07-09 07:45:00+00:00,1.34199,1.34199,1.34106,1.34113
2026-07-09 08:00:00+00:00,1.34133,1.3421,1.34133,1.34183
2026-07-09 08:15:00+00:00,1.34188,1.34201,1.34153,1.34181
2026-07-09 08:30:00+00:00,1.34178,1.34213,1.34163,1.3417
2026-07-09 08:45:00+00:00,1.34173,1.34178,1.34108,1.34112
2026-07-09 09:00:00+00:00,1.3412,1.34156,1.34098,1.34126
2026-07-09 09:15:00+00:00,1.34123,1.34162,1.3411,1.34161
2026-07-09 09:30:00+00:00,1.34155,1.34158,1.34071,1.34117
2026-07-09 09:45:00+00:00,1.34111,1.34156,1.3409,1.34154
2026-07-09 10:00:00+00:00,1.34147,1.34147,1.34068,1.34074
2026-07-09 10:15:00+00:00,1.34077,1.34084,1.34042,1.3405
2026-07-09 10:30:00+00:00,1.34048,1.34084,1.34029,1.34045
2026-07-09 10:45:00+00:00,1.3404,1.34074,1.3395,1.33962
2026-07-09 11:00:00+00:00,1.33957,1.3397,1.33902,1.33917
2026-07-09 11:15:00+00:00,1.33918,1.3395,1.33881,1.33886
2026-07-09 11:30:00+00:00,1.33894,1.33932,1.33848,1.3393
2026-07-09 11:45:00+00:00,1.33924,1.33924,1.33865,1.33895
2026-07-09 12:00:00+00:00,1.33897,1.33958,1.33878,1.33947
2026-07-09 12:15:00+00:00,1.33948,1.33961,1.3391,1.3393
2026-07-09 12:30:00+00:00,1.33919,1.33989,1.33909,1.33934
2026-07-09 12:45:00+00:00,1.33928,1.33941,1.33826,1.33855
2026-07-09 13:00:00+00:00,1.3386,1.33925,1.33843,1.33917
2026-07-09 13:15:00+00:00,1.33906,1.34,1.33906,1.33984
2026-07-09 13:30:00+00:00,1.33978,1.3402,1.33942,1.34009
2026-07-09 13:45:00+00:00,1.33992,1.34023,1.33935,1.3402
2026-07-09 14:00:00+00:00,1.34018,1.34106,1.34009,1.34017
2026-07-09 14:15:00+00:00,1.34022,1.34036,1.33966,1.34017
2026-07-09 14:30:00+00:00,1.34011,1.34051,1.33966,1.33978
2026-07-09 14:45:00+00:00,1.33978,1.34007,1.33889,1.33927
2026-07-09 15:00:00+00:00,1.33923,1.33993,1.33868,1.33959
2026-07-09 15:15:00+00:00,1.33962,1.33986,1.33917,1.33984
2026-07-09 15:30:00+00:00,1.33981,1.34032,1.33962,1.3403
2026-07-09 15:45:00+00:00,1.34021,1.34082,1.34021,1.34066
2026-07-09 16:00:00+00:00,1.34062,1.34109,1.34062,1.34103
2026-07-09 16:15:00+00:00,1.34094,1.34125,1.34023,1.34053
2026-07-09 16:30:00+00:00,1.34049,1.34106,1.34034,1.34103
2026-07-09 16:45:00+00:00,1.34099,1.3412,1.34099,1.34103
2026-07-09 17:00:00+00:00,1.34105,1.3412,1.34082,1.34089
2026-07-09 17:15:00+00:00,1.34093,1.34153,1.34093,1.34136
2026-07-09 17:30:00+00:00,1.34142,1.34156,1.34123,1.34133
2026-07-09 17:45:00+00:00,1.3413,1.34163,1.3413,1.34154
2026-07-09 18:00:00+00:00,1.34155,1.34197,1.34142,1.3418
2026-07-09 18:15:00+00:00,1.34181,1.34205,1.34127,1.34129
2026-07-09 18:30:00+00:00,1.3413,1.34142,1.34104,1.34142
2026-07-09 18:45:00+00:00,1.34139,1.34166,1.34136,1.34163
2026-07-09 19:00:00+00:00,1.34161,1.34171,1.34129,1.3413
2026-07-09 19:15:00+00:00,1.34131,1.34164,1.34116,1.34125
2026-07-09 19:30:00+00:00,1.34121,1.34121,1.34061,1.34064
2026-07-09 19:45:00+00:00,1.34068,1.34078,1.34053,1.34076
2026-07-09 20:00:00+00:00,1.34065,1.34108,1.34065,1.34092
2026-07-09 20:15:00+00:00,1.34092,1.34111,1.34092,1.34098
2026-07-09 20:30:00+00:00,1.341,1.34108,1.34091,1.34106
2026-07-09 20:45:00+00:00,1.34102,1.34105,1.3408,1.34092
2026-07-09 21:00:00+00:00,1.34089,1.34089,1.34034,1.34047
2026-07-09 21:15:00+00:00,1.34051,1.34068,1.34016,1.34022
2026-07-09 21:30:00+00:00,1.34024,1.34088,1.34019,1.34067
2026-07-09 21:45:00+00:00,1.34068,1.34136,1.34021,1.34128
2026-07-09 22:00:00+00:00,1.34117,1.34117,1.34048,1.34102
2026-07-09 22:15:00+00:00,1.34099,1.34123,1.34099,1.34117
2026-07-09 22:30:00+00:00,1.34117,1.34128,1.34116,1.34119
2026-07-09 22:45:00+00:00,1.34121,1.34134,1.34116,1.34131
2026-07-09 23:00:00+00:00,1.3413,1.34138,1.34116,1.3413
2026-07-09 23:15:00+00:00,1.34127,1.34134,1.34108,1.34111
2026-07-09 23:30:00+00:00,1.34111,1.34136,1.34109,1.34134
2026-07-09 23:45:00+00:00,1.3413,1.34133,1.34118,1.3413
2026-07-10 00:00:00+00:00,1.34125,1.34142,1.34098,1.34117
2026-07-10 00:15:00+00:00,1.34111,1.34111,1.34089,1.34095
2026-07-10 00:30:00+00:00,1.34093,1.34155,1.34091,1.34149
2026-07-10 00:45:00+00:00,1.34141,1.34246,1.34141,1.34246
2026-07-10 01:00:00+00:00,1.34244,1.34277,1.34199,1.34275
2026-07-10 01:15:00+00:00,1.34266,1.3432,1.34256,1.34266
2026-07-10 01:30:00+00:00,1.34267,1.34311,1.34261,1.34294
2026-07-10 01:45:00+00:00,1.34292,1.34382,1.34271,1.34373
2026-07-10 02:00:00+00:00,1.34372,1.34464,1.34342,1.34462
2026-07-10 02:15:00+00:00,1.34457,1.34507,1.34446,1.3447
2026-07-10 02:30:00+00:00,1.34478,1.34483,1.3443,1.3448
2026-07-10 02:45:00+00:00,1.34476,1.34517,1.34475,1.34495
2026-07-10 03:00:00+00:00,1.34495,1.34503,1.34459,1.34461
2026-07-10 03:15:00+00:00,1.34462,1.34463,1.34429,1.34454
2026-07-10 03:30:00+00:00,1.34451,1.3448,1.34441,1.34448
2026-07-10 03:45:00+00:00,1.3445,1.34453,1.34379,1.34393
2026-07-10 04:00:00+00:00,1.34386,1.34394,1.34363,1.34368
2026-07-10 04:15:00+00:00,1.34364,1.34381,1.34324,1.34344
2026-07-10 04:30:00+00:00,1.34341,1.34352,1.34317,1.34319
2026-07-10 04:45:00+00:00,1.34323,1.34323,1.34282,1.343
2026-07-10 05:00:00+00:00,1.34293,1.34333,1.34293,1.343
2026-07-10 05:15:00+00:00,1.34302,1.34308,1.34266,1.34275
2026-07-10 05:30:00+00:00,1.34272,1.34274,1.34221,1.34243
2026-07-10 05:45:00+00:00,1.34239,1.34291,1.34234,1.34278
2026-07-10 06:00:00+00:00,1.34271,1.34354,1.3427,1.34353
2026-07-10 06:15:00+00:00,1.34349,1.34358,1.34286,1.34324
2026-07-10 06:30:00+00:00,1.34313,1.34338,1.34279,1.34288
2026-07-10 06:45:00+00:00,1.3429,1.3429,1.3425,1.34275
2026-07-10 07:00:00+00:00,1.34275,1.34298,1.34244,1.3428
2026-07-10 07:15:00+00:00,1.3428,1.34291,1.34234,1.34256
2026-07-10 07:30:00+00:00,1.34248,1.34304,1.34248,1.34285
2026-07-10 07:45:00+00:00,1.34289,1.34291,1.34217,1.34218
2026-07-10 08:00:00+00:00,1.3422,1.34259,1.34183,1.34187
2026-07-10 08:15:00+00:00,1.34193,1.34196,1.34136,1.34149
2026-07-10 08:30:00+00:00,1.34138,1.34176,1.34115,1.34136
2026-07-10 08:45:00+00:00,1.34131,1.3414,1.34102,1.34115
2026-07-10 09:00:00+00:00,1.34116,1.34153,1.34098,1.34136
2026-07-10 09:15:00+00:00,1.34123,1.34165,1.34123,1.34163
2026-07-10 09:30:00+00:00,1.34161,1.34168,1.34126,1.34138
2026-07-10 09:45:00+00:00,1.34147,1.34147,1.34102,1.34109
2026-07-10 10:00:00+00:00,1.34111,1.34156,1.34099,1.34152
2026-07-10 10:15:00+00:00,1.34146,1.34222,1.34141,1.34219
2026-07-10 10:30:00+00:00,1.3421,1.34239,1.3419,1.34195
2026-07-10 10:45:00+00:00,1.34197,1.34353,1.34178,1.34345
2026-07-10 11:00:00+00:00,1.34333,1.34371,1.3428,1.34303
2026-07-10 11:15:00+00:00,1.34294,1.34309,1.34225,1.34253
2026-07-10 11:30:00+00:00,1.34246,1.34257,1.34181,1.34231
2026-07-10 11:45:00+00:00,1.34226,1.3429,1.34213,1.34261
2026-07-10 12:00:00+00:00,1.3426,1.34327,1.34184,1.34301
2026-07-10 12:15:00+00:00,1.34268,1.34358,1.34221,1.3424
2026-07-10 12:30:00+00:00,1.34247,1.34247,1.3418,1.34234
2026-07-10 12:45:00+00:00,1.34221,1.34221,1.34156,1.34198
2026-07-10 13:00:00+00:00,1.34185,1.34212,1.34117,1.34154
2026-07-10 13:15:00+00:00,1.3415,1.34165,1.34115,1.34117
2026-07-10 13:30:00+00:00,1.34119,1.34183,1.34109,1.34176
2026-07-10 13:45:00+00:00,1.34174,1.34174,1.34052,1.34072
2026-07-10 14:00:00+00:00,1.34069,1.34069,1.34016,1.34058
2026-07-10 14:15:00+00:00,1.34052,1.34134,1.34046,1.34126
2026-07-10 14:30:00+00:00,1.34126,1.34163,1.33951,1.3412
2026-07-10 14:45:00+00:00,1.34117,1.34117,1.34021,1.34099
2026-07-10 15:00:00+00:00,1.34086,1.34142,1.3408,1.34141
2026-07-10 15:15:00+00:00,1.34137,1.34205,1.34112,1.3419
2026-07-10 15:30:00+00:00,1.34192,1.34214,1.34172,1.34194
2026-07-10 15:45:00+00:00,1.34197,1.34221,1.34174,1.34219
2026-07-10 16:00:00+00:00,1.34214,1.34228,1.34187,1.34215
2026-07-10 16:15:00+00:00,1.34211,1.3424,1.3416,1.34205
2026-07-10 16:30:00+00:00,1.34202,1.34213,1.34181,1.34186
2026-07-10 16:45:00+00:00,1.34187,1.34192,1.34123,1.34152
2026-07-10 17:00:00+00:00,1.34143,1.34143,1.34045,1.34066
2026-07-10 17:15:00+00:00,1.34067,1.34087,1.34013,1.34034
2026-07-10 17:30:00+00:00,1.34026,1.34043,1.33998,1.34027
2026-07-10 17:45:00+00:00,1.34022,1.3405,1.34002,1.34014
2026-07-10 18:00:00+00:00,1.3401,1.34012,1.33984,1.33996
2026-07-10 18:15:00+00:00,1.33998,1.34011,1.33976,1.33977
2026-07-10 18:30:00+00:00,1.3398,1.34003,1.33935,1.33936
2026-07-10 18:45:00+00:00,1.33937,1.33983,1.33932,1.3397
2026-07-10 19:00:00+00:00,1.33962,1.33993,1.33951,1.33955
2026-07-10 19:15:00+00:00,1.33954,1.33983,1.33954,1.33969
2026-07-10 19:30:00+00:00,1.33971,1.33988,1.33969,1.33975
2026-07-10 19:45:00+00:00,1.33978,1.33995,1.3396,1.33993
2026-07-10 20:00:00+00:00,1.33989,1.3401,1.33976,1.33989
2026-07-10 20:15:00+00:00,1.33987,1.34005,1.33984,1.33986
2026-07-10 20:30:00+00:00,1.33987,1.3399,1.33941,1.33969
2026-07-10 20:45:00+00:00,1.33967,1.34023,1.33953,1.34021
2026-07-10 21:00:00+00:00,1.34013,1.34055,1.33968,1.33997
2026-07-10 21:15:00+00:00,1.33987,1.34007,1.33978,1.33985
2026-07-10 21:30:00+00:00,1.33987,1.34009,1.33959,1.34005
2026-07-10 21:45:00+00:00,1.34,1.34005,1.33966,1.33991
2026-07-10 22:00:00+00:00,1.33987,1.34039,1.3398,1.34002
2026-07-10 22:15:00+00:00,1.34,1.34006,1.33982,1.33998
2026-07-10 22:30:00+00:00,1.33993,1.34014,1.33982,1.33999
2026-07-10 22:45:00+00:00,1.34,1.34007,1.33982,1.33996
2026-07-10 23:00:00+00:00,1.33991,1.34036,1.33981,1.34007
2026-07-10 23:15:00+00:00,1.34002,1.34006,1.33982,1.33998
2026-07-10 23:30:00+00:00,1.33992,1.3402,1.33981,1.33997
2026-07-10 23:45:00+00:00,1.33999,1.34006,1.33987,1.34001
2026-07-11 00:00:00+00:00,1.33999,1.34022,1.33985,1.33995
2026-07-11 00:15:00+00:00,1.33992,1.33998,1.33956,1.33979
2026-07-11 00:30:00+00:00,1.33975,1.33994,1.33946,1.3395
2026-07-11 00:45:00+00:00,1.33961,1.33993,1.33934,1.3399
2026-07-11 01:00:00+00:00,1.33984,1.3401,1.33947,1.33956
2026-07-11 01:15:00+00:00,1.33954,1.34008,1.33954,1.33981
2026-07-11 01:30:00+00:00,1.33976,1.34002,1.33953,1.33963
2026-07-11 01:45:00+00:00,1.33975,1.34004,1.33946,1.33976
2026-07-11 02:00:00+00:00,1.33972,1.34002,1.33943,1.33963
2026-07-11 02:15:00+00:00,1.33965,1.34007,1.33951,1.33982
2026-07-11 02:30:00+00:00,1.33971,1.33993,1.33953,1.33962
2026-07-11 02:45:00+00:00,1.33968,1.33993,1.33936,1.33977
2026-07-11 03:00:00+00:00,1.33974,1.34017,1.33953,1.33964
2026-07-11 03:15:00+00:00,1.33967,1.34014,1.33943,1.34006
2026-07-11 03:30:00+00:00,1.33999,1.34005,1.3396,1.33987
2026-07-11 03:45:00+00:00,1.33987,1.34021,1.33931,1.3401
2026-07-11 04:00:00+00:00,1.34002,1.3402,1.33975,1.34002
2026-07-11 04:15:00+00:00,1.34,1.34027,1.33982,1.34018
2026-07-11 04:30:00+00:00,1.34015,1.34023,1.3398,1.33994
2026-07-11 04:45:00+00:00,1.33998,1.34027,1.33978,1.3402
2026-07-11 05:00:00+00:00,1.34021,1.34039,1.33989,1.3399
2026-07-11 05:15:00+00:00,1.3399,1.34001,1.33963,1.33996
2026-07-11 05:30:00+00:00,1.33994,1.33999,1.33983,1.33987
2026-07-11 05:45:00+00:00,1.33986,1.34002,1.33955,1.3398
2026-07-11 06:00:00+00:00,1.33973,1.33999,1.33973,1.3399
2026-07-11 06:15:00+00:00,1.3399,1.34,1.33967,1.33996
2026-07-11 06:30:00+00:00,1.33994,1.34011,1.33966,1.33972
2026-07-11 06:45:00+00:00,1.33977,1.34009,1.33955,1.33993
2026-07-11 07:00:00+00:00,1.33987,1.34013,1.33958,1.33961
2026-07-11 07:15:00+00:00,1.33965,1.33997,1.33958,1.33995
2026-07-11 07:30:00+00:00,1.33993,1.34012,1.33966,1.33991
2026-07-11 07:45:00+00:00,1.33987,1.34001,1.33984,1.33994
2026-07-11 08:00:00+00:00,1.33994,1.33996,1.33944,1.33952
2026-07-11 08:15:00+00:00,1.33958,1.33993,1.33951,1.33979
2026-07-11 08:30:00+00:00,1.33973,1.33983,1.33944,1.33953
2026-07-11 08:45:00+00:00,1.33955,1.33985,1.33946,1.33974
2026-07-11 09:00:00+00:00,1.33967,1.33992,1.33934,1.33957
2026-07-11 09:15:00+00:00,1.33964,1.33981,1.3395,1.33976
2026-07-11 09:30:00+00:00,1.33972,1.34011,1.33944,1.33977
2026-07-11 09:45:00+00:00,1.3398,1.34012,1.33938,1.3401
2026-07-11 10:00:00+00:00,1.34003,1.34022,1.33954,1.33963
2026-07-11 10:15:00+00:00,1.33984,1.3402,1.33973,1.34011
2026-07-11 10:30:00+00:00,1.34003,1.34039,1.33966,1.34026
2026-07-11 10:45:00+00:00,1.34017,1.3402,1.33977,1.34017
2026-07-11 11:00:00+00:00,1.34013,1.34045,1.33982,1.33988
2026-07-11 11:15:00+00:00,1.33999,1.34025,1.33965,1.3398
2026-07-11 11:30:00+00:00,1.33979,1.34005,1.33922,1.3398
2026-07-11 11:45:00+00:00,1.33977,1.33983,1.33975,1.33977
2026-07-11 12:00:00+00:00,1.33977,1.33996,1.33975,1.33986
2026-07-11 12:15:00+00:00,1.33988,1.33994,1.33986,1.3399
2026-07-11 12:30:00+00:00,1.33988,1.34,1.33986,1.33997
2026-07-11 12:45:00+00:00,1.33994,1.34006,1.33989,1.34003
2026-07-11 13:00:00+00:00,1.34001,1.34007,1.33999,1.34
2026-07-11 13:15:00+00:00,1.34001,1.34016,1.33999,1.34013
2026-07-11 13:30:00+00:00,1.3401,1.34016,1.34008,1.34013
2026-07-11 13:45:00+00:00,1.3401,1.3402,1.34008,1.34016
2026-07-11 14:00:00+00:00,1.34014,1.34025,1.34011,1.34012
2026-07-11 14:15:00+00:00,1.34013,1.34019,1.34011,1.34017
2026-07-11 14:30:00+00:00,1.34013,1.34022,1.3401,1.3402
2026-07-11 14:45:00+00:00,1.34017,1.34023,1.34015,1.34019
2026-07-11 15:00:00+00:00,1.34017,1.34024,1.34016,1.34017
2026-07-11 15:15:00+00:00,1.34018,1.34026,1.34016,1.34024
2026-07-11 15:30:00+00:00,1.3402,1.34026,1.34018,1.34023
2026-07-11 15:45:00+00:00,1.3402,1.34028,1.34018,1.34025
2026-07-11 16:00:00+00:00,1.34022,1.3403,1.34011,1.34012
2026-07-11 16:15:00+00:00,1.34015,1.34024,1.34011,1.34017
2026-07-11 16:30:00+00:00,1.34018,1.34025,1.34016,1.34019
2026-07-11 16:45:00+00:00,1.34018,1.34029,1.34009,1.34011
2026-07-11 17:00:00+00:00,1.34013,1.34022,1.33914,1.33926
2026-07-11 17:15:00+00:00,1.33947,1.33953,1.33945,1.33946
2026-07-11 17:30:00+00:00,1.33947,1.33971,1.33945,1.33966
2026-07-11 17:45:00+00:00,1.33964,1.33975,1.33962,1.33972
2026-07-11 18:00:00+00:00,1.33961,1.33984,1.33961,1.33978
2026-07-11 18:15:00+00:00,1.33977,1.34003,1.33975,1.33996
2026-07-11 18:30:00+00:00,1.33997,1.34004,1.33995,1.34
2026-07-11 18:45:00+00:00,1.33997,1.3401,1.33991,1.33998
2026-07-11 19:00:00+00:00,1.33999,1.34015,1.33997,1.34012
2026-07-11 19:15:00+00:00,1.34009,1.34019,1.34009,1.34012
2026-07-11 19:30:00+00:00,1.34013,1.34022,1.34011,1.34019
2026-07-11 19:45:00+00:00,1.34016,1.34022,1.34014,1.34019
2026-07-11 20:00:00+00:00,1.34016,1.34026,1.34015,1.34019
2026-07-11 20:15:00+00:00,1.34018,1.34025,1.34016,1.34016
2026-07-11 20:30:00+00:00,1.34018,1.34026,1.34018,1.3402
2026-07-11 20:45:00+00:00,1.3402,1.34026,1.34018,1.34025
2026-07-11 21:00:00+00:00,1.34022,1.34028,1.3402,1.34024
2026-07-11 21:15:00+00:00,1.34022,1.3403,1.34022,1.34023
2026-07-11 21:30:00+00:00,1.34024,1.34034,1.34022,1.34028
2026-07-11 21:45:00+00:00,1.34028,1.34034,1.34021,1.3403
2026-07-11 22:00:00+00:00,1.34027,1.34034,1.34026,1.34031
2026-07-11 22:15:00+00:00,1.34028,1.34034,1.34026,1.34028
2026-07-11 22:30:00+00:00,1.34028,1.34034,1.34026,1.34027
2026-07-11 22:45:00+00:00,1.34028,1.34034,1.34026,1.3403
2026-07-11 23:00:00+00:00,1.34028,1.34034,1.34026,1.34031
2026-07-11 23:15:00+00:00,1.34028,1.34035,1.34021,1.34025
2026-07-11 23:30:00+00:00,1.34023,1.34032,1.34023,1.34025
2026-07-11 23:45:00+00:00,1.34026,1.34033,1.34024,1.3403
2026-07-12 00:00:00+00:00,1.34027,1.34033,1.34022,1.34027
2026-07-12 00:15:00+00:00,1.34024,1.34031,1.34022,1.34025
2026-07-12 00:30:00+00:00,1.34024,1.34033,1.34019,1.34027
2026-07-12 00:45:00+00:00,1.34028,1.34033,1.34025,1.3403
2026-07-12 01:00:00+00:00,1.34027,1.34035,1.34021,1.34028
2026-07-12 01:15:00+00:00,1.34025,1.34028,1.3402,1.34023
2026-07-12 01:30:00+00:00,1.34022,1.3403,1.34021,1.34023
2026-07-12 01:45:00+00:00,1.34024,1.34032,1.34022,1.3403
2026-07-12 02:00:00+00:00,1.34026,1.34032,1.34025,1.34029
2026-07-12 02:15:00+00:00,1.34026,1.34033,1.34024,1.34029
2026-07-12 02:30:00+00:00,1.34027,1.34032,1.34022,1.34027
2026-07-12 02:45:00+00:00,1.34027,1.34032,1.3402,1.34022
2026-07-12 03:00:00+00:00,1.34022,1.34028,1.3402,1.34026
2026-07-12 03:15:00+00:00,1.34024,1.3403,1.3402,1.34023
2026-07-12 03:30:00+00:00,1.34021,1.34031,1.3402,1.34024
2026-07-12 03:45:00+00:00,1.34025,1.34031,1.34023,1.34024
2026-07-12 04:00:00+00:00,1.34025,1.34032,1.34024,1.34028
2026-07-12 04:15:00+00:00,1.34026,1.34032,1.3402,1.34025
2026-07-12 04:30:00+00:00,1.34023,1.3403,1.34021,1.34024
2026-07-12 04:45:00+00:00,1.34024,1.34031,1.34022,1.34024
2026-07-12 05:00:00+00:00,1.34025,1.34031,1.34023,1.34027
2026-07-12 05:15:00+00:00,1.34025,1.34032,1.34022,1.34029
2026-07-12 05:30:00+00:00,1.34026,1.34031,1.34023,1.34028
2026-07-12 05:45:00+00:00,1.34026,1.34032,1.34024,1.34025
2026-07-12 06:00:00+00:00,1.34026,1.34034,1.3402,1.34025
2026-07-12 06:15:00+00:00,1.34023,1.34029,1.34021,1.34026
2026-07-12 06:30:00+00:00,1.34023,1.3403,1.34022,1.34025
2026-07-12 06:45:00+00:00,1.34024,1.34031,1.34022,1.34024
2026-07-12 07:00:00+00:00,1.34025,1.34031,1.34023,1.34028
2026-07-12 07:15:00+00:00,1.34025,1.34032,1.34023,1.34029
2026-07-12 07:30:00+00:00,1.34026,1.34034,1.34024,1.3403
2026-07-12 07:45:00+00:00,1.34028,1.34031,1.3402,1.34022
2026-07-12 08:00:00+00:00,1.34023,1.3403,1.34021,1.34024
2026-07-12 08:15:00+00:00,1.34024,1.3403,1.3402,1.34024
2026-07-12 08:30:00+00:00,1.34021,1.34029,1.34019,1.34025
2026-07-12 08:45:00+00:00,1.34023,1.34029,1.34021,1.34022
2026-07-12 09:00:00+00:00,1.34023,1.3403,1.34022,1.34024
2026-07-12 09:15:00+00:00,1.34024,1.34032,1.3402,1.34024
2026-07-12 09:30:00+00:00,1.34022,1.34028,1.3402,1.34024
2026-07-12 09:45:00+00:00,1.34022,1.34029,1.3402,1.34023
2026-07-12 10:00:00+00:00,1.34023,1.34029,1.34021,1.34023
2026-07-12 10:15:00+00:00,1.34023,1.34029,1.34022,1.34025
2026-07-12 10:30:00+00:00,1.34023,1.34029,1.34021,1.34026
2026-07-12 10:45:00+00:00,1.34023,1.34029,1.34021,1.34025
2026-07-12 11:00:00+00:00,1.34023,1.34029,1.34021,1.34023
2026-07-12 11:15:00+00:00,1.34023,1.34029,1.34021,1.34025
2026-07-12 11:30:00+00:00,1.34023,1.34029,1.3402,1.34025
2026-07-12 11:45:00+00:00,1.34022,1.34028,1.34018,1.34019
2026-07-12 12:00:00+00:00,1.34019,1.34025,1.34017,1.34017
2026-07-12 12:15:00+00:00,1.34018,1.34024,1.34016,1.34021
2026-07-12 12:30:00+00:00,1.34018,1.34024,1.34014,1.34019
2026-07-12 12:45:00+00:00,1.34016,1.34022,1.34014,1.34017
2026-07-12 13:00:00+00:00,1.34016,1.34022,1.34014,1.34015
2026-07-12 13:15:00+00:00,1.34016,1.3403,1.34014,1.34023
2026-07-12 13:30:00+00:00,1.34023,1.34029,1.34021,1.34026
2026-07-12 13:45:00+00:00,1.34023,1.34029,1.34019,1.34023
2026-07-12 14:00:00+00:00,1.34021,1.34076,1.3391,1.33918
2026-07-12 14:15:00+00:00,1.33934,1.3394,1.33932,1.33934
2026-07-12 14:30:00+00:00,1.33934,1.33958,1.33917,1.33953
2026-07-12 14:45:00+00:00,1.3395,1.33965,1.33948,1.33961
2026-07-12 15:00:00+00:00,1.33959,1.33968,1.33924,1.3395
2026-07-12 15:15:00+00:00,1.33951,1.33969,1.33937,1.33963
2026-07-12 15:30:00+00:00,1.33963,1.33969,1.33962,1.33966
2026-07-12 15:45:00+00:00,1.33963,1.34005,1.3391,1.33932
2026-07-12 16:00:00+00:00,1.3393,1.33998,1.33928,1.33987
2026-07-12 16:15:00+00:00,1.33987,1.33998,1.33986,1.33992
2026-07-12 16:30:00+00:00,1.33992,1.34029,1.3399,1.34025
2026-07-12 16:45:00+00:00,1.34015,1.34043,1.34015,1.3404
2026-07-12 17:00:00+00:00,1.34037,1.34048,1.33984,1.34028
2026-07-12 17:15:00+00:00,1.34028,1.3407,1.34018,1.34046
2026-07-12 17:30:00+00:00,1.34051,1.34078,1.34051,1.34059
2026-07-12 17:45:00+00:00,1.34062,1.34075,1.34043,1.3406
2026-07-12 18:00:00+00:00,1.34057,1.34108,1.33916,1.3396
2026-07-12 18:15:00+00:00,1.33956,1.34047,1.33932,1.34044
2026-07-12 18:30:00+00:00,1.3404,1.34049,1.34019,1.34048
2026-07-12 18:45:00+00:00,1.34045,1.34049,1.34024,1.34039
2026-07-12 19:00:00+00:00,1.34035,1.34062,1.33903,1.33959
2026-07-12 19:15:00+00:00,1.33952,1.3398,1.33899,1.33921
2026-07-12 19:30:00+00:00,1.3393,1.33994,1.33878,1.33968
2026-07-12 19:45:00+00:00,1.33951,1.33993,1.33878,1.33887
2026-07-12 20:00:00+00:00,1.33894,1.34003,1.33876,1.33991
2026-07-12 20:15:00+00:00,1.33971,1.33978,1.33897,1.33932
2026-07-12 20:30:00+00:00,1.3394,1.34005,1.33894,1.33973
2026-07-12 20:45:00+00:00,1.33975,1.33993,1.33917,1.33965
2026-07-12 21:00:00+00:00,1.3396,1.3396,1.33887,1.33928
2026-07-12 21:15:00+00:00,1.33919,1.33939,1.33887,1.33896
2026-07-12 21:30:00+00:00,1.33903,1.33946,1.33869,1.33878
2026-07-12 21:45:00+00:00,1.33877,1.33878,1.3386,1.3387
2026-07-12 22:00:00+00:00,1.33871,1.3388,1.33704,1.33746
2026-07-12 22:15:00+00:00,1.33747,1.33792,1.33711,1.3379
2026-07-12 22:30:00+00:00,1.33787,1.33796,1.33751,1.33752
2026-07-12 22:45:00+00:00,1.33754,1.33772,1.33746,1.33756
2026-07-12 23:00:00+00:00,1.33754,1.33764,1.33728,1.33743
2026-07-12 23:15:00+00:00,1.3373,1.33779,1.3373,1.33756
2026-07-12 23:30:00+00:00,1.33756,1.33797,1.33756,1.33795
2026-07-12 23:45:00+00:00,1.33792,1.33863,1.33767,1.33859
2026-07-13 00:00:00+00:00,1.33851,1.33863,1.33837,1.33843
2026-07-13 00:15:00+00:00,1.3384,1.33867,1.33797,1.33846
2026-07-13 00:30:00+00:00,1.33844,1.33844,1.33779,1.33789
2026-07-13 00:45:00+00:00,1.33789,1.33805,1.33755,1.33772
2026-07-13 01:00:00+00:00,1.3377,1.3377,1.3371,1.33734
2026-07-13 01:15:00+00:00,1.3373,1.33752,1.33686,1.33717
2026-07-13 01:30:00+00:00,1.33713,1.33799,1.33713,1.33798
2026-07-13 01:45:00+00:00,1.33796,1.33837,1.33773,1.33823
2026-07-13 02:00:00+00:00,1.33809,1.33838,1.3377,1.338
2026-07-13 02:15:00+00:00,1.33798,1.33809,1.33783,1.33789
2026-07-13 02:30:00+00:00,1.33787,1.33839,1.33785,1.33829
2026-07-13 02:45:00+00:00,1.3383,1.33842,1.33781,1.33786
2026-07-13 03:00:00+00:00,1.33785,1.33787,1.33715,1.33733
2026-07-13 03:15:00+00:00,1.33725,1.33772,1.33725,1.33759
2026-07-13 03:30:00+00:00,1.33754,1.33779,1.33752,1.33778
2026-07-13 03:45:00+00:00,1.33775,1.33797,1.33767,1.33777
2026-07-13 04:00:00+00:00,1.3378,1.33785,1.33755,1.33777
2026-07-13 04:15:00+00:00,1.33772,1.33803,1.33772,1.33798
2026-07-13 04:30:00+00:00,1.33793,1.33825,1.33787,1.33804
2026-07-13 04:45:00+00:00,1.33806,1.33854,1.33794,1.33851
2026-07-13 05:00:00+00:00,1.33847,1.33878,1.33838,1.33878
2026-07-13 05:15:00+00:00,1.33876,1.33876,1.33797,1.33805
2026-07-13 05:30:00+00:00,1.33802,1.33835,1.33794,1.33802
2026-07-13 05:45:00+00:00,1.33804,1.33844,1.33785,1.33798
2026-07-13 06:00:00+00:00,1.33798,1.33808,1.33778,1.3379
2026-07-13 06:15:00+00:00,1.33792,1.33882,1.33785,1.33879
2026-07-13 06:30:00+00:00,1.33874,1.33922,1.33865,1.33872
2026-07-13 06:45:00+00:00,1.33883,1.33883,1.33754,1.33769
2026-07-13 07:00:00+00:00,1.33774,1.33881,1.33774,1.33856
2026-07-13 07:15:00+00:00,1.3386,1.33876,1.3382,1.33872
2026-07-13 07:30:00+00:00,1.33868,1.33917,1.33794,1.33871
2026-07-13 07:45:00+00:00,1.33876,1.33955,1.33846,1.33927
2026-07-13 08:00:00+00:00,1.33929,1.34068,1.33929,1.34052
2026-07-13 08:15:00+00:00,1.34054,1.34122,1.33993,1.33998
2026-07-13 08:30:00+00:00,1.34007,1.34021,1.33978,1.33994
2026-07-13 08:45:00+00:00,1.33991,1.34016,1.33953,1.3396
2026-07-13 09:00:00+00:00,1.3397,1.3397,1.33915,1.33916
2026-07-13 09:15:00+00:00,1.33921,1.33941,1.33856,1.33879
2026-07-13 09:30:00+00:00,1.33856,1.3395,1.33856,1.33904
2026-07-13 09:45:00+00:00,1.33898,1.33921,1.33875,1.33904
2026-07-13 10:00:00+00:00,1.33906,1.33937,1.33897,1.33899
2026-07-13 10:15:00+00:00,1.33903,1.33934,1.33827,1.33829
2026-07-13 10:30:00+00:00,1.33833,1.33879,1.33823,1.33877
2026-07-13 10:45:00+00:00,1.33874,1.33972,1.33865,1.33966
2026-07-13 11:00:00+00:00,1.33956,1.34023,1.3393,1.33955
2026-07-13 11:15:00+00:00,1.33951,1.33962,1.33859,1.33927
2026-07-13 11:30:00+00:00,1.33926,1.33953,1.33903,1.33951
2026-07-13 11:45:00+00:00,1.33947,1.33971,1.33926,1.3393
2026-07-13 12:00:00+00:00,1.33937,1.33958,1.3384,1.33844
2026-07-13 12:15:00+00:00,1.33853,1.33912,1.33853,1.33876
2026-07-13 12:30:00+00:00,1.3388,1.33964,1.3388,1.33958
2026-07-13 12:45:00+00:00,1.33953,1.33975,1.33915,1.3397
2026-07-13 13:00:00+00:00,1.33958,1.34011,1.3391,1.33925
2026-07-13 13:15:00+00:00,1.3393,1.33987,1.33928,1.33957
2026-07-13 13:30:00+00:00,1.33949,1.33985,1.3386,1.33864
2026-07-13 13:45:00+00:00,1.33868,1.33903,1.33848,1.33896
2026-07-13 14:00:00+00:00,1.33888,1.33888,1.33794,1.33799
2026-07-13 14:15:00+00:00,1.33803,1.33905,1.33634,1.33765
2026-07-13 14:30:00+00:00,1.3377,1.33799,1.33688,1.33705
2026-07-13 14:45:00+00:00,1.33693,1.33797,1.3367,1.33757
2026-07-13 15:00:00+00:00,1.33746,1.33795,1.33735,1.33739
2026-07-13 15:15:00+00:00,1.33745,1.33791,1.33708,1.33773
2026-07-13 15:30:00+00:00,1.33779,1.33801,1.33753,1.338
2026-07-13 15:45:00+00:00,1.33798,1.33822,1.33759,1.33819
2026-07-13 16:00:00+00:00,1.33816,1.33842,1.338,1.33824
2026-07-13 16:15:00+00:00,1.33824,1.3383,1.33728,1.33733
2026-07-13 16:30:00+00:00,1.33738,1.33744,1.33584,1.33663
2026-07-13 16:45:00+00:00,1.3366,1.33703,1.33583,1.33632
2026-07-13 17:00:00+00:00,1.33624,1.33665,1.336,1.33631
2026-07-13 17:15:00+00:00,1.33634,1.33642,1.33602,1.33619
2026-07-13 17:30:00+00:00,1.33616,1.33624,1.33577,1.33609
2026-07-13 17:45:00+00:00,1.33603,1.33631,1.33581,1.33592
2026-07-13 18:00:00+00:00,1.33589,1.3361,1.33558,1.33575
2026-07-13 18:15:00+00:00,1.33567,1.33584,1.3355,1.33582
2026-07-13 18:30:00+00:00,1.33579,1.33611,1.33572,1.336
2026-07-13 18:45:00+00:00,1.33601,1.33609,1.33586,1.33594
2026-07-13 19:00:00+00:00,1.33595,1.33617,1.33531,1.33546
2026-07-13 19:15:00+00:00,1.33543,1.33556,1.33526,1.33547
2026-07-13 19:30:00+00:00,1.33548,1.33552,1.3352,1.33537
2026-07-13 19:45:00+00:00,1.33539,1.33545,1.33524,1.33535
2026-07-13 20:00:00+00:00,1.33529,1.33565,1.33495,1.33496
2026-07-13 20:15:00+00:00,1.33497,1.33513,1.33433,1.33443
2026-07-13 20:30:00+00:00,1.33445,1.33464,1.33428,1.3346
2026-07-13 20:45:00+00:00,1.33454,1.33465,1.33442,1.33464
2026-07-13 21:00:00+00:00,1.33458,1.33588,1.33408,1.33561
2026-07-13 21:15:00+00:00,1.3354,1.33572,1.33437,1.33564
2026-07-13 21:30:00+00:00,1.33554,1.33554,1.33481,1.3352
2026-07-13 21:45:00+00:00,1.33515,1.33517,1.33485,1.33491
2026-07-13 22:00:00+00:00,1.33488,1.33529,1.33467,1.33488
2026-07-13 22:15:00+00:00,1.33485,1.33517,1.33484,1.33515
2026-07-13 22:30:00+00:00,1.33512,1.33534,1.33496,1.33526
2026-07-13 22:45:00+00:00,1.33515,1.33535,1.33483,1.33484
2026-07-13 23:00:00+00:00,1.33486,1.33502,1.3348,1.33498
2026-07-13 23:15:00+00:00,1.33496,1.33496,1.33465,1.33481
2026-07-13 23:30:00+00:00,1.33481,1.33514,1.33476,1.33507
2026-07-13 23:45:00+00:00,1.33507,1.3351,1.33467,1.33492
2026-07-14 00:00:00+00:00,1.33483,1.33529,1.33478,1.33512
2026-07-14 00:15:00+00:00,1.33513,1.33523,1.33435,1.33448
2026-07-14 00:30:00+00:00,1.33446,1.33515,1.33443,1.33501
2026-07-14 00:45:00+00:00,1.33506,1.33568,1.33503,1.33541
2026-07-14 01:00:00+00:00,1.33545,1.33549,1.33515,1.33531
2026-07-14 01:15:00+00:00,1.33528,1.33576,1.33526,1.33533
2026-07-14 01:30:00+00:00,1.33538,1.33544,1.33518,1.33542
2026-07-14 01:45:00+00:00,1.33539,1.33568,1.33538,1.33565
2026-07-14 02:00:00+00:00,1.33561,1.33583,1.3355,1.33578
2026-07-14 02:15:00+00:00,1.33574,1.33596,1.33572,1.33592
2026-07-14 02:30:00+00:00,1.33587,1.33601,1.33577,1.33593
2026-07-14 02:45:00+00:00,1.33593,1.33596,1.33572,1.33575
2026-07-14 03:00:00+00:00,1.33575,1.33591,1.33551,1.3359
2026-07-14 03:15:00+00:00,1.33588,1.3359,1.33551,1.33587
2026-07-14 03:30:00+00:00,1.33583,1.33638,1.33583,1.33609
2026-07-14 03:45:00+00:00,1.33612,1.33631,1.33611,1.33611
2026-07-14 04:00:00+00:00,1.33612,1.33627,1.33583,1.33598
2026-07-14 04:15:00+00:00,1.3359,1.33624,1.3359,1.33612
2026-07-14 04:30:00+00:00,1.33609,1.33622,1.33599,1.33611
2026-07-14 04:45:00+00:00,1.3361,1.33613,1.33568,1.33595
2026-07-14 05:00:00+00:00,1.33589,1.33624,1.33589,1.33616
2026-07-14 05:15:00+00:00,1.33616,1.33664,1.33616,1.3366
2026-07-14 05:30:00+00:00,1.33656,1.33697,1.33651,1.33683
2026-07-14 05:45:00+00:00,1.33678,1.33686,1.33633,1.33634
2026-07-14 06:00:00+00:00,1.33636,1.3365,1.33601,1.33602
2026-07-14 06:15:00+00:00,1.33604,1.33604,1.33535,1.33551
2026-07-14 06:30:00+00:00,1.3355,1.33618,1.3353,1.33581
2026-07-14 06:45:00+00:00,1.3358,1.33581,1.3354,1.33578
2026-07-14 07:00:00+00:00,1.33575,1.33609,1.33524,1.33534
2026-07-14 07:15:00+00:00,1.33533,1.33596,1.33513,1.33595
2026-07-14 07:30:00+00:00,1.33589,1.33631,1.33554,1.33602
2026-07-14 07:45:00+00:00,1.33598,1.33656,1.33572,1.33579
2026-07-14 08:00:00+00:00,1.33576,1.33606,1.33548,1.33596
2026-07-14 08:15:00+00:00,1.3359,1.3362,1.33559,1.33618
2026-07-14 08:30:00+00:00,1.33615,1.3374,1.3359,1.33738
2026-07-14 08:45:00+00:00,1.3373,1.33765,1.33725,1.33741
2026-07-14 09:00:00+00:00,1.33744,1.33807,1.33733,1.33797
2026-07-14 09:15:00+00:00,1.33787,1.33804,1.33752,1.33797
2026-07-14 09:30:00+00:00,1.33792,1.33805,1.33753,1.33757
2026-07-14 09:45:00+00:00,1.33764,1.33835,1.33751,1.33801
2026-07-14 10:00:00+00:00,1.33801,1.33826,1.33777,1.33777
2026-07-14 10:15:00+00:00,1.33777,1.33794,1.33754,1.33769
2026-07-14 10:30:00+00:00,1.33766,1.33783,1.33754,1.33766
2026-07-14 10:45:00+00:00,1.33757,1.33775,1.33706,1.33709
2026-07-14 11:00:00+00:00,1.33715,1.33727,1.33669,1.33722
2026-07-14 11:15:00+00:00,1.33716,1.33777,1.33711,1.33767
2026-07-14 11:30:00+00:00,1.33766,1.33804,1.33764,1.3379
2026-07-14 11:45:00+00:00,1.33787,1.33873,1.33771,1.33838
2026-07-14 12:00:00+00:00,1.33839,1.33869,1.33828,1.33839
2026-07-14 12:15:00+00:00,1.33846,1.33899,1.33814,1.33884
2026-07-14 12:30:00+00:00,1.33886,1.34382,1.33885,1.34303
2026-07-14 12:45:00+00:00,1.34286,1.34376,1.34048,1.34049
2026-07-14 13:00:00+00:00,1.3405,1.34174,1.34028,1.34038
2026-07-14 13:15:00+00:00,1.34051,1.34113,1.33986,1.34052
2026-07-14 13:30:00+00:00,1.34046,1.3414,1.34016,1.34102
2026-07-14 13:45:00+00:00,1.34099,1.34187,1.34099,1.34185
2026-07-14 14:00:00+00:00,1.34182,1.34226,1.34147,1.34178
2026-07-14 14:15:00+00:00,1.3418,1.34196,1.34043,1.34048
2026-07-14 14:30:00+00:00,1.34054,1.34133,1.33964,1.34086
2026-07-14 14:45:00+00:00,1.34082,1.34118,1.34046,1.34077
2026-07-14 15:00:00+00:00,1.34071,1.34106,1.34016,1.34072
2026-07-14 15:15:00+00:00,1.34067,1.34094,1.33951,1.33976
2026-07-14 15:30:00+00:00,1.33969,1.33982,1.33846,1.3387
2026-07-14 15:45:00+00:00,1.33867,1.33922,1.33813,1.33842
2026-07-14 16:00:00+00:00,1.33833,1.3384,1.33755,1.33839
2026-07-14 16:15:00+00:00,1.33837,1.33864,1.33796,1.33858
2026-07-14 16:30:00+00:00,1.3385,1.33931,1.3385,1.33886
2026-07-14 16:45:00+00:00,1.33887,1.33908,1.33853,1.33907
2026-07-14 17:00:00+00:00,1.33903,1.33906,1.33775,1.33781
2026-07-14 17:15:00+00:00,1.33791,1.33791,1.33688,1.33765
2026-07-14 17:30:00+00:00,1.33766,1.33803,1.33749,1.33787
2026-07-14 17:45:00+00:00,1.33789,1.33829,1.33773,1.33779
2026-07-14 18:00:00+00:00,1.33788,1.33824,1.3377,1.3382
2026-07-14 18:15:00+00:00,1.33811,1.33843,1.33801,1.33805
2026-07-14 18:30:00+00:00,1.33807,1.33828,1.33722,1.33737
2026-07-14 18:45:00+00:00,1.33732,1.33821,1.33732,1.33815
2026-07-14 19:00:00+00:00,1.33798,1.33856,1.33798,1.33854
2026-07-14 19:15:00+00:00,1.33848,1.33878,1.33837,1.33865
2026-07-14 19:30:00+00:00,1.33867,1.33884,1.33835,1.33872
2026-07-14 19:45:00+00:00,1.33864,1.33917,1.33864,1.33902
2026-07-14 20:00:00+00:00,1.339,1.33903,1.33864,1.339
2026-07-14 20:15:00+00:00,1.33898,1.33898,1.33878,1.33879
2026-07-14 20:30:00+00:00,1.3388,1.33902,1.3387,1.33895
2026-07-14 20:45:00+00:00,1.33894,1.33923,1.33887,1.33916
2026-07-14 21:00:00+00:00,1.33914,1.33964,1.33819,1.33822
2026-07-14 21:15:00+00:00,1.33825,1.33937,1.33784,1.33892
2026-07-14 21:30:00+00:00,1.33902,1.33902,1.33872,1.33885
2026-07-14 21:45:00+00:00,1.33886,1.33896,1.33854,1.33888
2026-07-14 22:00:00+00:00,1.33887,1.3391,1.33869,1.33897
2026-07-14 22:15:00+00:00,1.33889,1.33943,1.33889,1.33941
2026-07-14 22:30:00+00:00,1.33938,1.33947,1.33923,1.33933
2026-07-14 22:45:00+00:00,1.33928,1.33933,1.33901,1.33912
2026-07-14 23:00:00+00:00,1.33908,1.33936,1.33897,1.33934
2026-07-14 23:15:00+00:00,1.33931,1.33941,1.33922,1.33932
2026-07-14 23:30:00+00:00,1.33931,1.33967,1.33931,1.33958
2026-07-14 23:45:00+00:00,1.3396,1.33971,1.33954,1.33969
2026-07-15 00:00:00+00:00,1.33968,1.33976,1.33951,1.33962
2026-07-15 00:15:00+00:00,1.33959,1.34,1.33954,1.33998
2026-07-15 00:30:00+00:00,1.33995,1.33998,1.33955,1.33955
2026-07-15 00:45:00+00:00,1.33956,1.34043,1.33955,1.34042
2026-07-15 01:00:00+00:00,1.34039,1.34051,1.34016,1.3405
2026-07-15 01:15:00+00:00,1.34046,1.34057,1.3402,1.34034
2026-07-15 01:30:00+00:00,1.34033,1.34035,1.33998,1.34
2026-07-15 01:45:00+00:00,1.34004,1.34029,1.34,1.34025
2026-07-15 02:00:00+00:00,1.3402,1.34053,1.34014,1.34047
2026-07-15 02:15:00+00:00,1.34044,1.34044,1.33999,1.34027
2026-07-15 02:30:00+00:00,1.34025,1.34099,1.34019,1.34093
2026-07-15 02:45:00+00:00,1.34083,1.34086,1.34059,1.34074
2026-07-15 03:00:00+00:00,1.34074,1.34091,1.34041,1.34054
2026-07-15 03:15:00+00:00,1.34052,1.34052,1.3399,1.3401
2026-07-15 03:30:00+00:00,1.34007,1.34028,1.34003,1.34004
2026-07-15 03:45:00+00:00,1.34005,1.34053,1.33997,1.34041
2026-07-15 04:00:00+00:00,1.34042,1.34053,1.34025,1.34032
2026-07-15 04:15:00+00:00,1.3403,1.34052,1.34028,1.34049
2026-07-15 04:30:00+00:00,1.34046,1.34058,1.34036,1.34036
2026-07-15 04:45:00+00:00,1.34036,1.34055,1.34032,1.34032
2026-07-15 05:00:00+00:00,1.34033,1.34037,1.34011,1.34029
2026-07-15 05:15:00+00:00,1.34022,1.3406,1.34022,1.34051
2026-07-15 05:30:00+00:00,1.34049,1.34108,1.34039,1.34106
2026-07-15 05:45:00+00:00,1.34102,1.34148,1.34102,1.34122
2026-07-15 06:00:00+00:00,1.34123,1.34171,1.34108,1.34169
2026-07-15 06:15:00+00:00,1.34163,1.34199,1.3416,1.34185
2026-07-15 06:30:00+00:00,1.34187,1.3419,1.34116,1.34154
2026-07-15 06:45:00+00:00,1.34141,1.34192,1.34131,1.34154
2026-07-15 07:00:00+00:00,1.34162,1.34203,1.34077,1.34173
2026-07-15 07:15:00+00:00,1.34178,1.34178,1.3403,1.34074
2026-07-15 07:30:00+00:00,1.34065,1.3412,1.34048,1.34076
2026-07-15 07:45:00+00:00,1.34071,1.34071,1.34027,1.3403
2026-07-15 08:00:00+00:00,1.34029,1.34068,1.33984,1.33986
2026-07-15 08:15:00+00:00,1.3399,1.33997,1.33954,1.33994
2026-07-15 08:30:00+00:00,1.33982,1.34018,1.33953,1.33955
2026-07-15 08:45:00+00:00,1.33956,1.33964,1.33917,1.3396
2026-07-15 09:00:00+00:00,1.33953,1.33986,1.33941,1.33984
2026-07-15 09:15:00+00:00,1.33981,1.33995,1.33937,1.3394
2026-07-15 09:30:00+00:00,1.33943,1.33968,1.33892,1.33927
2026-07-15 09:45:00+00:00,1.33924,1.33939,1.33899,1.3392
2026-07-15 10:00:00+00:00,1.33923,1.33925,1.33853,1.33868
2026-07-15 10:15:00+00:00,1.33866,1.33894,1.33806,1.33823
2026-07-15 10:30:00+00:00,1.33818,1.33882,1.33818,1.33868
2026-07-15 10:45:00+00:00,1.3386,1.34,1.33856,1.33997
2026-07-15 11:00:00+00:00,1.33989,1.34017,1.3397,1.33994
2026-07-15 11:15:00+00:00,1.33996,1.34006,1.33959,1.33967
2026-07-15 11:30:00+00:00,1.33969,1.34041,1.33969,1.34039
2026-07-15 11:45:00+00:00,1.34036,1.34144,1.34018,1.3414
2026-07-15 12:00:00+00:00,1.34131,1.3414,1.34032,1.34083
2026-07-15 12:15:00+00:00,1.34069,1.3412,1.34066,1.34068
2026-07-15 12:30:00+00:00,1.34072,1.34208,1.34072,1.34204
2026-07-15 12:45:00+00:00,1.34193,1.34306,1.34183,1.34301
2026-07-15 13:00:00+00:00,1.34289,1.34354,1.34262,1.34287
2026-07-15 13:15:00+00:00,1.34284,1.34333,1.34225,1.34228
2026-07-15 13:30:00+00:00,1.34236,1.34334,1.34236,1.34332
2026-07-15 13:45:00+00:00,1.34328,1.34483,1.34311,1.34479
2026-07-15 14:00:00+00:00,1.3447,1.3447,1.34375,1.34429
2026-07-15 14:15:00+00:00,1.3443,1.34477,1.34411,1.34416
2026-07-15 14:30:00+00:00,1.34428,1.34646,1.34428,1.34638
2026-07-15 14:45:00+00:00,1.34616,1.34813,1.34616,1.34798
2026-07-15 15:00:00+00:00,1.34799,1.34807,1.34775,1.34805
2026-07-15 15:15:00+00:00,1.34801,1.34864,1.34716,1.34859
2026-07-15 15:30:00+00:00,1.34853,1.34912,1.34845,1.3491
2026-07-15 15:45:00+00:00,1.34905,1.34975,1.34905,1.34957
2026-07-15 16:00:00+00:00,1.34954,1.35,1.3494,1.34995
2026-07-15 16:15:00+00:00,1.34993,1.35117,1.34957,1.35089
2026-07-15 16:30:00+00:00,1.35094,1.35141,1.35082,1.35095
2026-07-15 16:45:00+00:00,1.35101,1.3528,1.35069,1.35236
2026-07-15 17:00:00+00:00,1.35233,1.35421,1.35232,1.35354
2026-07-15 17:15:00+00:00,1.35379,1.35379,1.35303,1.35316
2026-07-15 17:30:00+00:00,1.35318,1.35452,1.35305,1.35443
2026-07-15 17:45:00+00:00,1.35442,1.35492,1.35411,1.35485
2026-07-15 18:00:00+00:00,1.35481,1.35545,1.35476,1.35517
2026-07-15 18:15:00+00:00,1.35533,1.35583,1.35496,1.35541
2026-07-15 18:30:00+00:00,1.35542,1.3556,1.35457,1.35459
2026-07-15 18:45:00+00:00,1.35463,1.35463,1.35373,1.35376
2026-07-15 19:00:00+00:00,1.35379,1.35446,1.35306,1.35431
2026-07-15 19:15:00+00:00,1.35428,1.35429,1.35363,1.35377
2026-07-15 19:30:00+00:00,1.35377,1.35389,1.35289,1.35307
2026-07-15 19:45:00+00:00,1.35307,1.35349,1.35298,1.35347
2026-07-15 20:00:00+00:00,1.35344,1.35369,1.35325,1.35353
2026-07-15 20:15:00+00:00,1.35351,1.35394,1.35351,1.35378
2026-07-15 20:30:00+00:00,1.3538,1.35387,1.3536,1.35365
2026-07-15 20:45:00+00:00,1.35364,1.35395,1.35353,1.35393
2026-07-15 21:00:00+00:00,1.35385,1.3546,1.3521,1.35376
2026-07-15 21:15:00+00:00,1.35368,1.35377,1.35343,1.35363
2026-07-15 21:30:00+00:00,1.3536,1.35375,1.35357,1.35367
2026-07-15 21:45:00+00:00,1.35368,1.35384,1.35331,1.35374
2026-07-15 22:00:00+00:00,1.35351,1.35417,1.35351,1.35404
2026-07-15 22:15:00+00:00,1.35401,1.35418,1.35401,1.35416
2026-07-15 22:30:00+00:00,1.35413,1.35425,1.35406,1.35411
2026-07-15 22:45:00+00:00,1.35412,1.35415,1.35378,1.35381
2026-07-15 23:00:00+00:00,1.35379,1.35406,1.35289,1.35393
2026-07-15 23:15:00+00:00,1.35389,1.35416,1.35386,1.35413
2026-07-15 23:30:00+00:00,1.35412,1.35431,1.35399,1.35427
2026-07-15 23:45:00+00:00,1.35422,1.35439,1.35399,1.3541
2026-07-16 00:00:00+00:00,1.35408,1.3544,1.35378,1.35439
2026-07-16 00:15:00+00:00,1.35435,1.35448,1.35386,1.35394
2026-07-16 00:30:00+00:00,1.35396,1.35396,1.35316,1.3532
2026-07-16 00:45:00+00:00,1.35324,1.35347,1.35287,1.35344
2026-07-16 01:00:00+00:00,1.35339,1.35352,1.35322,1.35326
2026-07-16 01:15:00+00:00,1.35323,1.35342,1.3528,1.35301
2026-07-16 01:30:00+00:00,1.35307,1.35307,1.35267,1.35281
2026-07-16 01:45:00+00:00,1.35282,1.35291,1.35265,1.35265
2026-07-16 02:00:00+00:00,1.35266,1.3527,1.35223,1.35227
2026-07-16 02:15:00+00:00,1.35233,1.35253,1.35206,1.35247
2026-07-16 02:30:00+00:00,1.35243,1.3526,1.35217,1.35237
2026-07-16 02:45:00+00:00,1.35232,1.35277,1.35221,1.35271
2026-07-16 03:00:00+00:00,1.35262,1.35355,1.35247,1.35338
2026-07-16 03:15:00+00:00,1.35339,1.35361,1.35332,1.35348
2026-07-16 03:30:00+00:00,1.3535,1.3538,1.35343,1.35355
2026-07-16 03:45:00+00:00,1.35356,1.35359,1.35315,1.35316
2026-07-16 04:00:00+00:00,1.35319,1.35341,1.35314,1.3534
2026-07-16 04:15:00+00:00,1.35337,1.3535,1.35309,1.35321
2026-07-16 04:30:00+00:00,1.35317,1.35351,1.35309,1.35345
2026-07-16 04:45:00+00:00,1.35345,1.35345,1.35325,1.35328
2026-07-16 05:00:00+00:00,1.35329,1.35366,1.35326,1.35352
2026-07-16 05:15:00+00:00,1.35353,1.35388,1.35351,1.35372
2026-07-16 05:30:00+00:00,1.35377,1.35406,1.35345,1.35347
2026-07-16 05:45:00+00:00,1.35348,1.35348,1.35281,1.35283
2026-07-16 06:00:00+00:00,1.35288,1.35377,1.35283,1.35368
2026-07-16 06:15:00+00:00,1.3535,1.35384,1.35335,1.35365
2026-07-16 06:30:00+00:00,1.35358,1.35379,1.35334,1.35362
2026-07-16 06:45:00+00:00,1.3536,1.35426,1.35337,1.35408
2026-07-16 07:00:00+00:00,1.35408,1.35429,1.35366,1.35368
2026-07-16 07:15:00+00:00,1.35371,1.354,1.35321,1.35326
2026-07-16 07:30:00+00:00,1.35335,1.35373,1.35307,1.35347
2026-07-16 07:45:00+00:00,1.35347,1.35382,1.35335,1.35339
2026-07-16 08:00:00+00:00,1.35344,1.35352,1.35238,1.3524
2026-07-16 08:15:00+00:00,1.35244,1.35244,1.35212,1.35222
2026-07-16 08:30:00+00:00,1.35225,1.35278,1.35211,1.35251
2026-07-16 08:45:00+00:00,1.35245,1.35245,1.35192,1.35216
2026-07-16 09:00:00+00:00,1.35214,1.35217,1.35161,1.35204
2026-07-16 09:15:00+00:00,1.35199,1.35207,1.3513,1.35146
2026-07-16 09:30:00+00:00,1.35145,1.35145,1.3506,1.35113
2026-07-16 09:45:00+00:00,1.3511,1.35119,1.3508,1.35081
2026-07-16 10:00:00+00:00,1.35084,1.35096,1.3506,1.35092
2026-07-16 10:15:00+00:00,1.35089,1.35094,1.35042,1.35046
2026-07-16 10:30:00+00:00,1.35052,1.3506,1.3503,1.35058
2026-07-16 10:45:00+00:00,1.35053,1.35082,1.35038,1.35041
2026-07-16 11:00:00+00:00,1.35047,1.35047,1.34986,1.35012
2026-07-16 11:15:00+00:00,1.35009,1.35017,1.34959,1.34963
2026-07-16 11:30:00+00:00,1.3497,1.35023,1.34949,1.3502
2026-07-16 11:45:00+00:00,1.35009,1.35064,1.34949,1.35061
2026-07-16 12:00:00+00:00,1.35054,1.35147,1.35054,1.35091
2026-07-16 12:15:00+00:00,1.35092,1.3511,1.35038,1.35061
2026-07-16 12:30:00+00:00,1.35056,1.35064,1.35007,1.35042
2026-07-16 12:45:00+00:00,1.35041,1.35062,1.34984,1.34987
2026-07-16 13:00:00+00:00,1.34985,1.35073,1.3496,1.35072
2026-07-16 13:15:00+00:00,1.3507,1.35097,1.35033,1.35095
2026-07-16 13:30:00+00:00,1.35091,1.3513,1.35066,1.35129
2026-07-16 13:45:00+00:00,1.35122,1.35178,1.35084,1.35094
2026-07-16 14:00:00+00:00,1.35113,1.35138,1.3504,1.35057
2026-07-16 14:15:00+00:00,1.35058,1.35108,1.35033,1.35106
2026-07-16 14:30:00+00:00,1.35102,1.35121,1.35007,1.35008
2026-07-16 14:45:00+00:00,1.35009,1.35037,1.34888,1.3489
2026-07-16 15:00:00+00:00,1.34893,1.34893,1.34822,1.34886
2026-07-16 15:15:00+00:00,1.34879,1.3493,1.34838,1.34839
2026-07-16 15:30:00+00:00,1.3484,1.34871,1.34806,1.34847
2026-07-16 15:45:00+00:00,1.34846,1.34898,1.34811,1.34834
2026-07-16 16:00:00+00:00,1.34836,1.3484,1.34749,1.3475
2026-07-16 16:15:00+00:00,1.34753,1.34757,1.34678,1.34692
2026-07-16 16:30:00+00:00,1.34688,1.34718,1.34667,1.34684
2026-07-16 16:45:00+00:00,1.34672,1.34703,1.34659,1.34677
2026-07-16 17:00:00+00:00,1.34677,1.34677,1.34601,1.34614
2026-07-16 17:15:00+00:00,1.34612,1.34679,1.34612,1.34675
2026-07-16 17:30:00+00:00,1.3467,1.34691,1.34663,1.34679
2026-07-16 17:45:00+00:00,1.34671,1.3472,1.34667,1.34699
2026-07-16 18:00:00+00:00,1.34702,1.3471,1.34656,1.34682
2026-07-16 18:15:00+00:00,1.34677,1.34698,1.34675,1.34689
2026-07-16 18:30:00+00:00,1.34686,1.34695,1.34669,1.34686
2026-07-16 18:45:00+00:00,1.34686,1.34712,1.34678,1.34711
2026-07-16 19:00:00+00:00,1.34707,1.34736,1.34695,1.34698
2026-07-16 19:15:00+00:00,1.34703,1.34703,1.34675,1.34678
2026-07-16 19:30:00+00:00,1.34679,1.34718,1.34679,1.34715
2026-07-16 19:45:00+00:00,1.34711,1.34756,1.34711,1.34749
2026-07-16 20:00:00+00:00,1.34747,1.3477,1.34733,1.34755
2026-07-16 20:15:00+00:00,1.34761,1.34763,1.34744,1.34752
2026-07-16 20:30:00+00:00,1.34749,1.34789,1.3474,1.34784
2026-07-16 20:45:00+00:00,1.34782,1.34803,1.34778,1.34802
2026-07-16 21:00:00+00:00,1.34799,1.34845,1.34724,1.34783
2026-07-16 21:15:00+00:00,1.34779,1.34799,1.34767,1.34784
2026-07-16 21:30:00+00:00,1.34783,1.34789,1.34769,1.34772
2026-07-16 21:45:00+00:00,1.34774,1.34784,1.3476,1.3477
2026-07-16 22:00:00+00:00,1.34771,1.34776,1.34758,1.34767
2026-07-16 22:15:00+00:00,1.34764,1.34767,1.34753,1.34764
2026-07-16 22:30:00+00:00,1.34763,1.34764,1.34747,1.34753
2026-07-16 22:45:00+00:00,1.34752,1.34752,1.34732,1.34743
2026-07-16 23:00:00+00:00,1.34739,1.34767,1.34736,1.34749
2026-07-16 23:15:00+00:00,1.34745,1.34764,1.34742,1.34759
2026-07-16 23:30:00+00:00,1.34759,1.34779,1.34759,1.34774
2026-07-16 23:45:00+00:00,1.34774,1.34779,1.34758,1.34767
2026-07-17 00:00:00+00:00,1.34767,1.34787,1.34742,1.34747
2026-07-17 00:15:00+00:00,1.34744,1.34767,1.34717,1.34728
2026-07-17 00:30:00+00:00,1.34725,1.34727,1.34703,1.34703
2026-07-17 00:45:00+00:00,1.34704,1.34775,1.34702,1.34771
2026-07-17 01:00:00+00:00,1.34763,1.34808,1.3476,1.34765
2026-07-17 01:15:00+00:00,1.34761,1.34789,1.34751,1.34752
2026-07-17 01:30:00+00:00,1.34753,1.34753,1.34704,1.34726
2026-07-17 01:45:00+00:00,1.34724,1.34728,1.34641,1.34649
2026-07-17 02:00:00+00:00,1.3465,1.34688,1.3465,1.34687
2026-07-17 02:15:00+00:00,1.34685,1.34695,1.34662,1.34668
2026-07-17 02:30:00+00:00,1.34665,1.34673,1.34636,1.34637
2026-07-17 02:45:00+00:00,1.3464,1.34662,1.34638,1.3464
2026-07-17 03:00:00+00:00,1.3464,1.34673,1.34632,1.3465
2026-07-17 03:15:00+00:00,1.3465,1.34694,1.3465,1.34678
2026-07-17 03:30:00+00:00,1.34675,1.34681,1.34629,1.3463
2026-07-17 03:45:00+00:00,1.34632,1.3466,1.34632,1.34653
2026-07-17 04:00:00+00:00,1.34654,1.34656,1.34634,1.34646
2026-07-17 04:15:00+00:00,1.34644,1.34649,1.34603,1.34605
2026-07-17 04:30:00+00:00,1.34606,1.34619,1.34591,1.34595
2026-07-17 04:45:00+00:00,1.34594,1.34609,1.34573,1.34589
2026-07-17 05:00:00+00:00,1.34592,1.34602,1.34582,1.34601
2026-07-17 05:15:00+00:00,1.34597,1.34609,1.34584,1.34599
2026-07-17 05:30:00+00:00,1.34593,1.34666,1.34593,1.34652
2026-07-17 05:45:00+00:00,1.34656,1.34661,1.34629,1.34632
2026-07-17 06:00:00+00:00,1.34633,1.34671,1.34604,1.34664
2026-07-17 06:15:00+00:00,1.3465,1.34753,1.3465,1.34726
2026-07-17 06:30:00+00:00,1.34735,1.34761,1.34712,1.34757
2026-07-17 06:45:00+00:00,1.34749,1.34751,1.34703,1.3475
2026-07-17 07:00:00+00:00,1.34747,1.34804,1.34708,1.3471
2026-07-17 07:15:00+00:00,1.34713,1.34717,1.34644,1.34682
2026-07-17 07:30:00+00:00,1.34672,1.34746,1.3464,1.34644
2026-07-17 07:45:00+00:00,1.34645,1.34678,1.34587,1.34591
2026-07-17 08:00:00+00:00,1.34597,1.34622,1.34547,1.34554
2026-07-17 08:15:00+00:00,1.34564,1.34564,1.34483,1.34494
2026-07-17 08:30:00+00:00,1.34494,1.34521,1.34456,1.34465
2026-07-17 08:45:00+00:00,1.34461,1.34479,1.34427,1.34439
2026-07-17 09:00:00+00:00,1.34434,1.34469,1.34369,1.344
2026-07-17 09:15:00+00:00,1.34408,1.34433,1.34355,1.34431
2026-07-17 09:30:00+00:00,1.34423,1.34443,1.34382,1.34398
2026-07-17 09:45:00+00:00,1.34394,1.34429,1.34389,1.34427
2026-07-17 10:00:00+00:00,1.34426,1.34426,1.34351,1.34406
2026-07-17 10:15:00+00:00,1.34407,1.34416,1.34351,1.34356
2026-07-17 10:30:00+00:00,1.34355,1.34355,1.34318,1.34323
2026-07-17 10:45:00+00:00,1.34319,1.34337,1.34245,1.34319
2026-07-17 11:00:00+00:00,1.34318,1.34362,1.34281,1.34357
2026-07-17 11:15:00+00:00,1.34351,1.34403,1.34344,1.34399
2026-07-17 11:30:00+00:00,1.34394,1.34463,1.34392,1.34398
2026-07-17 11:45:00+00:00,1.34405,1.34428,1.34382,1.34396
2026-07-17 12:00:00+00:00,1.34395,1.34415,1.34356,1.34365
2026-07-17 12:15:00+00:00,1.34371,1.3438,1.34317,1.34351
2026-07-17 12:30:00+00:00,1.34341,1.34358,1.34281,1.34346
2026-07-17 12:45:00+00:00,1.34343,1.34363,1.34298,1.34302
2026-07-17 13:00:00+00:00,1.34307,1.34347,1.34293,1.34345
2026-07-17 13:15:00+00:00,1.34343,1.34358,1.343,1.34346
2026-07-17 13:30:00+00:00,1.34347,1.34465,1.34343,1.34464
2026-07-17 13:45:00+00:00,1.3446,1.34515,1.34423,1.34489
2026-07-17 14:00:00+00:00,1.3449,1.3454,1.34481,1.34493
2026-07-17 14:15:00+00:00,1.34495,1.3453,1.34465,1.34496
2026-07-17 14:30:00+00:00,1.345,1.34527,1.34472,1.34525
2026-07-17 14:45:00+00:00,1.34518,1.34546,1.34439,1.34445
2026-07-17 15:00:00+00:00,1.34455,1.34498,1.34419,1.34472
2026-07-17 15:15:00+00:00,1.3447,1.34534,1.34454,1.3453
2026-07-17 15:30:00+00:00,1.34526,1.34547,1.3447,1.34472
2026-07-17 15:45:00+00:00,1.34473,1.34477,1.34439,1.3445
2026-07-17 16:00:00+00:00,1.34447,1.34492,1.34389,1.34491
2026-07-17 16:15:00+00:00,1.34489,1.34538,1.34488,1.34535
2026-07-17 16:30:00+00:00,1.3453,1.34547,1.34513,1.34544
2026-07-17 16:45:00+00:00,1.34537,1.34557,1.34525,1.34554
2026-07-17 17:00:00+00:00,1.34551,1.34601,1.34544,1.34558
2026-07-17 17:15:00+00:00,1.3456,1.3456,1.34524,1.34557
2026-07-17 17:30:00+00:00,1.34553,1.34559,1.34515,1.34526
2026-07-17 17:45:00+00:00,1.34525,1.3454,1.34516,1.34539
2026-07-17 18:00:00+00:00,1.34536,1.34555,1.34523,1.34539
2026-07-17 18:15:00+00:00,1.34541,1.34558,1.34537,1.34546
2026-07-17 18:30:00+00:00,1.34548,1.34569,1.3453,1.34531
2026-07-17 18:45:00+00:00,1.34534,1.34553,1.34526,1.3455
2026-07-17 19:00:00+00:00,1.34547,1.34556,1.34529,1.34536
2026-07-17 19:15:00+00:00,1.34534,1.34546,1.34517,1.3454
2026-07-17 19:30:00+00:00,1.34536,1.34576,1.34523,1.34572
2026-07-17 19:45:00+00:00,1.34566,1.34595,1.34556,1.34593
2026-07-17 20:00:00+00:00,1.34591,1.34602,1.34566,1.34571
2026-07-17 20:15:00+00:00,1.34569,1.34571,1.34521,1.34525
2026-07-17 20:30:00+00:00,1.34526,1.34548,1.34521,1.34538
2026-07-17 20:45:00+00:00,1.34535,1.34561,1.34519,1.34523
2026-07-17 21:00:00+00:00,1.34528,1.34544,1.34469,1.34519
2026-07-17 21:15:00+00:00,1.34515,1.34533,1.34499,1.3452
2026-07-17 21:30:00+00:00,1.3452,1.34524,1.3451,1.34522
2026-07-17 21:45:00+00:00,1.34519,1.34522,1.34498,1.3451
2026-07-17 22:00:00+00:00,1.34509,1.34534,1.34487,1.34529
2026-07-17 22:15:00+00:00,1.34526,1.34534,1.34526,1.3453
2026-07-17 22:30:00+00:00,1.34528,1.34544,1.34504,1.3451
2026-07-17 22:45:00+00:00,1.34511,1.34518,1.34508,1.34509
2026-07-17 23:00:00+00:00,1.34509,1.34517,1.34501,1.34505
2026-07-17 23:15:00+00:00,1.34504,1.34515,1.34501,1.3451
2026-07-17 23:30:00+00:00,1.34508,1.34516,1.34502,1.34503
2026-07-17 23:45:00+00:00,1.34506,1.34514,1.34501,1.34509
2026-07-18 00:00:00+00:00,1.34508,1.3453,1.34503,1.34528
2026-07-18 00:15:00+00:00,1.34525,1.34531,1.34519,1.34527
2026-07-18 00:30:00+00:00,1.34525,1.34531,1.34522,1.34523
2026-07-18 00:45:00+00:00,1.34524,1.34532,1.34521,1.34523
2026-07-18 01:00:00+00:00,1.34524,1.3453,1.34522,1.34525
2026-07-18 01:15:00+00:00,1.34522,1.3453,1.34518,1.34525
2026-07-18 01:30:00+00:00,1.34523,1.3453,1.34517,1.34521
2026-07-18 01:45:00+00:00,1.34522,1.3453,1.3452,1.34522
2026-07-18 02:00:00+00:00,1.34522,1.34529,1.3452,1.34526
2026-07-18 02:15:00+00:00,1.34524,1.34529,1.3452,1.34525
2026-07-18 02:30:00+00:00,1.34522,1.34528,1.34519,1.34525
2026-07-18 02:45:00+00:00,1.34524,1.34529,1.34519,1.34521
2026-07-18 03:00:00+00:00,1.34522,1.34529,1.34521,1.34524
2026-07-18 03:15:00+00:00,1.34522,1.34529,1.34515,1.34525
2026-07-18 03:30:00+00:00,1.34522,1.34529,1.34521,1.34524
2026-07-18 03:45:00+00:00,1.34522,1.34529,1.34519,1.34522
2026-07-18 04:00:00+00:00,1.34523,1.34529,1.34519,1.34525
2026-07-18 04:15:00+00:00,1.34523,1.3453,1.3452,1.34528
2026-07-18 04:30:00+00:00,1.34525,1.34529,1.3452,1.34523
2026-07-18 04:45:00+00:00,1.34522,1.3453,1.34521,1.34521
2026-07-18 05:00:00+00:00,1.34522,1.34532,1.34506,1.34528
2026-07-18 05:15:00+00:00,1.34525,1.34531,1.34522,1.34526
2026-07-18 05:30:00+00:00,1.34523,1.3453,1.34521,1.34525
2026-07-18 05:45:00+00:00,1.34523,1.34531,1.34521,1.34524
2026-07-18 06:00:00+00:00,1.34525,1.34531,1.34521,1.34529
2026-07-18 06:15:00+00:00,1.34526,1.34531,1.34522,1.34529
2026-07-18 06:30:00+00:00,1.34526,1.34532,1.34517,1.34526
2026-07-18 06:45:00+00:00,1.34524,1.34532,1.34523,1.34525
2026-07-18 07:00:00+00:00,1.34525,1.34533,1.34522,1.34525
2026-07-18 07:15:00+00:00,1.34525,1.34532,1.34522,1.34528
2026-07-18 07:30:00+00:00,1.34525,1.34532,1.34523,1.34528
2026-07-18 07:45:00+00:00,1.34525,1.34531,1.34523,1.34525
2026-07-18 08:00:00+00:00,1.34526,1.34532,1.34523,1.34524
2026-07-18 08:15:00+00:00,1.34525,1.34531,1.34519,1.34529
2026-07-18 08:30:00+00:00,1.34527,1.34532,1.34524,1.34529
2026-07-18 08:45:00+00:00,1.34526,1.34533,1.34524,1.34525
2026-07-18 09:00:00+00:00,1.34525,1.34534,1.34523,1.34524
2026-07-18 09:15:00+00:00,1.34525,1.34532,1.34523,1.34527
2026-07-18 09:30:00+00:00,1.34525,1.34532,1.34524,1.34529
2026-07-18 09:45:00+00:00,1.34527,1.34532,1.34524,1.34528
2026-07-18 10:00:00+00:00,1.34526,1.34532,1.34519,1.34524
2026-07-18 10:15:00+00:00,1.34525,1.34532,1.34524,1.34528
2026-07-18 10:30:00+00:00,1.34525,1.34532,1.34524,1.3453
2026-07-18 10:45:00+00:00,1.34527,1.34532,1.34523,1.34526
2026-07-18 11:00:00+00:00,1.34525,1.34532,1.34524,1.34524
2026-07-18 11:15:00+00:00,1.34525,1.34532,1.34523,1.34526
2026-07-18 11:30:00+00:00,1.34526,1.34532,1.34504,1.34523
2026-07-18 11:45:00+00:00,1.34519,1.34532,1.34519,1.34527
2026-07-18 12:00:00+00:00,1.34526,1.34532,1.34524,1.34528
2026-07-18 12:15:00+00:00,1.34526,1.34533,1.34523,1.34526
2026-07-18 12:30:00+00:00,1.34526,1.34532,1.34523,1.3453
2026-07-18 12:45:00+00:00,1.34528,1.34532,1.34523,1.34528
2026-07-18 13:00:00+00:00,1.34526,1.34531,1.34523,1.34524
2026-07-18 13:15:00+00:00,1.34526,1.34532,1.34519,1.34529
2026-07-18 13:30:00+00:00,1.34526,1.34533,1.34524,1.34529
2026-07-18 13:45:00+00:00,1.34526,1.34534,1.34523,1.34527
2026-07-18 14:00:00+00:00,1.34525,1.34532,1.34524,1.34526
2026-07-18 14:15:00+00:00,1.34527,1.34532,1.34524,1.34526
2026-07-18 14:30:00+00:00,1.34526,1.34532,1.34524,1.34528
2026-07-18 14:45:00+00:00,1.34526,1.34532,1.34524,1.34529
2026-07-18 15:00:00+00:00,1.34526,1.34526,1.34515,1.3452
2026-07-18 15:15:00+00:00,1.3452,1.3453,1.34518,1.34523
2026-07-18 15:30:00+00:00,1.34524,1.3453,1.34522,1.34526
2026-07-18 15:45:00+00:00,1.34524,1.3453,1.34522,1.34527
2026-07-18 16:00:00+00:00,1.34524,1.3454,1.34501,1.34522
2026-07-18 16:15:00+00:00,1.34521,1.34528,1.3452,1.3452
2026-07-18 16:30:00+00:00,1.34521,1.34528,1.34513,1.34515
2026-07-18 16:45:00+00:00,1.34515,1.34524,1.34512,1.34521
2026-07-18 17:00:00+00:00,1.34518,1.34533,1.34504,1.34526
2026-07-18 17:15:00+00:00,1.34525,1.34532,1.34524,1.34525
2026-07-18 17:30:00+00:00,1.34526,1.34531,1.34523,1.34525
2026-07-18 17:45:00+00:00,1.34525,1.34531,1.34523,1.34528
2026-07-18 18:00:00+00:00,1.34525,1.34542,1.34501,1.34511
2026-07-18 18:15:00+00:00,1.34509,1.34528,1.34503,1.34526
2026-07-18 18:30:00+00:00,1.34523,1.34532,1.34522,1.34524
2026-07-18 18:45:00+00:00,1.34526,1.34531,1.34523,1.34529
2026-07-18 19:00:00+00:00,1.34526,1.34542,1.34508,1.34528
2026-07-18 19:15:00+00:00,1.34526,1.34532,1.34523,1.34529
2026-07-18 19:30:00+00:00,1.34526,1.34533,1.34523,1.34524
2026-07-18 19:45:00+00:00,1.34524,1.34532,1.34523,1.34529
2026-07-18 20:00:00+00:00,1.34526,1.34526,1.34501,1.3452
2026-07-18 20:15:00+00:00,1.34517,1.34527,1.34516,1.34521
2026-07-18 20:30:00+00:00,1.34521,1.34531,1.34521,1.34523
2026-07-18 20:45:00+00:00,1.34524,1.34529,1.34492,1.34507
2026-07-18 21:00:00+00:00,1.34505,1.34514,1.34488,1.34496
2026-07-18 21:15:00+00:00,1.34493,1.34506,1.34492,1.345
2026-07-18 21:30:00+00:00,1.345,1.34515,1.34489,1.34505
2026-07-18 21:45:00+00:00,1.34506,1.34514,1.34499,1.34505
2026-07-18 22:00:00+00:00,1.34502,1.3452,1.34481,1.34518
2026-07-18 22:15:00+00:00,1.34515,1.34521,1.34513,1.34516
2026-07-18 22:30:00+00:00,1.34515,1.34523,1.34512,1.34516
2026-07-18 22:45:00+00:00,1.34517,1.34523,1.34515,1.3452
2026-07-18 23:00:00+00:00,1.34517,1.34521,1.34497,1.34507
2026-07-18 23:15:00+00:00,1.34504,1.34511,1.345,1.34507
2026-07-18 23:30:00+00:00,1.34505,1.34511,1.34503,1.34504
2026-07-18 23:45:00+00:00,1.34505,1.34515,1.34504,1.34513
2026-07-19 00:00:00+00:00,1.34509,1.34515,1.34507,1.34512
2026-07-19 00:15:00+00:00,1.34509,1.34518,1.34506,1.34514
2026-07-19 00:30:00+00:00,1.34512,1.34526,1.34508,1.3452
2026-07-19 00:45:00+00:00,1.34521,1.34527,1.34519,1.34521
2026-07-19 01:00:00+00:00,1.34521,1.34525,1.34512,1.34517
2026-07-19 01:15:00+00:00,1.34514,1.34528,1.34511,1.34525
2026-07-19 01:30:00+00:00,1.34522,1.34532,1.34522,1.3453
2026-07-19 01:45:00+00:00,1.34528,1.34533,1.34524,1.34525
2026-07-19 02:00:00+00:00,1.34525,1.34532,1.34524,1.34528
2026-07-19 02:15:00+00:00,1.34525,1.34532,1.34523,1.34528
2026-07-19 02:30:00+00:00,1.34525,1.34531,1.34519,1.34527
2026-07-19 02:45:00+00:00,1.34524,1.34532,1.34521,1.34525
2026-07-19 03:00:00+00:00,1.34526,1.34533,1.34524,1.34529
2026-07-19 03:15:00+00:00,1.34527,1.34533,1.34525,1.3453
2026-07-19 03:30:00+00:00,1.34527,1.34533,1.34524,1.34528
2026-07-19 03:45:00+00:00,1.34526,1.34532,1.34524,1.34525
2026-07-19 04:00:00+00:00,1.34526,1.34532,1.34524,1.34528
2026-07-19 04:15:00+00:00,1.34526,1.34532,1.34515,1.3452
2026-07-19 04:30:00+00:00,1.34517,1.34523,1.34515,1.34518
2026-07-19 04:45:00+00:00,1.34517,1.34525,1.34516,1.34518
2026-07-19 05:00:00+00:00,1.34519,1.34525,1.34517,1.34519
2026-07-19 05:15:00+00:00,1.34519,1.34526,1.34518,1.34523
2026-07-19 05:30:00+00:00,1.3452,1.34527,1.34518,1.34523
2026-07-19 05:45:00+00:00,1.34521,1.34527,1.34519,1.3452
2026-07-19 06:00:00+00:00,1.34521,1.34524,1.34514,1.34516
2026-07-19 06:15:00+00:00,1.34516,1.34522,1.34514,1.34519
2026-07-19 06:30:00+00:00,1.34516,1.34524,1.34515,1.3452
2026-07-19 06:45:00+00:00,1.34518,1.34524,1.34516,1.34519
2026-07-19 07:00:00+00:00,1.34519,1.34525,1.34517,1.34519
2026-07-19 07:15:00+00:00,1.34519,1.34526,1.34518,1.34523
2026-07-19 07:30:00+00:00,1.3452,1.34526,1.34512,1.34517
2026-07-19 07:45:00+00:00,1.34514,1.34524,1.34512,1.34523
2026-07-19 08:00:00+00:00,1.3452,1.34527,1.34519,1.34521
2026-07-19 08:15:00+00:00,1.34521,1.34527,1.34519,1.34523
2026-07-19 08:30:00+00:00,1.34521,1.34528,1.34519,1.34525
2026-07-19 08:45:00+00:00,1.34522,1.34528,1.3452,1.34522
2026-07-19 09:00:00+00:00,1.34522,1.34529,1.34521,1.34522
2026-07-19 09:15:00+00:00,1.34523,1.34528,1.34513,1.3452
2026-07-19 09:30:00+00:00,1.34518,1.34524,1.34516,1.34521
2026-07-19 09:45:00+00:00,1.34518,1.34525,1.34516,1.34521
2026-07-19 10:00:00+00:00,1.34519,1.34525,1.34517,1.34518
2026-07-19 10:15:00+00:00,1.34519,1.34525,1.34517,1.34522
2026-07-19 10:30:00+00:00,1.34519,1.34525,1.34517,1.34522
2026-07-19 10:45:00+00:00,1.34519,1.34527,1.34517,1.34522
2026-07-19 11:00:00+00:00,1.34521,1.34528,1.3452,1.34521
2026-07-19 11:15:00+00:00,1.34522,1.34528,1.3452,1.34525
2026-07-19 11:30:00+00:00,1.34522,1.34528,1.34497,1.34508
2026-07-19 11:45:00+00:00,1.34505,1.34513,1.34502,1.3451
2026-07-19 12:00:00+00:00,1.34508,1.34514,1.34506,1.34507
2026-07-19 12:15:00+00:00,1.34508,1.34514,1.34506,1.34508
2026-07-19 12:30:00+00:00,1.34508,1.34514,1.34506,1.3451
2026-07-19 12:45:00+00:00,1.34508,1.3452,1.34506,1.34517
2026-07-19 13:00:00+00:00,1.34515,1.34521,1.34513,1.34514
2026-07-19 13:15:00+00:00,1.34515,1.34531,1.34497,1.34505
2026-07-19 13:30:00+00:00,1.34505,1.34519,1.34504,1.34515
2026-07-19 13:45:00+00:00,1.34513,1.34519,1.34511,1.34516
2026-07-19 14:00:00+00:00,1.34513,1.34541,1.34513,1.34532
2026-07-19 14:15:00+00:00,1.3453,1.34536,1.34528,1.3453
2026-07-19 14:30:00+00:00,1.3453,1.34536,1.34528,1.34532
2026-07-19 14:45:00+00:00,1.3453,1.34544,1.34501,1.34503
2026-07-19 15:00:00+00:00,1.34504,1.34516,1.34485,1.34511
2026-07-19 15:15:00+00:00,1.34506,1.34521,1.34504,1.34519
2026-07-19 15:30:00+00:00,1.34515,1.34521,1.34513,1.34518
2026-07-19 15:45:00+00:00,1.34515,1.34521,1.34513,1.34518
2026-07-19 16:00:00+00:00,1.34515,1.34523,1.34504,1.34508
2026-07-19 16:15:00+00:00,1.34508,1.34532,1.34508,1.34525
2026-07-19 16:30:00+00:00,1.34526,1.3455,1.34503,1.34513
2026-07-19 16:45:00+00:00,1.34511,1.34524,1.34509,1.34521
2026-07-19 17:00:00+00:00,1.34518,1.34593,1.34461,1.34561
2026-07-19 17:15:00+00:00,1.34565,1.34565,1.3453,1.34533
2026-07-19 17:30:00+00:00,1.34535,1.3455,1.34535,1.34538
2026-07-19 17:45:00+00:00,1.3454,1.34547,1.34533,1.34539
2026-07-19 18:00:00+00:00,1.34539,1.34566,1.34513,1.3453
2026-07-19 18:15:00+00:00,1.34531,1.3455,1.34512,1.34531
2026-07-19 18:30:00+00:00,1.34531,1.34549,1.34508,1.34509
2026-07-19 18:45:00+00:00,1.34511,1.34559,1.34506,1.34541
2026-07-19 19:00:00+00:00,1.34539,1.34646,1.34489,1.34504
2026-07-19 19:15:00+00:00,1.34512,1.34557,1.34495,1.34552
2026-07-19 19:30:00+00:00,1.34543,1.34575,1.34459,1.34499
2026-07-19 19:45:00+00:00,1.34489,1.3451,1.3443,1.34486
2026-07-19 20:00:00+00:00,1.34478,1.34478,1.34427,1.34472
2026-07-19 20:15:00+00:00,1.34468,1.34492,1.34394,1.34407
2026-07-19 20:30:00+00:00,1.34409,1.34522,1.34358,1.34507
2026-07-19 20:45:00+00:00,1.34499,1.34545,1.34486,1.34514
2026-07-19 21:00:00+00:00,1.34512,1.34541,1.34486,1.34492
2026-07-19 21:15:00+00:00,1.3449,1.34559,1.34432,1.34479
2026-07-19 21:30:00+00:00,1.34462,1.34515,1.34462,1.345
2026-07-19 21:45:00+00:00,1.34496,1.34496,1.34438,1.34461
2026-07-19 22:00:00+00:00,1.34459,1.34459,1.34401,1.34454
2026-07-19 22:15:00+00:00,1.34451,1.34469,1.34419,1.34445
2026-07-19 22:30:00+00:00,1.34434,1.34475,1.34434,1.34467
2026-07-19 22:45:00+00:00,1.34464,1.34466,1.34442,1.34448
2026-07-19 23:00:00+00:00,1.34446,1.34449,1.34438,1.34447
2026-07-19 23:15:00+00:00,1.34444,1.34444,1.34419,1.34429
2026-07-19 23:30:00+00:00,1.34425,1.34458,1.34421,1.34455
2026-07-19 23:45:00+00:00,1.34451,1.34461,1.34428,1.34444
2026-07-20 00:00:00+00:00,1.34445,1.34481,1.34444,1.3448
2026-07-20 00:15:00+00:00,1.34477,1.34522,1.34472,1.34509
2026-07-20 00:30:00+00:00,1.34507,1.34508,1.34481,1.34492
2026-07-20 00:45:00+00:00,1.34493,1.3451,1.34482,1.34508
2026-07-20 01:00:00+00:00,1.34505,1.34539,1.3449,1.34493
2026-07-20 01:15:00+00:00,1.34495,1.34528,1.34494,1.34517
2026-07-20 01:30:00+00:00,1.34518,1.34539,1.34499,1.34501
2026-07-20 01:45:00+00:00,1.34505,1.34544,1.3449,1.34539
2026-07-20 02:00:00+00:00,1.34533,1.34572,1.34533,1.34561
2026-07-20 02:15:00+00:00,1.34562,1.34593,1.34561,1.34591
2026-07-20 02:30:00+00:00,1.34583,1.34631,1.34582,1.34628
2026-07-20 02:45:00+00:00,1.34627,1.34627,1.34599,1.34599
2026-07-20 03:00:00+00:00,1.346,1.34603,1.34579,1.34594
2026-07-20 03:15:00+00:00,1.34592,1.34604,1.34589,1.34595
2026-07-20 03:30:00+00:00,1.34592,1.3462,1.34586,1.34619
2026-07-20 03:45:00+00:00,1.34616,1.34623,1.34606,1.3462
2026-07-20 04:00:00+00:00,1.34616,1.34633,1.34607,1.3463
2026-07-20 04:15:00+00:00,1.34628,1.34666,1.34626,1.34664
2026-07-20 04:30:00+00:00,1.34661,1.34673,1.34651,1.34665
2026-07-20 04:45:00+00:00,1.34665,1.34681,1.34658,1.34669
2026-07-20 05:00:00+00:00,1.34667,1.34668,1.34639,1.3464
2026-07-20 05:15:00+00:00,1.34642,1.34683,1.34642,1.34669
2026-07-20 05:30:00+00:00,1.34665,1.34681,1.34657,1.34677
2026-07-20 05:45:00+00:00,1.34675,1.34683,1.34655,1.34673
2026-07-20 06:00:00+00:00,1.34674,1.34689,1.34615,1.34616
2026-07-20 06:15:00+00:00,1.34619,1.34655,1.34604,1.34622
2026-07-20 06:30:00+00:00,1.3462,1.34647,1.34589,1.34628
2026-07-20 06:45:00+00:00,1.34637,1.34644,1.34586,1.34588
2026-07-20 07:00:00+00:00,1.34591,1.34666,1.34567,1.34626
2026-07-20 07:15:00+00:00,1.34627,1.34691,1.34605,1.34687
2026-07-20 07:30:00+00:00,1.34675,1.34804,1.34671,1.34796
2026-07-20 07:45:00+00:00,1.34793,1.34796,1.34745,1.3476
2026-07-20 08:00:00+00:00,1.34758,1.34768,1.34735,1.34738
2026-07-20 08:15:00+00:00,1.34739,1.34764,1.34671,1.34672
2026-07-20 08:30:00+00:00,1.34673,1.3472,1.34667,1.34718
2026-07-20 08:45:00+00:00,1.34714,1.34731,1.3468,1.34695
2026-07-20 09:00:00+00:00,1.34695,1.34699,1.34607,1.34612
2026-07-20 09:15:00+00:00,1.34617,1.34625,1.34577,1.34593
2026-07-20 09:30:00+00:00,1.34594,1.34639,1.34588,1.34636
2026-07-20 09:45:00+00:00,1.34624,1.34667,1.34613,1.34631
2026-07-20 10:00:00+00:00,1.34623,1.34696,1.34602,1.34694
2026-07-20 10:15:00+00:00,1.34688,1.34707,1.34669,1.34684
2026-07-20 10:30:00+00:00,1.34679,1.3474,1.34667,1.34711
2026-07-20 10:45:00+00:00,1.34716,1.34722,1.34687,1.34717
2026-07-20 11:00:00+00:00,1.34713,1.3472,1.34667,1.34688
2026-07-20 11:15:00+00:00,1.3468,1.34703,1.34664,1.34697
2026-07-20 11:30:00+00:00,1.34697,1.34765,1.34688,1.34692
2026-07-20 11:45:00+00:00,1.34698,1.34702,1.34625,1.34626
2026-07-20 12:00:00+00:00,1.34628,1.34642,1.3458,1.34603
2026-07-20 12:15:00+00:00,1.346,1.346,1.34528,1.3453
2026-07-20 12:30:00+00:00,1.3453,1.34561,1.34487,1.34528
2026-07-20 12:45:00+00:00,1.34526,1.34568,1.3451,1.3455
2026-07-20 13:00:00+00:00,1.34549,1.34561,1.34531,1.34559
2026-07-20 13:15:00+00:00,1.34556,1.34592,1.34542,1.34587
2026-07-20 13:30:00+00:00,1.34581,1.34596,1.34502,1.34512
2026-07-20 13:45:00+00:00,1.34531,1.34544,1.34449,1.34542
2026-07-20 14:00:00+00:00,1.34539,1.34561,1.34488,1.34507
2026-07-20 14:15:00+00:00,1.34503,1.34541,1.34485,1.34533
2026-07-20 14:30:00+00:00,1.34531,1.34539,1.34414,1.34427
2026-07-20 14:45:00+00:00,1.34428,1.34428,1.34355,1.3439
2026-07-20 15:00:00+00:00,1.3438,1.34401,1.34203,1.34206
2026-07-20 15:15:00+00:00,1.34212,1.34212,1.34158,1.34188
2026-07-20 15:30:00+00:00,1.34181,1.34208,1.34154,1.34155
2026-07-20 15:45:00+00:00,1.34157,1.34205,1.34153,1.34204
2026-07-20 16:00:00+00:00,1.34201,1.34227,1.34167,1.34215
2026-07-20 16:15:00+00:00,1.34217,1.34235,1.34178,1.34204
2026-07-20 16:30:00+00:00,1.34199,1.34232,1.34158,1.34166
2026-07-20 16:45:00+00:00,1.34168,1.34198,1.34158,1.34198
2026-07-20 17:00:00+00:00,1.34193,1.34266,1.34171,1.3426
2026-07-20 17:15:00+00:00,1.3425,1.34304,1.34203,1.34301
2026-07-20 17:30:00+00:00,1.34296,1.34312,1.34264,1.34282
2026-07-20 17:45:00+00:00,1.34274,1.34327,1.34274,1.34323
2026-07-20 18:00:00+00:00,1.34321,1.34365,1.34313,1.34358
2026-07-20 18:15:00+00:00,1.34356,1.34397,1.34356,1.34373
2026-07-20 18:30:00+00:00,1.3437,1.34373,1.34337,1.34348
2026-07-20 18:45:00+00:00,1.34346,1.3435,1.34326,1.34345
2026-07-20 19:00:00+00:00,1.34338,1.34367,1.34327,1.34334
2026-07-20 19:15:00+00:00,1.34331,1.34369,1.34326,1.34359
2026-07-20 19:30:00+00:00,1.34343,1.34394,1.34343,1.34376
2026-07-20 19:45:00+00:00,1.34377,1.34392,1.34349,1.34351
2026-07-20 20:00:00+00:00,1.34351,1.34378,1.34313,1.3432
2026-07-20 20:15:00+00:00,1.34318,1.34322,1.34292,1.34307
2026-07-20 20:30:00+00:00,1.34306,1.34319,1.34302,1.34311
2026-07-20 20:45:00+00:00,1.34309,1.34315,1.34297,1.34313
2026-07-20 21:00:00+00:00,1.34312,1.34356,1.34305,1.34334
2026-07-20 21:15:00+00:00,1.34331,1.34354,1.34235,1.34243
2026-07-20 21:30:00+00:00,1.34244,1.34263,1.34242,1.34249
2026-07-20 21:45:00+00:00,1.34254,1.34267,1.34235,1.34252
2026-07-20 22:00:00+00:00,1.34252,1.34279,1.34223,1.34254
2026-07-20 22:15:00+00:00,1.34252,1.34254,1.34239,1.34243
2026-07-20 22:30:00+00:00,1.34242,1.34252,1.34241,1.34244
2026-07-20 22:45:00+00:00,1.34245,1.34273,1.34242,1.34263
2026-07-20 23:00:00+00:00,1.34263,1.34293,1.34263,1.34292
2026-07-20 23:15:00+00:00,1.34289,1.34291,1.34277,1.34278
2026-07-20 23:30:00+00:00,1.34277,1.34296,1.34277,1.34282
2026-07-20 23:45:00+00:00,1.34284,1.34318,1.34274,1.34317
2026-07-21 00:00:00+00:00,1.34315,1.34335,1.34308,1.34312
2026-07-21 00:15:00+00:00,1.34309,1.34315,1.34282,1.34287
2026-07-21 00:30:00+00:00,1.34285,1.3432,1.34275,1.34318
2026-07-21 00:45:00+00:00,1.34314,1.34349,1.34313,1.34336
2026-07-21 01:00:00+00:00,1.34334,1.3435,1.34306,1.34335
2026-07-21 01:15:00+00:00,1.34338,1.34358,1.34329,1.34343
2026-07-21 01:30:00+00:00,1.34332,1.34368,1.34331,1.34366
2026-07-21 01:45:00+00:00,1.34364,1.34369,1.34349,1.34351
2026-07-21 02:00:00+00:00,1.34352,1.34387,1.34352,1.34376
2026-07-21 02:15:00+00:00,1.34375,1.34385,1.34357,1.34359
2026-07-21 02:30:00+00:00,1.34362,1.34374,1.34344,1.34353
2026-07-21 02:45:00+00:00,1.34353,1.34355,1.34308,1.34316
2026-07-21 03:00:00+00:00,1.34317,1.34328,1.34302,1.34324
2026-07-21 03:15:00+00:00,1.34323,1.34344,1.34313,1.34342
2026-07-21 03:30:00+00:00,1.34336,1.3437,1.34336,1.34365
2026-07-21 03:45:00+00:00,1.34365,1.34403,1.34364,1.34372
2026-07-21 04:00:00+00:00,1.34373,1.34385,1.34363,1.34374
2026-07-21 04:15:00+00:00,1.34371,1.34385,1.34371,1.34379
2026-07-21 04:30:00+00:00,1.34376,1.34402,1.34368,1.344
2026-07-21 04:45:00+00:00,1.34397,1.3441,1.34396,1.34396
2026-07-21 05:00:00+00:00,1.34399,1.34438,1.34399,1.34402
2026-07-21 05:15:00+00:00,1.34404,1.34407,1.34391,1.34406
2026-07-21 05:30:00+00:00,1.34403,1.34462,1.34398,1.3446
2026-07-21 05:45:00+00:00,1.34452,1.34468,1.34428,1.34438
2026-07-21 06:00:00+00:00,1.34436,1.34504,1.34433,1.34488
2026-07-21 06:15:00+00:00,1.34485,1.34505,1.34465,1.34468
2026-07-21 06:30:00+00:00,1.3447,1.3451,1.34467,1.34508
2026-07-21 06:45:00+00:00,1.34503,1.3453,1.34481,1.34482
2026-07-21 07:00:00+00:00,1.34484,1.34562,1.3447,1.34474
2026-07-21 07:15:00+00:00,1.34483,1.34497,1.34463,1.34467
2026-07-21 07:30:00+00:00,1.34465,1.34465,1.34375,1.34382
2026-07-21 07:45:00+00:00,1.34394,1.34416,1.34369,1.34415
2026-07-21 08:00:00+00:00,1.34412,1.34466,1.34399,1.34461
2026-07-21 08:15:00+00:00,1.34453,1.34496,1.34397,1.34415
2026-07-21 08:30:00+00:00,1.34414,1.34414,1.34286,1.34323
2026-07-21 08:45:00+00:00,1.34319,1.34341,1.34305,1.34313
2026-07-21 09:00:00+00:00,1.34311,1.34311,1.34266,1.34287
2026-07-21 09:15:00+00:00,1.34285,1.343,1.34273,1.34274
2026-07-21 09:30:00+00:00,1.34275,1.34331,1.34253,1.34286
2026-07-21 09:45:00+00:00,1.34287,1.34313,1.34274,1.34276
2026-07-21 10:00:00+00:00,1.34278,1.34344,1.3425,1.3433
2026-07-21 10:15:00+00:00,1.3433,1.34351,1.34266,1.34283
2026-07-21 10:30:00+00:00,1.34278,1.34304,1.34208,1.34219
2026-07-21 10:45:00+00:00,1.34216,1.34231,1.34153,1.34154
2026-07-21 11:00:00+00:00,1.34153,1.34207,1.34084,1.3411
2026-07-21 11:15:00+00:00,1.34105,1.34111,1.34076,1.34096
2026-07-21 11:30:00+00:00,1.34097,1.34147,1.34075,1.34104
2026-07-21 11:45:00+00:00,1.34103,1.34124,1.34025,1.34051
2026-07-21 12:00:00+00:00,1.34047,1.34072,1.33976,1.33984
2026-07-21 12:15:00+00:00,1.33984,1.33987,1.3384,1.33859
2026-07-21 12:30:00+00:00,1.33862,1.33922,1.33846,1.33872
2026-07-21 12:45:00+00:00,1.33883,1.33928,1.33837,1.33914
2026-07-21 13:00:00+00:00,1.33908,1.33921,1.33831,1.33919
2026-07-21 13:15:00+00:00,1.33916,1.33962,1.33791,1.33794
2026-07-21 13:30:00+00:00,1.33799,1.33799,1.336,1.33636
2026-07-21 13:45:00+00:00,1.33634,1.33849,1.33619,1.3381
2026-07-21 14:00:00+00:00,1.33807,1.33977,1.33789,1.33964
2026-07-21 14:15:00+00:00,1.33944,1.33991,1.33881,1.33885
2026-07-21 14:30:00+00:00,1.33889,1.33891,1.33757,1.33807
2026-07-21 14:45:00+00:00,1.33804,1.33806,1.33655,1.33708
2026-07-21 15:00:00+00:00,1.33698,1.33759,1.33693,1.33729
2026-07-21 15:15:00+00:00,1.33732,1.33803,1.33732,1.33792
2026-07-21 15:30:00+00:00,1.33787,1.33805,1.33751,1.33752
2026-07-21 15:45:00+00:00,1.33754,1.33771,1.3372,1.33724
2026-07-21 16:00:00+00:00,1.3372,1.33754,1.33699,1.33701
2026-07-21 16:15:00+00:00,1.33704,1.33743,1.33699,1.33723
2026-07-21 16:30:00+00:00,1.33725,1.33834,1.33724,1.33831
2026-07-21 16:45:00+00:00,1.33825,1.33842,1.33815,1.33842
2026-07-21 17:00:00+00:00,1.33839,1.33865,1.33811,1.33839
2026-07-21 17:15:00+00:00,1.33836,1.33866,1.33828,1.33862
2026-07-21 17:30:00+00:00,1.33856,1.3387,1.33846,1.33861
2026-07-21 17:45:00+00:00,1.33853,1.33875,1.33847,1.33855
2026-07-21 18:00:00+00:00,1.33852,1.33871,1.3377,1.33806
2026-07-21 18:15:00+00:00,1.33798,1.33811,1.33755,1.33803
2026-07-21 18:30:00+00:00,1.33804,1.33806,1.33753,1.33793
2026-07-21 18:45:00+00:00,1.33789,1.33812,1.33783,1.3381
2026-07-21 19:00:00+00:00,1.33803,1.33822,1.33801,1.33817
2026-07-21 19:15:00+00:00,1.33815,1.33842,1.33807,1.33835
2026-07-21 19:30:00+00:00,1.33836,1.33839,1.33806,1.33812
2026-07-21 19:45:00+00:00,1.33815,1.33848,1.33808,1.33816
2026-07-21 20:00:00+00:00,1.33815,1.33815,1.33784,1.33795
2026-07-21 20:15:00+00:00,1.33792,1.33794,1.33767,1.33789
2026-07-21 20:30:00+00:00,1.33789,1.33797,1.33783,1.33785
2026-07-21 20:45:00+00:00,1.33786,1.33786,1.33736,1.3374
2026-07-21 21:00:00+00:00,1.33746,1.33829,1.33684,1.33793
2026-07-21 21:15:00+00:00,1.33794,1.33794,1.33715,1.33781
2026-07-21 21:30:00+00:00,1.33777,1.33788,1.33774,1.33781
2026-07-21 21:45:00+00:00,1.33782,1.33791,1.33772,1.33778
2026-07-21 22:00:00+00:00,1.33777,1.33785,1.33761,1.3377
2026-07-21 22:15:00+00:00,1.33768,1.33779,1.33756,1.33772
2026-07-21 22:30:00+00:00,1.33773,1.33776,1.33762,1.33773
2026-07-21 22:45:00+00:00,1.3377,1.3377,1.33745,1.33749
2026-07-21 23:00:00+00:00,1.33749,1.33772,1.33729,1.33752
2026-07-21 23:15:00+00:00,1.3375,1.33755,1.33736,1.33747
2026-07-21 23:30:00+00:00,1.33743,1.33763,1.33743,1.33761
2026-07-21 23:45:00+00:00,1.33757,1.33792,1.33755,1.33776
2026-07-22 00:00:00+00:00,1.33781,1.33822,1.33781,1.33821
2026-07-22 00:15:00+00:00,1.33814,1.33869,1.33814,1.33866
2026-07-22 00:30:00+00:00,1.33863,1.33874,1.33815,1.33819
2026-07-22 00:45:00+00:00,1.33819,1.33864,1.33812,1.33856
2026-07-22 01:00:00+00:00,1.33843,1.33882,1.33843,1.33871
2026-07-22 01:15:00+00:00,1.33869,1.33877,1.33833,1.33841
2026-07-22 01:30:00+00:00,1.33838,1.33848,1.33795,1.33818
2026-07-22 01:45:00+00:00,1.33813,1.33846,1.33813,1.3384
2026-07-22 02:00:00+00:00,1.33838,1.33852,1.33811,1.3385
2026-07-22 02:15:00+00:00,1.33848,1.33892,1.33836,1.3389
2026-07-22 02:30:00+00:00,1.33885,1.33892,1.33856,1.3387
2026-07-22 02:45:00+00:00,1.33868,1.33871,1.33848,1.33854
2026-07-22 03:00:00+00:00,1.33856,1.3388,1.33817,1.33821
2026-07-22 03:15:00+00:00,1.33821,1.33872,1.33821,1.3387
2026-07-22 03:30:00+00:00,1.33867,1.33876,1.33837,1.33839
2026-07-22 03:45:00+00:00,1.33838,1.33851,1.33828,1.33831
2026-07-22 04:00:00+00:00,1.33832,1.3384,1.33804,1.33818
2026-07-22 04:15:00+00:00,1.33813,1.33832,1.33813,1.3383
2026-07-22 04:30:00+00:00,1.33826,1.33855,1.33826,1.33851
2026-07-22 04:45:00+00:00,1.33849,1.33852,1.33826,1.33841
2026-07-22 05:00:00+00:00,1.33836,1.33862,1.33836,1.33857
2026-07-22 05:15:00+00:00,1.33856,1.33867,1.33837,1.33839
2026-07-22 05:30:00+00:00,1.33841,1.33844,1.33813,1.33818
2026-07-22 05:45:00+00:00,1.33816,1.33841,1.33802,1.33803
2026-07-22 06:00:00+00:00,1.33806,1.33912,1.33804,1.33867
2026-07-22 06:15:00+00:00,1.33865,1.3387,1.33714,1.33722
2026-07-22 06:30:00+00:00,1.33736,1.33749,1.33701,1.33729
2026-07-22 06:45:00+00:00,1.3373,1.33792,1.33717,1.33772
2026-07-22 07:00:00+00:00,1.33777,1.33851,1.3377,1.3385
2026-07-22 07:15:00+00:00,1.33847,1.33912,1.33836,1.33882
2026-07-22 07:30:00+00:00,1.3388,1.33949,1.3377,1.33792
2026-07-22 07:45:00+00:00,1.33789,1.33842,1.33762,1.33837
2026-07-22 08:00:00+00:00,1.33837,1.33837,1.33751,1.3376
2026-07-22 08:15:00+00:00,1.33757,1.33803,1.3374,1.33763
2026-07-22 08:30:00+00:00,1.33765,1.33841,1.33765,1.33811
2026-07-22 08:45:00+00:00,1.33802,1.33817,1.33715,1.33751
2026-07-22 09:00:00+00:00,1.33747,1.33751,1.33688,1.3369
2026-07-22 09:15:00+00:00,1.33694,1.33718,1.33676,1.33701
2026-07-22 09:30:00+00:00,1.337,1.33743,1.33693,1.33705
2026-07-22 09:45:00+00:00,1.33702,1.33717,1.33667,1.33681
2026-07-22 10:00:00+00:00,1.33682,1.33724,1.33667,1.33716
2026-07-22 10:15:00+00:00,1.33706,1.33731,1.33702,1.33716
2026-07-22 10:30:00+00:00,1.33714,1.33714,1.33663,1.33672
2026-07-22 10:45:00+00:00,1.33669,1.33722,1.33665,1.33721
2026-07-22 11:00:00+00:00,1.33717,1.33727,1.33693,1.33695
2026-07-22 11:15:00+00:00,1.33699,1.33705,1.33645,1.33662
2026-07-22 11:30:00+00:00,1.33654,1.33698,1.33643,1.33648
2026-07-22 11:45:00+00:00,1.33654,1.337,1.33643,1.33673
2026-07-22 12:00:00+00:00,1.3367,1.33697,1.33665,1.33692
2026-07-22 12:15:00+00:00,1.33688,1.33694,1.33661,1.33692
2026-07-22 12:30:00+00:00,1.33687,1.33724,1.33659,1.33667
2026-07-22 12:45:00+00:00,1.33665,1.33684,1.33553,1.33605
2026-07-22 13:00:00+00:00,1.33596,1.33683,1.33596,1.33658
2026-07-22 13:15:00+00:00,1.33659,1.33806,1.33623,1.33777
2026-07-22 13:30:00+00:00,1.3378,1.33889,1.33753,1.33886
2026-07-22 13:45:00+00:00,1.33878,1.3389,1.33824,1.33861
2026-07-22 14:00:00+00:00,1.33858,1.33883,1.33835,1.33869
2026-07-22 14:15:00+00:00,1.33856,1.33907,1.3382,1.3382
2026-07-22 14:30:00+00:00,1.33822,1.33838,1.33788,1.3381
2026-07-22 14:45:00+00:00,1.33807,1.33807,1.33732,1.3376
2026-07-22 15:00:00+00:00,1.33751,1.33792,1.33738,1.33781
2026-07-22 15:15:00+00:00,1.33781,1.33792,1.3372,1.33777
2026-07-22 15:30:00+00:00,1.33782,1.33795,1.3372,1.33758
2026-07-22 15:45:00+00:00,1.33756,1.33805,1.33749,1.33759
2026-07-22 16:00:00+00:00,1.33756,1.33769,1.33686,1.33687
2026-07-22 16:15:00+00:00,1.33688,1.33711,1.33661,1.337
2026-07-22 16:30:00+00:00,1.33702,1.33728,1.33679,1.33704
2026-07-22 16:45:00+00:00,1.33699,1.33738,1.33686,1.33737
2026-07-22 17:00:00+00:00,1.33733,1.33747,1.33715,1.33736
2026-07-22 17:15:00+00:00,1.33731,1.33738,1.33711,1.33736
2026-07-22 17:30:00+00:00,1.33734,1.33735,1.33689,1.33708
2026-07-22 17:45:00+00:00,1.33699,1.33735,1.33699,1.33718
2026-07-22 18:00:00+00:00,1.33715,1.33728,1.33693,1.337
2026-07-22 18:15:00+00:00,1.33698,1.33731,1.33698,1.33729
2026-07-22 18:30:00+00:00,1.33726,1.33736,1.33715,1.33729
2026-07-22 18:45:00+00:00,1.33724,1.33757,1.33722,1.33747
2026-07-22 19:00:00+00:00,1.33745,1.3375,1.33716,1.33728
2026-07-22 19:15:00+00:00,1.33727,1.33734,1.33713,1.33726
2026-07-22 19:30:00+00:00,1.33726,1.33736,1.33712,1.33733
2026-07-22 19:45:00+00:00,1.33729,1.3374,1.33713,1.33738
2026-07-22 20:00:00+00:00,1.33733,1.3377,1.33731,1.33766
2026-07-22 20:15:00+00:00,1.33761,1.33773,1.33761,1.33768
2026-07-22 20:30:00+00:00,1.33766,1.33769,1.33743,1.33757
2026-07-22 20:45:00+00:00,1.3376,1.33765,1.3375,1.33761
2026-07-22 21:00:00+00:00,1.3376,1.33789,1.33751,1.33786
2026-07-22 21:15:00+00:00,1.33784,1.33786,1.33757,1.33764
2026-07-22 21:30:00+00:00,1.33765,1.33765,1.3374,1.33743
2026-07-22 21:45:00+00:00,1.33745,1.33776,1.33738,1.33763
2026-07-22 22:00:00+00:00,1.33762,1.33762,1.33692,1.33699
2026-07-22 22:15:00+00:00,1.33697,1.33706,1.3369,1.33698
2026-07-22 22:30:00+00:00,1.337,1.33704,1.3368,1.3368
2026-07-22 22:45:00+00:00,1.33683,1.3371,1.33683,1.33699
2026-07-22 23:00:00+00:00,1.337,1.33725,1.337,1.33724
2026-07-22 23:15:00+00:00,1.33718,1.33736,1.33718,1.33729
2026-07-22 23:30:00+00:00,1.33727,1.33754,1.33719,1.33737
2026-07-22 23:45:00+00:00,1.33738,1.3376,1.33736,1.33757
2026-07-23 00:00:00+00:00,1.33752,1.33776,1.33745,1.33752
2026-07-23 00:15:00+00:00,1.3375,1.33774,1.33733,1.33757
2026-07-23 00:30:00+00:00,1.33764,1.33772,1.33749,1.33771
2026-07-23 00:45:00+00:00,1.33768,1.33819,1.33743,1.33811
2026-07-23 01:00:00+00:00,1.33799,1.33835,1.33799,1.33831
2026-07-23 01:15:00+00:00,1.3383,1.3383,1.33804,1.3382
2026-07-23 01:30:00+00:00,1.33816,1.33865,1.338,1.33849
2026-07-23 01:45:00+00:00,1.33851,1.33852,1.33802,1.33816
2026-07-23 02:00:00+00:00,1.33818,1.33856,1.33813,1.33839
2026-07-23 02:15:00+00:00,1.33839,1.33856,1.33834,1.33836
2026-07-23 02:30:00+00:00,1.33837,1.33879,1.33825,1.33872
2026-07-23 02:45:00+00:00,1.33869,1.33905,1.33869,1.33902
2026-07-23 03:00:00+00:00,1.33896,1.3391,1.33846,1.33849
2026-07-23 03:15:00+00:00,1.33854,1.339,1.33842,1.33898
2026-07-23 03:30:00+00:00,1.33894,1.33911,1.3389,1.339
2026-07-23 03:45:00+00:00,1.33901,1.33909,1.33885,1.3389
2026-07-23 04:00:00+00:00,1.33891,1.33937,1.33875,1.33928
2026-07-23 04:15:00+00:00,1.33927,1.33927,1.33872,1.33895
2026-07-23 04:30:00+00:00,1.33892,1.33911,1.33882,1.33884
2026-07-23 04:45:00+00:00,1.33885,1.33899,1.33849,1.33867
2026-07-23 05:00:00+00:00,1.33861,1.3388,1.33861,1.33864
2026-07-23 05:15:00+00:00,1.33866,1.33868,1.33822,1.33847
2026-07-23 05:30:00+00:00,1.33842,1.33874,1.33841,1.33867
2026-07-23 05:45:00+00:00,1.33865,1.33877,1.33861,1.33868
2026-07-23 06:00:00+00:00,1.33868,1.33906,1.33859,1.33874
2026-07-23 06:15:00+00:00,1.33883,1.33902,1.33863,1.33876
2026-07-23 06:30:00+00:00,1.33874,1.33874,1.33758,1.3379
2026-07-23 06:45:00+00:00,1.33777,1.3382,1.33769,1.33769
2026-07-23 07:00:00+00:00,1.3377,1.33775,1.33727,1.3375
2026-07-23 07:15:00+00:00,1.33743,1.33804,1.33743,1.33767
2026-07-23 07:30:00+00:00,1.33771,1.33797,1.33724,1.33729
2026-07-23 07:45:00+00:00,1.33738,1.33738,1.33679,1.33725
2026-07-23 08:00:00+00:00,1.33725,1.33774,1.33706,1.33745
2026-07-23 08:15:00+00:00,1.3375,1.33751,1.33656,1.33658
2026-07-23 08:30:00+00:00,1.33661,1.33677,1.33626,1.33634
2026-07-23 08:45:00+00:00,1.33629,1.33704,1.33628,1.3369
2026-07-23 09:00:00+00:00,1.33692,1.33744,1.33677,1.33685
2026-07-23 09:15:00+00:00,1.33688,1.33708,1.33662,1.33683
2026-07-23 09:30:00+00:00,1.33681,1.33765,1.33675,1.33763
2026-07-23 09:45:00+00:00,1.33755,1.33772,1.33718,1.33731
2026-07-23 10:00:00+00:00,1.33727,1.33741,1.33683,1.33694
2026-07-23 10:15:00+00:00,1.33689,1.33714,1.33662,1.33681
2026-07-23 10:30:00+00:00,1.33685,1.33708,1.33656,1.33661
2026-07-23 10:45:00+00:00,1.33658,1.3371,1.33613,1.33676
2026-07-23 11:00:00+00:00,1.33679,1.33688,1.33632,1.33664
2026-07-23 11:15:00+00:00,1.33668,1.33671,1.3357,1.33574
2026-07-23 11:30:00+00:00,1.33582,1.3359,1.33424,1.33451
2026-07-23 11:45:00+00:00,1.33441,1.33566,1.33433,1.33562
2026-07-23 12:00:00+00:00,1.33559,1.33565,1.3349,1.33532
2026-07-23 12:15:00+00:00,1.33534,1.33543,1.33413,1.33467
2026-07-23 12:30:00+00:00,1.33461,1.33491,1.33372,1.33376
2026-07-23 12:45:00+00:00,1.33377,1.33448,1.33356,1.33441
2026-07-23 13:00:00+00:00,1.33434,1.33438,1.33292,1.33298
2026-07-23 13:15:00+00:00,1.33308,1.33362,1.33262,1.33357
2026-07-23 13:30:00+00:00,1.33351,1.33456,1.33351,1.33404
2026-07-23 13:45:00+00:00,1.33402,1.33402,1.33297,1.33306
2026-07-23 14:00:00+00:00,1.33325,1.33325,1.33223,1.3328
2026-07-23 14:15:00+00:00,1.33265,1.33298,1.33218,1.33252
2026-07-23 14:30:00+00:00,1.33255,1.33295,1.33209,1.33216
2026-07-23 14:45:00+00:00,1.33228,1.33228,1.33127,1.33182
2026-07-23 15:00:00+00:00,1.33169,1.33237,1.33155,1.33184
2026-07-23 15:15:00+00:00,1.33177,1.33209,1.33077,1.33094
2026-07-23 15:30:00+00:00,1.33095,1.33128,1.33003,1.33106
2026-07-23 15:45:00+00:00,1.33113,1.3312,1.3306,1.33103
2026-07-23 16:00:00+00:00,1.33098,1.33195,1.33083,1.33193
2026-07-23 16:15:00+00:00,1.33187,1.33213,1.33138,1.33197
2026-07-23 16:30:00+00:00,1.33198,1.33241,1.33163,1.33236
2026-07-23 16:45:00+00:00,1.33228,1.33257,1.33228,1.33246
2026-07-23 17:00:00+00:00,1.33244,1.3325,1.33202,1.33208
2026-07-23 17:15:00+00:00,1.33215,1.33229,1.332,1.33213
2026-07-23 17:30:00+00:00,1.33211,1.33221,1.33172,1.33181
2026-07-23 17:45:00+00:00,1.33182,1.33192,1.33143,1.33145
2026-07-23 18:00:00+00:00,1.33147,1.3319,1.33139,1.33188
2026-07-23 18:15:00+00:00,1.33181,1.33181,1.33136,1.33173
2026-07-23 18:30:00+00:00,1.33167,1.33191,1.33142,1.33146
2026-07-23 18:45:00+00:00,1.33146,1.33172,1.33143,1.33145
2026-07-23 19:00:00+00:00,1.33147,1.33188,1.33136,1.33147
2026-07-23 19:15:00+00:00,1.33145,1.33161,1.33122,1.33158
2026-07-23 19:30:00+00:00,1.33153,1.33186,1.33153,1.33155
2026-07-23 19:45:00+00:00,1.33158,1.33184,1.33147,1.33184
2026-07-23 20:00:00+00:00,1.33182,1.33205,1.33172,1.33174
2026-07-23 20:15:00+00:00,1.33174,1.33175,1.33154,1.33163
2026-07-23 20:30:00+00:00,1.33159,1.33176,1.33154,1.33155
2026-07-23 20:45:00+00:00,1.33156,1.33171,1.33148,1.3315
2026-07-23 21:00:00+00:00,1.3315,1.33201,1.33088,1.33138
2026-07-23 21:15:00+00:00,1.33151,1.33191,1.33129,1.3318
2026-07-23 21:30:00+00:00,1.33179,1.33193,1.33135,1.33156
2026-07-23 21:45:00+00:00,1.33151,1.33172,1.33145,1.33171
2026-07-23 22:00:00+00:00,1.33169,1.33181,1.33136,1.33147
2026-07-23 22:15:00+00:00,1.33144,1.33164,1.33142,1.3315
2026-07-23 22:30:00+00:00,1.33147,1.33151,1.33129,1.33146
2026-07-23 22:45:00+00:00,1.33147,1.33169,1.33143,1.33166
2026-07-23 23:00:00+00:00,1.33162,1.33177,1.33142,1.33144
2026-07-23 23:15:00+00:00,1.33145,1.3316,1.33137,1.33156
2026-07-23 23:30:00+00:00,1.33154,1.33162,1.33122,1.33137
2026-07-23 23:45:00+00:00,1.33135,1.33156,1.3311,1.33135
2026-07-24 00:00:00+00:00,1.33132,1.33173,1.33122,1.33173
2026-07-24 00:15:00+00:00,1.33171,1.33179,1.33149,1.33173
2026-07-24 00:30:00+00:00,1.3317,1.33174,1.3315,1.33157
2026-07-24 00:45:00+00:00,1.33156,1.33233,1.33145,1.33221
2026-07-24 01:00:00+00:00,1.33205,1.33266,1.33205,1.33239
2026-07-24 01:15:00+00:00,1.33235,1.33249,1.3321,1.3323
2026-07-24 01:30:00+00:00,1.33224,1.33262,1.33204,1.33254
2026-07-24 01:45:00+00:00,1.33254,1.33263,1.33207,1.33209
2026-07-24 02:00:00+00:00,1.3321,1.33216,1.33188,1.33206
2026-07-24 02:15:00+00:00,1.33201,1.33211,1.33182,1.33198
2026-07-24 02:30:00+00:00,1.33195,1.33227,1.33182,1.33193
2026-07-24 02:45:00+00:00,1.33191,1.33193,1.3315,1.3316
2026-07-24 03:00:00+00:00,1.33158,1.33158,1.33117,1.33125
2026-07-24 03:15:00+00:00,1.33123,1.33136,1.33115,1.33127
2026-07-24 03:30:00+00:00,1.33124,1.33149,1.33115,1.33146
2026-07-24 03:45:00+00:00,1.33145,1.33155,1.33132,1.33145
2026-07-24 04:00:00+00:00,1.33139,1.33153,1.33136,1.33146
2026-07-24 04:15:00+00:00,1.33141,1.33152,1.33124,1.33129
2026-07-24 04:30:00+00:00,1.33125,1.3313,1.3309,1.33097
2026-07-24 04:45:00+00:00,1.33095,1.33103,1.33071,1.331
2026-07-24 05:00:00+00:00,1.33095,1.33129,1.33092,1.33123
2026-07-24 05:15:00+00:00,1.33123,1.33149,1.33119,1.33147
2026-07-24 05:30:00+00:00,1.33145,1.33169,1.33142,1.3315
2026-07-24 05:45:00+00:00,1.33154,1.33156,1.33101,1.33103
2026-07-24 06:00:00+00:00,1.33105,1.33129,1.33092,1.33111
2026-07-24 06:15:00+00:00,1.33104,1.33221,1.33104,1.33201
2026-07-24 06:30:00+00:00,1.33204,1.33247,1.33197,1.33242
2026-07-24 06:45:00+00:00,1.33233,1.33248,1.33199,1.33241
2026-07-24 07:00:00+00:00,1.33228,1.3339,1.33228,1.33385
2026-07-24 07:15:00+00:00,1.33378,1.33421,1.33316,1.3342
2026-07-24 07:30:00+00:00,1.33418,1.33442,1.33319,1.33322
2026-07-24 07:45:00+00:00,1.33323,1.33385,1.3331,1.33363
2026-07-24 08:00:00+00:00,1.33366,1.33366,1.33308,1.33354
2026-07-24 08:15:00+00:00,1.33355,1.33359,1.33276,1.33312
2026-07-24 08:30:00+00:00,1.3331,1.33324,1.33269,1.33272
2026-07-24 08:45:00+00:00,1.33273,1.33292,1.33197,1.33202
2026-07-24 09:00:00+00:00,1.33211,1.3323,1.3318,1.33183
2026-07-24 09:15:00+00:00,1.33187,1.33198,1.33135,1.33181
2026-07-24 09:30:00+00:00,1.33174,1.33221,1.33174,1.33198
2026-07-24 09:45:00+00:00,1.33195,1.33201,1.33148,1.33186
2026-07-24 10:00:00+00:00,1.33183,1.33191,1.33136,1.33163
2026-07-24 10:15:00+00:00,1.33164,1.33287,1.3316,1.33285
2026-07-24 10:30:00+00:00,1.33281,1.33289,1.33246,1.33256
2026-07-24 10:45:00+00:00,1.33254,1.3327,1.33186,1.33264
2026-07-24 11:00:00+00:00,1.33256,1.33275,1.33207,1.33274
2026-07-24 11:15:00+00:00,1.33273,1.33281,1.33248,1.33261
2026-07-24 11:30:00+00:00,1.33261,1.33261,1.33207,1.33217
2026-07-24 11:45:00+00:00,1.33223,1.33237,1.33116,1.33224
2026-07-24 12:00:00+00:00,1.33192,1.33259,1.33186,1.33247
2026-07-24 12:15:00+00:00,1.33249,1.33249,1.33161,1.33163
2026-07-24 12:30:00+00:00,1.33167,1.33177,1.33074,1.33077
2026-07-24 12:45:00+00:00,1.33079,1.33126,1.33073,1.33099
2026-07-24 13:00:00+00:00,1.33099,1.33145,1.33065,1.3314
2026-07-24 13:15:00+00:00,1.33132,1.3318,1.33113,1.33172
2026-07-24 13:30:00+00:00,1.33161,1.33205,1.33132,1.33196
2026-07-24 13:45:00+00:00,1.33196,1.33266,1.33184,1.33263
2026-07-24 14:00:00+00:00,1.3326,1.33287,1.33204,1.33247
2026-07-24 14:15:00+00:00,1.33249,1.33313,1.33225,1.33277
2026-07-24 14:30:00+00:00,1.33282,1.33296,1.33245,1.33265
2026-07-24 14:45:00+00:00,1.33263,1.33324,1.33239,1.33281
2026-07-24 15:00:00+00:00,1.33291,1.33449,1.33243,1.334
2026-07-24 15:15:00+00:00,1.33404,1.3349,1.33396,1.33425
2026-07-24 15:30:00+00:00,1.33418,1.33457,1.33395,1.33406
2026-07-24 15:45:00+00:00,1.3341,1.33437,1.33395,1.33411
2026-07-24 16:00:00+00:00,1.33414,1.33447,1.33397,1.33444
2026-07-24 16:15:00+00:00,1.33442,1.33454,1.33404,1.33406
2026-07-24 16:30:00+00:00,1.33409,1.33419,1.33365,1.33366
2026-07-24 16:45:00+00:00,1.33368,1.33372,1.33314,1.33343
2026-07-24 17:00:00+00:00,1.33341,1.33341,1.33241,1.33253
2026-07-24 17:15:00+00:00,1.33244,1.33264,1.33223,1.33262
2026-07-24 17:30:00+00:00,1.33259,1.33277,1.33218,1.3322
2026-07-24 17:45:00+00:00,1.33227,1.33261,1.33217,1.33258
2026-07-24 18:00:00+00:00,1.33256,1.33289,1.33246,1.33285
2026-07-24 18:15:00+00:00,1.33283,1.33294,1.33262,1.33271
2026-07-24 18:30:00+00:00,1.3327,1.33275,1.33241,1.33258
2026-07-24 18:45:00+00:00,1.33254,1.33282,1.3325,1.33266
2026-07-24 19:00:00+00:00,1.33265,1.33276,1.33256,1.33268
2026-07-24 19:15:00+00:00,1.33264,1.33269,1.33229,1.3323
2026-07-24 19:30:00+00:00,1.3323,1.33268,1.3323,1.33243
2026-07-24 19:45:00+00:00,1.33245,1.3325,1.33217,1.33228
2026-07-24 20:00:00+00:00,1.33227,1.3323,1.33205,1.33213
2026-07-24 20:15:00+00:00,1.3321,1.33214,1.332,1.33206
2026-07-24 20:30:00+00:00,1.33205,1.33205,1.33161,1.33165
2026-07-24 20:45:00+00:00,1.33176,1.33252,1.33176,1.33245
2026-07-24 21:00:00+00:00,1.33231,1.33257,1.33189,1.33217
2026-07-24 21:15:00+00:00,1.33213,1.3322,1.33184,1.33188
2026-07-24 21:30:00+00:00,1.33194,1.33237,1.33177,1.33215
2026-07-24 21:45:00+00:00,1.33211,1.33217,1.33177,1.3318
2026-07-24 22:00:00+00:00,1.33187,1.33243,1.33187,1.33218
2026-07-24 22:15:00+00:00,1.33214,1.33219,1.33204,1.33214
2026-07-24 22:30:00+00:00,1.33212,1.33217,1.33202,1.33203
2026-07-24 22:45:00+00:00,1.33207,1.33215,1.33197,1.33203
2026-07-24 23:00:00+00:00,1.33203,1.33245,1.33198,1.33205
2026-07-24 23:15:00+00:00,1.33203,1.33209,1.332,1.33204
2026-07-24 23:30:00+00:00,1.33202,1.33208,1.33201,1.33202
2026-07-24 23:45:00+00:00,1.33202,1.33209,1.332,1.33202
2026-07-25 00:00:00+00:00,1.33203,1.33233,1.332,1.33232
2026-07-25 00:15:00+00:00,1.33228,1.33243,1.33228,1.33239
2026-07-25 00:30:00+00:00,1.33236,1.33245,1.33236,1.3324
2026-07-25 00:45:00+00:00,1.33239,1.33245,1.33236,1.33238
2026-07-25 01:00:00+00:00,1.33239,1.33245,1.33236,1.33241
2026-07-25 01:15:00+00:00,1.33239,1.33245,1.33236,1.33242
2026-07-25 01:30:00+00:00,1.33239,1.33244,1.33227,1.33238
2026-07-25 01:45:00+00:00,1.33235,1.33248,1.33225,1.33236
2026-07-25 02:00:00+00:00,1.33238,1.33245,1.33236,1.3324
2026-07-25 02:15:00+00:00,1.33237,1.33244,1.33236,1.33242
2026-07-25 02:30:00+00:00,1.33239,1.33245,1.33223,1.33238
2026-07-25 02:45:00+00:00,1.33237,1.33244,1.33236,1.33236
2026-07-25 03:00:00+00:00,1.33237,1.33245,1.33236,1.33241
2026-07-25 03:15:00+00:00,1.33239,1.33244,1.33213,1.33233
2026-07-25 03:30:00+00:00,1.3323,1.33244,1.3323,1.33239
2026-07-25 03:45:00+00:00,1.33237,1.33244,1.33236,1.33239
2026-07-25 04:00:00+00:00,1.33239,1.33245,1.33235,1.33237
2026-07-25 04:15:00+00:00,1.33237,1.33245,1.33237,1.33242
2026-07-25 04:30:00+00:00,1.33239,1.33244,1.33236,1.3324
2026-07-25 04:45:00+00:00,1.33238,1.33244,1.33237,1.33237
2026-07-25 05:00:00+00:00,1.33237,1.33245,1.33227,1.33239
2026-07-25 05:15:00+00:00,1.33239,1.33245,1.33236,1.33241
2026-07-25 05:30:00+00:00,1.33238,1.33245,1.33225,1.33242
2026-07-25 05:45:00+00:00,1.33239,1.33244,1.33235,1.33238
2026-07-25 06:00:00+00:00,1.33239,1.33245,1.33237,1.33239
2026-07-25 06:15:00+00:00,1.33239,1.33243,1.33225,1.3324
2026-07-25 06:30:00+00:00,1.33238,1.33245,1.33226,1.33236
2026-07-25 06:45:00+00:00,1.33233,1.33244,1.33233,1.3324
2026-07-25 07:00:00+00:00,1.33239,1.33245,1.33236,1.33237
2026-07-25 07:15:00+00:00,1.33238,1.33244,1.33236,1.33241
2026-07-25 07:30:00+00:00,1.33239,1.33245,1.33237,1.33241
2026-07-25 07:45:00+00:00,1.33238,1.33245,1.33236,1.3324
2026-07-25 08:00:00+00:00,1.33238,1.33244,1.33235,1.33238
2026-07-25 08:15:00+00:00,1.33238,1.33245,1.3322,1.33241
2026-07-25 08:30:00+00:00,1.33238,1.33245,1.33236,1.33241
2026-07-25 08:45:00+00:00,1.33238,1.33244,1.33236,1.33239
2026-07-25 09:00:00+00:00,1.33238,1.33246,1.33225,1.33241
2026-07-25 09:15:00+00:00,1.33237,1.33245,1.33236,1.33242
2026-07-25 09:30:00+00:00,1.33239,1.33245,1.33236,1.33242
2026-07-25 09:45:00+00:00,1.33239,1.33244,1.33236,1.33241
2026-07-25 10:00:00+00:00,1.33239,1.33243,1.33229,1.33231
2026-07-25 10:15:00+00:00,1.33231,1.33237,1.33218,1.33223
2026-07-25 10:30:00+00:00,1.33223,1.3324,1.33222,1.33238
2026-07-25 10:45:00+00:00,1.33235,1.33242,1.33233,1.33238
2026-07-25 11:00:00+00:00,1.33236,1.33244,1.33223,1.33234
2026-07-25 11:15:00+00:00,1.33235,1.33242,1.33233,1.33235
2026-07-25 11:30:00+00:00,1.33236,1.33242,1.33221,1.33223
2026-07-25 11:45:00+00:00,1.33224,1.3323,1.33223,1.33227
2026-07-25 12:00:00+00:00,1.33224,1.33231,1.33223,1.33225
2026-07-25 12:15:00+00:00,1.33226,1.33232,1.33224,1.33225
2026-07-25 12:30:00+00:00,1.33226,1.33232,1.33224,1.33228
2026-07-25 12:45:00+00:00,1.33226,1.33233,1.33225,1.3323
2026-07-25 13:00:00+00:00,1.33227,1.33233,1.33225,1.33229
2026-07-25 13:15:00+00:00,1.33227,1.33233,1.33218,1.33219
2026-07-25 13:30:00+00:00,1.3322,1.33235,1.33218,1.33231
2026-07-25 13:45:00+00:00,1.33229,1.33235,1.33216,1.33223
2026-07-25 14:00:00+00:00,1.3322,1.33247,1.33217,1.33238
2026-07-25 14:15:00+00:00,1.33239,1.33246,1.33237,1.3324
2026-07-25 14:30:00+00:00,1.33241,1.33246,1.33223,1.33231
2026-07-25 14:45:00+00:00,1.33229,1.33239,1.33227,1.33237
2026-07-25 15:00:00+00:00,1.33234,1.33242,1.33227,1.33237
2026-07-25 15:15:00+00:00,1.33236,1.33248,1.3322,1.33225
2026-07-25 15:30:00+00:00,1.33226,1.33232,1.33224,1.33226
2026-07-25 15:45:00+00:00,1.33226,1.33232,1.33224,1.3323
2026-07-25 16:00:00+00:00,1.33227,1.33248,1.33211,1.33243
2026-07-25 16:15:00+00:00,1.33241,1.33245,1.33237,1.33238
2026-07-25 16:30:00+00:00,1.33239,1.33245,1.3323,1.33233
2026-07-25 16:45:00+00:00,1.33232,1.33232,1.33223,1.33229
2026-07-25 17:00:00+00:00,1.33226,1.33244,1.33214,1.33228
2026-07-25 17:15:00+00:00,1.33226,1.33232,1.33224,1.33225
2026-07-25 17:30:00+00:00,1.33226,1.33232,1.33224,1.33226
2026-07-25 17:45:00+00:00,1.33227,1.33233,1.33216,1.33223
2026-07-25 18:00:00+00:00,1.3322,1.3324,1.3322,1.33236
2026-07-25 18:15:00+00:00,1.33234,1.33239,1.33221,1.33223
2026-07-25 18:30:00+00:00,1.33223,1.33229,1.33222,1.33223
2026-07-25 18:45:00+00:00,1.33223,1.33231,1.33222,1.33227
2026-07-25 19:00:00+00:00,1.33225,1.33242,1.33223,1.33239
2026-07-25 19:15:00+00:00,1.33236,1.33241,1.33233,1.33235
2026-07-25 19:30:00+00:00,1.33235,1.33244,1.33234,1.33237
2026-07-25 19:45:00+00:00,1.33238,1.33249,1.33236,1.33245
2026-07-25 20:00:00+00:00,1.33243,1.33254,1.33227,1.33242
2026-07-25 20:15:00+00:00,1.33239,1.33245,1.33237,1.3324
2026-07-25 20:30:00+00:00,1.33239,1.33243,1.33227,1.33229
2026-07-25 20:45:00+00:00,1.3323,1.33241,1.33229,1.33237
2026-07-25 21:00:00+00:00,1.33234,1.33249,1.3323,1.33247
2026-07-25 21:15:00+00:00,1.33244,1.3325,1.3323,1.33235
2026-07-25 21:30:00+00:00,1.33233,1.33248,1.3323,1.33238
2026-07-25 21:45:00+00:00,1.3324,1.33249,1.3323,1.33241
2026-07-25 22:00:00+00:00,1.33241,1.33253,1.33229,1.3324
2026-07-25 22:15:00+00:00,1.33237,1.33245,1.33235,1.33241
2026-07-25 22:30:00+00:00,1.33239,1.33243,1.33235,1.33237
2026-07-25 22:45:00+00:00,1.33237,1.33243,1.33235,1.33237
2026-07-25 23:00:00+00:00,1.33237,1.33249,1.33237,1.33246
2026-07-25 23:15:00+00:00,1.33244,1.3325,1.33225,1.33231
2026-07-25 23:30:00+00:00,1.33229,1.33234,1.33227,1.33228
2026-07-25 23:45:00+00:00,1.33229,1.33235,1.33227,1.33228
2026-07-26 00:00:00+00:00,1.33229,1.33243,1.33227,1.33241
2026-07-26 00:15:00+00:00,1.33239,1.33243,1.33235,1.3324
2026-07-26 00:30:00+00:00,1.33237,1.33243,1.33234,1.33236
2026-07-26 00:45:00+00:00,1.33236,1.33242,1.33225,1.33228
2026-07-26 01:00:00+00:00,1.33229,1.33231,1.33219,1.33223
2026-07-26 01:15:00+00:00,1.33221,1.33227,1.33219,1.33224
2026-07-26 01:30:00+00:00,1.33221,1.33229,1.33219,1.33223
2026-07-26 01:45:00+00:00,1.33223,1.3323,1.33221,1.33223
2026-07-26 02:00:00+00:00,1.33224,1.3323,1.33222,1.33226
2026-07-26 02:15:00+00:00,1.33224,1.33231,1.33223,1.33228
2026-07-26 02:30:00+00:00,1.33225,1.33243,1.33224,1.3324
2026-07-26 02:45:00+00:00,1.33238,1.33248,1.33229,1.33243
2026-07-26 03:00:00+00:00,1.33244,1.33249,1.33238,1.3324
2026-07-26 03:15:00+00:00,1.3324,1.33248,1.33238,1.33245
2026-07-26 03:30:00+00:00,1.33243,1.33249,1.33237,1.33245
2026-07-26 03:45:00+00:00,1.33244,1.33249,1.3324,1.33241
2026-07-26 04:00:00+00:00,1.33242,1.33245,1.33237,1.33239
2026-07-26 04:15:00+00:00,1.33239,1.33244,1.33221,1.33226
2026-07-26 04:30:00+00:00,1.33224,1.33237,1.33222,1.33233
2026-07-26 04:45:00+00:00,1.33231,1.33236,1.33229,1.3323
2026-07-26 05:00:00+00:00,1.3323,1.33236,1.33223,1.33226
2026-07-26 05:15:00+00:00,1.33226,1.33233,1.33225,1.33229
2026-07-26 05:30:00+00:00,1.33227,1.33233,1.33225,1.3323
2026-07-26 05:45:00+00:00,1.33227,1.33233,1.33225,1.33227
2026-07-26 06:00:00+00:00,1.33227,1.33239,1.33221,1.33223
2026-07-26 06:15:00+00:00,1.33223,1.33232,1.33221,1.3323
2026-07-26 06:30:00+00:00,1.33223,1.33236,1.33223,1.33233
2026-07-26 06:45:00+00:00,1.3323,1.33236,1.33228,1.33232
2026-07-26 07:00:00+00:00,1.3323,1.33236,1.33228,1.33229
2026-07-26 07:15:00+00:00,1.3323,1.33236,1.33228,1.33233
2026-07-26 07:30:00+00:00,1.3323,1.33236,1.33224,1.33229
2026-07-26 07:45:00+00:00,1.33226,1.33232,1.33216,1.33218
2026-07-26 08:00:00+00:00,1.33218,1.33226,1.33216,1.33219
2026-07-26 08:15:00+00:00,1.3322,1.33226,1.33218,1.33222
2026-07-26 08:30:00+00:00,1.3322,1.33227,1.33218,1.33224
2026-07-26 08:45:00+00:00,1.33221,1.33227,1.33219,1.33222
2026-07-26 09:00:00+00:00,1.33221,1.33228,1.3322,1.33222
2026-07-26 09:15:00+00:00,1.33222,1.33228,1.33216,1.33218
2026-07-26 09:30:00+00:00,1.33218,1.33233,1.33217,1.3323
2026-07-26 09:45:00+00:00,1.33227,1.33233,1.3322,1.33224
2026-07-26 10:00:00+00:00,1.33222,1.33228,1.3322,1.33222
2026-07-26 10:15:00+00:00,1.33222,1.33236,1.33214,1.3323
2026-07-26 10:30:00+00:00,1.3323,1.33236,1.33228,1.33232
2026-07-26 10:45:00+00:00,1.3323,1.33236,1.33228,1.33232
2026-07-26 11:00:00+00:00,1.3323,1.33236,1.33228,1.33229
2026-07-26 11:15:00+00:00,1.3323,1.33236,1.33228,1.33229
2026-07-26 11:30:00+00:00,1.3323,1.33236,1.3322,1.33225
2026-07-26 11:45:00+00:00,1.33223,1.33229,1.33221,1.33226
2026-07-26 12:00:00+00:00,1.33223,1.33229,1.33221,1.33223
2026-07-26 12:15:00+00:00,1.33223,1.33229,1.33221,1.33222
2026-07-26 12:30:00+00:00,1.33223,1.33229,1.33221,1.33225
2026-07-26 12:45:00+00:00,1.33223,1.33229,1.33221,1.33226
2026-07-26 13:00:00+00:00,1.33223,1.33229,1.33221,1.33223
2026-07-26 13:15:00+00:00,1.33223,1.33248,1.3322,1.33224
2026-07-26 13:30:00+00:00,1.33225,1.33238,1.33218,1.33234
2026-07-26 13:45:00+00:00,1.33232,1.33238,1.3323,1.33235
2026-07-26 14:00:00+00:00,1.33232,1.33241,1.33216,1.33234
2026-07-26 14:15:00+00:00,1.33233,1.33239,1.33231,1.33232
2026-07-26 14:30:00+00:00,1.33233,1.33239,1.33231,1.33233
2026-07-26 14:45:00+00:00,1.33233,1.33238,1.332,1.33212
2026-07-26 15:00:00+00:00,1.33209,1.33212,1.33202,1.33208
2026-07-26 15:15:00+00:00,1.33206,1.33212,1.33204,1.33205
2026-07-26 15:30:00+00:00,1.33206,1.33227,1.33192,1.3322
2026-07-26 15:45:00+00:00,1.3322,1.33226,1.33218,1.33223
2026-07-26 16:00:00+00:00,1.3322,1.33235,1.33204,1.33214
2026-07-26 16:15:00+00:00,1.33212,1.33218,1.33211,1.33212
2026-07-26 16:30:00+00:00,1.33212,1.33218,1.33207,1.33209
2026-07-26 16:45:00+00:00,1.33209,1.33223,1.33207,1.33223
2026-07-26 17:00:00+00:00,1.3322,1.3325,1.33218,1.33246
2026-07-26 17:15:00+00:00,1.33243,1.33248,1.33238,1.33239
2026-07-26 17:30:00+00:00,1.3324,1.33246,1.33237,1.33237
2026-07-26 17:45:00+00:00,1.33239,1.33246,1.33237,1.33243
2026-07-26 18:00:00+00:00,1.33241,1.33246,1.33236,1.33241
2026-07-26 18:15:00+00:00,1.33238,1.33247,1.3323,1.33241
2026-07-26 18:30:00+00:00,1.33239,1.33245,1.33236,1.33238
2026-07-26 18:45:00+00:00,1.33239,1.33246,1.33237,1.33243
2026-07-26 19:00:00+00:00,1.33241,1.33387,1.33191,1.33327
2026-07-26 19:15:00+00:00,1.33308,1.33322,1.33166,1.33314
2026-07-26 19:30:00+00:00,1.33298,1.33408,1.33234,1.33295
2026-07-26 19:45:00+00:00,1.33289,1.33351,1.33198,1.33282
2026-07-26 20:00:00+00:00,1.3327,1.33323,1.3325,1.33286
2026-07-26 20:15:00+00:00,1.33245,1.3333,1.33222,1.33249
2026-07-26 20:30:00+00:00,1.33253,1.33388,1.33253,1.33363
2026-07-26 20:45:00+00:00,1.33357,1.33429,1.33297,1.33313
2026-07-26 21:00:00+00:00,1.33316,1.33373,1.33237,1.33353
2026-07-26 21:15:00+00:00,1.33338,1.33389,1.33267,1.33365
2026-07-26 21:30:00+00:00,1.3336,1.33369,1.333,1.33331
2026-07-26 21:45:00+00:00,1.33332,1.33415,1.33329,1.33346
2026-07-26 22:00:00+00:00,1.33362,1.33572,1.33362,1.33467
2026-07-26 22:15:00+00:00,1.33472,1.3349,1.33433,1.33458
2026-07-26 22:30:00+00:00,1.33452,1.33474,1.3344,1.33441
2026-07-26 22:45:00+00:00,1.33444,1.33469,1.33425,1.33426
2026-07-26 23:00:00+00:00,1.33427,1.33459,1.33427,1.33439
2026-07-26 23:15:00+00:00,1.33439,1.33456,1.33428,1.33443
2026-07-26 23:30:00+00:00,1.3344,1.33488,1.3344,1.33487
2026-07-26 23:45:00+00:00,1.33484,1.33522,1.33473,1.33519
2026-07-27 00:00:00+00:00,1.33513,1.33572,1.33497,1.33569
2026-07-27 00:15:00+00:00,1.3356,1.33599,1.3356,1.33597
2026-07-27 00:30:00+00:00,1.33592,1.33623,1.33574,1.33579
2026-07-27 00:45:00+00:00,1.33576,1.3358,1.3351,1.3352
2026-07-27 01:00:00+00:00,1.33517,1.33565,1.33508,1.33561
2026-07-27 01:15:00+00:00,1.3356,1.33569,1.33538,1.33543
2026-07-27 01:30:00+00:00,1.33539,1.33579,1.33519,1.33563
2026-07-27 01:45:00+00:00,1.33561,1.33633,1.33551,1.33623
2026-07-27 02:00:00+00:00,1.33609,1.33638,1.33597,1.33598
2026-07-27 02:15:00+00:00,1.336,1.33605,1.33568,1.33603
2026-07-27 02:30:00+00:00,1.336,1.33605,1.33564,1.33571
2026-07-27 02:45:00+00:00,1.33571,1.33577,1.33551,1.33552
2026-07-27 03:00:00+00:00,1.33555,1.33565,1.33535,1.3354
2026-07-27 03:15:00+00:00,1.33542,1.33549,1.33529,1.33546
2026-07-27 03:30:00+00:00,1.33542,1.33542,1.33506,1.33521
2026-07-27 03:45:00+00:00,1.33519,1.33531,1.33511,1.33519
2026-07-27 04:00:00+00:00,1.3352,1.33547,1.33517,1.33528
2026-07-27 04:15:00+00:00,1.3353,1.33549,1.33506,1.3351
2026-07-27 04:30:00+00:00,1.33507,1.33547,1.33504,1.33545
2026-07-27 04:45:00+00:00,1.33539,1.33539,1.33507,1.33528
2026-07-27 05:00:00+00:00,1.33527,1.33558,1.33501,1.33555
2026-07-27 05:15:00+00:00,1.3355,1.33559,1.33529,1.33541
2026-07-27 05:30:00+00:00,1.33538,1.33549,1.33526,1.33532
2026-07-27 05:45:00+00:00,1.33529,1.3356,1.33523,1.33538
2026-07-27 06:00:00+00:00,1.33539,1.33591,1.3352,1.33567
2026-07-27 06:15:00+00:00,1.3357,1.33585,1.33518,1.33584
2026-07-27 06:30:00+00:00,1.33579,1.33609,1.33551,1.33578
2026-07-27 06:45:00+00:00,1.33578,1.33593,1.33486,1.33509
2026-07-27 07:00:00+00:00,1.33507,1.33544,1.3339,1.33423
2026-07-27 07:15:00+00:00,1.3343,1.33492,1.33387,1.3349
2026-07-27 07:30:00+00:00,1.33485,1.3349,1.33416,1.33425
2026-07-27 07:45:00+00:00,1.33442,1.33442,1.33375,1.33382
2026-07-27 08:00:00+00:00,1.33393,1.33393,1.33333,1.33346
2026-07-27 08:15:00+00:00,1.33347,1.33352,1.33306,1.33341
2026-07-27 08:30:00+00:00,1.33336,1.33392,1.33328,1.33375
2026-07-27 08:45:00+00:00,1.3338,1.33404,1.33345,1.33401
2026-07-27 09:00:00+00:00,1.33399,1.33416,1.33335,1.33336
2026-07-27 09:15:00+00:00,1.33338,1.33344,1.33321,1.33339
2026-07-27 09:30:00+00:00,1.33337,1.33356,1.33301,1.33348
2026-07-27 09:45:00+00:00,1.33348,1.33349,1.33299,1.33321
2026-07-27 10:00:00+00:00,1.33325,1.33367,1.33282,1.33285
2026-07-27 10:15:00+00:00,1.33287,1.33333,1.33284,1.33299
2026-07-27 10:30:00+00:00,1.33301,1.33324,1.33278,1.33324
2026-07-27 10:45:00+00:00,1.33321,1.33321,1.33179,1.33184
2026-07-27 11:00:00+00:00,1.33191,1.33214,1.33101,1.33103
2026-07-27 11:15:00+00:00,1.3311,1.33186,1.3311,1.33171
2026-07-27 11:30:00+00:00,1.33162,1.33195,1.33124,1.33178
2026-07-27 11:45:00+00:00,1.33175,1.33175,1.33124,1.33141
2026-07-27 12:00:00+00:00,1.33133,1.33182,1.33099,1.33101
2026-07-27 12:15:00+00:00,1.33105,1.33149,1.33083,1.33147
2026-07-27 12:30:00+00:00,1.33142,1.33142,1.33051,1.33085
2026-07-27 12:45:00+00:00,1.33068,1.33179,1.33068,1.33177
2026-07-27 13:00:00+00:00,1.33171,1.33171,1.33094,1.33162
2026-07-27 13:15:00+00:00,1.33157,1.33166,1.33124,1.33131
2026-07-27 13:30:00+00:00,1.33131,1.33225,1.3312,1.33156
2026-07-27 13:45:00+00:00,1.33162,1.33185,1.33094,1.33097
2026-07-27 14:00:00+00:00,1.33099,1.33167,1.33059,1.33164
2026-07-27 14:15:00+00:00,1.33157,1.33172,1.33094,1.33101
2026-07-27 14:30:00+00:00,1.33101,1.33126,1.3306,1.33069
2026-07-27 14:45:00+00:00,1.33073,1.33093,1.33011,1.33027
2026-07-27 15:00:00+00:00,1.3302,1.33061,1.33006,1.33008
2026-07-27 15:15:00+00:00,1.33008,1.33069,1.33008,1.33049
2026-07-27 15:30:00+00:00,1.33052,1.33059,1.3303,1.33057
2026-07-27 15:45:00+00:00,1.33055,1.33062,1.33004,1.33041
2026-07-27 16:00:00+00:00,1.3305,1.3305,1.33005,1.33015
2026-07-27 16:15:00+00:00,1.33021,1.33133,1.33009,1.33109
2026-07-27 16:30:00+00:00,1.33111,1.33111,1.33069,1.33071
2026-07-27 16:45:00+00:00,1.33074,1.33074,1.33025,1.33052
2026-07-27 17:00:00+00:00,1.33048,1.33048,1.32876,1.32936
2026-07-27 17:15:00+00:00,1.32933,1.32933,1.32857,1.32865
2026-07-27 17:30:00+00:00,1.32861,1.32899,1.32844,1.32857
2026-07-27 17:45:00+00:00,1.32858,1.32915,1.32851,1.32905
2026-07-27 18:00:00+00:00,1.32903,1.32934,1.32894,1.32917
2026-07-27 18:15:00+00:00,1.32914,1.3292,1.32885,1.32894
2026-07-27 18:30:00+00:00,1.32895,1.32932,1.32887,1.32911
2026-07-27 18:45:00+00:00,1.32913,1.32918,1.32876,1.32878
2026-07-27 19:00:00+00:00,1.32881,1.32931,1.32873,1.32898
2026-07-27 19:15:00+00:00,1.32895,1.32931,1.32887,1.3293
2026-07-27 19:30:00+00:00,1.32927,1.32967,1.32927,1.3295
2026-07-27 19:45:00+00:00,1.32952,1.32958,1.32922,1.32923
2026-07-27 20:00:00+00:00,1.32925,1.32936,1.32903,1.32918
2026-07-27 20:15:00+00:00,1.32914,1.32923,1.32893,1.3291
2026-07-27 20:30:00+00:00,1.32909,1.32912,1.32866,1.32877
2026-07-27 20:45:00+00:00,1.32876,1.3289,1.3286,1.32889
2026-07-27 21:00:00+00:00,1.32886,1.33066,1.32881,1.32977
2026-07-27 21:15:00+00:00,1.3297,1.33002,1.3294,1.32977
2026-07-27 21:30:00+00:00,1.3297,1.32986,1.32926,1.32954
2026-07-27 21:45:00+00:00,1.3295,1.32957,1.3293,1.32938
2026-07-27 22:00:00+00:00,1.32939,1.32944,1.32876,1.32892
2026-07-27 22:15:00+00:00,1.32885,1.32907,1.32885,1.32904
2026-07-27 22:30:00+00:00,1.32901,1.32905,1.32888,1.32889
2026-07-27 22:45:00+00:00,1.3289,1.32896,1.32885,1.32886
2026-07-27 23:00:00+00:00,1.32887,1.32904,1.32876,1.32892
2026-07-27 23:15:00+00:00,1.3289,1.32897,1.32885,1.32892
2026-07-27 23:30:00+00:00,1.32889,1.32907,1.32886,1.32901
2026-07-27 23:45:00+00:00,1.329,1.32906,1.32871,1.329
2026-07-28 00:00:00+00:00,1.32894,1.32901,1.32864,1.32885
2026-07-28 00:15:00+00:00,1.32883,1.32935,1.32878,1.32932
2026-07-28 00:30:00+00:00,1.3293,1.3294,1.32916,1.32919
2026-07-28 00:45:00+00:00,1.32923,1.32936,1.32885,1.32932
2026-07-28 01:00:00+00:00,1.32926,1.3298,1.32926,1.32949
2026-07-28 01:15:00+00:00,1.32948,1.32951,1.32924,1.32948
2026-07-28 01:30:00+00:00,1.32944,1.32959,1.32926,1.32927
2026-07-28 01:45:00+00:00,1.32928,1.32942,1.32903,1.32925
2026-07-28 02:00:00+00:00,1.32921,1.32965,1.32915,1.32955
2026-07-28 02:15:00+00:00,1.32956,1.32963,1.32929,1.32931
2026-07-28 02:30:00+00:00,1.32931,1.32946,1.32926,1.32945
2026-07-28 02:45:00+00:00,1.32941,1.33003,1.3294,1.32987
2026-07-28 03:00:00+00:00,1.32988,1.32993,1.32957,1.32977
2026-07-28 03:15:00+00:00,1.32973,1.33015,1.32973,1.33012
2026-07-28 03:30:00+00:00,1.33009,1.33049,1.33006,1.33013
2026-07-28 03:45:00+00:00,1.33011,1.33012,1.32975,1.32976
2026-07-28 04:00:00+00:00,1.32979,1.32988,1.32933,1.32934
2026-07-28 04:15:00+00:00,1.32936,1.32959,1.32931,1.3294
2026-07-28 04:30:00+00:00,1.32933,1.32953,1.32933,1.32942
2026-07-28 04:45:00+00:00,1.3294,1.32968,1.32933,1.32942
2026-07-28 05:00:00+00:00,1.32938,1.32955,1.32892,1.329
2026-07-28 05:15:00+00:00,1.32898,1.32898,1.32868,1.32888
2026-07-28 05:30:00+00:00,1.32878,1.32912,1.32848,1.32899
2026-07-28 05:45:00+00:00,1.32891,1.329,1.32866,1.32875
2026-07-28 06:00:00+00:00,1.32878,1.32905,1.32867,1.32902
2026-07-28 06:15:00+00:00,1.32898,1.32954,1.32897,1.3295
2026-07-28 06:30:00+00:00,1.32939,1.32978,1.32926,1.32963
2026-07-28 06:45:00+00:00,1.3296,1.33019,1.3293,1.33015
2026-07-28 07:00:00+00:00,1.33008,1.33019,1.3295,1.32997
2026-07-28 07:15:00+00:00,1.33002,1.33048,1.33002,1.33035
2026-07-28 07:30:00+00:00,1.33036,1.33062,1.32982,1.32987
2026-07-28 07:45:00+00:00,1.32994,1.32997,1.32926,1.3293
2026-07-28 08:00:00+00:00,1.32936,1.33025,1.32927,1.33
2026-07-28 08:15:00+00:00,1.32991,1.33058,1.32989,1.33003
2026-07-28 08:30:00+00:00,1.33,1.33018,1.32968,1.32995
2026-07-28 08:45:00+00:00,1.32985,1.33035,1.32985,1.33021
2026-07-28 09:00:00+00:00,1.33017,1.33037,1.32933,1.32934
2026-07-28 09:15:00+00:00,1.32939,1.3296,1.32922,1.32938
2026-07-28 09:30:00+00:00,1.32933,1.32942,1.32898,1.32907
2026-07-28 09:45:00+00:00,1.32927,1.32927,1.32808,1.32812
2026-07-28 10:00:00+00:00,1.3281,1.3281,1.32737,1.32763
2026-07-28 10:15:00+00:00,1.32757,1.32804,1.32733,1.32782
2026-07-28 10:30:00+00:00,1.32781,1.32823,1.32776,1.32786
2026-07-28 10:45:00+00:00,1.32784,1.32814,1.32754,1.32807
2026-07-28 11:00:00+00:00,1.32805,1.32813,1.32751,1.32752
2026-07-28 11:15:00+00:00,1.32757,1.32827,1.32757,1.32807
2026-07-28 11:30:00+00:00,1.32808,1.32832,1.32805,1.32827
2026-07-28 11:45:00+00:00,1.32826,1.32826,1.32753,1.32801
2026-07-28 12:00:00+00:00,1.32797,1.32866,1.32791,1.32862
2026-07-28 12:15:00+00:00,1.32855,1.32885,1.32846,1.32859
2026-07-28 12:30:00+00:00,1.32855,1.32943,1.32837,1.32939
2026-07-28 12:45:00+00:00,1.32931,1.32988,1.32931,1.32984
2026-07-28 13:00:00+00:00,1.3298,1.33028,1.32959,1.32962
2026-07-28 13:15:00+00:00,1.32966,1.33007,1.32952,1.32977
2026-07-28 13:30:00+00:00,1.32976,1.32988,1.32952,1.32969
2026-07-28 13:45:00+00:00,1.3297,1.3303,1.32962,1.33005
2026-07-28 14:00:00+00:00,1.32996,1.33021,1.32964,1.3297
2026-07-28 14:15:00+00:00,1.32981,1.32981,1.3292,1.32937
2026-07-28 14:30:00+00:00,1.32946,1.32982,1.32919,1.32944
2026-07-28 14:45:00+00:00,1.32941,1.32951,1.32871,1.32914
2026-07-28 15:00:00+00:00,1.32905,1.33046,1.32896,1.33041
2026-07-28 15:15:00+00:00,1.33029,1.33076,1.33015,1.33047
2026-07-28 15:30:00+00:00,1.33048,1.33093,1.33039,1.33089
2026-07-28 15:45:00+00:00,1.33083,1.33107,1.33057,1.33079
2026-07-28 16:00:00+00:00,1.33069,1.33104,1.33069,1.33073
2026-07-28 16:15:00+00:00,1.33074,1.3309,1.33055,1.33086
2026-07-28 16:30:00+00:00,1.33083,1.33106,1.33045,1.33065
2026-07-28 16:45:00+00:00,1.33065,1.33067,1.33011,1.3302
2026-07-28 17:00:00+00:00,1.33022,1.33048,1.32986,1.33005
2026-07-28 17:15:00+00:00,1.33002,1.33053,1.32988,1.33
2026-07-28 17:30:00+00:00,1.33,1.33005,1.32961,1.32962
2026-07-28 17:45:00+00:00,1.32964,1.32964,1.32915,1.32917
2026-07-28 18:00:00+00:00,1.32919,1.3294,1.32896,1.32915
2026-07-28 18:15:00+00:00,1.32912,1.32921,1.32869,1.32881
2026-07-28 18:30:00+00:00,1.32878,1.32912,1.32876,1.32894
2026-07-28 18:45:00+00:00,1.32899,1.32912,1.32883,1.32892
2026-07-28 19:00:00+00:00,1.32894,1.32931,1.3289,1.32925
2026-07-28 19:15:00+00:00,1.3292,1.32956,1.32906,1.32918
2026-07-28 19:30:00+00:00,1.32916,1.32926,1.32908,1.32915
2026-07-28 19:45:00+00:00,1.32916,1.32958,1.32878,1.32881
2026-07-28 20:00:00+00:00,1.32886,1.32909,1.32875,1.32907
2026-07-28 20:15:00+00:00,1.32903,1.32916,1.32874,1.32877
2026-07-28 20:30:00+00:00,1.32876,1.3289,1.32866,1.32886
2026-07-28 20:45:00+00:00,1.32882,1.3291,1.32864,1.32906
2026-07-28 21:00:00+00:00,1.329,1.32963,1.32878,1.32921
2026-07-28 21:15:00+00:00,1.32912,1.32956,1.32904,1.32918
2026-07-28 21:30:00+00:00,1.32921,1.32928,1.32912,1.32915
2026-07-28 21:45:00+00:00,1.32916,1.32928,1.32889,1.32891
2026-07-28 22:00:00+00:00,1.32895,1.32916,1.32889,1.32898
2026-07-28 22:15:00+00:00,1.32908,1.32908,1.32839,1.32855
2026-07-28 22:30:00+00:00,1.32853,1.32862,1.32837,1.32848
2026-07-28 22:45:00+00:00,1.32846,1.32856,1.32837,1.32846
2026-07-28 23:00:00+00:00,1.32848,1.32856,1.32807,1.32834
2026-07-28 23:15:00+00:00,1.32828,1.32854,1.32828,1.32851
2026-07-28 23:30:00+00:00,1.32848,1.32855,1.32834,1.32835
2026-07-28 23:45:00+00:00,1.32837,1.32874,1.32837,1.32867
2026-07-29 00:00:00+00:00,1.32863,1.32881,1.32832,1.32858
2026-07-29 00:15:00+00:00,1.32855,1.3292,1.32853,1.32911
2026-07-29 00:30:00+00:00,1.32907,1.32925,1.32903,1.32918
2026-07-29 00:45:00+00:00,1.32915,1.32943,1.32894,1.32928
2026-07-29 01:00:00+00:00,1.3293,1.3294,1.32882,1.32883
2026-07-29 01:15:00+00:00,1.32883,1.32927,1.32878,1.32896
2026-07-29 01:30:00+00:00,1.32897,1.32897,1.3282,1.32835
2026-07-29 01:45:00+00:00,1.32832,1.3289,1.32829,1.32886
2026-07-29 02:00:00+00:00,1.32882,1.32937,1.32882,1.32935
2026-07-29 02:15:00+00:00,1.32932,1.32978,1.32927,1.32947
2026-07-29 02:30:00+00:00,1.32949,1.32979,1.32942,1.3296
2026-07-29 02:45:00+00:00,1.32958,1.32963,1.32935,1.32952
2026-07-29 03:00:00+00:00,1.32952,1.32971,1.32942,1.32964
2026-07-29 03:15:00+00:00,1.32964,1.32987,1.32956,1.32978
2026-07-29 03:30:00+00:00,1.32975,1.32984,1.32966,1.32978
2026-07-29 03:45:00+00:00,1.32976,1.32995,1.32945,1.32946
2026-07-29 04:00:00+00:00,1.32949,1.32993,1.32945,1.32991
2026-07-29 04:15:00+00:00,1.32989,1.33002,1.32981,1.32986
2026-07-29 04:30:00+00:00,1.32993,1.33012,1.32966,1.33004
2026-07-29 04:45:00+00:00,1.33004,1.33011,1.32959,1.32977
2026-07-29 05:00:00+00:00,1.32971,1.33012,1.32971,1.33009
2026-07-29 05:15:00+00:00,1.33004,1.33016,1.32986,1.32987
2026-07-29 05:30:00+00:00,1.32987,1.33002,1.3297,1.33001
2026-07-29 05:45:00+00:00,1.32997,1.33023,1.32985,1.32993
2026-07-29 06:00:00+00:00,1.32996,1.33037,1.32979,1.33013
2026-07-29 06:15:00+00:00,1.33006,1.33043,1.32954,1.32958
2026-07-29 06:30:00+00:00,1.32957,1.33,1.32957,1.32997
2026-07-29 06:45:00+00:00,1.32994,1.33,1.32952,1.32978
2026-07-29 07:00:00+00:00,1.32975,1.33011,1.32958,1.32961
2026-07-29 07:15:00+00:00,1.32968,1.33037,1.32963,1.33013
2026-07-29 07:30:00+00:00,1.33014,1.33076,1.33005,1.33057
2026-07-29 07:45:00+00:00,1.33051,1.33051,1.33004,1.3302
2026-07-29 08:00:00+00:00,1.33014,1.33049,1.32989,1.3299
2026-07-29 08:15:00+00:00,1.32993,1.3304,1.32967,1.33026
2026-07-29 08:30:00+00:00,1.3302,1.33051,1.32993,1.3305
2026-07-29 08:45:00+00:00,1.33044,1.33092,1.33043,1.33062
2026-07-29 09:00:00+00:00,1.3307,1.3307,1.33028,1.33042
2026-07-29 09:15:00+00:00,1.33038,1.33057,1.33025,1.33042
2026-07-29 09:30:00+00:00,1.33043,1.33043,1.32963,1.32968
2026-07-29 09:45:00+00:00,1.32965,1.33032,1.32965,1.32977
2026-07-29 10:00:00+00:00,1.32982,1.32982,1.32919,1.3292
2026-07-29 10:15:00+00:00,1.32921,1.32942,1.32899,1.32908
2026-07-29 10:30:00+00:00,1.3291,1.32933,1.32896,1.32919
2026-07-29 10:45:00+00:00,1.3291,1.32947,1.32889,1.32904
2026-07-29 11:00:00+00:00,1.32901,1.3295,1.329,1.32949
2026-07-29 11:15:00+00:00,1.32948,1.32968,1.32924,1.32959
2026-07-29 11:30:00+00:00,1.32947,1.32982,1.32926,1.32928
2026-07-29 11:45:00+00:00,1.3293,1.32953,1.32908,1.32911
2026-07-29 12:00:00+00:00,1.32912,1.32937,1.32864,1.32878
2026-07-29 12:15:00+00:00,1.32877,1.32877,1.32795,1.32852
2026-07-29 12:30:00+00:00,1.32852,1.32884,1.32818,1.32865
2026-07-29 12:45:00+00:00,1.32868,1.32889,1.32813,1.3282
2026-07-29 13:00:00+00:00,1.32819,1.32864,1.32808,1.32817
2026-07-29 13:15:00+00:00,1.32817,1.32891,1.32817,1.32886
2026-07-29 13:30:00+00:00,1.32886,1.32915,1.3283,1.32874
2026-07-29 13:45:00+00:00,1.32866,1.32945,1.32866,1.32943
2026-07-29 14:00:00+00:00,1.32939,1.32967,1.32911,1.32925
2026-07-29 14:15:00+00:00,1.32928,1.32989,1.32882,1.32984
2026-07-29 14:30:00+00:00,1.32978,1.33074,1.32973,1.32979
2026-07-29 14:45:00+00:00,1.32988,1.32988,1.3283,1.32909
2026-07-29 15:00:00+00:00,1.32903,1.32921,1.32844,1.32899
2026-07-29 15:15:00+00:00,1.32905,1.32929,1.32828,1.32831
2026-07-29 15:30:00+00:00,1.32839,1.329,1.32839,1.32875
2026-07-29 15:45:00+00:00,1.3287,1.32901,1.32859,1.32863
2026-07-29 16:00:00+00:00,1.32863,1.32878,1.32816,1.32819
2026-07-29 16:15:00+00:00,1.32822,1.32861,1.32807,1.32857
2026-07-29 16:30:00+00:00,1.32858,1.32861,1.3281,1.32826
2026-07-29 16:45:00+00:00,1.32827,1.32892,1.32826,1.32892
2026-07-29 17:00:00+00:00,1.3289,1.32963,1.32864,1.32961
2026-07-29 17:15:00+00:00,1.32956,1.33004,1.32941,1.3298
2026-07-29 17:30:00+00:00,1.32985,1.33054,1.32966,1.33049
2026-07-29 17:45:00+00:00,1.33043,1.33067,1.33003,1.33018
2026-07-29 18:00:00+00:00,1.33012,1.33495,1.32928,1.33361
2026-07-29 18:15:00+00:00,1.33341,1.33396,1.3325,1.33296
2026-07-29 18:30:00+00:00,1.33286,1.33454,1.33142,1.33437
2026-07-29 18:45:00+00:00,1.33415,1.33648,1.33415,1.33643
2026-07-29 19:00:00+00:00,1.33632,1.33679,1.33564,1.33669
2026-07-29 19:15:00+00:00,1.33641,1.33872,1.33586,1.33591
2026-07-29 19:30:00+00:00,1.33598,1.33625,1.33493,1.33594
2026-07-29 19:45:00+00:00,1.3359,1.3359,1.33485,1.33492
2026-07-29 20:00:00+00:00,1.33503,1.33503,1.33433,1.3349
2026-07-29 20:15:00+00:00,1.33481,1.335,1.33456,1.33473
2026-07-29 20:30:00+00:00,1.33474,1.33627,1.3346,1.33624
2026-07-29 20:45:00+00:00,1.3362,1.33688,1.33606,1.33686
2026-07-29 21:00:00+00:00,1.33682,1.33702,1.33438,1.3362
2026-07-29 21:15:00+00:00,1.33634,1.3367,1.33604,1.33668
2026-07-29 21:30:00+00:00,1.33662,1.3367,1.33634,1.33657
2026-07-29 21:45:00+00:00,1.33652,1.33677,1.33609,1.33612
2026-07-29 22:00:00+00:00,1.33618,1.3371,1.33618,1.33691
2026-07-29 22:15:00+00:00,1.33689,1.33692,1.3367,1.33675
2026-07-29 22:30:00+00:00,1.33672,1.33693,1.33672,1.33686
2026-07-29 22:45:00+00:00,1.33683,1.33699,1.33674,1.33698
2026-07-29 23:00:00+00:00,1.33695,1.33763,1.33692,1.33718
2026-07-29 23:15:00+00:00,1.33717,1.33717,1.33662,1.33668
2026-07-29 23:30:00+00:00,1.33665,1.33681,1.33654,1.33663
2026-07-29 23:45:00+00:00,1.33666,1.33693,1.33647,1.33677
2026-07-30 00:00:00+00:00,1.33676,1.33691,1.33628,1.33667
2026-07-30 00:15:00+00:00,1.33664,1.33667,1.33538,1.33544
2026-07-30 00:30:00+00:00,1.33551,1.3357,1.33535,1.33549
2026-07-30 00:45:00+00:00,1.33548,1.33561,1.3354,1.33556
2026-07-30 01:00:00+00:00,1.3355,1.33599,1.3355,1.33573
2026-07-30 01:15:00+00:00,1.33575,1.33583,1.33532,1.33545
2026-07-30 01:30:00+00:00,1.3354,1.33592,1.33536,1.33569
2026-07-30 01:45:00+00:00,1.33565,1.33568,1.33524,1.33525
2026-07-30 02:00:00+00:00,1.33526,1.33561,1.33518,1.33536
2026-07-30 02:15:00+00:00,1.33536,1.33536,1.3349,1.33495
2026-07-30 02:30:00+00:00,1.33492,1.3352,1.33492,1.33512
2026-07-30 02:45:00+00:00,1.3351,1.33531,1.33495,1.33497
2026-07-30 03:00:00+00:00,1.33501,1.33503,1.33446,1.33447
2026-07-30 03:15:00+00:00,1.3345,1.33457,1.33422,1.33444
2026-07-30 03:30:00+00:00,1.33445,1.33482,1.33442,1.33478
2026-07-30 03:45:00+00:00,1.33476,1.33481,1.33463,1.33464
2026-07-30 04:00:00+00:00,1.33466,1.33485,1.33451,1.33474
2026-07-30 04:15:00+00:00,1.33475,1.3349,1.33475,1.33485
2026-07-30 04:30:00+00:00,1.33483,1.33502,1.33458,1.33461
2026-07-30 04:45:00+00:00,1.33464,1.33477,1.3344,1.33441
2026-07-30 05:00:00+00:00,1.33442,1.33485,1.3344,1.33482
2026-07-30 05:15:00+00:00,1.33481,1.33558,1.33469,1.33557
2026-07-30 05:30:00+00:00,1.33552,1.33561,1.33527,1.33538
2026-07-30 05:45:00+00:00,1.33535,1.33558,1.33483,1.33485
2026-07-30 06:00:00+00:00,1.33487,1.33515,1.33367,1.33372
2026-07-30 06:15:00+00:00,1.33379,1.33389,1.33351,1.33374
2026-07-30 06:30:00+00:00,1.33373,1.33401,1.33332,1.33388
2026-07-30 06:45:00+00:00,1.33391,1.33447,1.33375,1.33437
2026-07-30 07:00:00+00:00,1.33435,1.33505,1.33421,1.33461
2026-07-30 07:15:00+00:00,1.33465,1.33498,1.3341,1.33416
2026-07-30 07:30:00+00:00,1.33426,1.33431,1.33381,1.3343
2026-07-30 07:45:00+00:00,1.33424,1.33435,1.33378,1.3338
2026-07-30 08:00:00+00:00,1.33382,1.33507,1.33382,1.33505
2026-07-30 08:15:00+00:00,1.33502,1.33572,1.33486,1.33566
2026-07-30 08:30:00+00:00,1.33555,1.33618,1.33527,1.33588
2026-07-30 08:45:00+00:00,1.33582,1.33631,1.33549,1.33551
2026-07-30 09:00:00+00:00,1.33554,1.33704,1.33548,1.337
2026-07-30 09:15:00+00:00,1.33694,1.33763,1.33694,1.33756
2026-07-30 09:30:00+00:00,1.33756,1.33807,1.33721,1.33799
2026-07-30 09:45:00+00:00,1.3379,1.33842,1.33762,1.33804
2026-07-30 10:00:00+00:00,1.33811,1.33859,1.33764,1.33844
2026-07-30 10:15:00+00:00,1.33822,1.3395,1.33777,1.33811
2026-07-30 10:30:00+00:00,1.33813,1.34007,1.33813,1.34005
2026-07-30 10:45:00+00:00,1.34,1.34059,1.33917,1.33921
2026-07-30 11:00:00+00:00,1.33926,1.33984,1.33826,1.33837
2026-07-30 11:15:00+00:00,1.33848,1.33848,1.33749,1.33756
2026-07-30 11:30:00+00:00,1.3376,1.33793,1.33733,1.33737
2026-07-30 11:45:00+00:00,1.33742,1.33871,1.33735,1.33869
2026-07-30 12:00:00+00:00,1.3386,1.33946,1.33857,1.3394
2026-07-30 12:15:00+00:00,1.33929,1.33947,1.33829,1.33912
2026-07-30 12:30:00+00:00,1.33917,1.33937,1.33758,1.33773
2026-07-30 12:45:00+00:00,1.33798,1.33883,1.33693,1.33742
2026-07-30 13:00:00+00:00,1.33735,1.33783,1.33697,1.33738
2026-07-30 13:15:00+00:00,1.33757,1.3377,1.33688,1.33707
2026-07-30 13:30:00+00:00,1.33717,1.34156,1.33705,1.34137
2026-07-30 13:45:00+00:00,1.34103,1.34248,1.34037,1.34239
2026-07-30 14:00:00+00:00,1.34215,1.34466,1.34208,1.34411
2026-07-30 14:15:00+00:00,1.34412,1.34447,1.34307,1.34313
2026-07-30 14:30:00+00:00,1.34321,1.34354,1.34252,1.34295
2026-07-30 14:45:00+00:00,1.34283,1.34334,1.34269,1.34278
2026-07-30 15:00:00+00:00,1.34297,1.34349,1.34226,1.34264
2026-07-30 15:15:00+00:00,1.34245,1.34421,1.34242,1.34408
2026-07-30 15:30:00+00:00,1.34404,1.34558,1.34396,1.34551
2026-07-30 15:45:00+00:00,1.3454,1.34621,1.34507,1.34604
2026-07-30 16:00:00+00:00,1.34608,1.34671,1.34593,1.34633
2026-07-30 16:15:00+00:00,1.34636,1.347,1.34624,1.34671
2026-07-30 16:30:00+00:00,1.34666,1.34702,1.34629,1.34636
2026-07-30 16:45:00+00:00,1.34645,1.34645,1.34578,1.34624
2026-07-30 17:00:00+00:00,1.34611,1.34687,1.34604,1.34641
2026-07-30 17:15:00+00:00,1.34633,1.34633,1.34582,1.34589
2026-07-30 17:30:00+00:00,1.34588,1.3468,1.34556,1.34603
2026-07-30 17:45:00+00:00,1.34638,1.34738,1.34638,1.34716
2026-07-30 18:00:00+00:00,1.34713,1.34742,1.34677,1.34711
2026-07-30 18:15:00+00:00,1.34712,1.34736,1.34667,1.34692
2026-07-30 18:30:00+00:00,1.34685,1.34725,1.34683,1.34701
2026-07-30 18:45:00+00:00,1.34696,1.34751,1.34696,1.34747
2026-07-30 19:00:00+00:00,1.34739,1.34769,1.347,1.34715
2026-07-30 19:15:00+00:00,1.34712,1.34762,1.34693,1.34726
2026-07-30 19:30:00+00:00,1.3473,1.3473,1.34709,1.34727
2026-07-30 19:45:00+00:00,1.34724,1.34736,1.34677,1.34715
2026-07-30 20:00:00+00:00,1.34708,1.34725,1.34663,1.34715
2026-07-30 20:15:00+00:00,1.34712,1.34715,1.34653,1.34662
2026-07-30 20:30:00+00:00,1.34663,1.34688,1.34651,1.34674
2026-07-30 20:45:00+00:00,1.34674,1.3469,1.34633,1.34637
2026-07-30 21:00:00+00:00,1.34645,1.34706,1.34577,1.34642
2026-07-30 21:15:00+00:00,1.34647,1.34655,1.34618,1.34627
2026-07-30 21:30:00+00:00,1.34629,1.34645,1.34621,1.34635
2026-07-30 21:45:00+00:00,1.34632,1.34645,1.34618,1.34637
2026-07-30 22:00:00+00:00,1.34633,1.3469,1.34618,1.34662
2026-07-30 22:15:00+00:00,1.3466,1.34678,1.34651,1.34661
2026-07-30 22:30:00+00:00,1.34659,1.34714,1.34654,1.34677
2026-07-30 22:45:00+00:00,1.34679,1.34694,1.34666,1.34666
2026-07-30 23:00:00+00:00,1.34668,1.34684,1.34631,1.34633
2026-07-30 23:15:00+00:00,1.34634,1.34657,1.3461,1.34627
2026-07-30 23:30:00+00:00,1.3463,1.34631,1.34602,1.34613
2026-07-30 23:45:00+00:00,1.34609,1.34635,1.34606,1.34617
2026-07-31 00:00:00+00:00,1.34616,1.34629,1.34578,1.34614
2026-07-31 00:15:00+00:00,1.34613,1.34649,1.3459,1.34618
2026-07-31 00:30:00+00:00,1.34619,1.34628,1.34542,1.34549
2026-07-31 00:45:00+00:00,1.34549,1.3461,1.3454,1.34592
2026-07-31 01:00:00+00:00,1.34595,1.34626,1.34573,1.34576
2026-07-31 01:15:00+00:00,1.3458,1.34583,1.34541,1.34582
2026-07-31 01:30:00+00:00,1.34579,1.34596,1.34521,1.34523
2026-07-31 01:45:00+00:00,1.34526,1.34526,1.34485,1.34515
2026-07-31 02:00:00+00:00,1.34513,1.34597,1.34506,1.34595
2026-07-31 02:15:00+00:00,1.34592,1.34599,1.34543,1.34559
2026-07-31 02:30:00+00:00,1.34555,1.34575,1.34515,1.3453
2026-07-31 02:45:00+00:00,1.34532,1.34532,1.34499,1.34504
2026-07-31 03:00:00+00:00,1.34505,1.34542,1.34465,1.3448
2026-07-31 03:15:00+00:00,1.34477,1.34487,1.34454,1.34482
2026-07-31 03:30:00+00:00,1.34478,1.34491,1.34459,1.34474
2026-07-31 03:45:00+00:00,1.34466,1.34518,1.34466,1.34515
2026-07-31 04:00:00+00:00,1.3451,1.34529,1.34494,1.34498
2026-07-31 04:15:00+00:00,1.34498,1.34512,1.34485,1.34495
2026-07-31 04:30:00+00:00,1.34499,1.34499,1.34452,1.34463
2026-07-31 04:45:00+00:00,1.34459,1.3446,1.34427,1.34458
2026-07-31 05:00:00+00:00,1.34455,1.34497,1.3445,1.34475
2026-07-31 05:15:00+00:00,1.34476,1.34485,1.34434,1.34445
2026-07-31 05:30:00+00:00,1.34443,1.34463,1.34427,1.34458
2026-07-31 05:45:00+00:00,1.3445,1.3445,1.34412,1.34441
2026-07-31 06:00:00+00:00,1.34437,1.34551,1.34429,1.34503
2026-07-31 06:15:00+00:00,1.34517,1.34613,1.34517,1.34604
2026-07-31 06:30:00+00:00,1.34603,1.34603,1.34466,1.34475
2026-07-31 06:45:00+00:00,1.34476,1.34619,1.34461,1.34521
2026-07-31 07:00:00+00:00,1.34527,1.34554,1.34509,1.34552
2026-07-31 07:15:00+00:00,1.34548,1.34554,1.34453,1.34516
2026-07-31 07:30:00+00:00,1.34506,1.34523,1.34464,1.34513
2026-07-31 07:45:00+00:00,1.34507,1.34622,1.34495,1.34522
2026-07-31 08:00:00+00:00,1.34526,1.34526,1.34403,1.34406
2026-07-31 08:15:00+00:00,1.34414,1.34463,1.34369,1.34408
2026-07-31 08:30:00+00:00,1.34404,1.34457,1.34358,1.34454
2026-07-31 08:45:00+00:00,1.34446,1.34638,1.34432,1.34636
2026-07-31 09:00:00+00:00,1.3463,1.34682,1.34579,1.34587
2026-07-31 09:15:00+00:00,1.34589,1.34622,1.34559,1.34564
2026-07-31 09:30:00+00:00,1.3457,1.3457,1.34495,1.34506
2026-07-31 09:45:00+00:00,1.34504,1.34536,1.34453,1.34492
2026-07-31 10:00:00+00:00,1.34494,1.34513,1.34448,1.34487
2026-07-31 10:15:00+00:00,1.34485,1.34487,1.34438,1.34486
2026-07-31 10:30:00+00:00,1.34483,1.345,1.3445,1.34478
2026-07-31 10:45:00+00:00,1.34479,1.34487,1.34445,1.34447
2026-07-31 11:00:00+00:00,1.34449,1.34451,1.34371,1.34415
2026-07-31 11:15:00+00:00,1.34416,1.34419,1.34338,1.34355
2026-07-31 11:30:00+00:00,1.34357,1.34376,1.34237,1.34241
2026-07-31 11:45:00+00:00,1.34246,1.34246,1.34187,1.34202
2026-07-31 12:00:00+00:00,1.34197,1.34231,1.34158,1.34191
2026-07-31 12:15:00+00:00,1.34192,1.34219,1.34188,1.34193
2026-07-31 12:30:00+00:00,1.34193,1.34217,1.34165,1.34207
2026-07-31 12:45:00+00:00,1.34199,1.34277,1.34199,1.34223
2026-07-31 13:00:00+00:00,1.34235,1.34237,1.34149,1.3416
2026-07-31 13:15:00+00:00,1.34159,1.34315,1.34111,1.34297
2026-07-31 13:30:00+00:00,1.34298,1.34309,1.34011,1.34036
2026-07-31 13:45:00+00:00,1.34048,1.34205,1.34048,1.34097
2026-07-31 14:00:00+00:00,1.34119,1.34154,1.34035,1.3415
2026-07-31 14:15:00+00:00,1.3414,1.3423,1.3414,1.34225
2026-07-31 14:30:00+00:00,1.34218,1.34446,1.34218,1.34417
2026-07-31 14:45:00+00:00,1.34426,1.34608,1.34426,1.34575
2026-07-31 15:00:00+00:00,1.34563,1.34664,1.34541,1.34597
2026-07-31 15:15:00+00:00,1.34586,1.34666,1.34573,1.34617
2026-07-31 15:30:00+00:00,1.34629,1.34684,1.34588,1.34667
2026-07-31 15:45:00+00:00,1.34669,1.34722,1.34651,1.34658
2026-07-31 16:00:00+00:00,1.34662,1.3469,1.34636,1.34686
2026-07-31 16:15:00+00:00,1.34674,1.347,1.34622,1.34631
2026-07-31 16:30:00+00:00,1.34636,1.3467,1.34618,1.34642
2026-07-31 16:45:00+00:00,1.34642,1.3468,1.34639,1.34661
2026-07-31 17:00:00+00:00,1.34658,1.34721,1.34637,1.34717
2026-07-31 17:15:00+00:00,1.34704,1.34775,1.34691,1.34771
2026-07-31 17:30:00+00:00,1.34765,1.34848,1.34765,1.34843
2026-07-31 17:45:00+00:00,1.34836,1.34874,1.34762,1.34855
2026-07-31 18:00:00+00:00,1.34858,1.34882,1.34775,1.34807
2026-07-31 18:15:00+00:00,1.34797,1.348,1.34751,1.3478
2026-07-31 18:30:00+00:00,1.34783,1.34795,1.34764,1.34784
2026-07-31 18:45:00+00:00,1.34785,1.3483,1.34755,1.34829
2026-07-31 19:00:00+00:00,1.34828,1.34858,1.34818,1.34849
2026-07-31 19:15:00+00:00,1.34846,1.34846,1.34815,1.34833
2026-07-31 19:30:00+00:00,1.34829,1.34846,1.34791,1.34836
2026-07-31 19:45:00+00:00,1.34823,1.34864,1.34785,1.34788
2026-07-31 20:00:00+00:00,1.34794,1.34794,1.34733,1.3476
2026-07-31 20:15:00+00:00,1.34753,1.34878,1.3474,1.34832
2026-07-31 20:30:00+00:00,1.34839,1.34913,1.34837,1.34907
2026-07-31 20:45:00+00:00,1.349,1.34944,1.34798,1.34804
2026-07-31 21:00:00+00:00,1.34816,1.34838,1.34671,1.34821
2026-07-31 21:15:00+00:00,1.34818,1.34837,1.34795,1.34821
2026-07-31 21:30:00+00:00,1.34818,1.34838,1.34802,1.34825
2026-07-31 21:45:00+00:00,1.34823,1.34833,1.34813,1.34818
2026-07-31 22:00:00+00:00,1.34819,1.34842,1.34633,1.34821
2026-07-31 22:15:00+00:00,1.34818,1.34841,1.34802,1.34825
2026-07-31 22:30:00+00:00,1.34818,1.34835,1.34816,1.34831
2026-07-31 22:45:00+00:00,1.3483,1.34836,1.34814,1.34826
2026-07-31 23:00:00+00:00,1.34828,1.34836,1.34628,1.34818
2026-07-31 23:15:00+00:00,1.3482,1.34841,1.34809,1.34831
2026-07-31 23:30:00+00:00,1.34828,1.34836,1.34814,1.34831
2026-07-31 23:45:00+00:00,1.34831,1.34836,1.34824,1.34827
2026-08-01 00:00:00+00:00,1.34829,1.34854,1.34773,1.34777
2026-08-01 00:15:00+00:00,1.34778,1.348,1.34773,1.34781
2026-08-01 00:30:00+00:00,1.34778,1.34802,1.34774,1.34778
2026-08-01 00:45:00+00:00,1.34777,1.348,1.34761,1.34776
2026-08-01 01:00:00+00:00,1.34777,1.34802,1.34764,1.34774
2026-08-01 01:15:00+00:00,1.34775,1.348,1.34775,1.34779
2026-08-01 01:30:00+00:00,1.34776,1.34804,1.34774,1.34782
2026-08-01 01:45:00+00:00,1.3478,1.348,1.34766,1.34779
2026-08-01 02:00:00+00:00,1.34777,1.34814,1.34754,1.34784
2026-08-01 02:15:00+00:00,1.34788,1.34813,1.34774,1.34796
2026-08-01 02:30:00+00:00,1.34792,1.34804,1.34775,1.34778
2026-08-01 02:45:00+00:00,1.34778,1.348,1.34774,1.34793
2026-08-01 03:00:00+00:00,1.34789,1.348,1.34771,1.3478
2026-08-01 03:15:00+00:00,1.34786,1.348,1.34778,1.34796
2026-08-01 03:30:00+00:00,1.34793,1.34803,1.34775,1.34786
2026-08-01 03:45:00+00:00,1.34786,1.34802,1.34777,1.34797
2026-08-01 04:00:00+00:00,1.34793,1.34805,1.34782,1.34784
2026-08-01 04:15:00+00:00,1.34788,1.348,1.34776,1.34787
2026-08-01 04:30:00+00:00,1.34785,1.34798,1.34774,1.34778
2026-08-01 04:45:00+00:00,1.34778,1.34795,1.34774,1.34794
2026-08-01 05:00:00+00:00,1.3479,1.34799,1.34772,1.34776
2026-08-01 05:15:00+00:00,1.34785,1.34805,1.34774,1.34799
2026-08-01 05:30:00+00:00,1.34797,1.34801,1.34782,1.34791
2026-08-01 05:45:00+00:00,1.34786,1.34807,1.34778,1.34796
2026-08-01 06:00:00+00:00,1.34794,1.34795,1.34776,1.34779
2026-08-01 06:15:00+00:00,1.34781,1.34794,1.34769,1.34787
2026-08-01 06:30:00+00:00,1.34785,1.34804,1.34772,1.34786
2026-08-01 06:45:00+00:00,1.34789,1.34795,1.34775,1.34787
2026-08-01 07:00:00+00:00,1.34785,1.34798,1.34776,1.34786
2026-08-01 07:15:00+00:00,1.34788,1.34795,1.3478,1.34785
2026-08-01 07:30:00+00:00,1.34784,1.34804,1.34777,1.34791
2026-08-01 07:45:00+00:00,1.34788,1.34798,1.34778,1.34788
2026-08-01 08:00:00+00:00,1.34786,1.34807,1.34775,1.34776
2026-08-01 08:15:00+00:00,1.34777,1.34795,1.34766,1.3478
2026-08-01 08:30:00+00:00,1.3478,1.34786,1.34776,1.3478
2026-08-01 08:45:00+00:00,1.34777,1.34792,1.34771,1.34782
2026-08-01 09:00:00+00:00,1.3478,1.34785,1.34776,1.34782
2026-08-01 09:15:00+00:00,1.34782,1.34786,1.34777,1.34779
2026-08-01 09:30:00+00:00,1.34779,1.34791,1.34778,1.34783
2026-08-01 09:45:00+00:00,1.34781,1.34786,1.34776,1.34782
2026-08-01 10:00:00+00:00,1.3478,1.3479,1.34774,1.34782
2026-08-01 10:15:00+00:00,1.34779,1.34791,1.34772,1.3478
2026-08-01 10:30:00+00:00,1.34782,1.34785,1.34775,1.34778
2026-08-01 10:45:00+00:00,1.34776,1.34786,1.34774,1.34783
2026-08-01 11:00:00+00:00,1.3478,1.3479,1.34775,1.3478
2026-08-01 11:15:00+00:00,1.34778,1.34786,1.34776,1.34781
2026-08-01 11:30:00+00:00,1.34778,1.34793,1.34771,1.34781
2026-08-01 11:45:00+00:00,1.34783,1.34793,1.34773,1.34779
2026-08-01 12:00:00+00:00,1.34776,1.34785,1.34774,1.34775
2026-08-01 12:15:00+00:00,1.34776,1.34785,1.34775,1.34777
2026-08-01 12:30:00+00:00,1.34778,1.34786,1.34772,1.34776
2026-08-01 12:45:00+00:00,1.34776,1.34788,1.3477,1.34787
2026-08-01 13:00:00+00:00,1.34784,1.34785,1.34772,1.34779
2026-08-01 13:15:00+00:00,1.34778,1.34791,1.34771,1.34778
2026-08-01 13:30:00+00:00,1.34779,1.34785,1.34773,1.34782
2026-08-01 13:45:00+00:00,1.34778,1.34789,1.34774,1.34781
2026-08-01 14:00:00+00:00,1.34778,1.3479,1.34769,1.34787
2026-08-01 14:15:00+00:00,1.34784,1.34788,1.34776,1.34777
2026-08-01 14:30:00+00:00,1.34778,1.34792,1.34775,1.34785
2026-08-01 14:45:00+00:00,1.34785,1.34791,1.34783,1.34788
2026-08-01 15:00:00+00:00,1.34785,1.34804,1.34781,1.348
2026-08-01 15:15:00+00:00,1.34798,1.34805,1.34796,1.34804
2026-08-01 15:30:00+00:00,1.34801,1.34808,1.34799,1.34801
2026-08-01 15:45:00+00:00,1.34801,1.3481,1.34791,1.34797
2026-08-01 16:00:00+00:00,1.34795,1.34795,1.34731,1.34763
2026-08-01 16:15:00+00:00,1.34761,1.3478,1.3476,1.34774
2026-08-01 16:30:00+00:00,1.34774,1.34796,1.34772,1.34794
2026-08-01 16:45:00+00:00,1.3479,1.34793,1.34776,1.34781
2026-08-01 17:00:00+00:00,1.34779,1.34805,1.34718,1.3478
2026-08-01 17:15:00+00:00,1.34777,1.34783,1.34775,1.34775
2026-08-01 17:30:00+00:00,1.34776,1.3479,1.34774,1.34783
2026-08-01 17:45:00+00:00,1.34784,1.34793,1.34782,1.3479
2026-08-01 18:00:00+00:00,1.34784,1.34809,1.34729,1.3475
2026-08-01 18:15:00+00:00,1.34747,1.34792,1.3474,1.34787
2026-08-01 18:30:00+00:00,1.34786,1.34792,1.34784,1.34785
2026-08-01 18:45:00+00:00,1.34786,1.34798,1.34778,1.34784
2026-08-01 19:00:00+00:00,1.34781,1.34785,1.3474,1.34783
2026-08-01 19:15:00+00:00,1.34776,1.34789,1.34776,1.3478
2026-08-01 19:30:00+00:00,1.34778,1.34791,1.34774,1.34781
2026-08-01 19:45:00+00:00,1.34782,1.34801,1.34764,1.34786
2026-08-01 20:00:00+00:00,1.34786,1.34794,1.34727,1.34775
2026-08-01 20:15:00+00:00,1.34772,1.34779,1.3477,1.34777
2026-08-01 20:30:00+00:00,1.34771,1.34787,1.34771,1.3478
2026-08-01 20:45:00+00:00,1.3478,1.34793,1.34778,1.34787
2026-08-01 21:00:00+00:00,1.34787,1.34818,1.34727,1.34747
2026-08-01 21:15:00+00:00,1.34745,1.34765,1.34731,1.34761
2026-08-01 21:30:00+00:00,1.34759,1.34792,1.34758,1.34771
2026-08-01 21:45:00+00:00,1.34776,1.348,1.34776,1.34788
2026-08-01 22:00:00+00:00,1.34789,1.34828,1.34727,1.3478
2026-08-01 22:15:00+00:00,1.34778,1.34784,1.34776,1.3478
2026-08-01 22:30:00+00:00,1.34778,1.34801,1.34777,1.34796
2026-08-01 22:45:00+00:00,1.34796,1.34802,1.34794,1.34795
2026-08-01 23:00:00+00:00,1.34796,1.34802,1.34733,1.34757
2026-08-01 23:15:00+00:00,1.34755,1.34791,1.34753,1.34785
2026-08-01 23:30:00+00:00,1.34782,1.34788,1.3478,1.34784
2026-08-01 23:45:00+00:00,1.34782,1.34795,1.34775,1.34788
2026-08-02 00:00:00+00:00,1.34789,1.34799,1.34775,1.34781
2026-08-02 00:15:00+00:00,1.34779,1.34792,1.34779,1.34789
2026-08-02 00:30:00+00:00,1.34786,1.34798,1.34784,1.34793
2026-08-02 00:45:00+00:00,1.34792,1.34798,1.3479,1.34791
2026-08-02 01:00:00+00:00,1.34792,1.34807,1.34791,1.34805
2026-08-02 01:15:00+00:00,1.34801,1.34809,1.348,1.34807
2026-08-02 01:30:00+00:00,1.34804,1.34812,1.34802,1.34808
2026-08-02 01:45:00+00:00,1.34806,1.34813,1.34804,1.34807
2026-08-02 02:00:00+00:00,1.34808,1.34814,1.34806,1.34808
2026-08-02 02:15:00+00:00,1.34808,1.34815,1.34807,1.34812
2026-08-02 02:30:00+00:00,1.34809,1.34816,1.34784,1.34797
2026-08-02 02:45:00+00:00,1.34795,1.34807,1.34791,1.34801
2026-08-02 03:00:00+00:00,1.34801,1.3481,1.34799,1.34804
2026-08-02 03:15:00+00:00,1.34804,1.3481,1.34802,1.34806
2026-08-02 03:30:00+00:00,1.34804,1.34812,1.34802,1.34809
2026-08-02 03:45:00+00:00,1.34806,1.34812,1.34804,1.34806
2026-08-02 04:00:00+00:00,1.34806,1.34817,1.34806,1.3481
2026-08-02 04:15:00+00:00,1.34811,1.34816,1.34808,1.34813
2026-08-02 04:30:00+00:00,1.34811,1.34817,1.34809,1.34814
2026-08-02 04:45:00+00:00,1.34811,1.34818,1.3481,1.34813
2026-08-02 05:00:00+00:00,1.34813,1.34819,1.34811,1.34812
2026-08-02 05:15:00+00:00,1.34813,1.34819,1.34811,1.34816
2026-08-02 05:30:00+00:00,1.34813,1.3482,1.34811,1.34817
2026-08-02 05:45:00+00:00,1.34814,1.3482,1.34812,1.34815
2026-08-02 06:00:00+00:00,1.34814,1.34816,1.34789,1.34799
2026-08-02 06:15:00+00:00,1.348,1.34803,1.34789,1.34795
2026-08-02 06:30:00+00:00,1.34792,1.34803,1.34792,1.348
2026-08-02 06:45:00+00:00,1.34797,1.34806,1.34793,1.34802
2026-08-02 07:00:00+00:00,1.348,1.34806,1.34798,1.34799
2026-08-02 07:15:00+00:00,1.348,1.34809,1.34799,1.34807
2026-08-02 07:30:00+00:00,1.34803,1.34809,1.34801,1.34808
2026-08-02 07:45:00+00:00,1.34805,1.34813,1.34804,1.34809
2026-08-02 08:00:00+00:00,1.34807,1.34813,1.34805,1.34808
2026-08-02 08:15:00+00:00,1.34809,1.34815,1.34807,1.34809
2026-08-02 08:30:00+00:00,1.34809,1.34816,1.34807,1.34813
2026-08-02 08:45:00+00:00,1.3481,1.34816,1.34808,1.34812
2026-08-02 09:00:00+00:00,1.3481,1.34817,1.34809,1.34811
2026-08-02 09:15:00+00:00,1.34811,1.34817,1.34809,1.34811
2026-08-02 09:30:00+00:00,1.34811,1.34817,1.34809,1.34813
2026-08-02 09:45:00+00:00,1.34811,1.34818,1.34809,1.34815
2026-08-02 10:00:00+00:00,1.34812,1.34818,1.3481,1.34812
2026-08-02 10:15:00+00:00,1.34812,1.34818,1.3481,1.34811
2026-08-02 10:30:00+00:00,1.34812,1.34819,1.3481,1.34815
2026-08-02 10:45:00+00:00,1.34813,1.34819,1.34811,1.34816
2026-08-02 11:00:00+00:00,1.34813,1.34819,1.34811,1.34815
2026-08-02 11:15:00+00:00,1.34813,1.34819,1.34811,1.34812
2026-08-02 11:30:00+00:00,1.34813,1.34821,1.34811,1.34818
2026-08-02 11:45:00+00:00,1.34815,1.34821,1.34813,1.34819
2026-08-02 12:00:00+00:00,1.34815,1.34822,1.34813,1.34817
2026-08-02 12:15:00+00:00,1.34815,1.34822,1.34814,1.34814
2026-08-02 12:30:00+00:00,1.34815,1.34822,1.34813,1.34818
2026-08-02 12:45:00+00:00,1.34815,1.34822,1.34814,1.34818
2026-08-02 13:00:00+00:00,1.34815,1.34822,1.34813,1.34817
2026-08-02 13:15:00+00:00,1.34815,1.34819,1.34773,1.34786
2026-08-02 13:30:00+00:00,1.34787,1.34793,1.34785,1.34787
2026-08-02 13:45:00+00:00,1.34787,1.34793,1.34785,1.3479
2026-08-02 14:00:00+00:00,1.34787,1.34804,1.34771,1.34775
2026-08-02 14:15:00+00:00,1.34773,1.34779,1.34771,1.34772
2026-08-02 14:30:00+00:00,1.34773,1.34779,1.34771,1.34773
2026-08-02 14:45:00+00:00,1.34773,1.34818,1.34743,1.34805
2026-08-02 15:00:00+00:00,1.34803,1.34823,1.34793,1.3482
2026-08-02 15:15:00+00:00,1.34817,1.34823,1.34815,1.34817
2026-08-02 15:30:00+00:00,1.34817,1.34823,1.34815,1.34816
2026-08-02 15:45:00+00:00,1.34817,1.34823,1.34815,1.34819
2026-08-02 16:00:00+00:00,1.34817,1.34861,1.34738,1.34777
2026-08-02 16:15:00+00:00,1.34774,1.3478,1.34772,1.34774
2026-08-02 16:30:00+00:00,1.34774,1.3479,1.34772,1.34783
2026-08-02 16:45:00+00:00,1.34784,1.34795,1.3478,1.34792
2026-08-02 17:00:00+00:00,1.3479,1.34798,1.34771,1.34777
2026-08-02 17:15:00+00:00,1.34775,1.34781,1.34772,1.34776
2026-08-02 17:30:00+00:00,1.34775,1.34781,1.34773,1.34774
2026-08-02 17:45:00+00:00,1.34775,1.34781,1.3477,1.34775
2026-08-02 18:00:00+00:00,1.34773,1.34793,1.34725,1.34792
2026-08-02 18:15:00+00:00,1.34787,1.3479,1.34773,1.34788
2026-08-02 18:30:00+00:00,1.34786,1.34795,1.34777,1.34784
2026-08-02 18:45:00+00:00,1.34785,1.34789,1.34775,1.34781
2026-08-02 19:00:00+00:00,1.34779,1.34858,1.34738,1.34855
2026-08-02 19:15:00+00:00,1.34849,1.34925,1.34757,1.34798
2026-08-02 19:30:00+00:00,1.34802,1.34929,1.347,1.34804
2026-08-02 19:45:00+00:00,1.3481,1.34887,1.34693,1.34846
2026-08-02 20:00:00+00:00,1.34832,1.34923,1.34785,1.34836
2026-08-02 20:15:00+00:00,1.34848,1.34905,1.34795,1.34882
2026-08-02 20:30:00+00:00,1.34876,1.34915,1.34811,1.34908
2026-08-02 20:45:00+00:00,1.34895,1.34959,1.34765,1.34808
2026-08-02 21:00:00+00:00,1.34828,1.34958,1.34807,1.3492
2026-08-02 21:15:00+00:00,1.34912,1.34912,1.34825,1.34898
2026-08-02 21:30:00+00:00,1.34888,1.34956,1.34869,1.34928
2026-08-02 21:45:00+00:00,1.34919,1.34945,1.34867,1.34888
2026-08-02 22:00:00+00:00,1.34896,1.3506,1.34896,1.35058
2026-08-02 22:15:00+00:00,1.35051,1.35065,1.34969,1.34998
2026-08-02 22:30:00+00:00,1.34984,1.35013,1.3496,1.34963
2026-08-02 22:45:00+00:00,1.34964,1.34998,1.34943,1.34967
2026-08-02 23:00:00+00:00,1.34967,1.34968,1.34911,1.34925
2026-08-02 23:15:00+00:00,1.3492,1.34931,1.34901,1.34918
2026-08-02 23:30:00+00:00,1.34915,1.34935,1.34887,1.34889
2026-08-02 23:45:00+00:00,1.34892,1.34934,1.34892,1.3491
2026-08-03 00:00:00+00:00,1.34913,1.34917,1.3484,1.34841
2026-08-03 00:15:00+00:00,1.34842,1.34942,1.3484,1.34932
2026-08-03 00:30:00+00:00,1.34902,1.35014,1.34902,1.34997
2026-08-03 00:45:00+00:00,1.34998,1.35022,1.34862,1.34876
2026-08-03 01:00:00+00:00,1.34877,1.34896,1.34769,1.34771
2026-08-03 01:15:00+00:00,1.34775,1.34775,1.3472,1.34752
2026-08-03 01:30:00+00:00,1.34749,1.34749,1.34702,1.34742
2026-08-03 01:45:00+00:00,1.3474,1.34742,1.34711,1.34731
2026-08-03 02:00:00+00:00,1.34733,1.34762,1.34713,1.34715
2026-08-03 02:15:00+00:00,1.34717,1.34742,1.34698,1.34719
2026-08-03 02:30:00+00:00,1.34716,1.34754,1.34716,1.34738
2026-08-03 02:45:00+00:00,1.34736,1.34736,1.34691,1.34707
2026-08-03 03:00:00+00:00,1.34703,1.3471,1.34669,1.34686
2026-08-03 03:15:00+00:00,1.3468,1.34691,1.3466,1.34684
2026-08-03 03:30:00+00:00,1.34682,1.34683,1.34647,1.34658
2026-08-03 03:45:00+00:00,1.34655,1.3468,1.34653,1.34676
2026-08-03 04:00:00+00:00,1.34669,1.34696,1.34667,1.3469
2026-08-03 04:15:00+00:00,1.34684,1.34698,1.34677,1.3469
2026-08-03 04:30:00+00:00,1.34686,1.3472,1.34676,1.34713
2026-08-03 04:45:00+00:00,1.34708,1.34738,1.347,1.34722
2026-08-03 05:00:00+00:00,1.3472,1.34749,1.34701,1.3472
2026-08-03 05:15:00+00:00,1.34714,1.34727,1.34706,1.34722
2026-08-03 05:30:00+00:00,1.3472,1.34755,1.34713,1.34754
2026-08-03 05:45:00+00:00,1.34747,1.34775,1.34735,1.34753
2026-08-03 06:00:00+00:00,1.34757,1.34778,1.34731,1.34756
2026-08-03 06:15:00+00:00,1.34758,1.34772,1.34696,1.34714
2026-08-03 06:30:00+00:00,1.34705,1.3472,1.34594,1.34609
2026-08-03 06:45:00+00:00,1.34605,1.34629,1.34577,1.34615
2026-08-03 07:00:00+00:00,1.34621,1.34649,1.3459,1.34646
2026-08-03 07:15:00+00:00,1.34642,1.34692,1.34533,1.34645
2026-08-03 07:30:00+00:00,1.34643,1.34709,1.34638,1.34652
2026-08-03 07:45:00+00:00,1.34644,1.34663,1.34589,1.34617
2026-08-03 08:00:00+00:00,1.3461,1.34625,1.34555,1.34618
2026-08-03 08:15:00+00:00,1.34615,1.3462,1.34565,1.34588
2026-08-03 08:30:00+00:00,1.34585,1.34623,1.34566,1.34597
2026-08-03 08:45:00+00:00,1.34593,1.34599,1.34544,1.34548
2026-08-03 09:00:00+00:00,1.34553,1.34577,1.34501,1.34569
2026-08-03 09:15:00+00:00,1.34567,1.34567,1.34499,1.34546
2026-08-03 09:30:00+00:00,1.34535,1.34566,1.34519,1.34564
2026-08-03 09:45:00+00:00,1.34557,1.34603,1.34508,1.34518
2026-08-03 10:00:00+00:00,1.34538,1.34538,1.34486,1.34533
2026-08-03 10:15:00+00:00,1.34528,1.34576,1.34492,1.34574
2026-08-03 10:30:00+00:00,1.3457,1.34619,1.34557,1.34598
2026-08-03 10:45:00+00:00,1.34596,1.34617,1.34562,1.34604
2026-08-03 11:00:00+00:00,1.346,1.34652,1.34598,1.34641
2026-08-03 11:15:00+00:00,1.34643,1.34647,1.34561,1.34589
2026-08-03 11:30:00+00:00,1.34587,1.34635,1.34579,1.34631
2026-08-03 11:45:00+00:00,1.34623,1.34675,1.34623,1.34674
2026-08-03 12:00:00+00:00,1.34669,1.34704,1.34663,1.34665
2026-08-03 12:15:00+00:00,1.34667,1.34673,1.34629,1.3463
2026-08-03 12:30:00+00:00,1.34632,1.34722,1.34615,1.34618
2026-08-03 12:45:00+00:00,1.34623,1.34646,1.34576,1.34643
2026-08-03 13:00:00+00:00,1.34632,1.34667,1.34618,1.34629
2026-08-03 13:15:00+00:00,1.34645,1.34645,1.34588,1.34635
2026-08-03 13:30:00+00:00,1.34629,1.34655,1.34551,1.34583
2026-08-03 13:45:00+00:00,1.34581,1.34589,1.34486,1.34522
2026-08-03 14:00:00+00:00,1.34513,1.34557,1.34459,1.34508
2026-08-03 14:15:00+00:00,1.34496,1.34542,1.34457,1.3453
2026-08-03 14:30:00+00:00,1.34526,1.34543,1.3443,1.34436
2026-08-03 14:45:00+00:00,1.34448,1.3449,1.34385,1.34406
2026-08-03 15:00:00+00:00,1.34404,1.34404,1.3426,1.34268
2026-08-03 15:15:00+00:00,1.34265,1.34291,1.3425,1.34252
2026-08-03 15:30:00+00:00,1.34255,1.343,1.34248,1.3427
2026-08-03 15:45:00+00:00,1.34274,1.34345,1.34266,1.34344
2026-08-03 16:00:00+00:00,1.34341,1.34365,1.34311,1.34321
2026-08-03 16:15:00+00:00,1.34331,1.34331,1.34272,1.34281
2026-08-03 16:30:00+00:00,1.34283,1.34306,1.34267,1.34291
2026-08-03 16:45:00+00:00,1.34293,1.34293,1.34257,1.3428
2026-08-03 17:00:00+00:00,1.34279,1.34279,1.34238,1.34271
2026-08-03 17:15:00+00:00,1.34268,1.34268,1.34228,1.34247
2026-08-03 17:30:00+00:00,1.34245,1.34259,1.34225,1.34226
2026-08-03 17:45:00+00:00,1.34229,1.34254,1.34194,1.34197
2026-08-03 18:00:00+00:00,1.34196,1.34228,1.34183,1.34219
2026-08-03 18:15:00+00:00,1.34216,1.34271,1.34207,1.34261
2026-08-03 18:30:00+00:00,1.34261,1.34296,1.34253,1.34291
2026-08-03 18:45:00+00:00,1.34284,1.34344,1.34282,1.34309
2026-08-03 19:00:00+00:00,1.3431,1.34349,1.34309,1.34328
2026-08-03 19:15:00+00:00,1.34328,1.34348,1.34327,1.34345
2026-08-03 19:30:00+00:00,1.34342,1.34342,1.34313,1.34314
2026-08-03 19:45:00+00:00,1.34318,1.34341,1.34311,1.34312
2026-08-03 20:00:00+00:00,1.34314,1.34333,1.34304,1.34311
2026-08-03 20:15:00+00:00,1.34309,1.34317,1.34286,1.34297
2026-08-03 20:30:00+00:00,1.34294,1.34319,1.3429,1.34311
2026-08-03 20:45:00+00:00,1.34312,1.34342,1.34295,1.34339
2026-08-03 21:00:00+00:00,1.34334,1.34343,1.3428,1.34319
2026-08-03 21:15:00+00:00,1.34316,1.34316,1.34282,1.34304
2026-08-03 21:30:00+00:00,1.34301,1.34304,1.34291,1.34303
2026-08-03 21:45:00+00:00,1.34301,1.34307,1.34287,1.34299
2026-08-03 22:00:00+00:00,1.34294,1.34341,1.34287,1.3429
2026-08-03 22:15:00+00:00,1.34295,1.34306,1.3428,1.34292
2026-08-03 22:30:00+00:00,1.34289,1.34302,1.34282,1.343
2026-08-03 22:45:00+00:00,1.34298,1.3431,1.34296,1.34298
2026-08-03 23:00:00+00:00,1.34299,1.3432,1.34289,1.34305
2026-08-03 23:15:00+00:00,1.34303,1.34316,1.34295,1.34301
2026-08-03 23:30:00+00:00,1.34298,1.34301,1.34264,1.34268
2026-08-03 23:45:00+00:00,1.34266,1.34283,1.34253,1.34269
2026-08-04 00:00:00+00:00,1.34271,1.34327,1.3427,1.34284
2026-08-04 00:15:00+00:00,1.34288,1.34304,1.34273,1.34295
2026-08-04 00:30:00+00:00,1.34289,1.34325,1.34277,1.34309
2026-08-04 00:45:00+00:00,1.3431,1.34315,1.34244,1.34256
2026-08-04 01:00:00+00:00,1.34254,1.3427,1.34208,1.3425
2026-08-04 01:15:00+00:00,1.34246,1.34272,1.34238,1.34267
2026-08-04 01:30:00+00:00,1.34265,1.34307,1.34255,1.34298
2026-08-04 01:45:00+00:00,1.34298,1.34315,1.3427,1.34288
2026-08-04 02:00:00+00:00,1.34288,1.34322,1.34259,1.34319
2026-08-04 02:15:00+00:00,1.34314,1.3432,1.34264,1.34266
2026-08-04 02:30:00+00:00,1.34267,1.34304,1.34267,1.34297
2026-08-04 02:45:00+00:00,1.34293,1.34326,1.3428,1.34282
2026-08-04 03:00:00+00:00,1.34285,1.34311,1.3427,1.34282
2026-08-04 03:15:00+00:00,1.34283,1.34314,1.34273,1.34313
2026-08-04 03:30:00+00:00,1.34308,1.34323,1.34255,1.34262
2026-08-04 03:45:00+00:00,1.34259,1.34282,1.34255,1.34267
2026-08-04 04:00:00+00:00,1.34266,1.34271,1.34244,1.34247
2026-08-04 04:15:00+00:00,1.34248,1.34265,1.34244,1.34259
2026-08-04 04:30:00+00:00,1.34258,1.34263,1.34239,1.34261
2026-08-04 04:45:00+00:00,1.34257,1.3427,1.34237,1.34264
2026-08-04 05:00:00+00:00,1.34266,1.34266,1.34225,1.34226
2026-08-04 05:15:00+00:00,1.34227,1.34255,1.34216,1.34253
2026-08-04 05:30:00+00:00,1.3425,1.34266,1.34202,1.34224
2026-08-04 05:45:00+00:00,1.34219,1.34261,1.34198,1.34253
2026-08-04 06:00:00+00:00,1.34254,1.34266,1.34234,1.34263
2026-08-04 06:15:00+00:00,1.34259,1.34324,1.34259,1.34293
2026-08-04 06:30:00+00:00,1.34297,1.34322,1.34277,1.34293
2026-08-04 06:45:00+00:00,1.34289,1.34299,1.34269,1.34286
2026-08-04 07:00:00+00:00,1.34288,1.34343,1.34286,1.34324
2026-08-04 07:15:00+00:00,1.34325,1.34399,1.34311,1.34346
2026-08-04 07:30:00+00:00,1.34348,1.34378,1.3434,1.34348
2026-08-04 07:45:00+00:00,1.34355,1.34384,1.34331,1.34378
2026-08-04 08:00:00+00:00,1.34377,1.34389,1.34338,1.34338
2026-08-04 08:15:00+00:00,1.34339,1.34395,1.3433,1.34387
2026-08-04 08:30:00+00:00,1.34375,1.34409,1.34341,1.34409
2026-08-04 08:45:00+00:00,1.34406,1.34426,1.34367,1.34418
2026-08-04 09:00:00+00:00,1.34415,1.34428,1.34364,1.34398
2026-08-04 09:15:00+00:00,1.34393,1.34432,1.34392,1.34428
2026-08-04 09:30:00+00:00,1.34422,1.34428,1.34394,1.34402
2026-08-04 09:45:00+00:00,1.34401,1.34424,1.34385,1.34413
2026-08-04 10:00:00+00:00,1.3441,1.3444,1.34404,1.34438
2026-08-04 10:15:00+00:00,1.34436,1.34436,1.34398,1.34408
2026-08-04 10:30:00+00:00,1.34408,1.34431,1.34379,1.34422
2026-08-04 10:45:00+00:00,1.34404,1.34486,1.34404,1.34447
2026-08-04 11:00:00+00:00,1.34444,1.34446,1.34411,1.34444
2026-08-04 11:15:00+00:00,1.34438,1.34499,1.34438,1.34475
2026-08-04 11:30:00+00:00,1.34485,1.34542,1.34485,1.34511
2026-08-04 11:45:00+00:00,1.34511,1.34548,1.34454,1.34496
2026-08-04 12:00:00+00:00,1.34492,1.34492,1.34452,1.34471
2026-08-04 12:15:00+00:00,1.34472,1.34486,1.34445,1.34462
2026-08-04 12:30:00+00:00,1.34463,1.3454,1.34447,1.34537
2026-08-04 12:45:00+00:00,1.34535,1.34535,1.34427,1.34432
2026-08-04 13:00:00+00:00,1.34439,1.34439,1.34382,1.34419
2026-08-04 13:15:00+00:00,1.34415,1.34503,1.34387,1.34445
2026-08-04 13:30:00+00:00,1.34445,1.34507,1.34437,1.34485
2026-08-04 13:45:00+00:00,1.34488,1.34536,1.34454,1.34467
2026-08-04 14:00:00+00:00,1.34463,1.34554,1.34455,1.34525
2026-08-04 14:15:00+00:00,1.34523,1.34554,1.34504,1.3453
2026-08-04 14:30:00+00:00,1.34528,1.34535,1.34477,1.34508
2026-08-04 14:45:00+00:00,1.34513,1.34526,1.34438,1.34469
2026-08-04 15:00:00+00:00,1.34452,1.34485,1.34446,1.34449
2026-08-04 15:15:00+00:00,1.34455,1.34461,1.34423,1.34452
2026-08-04 15:30:00+00:00,1.34452,1.3451,1.34439,1.34496
2026-08-04 15:45:00+00:00,1.3449,1.34555,1.3449,1.34554
2026-08-04 16:00:00+00:00,1.34551,1.34566,1.34485,1.34564
2026-08-04 16:15:00+00:00,1.34557,1.34557,1.34506,1.34531
2026-08-04 16:30:00+00:00,1.3453,1.3453,1.34464,1.34469
2026-08-04 16:45:00+00:00,1.34481,1.34509,1.34457,1.34471
2026-08-04 17:00:00+00:00,1.34468,1.3449,1.34448,1.34454
2026-08-04 17:15:00+00:00,1.3445,1.34472,1.34428,1.3443
2026-08-04 17:30:00+00:00,1.34432,1.34458,1.34418,1.34455
2026-08-04 17:45:00+00:00,1.34451,1.34458,1.34439,1.34453
2026-08-04 18:00:00+00:00,1.34452,1.34452,1.34412,1.34421
2026-08-04 18:15:00+00:00,1.34419,1.34432,1.3441,1.34422
2026-08-04 18:30:00+00:00,1.34421,1.34436,1.34396,1.34432
2026-08-04 18:45:00+00:00,1.34427,1.34532,1.34427,1.34512
2026-08-04 19:00:00+00:00,1.34514,1.34541,1.34508,1.34516
2026-08-04 19:15:00+00:00,1.34522,1.34522,1.34494,1.34512
2026-08-04 19:30:00+00:00,1.34509,1.34519,1.34492,1.3451
2026-08-04 19:45:00+00:00,1.34511,1.34515,1.34491,1.34512
2026-08-04 20:00:00+00:00,1.34508,1.34531,1.34504,1.34519
2026-08-04 20:15:00+00:00,1.3452,1.34548,1.34517,1.34543
2026-08-04 20:30:00+00:00,1.34541,1.34541,1.34506,1.34512
2026-08-04 20:45:00+00:00,1.34513,1.34544,1.34508,1.34542
2026-08-04 21:00:00+00:00,1.34536,1.34537,1.34456,1.34479
2026-08-04 21:15:00+00:00,1.34475,1.34551,1.34475,1.34497
2026-08-04 21:30:00+00:00,1.34495,1.34499,1.34474,1.34483
2026-08-04 21:45:00+00:00,1.34483,1.34533,1.34475,1.34496
2026-08-04 22:00:00+00:00,1.34499,1.34531,1.34483,1.34512
2026-08-04 22:15:00+00:00,1.3451,1.34514,1.34503,1.34511
2026-08-04 22:30:00+00:00,1.34508,1.34532,1.34507,1.34527
2026-08-04 22:45:00+00:00,1.34526,1.34526,1.34498,1.34516
2026-08-04 23:00:00+00:00,1.34511,1.34524,1.34486,1.34511
2026-08-04 23:15:00+00:00,1.3451,1.34511,1.34493,1.34504
2026-08-04 23:30:00+00:00,1.34501,1.34501,1.34477,1.34478
2026-08-04 23:45:00+00:00,1.34478,1.34513,1.34478,1.3451
2026-08-05 00:00:00+00:00,1.34506,1.3453,1.34504,1.34515
2026-08-05 00:15:00+00:00,1.34512,1.34556,1.34512,1.34555
2026-08-05 00:30:00+00:00,1.34552,1.34562,1.34533,1.34537
2026-08-05 00:45:00+00:00,1.34543,1.34543,1.34492,1.34506
2026-08-05 01:00:00+00:00,1.34511,1.34513,1.34483,1.34492
2026-08-05 01:15:00+00:00,1.34494,1.34503,1.34453,1.34459
2026-08-05 01:30:00+00:00,1.34454,1.3447,1.34447,1.34455
2026-08-05 01:45:00+00:00,1.34451,1.34468,1.3445,1.3446
2026-08-05 02:00:00+00:00,1.34461,1.345,1.34447,1.34488
2026-08-05 02:15:00+00:00,1.34483,1.34535,1.34479,1.34532
2026-08-05 02:30:00+00:00,1.3453,1.34578,1.34515,1.34575
2026-08-05 02:45:00+00:00,1.34572,1.34585,1.34542,1.34545
2026-08-05 03:00:00+00:00,1.34549,1.34602,1.34534,1.34591
2026-08-05 03:15:00+00:00,1.34593,1.34601,1.34564,1.34572
2026-08-05 03:30:00+00:00,1.3457,1.34571,1.34553,1.34561
2026-08-05 03:45:00+00:00,1.34558,1.34574,1.34553,1.34564
2026-08-05 04:00:00+00:00,1.34564,1.34591,1.34558,1.34573
2026-08-05 04:15:00+00:00,1.34578,1.34604,1.34578,1.34591
2026-08-05 04:30:00+00:00,1.3459,1.34601,1.34567,1.34582
2026-08-05 04:45:00+00:00,1.34578,1.34581,1.34541,1.34547
2026-08-05 05:00:00+00:00,1.34546,1.34549,1.34515,1.34537
2026-08-05 05:15:00+00:00,1.34533,1.34565,1.34533,1.34552
2026-08-05 05:30:00+00:00,1.34554,1.34569,1.34544,1.34565
2026-08-05 05:45:00+00:00,1.34561,1.3459,1.34546,1.34572
2026-08-05 06:00:00+00:00,1.3457,1.3459,1.34559,1.34584
2026-08-05 06:15:00+00:00,1.34584,1.34593,1.34526,1.34531
2026-08-05 06:30:00+00:00,1.34531,1.34625,1.34519,1.34624
2026-08-05 06:45:00+00:00,1.34621,1.34677,1.34607,1.34665
2026-08-05 07:00:00+00:00,1.34666,1.34684,1.34573,1.34598
2026-08-05 07:15:00+00:00,1.34593,1.34619,1.34586,1.34589
2026-08-05 07:30:00+00:00,1.3459,1.34635,1.34584,1.34611
2026-08-05 07:45:00+00:00,1.3461,1.34682,1.34599,1.34679
2026-08-05 08:00:00+00:00,1.34671,1.34702,1.34624,1.34642
2026-08-05 08:15:00+00:00,1.3464,1.3468,1.34623,1.34667
2026-08-05 08:30:00+00:00,1.34668,1.34695,1.34579,1.34588
2026-08-05 08:45:00+00:00,1.34586,1.34601,1.34539,1.34597
2026-08-05 09:00:00+00:00,1.34589,1.34615,1.34553,1.34611
2026-08-05 09:15:00+00:00,1.3461,1.34644,1.3459,1.34641
2026-08-05 09:30:00+00:00,1.34636,1.34672,1.34624,1.34662
2026-08-05 09:45:00+00:00,1.34664,1.34672,1.34649,1.34666
2026-08-05 10:00:00+00:00,1.34658,1.34703,1.34644,1.34645
2026-08-05 10:15:00+00:00,1.34648,1.34696,1.34647,1.34648
2026-08-05 10:30:00+00:00,1.34651,1.34664,1.34636,1.34663
2026-08-05 10:45:00+00:00,1.34658,1.34681,1.34634,1.34678
2026-08-05 11:00:00+00:00,1.34675,1.3476,1.34675,1.34759
2026-08-05 11:15:00+00:00,1.34755,1.348,1.34735,1.34798
2026-08-05 11:30:00+00:00,1.34792,1.34827,1.34745,1.34799
2026-08-05 11:45:00+00:00,1.34804,1.34818,1.34773,1.34816
2026-08-05 12:00:00+00:00,1.3481,1.34814,1.34749,1.34757
2026-08-05 12:15:00+00:00,1.34755,1.34831,1.34751,1.34823
2026-08-05 12:30:00+00:00,1.34819,1.34845,1.34764,1.34767
2026-08-05 12:45:00+00:00,1.34773,1.34773,1.34691,1.34718
2026-08-05 13:00:00+00:00,1.34715,1.34731,1.34681,1.3471
2026-08-05 13:15:00+00:00,1.34708,1.34746,1.3466,1.34742
2026-08-05 13:30:00+00:00,1.34736,1.34763,1.34673,1.34689
2026-08-05 13:45:00+00:00,1.34692,1.34692,1.34604,1.34636
2026-08-05 14:00:00+00:00,1.34639,1.34816,1.34624,1.34769
2026-08-05 14:15:00+00:00,1.34772,1.34864,1.34762,1.34813
2026-08-05 14:30:00+00:00,1.34818,1.34832,1.3476,1.34785
2026-08-05 14:45:00+00:00,1.34782,1.3479,1.34707,1.34789
2026-08-05 15:00:00+00:00,1.34783,1.34824,1.34712,1.34716
2026-08-05 15:15:00+00:00,1.34723,1.34723,1.34667,1.34688
2026-08-05 15:30:00+00:00,1.34685,1.34693,1.34645,1.34678
2026-08-05 15:45:00+00:00,1.34678,1.34698,1.34575,1.34623
2026-08-05 16:00:00+00:00,1.34623,1.34664,1.34603,1.34642
2026-08-05 16:15:00+00:00,1.34639,1.34683,1.34639,1.34655
2026-08-05 16:30:00+00:00,1.34655,1.34657,1.34622,1.34631
2026-08-05 16:45:00+00:00,1.34628,1.34638,1.346,1.34601
2026-08-05 17:00:00+00:00,1.34603,1.34611,1.34561,1.34589
2026-08-05 17:15:00+00:00,1.34587,1.34648,1.34576,1.34646
2026-08-05 17:30:00+00:00,1.3464,1.34695,1.34638,1.34689
2026-08-05 17:45:00+00:00,1.34682,1.34709,1.34677,1.34708
2026-08-05 18:00:00+00:00,1.34706,1.34725,1.34692,1.34709
2026-08-05 18:15:00+00:00,1.34708,1.34732,1.3468,1.34729
2026-08-05 18:30:00+00:00,1.34726,1.34733,1.3468,1.3468
2026-08-05 18:45:00+00:00,1.34681,1.34705,1.34663,1.34698
2026-08-05 19:00:00+00:00,1.34698,1.34705,1.34664,1.34672
2026-08-05 19:15:00+00:00,1.34669,1.34678,1.3464,1.34643
2026-08-05 19:30:00+00:00,1.34646,1.3466,1.34638,1.34654
2026-08-05 19:45:00+00:00,1.34654,1.34661,1.34636,1.34643
2026-08-05 20:00:00+00:00,1.34645,1.34673,1.34642,1.34644
2026-08-05 20:15:00+00:00,1.34646,1.34654,1.34618,1.3465
2026-08-05 20:30:00+00:00,1.34647,1.34673,1.34647,1.34657
2026-08-05 20:45:00+00:00,1.34657,1.34689,1.34653,1.34688
2026-08-05 21:00:00+00:00,1.34685,1.34688,1.34647,1.34663
2026-08-05 21:15:00+00:00,1.34663,1.34707,1.34638,1.34664
2026-08-05 21:30:00+00:00,1.3466,1.34672,1.34638,1.34662
2026-08-05 21:45:00+00:00,1.34661,1.34677,1.34647,1.34651
2026-08-05 22:00:00+00:00,1.34651,1.34671,1.34643,1.34663
2026-08-05 22:15:00+00:00,1.34658,1.34681,1.34658,1.34676
2026-08-05 22:30:00+00:00,1.34672,1.3468,1.34664,1.34671
2026-08-05 22:45:00+00:00,1.34669,1.34681,1.3466,1.34662
2026-08-05 23:00:00+00:00,1.34667,1.34692,1.3466,1.34691
2026-08-05 23:15:00+00:00,1.34688,1.34695,1.34673,1.34681
2026-08-05 23:30:00+00:00,1.34679,1.34693,1.34673,1.34684
2026-08-05 23:45:00+00:00,1.34681,1.34714,1.34681,1.34687
2026-08-06 00:00:00+00:00,1.34689,1.34698,1.34666,1.34667
2026-08-06 00:15:00+00:00,1.34668,1.34701,1.34662,1.34679
2026-08-06 00:30:00+00:00,1.34686,1.34701,1.34664,1.34681
2026-08-06 00:45:00+00:00,1.34682,1.34709,1.3466,1.34662
2026-08-06 01:00:00+00:00,1.34668,1.34684,1.34639,1.34664
2026-08-06 01:15:00+00:00,1.34656,1.34709,1.34656,1.34683
2026-08-06 01:30:00+00:00,1.34688,1.3471,1.34677,1.34706
2026-08-06 01:45:00+00:00,1.34704,1.34704,1.34682,1.34683
2026-08-06 02:00:00+00:00,1.34684,1.34731,1.34682,1.34703
2026-08-06 02:15:00+00:00,1.347,1.34721,1.34686,1.34698
2026-08-06 02:30:00+00:00,1.34692,1.34708,1.34685,1.34705
2026-08-06 02:45:00+00:00,1.34702,1.34712,1.34675,1.34681
2026-08-06 03:00:00+00:00,1.34678,1.34684,1.34651,1.34651
2026-08-06 03:15:00+00:00,1.34652,1.34652,1.34606,1.34617
2026-08-06 03:30:00+00:00,1.34612,1.34634,1.346,1.34612
2026-08-06 03:45:00+00:00,1.34609,1.34609,1.34586,1.34592
2026-08-06 04:00:00+00:00,1.34592,1.34624,1.34592,1.34622
2026-08-06 04:15:00+00:00,1.34618,1.34621,1.34597,1.34603
2026-08-06 04:30:00+00:00,1.34604,1.34613,1.34586,1.34599
2026-08-06 04:45:00+00:00,1.34595,1.34608,1.34586,1.34604
2026-08-06 05:00:00+00:00,1.34603,1.34605,1.34566,1.34566
2026-08-06 05:15:00+00:00,1.34567,1.34574,1.34554,1.34567
2026-08-06 05:30:00+00:00,1.34564,1.34606,1.34557,1.34604
2026-08-06 05:45:00+00:00,1.34601,1.34638,1.34596,1.3463
2026-08-06 06:00:00+00:00,1.34629,1.34654,1.34613,1.34617
2026-08-06 06:15:00+00:00,1.34616,1.34622,1.34595,1.34611
2026-08-06 06:30:00+00:00,1.34606,1.34609,1.34553,1.34567
2026-08-06 06:45:00+00:00,1.34557,1.34607,1.3455,1.34588
2026-08-06 07:00:00+00:00,1.34586,1.34613,1.34568,1.34611
2026-08-06 07:15:00+00:00,1.34608,1.34631,1.34599,1.34604
2026-08-06 07:30:00+00:00,1.34608,1.34611,1.3457,1.3459
2026-08-06 07:45:00+00:00,1.34587,1.34615,1.34559,1.34614
2026-08-06 08:00:00+00:00,1.3461,1.34644,1.34591,1.34643
2026-08-06 08:15:00+00:00,1.34642,1.34649,1.34626,1.34632
2026-08-06 08:30:00+00:00,1.34632,1.34662,1.34602,1.34654
2026-08-06 08:45:00+00:00,1.34652,1.34652,1.34628,1.34637
2026-08-06 09:00:00+00:00,1.34632,1.3466,1.34615,1.34648
2026-08-06 09:15:00+00:00,1.34641,1.34657,1.34626,1.34637
2026-08-06 09:30:00+00:00,1.34637,1.3464,1.34533,1.34543
2026-08-06 09:45:00+00:00,1.34542,1.34572,1.34528,1.34567
2026-08-06 10:00:00+00:00,1.34565,1.34575,1.34553,1.34558
2026-08-06 10:15:00+00:00,1.34564,1.34613,1.34544,1.34606
2026-08-06 10:30:00+00:00,1.34598,1.34615,1.34588,1.34596
2026-08-06 10:45:00+00:00,1.34592,1.34624,1.34592,1.34622
2026-08-06 11:00:00+00:00,1.34619,1.34658,1.34607,1.34641
2026-08-06 11:15:00+00:00,1.34643,1.34662,1.34633,1.34652
2026-08-06 11:30:00+00:00,1.34653,1.34658,1.34599,1.34603
2026-08-06 11:45:00+00:00,1.34602,1.34677,1.34577,1.34676
2026-08-06 12:00:00+00:00,1.34671,1.34693,1.34633,1.34638
2026-08-06 12:15:00+00:00,1.34645,1.34706,1.34633,1.34702
2026-08-06 12:30:00+00:00,1.34697,1.34718,1.34682,1.34717
2026-08-06 12:45:00+00:00,1.34714,1.34714,1.34658,1.347
2026-08-06 13:00:00+00:00,1.34697,1.34711,1.34657,1.34659
2026-08-06 13:15:00+00:00,1.34662,1.34713,1.34653,1.34706
2026-08-06 13:30:00+00:00,1.347,1.3476,1.34685,1.34744
2026-08-06 13:45:00+00:00,1.34744,1.34795,1.34717,1.34781
2026-08-06 14:00:00+00:00,1.34781,1.3479,1.34664,1.34667
2026-08-06 14:15:00+00:00,1.3467,1.34718,1.34664,1.34691
2026-08-06 14:30:00+00:00,1.34692,1.3472,1.34652,1.34714
2026-08-06 14:45:00+00:00,1.34704,1.34725,1.34638,1.3466
2026-08-06 15:00:00+00:00,1.34659,1.34662,1.34585,1.34605
2026-08-06 15:15:00+00:00,1.34599,1.34599,1.34512,1.34536
2026-08-06 15:30:00+00:00,1.34542,1.34548,1.345,1.34536
2026-08-06 15:45:00+00:00,1.34528,1.34584,1.34521,1.3456
2026-08-06 16:00:00+00:00,1.34557,1.34584,1.3452,1.34543
2026-08-06 16:15:00+00:00,1.34552,1.34569,1.34497,1.3455
2026-08-06 16:30:00+00:00,1.34548,1.34564,1.34517,1.34518
2026-08-06 16:45:00+00:00,1.34521,1.3457,1.34513,1.34555
2026-08-06 17:00:00+00:00,1.34555,1.34593,1.34555,1.34564
2026-08-06 17:15:00+00:00,1.34566,1.34568,1.34521,1.34551
2026-08-06 17:30:00+00:00,1.34549,1.34568,1.34524,1.34541
2026-08-06 17:45:00+00:00,1.34539,1.34571,1.34531,1.34567
2026-08-06 18:00:00+00:00,1.34563,1.34595,1.34563,1.34587
2026-08-06 18:15:00+00:00,1.34585,1.34588,1.34551,1.34558
2026-08-06 18:30:00+00:00,1.34556,1.34566,1.34531,1.34532
2026-08-06 18:45:00+00:00,1.34537,1.34574,1.34532,1.34572
2026-08-06 19:00:00+00:00,1.34568,1.34594,1.34562,1.34564
2026-08-06 19:15:00+00:00,1.34566,1.34578,1.34503,1.34518
2026-08-06 19:30:00+00:00,1.34515,1.34532,1.34497,1.34502
2026-08-06 19:45:00+00:00,1.345,1.34566,1.3449,1.3454
2026-08-06 20:00:00+00:00,1.34543,1.34558,1.34526,1.34531
2026-08-06 20:15:00+00:00,1.34529,1.34529,1.34486,1.34492
2026-08-06 20:30:00+00:00,1.34489,1.34508,1.34486,1.34505
2026-08-06 20:45:00+00:00,1.34502,1.34545,1.34502,1.34541
2026-08-06 21:00:00+00:00,1.34535,1.3458,1.34526,1.34549
2026-08-06 21:15:00+00:00,1.34549,1.34578,1.34473,1.34555
2026-08-06 21:30:00+00:00,1.34551,1.34566,1.34472,1.34476
2026-08-06 21:45:00+00:00,1.34483,1.34553,1.34431,1.34452
2026-08-06 22:00:00+00:00,1.34503,1.34575,1.34503,1.34517
2026-08-06 22:15:00+00:00,1.3451,1.34526,1.3451,1.34523
2026-08-06 22:30:00+00:00,1.3452,1.34526,1.34512,1.34516
2026-08-06 22:45:00+00:00,1.34516,1.34525,1.34512,1.34516
2026-08-06 23:00:00+00:00,1.34518,1.34536,1.34517,1.3453
2026-08-06 23:15:00+00:00,1.3453,1.34545,1.3453,1.34543
2026-08-06 23:30:00+00:00,1.34541,1.34546,1.34529,1.34543
2026-08-06 23:45:00+00:00,1.34541,1.34557,1.34539,1.3455
2026-08-07 00:00:00+00:00,1.34547,1.34558,1.34518,1.34519
2026-08-07 00:15:00+00:00,1.34519,1.34522,1.34508,1.34521
2026-08-07 00:30:00+00:00,1.34518,1.34529,1.34503,1.3451
2026-08-07 00:45:00+00:00,1.34508,1.34521,1.34481,1.34502
2026-08-07 01:00:00+00:00,1.34499,1.34532,1.3449,1.3453
2026-08-07 01:15:00+00:00,1.34526,1.34531,1.34514,1.3453
2026-08-07 01:30:00+00:00,1.34528,1.34556,1.34506,1.34554
2026-08-07 01:45:00+00:00,1.34547,1.34562,1.34526,1.34541
2026-08-07 02:00:00+00:00,1.34539,1.34545,1.34525,1.34534
2026-08-07 02:15:00+00:00,1.34534,1.34543,1.34514,1.34538
2026-08-07 02:30:00+00:00,1.34536,1.34541,1.34517,1.34523
2026-08-07 02:45:00+00:00,1.3452,1.34546,1.34508,1.3452
2026-08-07 03:00:00+00:00,1.3452,1.34535,1.34506,1.34522
2026-08-07 03:15:00+00:00,1.34518,1.34523,1.34508,1.34511
2026-08-07 03:30:00+00:00,1.34512,1.34526,1.34506,1.34508
2026-08-07 03:45:00+00:00,1.3451,1.34528,1.34505,1.34526
2026-08-07 04:00:00+00:00,1.34524,1.34541,1.34524,1.34527
2026-08-07 04:15:00+00:00,1.34528,1.34545,1.34523,1.34541
2026-08-07 04:30:00+00:00,1.34538,1.34553,1.34533,1.34538
2026-08-07 04:45:00+00:00,1.34534,1.34551,1.34532,1.34541
2026-08-07 05:00:00+00:00,1.34544,1.34564,1.34532,1.34562
2026-08-07 05:15:00+00:00,1.34559,1.34561,1.34527,1.3453
2026-08-07 05:30:00+00:00,1.34529,1.34545,1.34517,1.34531
2026-08-07 05:45:00+00:00,1.34529,1.34544,1.34517,1.34532
2026-08-07 06:00:00+00:00,1.3453,1.34557,1.34517,1.34543
2026-08-07 06:15:00+00:00,1.34546,1.34585,1.34527,1.34554
2026-08-07 06:30:00+00:00,1.34556,1.34561,1.34521,1.34538
2026-08-07 06:45:00+00:00,1.34536,1.34567,1.34521,1.34541
2026-08-07 07:00:00+00:00,1.34543,1.34545,1.34488,1.34524
2026-08-07 07:15:00+00:00,1.34521,1.34542,1.34486,1.34496
2026-08-07 07:30:00+00:00,1.34494,1.34504,1.34465,1.34484
2026-08-07 07:45:00+00:00,1.3448,1.34505,1.34457,1.34491
2026-08-07 08:00:00+00:00,1.3449,1.34499,1.3445,1.34457
2026-08-07 08:15:00+00:00,1.34456,1.34479,1.34449,1.34459
2026-08-07 08:30:00+00:00,1.34458,1.34488,1.34443,1.34486
2026-08-07 08:45:00+00:00,1.34485,1.34508,1.34443,1.34457
2026-08-07 09:00:00+00:00,1.34453,1.34465,1.3441,1.34463
2026-08-07 09:15:00+00:00,1.34458,1.34463,1.34448,1.34453
2026-08-07 09:30:00+00:00,1.34452,1.34458,1.34392,1.34402
2026-08-07 09:45:00+00:00,1.34406,1.34435,1.344,1.34432
2026-08-07 10:00:00+00:00,1.34429,1.3443,1.34382,1.34387
2026-08-07 10:15:00+00:00,1.34396,1.344,1.34368,1.3437
2026-08-07 10:30:00+00:00,1.34375,1.34388,1.34356,1.3436
2026-08-07 10:45:00+00:00,1.34366,1.34392,1.34347,1.34391
2026-08-07 11:00:00+00:00,1.34388,1.34434,1.34378,1.34429
2026-08-07 11:15:00+00:00,1.34428,1.34443,1.34401,1.34405
2026-08-07 11:30:00+00:00,1.34406,1.34475,1.3439,1.34473
2026-08-07 11:45:00+00:00,1.34467,1.34493,1.34464,1.34492
2026-08-07 12:00:00+00:00,1.34485,1.34519,1.34479,1.34491
2026-08-07 12:15:00+00:00,1.34497,1.34503,1.34472,1.34484
2026-08-07 12:30:00+00:00,1.34487,1.35016,1.3443,1.35007
2026-08-07 12:45:00+00:00,1.34992,1.35093,1.34966,1.34991
2026-08-07 13:00:00+00:00,1.34978,1.3502,1.34942,1.35007
2026-08-07 13:15:00+00:00,1.34989,1.35084,1.34925,1.35046
2026-08-07 13:30:00+00:00,1.35052,1.35093,1.34942,1.3506
2026-08-07 13:45:00+00:00,1.35065,1.35065,1.34883,1.34887
2026-08-07 14:00:00+00:00,1.34893,1.34939,1.34847,1.34922
2026-08-07 14:15:00+00:00,1.34917,1.35016,1.34917,1.34967
2026-08-07 14:30:00+00:00,1.34975,1.34976,1.34907,1.34911
2026-08-07 14:45:00+00:00,1.34915,1.34917,1.34824,1.34888
2026-08-07 15:00:00+00:00,1.34884,1.34927,1.34837,1.3492
2026-08-07 15:15:00+00:00,1.34898,1.35002,1.34898,1.3496
2026-08-07 15:30:00+00:00,1.34964,1.34998,1.34916,1.34984
2026-08-07 15:45:00+00:00,1.34981,1.34996,1.34923,1.34972
2026-08-07 16:00:00+00:00,1.34973,1.35003,1.34935,1.34996
2026-08-07 16:15:00+00:00,1.34984,1.35027,1.34961,1.34993
2026-08-07 16:30:00+00:00,1.34995,1.35007,1.34971,1.34991
2026-08-07 16:45:00+00:00,1.34996,1.35044,1.34958,1.3496
2026-08-07 17:00:00+00:00,1.34964,1.3498,1.34941,1.34965
2026-08-07 17:15:00+00:00,1.34961,1.34984,1.34944,1.34981
2026-08-07 17:30:00+00:00,1.34979,1.34987,1.3494,1.3498
2026-08-07 17:45:00+00:00,1.3498,1.34987,1.34955,1.3496
2026-08-07 18:00:00+00:00,1.3496,1.34966,1.34912,1.34948
2026-08-07 18:15:00+00:00,1.34957,1.34957,1.34929,1.34951
2026-08-07 18:30:00+00:00,1.34949,1.34991,1.34945,1.34988
2026-08-07 18:45:00+00:00,1.34984,1.35006,1.3498,1.34991
2026-08-07 19:00:00+00:00,1.34991,1.35015,1.34987,1.34993
2026-08-07 19:15:00+00:00,1.34994,1.35037,1.34977,1.35031
2026-08-07 19:30:00+00:00,1.35029,1.35035,1.34996,1.35007
2026-08-07 19:45:00+00:00,1.35006,1.35012,1.34966,1.34981
2026-08-07 20:00:00+00:00,1.34978,1.34984,1.34939,1.34946
2026-08-07 20:15:00+00:00,1.34944,1.34946,1.3491,1.34915
2026-08-07 20:30:00+00:00,1.34912,1.34916,1.34895,1.34906
2026-08-07 20:45:00+00:00,1.34907,1.34938,1.349,1.34936
2026-08-07 21:00:00+00:00,1.34932,1.34939,1.34849,1.34898
2026-08-07 21:15:00+00:00,1.34899,1.3491,1.34891,1.34901
2026-08-07 21:30:00+00:00,1.34899,1.34911,1.34885,1.34903
2026-08-07 21:45:00+00:00,1.34902,1.34908,1.34893,1.34901
2026-08-07 22:00:00+00:00,1.34902,1.34922,1.34814,1.34904
2026-08-07 22:15:00+00:00,1.34902,1.34908,1.349,1.34905
2026-08-07 22:30:00+00:00,1.34901,1.34908,1.349,1.34903
2026-08-07 22:45:00+00:00,1.34902,1.34908,1.349,1.34901
2026-08-07 23:00:00+00:00,1.34902,1.34974,1.34772,1.349
2026-08-07 23:15:00+00:00,1.34899,1.34905,1.34898,1.34903
2026-08-07 23:30:00+00:00,1.34901,1.34906,1.34897,1.34901
2026-08-07 23:45:00+00:00,1.34899,1.34906,1.34897,1.34903
2026-08-08 00:00:00+00:00,1.349,1.34923,1.34897,1.34921
2026-08-08 00:15:00+00:00,1.34918,1.34923,1.34915,1.3492
2026-08-08 00:30:00+00:00,1.34917,1.34923,1.34915,1.3492
2026-08-08 00:45:00+00:00,1.34918,1.34923,1.34915,1.34916
2026-08-08 01:00:00+00:00,1.34917,1.35022,1.34749,1.349
2026-08-08 01:15:00+00:00,1.34882,1.34933,1.348,1.34832
2026-08-08 01:30:00+00:00,1.34839,1.34953,1.34806,1.34919
2026-08-08 01:45:00+00:00,1.34897,1.34914,1.34811,1.34832
2026-08-08 02:00:00+00:00,1.3485,1.34932,1.348,1.34901
2026-08-08 02:15:00+00:00,1.34881,1.34934,1.34799,1.34834
2026-08-08 02:30:00+00:00,1.34841,1.34934,1.34775,1.34919
2026-08-08 02:45:00+00:00,1.34896,1.34922,1.34804,1.34833
2026-08-08 03:00:00+00:00,1.3485,1.34935,1.34668,1.34814
2026-08-08 03:15:00+00:00,1.34785,1.34943,1.34704,1.34834
2026-08-08 03:30:00+00:00,1.34844,1.34935,1.34803,1.3492
2026-08-08 03:45:00+00:00,1.34897,1.34924,1.34799,1.34834
2026-08-08 04:00:00+00:00,1.34846,1.34933,1.34799,1.34901
2026-08-08 04:15:00+00:00,1.3488,1.34932,1.348,1.34834
2026-08-08 04:30:00+00:00,1.34846,1.34931,1.34811,1.34917
2026-08-08 04:45:00+00:00,1.34897,1.34934,1.348,1.34834
2026-08-08 05:00:00+00:00,1.34844,1.34935,1.34801,1.34899
2026-08-08 05:15:00+00:00,1.3488,1.34909,1.34641,1.34717
2026-08-08 05:30:00+00:00,1.34746,1.34925,1.34704,1.34913
2026-08-08 05:45:00+00:00,1.34896,1.34934,1.34801,1.34833
2026-08-08 06:00:00+00:00,1.34842,1.34935,1.34799,1.349
2026-08-08 06:15:00+00:00,1.34881,1.34932,1.348,1.34823
2026-08-08 06:30:00+00:00,1.3485,1.34923,1.34825,1.34914
2026-08-08 06:45:00+00:00,1.349,1.34934,1.34799,1.34833
2026-08-08 07:00:00+00:00,1.3484,1.34978,1.34704,1.34825
2026-08-08 07:15:00+00:00,1.34795,1.34944,1.34559,1.34921
2026-08-08 07:30:00+00:00,1.34917,1.34924,1.34916,1.3492
2026-08-08 07:45:00+00:00,1.34917,1.34923,1.34915,1.3492
2026-08-08 08:00:00+00:00,1.34917,1.34923,1.34915,1.34919
2026-08-08 08:15:00+00:00,1.34917,1.34924,1.34915,1.34916
2026-08-08 08:30:00+00:00,1.34917,1.34923,1.34915,1.34919
2026-08-08 08:45:00+00:00,1.34918,1.34923,1.34915,1.3492
2026-08-08 09:00:00+00:00,1.34917,1.34924,1.34915,1.34918
2026-08-08 09:15:00+00:00,1.34917,1.34923,1.34915,1.34916
2026-08-08 09:30:00+00:00,1.34917,1.34923,1.34915,1.3492
2026-08-08 09:45:00+00:00,1.34917,1.34924,1.34915,1.3492
2026-08-08 10:00:00+00:00,1.34917,1.34923,1.34914,1.34918
2026-08-08 10:15:00+00:00,1.34917,1.34923,1.34915,1.34916
2026-08-08 10:30:00+00:00,1.34917,1.34923,1.34915,1.34917
2026-08-08 10:45:00+00:00,1.34917,1.34923,1.34915,1.3492
2026-08-08 11:00:00+00:00,1.34917,1.34924,1.34915,1.34919
2026-08-08 11:15:00+00:00,1.34918,1.34923,1.34915,1.34917
2026-08-08 11:30:00+00:00,1.34918,1.34931,1.34895,1.3492
2026-08-08 11:45:00+00:00,1.34917,1.34923,1.34915,1.3492
2026-08-08 12:00:00+00:00,1.34917,1.34923,1.34915,1.3492
2026-08-08 12:15:00+00:00,1.34918,1.34924,1.34916,1.34916
2026-08-08 12:30:00+00:00,1.34917,1.34924,1.34915,1.34917
2026-08-08 12:45:00+00:00,1.34917,1.34923,1.34915,1.3492
2026-08-08 13:00:00+00:00,1.34918,1.34923,1.34915,1.34919
2026-08-08 13:15:00+00:00,1.34917,1.34929,1.34896,1.34916
2026-08-08 13:30:00+00:00,1.34917,1.34923,1.34915,1.34916
2026-08-08 13:45:00+00:00,1.34917,1.34924,1.34915,1.3492
2026-08-08 14:00:00+00:00,1.34918,1.34925,1.34915,1.34921
2026-08-08 14:15:00+00:00,1.34919,1.34923,1.34915,1.34917
2026-08-08 14:30:00+00:00,1.34917,1.34924,1.34916,1.34917
2026-08-08 14:45:00+00:00,1.34918,1.34923,1.34915,1.34919
2026-08-08 15:00:00+00:00,1.34917,1.3506,1.34584,1.3492
2026-08-08 15:15:00+00:00,1.34917,1.34924,1.34916,1.3492
2026-08-08 15:30:00+00:00,1.34919,1.34924,1.34915,1.34916
2026-08-08 15:45:00+00:00,1.34917,1.34922,1.34519,1.34841
2026-08-08 16:00:00+00:00,1.34789,1.34923,1.34789,1.34921
2026-08-08 16:15:00+00:00,1.34918,1.34924,1.34915,1.34918
2026-08-08 16:30:00+00:00,1.34917,1.34923,1.34898,1.3492
2026-08-08 16:45:00+00:00,1.34916,1.34923,1.34749,1.3492
2026-08-08 17:00:00+00:00,1.34916,1.34923,1.34911,1.3492
2026-08-08 17:15:00+00:00,1.34917,1.34923,1.34915,1.34918
2026-08-08 17:30:00+00:00,1.34917,1.34924,1.34915,1.34916
2026-08-08 17:45:00+00:00,1.34917,1.34924,1.34915,1.34922
2026-08-08 18:00:00+00:00,1.34918,1.34923,1.34911,1.3492
2026-08-08 18:15:00+00:00,1.34917,1.34924,1.34898,1.34919
2026-08-08 18:30:00+00:00,1.34916,1.34923,1.34915,1.34917
2026-08-08 18:45:00+00:00,1.34917,1.34923,1.34915,1.34917
2026-08-08 19:00:00+00:00,1.34917,1.34923,1.34911,1.3492
2026-08-08 19:15:00+00:00,1.34917,1.34923,1.34915,1.3492
2026-08-08 19:30:00+00:00,1.34917,1.34924,1.34915,1.34917
2026-08-08 19:45:00+00:00,1.34917,1.34923,1.34915,1.34916
2026-08-08 20:00:00+00:00,1.34917,1.34923,1.349,1.34919
2026-08-08 20:15:00+00:00,1.34917,1.34923,1.34915,1.3492
2026-08-08 20:30:00+00:00,1.34917,1.34923,1.34915,1.34917
2026-08-08 20:45:00+00:00,1.34917,1.34923,1.34915,1.34916
2026-08-08 21:00:00+00:00,1.34917,1.34923,1.34911,1.34919
2026-08-08 21:15:00+00:00,1.34917,1.34924,1.34915,1.3492
2026-08-08 21:30:00+00:00,1.34917,1.34924,1.34915,1.34917
2026-08-08 21:45:00+00:00,1.34917,1.34924,1.34915,1.34917
2026-08-08 22:00:00+00:00,1.34918,1.34923,1.34911,1.3492
2026-08-08 22:15:00+00:00,1.34917,1.34923,1.34915,1.3492
2026-08-08 22:30:00+00:00,1.34917,1.34924,1.34915,1.34918
2026-08-08 22:45:00+00:00,1.34917,1.34923,1.34915,1.34917
2026-08-08 23:00:00+00:00,1.34917,1.34924,1.3491,1.34917
2026-08-08 23:15:00+00:00,1.34917,1.34922,1.34913,1.34919
2026-08-08 23:30:00+00:00,1.34916,1.34923,1.34915,1.34919
2026-08-08 23:45:00+00:00,1.34917,1.34923,1.34915,1.34916
2026-08-09 00:00:00+00:00,1.34916,1.34923,1.34915,1.34917
2026-08-09 00:15:00+00:00,1.34917,1.34923,1.34915,1.3492
2026-08-09 00:30:00+00:00,1.34917,1.34923,1.34915,1.34919
2026-08-09 00:45:00+00:00,1.34917,1.34923,1.34915,1.34916
2026-08-09 01:00:00+00:00,1.34917,1.34922,1.34913,1.34915
2026-08-09 01:15:00+00:00,1.34916,1.34922,1.34914,1.34918
2026-08-09 01:30:00+00:00,1.34916,1.34922,1.34914,1.34918
2026-08-09 01:45:00+00:00,1.34916,1.34922,1.34914,1.34918
2026-08-09 02:00:00+00:00,1.34916,1.34922,1.34914,1.34915
2026-08-09 02:15:00+00:00,1.34916,1.34923,1.34915,1.34919
2026-08-09 02:30:00+00:00,1.34917,1.34923,1.34914,1.34918
2026-08-09 02:45:00+00:00,1.34915,1.34922,1.34913,1.34916
2026-08-09 03:00:00+00:00,1.34915,1.34922,1.34914,1.34915
2026-08-09 03:15:00+00:00,1.34916,1.34922,1.34914,1.34918
2026-08-09 03:30:00+00:00,1.34916,1.34921,1.34913,1.34918
2026-08-09 03:45:00+00:00,1.34915,1.34922,1.34914,1.34917
2026-08-09 04:00:00+00:00,1.34916,1.34922,1.34914,1.34915
2026-08-09 04:15:00+00:00,1.34916,1.34922,1.34913,1.34918
2026-08-09 04:30:00+00:00,1.34915,1.34921,1.34913,1.34918
2026-08-09 04:45:00+00:00,1.34915,1.34921,1.34913,1.34916
2026-08-09 05:00:00+00:00,1.34915,1.34921,1.34913,1.34914
2026-08-09 05:15:00+00:00,1.34915,1.34921,1.34913,1.34915
2026-08-09 05:30:00+00:00,1.34915,1.34921,1.34913,1.34918
2026-08-09 05:45:00+00:00,1.34915,1.34921,1.34913,1.34917
2026-08-09 06:00:00+00:00,1.34915,1.34923,1.34914,1.34915
2026-08-09 06:15:00+00:00,1.34916,1.34922,1.34913,1.34915
2026-08-09 06:30:00+00:00,1.34915,1.34922,1.34914,1.34919
2026-08-09 06:45:00+00:00,1.34916,1.34922,1.34913,1.34918
2026-08-09 07:00:00+00:00,1.34915,1.34922,1.34914,1.34916
2026-08-09 07:15:00+00:00,1.34916,1.34922,1.34914,1.34916
2026-08-09 07:30:00+00:00,1.34916,1.34922,1.34914,1.34917
2026-08-09 07:45:00+00:00,1.34915,1.34922,1.34914,1.34918
2026-08-09 08:00:00+00:00,1.34916,1.34922,1.34914,1.34916
2026-08-09 08:15:00+00:00,1.34916,1.34922,1.34914,1.34915
2026-08-09 08:30:00+00:00,1.34916,1.34923,1.34914,1.34919
2026-08-09 08:45:00+00:00,1.34917,1.34923,1.34915,1.3492
2026-08-09 09:00:00+00:00,1.34917,1.34923,1.34914,1.34918
2026-08-09 09:15:00+00:00,1.34916,1.34922,1.34914,1.34914
2026-08-09 09:30:00+00:00,1.34915,1.34921,1.34913,1.34917
2026-08-09 09:45:00+00:00,1.34915,1.34921,1.34913,1.34918
2026-08-09 10:00:00+00:00,1.34915,1.34921,1.34913,1.34916
2026-08-09 10:15:00+00:00,1.34915,1.34921,1.34913,1.34914
2026-08-09 10:30:00+00:00,1.34915,1.34923,1.34913,1.34917
2026-08-09 10:45:00+00:00,1.34917,1.34923,1.34915,1.3492
2026-08-09 11:00:00+00:00,1.34917,1.34923,1.34915,1.34918
2026-08-09 11:15:00+00:00,1.34917,1.34923,1.34915,1.34916
2026-08-09 11:30:00+00:00,1.34917,1.34972,1.34842,1.34866
2026-08-09 11:45:00+00:00,1.34866,1.34902,1.34852,1.34899
2026-08-09 12:00:00+00:00,1.34896,1.34902,1.34829,1.34852
2026-08-09 12:15:00+00:00,1.3485,1.34856,1.34848,1.34849
2026-08-09 12:30:00+00:00,1.3485,1.34853,1.34796,1.34812
2026-08-09 12:45:00+00:00,1.34813,1.34827,1.34769,1.34786
2026-08-09 13:00:00+00:00,1.34783,1.34789,1.34781,1.34786
2026-08-09 13:15:00+00:00,1.34783,1.34954,1.34757,1.3486
2026-08-09 13:30:00+00:00,1.3486,1.34866,1.34858,1.3486
2026-08-09 13:45:00+00:00,1.3486,1.34863,1.34802,1.34823
2026-08-09 14:00:00+00:00,1.34821,1.34949,1.34577,1.34671
2026-08-09 14:15:00+00:00,1.34668,1.3473,1.34555,1.34594
2026-08-09 14:30:00+00:00,1.34592,1.34613,1.3459,1.34606
2026-08-09 14:45:00+00:00,1.34607,1.34613,1.34526,1.34555
2026-08-09 15:00:00+00:00,1.34553,1.34907,1.34532,1.34904
2026-08-09 15:15:00+00:00,1.34901,1.34939,1.34833,1.34855
2026-08-09 15:30:00+00:00,1.34854,1.3486,1.34852,1.34853
2026-08-09 15:45:00+00:00,1.34854,1.34879,1.34798,1.34818
2026-08-09 16:00:00+00:00,1.34816,1.34907,1.34642,1.34699
2026-08-09 16:15:00+00:00,1.34695,1.34755,1.34654,1.34749
2026-08-09 16:30:00+00:00,1.34735,1.34741,1.34706,1.34709
2026-08-09 16:45:00+00:00,1.3471,1.34716,1.34708,1.34713
2026-08-09 17:00:00+00:00,1.3471,1.34956,1.3471,1.34877
2026-08-09 17:15:00+00:00,1.34874,1.34907,1.34856,1.34904
2026-08-09 17:30:00+00:00,1.34901,1.34911,1.34831,1.34853
2026-08-09 17:45:00+00:00,1.34854,1.34887,1.34813,1.34834
2026-08-09 18:00:00+00:00,1.34834,1.34849,1.34748,1.34831
2026-08-09 18:15:00+00:00,1.3482,1.34853,1.34711,1.34751
2026-08-09 18:30:00+00:00,1.34757,1.34878,1.34747,1.34814
2026-08-09 18:45:00+00:00,1.34802,1.34839,1.34698,1.34736
2026-08-09 19:00:00+00:00,1.34774,1.34964,1.34739,1.34913
2026-08-09 19:15:00+00:00,1.34905,1.34944,1.34826,1.34889
2026-08-09 19:30:00+00:00,1.34886,1.34963,1.34818,1.34943
2026-08-09 19:45:00+00:00,1.34912,1.34987,1.34873,1.34925
2026-08-09 20:00:00+00:00,1.34914,1.3498,1.34914,1.34955
2026-08-09 20:15:00+00:00,1.34958,1.35015,1.34945,1.34969
2026-08-09 20:30:00+00:00,1.34973,1.35002,1.34963,1.34972
2026-08-09 20:45:00+00:00,1.3497,1.35008,1.34948,1.34964
2026-08-09 21:00:00+00:00,1.3496,1.35008,1.34924,1.34975
2026-08-09 21:15:00+00:00,1.34973,1.34981,1.34953,1.34975
2026-08-09 21:30:00+00:00,1.3497,1.35,1.34916,1.34935
2026-08-09 21:45:00+00:00,1.34927,1.34951,1.34912,1.34914
2026-08-09 22:00:00+00:00,1.3492,1.34945,1.34886,1.34911
2026-08-09 22:15:00+00:00,1.34907,1.34914,1.34878,1.34882
2026-08-09 22:30:00+00:00,1.34886,1.34909,1.34885,1.34905
2026-08-09 22:45:00+00:00,1.34903,1.34913,1.34891,1.34896
2026-08-09 23:00:00+00:00,1.34893,1.34927,1.34891,1.34912
2026-08-09 23:15:00+00:00,1.34912,1.3493,1.34912,1.34927
2026-08-09 23:30:00+00:00,1.34924,1.34925,1.34884,1.3491
2026-08-09 23:45:00+00:00,1.34906,1.34929,1.349,1.34901
2026-08-10 00:00:00+00:00,1.34903,1.3494,1.34891,1.34934
2026-08-10 00:15:00+00:00,1.34925,1.3494,1.34894,1.34909
2026-08-10 00:30:00+00:00,1.34906,1.34911,1.34887,1.34892
2026-08-10 00:45:00+00:00,1.34889,1.3493,1.34884,1.34912
2026-08-10 01:00:00+00:00,1.34912,1.34917,1.34847,1.34852
2026-08-10 01:15:00+00:00,1.34861,1.34893,1.34861,1.34892
2026-08-10 01:30:00+00:00,1.34887,1.34895,1.34849,1.34871
2026-08-10 01:45:00+00:00,1.34868,1.34896,1.34868,1.34874
2026-08-10 02:00:00+00:00,1.34876,1.34899,1.34876,1.34878
2026-08-10 02:15:00+00:00,1.34879,1.34891,1.3487,1.34881
2026-08-10 02:30:00+00:00,1.34877,1.34899,1.34866,1.34879
2026-08-10 02:45:00+00:00,1.34875,1.34875,1.3486,1.34862
2026-08-10 03:00:00+00:00,1.34864,1.34869,1.3484,1.34846
2026-08-10 03:15:00+00:00,1.34848,1.34871,1.34838,1.34852
2026-08-10 03:30:00+00:00,1.34842,1.3486,1.34834,1.34844
2026-08-10 03:45:00+00:00,1.34841,1.34867,1.34834,1.34857
2026-08-10 04:00:00+00:00,1.34856,1.34867,1.34835,1.34853
2026-08-10 04:15:00+00:00,1.34845,1.34867,1.34845,1.34861
2026-08-10 04:30:00+00:00,1.3486,1.3487,1.34847,1.34862
2026-08-10 04:45:00+00:00,1.34857,1.34905,1.34857,1.34891
2026-08-10 05:00:00+00:00,1.34895,1.34916,1.34882,1.34889
2026-08-10 05:15:00+00:00,1.3489,1.34896,1.34876,1.34886
2026-08-10 05:30:00+00:00,1.3488,1.34916,1.34876,1.34903
2026-08-10 05:45:00+00:00,1.34901,1.34936,1.3489,1.34931
2026-08-10 06:00:00+00:00,1.34929,1.34973,1.34924,1.3495
2026-08-10 06:15:00+00:00,1.34955,1.34975,1.34927,1.34955
2026-08-10 06:30:00+00:00,1.34948,1.34962,1.34929,1.34931
2026-08-10 06:45:00+00:00,1.34934,1.3495,1.34922,1.34946
2026-08-10 07:00:00+00:00,1.34943,1.34975,1.34924,1.34956
2026-08-10 07:15:00+00:00,1.34957,1.34961,1.34924,1.34925
2026-08-10 07:30:00+00:00,1.34928,1.34991,1.34922,1.34978
2026-08-10 07:45:00+00:00,1.34978,1.35008,1.34946,1.34959
2026-08-10 08:00:00+00:00,1.34956,1.35038,1.34947,1.35033
2026-08-10 08:15:00+00:00,1.35023,1.35051,1.35015,1.35022
2026-08-10 08:30:00+00:00,1.35023,1.35042,1.35011,1.35027
2026-08-10 08:45:00+00:00,1.35026,1.35037,1.34995,1.35034
2026-08-10 09:00:00+00:00,1.35029,1.35058,1.35027,1.35055
2026-08-10 09:15:00+00:00,1.35049,1.35071,1.35033,1.35048
2026-08-10 09:30:00+00:00,1.35049,1.35055,1.34956,1.34965
2026-08-10 09:45:00+00:00,1.34967,1.34996,1.34959,1.34963
2026-08-10 10:00:00+00:00,1.3497,1.34976,1.34931,1.34971
2026-08-10 10:15:00+00:00,1.3497,1.34996,1.34954,1.34975
2026-08-10 10:30:00+00:00,1.34976,1.35007,1.34956,1.34999
2026-08-10 10:45:00+00:00,1.34991,1.3502,1.34991,1.35008
2026-08-10 11:00:00+00:00,1.35005,1.35026,1.3497,1.34974
2026-08-10 11:15:00+00:00,1.3498,1.35009,1.34965,1.34996
2026-08-10 11:30:00+00:00,1.34995,1.35034,1.34976,1.35014
2026-08-10 11:45:00+00:00,1.35017,1.35017,1.3498,1.34999
2026-08-10 12:00:00+00:00,1.34993,1.35038,1.34978,1.34983
2026-08-10 12:15:00+00:00,1.34986,1.34993,1.34933,1.34953
2026-08-10 12:30:00+00:00,1.34948,1.34957,1.34902,1.34953
2026-08-10 12:45:00+00:00,1.34947,1.34972,1.34922,1.34971
2026-08-10 13:00:00+00:00,1.34969,1.35028,1.34951,1.35025
2026-08-10 13:15:00+00:00,1.35021,1.35068,1.35014,1.35053
2026-08-10 13:30:00+00:00,1.35051,1.35077,1.35022,1.35031
2026-08-10 13:45:00+00:00,1.35034,1.35062,1.34995,1.35061
2026-08-10 14:00:00+00:00,1.35057,1.3518,1.35049,1.35168
2026-08-10 14:15:00+00:00,1.35149,1.35186,1.35127,1.35175
2026-08-10 14:30:00+00:00,1.35169,1.35256,1.35161,1.3525
2026-08-10 14:45:00+00:00,1.35241,1.35312,1.35175,1.35205
2026-08-10 15:00:00+00:00,1.35202,1.35217,1.35152,1.35212
2026-08-10 15:15:00+00:00,1.35204,1.35273,1.35184,1.35187
2026-08-10 15:30:00+00:00,1.35191,1.35266,1.35191,1.35261
2026-08-10 15:45:00+00:00,1.35255,1.35274,1.35214,1.35254
2026-08-10 16:00:00+00:00,1.3525,1.35267,1.35232,1.35244
2026-08-10 16:15:00+00:00,1.3525,1.3525,1.3519,1.35226
2026-08-10 16:30:00+00:00,1.35222,1.35251,1.35173,1.35186
2026-08-10 16:45:00+00:00,1.35183,1.35198,1.35141,1.3515
2026-08-10 17:00:00+00:00,1.3515,1.3515,1.35103,1.35108
2026-08-10 17:15:00+00:00,1.35108,1.35119,1.35075,1.35104
2026-08-10 17:30:00+00:00,1.35102,1.35113,1.35095,1.35096
2026-08-10 17:45:00+00:00,1.35098,1.35103,1.35056,1.35066
2026-08-10 18:00:00+00:00,1.35066,1.35086,1.35064,1.35085
2026-08-10 18:15:00+00:00,1.35083,1.35091,1.35075,1.35087
2026-08-10 18:30:00+00:00,1.35085,1.35119,1.35077,1.35117
2026-08-10 18:45:00+00:00,1.35114,1.3512,1.35075,1.35093
2026-08-10 19:00:00+00:00,1.35094,1.351,1.35066,1.35068
2026-08-10 19:15:00+00:00,1.35068,1.35101,1.35068,1.3508
2026-08-10 19:30:00+00:00,1.35078,1.35087,1.35051,1.35084
2026-08-10 19:45:00+00:00,1.35084,1.35089,1.35071,1.35077
2026-08-10 20:00:00+00:00,1.3508,1.35106,1.3508,1.351
2026-08-10 20:15:00+00:00,1.35097,1.35099,1.35066,1.35068
2026-08-10 20:30:00+00:00,1.3507,1.35085,1.35062,1.35084
2026-08-10 20:45:00+00:00,1.3508,1.35085,1.3506,1.35078
2026-08-10 21:00:00+00:00,1.35074,1.35084,1.35051,1.35073
2026-08-10 21:15:00+00:00,1.35072,1.3511,1.35056,1.35108
2026-08-10 21:30:00+00:00,1.35103,1.35103,1.35048,1.35076
2026-08-10 21:45:00+00:00,1.35075,1.35078,1.35058,1.35063
2026-08-10 22:00:00+00:00,1.35066,1.35087,1.35066,1.35081
2026-08-10 22:15:00+00:00,1.35079,1.35083,1.35068,1.35073
2026-08-10 22:30:00+00:00,1.35071,1.35087,1.35067,1.35081
2026-08-10 22:45:00+00:00,1.35079,1.35094,1.35079,1.35093
2026-08-10 23:00:00+00:00,1.35092,1.35099,1.35079,1.35088
2026-08-10 23:15:00+00:00,1.35086,1.35089,1.35077,1.35078
2026-08-10 23:30:00+00:00,1.35079,1.35086,1.35069,1.35077
2026-08-10 23:45:00+00:00,1.35075,1.35118,1.35071,1.35115
2026-08-11 00:00:00+00:00,1.3511,1.35131,1.3511,1.35118
2026-08-11 00:15:00+00:00,1.3512,1.35132,1.35116,1.35131
2026-08-11 00:30:00+00:00,1.35127,1.3515,1.35122,1.35147
2026-08-11 00:45:00+00:00,1.35145,1.3515,1.35117,1.35117
2026-08-11 01:00:00+00:00,1.35118,1.35121,1.35066,1.35095
2026-08-11 01:15:00+00:00,1.35103,1.35143,1.35103,1.3513
2026-08-11 01:30:00+00:00,1.35125,1.35155,1.35109,1.35123
2026-08-11 01:45:00+00:00,1.35119,1.35144,1.35108,1.35118
2026-08-11 02:00:00+00:00,1.3512,1.3512,1.35092,1.35101
2026-08-11 02:15:00+00:00,1.35095,1.35111,1.35062,1.35084
2026-08-11 02:30:00+00:00,1.35083,1.35084,1.35062,1.3508
2026-08-11 02:45:00+00:00,1.35077,1.35082,1.35037,1.35048
2026-08-11 03:00:00+00:00,1.35045,1.35092,1.35043,1.35089
2026-08-11 03:15:00+00:00,1.35084,1.35123,1.35084,1.35122
2026-08-11 03:30:00+00:00,1.35118,1.35132,1.35112,1.35117
2026-08-11 03:45:00+00:00,1.35115,1.35115,1.35094,1.35103
2026-08-11 04:00:00+00:00,1.35105,1.35122,1.351,1.35109
2026-08-11 04:15:00+00:00,1.35113,1.3513,1.35107,1.35127
2026-08-11 04:30:00+00:00,1.35121,1.35134,1.35084,1.35094
2026-08-11 04:45:00+00:00,1.35091,1.35116,1.35072,1.35111
2026-08-11 05:00:00+00:00,1.3511,1.35117,1.35086,1.35088
2026-08-11 05:15:00+00:00,1.35088,1.35098,1.35075,1.35085
2026-08-11 05:30:00+00:00,1.35083,1.35142,1.3508,1.35141
2026-08-11 05:45:00+00:00,1.35138,1.35144,1.35106,1.35126
2026-08-11 06:00:00+00:00,1.35122,1.35156,1.35121,1.35149
2026-08-11 06:15:00+00:00,1.35147,1.35147,1.3504,1.35074
2026-08-11 06:30:00+00:00,1.35071,1.35088,1.35024,1.35072
2026-08-11 06:45:00+00:00,1.35075,1.35075,1.35027,1.35049
2026-08-11 07:00:00+00:00,1.35045,1.35086,1.35038,1.35063
2026-08-11 07:15:00+00:00,1.35061,1.35063,1.34991,1.3501
2026-08-11 07:30:00+00:00,1.35012,1.35029,1.34956,1.34957
2026-08-11 07:45:00+00:00,1.34957,1.34997,1.34957,1.3497
2026-08-11 08:00:00+00:00,1.34975,1.35002,1.34954,1.34979
2026-08-11 08:15:00+00:00,1.34982,1.35021,1.34982,1.35006
2026-08-11 08:30:00+00:00,1.35011,1.35088,1.35011,1.35084
2026-08-11 08:45:00+00:00,1.35083,1.35083,1.35022,1.35043
2026-08-11 09:00:00+00:00,1.3504,1.35051,1.35005,1.35009
2026-08-11 09:15:00+00:00,1.35015,1.35017,1.34993,1.35007
2026-08-11 09:30:00+00:00,1.35001,1.35027,1.34996,1.35024
2026-08-11 09:45:00+00:00,1.35018,1.35054,1.35018,1.35049
2026-08-11 10:00:00+00:00,1.35046,1.35049,1.3501,1.3502
2026-08-11 10:15:00+00:00,1.35024,1.35024,1.34974,1.35023
2026-08-11 10:30:00+00:00,1.3502,1.35032,1.34998,1.35021
2026-08-11 10:45:00+00:00,1.35023,1.35023,1.34973,1.3498
2026-08-11 11:00:00+00:00,1.34976,1.35057,1.34974,1.35013
2026-08-11 11:15:00+00:00,1.35007,1.35018,1.34981,1.35017
2026-08-11 11:30:00+00:00,1.35015,1.35018,1.34981,1.34985
2026-08-11 11:45:00+00:00,1.34987,1.34987,1.34937,1.34949
2026-08-11 12:00:00+00:00,1.34948,1.35004,1.34928,1.34965
2026-08-11 12:15:00+00:00,1.34971,1.35006,1.34938,1.34964
2026-08-11 12:30:00+00:00,1.34964,1.35031,1.34961,1.34972
2026-08-11 12:45:00+00:00,1.34974,1.35011,1.34973,1.35006
2026-08-11 13:00:00+00:00,1.35005,1.35037,1.34993,1.35005
2026-08-11 13:15:00+00:00,1.35017,1.3502,1.34986,1.3501
2026-08-11 13:30:00+00:00,1.35011,1.35045,1.3497,1.35039
2026-08-11 13:45:00+00:00,1.35031,1.35062,1.35028,1.3503
2026-08-11 14:00:00+00:00,1.35033,1.35033,1.34995,1.35015
2026-08-11 14:15:00+00:00,1.35011,1.35061,1.35006,1.35033
2026-08-11 14:30:00+00:00,1.3504,1.3509,1.35022,1.35086
2026-08-11 14:45:00+00:00,1.3508,1.35101,1.35055,1.35076
2026-08-11 15:00:00+00:00,1.35076,1.35099,1.35041,1.35045
2026-08-11 15:15:00+00:00,1.35049,1.351,1.35026,1.35094
2026-08-11 15:30:00+00:00,1.35094,1.35126,1.3504,1.35042
2026-08-11 15:45:00+00:00,1.35047,1.3513,1.35047,1.35124
2026-08-11 16:00:00+00:00,1.35112,1.35144,1.3508,1.35083
2026-08-11 16:15:00+00:00,1.35085,1.35085,1.35057,1.35074
2026-08-11 16:30:00+00:00,1.35072,1.35074,1.35046,1.35051
2026-08-11 16:45:00+00:00,1.35051,1.35075,1.35042,1.35067
2026-08-11 17:00:00+00:00,1.35064,1.35064,1.34987,1.34993
2026-08-11 17:15:00+00:00,1.3499,1.35013,1.34973,1.3498
2026-08-11 17:30:00+00:00,1.3498,1.35028,1.34976,1.35026
2026-08-11 17:45:00+00:00,1.35023,1.35045,1.35013,1.35027
2026-08-11 18:00:00+00:00,1.35023,1.35025,1.3499,1.34995
2026-08-11 18:15:00+00:00,1.34992,1.35003,1.34969,1.34985
2026-08-11 18:30:00+00:00,1.34982,1.35031,1.34973,1.35027
2026-08-11 18:45:00+00:00,1.3502,1.35041,1.35011,1.35023
2026-08-11 19:00:00+00:00,1.35027,1.35055,1.35027,1.35053
2026-08-11 19:15:00+00:00,1.35045,1.35064,1.35029,1.35061
2026-08-11 19:30:00+00:00,1.35058,1.35072,1.35053,1.35058
2026-08-11 19:45:00+00:00,1.35059,1.3509,1.35056,1.35076
2026-08-11 20:00:00+00:00,1.35078,1.35095,1.35073,1.35078
2026-08-11 20:15:00+00:00,1.35076,1.35077,1.35053,1.35055
2026-08-11 20:30:00+00:00,1.35058,1.35058,1.3504,1.35047
2026-08-11 20:45:00+00:00,1.35046,1.35087,1.35045,1.35084
2026-08-11 21:00:00+00:00,1.3508,1.35088,1.35031,1.35051
2026-08-11 21:15:00+00:00,1.35053,1.3506,1.35042,1.35057
2026-08-11 21:30:00+00:00,1.35054,1.35064,1.35052,1.3506
2026-08-11 21:45:00+00:00,1.35057,1.35079,1.35049,1.35074
2026-08-11 22:00:00+00:00,1.35067,1.35102,1.35067,1.35101
2026-08-11 22:15:00+00:00,1.35097,1.35106,1.35096,1.35104
2026-08-11 22:30:00+00:00,1.351,1.35112,1.35089,1.35098
2026-08-11 22:45:00+00:00,1.35096,1.35109,1.35089,1.35095
2026-08-11 23:00:00+00:00,1.35099,1.35115,1.35093,1.35106
2026-08-11 23:15:00+00:00,1.35107,1.35107,1.35089,1.35104
2026-08-11 23:30:00+00:00,1.35101,1.35101,1.3508,1.35093
2026-08-11 23:45:00+00:00,1.35091,1.351,1.35079,1.35087
2026-08-12 00:00:00+00:00,1.35091,1.35114,1.35083,1.35107
2026-08-12 00:15:00+00:00,1.35107,1.35117,1.35099,1.35113
2026-08-12 00:30:00+00:00,1.35111,1.35115,1.35091,1.351
2026-08-12 00:45:00+00:00,1.35098,1.35103,1.35069,1.35088
2026-08-12 01:00:00+00:00,1.35086,1.35086,1.35032,1.35033
2026-08-12 01:15:00+00:00,1.35036,1.35056,1.35027,1.35049
2026-08-12 01:30:00+00:00,1.35047,1.35065,1.3504,1.35062
2026-08-12 01:45:00+00:00,1.35059,1.35094,1.35055,1.3506
2026-08-12 02:00:00+00:00,1.35059,1.35064,1.35042,1.35046
2026-08-12 02:15:00+00:00,1.35047,1.3505,1.3502,1.35049
2026-08-12 02:30:00+00:00,1.35046,1.35076,1.35046,1.35072
2026-08-12 02:45:00+00:00,1.35069,1.35078,1.35062,1.35063
2026-08-12 03:00:00+00:00,1.35063,1.35085,1.35058,1.35076
2026-08-12 03:15:00+00:00,1.35078,1.35083,1.35066,1.35079
2026-08-12 03:30:00+00:00,1.35077,1.35084,1.35058,1.35061
2026-08-12 03:45:00+00:00,1.35063,1.3507,1.35051,1.35054
2026-08-12 04:00:00+00:00,1.35053,1.35069,1.35048,1.35048
2026-08-12 04:15:00+00:00,1.3505,1.35057,1.35037,1.35048
2026-08-12 04:30:00+00:00,1.35048,1.35074,1.35047,1.35073
2026-08-12 04:45:00+00:00,1.3507,1.3508,1.3506,1.35076
2026-08-12 05:00:00+00:00,1.35074,1.35074,1.35051,1.35058
2026-08-12 05:15:00+00:00,1.3506,1.35066,1.35027,1.35039
2026-08-12 05:30:00+00:00,1.35034,1.35055,1.35034,1.35046
2026-08-12 05:45:00+00:00,1.35047,1.35065,1.35038,1.35057
2026-08-12 06:00:00+00:00,1.35054,1.3507,1.35051,1.35065
2026-08-12 06:15:00+00:00,1.35064,1.35069,1.35047,1.35048
2026-08-12 06:30:00+00:00,1.35048,1.35075,1.35031,1.35074
2026-08-12 06:45:00+00:00,1.3507,1.35082,1.35048,1.3508
2026-08-12 07:00:00+00:00,1.35073,1.35115,1.35073,1.35109
2026-08-12 07:15:00+00:00,1.3511,1.35121,1.35094,1.35109
2026-08-12 07:30:00+00:00,1.35106,1.3511,1.35088,1.35089
2026-08-12 07:45:00+00:00,1.35089,1.35107,1.35071,1.35073
2026-08-12 08:00:00+00:00,1.35074,1.35095,1.35069,1.35093
2026-08-12 08:15:00+00:00,1.35089,1.35119,1.35082,1.35088
2026-08-12 08:30:00+00:00,1.35096,1.35119,1.35085,1.35117
2026-08-12 08:45:00+00:00,1.35114,1.35133,1.35099,1.35103
2026-08-12 09:00:00+00:00,1.35099,1.35195,1.35095,1.35193
2026-08-12 09:15:00+00:00,1.35189,1.35274,1.35177,1.35178
2026-08-12 09:30:00+00:00,1.35182,1.35199,1.35155,1.35159
2026-08-12 09:45:00+00:00,1.35158,1.3517,1.35113,1.35132
2026-08-12 10:00:00+00:00,1.35129,1.35208,1.35124,1.35204
2026-08-12 10:15:00+00:00,1.35202,1.35221,1.35195,1.35212
2026-08-12 10:30:00+00:00,1.35209,1.35219,1.35197,1.35215
2026-08-12 10:45:00+00:00,1.35208,1.35227,1.35155,1.35167
2026-08-12 11:00:00+00:00,1.35174,1.35192,1.3515,1.35178
2026-08-12 11:15:00+00:00,1.35176,1.352,1.35166,1.35195
2026-08-12 11:30:00+00:00,1.35188,1.35226,1.35188,1.35217
2026-08-12 11:45:00+00:00,1.35218,1.35288,1.35214,1.35287
2026-08-12 12:00:00+00:00,1.35285,1.35285,1.35236,1.3526
2026-08-12 12:15:00+00:00,1.35253,1.35274,1.35199,1.35238
2026-08-12 12:30:00+00:00,1.35227,1.35395,1.35111,1.3539
2026-08-12 12:45:00+00:00,1.35383,1.35402,1.35287,1.35348
2026-08-12 13:00:00+00:00,1.35341,1.35399,1.35277,1.35286
2026-08-12 13:15:00+00:00,1.35303,1.35325,1.35247,1.3529
2026-08-12 13:30:00+00:00,1.35282,1.35325,1.35202,1.35211
2026-08-12 13:45:00+00:00,1.35223,1.35272,1.35179,1.35263
2026-08-12 14:00:00+00:00,1.35258,1.35302,1.35214,1.35223
2026-08-12 14:15:00+00:00,1.35219,1.35252,1.35178,1.35182
2026-08-12 14:30:00+00:00,1.35189,1.35189,1.3513,1.35143
2026-08-12 14:45:00+00:00,1.35148,1.35153,1.35053,1.3509
2026-08-12 15:00:00+00:00,1.35091,1.35099,1.35024,1.35098
2026-08-12 15:15:00+00:00,1.35094,1.35095,1.35068,1.35076
2026-08-12 15:30:00+00:00,1.35084,1.35087,1.35051,1.3506
2026-08-12 15:45:00+00:00,1.35058,1.3511,1.35035,1.35101
2026-08-12 16:00:00+00:00,1.35097,1.35117,1.3504,1.35088
2026-08-12 16:15:00+00:00,1.35074,1.35102,1.35036,1.35042
2026-08-12 16:30:00+00:00,1.3504,1.3504,1.35002,1.35013
2026-08-12 16:45:00+00:00,1.35013,1.35017,1.34953,1.34979
2026-08-12 17:00:00+00:00,1.34976,1.35026,1.34976,1.3499
2026-08-12 17:15:00+00:00,1.34988,1.34988,1.34954,1.34962
2026-08-12 17:30:00+00:00,1.34959,1.34978,1.34941,1.34943
2026-08-12 17:45:00+00:00,1.34947,1.34947,1.34925,1.34937
2026-08-12 18:00:00+00:00,1.34936,1.34962,1.34904,1.34962
2026-08-12 18:15:00+00:00,1.3496,1.34975,1.3494,1.34959
2026-08-12 18:30:00+00:00,1.34963,1.34963,1.34916,1.34918
2026-08-12 18:45:00+00:00,1.34918,1.34921,1.34884,1.34885
2026-08-12 19:00:00+00:00,1.34886,1.34909,1.34881,1.34908
2026-08-12 19:15:00+00:00,1.34905,1.34942,1.34902,1.34921
2026-08-12 19:30:00+00:00,1.34918,1.34919,1.34898,1.3491
2026-08-12 19:45:00+00:00,1.34907,1.34925,1.34893,1.34918
2026-08-12 20:00:00+00:00,1.34909,1.34942,1.34905,1.3491
2026-08-12 20:15:00+00:00,1.34909,1.3492,1.34903,1.34918
2026-08-12 20:30:00+00:00,1.34915,1.34939,1.34907,1.34934
2026-08-12 20:45:00+00:00,1.34932,1.34961,1.34932,1.34956
2026-08-12 21:00:00+00:00,1.34952,1.34978,1.34936,1.34953
2026-08-12 21:15:00+00:00,1.34952,1.34973,1.34913,1.3497
2026-08-12 21:30:00+00:00,1.3496,1.3496,1.34915,1.34951
2026-08-12 21:45:00+00:00,1.34949,1.3497,1.34935,1.34937
2026-08-12 22:00:00+00:00,1.34944,1.34977,1.34916,1.34932
2026-08-12 22:15:00+00:00,1.34927,1.34941,1.34927,1.34937
2026-08-12 22:30:00+00:00,1.34932,1.34953,1.34932,1.3495
2026-08-12 22:45:00+00:00,1.34948,1.34965,1.34942,1.34957
2026-08-12 23:00:00+00:00,1.34959,1.34974,1.34959,1.34962
2026-08-12 23:15:00+00:00,1.34963,1.3498,1.34963,1.34975
2026-08-12 23:30:00+00:00,1.34973,1.34979,1.34959,1.34968
2026-08-12 23:45:00+00:00,1.34966,1.3498,1.34956,1.34979
2026-08-13 00:00:00+00:00,1.34977,1.35001,1.34969,1.34982
2026-08-13 00:15:00+00:00,1.34983,1.35003,1.34975,1.3499
2026-08-13 00:30:00+00:00,1.34988,1.35008,1.34982,1.34996
2026-08-13 00:45:00+00:00,1.34993,1.34998,1.34952,1.34972
2026-08-13 01:00:00+00:00,1.34966,1.34986,1.34962,1.34973
2026-08-13 01:15:00+00:00,1.34974,1.34993,1.34966,1.34976
2026-08-13 01:30:00+00:00,1.34978,1.34999,1.34957,1.3496
2026-08-13 01:45:00+00:00,1.34965,1.34965,1.34916,1.34926
2026-08-13 02:00:00+00:00,1.34921,1.34931,1.34907,1.34907
2026-08-13 02:15:00+00:00,1.34909,1.34914,1.34891,1.34892
2026-08-13 02:30:00+00:00,1.34893,1.34895,1.34871,1.34878
2026-08-13 02:45:00+00:00,1.34874,1.34894,1.34874,1.34891
2026-08-13 03:00:00+00:00,1.3489,1.34915,1.34866,1.34892
2026-08-13 03:15:00+00:00,1.34887,1.34896,1.34873,1.34891
2026-08-13 03:30:00+00:00,1.34886,1.34915,1.34886,1.34914
2026-08-13 03:45:00+00:00,1.34911,1.34921,1.349,1.34905
2026-08-13 04:00:00+00:00,1.34905,1.34906,1.34876,1.34879
2026-08-13 04:15:00+00:00,1.3488,1.34889,1.34868,1.34877
2026-08-13 04:30:00+00:00,1.3488,1.34898,1.3488,1.34897
2026-08-13 04:45:00+00:00,1.34895,1.34962,1.34874,1.34961
2026-08-13 05:00:00+00:00,1.34956,1.34966,1.34944,1.34954
2026-08-13 05:15:00+00:00,1.3495,1.34976,1.3495,1.34967
2026-08-13 05:30:00+00:00,1.34968,1.34972,1.34929,1.34931
2026-08-13 05:45:00+00:00,1.34934,1.34965,1.34918,1.34963
2026-08-13 06:00:00+00:00,1.3496,1.34973,1.349,1.34901
2026-08-13 06:15:00+00:00,1.34904,1.34937,1.34871,1.34872
2026-08-13 06:30:00+00:00,1.34874,1.34891,1.3475,1.34794
2026-08-13 06:45:00+00:00,1.34789,1.3484,1.34788,1.34813
2026-08-13 07:00:00+00:00,1.34812,1.3484,1.3476,1.34761
2026-08-13 07:15:00+00:00,1.34764,1.34848,1.34762,1.34844
2026-08-13 07:30:00+00:00,1.34839,1.34864,1.34807,1.34853
2026-08-13 07:45:00+00:00,1.34853,1.34882,1.34831,1.34841
2026-08-13 08:00:00+00:00,1.34837,1.34843,1.34793,1.34808
2026-08-13 08:15:00+00:00,1.3481,1.34813,1.34781,1.34793
2026-08-13 08:30:00+00:00,1.34795,1.34837,1.34794,1.34828
2026-08-13 08:45:00+00:00,1.34828,1.34828,1.34785,1.34805
2026-08-13 09:00:00+00:00,1.34799,1.34818,1.3476,1.34815
2026-08-13 09:15:00+00:00,1.34813,1.34878,1.34811,1.34859
2026-08-13 09:30:00+00:00,1.34866,1.34903,1.34863,1.34883
2026-08-13 09:45:00+00:00,1.34882,1.34908,1.34867,1.34907
2026-08-13 10:00:00+00:00,1.34902,1.34959,1.34902,1.34947
2026-08-13 10:15:00+00:00,1.34948,1.34991,1.34948,1.34985
2026-08-13 10:30:00+00:00,1.34982,1.35011,1.3498,1.34982
2026-08-13 10:45:00+00:00,1.34986,1.34986,1.34898,1.34904
2026-08-13 11:00:00+00:00,1.34901,1.34942,1.34876,1.3494
2026-08-13 11:15:00+00:00,1.34934,1.34947,1.34924,1.34943
2026-08-13 11:30:00+00:00,1.34944,1.34966,1.34935,1.34958
2026-08-13 11:45:00+00:00,1.34953,1.34975,1.34915,1.34934
2026-08-13 12:00:00+00:00,1.3493,1.3493,1.34904,1.34909
2026-08-13 12:15:00+00:00,1.34909,1.34924,1.34878,1.34879
2026-08-13 12:30:00+00:00,1.34881,1.34972,1.34842,1.34958
2026-08-13 12:45:00+00:00,1.3496,1.35089,1.3496,1.35084
2026-08-13 13:00:00+00:00,1.3507,1.35097,1.35033,1.35035
2026-08-13 13:15:00+00:00,1.35035,1.35092,1.35024,1.35025
2026-08-13 13:30:00+00:00,1.35025,1.35033,1.34978,1.3501
2026-08-13 13:45:00+00:00,1.35002,1.35017,1.34974,1.34998
2026-08-13 14:00:00+00:00,1.34996,1.35064,1.3499,1.35062
2026-08-13 14:15:00+00:00,1.35055,1.35126,1.3503,1.35069
2026-08-13 14:30:00+00:00,1.35067,1.35067,1.35009,1.35037
2026-08-13 14:45:00+00:00,1.35037,1.35095,1.34995,1.35094
2026-08-13 15:00:00+00:00,1.35091,1.35091,1.35025,1.35044
2026-08-13 15:15:00+00:00,1.35044,1.35044,1.34974,1.34985
2026-08-13 15:30:00+00:00,1.35005,1.35005,1.3496,1.34962
2026-08-13 15:45:00+00:00,1.34966,1.34978,1.34945,1.34962
2026-08-13 16:00:00+00:00,1.34964,1.34964,1.34885,1.34889
2026-08-13 16:15:00+00:00,1.34893,1.34907,1.34831,1.34857
2026-08-13 16:30:00+00:00,1.34859,1.34862,1.34833,1.34848
2026-08-13 16:45:00+00:00,1.34843,1.34877,1.34843,1.34862
2026-08-13 17:00:00+00:00,1.34864,1.34894,1.34819,1.34833
2026-08-13 17:15:00+00:00,1.34832,1.34843,1.34814,1.3482
2026-08-13 17:30:00+00:00,1.34822,1.34841,1.34802,1.34839
2026-08-13 17:45:00+00:00,1.34836,1.34853,1.34823,1.34833
2026-08-13 18:00:00+00:00,1.34833,1.34867,1.34803,1.34865
2026-08-13 18:15:00+00:00,1.34859,1.34869,1.34836,1.3485
2026-08-13 18:30:00+00:00,1.34842,1.34872,1.34836,1.34871
2026-08-13 18:45:00+00:00,1.34868,1.34874,1.34845,1.34848
2026-08-13 19:00:00+00:00,1.34847,1.34865,1.34838,1.34856
2026-08-13 19:15:00+00:00,1.34854,1.3488,1.34844,1.34877
2026-08-13 19:30:00+00:00,1.34874,1.3489,1.34856,1.34862
2026-08-13 19:45:00+00:00,1.34861,1.34876,1.34843,1.34868
2026-08-13 20:00:00+00:00,1.34869,1.34883,1.34847,1.34849
2026-08-13 20:15:00+00:00,1.34851,1.34873,1.34849,1.3487
2026-08-13 20:30:00+00:00,1.34867,1.34869,1.34853,1.34858
2026-08-13 20:45:00+00:00,1.34857,1.3488,1.34853,1.3487
2026-08-13 21:00:00+00:00,1.34871,1.34875,1.34834,1.34837
2026-08-13 21:15:00+00:00,1.34842,1.34876,1.3484,1.34874
2026-08-13 21:30:00+00:00,1.34872,1.34907,1.34866,1.34889
2026-08-13 21:45:00+00:00,1.34887,1.34896,1.34854,1.34854
2026-08-13 22:00:00+00:00,1.34856,1.3488,1.34853,1.34854
2026-08-13 22:15:00+00:00,1.34856,1.34887,1.34856,1.34875
2026-08-13 22:30:00+00:00,1.34872,1.34883,1.34865,1.3488
2026-08-13 22:45:00+00:00,1.34877,1.34888,1.34874,1.34887
2026-08-13 23:00:00+00:00,1.34885,1.34906,1.34882,1.34903
2026-08-13 23:15:00+00:00,1.34898,1.34902,1.34882,1.34887
2026-08-13 23:30:00+00:00,1.34884,1.34901,1.3488,1.34897
2026-08-13 23:45:00+00:00,1.34894,1.34914,1.34894,1.34903
2026-08-14 00:00:00+00:00,1.34903,1.34933,1.34896,1.34918
2026-08-14 00:15:00+00:00,1.34915,1.34949,1.34911,1.34948
2026-08-14 00:30:00+00:00,1.34945,1.34959,1.34943,1.3495
2026-08-14 00:45:00+00:00,1.34948,1.3498,1.34938,1.34979
2026-08-14 01:00:00+00:00,1.34976,1.34981,1.34928,1.34929
2026-08-14 01:15:00+00:00,1.34931,1.34936,1.34898,1.34919
2026-08-14 01:30:00+00:00,1.34915,1.34956,1.34903,1.34939
2026-08-14 01:45:00+00:00,1.34935,1.3495,1.34905,1.34907
2026-08-14 02:00:00+00:00,1.3491,1.34922,1.34896,1.34916
2026-08-14 02:15:00+00:00,1.34916,1.34936,1.34909,1.34927
2026-08-14 02:30:00+00:00,1.34929,1.34942,1.34915,1.3494
2026-08-14 02:45:00+00:00,1.34936,1.34943,1.34891,1.34892
2026-08-14 03:00:00+00:00,1.34892,1.34927,1.34891,1.34913
2026-08-14 03:15:00+00:00,1.34917,1.34971,1.34917,1.34966
2026-08-14 03:30:00+00:00,1.3496,1.34975,1.34951,1.34963
2026-08-14 03:45:00+00:00,1.34961,1.34963,1.34937,1.34957
2026-08-14 04:00:00+00:00,1.34954,1.34981,1.34947,1.34972
2026-08-14 04:15:00+00:00,1.34973,1.34978,1.34953,1.34954
2026-08-14 04:30:00+00:00,1.34956,1.34999,1.34953,1.34972
2026-08-14 04:45:00+00:00,1.3497,1.34982,1.34956,1.34971
2026-08-14 05:00:00+00:00,1.34972,1.34992,1.34972,1.3498
2026-08-14 05:15:00+00:00,1.34982,1.35005,1.34979,1.35
2026-08-14 05:30:00+00:00,1.34993,1.35009,1.34983,1.34995
2026-08-14 05:45:00+00:00,1.34997,1.35004,1.34984,1.34998
2026-08-14 06:00:00+00:00,1.34991,1.35029,1.34991,1.3501
2026-08-14 06:15:00+00:00,1.35012,1.35023,1.34986,1.3499
2026-08-14 06:30:00+00:00,1.34994,1.35039,1.34994,1.35016
2026-08-14 06:45:00+00:00,1.35014,1.3504,1.35013,1.35038
2026-08-14 07:00:00+00:00,1.35032,1.35086,1.35032,1.35067
2026-08-14 07:15:00+00:00,1.35071,1.35071,1.35037,1.35049
2026-08-14 07:30:00+00:00,1.35044,1.351,1.35039,1.35087
2026-08-14 07:45:00+00:00,1.35089,1.35134,1.35087,1.35122
2026-08-14 08:00:00+00:00,1.35111,1.35204,1.35108,1.35181
2026-08-14 08:15:00+00:00,1.35179,1.35229,1.35159,1.35224
2026-08-14 08:30:00+00:00,1.35217,1.35265,1.35205,1.35232
2026-08-14 08:45:00+00:00,1.35234,1.35235,1.35189,1.35232
2026-08-14 09:00:00+00:00,1.3522,1.35257,1.3521,1.35224
2026-08-14 09:15:00+00:00,1.35222,1.35233,1.35207,1.35218
2026-08-14 09:30:00+00:00,1.35223,1.35239,1.35199,1.35215
2026-08-14 09:45:00+00:00,1.35216,1.35244,1.35214,1.35241
2026-08-14 10:00:00+00:00,1.35233,1.35286,1.35233,1.35283
2026-08-14 10:15:00+00:00,1.35281,1.35281,1.35265,1.35272
2026-08-14 10:30:00+00:00,1.35269,1.35291,1.35264,1.35267
2026-08-14 10:45:00+00:00,1.35273,1.35296,1.35273,1.35277
2026-08-14 11:00:00+00:00,1.35275,1.35306,1.35265,1.35302
2026-08-14 11:15:00+00:00,1.353,1.35371,1.35294,1.35348
2026-08-14 11:30:00+00:00,1.35351,1.35426,1.35345,1.35416
2026-08-14 11:45:00+00:00,1.35416,1.3542,1.35353,1.35354
2026-08-14 12:00:00+00:00,1.35355,1.35399,1.35343,1.3536
2026-08-14 12:15:00+00:00,1.35357,1.35444,1.35356,1.35407
2026-08-14 12:30:00+00:00,1.35409,1.35507,1.35375,1.35375
2026-08-14 12:45:00+00:00,1.35376,1.35415,1.35358,1.35396
2026-08-14 13:00:00+00:00,1.35385,1.35406,1.35353,1.35386
2026-08-14 13:15:00+00:00,1.35381,1.3545,1.35358,1.35443
2026-08-14 13:30:00+00:00,1.35444,1.35567,1.35424,1.3556
2026-08-14 13:45:00+00:00,1.35554,1.35613,1.35512,1.35537
2026-08-14 14:00:00+00:00,1.35538,1.35566,1.35516,1.35532
2026-08-14 14:15:00+00:00,1.35549,1.35603,1.35503,1.35602
2026-08-14 14:30:00+00:00,1.35598,1.35604,1.35495,1.35517
2026-08-14 14:45:00+00:00,1.35512,1.35523,1.35459,1.35477
2026-08-14 15:00:00+00:00,1.35479,1.35541,1.35479,1.35503
2026-08-14 15:15:00+00:00,1.35501,1.35501,1.35408,1.35481
2026-08-14 15:30:00+00:00,1.35472,1.35545,1.35472,1.35494
2026-08-14 15:45:00+00:00,1.35501,1.35576,1.35496,1.35549
2026-08-14 16:00:00+00:00,1.35551,1.35563,1.35501,1.35515
2026-08-14 16:15:00+00:00,1.35514,1.35544,1.35493,1.35498
2026-08-14 16:30:00+00:00,1.35496,1.35539,1.35475,1.35479
2026-08-14 16:45:00+00:00,1.35482,1.35482,1.35389,1.3539
2026-08-14 17:00:00+00:00,1.35391,1.35394,1.35318,1.35323
2026-08-14 17:15:00+00:00,1.35321,1.35333,1.3528,1.35292
2026-08-14 17:30:00+00:00,1.35282,1.35326,1.35282,1.353
2026-08-14 17:45:00+00:00,1.35303,1.35328,1.35289,1.35321
2026-08-14 18:00:00+00:00,1.35322,1.35339,1.35304,1.35306
2026-08-14 18:15:00+00:00,1.35309,1.35352,1.353,1.35349
2026-08-14 18:30:00+00:00,1.35346,1.35352,1.35329,1.35349
2026-08-14 18:45:00+00:00,1.35348,1.35361,1.35333,1.35341
2026-08-14 19:00:00+00:00,1.35343,1.35359,1.35327,1.35358
2026-08-14 19:15:00+00:00,1.35356,1.35373,1.35349,1.3537
2026-08-14 19:30:00+00:00,1.35367,1.35371,1.35334,1.35352
2026-08-14 19:45:00+00:00,1.35351,1.3536,1.35338,1.35338
2026-08-14 20:00:00+00:00,1.3534,1.35368,1.35339,1.3535
2026-08-14 20:15:00+00:00,1.35351,1.35369,1.35347,1.35367
2026-08-14 20:30:00+00:00,1.35363,1.35371,1.35338,1.35341
2026-08-14 20:45:00+00:00,1.3534,1.35349,1.35333,1.35341
2026-08-14 21:00:00+00:00,1.35337,1.35422,1.35281,1.35298
2026-08-14 21:15:00+00:00,1.35299,1.35308,1.35291,1.35298
2026-08-14 21:30:00+00:00,1.35299,1.35334,1.35267,1.35299
2026-08-14 21:45:00+00:00,1.35291,1.35309,1.3527,1.35273
2026-08-14 22:00:00+00:00,1.35277,1.35345,1.3526,1.35297
2026-08-14 22:15:00+00:00,1.35298,1.35308,1.35288,1.35302
2026-08-14 22:30:00+00:00,1.35301,1.35307,1.35283,1.35287
2026-08-14 22:45:00+00:00,1.35287,1.35308,1.35281,1.35303
2026-08-14 23:00:00+00:00,1.35302,1.35336,1.3524,1.35298
2026-08-14 23:15:00+00:00,1.35298,1.35304,1.35285,1.35298
2026-08-14 23:30:00+00:00,1.35296,1.35303,1.35285,1.35287
2026-08-14 23:45:00+00:00,1.35288,1.35311,1.3526,1.35297
2026-08-15 00:00:00+00:00,1.35293,1.35337,1.35269,1.35331
2026-08-15 00:15:00+00:00,1.35332,1.3534,1.35329,1.35333
2026-08-15 00:30:00+00:00,1.35331,1.35339,1.35329,1.35336
2026-08-15 00:45:00+00:00,1.35333,1.3534,1.3533,1.35332
2026-08-15 01:00:00+00:00,1.35334,1.35342,1.35333,1.35335
2026-08-15 01:15:00+00:00,1.35336,1.35342,1.35331,1.35337
2026-08-15 01:30:00+00:00,1.35335,1.35342,1.35316,1.35337
2026-08-15 01:45:00+00:00,1.35333,1.35342,1.35333,1.35337
2026-08-15 02:00:00+00:00,1.35336,1.35342,1.35331,1.35334
2026-08-15 02:15:00+00:00,1.35335,1.35342,1.35334,1.35338
2026-08-15 02:30:00+00:00,1.35336,1.35342,1.35329,1.35339
2026-08-15 02:45:00+00:00,1.35336,1.35342,1.35331,1.35337
2026-08-15 03:00:00+00:00,1.35336,1.35342,1.35334,1.35334
2026-08-15 03:15:00+00:00,1.35335,1.35342,1.35318,1.35339
2026-08-15 03:30:00+00:00,1.35336,1.35342,1.35333,1.35338
2026-08-15 03:45:00+00:00,1.35335,1.35342,1.35332,1.35338
2026-08-15 04:00:00+00:00,1.35336,1.35342,1.35331,1.35334
2026-08-15 04:15:00+00:00,1.35335,1.35342,1.35333,1.35334
2026-08-15 04:30:00+00:00,1.35335,1.35339,1.35329,1.35338
2026-08-15 04:45:00+00:00,1.35336,1.35341,1.35329,1.35337
2026-08-15 05:00:00+00:00,1.35334,1.35341,1.35314,1.35335
2026-08-15 05:15:00+00:00,1.35335,1.3534,1.35331,1.35334
2026-08-15 05:30:00+00:00,1.35334,1.3534,1.35331,1.35337
2026-08-15 05:45:00+00:00,1.35335,1.35342,1.35331,1.35338
2026-08-15 06:00:00+00:00,1.35335,1.3534,1.35331,1.35333
2026-08-15 06:15:00+00:00,1.35334,1.35341,1.3533,1.35333
2026-08-15 06:30:00+00:00,1.35334,1.35342,1.35322,1.35334
2026-08-15 06:45:00+00:00,1.35329,1.35341,1.35329,1.35338
2026-08-15 07:00:00+00:00,1.35336,1.3534,1.35329,1.35334
2026-08-15 07:15:00+00:00,1.35333,1.35342,1.3533,1.35338
2026-08-15 07:30:00+00:00,1.35334,1.35342,1.35332,1.35337
2026-08-15 07:45:00+00:00,1.35336,1.35339,1.35327,1.35336
2026-08-15 08:00:00+00:00,1.35332,1.35341,1.35331,1.35335
2026-08-15 08:15:00+00:00,1.35334,1.35345,1.35322,1.35337
2026-08-15 08:30:00+00:00,1.35334,1.35341,1.35331,1.35339
2026-08-15 08:45:00+00:00,1.35335,1.35338,1.35329,1.35337
2026-08-15 09:00:00+00:00,1.35333,1.35342,1.3533,1.35334
2026-08-15 09:15:00+00:00,1.35331,1.3534,1.3533,1.35334
2026-08-15 09:30:00+00:00,1.35334,1.35338,1.35327,1.35335
2026-08-15 09:45:00+00:00,1.35331,1.35337,1.35327,1.35334
2026-08-15 10:00:00+00:00,1.35331,1.35337,1.35322,1.35331
2026-08-15 10:15:00+00:00,1.35329,1.35337,1.35327,1.35334
2026-08-15 10:30:00+00:00,1.3533,1.35338,1.35327,1.35334
2026-08-15 10:45:00+00:00,1.35331,1.35335,1.35322,1.35332
2026-08-15 11:00:00+00:00,1.3533,1.3534,1.35323,1.35333
2026-08-15 11:15:00+00:00,1.35331,1.35336,1.35326,1.35328
2026-08-15 11:30:00+00:00,1.35329,1.3534,1.35313,1.35314
2026-08-15 11:45:00+00:00,1.35315,1.35333,1.35305,1.35329
2026-08-15 12:00:00+00:00,1.35327,1.35334,1.35325,1.35331
2026-08-15 12:15:00+00:00,1.35328,1.35334,1.35326,1.35329
2026-08-15 12:30:00+00:00,1.35329,1.35337,1.35327,1.35328
2026-08-15 12:45:00+00:00,1.35329,1.35335,1.35327,1.35329
2026-08-15 13:00:00+00:00,1.35327,1.35334,1.35325,1.35331
2026-08-15 13:15:00+00:00,1.35328,1.35335,1.35304,1.35321
2026-08-15 13:30:00+00:00,1.35318,1.35324,1.35316,1.35317
2026-08-15 13:45:00+00:00,1.35318,1.35324,1.35316,1.3532
2026-08-15 14:00:00+00:00,1.35318,1.35324,1.35316,1.35322
2026-08-15 14:15:00+00:00,1.35319,1.35325,1.35317,1.3532
2026-08-15 14:30:00+00:00,1.35319,1.35332,1.35317,1.35323
2026-08-15 14:45:00+00:00,1.35324,1.35331,1.35322,1.35328
2026-08-15 15:00:00+00:00,1.35324,1.35326,1.35303,1.35309
2026-08-15 15:15:00+00:00,1.35306,1.35315,1.35304,1.35311
2026-08-15 15:30:00+00:00,1.35309,1.35315,1.35307,1.35308
2026-08-15 15:45:00+00:00,1.35309,1.35317,1.35307,1.35311
2026-08-15 16:00:00+00:00,1.35311,1.35364,1.35304,1.35346
2026-08-15 16:15:00+00:00,1.35343,1.35347,1.35334,1.35339
2026-08-15 16:30:00+00:00,1.35337,1.35343,1.35316,1.35322
2026-08-15 16:45:00+00:00,1.35321,1.35321,1.35309,1.35312
2026-08-15 17:00:00+00:00,1.35313,1.35364,1.35312,1.35344
2026-08-15 17:15:00+00:00,1.35342,1.35348,1.35332,1.35337
2026-08-15 17:30:00+00:00,1.35334,1.35339,1.35328,1.35329
2026-08-15 17:45:00+00:00,1.35329,1.35337,1.35328,1.35329
2026-08-15 18:00:00+00:00,1.3533,1.35375,1.35305,1.35345
2026-08-15 18:15:00+00:00,1.35344,1.35344,1.35308,1.35324
2026-08-15 18:30:00+00:00,1.35322,1.3533,1.35319,1.35326
2026-08-15 18:45:00+00:00,1.35324,1.35336,1.35324,1.35334
2026-08-15 19:00:00+00:00,1.3533,1.35377,1.35328,1.35362
2026-08-15 19:15:00+00:00,1.35361,1.35361,1.35339,1.35348
2026-08-15 19:30:00+00:00,1.35345,1.35347,1.35331,1.35334
2026-08-15 19:45:00+00:00,1.35333,1.35339,1.35331,1.35332
2026-08-15 20:00:00+00:00,1.35333,1.35369,1.35313,1.35335
2026-08-15 20:15:00+00:00,1.35332,1.35338,1.35328,1.35335
2026-08-15 20:30:00+00:00,1.35333,1.35336,1.35328,1.35331
2026-08-15 20:45:00+00:00,1.3533,1.35336,1.35327,1.35334
2026-08-15 21:00:00+00:00,1.3533,1.35377,1.35296,1.35361
2026-08-15 21:15:00+00:00,1.35361,1.35364,1.35349,1.35356
2026-08-15 21:30:00+00:00,1.35353,1.35359,1.35323,1.35333
2026-08-15 21:45:00+00:00,1.35331,1.35331,1.35313,1.35325
2026-08-15 22:00:00+00:00,1.35325,1.35373,1.35293,1.35344
2026-08-15 22:15:00+00:00,1.35345,1.3535,1.35343,1.35347
2026-08-15 22:30:00+00:00,1.35345,1.35351,1.35338,1.35342
2026-08-15 22:45:00+00:00,1.3534,1.35346,1.35338,1.35339
2026-08-15 23:00:00+00:00,1.3534,1.35377,1.35303,1.35365
2026-08-15 23:15:00+00:00,1.35366,1.3537,1.35318,1.35326
2026-08-15 23:30:00+00:00,1.35324,1.3533,1.35321,1.35326
2026-08-15 23:45:00+00:00,1.35324,1.35329,1.35321,1.35323
2026-08-16 00:00:00+00:00,1.35323,1.35333,1.35319,1.35326
2026-08-16 00:15:00+00:00,1.35327,1.35332,1.35324,1.35327
2026-08-16 00:30:00+00:00,1.35326,1.35332,1.35322,1.35327
2026-08-16 00:45:00+00:00,1.35324,1.35331,1.35323,1.35326
2026-08-16 01:00:00+00:00,1.35324,1.35327,1.35303,1.35306
2026-08-16 01:15:00+00:00,1.35306,1.35324,1.35295,1.3532
2026-08-16 01:30:00+00:00,1.35317,1.35324,1.35316,1.35321
2026-08-16 01:45:00+00:00,1.35318,1.35324,1.35316,1.35319
2026-08-16 02:00:00+00:00,1.35318,1.35325,1.35317,1.35319
2026-08-16 02:15:00+00:00,1.3532,1.35326,1.35318,1.3532
2026-08-16 02:30:00+00:00,1.3532,1.35333,1.35316,1.35324
2026-08-16 02:45:00+00:00,1.35321,1.35321,1.35307,1.35313
2026-08-16 03:00:00+00:00,1.35312,1.35319,1.3531,1.35312
2026-08-16 03:15:00+00:00,1.35313,1.35319,1.35311,1.35317
2026-08-16 03:30:00+00:00,1.35313,1.35321,1.35312,1.35317
2026-08-16 03:45:00+00:00,1.35315,1.35321,1.35313,1.35317
2026-08-16 04:00:00+00:00,1.35315,1.35322,1.35314,1.35315
2026-08-16 04:15:00+00:00,1.35316,1.35322,1.35303,1.35305
2026-08-16 04:30:00+00:00,1.35305,1.35311,1.35303,1.35308
2026-08-16 04:45:00+00:00,1.35305,1.35317,1.35303,1.35314
2026-08-16 05:00:00+00:00,1.35311,1.35317,1.35309,1.35311
2026-08-16 05:15:00+00:00,1.35311,1.35319,1.3531,1.35313
2026-08-16 05:30:00+00:00,1.35313,1.3532,1.35311,1.35318
2026-08-16 05:45:00+00:00,1.35316,1.35322,1.35314,1.35319
2026-08-16 06:00:00+00:00,1.35316,1.35325,1.35307,1.35312
2026-08-16 06:15:00+00:00,1.3531,1.3533,1.35305,1.35323
2026-08-16 06:30:00+00:00,1.35324,1.35329,1.35321,1.35325
2026-08-16 06:45:00+00:00,1.35323,1.35329,1.3532,1.35325
2026-08-16 07:00:00+00:00,1.35322,1.35329,1.35321,1.35324
2026-08-16 07:15:00+00:00,1.35322,1.35329,1.3532,1.35321
2026-08-16 07:30:00+00:00,1.35322,1.35329,1.35313,1.35318
2026-08-16 07:45:00+00:00,1.35316,1.35318,1.35305,1.35311
2026-08-16 08:00:00+00:00,1.35308,1.35317,1.35306,1.35312
2026-08-16 08:15:00+00:00,1.35311,1.35317,1.35309,1.3531
2026-08-16 08:30:00+00:00,1.35311,1.35319,1.35309,1.35313
2026-08-16 08:45:00+00:00,1.35313,1.35319,1.35311,1.35316
2026-08-16 09:00:00+00:00,1.35313,1.3532,1.35311,1.35316
2026-08-16 09:15:00+00:00,1.35314,1.3532,1.35307,1.35311
2026-08-16 09:30:00+00:00,1.35311,1.35317,1.35309,1.35311
2026-08-16 09:45:00+00:00,1.35311,1.35319,1.3531,1.35318
2026-08-16 10:00:00+00:00,1.35315,1.35321,1.35313,1.35318
2026-08-16 10:15:00+00:00,1.35315,1.35321,1.35314,1.35315
2026-08-16 10:30:00+00:00,1.35315,1.35321,1.35313,1.35315
2026-08-16 10:45:00+00:00,1.35315,1.35321,1.35313,1.35318
2026-08-16 11:00:00+00:00,1.35315,1.35321,1.35313,1.35318
2026-08-16 11:15:00+00:00,1.35315,1.35321,1.35313,1.35315
2026-08-16 11:30:00+00:00,1.35315,1.35324,1.353,1.35305
2026-08-16 11:45:00+00:00,1.35305,1.35311,1.35303,1.35307
2026-08-16 12:00:00+00:00,1.35305,1.35311,1.35303,1.35308
2026-08-16 12:15:00+00:00,1.35305,1.35311,1.35303,1.35307
2026-08-16 12:30:00+00:00,1.35305,1.35311,1.35303,1.35304
2026-08-16 12:45:00+00:00,1.35305,1.35311,1.35303,1.35308
2026-08-16 13:00:00+00:00,1.35305,1.35311,1.35303,1.35308
2026-08-16 13:15:00+00:00,1.35305,1.35338,1.35291,1.3532
2026-08-16 13:30:00+00:00,1.35319,1.35325,1.35317,1.35318
2026-08-16 13:45:00+00:00,1.35319,1.35325,1.35317,1.35321
2026-08-16 14:00:00+00:00,1.35319,1.35341,1.35299,1.35339
2026-08-16 14:15:00+00:00,1.35336,1.35345,1.35333,1.35336
2026-08-16 14:30:00+00:00,1.35335,1.35341,1.35333,1.35334
2026-08-16 14:45:00+00:00,1.35335,1.35349,1.35316,1.35324
2026-08-16 15:00:00+00:00,1.3532,1.35326,1.35314,1.35325
2026-08-16 15:15:00+00:00,1.35322,1.35343,1.35311,1.35318
2026-08-16 15:30:00+00:00,1.35316,1.35322,1.35314,1.35315
2026-08-16 15:45:00+00:00,1.35316,1.35325,1.35292,1.35319
2026-08-16 16:00:00+00:00,1.35319,1.35373,1.35317,1.3536
2026-08-16 16:15:00+00:00,1.35357,1.35362,1.35329,1.35341
2026-08-16 16:30:00+00:00,1.35339,1.35345,1.35307,1.35312
2026-08-16 16:45:00+00:00,1.35312,1.35318,1.3531,1.35312
2026-08-16 17:00:00+00:00,1.35312,1.35371,1.35295,1.35339
2026-08-16 17:15:00+00:00,1.35337,1.35343,1.35332,1.3534
2026-08-16 17:30:00+00:00,1.35337,1.35343,1.3532,1.35335
2026-08-16 17:45:00+00:00,1.35336,1.35344,1.3533,1.35334
2026-08-16 18:00:00+00:00,1.35336,1.35362,1.35323,1.35331
2026-08-16 18:15:00+00:00,1.35329,1.35337,1.35327,1.35333
2026-08-16 18:30:00+00:00,1.3533,1.35356,1.35318,1.35355
2026-08-16 18:45:00+00:00,1.35352,1.35367,1.35347,1.3536
2026-08-16 19:00:00+00:00,1.35361,1.3537,1.35297,1.35353
2026-08-16 19:15:00+00:00,1.35352,1.35426,1.35212,1.35273
2026-08-16 19:30:00+00:00,1.35269,1.35375,1.35184,1.35365
2026-08-16 19:45:00+00:00,1.35346,1.35437,1.35101,1.35225
2026-08-16 20:00:00+00:00,1.35281,1.35442,1.35096,1.35394
2026-08-16 20:15:00+00:00,1.3539,1.35395,1.35351,1.35372
2026-08-16 20:30:00+00:00,1.35368,1.35417,1.35339,1.35353
2026-08-16 20:45:00+00:00,1.35348,1.35411,1.35338,1.35358
2026-08-16 21:00:00+00:00,1.35362,1.35427,1.35347,1.35415
2026-08-16 21:15:00+00:00,1.35408,1.35417,1.35373,1.35394
2026-08-16 21:30:00+00:00,1.35389,1.35403,1.35358,1.35391
2026-08-16 21:45:00+00:00,1.35387,1.35393,1.3532,1.35321
2026-08-16 22:00:00+00:00,1.35324,1.35345,1.35308,1.35324
2026-08-16 22:15:00+00:00,1.3532,1.35377,1.3532,1.35375
2026-08-16 22:30:00+00:00,1.35371,1.35408,1.35367,1.354
2026-08-16 22:45:00+00:00,1.35398,1.3544,1.35392,1.35435
2026-08-16 23:00:00+00:00,1.35429,1.35457,1.35429,1.35446
2026-08-16 23:15:00+00:00,1.35447,1.35447,1.35433,1.35444
2026-08-16 23:30:00+00:00,1.35441,1.35459,1.35432,1.35456
2026-08-16 23:45:00+00:00,1.35453,1.35478,1.3545,1.35468
2026-08-17 00:00:00+00:00,1.35465,1.35523,1.35461,1.35518
2026-08-17 00:15:00+00:00,1.35513,1.3554,1.35513,1.3553
2026-08-17 00:30:00+00:00,1.35529,1.35563,1.35528,1.3554
2026-08-17 00:45:00+00:00,1.35537,1.35548,1.35524,1.35535
2026-08-17 01:00:00+00:00,1.35535,1.3556,1.35518,1.3552
2026-08-17 01:15:00+00:00,1.35527,1.35561,1.3552,1.35551
2026-08-17 01:30:00+00:00,1.3555,1.3555,1.35507,1.35536
2026-08-17 01:45:00+00:00,1.35531,1.35561,1.35531,1.35554
2026-08-17 02:00:00+00:00,1.35549,1.35565,1.35517,1.3552
2026-08-17 02:15:00+00:00,1.35527,1.35557,1.35527,1.35555
2026-08-17 02:30:00+00:00,1.3555,1.35565,1.35498,1.35524
2026-08-17 02:45:00+00:00,1.35528,1.35528,1.35498,1.35499
2026-08-17 03:00:00+00:00,1.355,1.35503,1.35485,1.35496
2026-08-17 03:15:00+00:00,1.35491,1.35513,1.35484,1.35494
2026-08-17 03:30:00+00:00,1.35495,1.35503,1.3547,1.35484
2026-08-17 03:45:00+00:00,1.35481,1.35516,1.35476,1.35515
2026-08-17 04:00:00+00:00,1.35508,1.35567,1.35508,1.35565
2026-08-17 04:15:00+00:00,1.35563,1.35569,1.35536,1.35557
2026-08-17 04:30:00+00:00,1.35555,1.35555,1.35538,1.35548
2026-08-17 04:45:00+00:00,1.35549,1.35558,1.35514,1.35524
2026-08-17 05:00:00+00:00,1.35521,1.35528,1.35505,1.35506
2026-08-17 05:15:00+00:00,1.35507,1.35554,1.35501,1.35552
2026-08-17 05:30:00+00:00,1.35548,1.35552,1.35531,1.35539
2026-08-17 05:45:00+00:00,1.3554,1.35585,1.35529,1.35533
2026-08-17 06:00:00+00:00,1.35533,1.35569,1.35512,1.35522
2026-08-17 06:15:00+00:00,1.35518,1.35559,1.35516,1.35552
2026-08-17 06:30:00+00:00,1.35543,1.35558,1.35516,1.3553
2026-08-17 06:45:00+00:00,1.35523,1.35599,1.35523,1.35588
2026-08-17 07:00:00+00:00,1.3559,1.35598,1.35558,1.35584
2026-08-17 07:15:00+00:00,1.35586,1.35648,1.35579,1.35641
2026-08-17 07:30:00+00:00,1.35634,1.3572,1.35634,1.35707
2026-08-17 07:45:00+00:00,1.35706,1.35706,1.35621,1.3564
2026-08-17 08:00:00+00:00,1.35637,1.3565,1.35604,1.35648
2026-08-17 08:15:00+00:00,1.35645,1.35708,1.35645,1.35702
2026-08-17 08:30:00+00:00,1.35694,1.35716,1.35621,1.35623
2026-08-17 08:45:00+00:00,1.35626,1.35626,1.35503,1.35538
2026-08-17 09:00:00+00:00,1.35535,1.35576,1.35517,1.35566
2026-08-17 09:15:00+00:00,1.35564,1.35585,1.35541,1.35581
2026-08-17 09:30:00+00:00,1.35575,1.35624,1.35573,1.35622
2026-08-17 09:45:00+00:00,1.35617,1.35621,1.35584,1.35591
2026-08-17 10:00:00+00:00,1.35592,1.3561,1.35546,1.35609
2026-08-17 10:15:00+00:00,1.35604,1.35614,1.35578,1.35605
2026-08-17 10:30:00+00:00,1.35592,1.35652,1.35588,1.35595
2026-08-17 10:45:00+00:00,1.35595,1.35601,1.35549,1.35552
2026-08-17 11:00:00+00:00,1.35555,1.3561,1.35552,1.3557
2026-08-17 11:15:00+00:00,1.35579,1.35587,1.35514,1.35583
2026-08-17 11:30:00+00:00,1.35584,1.35589,1.35544,1.35546
2026-08-17 11:45:00+00:00,1.35549,1.35571,1.35526,1.35571
2026-08-17 12:00:00+00:00,1.35568,1.35625,1.3556,1.35599
2026-08-17 12:15:00+00:00,1.35603,1.35626,1.35536,1.3557
2026-08-17 12:30:00+00:00,1.35566,1.35591,1.35549,1.35583
2026-08-17 12:45:00+00:00,1.35573,1.35595,1.35547,1.35588
2026-08-17 13:00:00+00:00,1.35573,1.35666,1.35573,1.35627
2026-08-17 13:15:00+00:00,1.35634,1.3566,1.35608,1.35615
2026-08-17 13:30:00+00:00,1.35617,1.35664,1.35576,1.3558
2026-08-17 13:45:00+00:00,1.35585,1.35599,1.35522,1.35595
2026-08-17 14:00:00+00:00,1.35586,1.35652,1.35586,1.35646
2026-08-17 14:15:00+00:00,1.35636,1.35685,1.35597,1.356
2026-08-17 14:30:00+00:00,1.35604,1.35615,1.35558,1.35578
2026-08-17 14:45:00+00:00,1.35578,1.3559,1.35509,1.3553
2026-08-17 15:00:00+00:00,1.35525,1.35547,1.35514,1.35536
2026-08-17 15:15:00+00:00,1.35537,1.35564,1.35518,1.3556
2026-08-17 15:30:00+00:00,1.3555,1.35579,1.35535,1.35537
2026-08-17 15:45:00+00:00,1.35539,1.35621,1.35513,1.35619
2026-08-17 16:00:00+00:00,1.35615,1.35623,1.35577,1.35596
2026-08-17 16:15:00+00:00,1.35592,1.35633,1.35592,1.35621
2026-08-17 16:30:00+00:00,1.35619,1.35647,1.35612,1.35627
2026-08-17 16:45:00+00:00,1.3563,1.3563,1.35582,1.35584
2026-08-17 17:00:00+00:00,1.35588,1.35606,1.35577,1.35586
2026-08-17 17:15:00+00:00,1.35583,1.35584,1.35523,1.35538
2026-08-17 17:30:00+00:00,1.35528,1.35558,1.35444,1.35469
2026-08-17 17:45:00+00:00,1.35466,1.3549,1.35446,1.35448
2026-08-17 18:00:00+00:00,1.35451,1.35453,1.35422,1.35446
2026-08-17 18:15:00+00:00,1.35441,1.35455,1.35388,1.3539
2026-08-17 18:30:00+00:00,1.3539,1.35404,1.35373,1.35376
2026-08-17 18:45:00+00:00,1.35377,1.35389,1.35366,1.3538
2026-08-17 19:00:00+00:00,1.35377,1.35404,1.35359,1.35399
2026-08-17 19:15:00+00:00,1.3539,1.35435,1.3539,1.3543
2026-08-17 19:30:00+00:00,1.35427,1.35445,1.35413,1.35442
2026-08-17 19:45:00+00:00,1.3544,1.35448,1.35417,1.35433
2026-08-17 20:00:00+00:00,1.3543,1.35468,1.35415,1.35416
2026-08-17 20:15:00+00:00,1.35417,1.35455,1.35415,1.35443
2026-08-17 20:30:00+00:00,1.3544,1.35443,1.3543,1.35435
2026-08-17 20:45:00+00:00,1.35432,1.35439,1.35403,1.35407
2026-08-17 21:00:00+00:00,1.35416,1.35488,1.35416,1.35456
2026-08-17 21:15:00+00:00,1.35463,1.35507,1.35442,1.35452
2026-08-17 21:30:00+00:00,1.35449,1.35454,1.35435,1.35437
2026-08-17 21:45:00+00:00,1.35437,1.35452,1.35417,1.35425
2026-08-17 22:00:00+00:00,1.35423,1.35454,1.35417,1.35445
2026-08-17 22:15:00+00:00,1.3544,1.35454,1.35435,1.35453
2026-08-17 22:30:00+00:00,1.35451,1.35455,1.35422,1.35445
2026-08-17 22:45:00+00:00,1.35442,1.35447,1.35433,1.35439
2026-08-17 23:00:00+00:00,1.35439,1.35465,1.35436,1.35462
2026-08-17 23:15:00+00:00,1.35458,1.35475,1.35454,1.35474
2026-08-17 23:30:00+00:00,1.35471,1.3551,1.35471,1.35508
2026-08-17 23:45:00+00:00,1.35503,1.35523,1.35498,1.35506
2026-08-18 00:00:00+00:00,1.35505,1.35543,1.35503,1.35504
2026-08-18 00:15:00+00:00,1.35509,1.35526,1.35485,1.35488
2026-08-18 00:30:00+00:00,1.35487,1.35498,1.35454,1.35494
2026-08-18 00:45:00+00:00,1.35491,1.35497,1.35471,1.35488
2026-08-18 01:00:00+00:00,1.35487,1.35537,1.35487,1.35533
2026-08-18 01:15:00+00:00,1.35529,1.35536,1.35468,1.3549
2026-08-18 01:30:00+00:00,1.35486,1.35524,1.35486,1.35492
2026-08-18 01:45:00+00:00,1.35495,1.35495,1.35462,1.35464
2026-08-18 02:00:00+00:00,1.35466,1.3547,1.35441,1.35442
2026-08-18 02:15:00+00:00,1.35443,1.35447,1.35418,1.35422
2026-08-18 02:30:00+00:00,1.35421,1.3543,1.35397,1.35428
2026-08-18 02:45:00+00:00,1.35425,1.35463,1.35416,1.35459
2026-08-18 03:00:00+00:00,1.35457,1.35461,1.35421,1.35421
2026-08-18 03:15:00+00:00,1.35423,1.35424,1.35376,1.35385
2026-08-18 03:30:00+00:00,1.3538,1.35383,1.35358,1.35365
2026-08-18 03:45:00+00:00,1.35363,1.35367,1.35344,1.35364
2026-08-18 04:00:00+00:00,1.35361,1.35361,1.35314,1.35315
2026-08-18 04:15:00+00:00,1.35317,1.35384,1.35314,1.35363
2026-08-18 04:30:00+00:00,1.35364,1.35371,1.35338,1.35368
2026-08-18 04:45:00+00:00,1.35365,1.35383,1.35353,1.35369
2026-08-18 05:00:00+00:00,1.35367,1.35367,1.35336,1.35339
2026-08-18 05:15:00+00:00,1.35339,1.35387,1.35338,1.35385
2026-08-18 05:30:00+00:00,1.35381,1.35386,1.3536,1.35371
2026-08-18 05:45:00+00:00,1.35366,1.35393,1.35366,1.35381
2026-08-18 06:00:00+00:00,1.3538,1.35389,1.35225,1.35295
2026-08-18 06:15:00+00:00,1.35295,1.35326,1.35254,1.35309
2026-08-18 06:30:00+00:00,1.35315,1.35329,1.35263,1.35285
2026-08-18 06:45:00+00:00,1.35284,1.35286,1.35221,1.35258
2026-08-18 07:00:00+00:00,1.35253,1.35289,1.35219,1.35222
2026-08-18 07:15:00+00:00,1.35226,1.35271,1.35201,1.35263
2026-08-18 07:30:00+00:00,1.35263,1.3531,1.35245,1.35292
2026-08-18 07:45:00+00:00,1.35294,1.35316,1.3527,1.35306
2026-08-18 08:00:00+00:00,1.35302,1.35302,1.35243,1.35272
2026-08-18 08:15:00+00:00,1.3527,1.35282,1.35241,1.35278
2026-08-18 08:30:00+00:00,1.35273,1.35302,1.3527,1.353
2026-08-18 08:45:00+00:00,1.35297,1.35344,1.35287,1.35328
2026-08-18 09:00:00+00:00,1.35331,1.35331,1.35285,1.35296
2026-08-18 09:15:00+00:00,1.35293,1.35329,1.35267,1.35327
2026-08-18 09:30:00+00:00,1.35324,1.35334,1.35278,1.3528
2026-08-18 09:45:00+00:00,1.35284,1.35338,1.35284,1.35324
2026-08-18 10:00:00+00:00,1.35324,1.35327,1.35267,1.35273
2026-08-18 10:15:00+00:00,1.35271,1.35291,1.3525,1.35287
2026-08-18 10:30:00+00:00,1.35282,1.35309,1.35276,1.35278
2026-08-18 10:45:00+00:00,1.35279,1.35312,1.35256,1.35269
2026-08-18 11:00:00+00:00,1.35257,1.35281,1.35225,1.35254
2026-08-18 11:15:00+00:00,1.35251,1.35251,1.35212,1.35215
2026-08-18 11:30:00+00:00,1.35221,1.35237,1.35201,1.35235
2026-08-18 11:45:00+00:00,1.35232,1.3528,1.35219,1.35279
2026-08-18 12:00:00+00:00,1.35275,1.35287,1.35245,1.35267
2026-08-18 12:15:00+00:00,1.35257,1.3532,1.35257,1.35274
2026-08-18 12:30:00+00:00,1.35277,1.35286,1.35241,1.35255
2026-08-18 12:45:00+00:00,1.35268,1.35341,1.35268,1.35337
2026-08-18 13:00:00+00:00,1.35336,1.35385,1.3532,1.35374
2026-08-18 13:15:00+00:00,1.3537,1.35387,1.35327,1.35346
2026-08-18 13:30:00+00:00,1.35343,1.35434,1.35313,1.35399
2026-08-18 13:45:00+00:00,1.35403,1.3541,1.35312,1.35404
2026-08-18 14:00:00+00:00,1.35392,1.35452,1.35392,1.35432
2026-08-18 14:15:00+00:00,1.35428,1.35489,1.35417,1.35438
2026-08-18 14:30:00+00:00,1.35445,1.35467,1.35402,1.35465
2026-08-18 14:45:00+00:00,1.35461,1.35507,1.35439,1.35457
2026-08-18 15:00:00+00:00,1.35454,1.35485,1.35379,1.35395
2026-08-18 15:15:00+00:00,1.35394,1.35424,1.35367,1.35394
2026-08-18 15:30:00+00:00,1.35383,1.35408,1.35373,1.3539
2026-08-18 15:45:00+00:00,1.35391,1.35435,1.35379,1.35432
2026-08-18 16:00:00+00:00,1.35428,1.35455,1.35412,1.35438
2026-08-18 16:15:00+00:00,1.35441,1.3548,1.35422,1.35425
2026-08-18 16:30:00+00:00,1.3543,1.3545,1.35411,1.35448
2026-08-18 16:45:00+00:00,1.35447,1.35455,1.35408,1.35409
2026-08-18 17:00:00+00:00,1.35411,1.35413,1.35344,1.35345
2026-08-18 17:15:00+00:00,1.35344,1.35377,1.35344,1.35354
2026-08-18 17:30:00+00:00,1.3535,1.35364,1.35327,1.35348
2026-08-18 17:45:00+00:00,1.35348,1.35359,1.35344,1.35345
2026-08-18 18:00:00+00:00,1.35346,1.35355,1.35325,1.35353
2026-08-18 18:15:00+00:00,1.35349,1.35385,1.35349,1.35382
2026-08-18 18:30:00+00:00,1.35379,1.35379,1.35338,1.35341
2026-08-18 18:45:00+00:00,1.3534,1.35346,1.35325,1.35343
2026-08-18 19:00:00+00:00,1.35338,1.35365,1.35326,1.35363
2026-08-18 19:15:00+00:00,1.35358,1.35371,1.35347,1.35362
2026-08-18 19:30:00+00:00,1.35359,1.35395,1.35355,1.35393
2026-08-18 19:45:00+00:00,1.35391,1.35391,1.35327,1.35329
2026-08-18 20:00:00+00:00,1.35332,1.35333,1.35288,1.3531
2026-08-18 20:15:00+00:00,1.35307,1.3531,1.35289,1.35298
2026-08-18 20:30:00+00:00,1.35295,1.35323,1.35292,1.35319
2026-08-18 20:45:00+00:00,1.35317,1.35326,1.35311,1.35324
2026-08-18 21:00:00+00:00,1.35321,1.35367,1.35299,1.35363
2026-08-18 21:15:00+00:00,1.35358,1.35371,1.35323,1.35343
2026-08-18 21:30:00+00:00,1.35334,1.35357,1.35316,1.35319
2026-08-18 21:45:00+00:00,1.35324,1.35342,1.35287,1.35293
2026-08-18 22:00:00+00:00,1.35309,1.35358,1.35309,1.35317
2026-08-18 22:15:00+00:00,1.3532,1.35327,1.35316,1.3532
2026-08-18 22:30:00+00:00,1.35317,1.3533,1.35312,1.35321
2026-08-18 22:45:00+00:00,1.35318,1.35346,1.35317,1.35338
2026-08-18 23:00:00+00:00,1.3534,1.35368,1.35335,1.35356
2026-08-18 23:15:00+00:00,1.35356,1.35358,1.35336,1.3534
2026-08-18 23:30:00+00:00,1.35346,1.35346,1.35322,1.35326
2026-08-18 23:45:00+00:00,1.35322,1.35361,1.35322,1.35359
2026-08-19 00:00:00+00:00,1.35354,1.3542,1.35351,1.35417
2026-08-19 00:15:00+00:00,1.35412,1.35424,1.35384,1.35389
2026-08-19 00:30:00+00:00,1.35388,1.35389,1.35342,1.35353
2026-08-19 00:45:00+00:00,1.35362,1.35362,1.35299,1.35304
2026-08-19 01:00:00+00:00,1.35311,1.35311,1.35272,1.35273
2026-08-19 01:15:00+00:00,1.35276,1.35279,1.35237,1.35278
2026-08-19 01:30:00+00:00,1.35274,1.35298,1.35274,1.35291
2026-08-19 01:45:00+00:00,1.35288,1.35315,1.35273,1.35311
2026-08-19 02:00:00+00:00,1.3531,1.35354,1.35297,1.3535
2026-08-19 02:15:00+00:00,1.35345,1.35419,1.353,1.35363
2026-08-19 02:30:00+00:00,1.35363,1.35408,1.35352,1.35408
2026-08-19 02:45:00+00:00,1.35403,1.35435,1.35375,1.3539
2026-08-19 03:00:00+00:00,1.35388,1.35419,1.35378,1.35389
2026-08-19 03:15:00+00:00,1.3539,1.35412,1.35384,1.35411
2026-08-19 03:30:00+00:00,1.35408,1.35412,1.35377,1.35385
2026-08-19 03:45:00+00:00,1.35379,1.35398,1.35376,1.35383
2026-08-19 04:00:00+00:00,1.35381,1.35397,1.35367,1.35393
2026-08-19 04:15:00+00:00,1.35388,1.35401,1.3538,1.35389
2026-08-19 04:30:00+00:00,1.35388,1.35408,1.35366,1.35375
2026-08-19 04:45:00+00:00,1.35368,1.35428,1.35368,1.35425
2026-08-19 05:00:00+00:00,1.35422,1.3543,1.35397,1.35412
2026-08-19 05:15:00+00:00,1.35406,1.35435,1.35406,1.35408
2026-08-19 05:30:00+00:00,1.35412,1.35439,1.35412,1.35439
2026-08-19 05:45:00+00:00,1.35437,1.35449,1.35425,1.35446
2026-08-19 06:00:00+00:00,1.35443,1.35483,1.35422,1.3545
2026-08-19 06:15:00+00:00,1.35448,1.35571,1.35437,1.3553
2026-08-19 06:30:00+00:00,1.35532,1.35544,1.35496,1.35499
2026-08-19 06:45:00+00:00,1.35503,1.35531,1.35493,1.35514
2026-08-19 07:00:00+00:00,1.3551,1.35545,1.35492,1.35502
2026-08-19 07:15:00+00:00,1.355,1.35518,1.35448,1.35497
2026-08-19 07:30:00+00:00,1.35499,1.35544,1.35495,1.35527
2026-08-19 07:45:00+00:00,1.35531,1.35561,1.35516,1.35559
2026-08-19 08:00:00+00:00,1.35557,1.35648,1.35548,1.35647
2026-08-19 08:15:00+00:00,1.35644,1.35665,1.35555,1.35556
2026-08-19 08:30:00+00:00,1.35559,1.35614,1.35538,1.35609
2026-08-19 08:45:00+00:00,1.35601,1.35622,1.35534,1.35542
2026-08-19 09:00:00+00:00,1.3554,1.35567,1.35507,1.35538
2026-08-19 09:15:00+00:00,1.35529,1.35575,1.35523,1.35533
2026-08-19 09:30:00+00:00,1.35541,1.35567,1.35527,1.35547
2026-08-19 09:45:00+00:00,1.35542,1.35601,1.35535,1.35592
2026-08-19 10:00:00+00:00,1.35589,1.35607,1.35558,1.35601
2026-08-19 10:15:00+00:00,1.35586,1.35632,1.35586,1.35619
2026-08-19 10:30:00+00:00,1.35611,1.35644,1.35611,1.35637
2026-08-19 10:45:00+00:00,1.35637,1.35646,1.35553,1.35555
2026-08-19 11:00:00+00:00,1.35557,1.35606,1.35527,1.35551
2026-08-19 11:15:00+00:00,1.35546,1.35564,1.35545,1.35552
2026-08-19 11:30:00+00:00,1.35556,1.35566,1.35468,1.35473
2026-08-19 11:45:00+00:00,1.35484,1.35551,1.35484,1.3554
2026-08-19 12:00:00+00:00,1.35537,1.35579,1.35525,1.35577
2026-08-19 12:15:00+00:00,1.35573,1.35639,1.35567,1.35621
2026-08-19 12:30:00+00:00,1.35619,1.35849,1.35589,1.35828
2026-08-19 12:45:00+00:00,1.35804,1.3602,1.35804,1.35986
2026-08-19 13:00:00+00:00,1.36007,1.36152,1.35953,1.36144
2026-08-19 13:15:00+00:00,1.36122,1.36219,1.36122,1.36185
2026-08-19 13:30:00+00:00,1.3616,1.36241,1.36129,1.36198
2026-08-19 13:45:00+00:00,1.36185,1.36227,1.36104,1.36214
2026-08-19 14:00:00+00:00,1.3621,1.36249,1.36143,1.36244
2026-08-19 14:15:00+00:00,1.36235,1.36235,1.36143,1.3622
2026-08-19 14:30:00+00:00,1.36211,1.36294,1.36207,1.36265
2026-08-19 14:45:00+00:00,1.36259,1.36276,1.36083,1.36085
2026-08-19 15:00:00+00:00,1.36088,1.36136,1.3606,1.36132
2026-08-19 15:15:00+00:00,1.36123,1.36161,1.36029,1.36054
2026-08-19 15:30:00+00:00,1.36043,1.36117,1.36043,1.36095
2026-08-19 15:45:00+00:00,1.36089,1.36101,1.36023,1.3605
2026-08-19 16:00:00+00:00,1.36039,1.36114,1.36039,1.36113
2026-08-19 16:15:00+00:00,1.36109,1.36128,1.36071,1.36091
2026-08-19 16:30:00+00:00,1.36106,1.36121,1.36075,1.361
2026-08-19 16:45:00+00:00,1.36097,1.36162,1.36085,1.36106
2026-08-19 17:00:00+00:00,1.36111,1.36149,1.36023,1.36037
2026-08-19 17:15:00+00:00,1.36036,1.36036,1.35964,1.35967
2026-08-19 17:30:00+00:00,1.35967,1.35998,1.35936,1.35982
2026-08-19 17:45:00+00:00,1.35979,1.3598,1.3591,1.35911
2026-08-19 18:00:00+00:00,1.35914,1.36029,1.3588,1.36028
2026-08-19 18:15:00+00:00,1.36024,1.36024,1.35907,1.35917
2026-08-19 18:30:00+00:00,1.35914,1.36074,1.35899,1.36072
2026-08-19 18:45:00+00:00,1.3607,1.36097,1.36056,1.36081
2026-08-19 19:00:00+00:00,1.36082,1.36109,1.36034,1.36072
2026-08-19 19:15:00+00:00,1.36076,1.36117,1.36071,1.36115
2026-08-19 19:30:00+00:00,1.36111,1.3612,1.36041,1.3607
2026-08-19 19:45:00+00:00,1.36069,1.36108,1.3605,1.36081
2026-08-19 20:00:00+00:00,1.36082,1.361,1.3604,1.36041
2026-08-19 20:15:00+00:00,1.36044,1.36047,1.36027,1.36033
2026-08-19 20:30:00+00:00,1.3603,1.36074,1.3602,1.36071
2026-08-19 20:45:00+00:00,1.36068,1.36076,1.3606,1.36071
2026-08-19 21:00:00+00:00,1.3607,1.36084,1.36038,1.36046
2026-08-19 21:15:00+00:00,1.36051,1.36149,1.36011,1.36104
2026-08-19 21:30:00+00:00,1.36101,1.36109,1.36061,1.36092
2026-08-19 21:45:00+00:00,1.36089,1.36101,1.36039,1.36071
2026-08-19 22:00:00+00:00,1.36077,1.36105,1.36047,1.36068
2026-08-19 22:15:00+00:00,1.36072,1.36086,1.36069,1.36077
2026-08-19 22:30:00+00:00,1.36075,1.36093,1.3606,1.36062
2026-08-19 22:45:00+00:00,1.36063,1.36072,1.36047,1.36052
2026-08-19 23:00:00+00:00,1.36051,1.36069,1.36022,1.36045
2026-08-19 23:15:00+00:00,1.36041,1.36045,1.36017,1.36026
2026-08-19 23:30:00+00:00,1.36021,1.36027,1.36005,1.36013
2026-08-19 23:45:00+00:00,1.3601,1.36016,1.35993,1.35994
2026-08-20 00:00:00+00:00,1.35995,1.36072,1.35992,1.36027
2026-08-20 00:15:00+00:00,1.36021,1.36058,1.36001,1.36008
2026-08-20 00:30:00+00:00,1.36007,1.36049,1.36006,1.36008
2026-08-20 00:45:00+00:00,1.36008,1.36014,1.35981,1.36007
2026-08-20 01:00:00+00:00,1.36003,1.36003,1.35949,1.35978
2026-08-20 01:15:00+00:00,1.35973,1.36064,1.35973,1.3606
2026-08-20 01:30:00+00:00,1.36052,1.36077,1.36038,1.36066
2026-08-20 01:45:00+00:00,1.36069,1.36069,1.36034,1.36056
2026-08-20 02:00:00+00:00,1.36057,1.36142,1.36055,1.3609
2026-08-20 02:15:00+00:00,1.36088,1.36094,1.36025,1.36053
2026-08-20 02:30:00+00:00,1.3605,1.36073,1.36032,1.36058
2026-08-20 02:45:00+00:00,1.36062,1.36062,1.36035,1.36058
2026-08-20 03:00:00+00:00,1.36053,1.36108,1.36043,1.36102
2026-08-20 03:15:00+00:00,1.36094,1.3614,1.36073,1.36122
2026-08-20 03:30:00+00:00,1.36123,1.36124,1.36103,1.36122
2026-08-20 03:45:00+00:00,1.36116,1.36147,1.36116,1.36144
2026-08-20 04:00:00+00:00,1.36141,1.36163,1.36117,1.36161
2026-08-20 04:15:00+00:00,1.36158,1.36162,1.36121,1.36132
2026-08-20 04:30:00+00:00,1.3613,1.36133,1.36107,1.36118
2026-08-20 04:45:00+00:00,1.36116,1.36116,1.36069,1.36074
2026-08-20 05:00:00+00:00,1.36083,1.361,1.36063,1.36075
2026-08-20 05:15:00+00:00,1.36076,1.36084,1.36054,1.36055
2026-08-20 05:30:00+00:00,1.36057,1.36068,1.36017,1.36027
2026-08-20 05:45:00+00:00,1.36026,1.36062,1.36001,1.3606
2026-08-20 06:00:00+00:00,1.36055,1.36119,1.3603,1.36113
2026-08-20 06:15:00+00:00,1.36101,1.36125,1.36062,1.36083
2026-08-20 06:30:00+00:00,1.36078,1.36098,1.3606,1.36089
2026-08-20 06:45:00+00:00,1.36089,1.36162,1.36089,1.3616
2026-08-20 07:00:00+00:00,1.3615,1.36201,1.36091,1.36135
2026-08-20 07:15:00+00:00,1.36126,1.36151,1.36116,1.36118
2026-08-20 07:30:00+00:00,1.3612,1.36314,1.36114,1.36304
2026-08-20 07:45:00+00:00,1.36301,1.36301,1.36209,1.36257
2026-08-20 08:00:00+00:00,1.36256,1.36297,1.36234,1.3629
2026-08-20 08:15:00+00:00,1.36288,1.36362,1.36288,1.36338
2026-08-20 08:30:00+00:00,1.36337,1.36355,1.36299,1.36338
2026-08-20 08:45:00+00:00,1.36341,1.36377,1.36318,1.36352
2026-08-20 09:00:00+00:00,1.36344,1.36413,1.36322,1.36411
2026-08-20 09:15:00+00:00,1.36405,1.36448,1.36394,1.36434
2026-08-20 09:30:00+00:00,1.36427,1.3646,1.36401,1.36447
2026-08-20 09:45:00+00:00,1.36442,1.36471,1.36426,1.36463
2026-08-20 10:00:00+00:00,1.36455,1.36584,1.36429,1.36583
2026-08-20 10:15:00+00:00,1.36577,1.36577,1.36502,1.36538
2026-08-20 10:30:00+00:00,1.36542,1.36566,1.36489,1.36491
2026-08-20 10:45:00+00:00,1.36493,1.36493,1.36406,1.36429
2026-08-20 11:00:00+00:00,1.36418,1.36455,1.36321,1.3634
2026-08-20 11:15:00+00:00,1.36335,1.36404,1.36335,1.36366
2026-08-20 11:30:00+00:00,1.36373,1.36424,1.36342,1.36345
2026-08-20 11:45:00+00:00,1.36348,1.36352,1.3631,1.36345
2026-08-20 12:00:00+00:00,1.36343,1.36343,1.36214,1.36319
2026-08-20 12:15:00+00:00,1.36316,1.36424,1.36313,1.36358
2026-08-20 12:30:00+00:00,1.36354,1.36386,1.36275,1.36371
2026-08-20 12:45:00+00:00,1.36351,1.36446,1.36351,1.36443
2026-08-20 13:00:00+00:00,1.36437,1.36525,1.36437,1.3645
2026-08-20 13:15:00+00:00,1.36454,1.36485,1.36385,1.36412
2026-08-20 13:30:00+00:00,1.36407,1.36441,1.36358,1.36393
2026-08-20 13:45:00+00:00,1.36387,1.36396,1.36336,1.36347
2026-08-20 14:00:00+00:00,1.36352,1.36402,1.36286,1.36301
2026-08-20 14:15:00+00:00,1.36298,1.36362,1.36279,1.36343
2026-08-20 14:30:00+00:00,1.36346,1.36366,1.36316,1.36337
2026-08-20 14:45:00+00:00,1.36332,1.36355,1.36314,1.36329
2026-08-20 15:00:00+00:00,1.36323,1.36467,1.3631,1.36363
2026-08-20 15:15:00+00:00,1.36351,1.364,1.36278,1.36388
2026-08-20 15:30:00+00:00,1.36363,1.36431,1.36286,1.36291
2026-08-20 15:45:00+00:00,1.363,1.36379,1.36287,1.36377
2026-08-20 16:00:00+00:00,1.36373,1.36379,1.3632,1.36323
2026-08-20 16:15:00+00:00,1.36327,1.36329,1.36281,1.36285
2026-08-20 16:30:00+00:00,1.36291,1.36291,1.36246,1.36266
2026-08-20 16:45:00+00:00,1.36267,1.36331,1.36266,1.3633
2026-08-20 17:00:00+00:00,1.36324,1.36324,1.36253,1.36261
2026-08-20 17:15:00+00:00,1.36259,1.36268,1.3624,1.36262
2026-08-20 17:30:00+00:00,1.36254,1.36275,1.36236,1.36248
2026-08-20 17:45:00+00:00,1.36242,1.36282,1.36242,1.36278
2026-08-20 18:00:00+00:00,1.36272,1.36287,1.36225,1.36226
2026-08-20 18:15:00+00:00,1.36227,1.36244,1.36206,1.36236
2026-08-20 18:30:00+00:00,1.36232,1.36258,1.36232,1.36251
2026-08-20 18:45:00+00:00,1.3625,1.36281,1.36232,1.36275
2026-08-20 19:00:00+00:00,1.36275,1.36302,1.3626,1.36299
2026-08-20 19:15:00+00:00,1.36293,1.36304,1.36287,1.36301
2026-08-20 19:30:00+00:00,1.36298,1.36304,1.36273,1.36278
2026-08-20 19:45:00+00:00,1.36279,1.36311,1.36275,1.36292
2026-08-20 20:00:00+00:00,1.36292,1.36305,1.36284,1.36299
2026-08-20 20:15:00+00:00,1.36297,1.36306,1.36271,1.36284
2026-08-20 20:30:00+00:00,1.3628,1.36319,1.3628,1.36317
2026-08-20 20:45:00+00:00,1.3631,1.36331,1.3631,1.3631
2026-08-20 21:00:00+00:00,1.3631,1.36321,1.36274,1.36286
2026-08-20 21:15:00+00:00,1.36287,1.36318,1.36282,1.36315
2026-08-20 21:30:00+00:00,1.36313,1.3632,1.36296,1.36308
2026-08-20 21:45:00+00:00,1.36305,1.36325,1.36299,1.36322
2026-08-20 22:00:00+00:00,1.36318,1.36353,1.36318,1.36346
2026-08-20 22:15:00+00:00,1.36343,1.36362,1.36322,1.3636
2026-08-20 22:30:00+00:00,1.36359,1.36359,1.36338,1.36352
2026-08-20 22:45:00+00:00,1.36349,1.36374,1.36344,1.36359
2026-08-20 23:00:00+00:00,1.36359,1.36399,1.36359,1.36383
2026-08-20 23:15:00+00:00,1.36386,1.36416,1.36386,1.36409
2026-08-20 23:30:00+00:00,1.36407,1.36414,1.36384,1.36406
2026-08-20 23:45:00+00:00,1.36403,1.36439,1.36399,1.36436
2026-08-21 00:00:00+00:00,1.3643,1.36455,1.36397,1.36449
2026-08-21 00:15:00+00:00,1.36441,1.36467,1.36413,1.36417
2026-08-21 00:30:00+00:00,1.36423,1.36441,1.36387,1.36391
2026-08-21 00:45:00+00:00,1.36387,1.36409,1.36381,1.36386
2026-08-21 01:00:00+00:00,1.36385,1.36414,1.3637,1.36411
2026-08-21 01:15:00+00:00,1.36407,1.36462,1.36396,1.36457
2026-08-21 01:30:00+00:00,1.36447,1.36496,1.36446,1.36454
2026-08-21 01:45:00+00:00,1.36451,1.36461,1.36426,1.36442
2026-08-21 02:00:00+00:00,1.36442,1.36455,1.36405,1.36443
2026-08-21 02:15:00+00:00,1.36447,1.36506,1.36441,1.36487
2026-08-21 02:30:00+00:00,1.36488,1.36519,1.3648,1.36492
2026-08-21 02:45:00+00:00,1.36492,1.36552,1.36485,1.36496
2026-08-21 03:00:00+00:00,1.36499,1.36513,1.36474,1.36511
2026-08-21 03:15:00+00:00,1.36509,1.36513,1.36473,1.36474
2026-08-21 03:30:00+00:00,1.36475,1.36477,1.36435,1.36448
2026-08-21 03:45:00+00:00,1.36445,1.36464,1.36439,1.3646
2026-08-21 04:00:00+00:00,1.36457,1.36466,1.36437,1.36448
2026-08-21 04:15:00+00:00,1.36444,1.36454,1.36419,1.36422
2026-08-21 04:30:00+00:00,1.36421,1.36425,1.36403,1.36423
2026-08-21 04:45:00+00:00,1.36418,1.36439,1.36414,1.36436
2026-08-21 05:00:00+00:00,1.36433,1.36441,1.36414,1.36429
2026-08-21 05:15:00+00:00,1.36429,1.36442,1.36422,1.36423
2026-08-21 05:30:00+00:00,1.36423,1.36482,1.36411,1.36471
2026-08-21 05:45:00+00:00,1.36463,1.36531,1.36462,1.36529
2026-08-21 06:00:00+00:00,1.36524,1.36533,1.36437,1.36449
2026-08-21 06:15:00+00:00,1.36447,1.36481,1.36413,1.36458
2026-08-21 06:30:00+00:00,1.36452,1.36506,1.36444,1.36462
2026-08-21 06:45:00+00:00,1.36458,1.365,1.36439,1.36499
2026-08-21 07:00:00+00:00,1.36493,1.36521,1.36441,1.36485
2026-08-21 07:15:00+00:00,1.36481,1.36539,1.36476,1.36494
2026-08-21 07:30:00+00:00,1.36486,1.36538,1.36471,1.36484
2026-08-21 07:45:00+00:00,1.36506,1.36506,1.3639,1.36396
2026-08-21 08:00:00+00:00,1.36398,1.36433,1.36364,1.36411
2026-08-21 08:15:00+00:00,1.36406,1.36472,1.36387,1.36468
2026-08-21 08:30:00+00:00,1.36463,1.36574,1.36463,1.36567
2026-08-21 08:45:00+00:00,1.36555,1.36638,1.36542,1.36627
2026-08-21 09:00:00+00:00,1.36601,1.36752,1.36601,1.36736
2026-08-21 09:15:00+00:00,1.36732,1.36732,1.36599,1.36601
2026-08-21 09:30:00+00:00,1.36607,1.36636,1.36591,1.36595
2026-08-21 09:45:00+00:00,1.36598,1.36606,1.3656,1.36563
2026-08-21 10:00:00+00:00,1.36569,1.3661,1.36525,1.36569
2026-08-21 10:15:00+00:00,1.36573,1.36659,1.36571,1.36657
2026-08-21 10:30:00+00:00,1.36654,1.36658,1.3661,1.36612
2026-08-21 10:45:00+00:00,1.36614,1.36618,1.36459,1.36463
2026-08-21 11:00:00+00:00,1.36468,1.36548,1.36465,1.36546
2026-08-21 11:15:00+00:00,1.36542,1.36636,1.36528,1.36613
2026-08-21 11:30:00+00:00,1.36614,1.36623,1.36539,1.36541
2026-08-21 11:45:00+00:00,1.36548,1.36575,1.36515,1.36574
2026-08-21 12:00:00+00:00,1.36572,1.36611,1.36542,1.36557
2026-08-21 12:15:00+00:00,1.36552,1.36582,1.36531,1.36558
2026-08-21 12:30:00+00:00,1.36554,1.36554,1.36362,1.36459
2026-08-21 12:45:00+00:00,1.36452,1.36467,1.36401,1.36439
2026-08-21 13:00:00+00:00,1.36431,1.36457,1.3637,1.36378
2026-08-21 13:15:00+00:00,1.36373,1.3639,1.36351,1.36366
2026-08-21 13:30:00+00:00,1.36361,1.36397,1.3634,1.36393
2026-08-21 13:45:00+00:00,1.36387,1.36472,1.36377,1.36444
2026-08-21 14:00:00+00:00,1.36442,1.36454,1.36372,1.364
2026-08-21 14:15:00+00:00,1.36397,1.36424,1.36347,1.3635
2026-08-21 14:30:00+00:00,1.36353,1.36353,1.36188,1.36258
2026-08-21 14:45:00+00:00,1.36253,1.36316,1.36218,1.36249
2026-08-21 15:00:00+00:00,1.36248,1.36294,1.36231,1.36276
2026-08-21 15:15:00+00:00,1.36274,1.36309,1.36247,1.36307
2026-08-21 15:30:00+00:00,1.36302,1.36385,1.36302,1.36372
2026-08-21 15:45:00+00:00,1.36364,1.36423,1.36357,1.36418
2026-08-21 16:00:00+00:00,1.36411,1.36438,1.36365,1.36413
2026-08-21 16:15:00+00:00,1.36409,1.3645,1.36336,1.36416
2026-08-21 16:30:00+00:00,1.36413,1.36446,1.36409,1.36417
2026-08-21 16:45:00+00:00,1.36419,1.36431,1.36399,1.36427
2026-08-21 17:00:00+00:00,1.36421,1.3643,1.364,1.36402
2026-08-21 17:15:00+00:00,1.36403,1.36454,1.36403,1.36451
2026-08-21 17:30:00+00:00,1.36438,1.36493,1.36438,1.3647
2026-08-21 17:45:00+00:00,1.3647,1.36498,1.36448,1.36496
2026-08-21 18:00:00+00:00,1.36492,1.36536,1.3648,1.36513
2026-08-21 18:15:00+00:00,1.36515,1.36533,1.36486,1.36531
2026-08-21 18:30:00+00:00,1.36525,1.36525,1.36508,1.36516
2026-08-21 18:45:00+00:00,1.36516,1.36522,1.36493,1.36512
2026-08-21 19:00:00+00:00,1.36507,1.36528,1.36478,1.36495
2026-08-21 19:15:00+00:00,1.36494,1.36496,1.36472,1.36478
2026-08-21 19:30:00+00:00,1.36475,1.36493,1.36459,1.36473
2026-08-21 19:45:00+00:00,1.3647,1.36508,1.36461,1.3647
2026-08-21 20:00:00+00:00,1.36467,1.3649,1.36461,1.36473
2026-08-21 20:15:00+00:00,1.36474,1.36482,1.36463,1.36474
2026-08-21 20:30:00+00:00,1.36472,1.36472,1.36414,1.3644
2026-08-21 20:45:00+00:00,1.36437,1.36455,1.36429,1.36453
2026-08-21 21:00:00+00:00,1.36448,1.36453,1.36409,1.36427
2026-08-21 21:15:00+00:00,1.36426,1.36437,1.36416,1.36428
2026-08-21 21:30:00+00:00,1.36426,1.36441,1.36398,1.36432
2026-08-21 21:45:00+00:00,1.36427,1.36433,1.36411,1.36418
2026-08-21 22:00:00+00:00,1.36421,1.36436,1.36411,1.36425
2026-08-21 22:15:00+00:00,1.36427,1.36436,1.36418,1.36429
2026-08-21 22:30:00+00:00,1.36427,1.36437,1.36406,1.3642
2026-08-21 22:45:00+00:00,1.3642,1.36432,1.36416,1.3642
2026-08-21 23:00:00+00:00,1.36418,1.36435,1.36398,1.36427
2026-08-21 23:15:00+00:00,1.36424,1.36434,1.36416,1.36421
2026-08-21 23:30:00+00:00,1.36419,1.36429,1.36417,1.36422
2026-08-21 23:45:00+00:00,1.36419,1.36425,1.36417,1.3642
2026-08-22 00:00:00+00:00,1.36419,1.36458,1.36416,1.3645
2026-08-22 00:15:00+00:00,1.36451,1.36459,1.36442,1.36454
2026-08-22 00:30:00+00:00,1.36452,1.36459,1.36449,1.36457
2026-08-22 00:45:00+00:00,1.36454,1.3646,1.36442,1.36456
2026-08-22 01:00:00+00:00,1.36455,1.36459,1.3645,1.36452
2026-08-22 01:15:00+00:00,1.36453,1.36457,1.36444,1.36455
2026-08-22 01:30:00+00:00,1.36452,1.36458,1.36435,1.36452
2026-08-22 01:45:00+00:00,1.36449,1.36459,1.36449,1.36455
2026-08-22 02:00:00+00:00,1.36453,1.3646,1.36443,1.36453
2026-08-22 02:15:00+00:00,1.36453,1.36459,1.3645,1.36456
2026-08-22 02:30:00+00:00,1.36452,1.36458,1.36441,1.36455
2026-08-22 02:45:00+00:00,1.36452,1.36454,1.36426,1.36437
2026-08-22 03:00:00+00:00,1.36437,1.3645,1.36434,1.36447
2026-08-22 03:15:00+00:00,1.36444,1.36448,1.36431,1.36437
2026-08-22 03:30:00+00:00,1.36438,1.36448,1.36432,1.36446
2026-08-22 03:45:00+00:00,1.36444,1.3645,1.36429,1.36441
2026-08-22 04:00:00+00:00,1.36438,1.3645,1.36429,1.36441
2026-08-22 04:15:00+00:00,1.3644,1.36454,1.36435,1.36447
2026-08-22 04:30:00+00:00,1.36448,1.36453,1.36431,1.36448
2026-08-22 04:45:00+00:00,1.36446,1.36452,1.36432,1.3644
2026-08-22 05:00:00+00:00,1.3644,1.36452,1.36434,1.36445
2026-08-22 05:15:00+00:00,1.36443,1.36452,1.36431,1.36435
2026-08-22 05:30:00+00:00,1.36441,1.36451,1.36437,1.36445
2026-08-22 05:45:00+00:00,1.36443,1.3645,1.36431,1.36444
2026-08-22 06:00:00+00:00,1.3644,1.36459,1.36437,1.36453
2026-08-22 06:15:00+00:00,1.36451,1.36455,1.36438,1.36445
2026-08-22 06:30:00+00:00,1.36447,1.36458,1.36434,1.36451
2026-08-22 06:45:00+00:00,1.36448,1.36459,1.36439,1.3645
2026-08-22 07:00:00+00:00,1.36446,1.36459,1.36433,1.36456
2026-08-22 07:15:00+00:00,1.36453,1.36457,1.36439,1.36446
2026-08-22 07:30:00+00:00,1.36448,1.3646,1.36436,1.36453
2026-08-22 07:45:00+00:00,1.36451,1.36452,1.36432,1.36443
2026-08-22 08:00:00+00:00,1.36438,1.36453,1.36436,1.36451
2026-08-22 08:15:00+00:00,1.36448,1.36452,1.36428,1.36432
2026-08-22 08:30:00+00:00,1.36437,1.36451,1.36428,1.36447
2026-08-22 08:45:00+00:00,1.36445,1.36457,1.36431,1.3644
2026-08-22 09:00:00+00:00,1.36439,1.36454,1.36425,1.36451
2026-08-22 09:15:00+00:00,1.36444,1.3645,1.36424,1.36438
2026-08-22 09:30:00+00:00,1.3644,1.36462,1.36424,1.36455
2026-08-22 09:45:00+00:00,1.36455,1.36462,1.36453,1.36457
2026-08-22 10:00:00+00:00,1.36455,1.3646,1.36439,1.36457
2026-08-22 10:15:00+00:00,1.36454,1.36461,1.36439,1.3645
2026-08-22 10:30:00+00:00,1.36448,1.3646,1.36448,1.36453
2026-08-22 10:45:00+00:00,1.36454,1.36461,1.36441,1.36456
2026-08-22 11:00:00+00:00,1.36453,1.3646,1.36451,1.36456
2026-08-22 11:15:00+00:00,1.36453,1.36459,1.36437,1.36455
2026-08-22 11:30:00+00:00,1.36453,1.36468,1.36431,1.36433
2026-08-22 11:45:00+00:00,1.36438,1.36451,1.36437,1.36448
2026-08-22 12:00:00+00:00,1.36445,1.36459,1.36437,1.36445
2026-08-22 12:15:00+00:00,1.36442,1.36455,1.36436,1.36453
2026-08-22 12:30:00+00:00,1.3645,1.36453,1.36435,1.36444
2026-08-22 12:45:00+00:00,1.36445,1.36458,1.36435,1.36437
2026-08-22 13:00:00+00:00,1.3644,1.36446,1.36438,1.36442
2026-08-22 13:15:00+00:00,1.3644,1.3645,1.36426,1.36433
2026-08-22 13:30:00+00:00,1.36431,1.36437,1.36429,1.3643
2026-08-22 13:45:00+00:00,1.36431,1.36441,1.36422,1.36435
2026-08-22 14:00:00+00:00,1.36435,1.36454,1.36433,1.36435
2026-08-22 14:15:00+00:00,1.36438,1.36444,1.36436,1.3644
2026-08-22 14:30:00+00:00,1.36438,1.36452,1.36431,1.36434
2026-08-22 14:45:00+00:00,1.36435,1.36441,1.36433,1.36434
2026-08-22 15:00:00+00:00,1.36435,1.36443,1.36424,1.36431
2026-08-22 15:15:00+00:00,1.36428,1.36435,1.3642,1.36422
2026-08-22 15:30:00+00:00,1.36423,1.36429,1.36421,1.36423
2026-08-22 15:45:00+00:00,1.36423,1.36429,1.36416,1.36417
2026-08-22 16:00:00+00:00,1.36418,1.36442,1.36398,1.3641
2026-08-22 16:15:00+00:00,1.36408,1.36414,1.36404,1.36409
2026-08-22 16:30:00+00:00,1.36406,1.36436,1.3639,1.36421
2026-08-22 16:45:00+00:00,1.36424,1.36448,1.36416,1.36441
2026-08-22 17:00:00+00:00,1.36442,1.36448,1.36388,1.36407
2026-08-22 17:15:00+00:00,1.36405,1.36421,1.36403,1.36416
2026-08-22 17:30:00+00:00,1.36401,1.36439,1.36401,1.36428
2026-08-22 17:45:00+00:00,1.36427,1.36446,1.36423,1.36445
2026-08-22 18:00:00+00:00,1.36441,1.36441,1.36381,1.36397
2026-08-22 18:15:00+00:00,1.36397,1.36414,1.36384,1.36412
2026-08-22 18:30:00+00:00,1.36409,1.36437,1.36393,1.36434
2026-08-22 18:45:00+00:00,1.36425,1.36453,1.36425,1.36446
2026-08-22 19:00:00+00:00,1.36447,1.36478,1.36403,1.36417
2026-08-22 19:15:00+00:00,1.36417,1.3642,1.36412,1.36417
2026-08-22 19:30:00+00:00,1.36414,1.3642,1.36409,1.36413
2026-08-22 19:45:00+00:00,1.36411,1.36417,1.36409,1.3641
2026-08-22 20:00:00+00:00,1.36411,1.36455,1.36379,1.36451
