datetime,open,high,low,close
2026-08-05 11:35:00+00:00,1.34787,1.34816,1.34787,1.34814
2026-08-05 11:40:00+00:00,1.3481,1.34827,1.34793,1.34799
2026-08-05 11:45:00+00:00,1.34804,1.34804,1.34776,1.34786
2026-08-05 11:50:00+00:00,1.34784,1.34793,1.34773,1.34792
2026-08-05 11:55:00+00:00,1.34788,1.34818,1.34788,1.34816
2026-08-05 12:00:00+00:00,1.3481,1.34814,1.34781,1.34783
2026-08-05 12:05:00+00:00,1.34788,1.34807,1.34788,1.34806
2026-08-05 12:10:00+00:00,1.34803,1.34803,1.34749,1.34757
2026-08-05 12:15:00+00:00,1.34755,1.348,1.34751,1.34799
2026-08-05 12:20:00+00:00,1.34793,1.34831,1.34789,1.34829
2026-08-05 12:25:00+00:00,1.34827,1.34827,1.34813,1.34823
2026-08-05 12:30:00+00:00,1.34819,1.34825,1.34773,1.3479
2026-08-05 12:35:00+00:00,1.34786,1.34845,1.34775,1.34841
2026-08-05 12:40:00+00:00,1.34834,1.34834,1.34764,1.34767
2026-08-05 12:45:00+00:00,1.34773,1.34773,1.34738,1.34749
2026-08-05 12:50:00+00:00,1.34746,1.3476,1.34717,1.34721
2026-08-05 12:55:00+00:00,1.34727,1.34727,1.34691,1.34718
2026-08-05 13:00:00+00:00,1.34715,1.3472,1.34681,1.34715
2026-08-05 13:05:00+00:00,1.34706,1.34727,1.34706,1.34715
2026-08-05 13:10:00+00:00,1.34717,1.34731,1.34706,1.3471
2026-08-05 13:15:00+00:00,1.34708,1.34711,1.3468,1.34682
2026-08-05 13:20:00+00:00,1.34684,1.3472,1.3466,1.34719
2026-08-05 13:25:00+00:00,1.34716,1.34746,1.34713,1.34742
2026-08-05 13:30:00+00:00,1.34736,1.34763,1.34735,1.3476
2026-08-05 13:35:00+00:00,1.34754,1.34754,1.34686,1.34692
2026-08-05 13:40:00+00:00,1.34686,1.34728,1.34673,1.34689
2026-08-05 13:45:00+00:00,1.34692,1.34692,1.34604,1.34607
2026-08-05 13:50:00+00:00,1.34614,1.34666,1.34608,1.34663
2026-08-05 13:55:00+00:00,1.34654,1.34678,1.34633,1.34636
2026-08-05 14:00:00+00:00,1.34639,1.34733,1.34624,1.34727
2026-08-05 14:05:00+00:00,1.34717,1.34816,1.34717,1.34814
2026-08-05 14:10:00+00:00,1.3481,1.34814,1.34765,1.34769
2026-08-05 14:15:00+00:00,1.34772,1.3485,1.34762,1.34845
2026-08-05 14:20:00+00:00,1.34831,1.34864,1.34818,1.34821
2026-08-05 14:25:00+00:00,1.34825,1.34854,1.34809,1.34813
2026-08-05 14:30:00+00:00,1.34818,1.34832,1.34773,1.34784
2026-08-05 14:35:00+00:00,1.34783,1.34783,1.34769,1.34772
2026-08-05 14:40:00+00:00,1.34773,1.34787,1.3476,1.34785
2026-08-05 14:45:00+00:00,1.34782,1.34784,1.34749,1.34766
2026-08-05 14:50:00+00:00,1.34763,1.34776,1.34717,1.34722
2026-08-05 14:55:00+00:00,1.34731,1.3479,1.34707,1.34789
2026-08-05 15:00:00+00:00,1.34783,1.34824,1.34775,1.34821
2026-08-05 15:05:00+00:00,1.34813,1.34813,1.34735,1.34736
2026-08-05 15:10:00+00:00,1.3474,1.34757,1.34712,1.34716
2026-08-05 15:15:00+00:00,1.34723,1.34723,1.34667,1.3467
2026-08-05 15:20:00+00:00,1.34672,1.34696,1.34672,1.34694
2026-08-05 15:25:00+00:00,1.34692,1.34695,1.34673,1.34688
2026-08-05 15:30:00+00:00,1.34685,1.34689,1.34646,1.34648
2026-08-05 15:35:00+00:00,1.34651,1.34673,1.34645,1.34669
2026-08-05 15:40:00+00:00,1.34659,1.34693,1.34659,1.34678
2026-08-05 15:45:00+00:00,1.34678,1.34698,1.34598,1.34602
2026-08-05 15:50:00+00:00,1.34608,1.34608,1.34575,1.34593
2026-08-05 15:55:00+00:00,1.34589,1.34637,1.34585,1.34623
2026-08-05 16:00:00+00:00,1.34623,1.34637,1.3462,1.34621
2026-08-05 16:05:00+00:00,1.34622,1.34635,1.34603,1.34628
2026-08-05 16:10:00+00:00,1.34616,1.34664,1.34616,1.34642
2026-08-05 16:15:00+00:00,1.34639,1.34663,1.34639,1.34646
2026-08-05 16:20:00+00:00,1.34648,1.34678,1.34648,1.34676
2026-08-05 16:25:00+00:00,1.34673,1.34683,1.34653,1.34655
2026-08-05 16:30:00+00:00,1.34655,1.34657,1.34629,1.34633
2026-08-05 16:35:00+00:00,1.34638,1.34645,1.34623,1.34632
2026-08-05 16:40:00+00:00,1.34633,1.34635,1.34622,1.34631
2026-08-05 16:45:00+00:00,1.34628,1.34638,1.34609,1.3461
2026-08-05 16:50:00+00:00,1.34611,1.34633,1.34611,1.34631
2026-08-05 16:55:00+00:00,1.34628,1.34631,1.346,1.34601
2026-08-05 17:00:00+00:00,1.34603,1.34611,1.34573,1.34575
2026-08-05 17:05:00+00:00,1.34579,1.34588,1.34564,1.34566
2026-08-05 17:10:00+00:00,1.3457,1.34592,1.34561,1.34589
2026-08-05 17:15:00+00:00,1.34587,1.34608,1.34576,1.34606
2026-08-05 17:20:00+00:00,1.34601,1.34608,1.34593,1.34594
2026-08-05 17:25:00+00:00,1.34598,1.34648,1.34598,1.34646
2026-08-05 17:30:00+00:00,1.3464,1.34653,1.34638,1.34652
2026-08-05 17:35:00+00:00,1.34646,1.34675,1.34646,1.34672
2026-08-05 17:40:00+00:00,1.34668,1.34695,1.34668,1.34689
2026-08-05 17:45:00+00:00,1.34682,1.34707,1.34682,1.34689
2026-08-05 17:50:00+00:00,1.3469,1.34698,1.34687,1.34696
2026-08-05 17:55:00+00:00,1.34693,1.34709,1.34677,1.34708
2026-08-05 18:00:00+00:00,1.34706,1.34716,1.34692,1.34713
2026-08-05 18:05:00+00:00,1.34708,1.34725,1.34694,1.34696
2026-08-05 18:10:00+00:00,1.34699,1.34713,1.34692,1.34709
2026-08-05 18:15:00+00:00,1.34708,1.34708,1.3468,1.34688
2026-08-05 18:20:00+00:00,1.34686,1.34715,1.34684,1.34712
2026-08-05 18:25:00+00:00,1.34707,1.34732,1.34707,1.34729
2026-08-05 18:30:00+00:00,1.34726,1.34733,1.34699,1.34701
2026-08-05 18:35:00+00:00,1.34704,1.34704,1.34694,1.34702
2026-08-05 18:40:00+00:00,1.34697,1.34701,1.3468,1.3468
2026-08-05 18:45:00+00:00,1.34681,1.34705,1.34663,1.34704
2026-08-05 18:50:00+00:00,1.347,1.347,1.34686,1.34692
2026-08-05 18:55:00+00:00,1.3469,1.34704,1.34681,1.34698
2026-08-05 19:00:00+00:00,1.34698,1.34705,1.34693,1.347
2026-08-05 19:05:00+00:00,1.347,1.34702,1.34678,1.34689
2026-08-05 19:10:00+00:00,1.34686,1.34686,1.34664,1.34672
2026-08-05 19:15:00+00:00,1.34669,1.34678,1.34651,1.34653
2026-08-05 19:20:00+00:00,1.34656,1.34656,1.3464,1.34651
2026-08-05 19:25:00+00:00,1.34646,1.34662,1.3464,1.34643
2026-08-05 19:30:00+00:00,1.34646,1.34657,1.34638,1.34656
2026-08-05 19:35:00+00:00,1.34654,1.34657,1.34646,1.34646
2026-08-05 19:40:00+00:00,1.34648,1.3466,1.34642,1.34654
2026-08-05 19:45:00+00:00,1.34654,1.34661,1.34637,1.34639
2026-08-05 19:50:00+00:00,1.3464,1.34646,1.34636,1.34639
2026-08-05 19:55:00+00:00,1.34639,1.34661,1.34636,1.34643
2026-08-05 20:00:00+00:00,1.34645,1.34673,1.34642,1.34654
2026-08-05 20:05:00+00:00,1.34656,1.34665,1.34655,1.34658
2026-08-05 20:10:00+00:00,1.34656,1.34666,1.34642,1.34644
2026-08-05 20:15:00+00:00,1.34646,1.34646,1.34628,1.34628
2026-08-05 20:20:00+00:00,1.34629,1.34635,1.34618,1.34624
2026-08-05 20:25:00+00:00,1.34625,1.34654,1.34625,1.3465
2026-08-05 20:30:00+00:00,1.34647,1.34667,1.34647,1.34666
2026-08-05 20:35:00+00:00,1.34662,1.3467,1.34662,1.34663
2026-08-05 20:40:00+00:00,1.34664,1.34673,1.34657,1.34657
2026-08-05 20:45:00+00:00,1.34657,1.3467,1.34653,1.34659
2026-08-05 20:50:00+00:00,1.34658,1.34674,1.34658,1.34674
2026-08-05 20:55:00+00:00,1.34672,1.34689,1.34665,1.34688
2026-08-05 21:00:00+00:00,1.34685,1.34688,1.34673,1.3468
2026-08-05 21:05:00+00:00,1.3468,1.34685,1.34647,1.3465
2026-08-05 21:10:00+00:00,1.34653,1.34669,1.34647,1.34663
2026-08-05 21:15:00+00:00,1.34663,1.34707,1.34638,1.347
2026-08-05 21:20:00+00:00,1.3469,1.34707,1.34653,1.34654
2026-08-05 21:25:00+00:00,1.34655,1.34677,1.34649,1.34664
2026-08-05 21:30:00+00:00,1.3466,1.34669,1.34639,1.34664
2026-08-05 21:35:00+00:00,1.34662,1.34672,1.34638,1.34651
2026-08-05 21:40:00+00:00,1.34655,1.34671,1.34655,1.34662
2026-08-05 21:45:00+00:00,1.34661,1.34675,1.34655,1.34672
2026-08-05 21:50:00+00:00,1.34669,1.34672,1.3466,1.34661
2026-08-05 21:55:00+00:00,1.34663,1.34677,1.34647,1.34651
2026-08-05 22:00:00+00:00,1.34651,1.34671,1.34647,1.34668
2026-08-05 22:05:00+00:00,1.34667,1.34667,1.34647,1.34652
2026-08-05 22:10:00+00:00,1.34649,1.34664,1.34643,1.34663
2026-08-05 22:15:00+00:00,1.34658,1.34681,1.34658,1.34678
2026-08-05 22:20:00+00:00,1.34673,1.34681,1.34673,1.34675
2026-08-05 22:25:00+00:00,1.34674,1.34678,1.34669,1.34676
2026-08-05 22:30:00+00:00,1.34672,1.3468,1.34664,1.3467
2026-08-05 22:35:00+00:00,1.34668,1.34675,1.34667,1.3467
2026-08-05 22:40:00+00:00,1.3467,1.34674,1.34667,1.34671
2026-08-05 22:45:00+00:00,1.34669,1.3468,1.34669,1.34677
2026-08-05 22:50:00+00:00,1.34674,1.34681,1.3466,1.34661
2026-08-05 22:55:00+00:00,1.34662,1.34676,1.34661,1.34662
2026-08-05 23:00:00+00:00,1.34667,1.34684,1.34667,1.34673
2026-08-05 23:05:00+00:00,1.34674,1.34677,1.34668,1.34674
2026-08-05 23:10:00+00:00,1.34672,1.34692,1.3466,1.34691
2026-08-05 23:15:00+00:00,1.34688,1.34695,1.34683,1.34684
2026-08-05 23:20:00+00:00,1.34687,1.34692,1.34678,1.34686
2026-08-05 23:25:00+00:00,1.34685,1.34686,1.34673,1.34681
2026-08-05 23:30:00+00:00,1.34679,1.34682,1.34673,1.34679
2026-08-05 23:35:00+00:00,1.34677,1.34691,1.34676,1.34688
2026-08-05 23:40:00+00:00,1.34683,1.34693,1.34677,1.34684
2026-08-05 23:45:00+00:00,1.34681,1.34705,1.34681,1.34703
2026-08-05 23:50:00+00:00,1.347,1.34714,1.34697,1.3471
2026-08-05 23:55:00+00:00,1.34708,1.34709,1.34684,1.34687
2026-08-06 00:00:00+00:00,1.34689,1.34698,1.34669,1.34682
2026-08-06 00:05:00+00:00,1.34681,1.34682,1.34666,1.34678
2026-08-06 00:10:00+00:00,1.34675,1.3468,1.34666,1.34667
2026-08-06 00:15:00+00:00,1.34668,1.34684,1.34662,1.34672
2026-08-06 00:20:00+00:00,1.34674,1.34701,1.34669,1.34698
2026-08-06 00:25:00+00:00,1.34695,1.347,1.34675,1.34679
2026-08-06 00:30:00+00:00,1.34686,1.34689,1.34664,1.34686
2026-08-06 00:35:00+00:00,1.34681,1.347,1.34681,1.34691
2026-08-06 00:40:00+00:00,1.34692,1.34701,1.3468,1.34681
2026-08-06 00:45:00+00:00,1.34682,1.34698,1.34679,1.3469
2026-08-06 00:50:00+00:00,1.34693,1.34709,1.34685,1.34709
2026-08-06 00:55:00+00:00,1.34707,1.34707,1.3466,1.34662
2026-08-06 01:00:00+00:00,1.34668,1.34684,1.34656,1.34661
2026-08-06 01:05:00+00:00,1.34667,1.34667,1.34639,1.3466
2026-08-06 01:10:00+00:00,1.34654,1.34679,1.34644,1.34664
2026-08-06 01:15:00+00:00,1.34656,1.34692,1.34656,1.34687
2026-08-06 01:20:00+00:00,1.3468,1.34693,1.34678,1.34687
2026-08-06 01:25:00+00:00,1.34683,1.34709,1.3468,1.34683
2026-08-06 01:30:00+00:00,1.34688,1.34697,1.34677,1.34683
2026-08-06 01:35:00+00:00,1.34687,1.34707,1.34687,1.34706
2026-08-06 01:40:00+00:00,1.34704,1.3471,1.34698,1.34706
2026-08-06 01:45:00+00:00,1.34704,1.34704,1.34682,1.34694
2026-08-06 01:50:00+00:00,1.34691,1.34699,1.34691,1.34693
2026-08-06 01:55:00+00:00,1.34693,1.347,1.34682,1.34683
2026-08-06 02:00:00+00:00,1.34684,1.34705,1.34682,1.347
2026-08-06 02:05:00+00:00,1.34697,1.34723,1.34697,1.34723
2026-08-06 02:10:00+00:00,1.34721,1.34731,1.34693,1.34703
2026-08-06 02:15:00+00:00,1.347,1.34707,1.34687,1.34702
2026-08-06 02:20:00+00:00,1.34703,1.34721,1.34696,1.34718
2026-08-06 02:25:00+00:00,1.34715,1.34715,1.34686,1.34698
2026-08-06 02:30:00+00:00,1.34692,1.34704,1.34685,1.34688
2026-08-06 02:35:00+00:00,1.34689,1.34701,1.34687,1.34699
2026-08-06 02:40:00+00:00,1.34696,1.34708,1.34695,1.34705
2026-08-06 02:45:00+00:00,1.34702,1.34712,1.34689,1.34692
2026-08-06 02:50:00+00:00,1.34697,1.34697,1.34684,1.34687
2026-08-06 02:55:00+00:00,1.34688,1.34694,1.34675,1.34681
2026-08-06 03:00:00+00:00,1.34678,1.34684,1.34666,1.3467
2026-08-06 03:05:00+00:00,1.34668,1.34673,1.3466,1.34666
2026-08-06 03:10:00+00:00,1.34665,1.34665,1.34651,1.34651
2026-08-06 03:15:00+00:00,1.34652,1.34652,1.34635,1.34636
2026-08-06 03:20:00+00:00,1.34638,1.34645,1.34615,1.34618
2026-08-06 03:25:00+00:00,1.34621,1.34622,1.34606,1.34617
2026-08-06 03:30:00+00:00,1.34612,1.34634,1.34612,1.34629
2026-08-06 03:35:00+00:00,1.34629,1.3463,1.34608,1.34609
2026-08-06 03:40:00+00:00,1.34611,1.34614,1.346,1.34612
2026-08-06 03:45:00+00:00,1.34609,1.34609,1.3459,1.34599
2026-08-06 03:50:00+00:00,1.34596,1.34605,1.34596,1.34597
2026-08-06 03:55:00+00:00,1.34597,1.34604,1.34586,1.34592
2026-08-06 04:00:00+00:00,1.34592,1.3462,1.34592,1.34617
2026-08-06 04:05:00+00:00,1.34614,1.34619,1.34604,1.34615
2026-08-06 04:10:00+00:00,1.34613,1.34624,1.34607,1.34622
2026-08-06 04:15:00+00:00,1.34618,1.34621,1.34609,1.34612
2026-08-06 04:20:00+00:00,1.34611,1.34611,1.34598,1.34605
2026-08-06 04:25:00+00:00,1.34603,1.34612,1.34597,1.34603
2026-08-06 04:30:00+00:00,1.34604,1.34613,1.34597,1.34606
2026-08-06 04:35:00+00:00,1.34606,1.34607,1.34596,1.34596
2026-08-06 04:40:00+00:00,1.34597,1.34601,1.34586,1.34599
2026-08-06 04:45:00+00:00,1.34595,1.34601,1.34586,1.346
2026-08-06 04:50:00+00:00,1.34596,1.34605,1.3459,1.3459
2026-08-06 04:55:00+00:00,1.34592,1.34608,1.34592,1.34604
2026-08-06 05:00:00+00:00,1.34603,1.34605,1.34585,1.34587
2026-08-06 05:05:00+00:00,1.34589,1.34589,1.34579,1.34587
2026-08-06 05:10:00+00:00,1.34581,1.34588,1.34566,1.34566
2026-08-06 05:15:00+00:00,1.34567,1.34574,1.34563,1.34567
2026-08-06 05:20:00+00:00,1.34567,1.34571,1.34554,1.34567
2026-08-06 05:25:00+00:00,1.34564,1.34569,1.34561,1.34567
2026-08-06 05:30:00+00:00,1.34564,1.34578,1.34557,1.34573
2026-08-06 05:35:00+00:00,1.34566,1.34601,1.34566,1.34599
2026-08-06 05:40:00+00:00,1.34596,1.34606,1.34596,1.34604
2026-08-06 05:45:00+00:00,1.34601,1.34624,1.34596,1.34621
2026-08-06 05:50:00+00:00,1.34615,1.34638,1.34615,1.34627
2026-08-06 05:55:00+00:00,1.3463,1.34636,1.34625,1.3463
2026-08-06 06:00:00+00:00,1.34629,1.34653,1.34625,1.34651
2026-08-06 06:05:00+00:00,1.34649,1.34654,1.34626,1.34627
2026-08-06 06:10:00+00:00,1.34629,1.34629,1.34613,1.34617
2026-08-06 06:15:00+00:00,1.34616,1.34616,1.34595,1.34613
2026-08-06 06:20:00+00:00,1.34606,1.34622,1.34596,1.34621
2026-08-06 06:25:00+00:00,1.34617,1.34622,1.346,1.34611
2026-08-06 06:30:00+00:00,1.34606,1.34609,1.34599,1.34599
2026-08-06 06:35:00+00:00,1.346,1.34605,1.34573,1.34581
2026-08-06 06:40:00+00:00,1.34575,1.34588,1.34553,1.34567
2026-08-06 06:45:00+00:00,1.34557,1.34607,1.3455,1.34586
2026-08-06 06:50:00+00:00,1.34594,1.34594,1.34568,1.34584
2026-08-06 06:55:00+00:00,1.34578,1.34592,1.34574,1.34588
2026-08-06 07:00:00+00:00,1.34586,1.34604,1.34579,1.34583
2026-08-06 07:05:00+00:00,1.34588,1.3459,1.34571,1.34572
2026-08-06 07:10:00+00:00,1.34573,1.34613,1.34568,1.34611
2026-08-06 07:15:00+00:00,1.34608,1.34625,1.34599,1.34613
2026-08-06 07:20:00+00:00,1.34613,1.34618,1.346,1.34618
2026-08-06 07:25:00+00:00,1.34615,1.34631,1.34602,1.34604
2026-08-06 07:30:00+00:00,1.34608,1.34611,1.34595,1.34607
2026-08-06 07:35:00+00:00,1.34607,1.3461,1.3457,1.34573
2026-08-06 07:40:00+00:00,1.34577,1.34595,1.3457,1.3459
2026-08-06 07:45:00+00:00,1.34587,1.34588,1.34561,1.34562
2026-08-06 07:50:00+00:00,1.34564,1.34601,1.34559,1.34597
2026-08-06 07:55:00+00:00,1.34592,1.34615,1.34588,1.34614
2026-08-06 08:00:00+00:00,1.3461,1.3461,1.34591,1.34605
2026-08-06 08:05:00+00:00,1.34601,1.34626,1.34596,1.3462
2026-08-06 08:10:00+00:00,1.3461,1.34644,1.3461,1.34643
2026-08-06 08:15:00+00:00,1.34642,1.34647,1.34628,1.34635
2026-08-06 08:20:00+00:00,1.34636,1.34649,1.34631,1.34639
2026-08-06 08:25:00+00:00,1.34637,1.34642,1.34626,1.34632
2026-08-06 08:30:00+00:00,1.34632,1.34634,1.34602,1.34604
2026-08-06 08:35:00+00:00,1.34609,1.34647,1.34605,1.3463
2026-08-06 08:40:00+00:00,1.34627,1.34662,1.3462,1.34654
2026-08-06 08:45:00+00:00,1.34652,1.34652,1.34629,1.3463
2026-08-06 08:50:00+00:00,1.34632,1.34646,1.34628,1.34629
2026-08-06 08:55:00+00:00,1.3463,1.34645,1.34629,1.34637
2026-08-06 09:00:00+00:00,1.34632,1.3466,1.34632,1.3466
2026-08-06 09:05:00+00:00,1.34658,1.34658,1.34633,1.34635
2026-08-06 09:10:00+00:00,1.34639,1.34652,1.34615,1.34648
2026-08-06 09:15:00+00:00,1.34641,1.34655,1.34626,1.34632
2026-08-06 09:20:00+00:00,1.34628,1.34657,1.34628,1.34654
2026-08-06 09:25:00+00:00,1.34652,1.34653,1.34636,1.34637
2026-08-06 09:30:00+00:00,1.34637,1.3464,1.34619,1.34622
2026-08-06 09:35:00+00:00,1.34626,1.34626,1.34568,1.34571
2026-08-06 09:40:00+00:00,1.34574,1.34579,1.34533,1.34543
2026-08-06 09:45:00+00:00,1.34542,1.34566,1.34528,1.34564
2026-08-06 09:50:00+00:00,1.3456,1.34572,1.34559,1.34563
2026-08-06 09:55:00+00:00,1.34564,1.34571,1.34558,1.34567
2026-08-06 10:00:00+00:00,1.34565,1.34569,1.34557,1.34565
2026-08-06 10:05:00+00:00,1.34564,1.34568,1.34553,1.34566
2026-08-06 10:10:00+00:00,1.34564,1.34575,1.34554,1.34558
2026-08-06 10:15:00+00:00,1.34564,1.34568,1.34544,1.34565
2026-08-06 10:20:00+00:00,1.34563,1.34589,1.34557,1.34584
2026-08-06 10:25:00+00:00,1.34573,1.34613,1.34573,1.34606
2026-08-06 10:30:00+00:00,1.34598,1.34615,1.34597,1.34603
2026-08-06 10:35:00+00:00,1.34603,1.34609,1.34593,1.34598
2026-08-06 10:40:00+00:00,1.34595,1.34601,1.34588,1.34596
2026-08-06 10:45:00+00:00,1.34592,1.34623,1.34592,1.34617
2026-08-06 10:50:00+00:00,1.34609,1.34622,1.34607,1.34611
2026-08-06 10:55:00+00:00,1.3461,1.34624,1.346,1.34622
2026-08-06 11:00:00+00:00,1.34619,1.34658,1.34607,1.34645
2026-08-06 11:05:00+00:00,1.34645,1.34657,1.34636,1.34655
2026-08-06 11:10:00+00:00,1.34651,1.34658,1.3464,1.34641
2026-08-06 11:15:00+00:00,1.34643,1.34655,1.34633,1.34645
2026-08-06 11:20:00+00:00,1.34645,1.34651,1.34635,1.34645
2026-08-06 11:25:00+00:00,1.34644,1.34662,1.3464,1.34652
2026-08-06 11:30:00+00:00,1.34653,1.34658,1.34628,1.34639
2026-08-06 11:35:00+00:00,1.34638,1.34638,1.346,1.34604
2026-08-06 11:40:00+00:00,1.3461,1.3461,1.34599,1.34603
2026-08-06 11:45:00+00:00,1.34602,1.34608,1.34577,1.34601
2026-08-06 11:50:00+00:00,1.34592,1.34657,1.34592,1.34652
2026-08-06 11:55:00+00:00,1.3465,1.34677,1.34638,1.34676
2026-08-06 12:00:00+00:00,1.34671,1.34691,1.34671,1.3468
2026-08-06 12:05:00+00:00,1.3468,1.34693,1.34657,1.34674
2026-08-06 12:10:00+00:00,1.34675,1.34683,1.34633,1.34638
2026-08-06 12:15:00+00:00,1.34645,1.34684,1.34633,1.34683
2026-08-06 12:20:00+00:00,1.34677,1.34695,1.34672,1.34694
2026-08-06 12:25:00+00:00,1.34691,1.34706,1.34682,1.34702
2026-08-06 12:30:00+00:00,1.34697,1.34711,1.34682,1.34684
2026-08-06 12:35:00+00:00,1.34685,1.34701,1.34685,1.34698
2026-08-06 12:40:00+00:00,1.34691,1.34718,1.34691,1.34717
2026-08-06 12:45:00+00:00,1.34714,1.34714,1.3467,1.34673
2026-08-06 12:50:00+00:00,1.34677,1.34688,1.34658,1.34672
2026-08-06 12:55:00+00:00,1.34668,1.34701,1.34668,1.347
2026-08-06 13:00:00+00:00,1.34697,1.34711,1.34675,1.34695
2026-08-06 13:05:00+00:00,1.347,1.34709,1.34682,1.34684
2026-08-06 13:10:00+00:00,1.34687,1.34688,1.34657,1.34659
2026-08-06 13:15:00+00:00,1.34662,1.34679,1.34653,1.34672
2026-08-06 13:20:00+00:00,1.34653,1.34713,1.34653,1.34696
2026-08-06 13:25:00+00:00,1.34697,1.34709,1.34666,1.34706
2026-08-06 13:30:00+00:00,1.347,1.34731,1.34685,1.34729
2026-08-06 13:35:00+00:00,1.34721,1.34731,1.34709,1.34717
2026-08-06 13:40:00+00:00,1.34713,1.3476,1.34699,1.34744
2026-08-06 13:45:00+00:00,1.34744,1.34744,1.3473,1.34735
2026-08-06 13:50:00+00:00,1.34734,1.34758,1.34717,1.34755
2026-08-06 13:55:00+00:00,1.34751,1.34795,1.34751,1.34781
2026-08-06 14:00:00+00:00,1.34781,1.3479,1.34769,1.3477
2026-08-06 14:05:00+00:00,1.34772,1.34776,1.34722,1.34726
2026-08-06 14:10:00+00:00,1.34732,1.34734,1.34664,1.34667
2026-08-06 14:15:00+00:00,1.3467,1.34691,1.34664,1.34688
2026-08-06 14:20:00+00:00,1.34679,1.34718,1.34675,1.34703
2026-08-06 14:25:00+00:00,1.34694,1.34707,1.34689,1.34691
2026-08-06 14:30:00+00:00,1.34692,1.34714,1.34692,1.34706
2026-08-06 14:35:00+00:00,1.34703,1.34706,1.34671,1.347
2026-08-06 14:40:00+00:00,1.34697,1.3472,1.34652,1.34714
2026-08-06 14:45:00+00:00,1.34704,1.34725,1.34658,1.3466
2026-08-06 14:50:00+00:00,1.34664,1.34665,1.34638,1.34661
2026-08-06 14:55:00+00:00,1.34649,1.34683,1.34649,1.3466
2026-08-06 15:00:00+00:00,1.34659,1.34662,1.34637,1.34638
2026-08-06 15:05:00+00:00,1.3464,1.34642,1.34617,1.34624
2026-08-06 15:10:00+00:00,1.34634,1.34634,1.34585,1.34605
2026-08-06 15:15:00+00:00,1.34599,1.34599,1.34557,1.34558
2026-08-06 15:20:00+00:00,1.34558,1.34558,1.34526,1.34527
2026-08-06 15:25:00+00:00,1.34532,1.34564,1.34512,1.34536
2026-08-06 15:30:00+00:00,1.34542,1.34548,1.34529,1.34533
2026-08-06 15:35:00+00:00,1.34538,1.34539,1.34512,1.34523
2026-08-06 15:40:00+00:00,1.34521,1.34543,1.345,1.34536
2026-08-06 15:45:00+00:00,1.34528,1.34559,1.34528,1.34552
2026-08-06 15:50:00+00:00,1.34552,1.34584,1.3453,1.34576
2026-08-06 15:55:00+00:00,1.34562,1.34562,1.34521,1.3456
2026-08-06 16:00:00+00:00,1.34557,1.34559,1.3452,1.34557
2026-08-06 16:05:00+00:00,1.34553,1.34584,1.34547,1.34576
2026-08-06 16:10:00+00:00,1.34576,1.34578,1.34537,1.34543
2026-08-06 16:15:00+00:00,1.34552,1.34569,1.34497,1.34527
2026-08-06 16:20:00+00:00,1.34524,1.3453,1.3451,1.34527
2026-08-06 16:25:00+00:00,1.34522,1.34552,1.34522,1.3455
2026-08-06 16:30:00+00:00,1.34548,1.34564,1.3453,1.34533
2026-08-06 16:35:00+00:00,1.34534,1.3455,1.3453,1.34548
2026-08-06 16:40:00+00:00,1.34542,1.3455,1.34517,1.34518
2026-08-06 16:45:00+00:00,1.34521,1.34532,1.34513,1.34526
2026-08-06 16:50:00+00:00,1.34525,1.34552,1.34523,1.34549
2026-08-06 16:55:00+00:00,1.34537,1.3457,1.34537,1.34555
2026-08-06 17:00:00+00:00,1.34555,1.34574,1.34555,1.34566
2026-08-06 17:05:00+00:00,1.34566,1.3457,1.34559,1.3456
2026-08-06 17:10:00+00:00,1.3456,1.34593,1.3456,1.34564
2026-08-06 17:15:00+00:00,1.34566,1.34568,1.3453,1.34533
2026-08-06 17:20:00+00:00,1.34537,1.34557,1.34521,1.34556
2026-08-06 17:25:00+00:00,1.34553,1.34557,1.34548,1.34551
2026-08-06 17:30:00+00:00,1.34549,1.34559,1.34546,1.34554
2026-08-06 17:35:00+00:00,1.3455,1.34568,1.34524,1.34536
2026-08-06 17:40:00+00:00,1.34529,1.34542,1.34529,1.34541
2026-08-06 17:45:00+00:00,1.34539,1.34545,1.34531,1.34541
2026-08-06 17:50:00+00:00,1.3454,1.34571,1.34539,1.3457
2026-08-06 17:55:00+00:00,1.34566,1.34568,1.34555,1.34567
2026-08-06 18:00:00+00:00,1.34563,1.34577,1.34563,1.34574
2026-08-06 18:05:00+00:00,1.34569,1.3459,1.34569,1.34587
2026-08-06 18:10:00+00:00,1.3458,1.34595,1.34577,1.34587
2026-08-06 18:15:00+00:00,1.34585,1.34588,1.34575,1.34587
2026-08-06 18:20:00+00:00,1.34584,1.34585,1.34568,1.34569
2026-08-06 18:25:00+00:00,1.3457,1.3457,1.34551,1.34558
2026-08-06 18:30:00+00:00,1.34556,1.34565,1.34554,1.34557
2026-08-06 18:35:00+00:00,1.34557,1.34566,1.34548,1.34549
2026-08-06 18:40:00+00:00,1.34552,1.34552,1.34531,1.34532
2026-08-06 18:45:00+00:00,1.34537,1.34552,1.34533,1.3455
2026-08-06 18:50:00+00:00,1.34547,1.3455,1.34532,1.34539
2026-08-06 18:55:00+00:00,1.34535,1.34574,1.34535,1.34572
2026-08-06 19:00:00+00:00,1.34568,1.34593,1.34568,1.3459
2026-08-06 19:05:00+00:00,1.34585,1.34594,1.34584,1.3459
2026-08-06 19:10:00+00:00,1.34588,1.34592,1.34562,1.34564
2026-08-06 19:15:00+00:00,1.34566,1.34578,1.3456,1.34575
2026-08-06 19:20:00+00:00,1.3457,1.34576,1.34556,1.3456
2026-08-06 19:25:00+00:00,1.34566,1.34568,1.34503,1.34518
2026-08-06 19:30:00+00:00,1.34515,1.34532,1.34515,1.34531
2026-08-06 19:35:00+00:00,1.34529,1.34531,1.3451,1.34515
2026-08-06 19:40:00+00:00,1.34514,1.34514,1.34497,1.34502
2026-08-06 19:45:00+00:00,1.345,1.34503,1.3449,1.34491
2026-08-06 19:50:00+00:00,1.3449,1.34558,1.3449,1.34553
2026-08-06 19:55:00+00:00,1.3454,1.34566,1.34539,1.3454
2026-08-06 20:00:00+00:00,1.34543,1.34555,1.34541,1.34549
2026-08-06 20:05:00+00:00,1.34546,1.34558,1.34533,1.34544
2026-08-06 20:10:00+00:00,1.34542,1.34542,1.34526,1.34531
2026-08-06 20:15:00+00:00,1.34529,1.34529,1.34512,1.34513
2026-08-06 20:20:00+00:00,1.34514,1.34514,1.34486,1.34487
2026-08-06 20:25:00+00:00,1.34489,1.34495,1.34487,1.34492
2026-08-06 20:30:00+00:00,1.34489,1.34498,1.34486,1.34497
2026-08-06 20:35:00+00:00,1.34492,1.34508,1.34492,1.34497
2026-08-06 20:40:00+00:00,1.34499,1.34507,1.34495,1.34505
2026-08-06 20:45:00+00:00,1.34502,1.34524,1.34502,1.3452
2026-08-06 20:50:00+00:00,1.34518,1.3453,1.34515,1.34528
2026-08-06 20:55:00+00:00,1.34526,1.34545,1.34524,1.34541
2026-08-06 21:00:00+00:00,1.34535,1.3458,1.34526,1.34551
2026-08-06 21:05:00+00:00,1.34549,1.34558,1.3453,1.34556
2026-08-06 21:10:00+00:00,1.34552,1.34556,1.34539,1.34549
2026-08-06 21:15:00+00:00,1.34549,1.34567,1.34538,1.34547
2026-08-06 21:20:00+00:00,1.34548,1.34578,1.34473,1.34547
2026-08-06 21:25:00+00:00,1.34546,1.34557,1.34541,1.34555
2026-08-06 21:30:00+00:00,1.34551,1.34566,1.3454,1.34544
2026-08-06 21:35:00+00:00,1.34547,1.34557,1.3452,1.34521
2026-08-06 21:40:00+00:00,1.34524,1.3454,1.34472,1.34476
2026-08-06 21:45:00+00:00,1.34483,1.34485,1.34468,1.34471
2026-08-06 21:50:00+00:00,1.34473,1.34487,1.3446,1.34482
2026-08-06 21:55:00+00:00,1.3448,1.34553,1.34431,1.34452
2026-08-06 22:00:00+00:00,1.34503,1.34575,1.34503,1.34517
2026-08-06 22:05:00+00:00,1.34516,1.34516,1.34506,1.34511
2026-08-06 22:10:00+00:00,1.34507,1.3452,1.34507,1.34517
2026-08-06 22:15:00+00:00,1.3451,1.34526,1.3451,1.34515
2026-08-06 22:20:00+00:00,1.34518,1.34523,1.34515,1.34516
2026-08-06 22:25:00+00:00,1.34516,1.34525,1.34515,1.34523
2026-08-06 22:30:00+00:00,1.3452,1.34522,1.34512,1.34513
2026-08-06 22:35:00+00:00,1.34514,1.34526,1.34513,1.34516
2026-08-06 22:40:00+00:00,1.34519,1.34524,1.34515,1.34516
2026-08-06 22:45:00+00:00,1.34516,1.34525,1.34515,1.34523
2026-08-06 22:50:00+00:00,1.34521,1.34522,1.34512,1.34521
2026-08-06 22:55:00+00:00,1.34518,1.34524,1.34515,1.34516
2026-08-06 23:00:00+00:00,1.34518,1.34534,1.34517,1.34522
2026-08-06 23:05:00+00:00,1.34521,1.34534,1.34521,1.34532
2026-08-06 23:10:00+00:00,1.34529,1.34536,1.34527,1.3453
2026-08-06 23:15:00+00:00,1.3453,1.34544,1.3453,1.34536
2026-08-06 23:20:00+00:00,1.34538,1.34544,1.34535,1.34539
2026-08-06 23:25:00+00:00,1.34537,1.34545,1.34535,1.34543
2026-08-06 23:30:00+00:00,1.34541,1.34543,1.34535,1.34538
2026-08-06 23:35:00+00:00,1.34537,1.34538,1.34532,1.34533
2026-08-06 23:40:00+00:00,1.34534,1.34546,1.34529,1.34543
2026-08-06 23:45:00+00:00,1.34541,1.34557,1.34541,1.34555
2026-08-06 23:50:00+00:00,1.34552,1.34556,1.34541,1.34543
2026-08-06 23:55:00+00:00,1.34542,1.34552,1.34539,1.3455
2026-08-07 00:00:00+00:00,1.34547,1.34558,1.3454,1.34555
2026-08-07 00:05:00+00:00,1.34553,1.34553,1.34535,1.34537
2026-08-07 00:10:00+00:00,1.34538,1.3454,1.34518,1.34519
2026-08-07 00:15:00+00:00,1.34519,1.3452,1.3451,1.34518
2026-08-07 00:20:00+00:00,1.34516,1.34519,1.3451,1.34516
2026-08-07 00:25:00+00:00,1.34514,1.34522,1.34508,1.34521
2026-08-07 00:30:00+00:00,1.34518,1.34529,1.34511,1.34527
2026-08-07 00:35:00+00:00,1.34522,1.34529,1.34513,1.34514
2026-08-07 00:40:00+00:00,1.34515,1.34515,1.34503,1.3451
2026-08-07 00:45:00+00:00,1.34508,1.34514,1.34497,1.34499
2026-08-07 00:50:00+00:00,1.345,1.34521,1.34495,1.34497
2026-08-07 00:55:00+00:00,1.34499,1.34504,1.34481,1.34502
2026-08-07 01:00:00+00:00,1.34499,1.34509,1.3449,1.34492
2026-08-07 01:05:00+00:00,1.34493,1.34519,1.3449,1.34518
2026-08-07 01:10:00+00:00,1.34512,1.34532,1.34507,1.3453
2026-08-07 01:15:00+00:00,1.34526,1.3453,1.34517,1.34522
2026-08-07 01:20:00+00:00,1.34519,1.3453,1.34514,1.34517
2026-08-07 01:25:00+00:00,1.34518,1.34531,1.34518,1.3453
2026-08-07 01:30:00+00:00,1.34528,1.34536,1.34506,1.3452
2026-08-07 01:35:00+00:00,1.34516,1.34531,1.34515,1.34528
2026-08-07 01:40:00+00:00,1.34528,1.34556,1.3452,1.34554
2026-08-07 01:45:00+00:00,1.34547,1.34562,1.34537,1.34538
2026-08-07 01:50:00+00:00,1.34539,1.34542,1.34528,1.34529
2026-08-07 01:55:00+00:00,1.34533,1.34542,1.34526,1.34541
2026-08-07 02:00:00+00:00,1.34539,1.34545,1.34529,1.34542
2026-08-07 02:05:00+00:00,1.34539,1.34544,1.3453,1.34531
2026-08-07 02:10:00+00:00,1.34532,1.3454,1.34525,1.34534
2026-08-07 02:15:00+00:00,1.34534,1.34536,1.34521,1.34521
2026-08-07 02:20:00+00:00,1.34522,1.34538,1.34514,1.34535
2026-08-07 02:25:00+00:00,1.34531,1.34543,1.34531,1.34538
2026-08-07 02:30:00+00:00,1.34536,1.34541,1.34524,1.34527
2026-08-07 02:35:00+00:00,1.34528,1.34531,1.34517,1.34517
2026-08-07 02:40:00+00:00,1.34519,1.34527,1.34519,1.34523
2026-08-07 02:45:00+00:00,1.3452,1.34538,1.34508,1.34536
2026-08-07 02:50:00+00:00,1.3453,1.34546,1.34528,1.34529
2026-08-07 02:55:00+00:00,1.3453,1.34532,1.34519,1.3452
2026-08-07 03:00:00+00:00,1.3452,1.34535,1.34517,1.34532
2026-08-07 03:05:00+00:00,1.34529,1.34532,1.34518,1.3452
2026-08-07 03:10:00+00:00,1.34519,1.34524,1.34506,1.34522
2026-08-07 03:15:00+00:00,1.34518,1.34522,1.34508,1.34519
2026-08-07 03:20:00+00:00,1.34516,1.3452,1.3451,1.34514
2026-08-07 03:25:00+00:00,1.3451,1.34523,1.3451,1.34511
2026-08-07 03:30:00+00:00,1.34512,1.34526,1.34508,1.34523
2026-08-07 03:35:00+00:00,1.34518,1.34522,1.34515,1.34516
2026-08-07 03:40:00+00:00,1.34517,1.34523,1.34506,1.34508
2026-08-07 03:45:00+00:00,1.3451,1.34517,1.34505,1.34512
2026-08-07 03:50:00+00:00,1.34511,1.34522,1.34505,1.34506
2026-08-07 03:55:00+00:00,1.34511,1.34528,1.34511,1.34526
2026-08-07 04:00:00+00:00,1.34524,1.34541,1.34524,1.34529
2026-08-07 04:05:00+00:00,1.34534,1.34534,1.34524,1.34531
2026-08-07 04:10:00+00:00,1.34529,1.34534,1.34524,1.34527
2026-08-07 04:15:00+00:00,1.34528,1.34534,1.34525,1.34529
2026-08-07 04:20:00+00:00,1.34528,1.34545,1.34523,1.34543
2026-08-07 04:25:00+00:00,1.3454,1.34542,1.34535,1.34541
2026-08-07 04:30:00+00:00,1.34538,1.34553,1.34538,1.34547
2026-08-07 04:35:00+00:00,1.34547,1.34553,1.34539,1.3454
2026-08-07 04:40:00+00:00,1.34541,1.34543,1.34533,1.34538
2026-08-07 04:45:00+00:00,1.34534,1.34547,1.34532,1.34533
2026-08-07 04:50:00+00:00,1.34534,1.34544,1.34533,1.34538
2026-08-07 04:55:00+00:00,1.34538,1.34551,1.34535,1.34541
2026-08-07 05:00:00+00:00,1.34544,1.34551,1.34532,1.3455
2026-08-07 05:05:00+00:00,1.34545,1.34555,1.34545,1.34548
2026-08-07 05:10:00+00:00,1.34547,1.34564,1.34547,1.34562
2026-08-07 05:15:00+00:00,1.34559,1.34561,1.34537,1.34539
2026-08-07 05:20:00+00:00,1.3454,1.34542,1.34528,1.34533
2026-08-07 05:25:00+00:00,1.34531,1.34537,1.34527,1.3453
2026-08-07 05:30:00+00:00,1.34529,1.34532,1.34517,1.3452
2026-08-07 05:35:00+00:00,1.34522,1.34545,1.3452,1.34541
2026-08-07 05:40:00+00:00,1.34539,1.34541,1.34526,1.34531
2026-08-07 05:45:00+00:00,1.34529,1.34531,1.34517,1.34527
2026-08-07 05:50:00+00:00,1.34521,1.34544,1.34521,1.34534
2026-08-07 05:55:00+00:00,1.34535,1.34537,1.34526,1.34532
2026-08-07 06:00:00+00:00,1.3453,1.34557,1.34528,1.34538
2026-08-07 06:05:00+00:00,1.34541,1.34541,1.34517,1.34525
2026-08-07 06:10:00+00:00,1.34528,1.34555,1.34526,1.34543
2026-08-07 06:15:00+00:00,1.34546,1.34561,1.34527,1.34554
2026-08-07 06:20:00+00:00,1.3455,1.34571,1.34546,1.3457
2026-08-07 06:25:00+00:00,1.34565,1.34585,1.34553,1.34554
2026-08-07 06:30:00+00:00,1.34556,1.34561,1.34542,1.34542
2026-08-07 06:35:00+00:00,1.34543,1.34558,1.34521,1.34556
2026-08-07 06:40:00+00:00,1.3455,1.3455,1.34526,1.34538
2026-08-07 06:45:00+00:00,1.34536,1.34553,1.34521,1.34547
2026-08-07 06:50:00+00:00,1.34546,1.34551,1.34533,1.34549
2026-08-07 06:55:00+00:00,1.34546,1.34567,1.34539,1.34541
2026-08-07 07:00:00+00:00,1.34543,1.34545,1.34524,1.34533
2026-08-07 07:05:00+00:00,1.34529,1.34535,1.34488,1.345
2026-08-07 07:10:00+00:00,1.34499,1.34526,1.34492,1.34524
2026-08-07 07:15:00+00:00,1.34521,1.34542,1.3451,1.34538
2026-08-07 07:20:00+00:00,1.34529,1.34529,1.34486,1.34488
2026-08-07 07:25:00+00:00,1.34488,1.34507,1.34486,1.34496
2026-08-07 07:30:00+00:00,1.34494,1.34504,1.34489,1.34492
2026-08-07 07:35:00+00:00,1.34493,1.34493,1.3447,1.3448
2026-08-07 07:40:00+00:00,1.34478,1.34485,1.34465,1.34484
2026-08-07 07:45:00+00:00,1.3448,1.34502,1.34457,1.34498
2026-08-07 07:50:00+00:00,1.34493,1.34505,1.3449,1.34491
2026-08-07 07:55:00+00:00,1.34493,1.34498,1.3448,1.34491
2026-08-07 08:00:00+00:00,1.3449,1.34499,1.34472,1.3448
2026-08-07 08:05:00+00:00,1.34477,1.34494,1.34472,1.34473
2026-08-07 08:10:00+00:00,1.34475,1.34475,1.3445,1.34457
2026-08-07 08:15:00+00:00,1.34456,1.34479,1.34449,1.34454
2026-08-07 08:20:00+00:00,1.34455,1.34466,1.34452,1.34453
2026-08-07 08:25:00+00:00,1.34453,1.34464,1.34453,1.34459
2026-08-07 08:30:00+00:00,1.34458,1.34479,1.34443,1.34473
2026-08-07 08:35:00+00:00,1.34464,1.34483,1.34463,1.3447
2026-08-07 08:40:00+00:00,1.34467,1.34488,1.34465,1.34486
2026-08-07 08:45:00+00:00,1.34485,1.34508,1.34465,1.34467
2026-08-07 08:50:00+00:00,1.34471,1.34485,1.34463,1.34484
2026-08-07 08:55:00+00:00,1.3448,1.3448,1.34443,1.34457
2026-08-07 09:00:00+00:00,1.34453,1.34453,1.34425,1.34444
2026-08-07 09:05:00+00:00,1.34444,1.34444,1.3441,1.34431
2026-08-07 09:10:00+00:00,1.34427,1.34465,1.34425,1.34463
2026-08-07 09:15:00+00:00,1.34458,1.34463,1.3445,1.3446
2026-08-07 09:20:00+00:00,1.34458,1.34463,1.34455,1.3446
2026-08-07 09:25:00+00:00,1.34459,1.34462,1.34448,1.34453
2026-08-07 09:30:00+00:00,1.34452,1.34458,1.34416,1.34417
2026-08-07 09:35:00+00:00,1.3442,1.3442,1.34394,1.34396
2026-08-07 09:40:00+00:00,1.34397,1.34423,1.34392,1.34402
2026-08-07 09:45:00+00:00,1.34406,1.34419,1.344,1.34403
2026-08-07 09:50:00+00:00,1.34405,1.34435,1.34405,1.34433
2026-08-07 09:55:00+00:00,1.34431,1.34435,1.34422,1.34432
2026-08-07 10:00:00+00:00,1.34429,1.3443,1.34407,1.34408
2026-08-07 10:05:00+00:00,1.34409,1.34411,1.344,1.344
2026-08-07 10:10:00+00:00,1.34403,1.3442,1.34382,1.34387
2026-08-07 10:15:00+00:00,1.34396,1.344,1.34372,1.34379
2026-08-07 10:20:00+00:00,1.3438,1.34394,1.34375,1.34388
2026-08-07 10:25:00+00:00,1.34387,1.34389,1.34368,1.3437
2026-08-07 10:30:00+00:00,1.34375,1.34386,1.34372,1.34376
2026-08-07 10:35:00+00:00,1.34375,1.34388,1.34367,1.34386
2026-08-07 10:40:00+00:00,1.34383,1.34387,1.34356,1.3436
2026-08-07 10:45:00+00:00,1.34366,1.34369,1.34347,1.3436
2026-08-07 10:50:00+00:00,1.34361,1.34385,1.34361,1.34382
2026-08-07 10:55:00+00:00,1.34381,1.34392,1.34379,1.34391
2026-08-07 11:00:00+00:00,1.34388,1.3441,1.34378,1.34408
2026-08-07 11:05:00+00:00,1.34402,1.34432,1.34402,1.34415
2026-08-07 11:10:00+00:00,1.34421,1.34434,1.34421,1.34429
2026-08-07 11:15:00+00:00,1.34428,1.34435,1.34416,1.34433
2026-08-07 11:20:00+00:00,1.34431,1.34443,1.34412,1.34416
2026-08-07 11:25:00+00:00,1.34423,1.34423,1.34401,1.34405
2026-08-07 11:30:00+00:00,1.34406,1.34441,1.3439,1.34439
2026-08-07 11:35:00+00:00,1.34434,1.34444,1.3443,1.34442
2026-08-07 11:40:00+00:00,1.34433,1.34475,1.34433,1.34473
2026-08-07 11:45:00+00:00,1.34467,1.34477,1.34467,1.34468
2026-08-07 11:50:00+00:00,1.34469,1.34484,1.34464,1.34475
2026-08-07 11:55:00+00:00,1.34473,1.34493,1.34472,1.34492
2026-08-07 12:00:00+00:00,1.34485,1.34519,1.34485,1.34517
2026-08-07 12:05:00+00:00,1.34514,1.34516,1.34486,1.34487
2026-08-07 12:10:00+00:00,1.34489,1.34514,1.34479,1.34491
2026-08-07 12:15:00+00:00,1.34497,1.34503,1.34472,1.34502
2026-08-07 12:20:00+00:00,1.34498,1.34498,1.34483,1.34493
2026-08-07 12:25:00+00:00,1.34491,1.34494,1.34483,1.34484
2026-08-07 12:30:00+00:00,1.34487,1.34897,1.3443,1.34811
2026-08-07 12:35:00+00:00,1.34804,1.34949,1.34804,1.3493
2026-08-07 12:40:00+00:00,1.34904,1.35016,1.34904,1.35007
2026-08-07 12:45:00+00:00,1.34992,1.35093,1.34992,1.35054
2026-08-07 12:50:00+00:00,1.35057,1.35058,1.35015,1.35045
2026-08-07 12:55:00+00:00,1.35025,1.35068,1.34966,1.34991
2026-08-07 13:00:00+00:00,1.34978,1.3502,1.34953,1.34957
2026-08-07 13:05:00+00:00,1.34963,1.34994,1.34942,1.34991
2026-08-07 13:10:00+00:00,1.34986,1.35014,1.34957,1.35007
2026-08-07 13:15:00+00:00,1.34989,1.35036,1.3497,1.34974
2026-08-07 13:20:00+00:00,1.3498,1.35063,1.34925,1.35056
2026-08-07 13:25:00+00:00,1.35044,1.35084,1.35042,1.35046
2026-08-07 13:30:00+00:00,1.35052,1.35093,1.34942,1.34952
2026-08-07 13:35:00+00:00,1.3497,1.35032,1.34942,1.35021
2026-08-07 13:40:00+00:00,1.34992,1.3508,1.34992,1.3506
2026-08-07 13:45:00+00:00,1.35065,1.35065,1.3498,1.3499
2026-08-07 13:50:00+00:00,1.35004,1.35004,1.34933,1.3495
2026-08-07 13:55:00+00:00,1.34943,1.34964,1.34883,1.34887
2026-08-07 14:00:00+00:00,1.34893,1.34911,1.34869,1.34888
2026-08-07 14:05:00+00:00,1.34891,1.34918,1.34847,1.34904
2026-08-07 14:10:00+00:00,1.34883,1.34939,1.34883,1.34922
2026-08-07 14:15:00+00:00,1.34917,1.35006,1.34917,1.35003
2026-08-07 14:20:00+00:00,1.34994,1.35016,1.34994,1.35004
2026-08-07 14:25:00+00:00,1.35006,1.35006,1.34962,1.34967
2026-08-07 14:30:00+00:00,1.34975,1.34976,1.34907,1.34967
2026-08-07 14:35:00+00:00,1.3496,1.3496,1.34924,1.34928
2026-08-07 14:40:00+00:00,1.34932,1.34968,1.34909,1.34911
2026-08-07 14:45:00+00:00,1.34915,1.34915,1.34877,1.34881
2026-08-07 14:50:00+00:00,1.34887,1.34917,1.34842,1.34857
2026-08-07 14:55:00+00:00,1.34854,1.34913,1.34824,1.34888
2026-08-07 15:00:00+00:00,1.34884,1.34902,1.34853,1.34858
2026-08-07 15:05:00+00:00,1.3486,1.34893,1.34837,1.34891
2026-08-07 15:10:00+00:00,1.34886,1.34927,1.34886,1.3492
2026-08-07 15:15:00+00:00,1.34898,1.3498,1.34898,1.34978
2026-08-07 15:20:00+00:00,1.34976,1.35002,1.34972,1.34989
2026-08-07 15:25:00+00:00,1.34989,1.3499,1.34958,1.3496
2026-08-07 15:30:00+00:00,1.34964,1.34964,1.34916,1.34933
2026-08-07 15:35:00+00:00,1.34929,1.34998,1.34927,1.34996
2026-08-07 15:40:00+00:00,1.3499,1.34993,1.34978,1.34984
2026-08-07 15:45:00+00:00,1.34981,1.34996,1.34956,1.34958
2026-08-07 15:50:00+00:00,1.34963,1.34963,1.34923,1.34943
2026-08-07 15:55:00+00:00,1.34934,1.34984,1.34934,1.34972
2026-08-07 16:00:00+00:00,1.34973,1.34973,1.34935,1.34971
2026-08-07 16:05:00+00:00,1.34968,1.35003,1.34964,1.35001
2026-08-07 16:10:00+00:00,1.34998,1.34999,1.34971,1.34996
2026-08-07 16:15:00+00:00,1.34984,1.35019,1.34984,1.34992
2026-08-07 16:20:00+00:00,1.34994,1.35011,1.34961,1.34968
2026-08-07 16:25:00+00:00,1.34985,1.35027,1.34985,1.34993
2026-08-07 16:30:00+00:00,1.34995,1.35007,1.3498,1.35004
2026-08-07 16:35:00+00:00,1.34997,1.34997,1.34971,1.34987
2026-08-07 16:40:00+00:00,1.34983,1.35006,1.34982,1.34991
2026-08-07 16:45:00+00:00,1.34996,1.35028,1.34973,1.35025
2026-08-07 16:50:00+00:00,1.35018,1.35044,1.34976,1.34981
2026-08-07 16:55:00+00:00,1.34989,1.34989,1.34958,1.3496
2026-08-07 17:00:00+00:00,1.34964,1.3498,1.34941,1.34966
2026-08-07 17:05:00+00:00,1.34966,1.34966,1.34955,1.34961
2026-08-07 17:10:00+00:00,1.3496,1.34967,1.34953,1.34965
2026-08-07 17:15:00+00:00,1.34961,1.34974,1.34944,1.34956
2026-08-07 17:20:00+00:00,1.34951,1.34972,1.34951,1.34958
2026-08-07 17:25:00+00:00,1.34963,1.34984,1.34953,1.34981
2026-08-07 17:30:00+00:00,1.34979,1.34979,1.3495,1.34975
2026-08-07 17:35:00+00:00,1.34971,1.34977,1.3494,1.34973
2026-08-07 17:40:00+00:00,1.34966,1.34987,1.34966,1.3498
2026-08-07 17:45:00+00:00,1.3498,1.34987,1.34975,1.34977
2026-08-07 17:50:00+00:00,1.34978,1.34987,1.34974,1.34987
2026-08-07 17:55:00+00:00,1.34984,1.34986,1.34955,1.3496
2026-08-07 18:00:00+00:00,1.3496,1.34966,1.34925,1.34926
2026-08-07 18:05:00+00:00,1.34928,1.34952,1.34912,1.34951
2026-08-07 18:10:00+00:00,1.34946,1.34963,1.34943,1.34948
2026-08-07 18:15:00+00:00,1.34957,1.34957,1.3494,1.34949
2026-08-07 18:20:00+00:00,1.34949,1.34949,1.34933,1.34933
2026-08-07 18:25:00+00:00,1.34934,1.34955,1.34929,1.34951
2026-08-07 18:30:00+00:00,1.34949,1.34972,1.34945,1.34971
2026-08-07 18:35:00+00:00,1.34965,1.34977,1.34965,1.34967
2026-08-07 18:40:00+00:00,1.34968,1.34991,1.34968,1.34988
2026-08-07 18:45:00+00:00,1.34984,1.35003,1.3498,1.34999
2026-08-07 18:50:00+00:00,1.34997,1.35003,1.34995,1.35003
2026-08-07 18:55:00+00:00,1.34999,1.35006,1.34986,1.34991
2026-08-07 19:00:00+00:00,1.34991,1.35013,1.34987,1.35006
2026-08-07 19:05:00+00:00,1.35005,1.3501,1.34996,1.34998
2026-08-07 19:10:00+00:00,1.34999,1.35015,1.34991,1.34993
2026-08-07 19:15:00+00:00,1.34994,1.35027,1.34977,1.35003
2026-08-07 19:20:00+00:00,1.35006,1.35037,1.35002,1.35034
2026-08-07 19:25:00+00:00,1.35029,1.35037,1.35022,1.35031
2026-08-07 19:30:00+00:00,1.35029,1.35035,1.35024,1.35031
2026-08-07 19:35:00+00:00,1.35029,1.35032,1.35016,1.35017
2026-08-07 19:40:00+00:00,1.35019,1.35019,1.34996,1.35007
2026-08-07 19:45:00+00:00,1.35006,1.35012,1.34984,1.3501
2026-08-07 19:50:00+00:00,1.35006,1.35006,1.34972,1.34978
2026-08-07 19:55:00+00:00,1.34987,1.34991,1.34966,1.34981
2026-08-07 20:00:00+00:00,1.34978,1.34984,1.34971,1.34972
2026-08-07 20:05:00+00:00,1.34973,1.34975,1.34954,1.34956
2026-08-07 20:10:00+00:00,1.34958,1.34961,1.34939,1.34946
2026-08-07 20:15:00+00:00,1.34944,1.34946,1.34913,1.34938
2026-08-07 20:20:00+00:00,1.34932,1.3494,1.34915,1.34916
2026-08-07 20:25:00+00:00,1.34916,1.34922,1.3491,1.34915
2026-08-07 20:30:00+00:00,1.34912,1.34916,1.34895,1.349
2026-08-07 20:35:00+00:00,1.34898,1.34914,1.34898,1.34911
2026-08-07 20:40:00+00:00,1.34907,1.34915,1.34905,1.34906
2026-08-07 20:45:00+00:00,1.34907,1.34916,1.34901,1.34904
2026-08-07 20:50:00+00:00,1.34907,1.3492,1.349,1.34917
2026-08-07 20:55:00+00:00,1.34909,1.34938,1.34909,1.34936
2026-08-07 21:00:00+00:00,1.34932,1.34939,1.34849,1.34922
2026-08-07 21:05:00+00:00,1.34916,1.34916,1.349,1.34908
2026-08-07 21:10:00+00:00,1.34906,1.34911,1.34894,1.34898
2026-08-07 21:15:00+00:00,1.34899,1.3491,1.34899,1.34903
2026-08-07 21:20:00+00:00,1.34904,1.34907,1.34896,1.34902
2026-08-07 21:25:00+00:00,1.34901,1.34906,1.34891,1.34901
2026-08-07 21:30:00+00:00,1.34899,1.34907,1.34886,1.34903
2026-08-07 21:35:00+00:00,1.34902,1.34908,1.34885,1.34901
2026-08-07 21:40:00+00:00,1.34902,1.34911,1.34889,1.34903
2026-08-07 21:45:00+00:00,1.34902,1.34906,1.34893,1.34904
2026-08-07 21:50:00+00:00,1.34901,1.34908,1.34897,1.34903
2026-08-07 21:55:00+00:00,1.34902,1.34908,1.34898,1.34901
2026-08-07 22:00:00+00:00,1.34902,1.34922,1.34814,1.34903
2026-08-07 22:05:00+00:00,1.34901,1.34907,1.349,1.34904
2026-08-07 22:10:00+00:00,1.34901,1.34907,1.349,1.34904
2026-08-07 22:15:00+00:00,1.34902,1.34908,1.349,1.34901
2026-08-07 22:20:00+00:00,1.34902,1.34907,1.349,1.34903
2026-08-07 22:25:00+00:00,1.34902,1.34907,1.349,1.34905
2026-08-07 22:30:00+00:00,1.34901,1.34908,1.349,1.34904
2026-08-07 22:35:00+00:00,1.34902,1.34908,1.34901,1.34901
2026-08-07 22:40:00+00:00,1.34902,1.34907,1.349,1.34903
2026-08-07 22:45:00+00:00,1.34902,1.34907,1.349,1.34905
2026-08-07 22:50:00+00:00,1.34902,1.34908,1.349,1.34902
2026-08-07 22:55:00+00:00,1.34902,1.34907,1.34901,1.34901
2026-08-07 23:00:00+00:00,1.34902,1.34974,1.34772,1.349
2026-08-07 23:05:00+00:00,1.34898,1.34905,1.34897,1.34903
2026-08-07 23:10:00+00:00,1.349,1.34906,1.34897,1.349
2026-08-07 23:15:00+00:00,1.34899,1.34904,1.34898,1.34899
2026-08-07 23:20:00+00:00,1.349,1.34905,1.34898,1.349
2026-08-07 23:25:00+00:00,1.34899,1.34905,1.34898,1.34903
2026-08-07 23:30:00+00:00,1.34901,1.34906,1.34897,1.34898
2026-08-07 23:35:00+00:00,1.34899,1.34904,1.34898,1.34902
2026-08-07 23:40:00+00:00,1.349,1.34905,1.34898,1.34901
2026-08-07 23:45:00+00:00,1.34899,1.34905,1.34897,1.34903
2026-08-07 23:50:00+00:00,1.34901,1.34906,1.34897,1.34898
2026-08-07 23:55:00+00:00,1.34899,1.34904,1.34898,1.34903
2026-08-08 00:00:00+00:00,1.349,1.34918,1.34897,1.34915
2026-08-08 00:05:00+00:00,1.34912,1.3492,1.34912,1.34919
2026-08-08 00:10:00+00:00,1.34916,1.34923,1.34915,1.34921
2026-08-08 00:15:00+00:00,1.34918,1.34922,1.34916,1.34916
2026-08-08 00:20:00+00:00,1.34917,1.34923,1.34915,1.3492
2026-08-08 00:25:00+00:00,1.34918,1.34922,1.34915,1.3492
2026-08-08 00:30:00+00:00,1.34917,1.34923,1.34915,1.34917
2026-08-08 00:35:00+00:00,1.34918,1.34921,1.34916,1.34916
2026-08-08 00:40:00+00:00,1.34917,1.34923,1.34915,1.3492
2026-08-08 00:45:00+00:00,1.34918,1.34921,1.34916,1.3492
2026-08-08 00:50:00+00:00,1.34918,1.34923,1.34915,1.34916
2026-08-08 00:55:00+00:00,1.34917,1.34921,1.34916,1.34916
2026-08-08 01:00:00+00:00,1.34917,1.35022,1.34803,1.34986
2026-08-08 01:05:00+00:00,1.34932,1.34932,1.34749,1.34833
2026-08-08 01:10:00+00:00,1.34839,1.34909,1.34825,1.349
2026-08-08 01:15:00+00:00,1.34882,1.34909,1.34825,1.34832
2026-08-08 01:20:00+00:00,1.34853,1.34933,1.348,1.34916
2026-08-08 01:25:00+00:00,1.34894,1.3491,1.34813,1.34832
2026-08-08 01:30:00+00:00,1.34839,1.34907,1.34825,1.349
2026-08-08 01:35:00+00:00,1.34881,1.34909,1.34825,1.34832
2026-08-08 01:40:00+00:00,1.34851,1.34953,1.34806,1.34919
2026-08-08 01:45:00+00:00,1.34897,1.34914,1.34811,1.34833
2026-08-08 01:50:00+00:00,1.3484,1.34907,1.34824,1.349
2026-08-08 01:55:00+00:00,1.34881,1.34909,1.34825,1.34832
2026-08-08 02:00:00+00:00,1.3485,1.34932,1.348,1.34917
2026-08-08 02:05:00+00:00,1.34894,1.34911,1.34808,1.34835
2026-08-08 02:10:00+00:00,1.34842,1.34909,1.34825,1.34901
2026-08-08 02:15:00+00:00,1.34881,1.34909,1.34824,1.34832
2026-08-08 02:20:00+00:00,1.34849,1.34934,1.34799,1.34919
2026-08-08 02:25:00+00:00,1.34896,1.3492,1.34805,1.34834
2026-08-08 02:30:00+00:00,1.34841,1.34905,1.34775,1.34893
2026-08-08 02:35:00+00:00,1.34869,1.34909,1.34824,1.34831
2026-08-08 02:40:00+00:00,1.34849,1.34934,1.34799,1.34919
2026-08-08 02:45:00+00:00,1.34896,1.34922,1.34804,1.34833
2026-08-08 02:50:00+00:00,1.34843,1.34909,1.34825,1.34901
2026-08-08 02:55:00+00:00,1.3488,1.34909,1.34825,1.34833
2026-08-08 03:00:00+00:00,1.3485,1.34935,1.34676,1.34857
2026-08-08 03:05:00+00:00,1.34819,1.34857,1.34668,1.34716
2026-08-08 03:10:00+00:00,1.34728,1.34831,1.347,1.34814
2026-08-08 03:15:00+00:00,1.34785,1.34905,1.34704,1.34831
2026-08-08 03:20:00+00:00,1.34846,1.34943,1.34809,1.34922
2026-08-08 03:25:00+00:00,1.34898,1.34928,1.34802,1.34834
2026-08-08 03:30:00+00:00,1.34844,1.34909,1.34825,1.349
2026-08-08 03:35:00+00:00,1.3488,1.34909,1.34825,1.34832
2026-08-08 03:40:00+00:00,1.34847,1.34935,1.34803,1.3492
2026-08-08 03:45:00+00:00,1.34897,1.34924,1.34799,1.34833
2026-08-08 03:50:00+00:00,1.34846,1.34909,1.34827,1.34899
2026-08-08 03:55:00+00:00,1.3488,1.34907,1.34824,1.34834
2026-08-08 04:00:00+00:00,1.34846,1.34933,1.34806,1.34918
2026-08-08 04:05:00+00:00,1.34896,1.3493,1.34799,1.34833
2026-08-08 04:10:00+00:00,1.34845,1.34915,1.34824,1.34901
2026-08-08 04:15:00+00:00,1.3488,1.34909,1.34824,1.34832
2026-08-08 04:20:00+00:00,1.34845,1.34932,1.34807,1.34918
2026-08-08 04:25:00+00:00,1.34896,1.34932,1.348,1.34834
2026-08-08 04:30:00+00:00,1.34846,1.34909,1.34825,1.349
2026-08-08 04:35:00+00:00,1.3488,1.34909,1.34825,1.34833
2026-08-08 04:40:00+00:00,1.34846,1.34931,1.34811,1.34917
2026-08-08 04:45:00+00:00,1.34897,1.34934,1.348,1.34832
2026-08-08 04:50:00+00:00,1.34846,1.34909,1.34825,1.34901
2026-08-08 04:55:00+00:00,1.3488,1.34909,1.34824,1.34834
2026-08-08 05:00:00+00:00,1.34844,1.34932,1.34819,1.34918
2026-08-08 05:05:00+00:00,1.34898,1.34935,1.34801,1.3483
2026-08-08 05:10:00+00:00,1.34847,1.34909,1.34824,1.34899
2026-08-08 05:15:00+00:00,1.3488,1.34909,1.34825,1.34833
2026-08-08 05:20:00+00:00,1.34844,1.34909,1.34699,1.34846
2026-08-08 05:25:00+00:00,1.34817,1.34891,1.34641,1.34717
2026-08-08 05:30:00+00:00,1.34746,1.34902,1.34704,1.34893
2026-08-08 05:35:00+00:00,1.34869,1.34909,1.34825,1.34833
2026-08-08 05:40:00+00:00,1.34843,1.34925,1.3482,1.34913
2026-08-08 05:45:00+00:00,1.34896,1.34934,1.34801,1.34825
2026-08-08 05:50:00+00:00,1.34848,1.34911,1.34825,1.34904
2026-08-08 05:55:00+00:00,1.34883,1.34909,1.34825,1.34833
2026-08-08 06:00:00+00:00,1.34842,1.34921,1.34824,1.3491
2026-08-08 06:05:00+00:00,1.34895,1.34935,1.34799,1.34824
2026-08-08 06:10:00+00:00,1.34849,1.34909,1.34825,1.349
2026-08-08 06:15:00+00:00,1.34881,1.34916,1.34824,1.34834
2026-08-08 06:20:00+00:00,1.34844,1.34919,1.34827,1.34909
2026-08-08 06:25:00+00:00,1.34895,1.34932,1.348,1.34823
2026-08-08 06:30:00+00:00,1.3485,1.34912,1.34825,1.34901
2026-08-08 06:35:00+00:00,1.34881,1.34909,1.34825,1.34833
2026-08-08 06:40:00+00:00,1.3484,1.34923,1.34836,1.34914
2026-08-08 06:45:00+00:00,1.349,1.34934,1.34799,1.3482
2026-08-08 06:50:00+00:00,1.3485,1.34916,1.34825,1.349
2026-08-08 06:55:00+00:00,1.34882,1.34907,1.34825,1.34833
2026-08-08 07:00:00+00:00,1.3484,1.34911,1.34825,1.34904
2026-08-08 07:05:00+00:00,1.34894,1.34944,1.34791,1.34823
2026-08-08 07:10:00+00:00,1.34853,1.34978,1.34704,1.34825
2026-08-08 07:15:00+00:00,1.34795,1.34841,1.34559,1.34586
2026-08-08 07:20:00+00:00,1.34603,1.34944,1.34603,1.34909
2026-08-08 07:25:00+00:00,1.349,1.34923,1.349,1.34921
2026-08-08 07:30:00+00:00,1.34917,1.34921,1.34916,1.34916
2026-08-08 07:35:00+00:00,1.34917,1.34924,1.34916,1.3492
2026-08-08 07:40:00+00:00,1.34917,1.34923,1.34916,1.3492
2026-08-08 07:45:00+00:00,1.34917,1.34923,1.34915,1.34917
2026-08-08 07:50:00+00:00,1.34917,1.34921,1.34916,1.34916
2026-08-08 07:55:00+00:00,1.34917,1.34923,1.34916,1.3492
2026-08-08 08:00:00+00:00,1.34917,1.34923,1.34916,1.34921
2026-08-08 08:05:00+00:00,1.34919,1.34923,1.34915,1.34917
2026-08-08 08:10:00+00:00,1.34917,1.34921,1.34915,1.34919
2026-08-08 08:15:00+00:00,1.34917,1.34924,1.34915,1.3492
2026-08-08 08:20:00+00:00,1.34918,1.34922,1.34915,1.34919
2026-08-08 08:25:00+00:00,1.34917,1.34923,1.34915,1.34916
2026-08-08 08:30:00+00:00,1.34917,1.34922,1.34915,1.34919
2026-08-08 08:35:00+00:00,1.34918,1.34923,1.34915,1.3492
2026-08-08 08:40:00+00:00,1.34917,1.34922,1.34916,1.34919
2026-08-08 08:45:00+00:00,1.34918,1.34923,1.34915,1.34916
2026-08-08 08:50:00+00:00,1.34917,1.34922,1.34915,1.34919
2026-08-08 08:55:00+00:00,1.34917,1.34923,1.34915,1.3492
2026-08-08 09:00:00+00:00,1.34917,1.34923,1.34916,1.34919
2026-08-08 09:05:00+00:00,1.34917,1.34924,1.34915,1.34916
2026-08-08 09:10:00+00:00,1.34917,1.34922,1.34916,1.34918
2026-08-08 09:15:00+00:00,1.34917,1.34923,1.34915,1.3492
2026-08-08 09:20:00+00:00,1.34918,1.34923,1.34916,1.34918
2026-08-08 09:25:00+00:00,1.34917,1.34923,1.34915,1.34916
2026-08-08 09:30:00+00:00,1.34917,1.34923,1.34915,1.34917
2026-08-08 09:35:00+00:00,1.34916,1.34923,1.34915,1.34921
2026-08-08 09:40:00+00:00,1.34918,1.34923,1.34916,1.3492
2026-08-08 09:45:00+00:00,1.34917,1.34924,1.34916,1.34917
2026-08-08 09:50:00+00:00,1.34918,1.34923,1.34916,1.34918
2026-08-08 09:55:00+00:00,1.34917,1.34923,1.34915,1.3492
2026-08-08 10:00:00+00:00,1.34917,1.34923,1.34914,1.34918
2026-08-08 10:05:00+00:00,1.34917,1.34923,1.34915,1.34916
2026-08-08 10:10:00+00:00,1.34917,1.34923,1.34915,1.34918
2026-08-08 10:15:00+00:00,1.34917,1.34923,1.34915,1.3492
2026-08-08 10:20:00+00:00,1.34917,1.34923,1.34915,1.3492
2026-08-08 10:25:00+00:00,1.34917,1.34923,1.34916,1.34916
2026-08-08 10:30:00+00:00,1.34917,1.34923,1.34915,1.34918
2026-08-08 10:35:00+00:00,1.34917,1.34923,1.34915,1.3492
2026-08-08 10:40:00+00:00,1.34918,1.34923,1.34915,1.34917
2026-08-08 10:45:00+00:00,1.34917,1.34923,1.34916,1.34917
2026-08-08 10:50:00+00:00,1.34918,1.34923,1.34915,1.3492
2026-08-08 10:55:00+00:00,1.34918,1.34922,1.34916,1.3492
2026-08-08 11:00:00+00:00,1.34917,1.34923,1.34915,1.34917
2026-08-08 11:05:00+00:00,1.34917,1.34922,1.34916,1.34916
2026-08-08 11:10:00+00:00,1.34917,1.34924,1.34915,1.34919
2026-08-08 11:15:00+00:00,1.34918,1.34922,1.34916,1.34921
2026-08-08 11:20:00+00:00,1.34918,1.34923,1.34915,1.34921
2026-08-08 11:25:00+00:00,1.34918,1.34923,1.34916,1.34917
2026-08-08 11:30:00+00:00,1.34918,1.34923,1.34915,1.34919
2026-08-08 11:35:00+00:00,1.34918,1.34921,1.34916,1.3492
2026-08-08 11:40:00+00:00,1.34917,1.34931,1.34895,1.3492
2026-08-08 11:45:00+00:00,1.34917,1.34922,1.34916,1.34916
2026-08-08 11:50:00+00:00,1.34917,1.34923,1.34915,1.34919
2026-08-08 11:55:00+00:00,1.34917,1.34921,1.34916,1.3492
2026-08-08 12:00:00+00:00,1.34917,1.34923,1.34915,1.34921
2026-08-08 12:05:00+00:00,1.34918,1.34922,1.34916,1.34921
2026-08-08 12:10:00+00:00,1.34918,1.34923,1.34915,1.3492
2026-08-08 12:15:00+00:00,1.34918,1.34922,1.34916,1.3492
2026-08-08 12:20:00+00:00,1.34917,1.34924,1.34916,1.34918
2026-08-08 12:25:00+00:00,1.34918,1.34921,1.34916,1.34916
2026-08-08 12:30:00+00:00,1.34917,1.34924,1.34915,1.34921
2026-08-08 12:35:00+00:00,1.34918,1.34922,1.34916,1.3492
2026-08-08 12:40:00+00:00,1.34917,1.34923,1.34916,1.34917
2026-08-08 12:45:00+00:00,1.34917,1.34922,1.34916,1.34917
2026-08-08 12:50:00+00:00,1.34918,1.34923,1.34915,1.34919
2026-08-08 12:55:00+00:00,1.34917,1.34921,1.34916,1.3492
2026-08-08 13:00:00+00:00,1.34918,1.34923,1.34915,1.34916
2026-08-08 13:05:00+00:00,1.34917,1.34921,1.34916,1.34916
2026-08-08 13:10:00+00:00,1.34917,1.34923,1.34915,1.34919
2026-08-08 13:15:00+00:00,1.34917,1.34922,1.34916,1.3492
2026-08-08 13:20:00+00:00,1.34918,1.34929,1.34896,1.34921
2026-08-08 13:25:00+00:00,1.34917,1.34921,1.34916,1.34916
2026-08-08 13:30:00+00:00,1.34917,1.34923,1.34915,1.3492
2026-08-08 13:35:00+00:00,1.34917,1.34923,1.34916,1.3492
2026-08-08 13:40:00+00:00,1.34917,1.34923,1.34915,1.34916
2026-08-08 13:45:00+00:00,1.34917,1.34921,1.34916,1.3492
2026-08-08 13:50:00+00:00,1.34918,1.34924,1.34915,1.3492
2026-08-08 13:55:00+00:00,1.34917,1.34922,1.34916,1.3492
2026-08-08 14:00:00+00:00,1.34918,1.34923,1.34915,1.34916
2026-08-08 14:05:00+00:00,1.34917,1.34922,1.34916,1.34917
2026-08-08 14:10:00+00:00,1.34917,1.34925,1.34916,1.34921
2026-08-08 14:15:00+00:00,1.34919,1.34923,1.34916,1.34919
2026-08-08 14:20:00+00:00,1.34917,1.34923,1.34915,1.34916
2026-08-08 14:25:00+00:00,1.34917,1.34922,1.34916,1.34917
2026-08-08 14:30:00+00:00,1.34917,1.34924,1.34916,1.3492
2026-08-08 14:35:00+00:00,1.34918,1.34923,1.34916,1.3492
2026-08-08 14:40:00+00:00,1.34918,1.34924,1.34916,1.34917
2026-08-08 14:45:00+00:00,1.34918,1.34923,1.34916,1.34917
2026-08-08 14:50:00+00:00,1.34917,1.34923,1.34915,1.3492
2026-08-08 14:55:00+00:00,1.34917,1.34923,1.34916,1.34919
2026-08-08 15:00:00+00:00,1.34917,1.3506,1.34584,1.34915
2026-08-08 15:05:00+00:00,1.34898,1.34921,1.34898,1.34918
2026-08-08 15:10:00+00:00,1.34916,1.34923,1.34915,1.3492
2026-08-08 15:15:00+00:00,1.34917,1.34923,1.34916,1.3492
2026-08-08 15:20:00+00:00,1.34918,1.34924,1.34916,1.34917
2026-08-08 15:25:00+00:00,1.34918,1.34923,1.34916,1.3492
2026-08-08 15:30:00+00:00,1.34919,1.34923,1.34916,1.34921
2026-08-08 15:35:00+00:00,1.34918,1.34924,1.34916,1.3492
2026-08-08 15:40:00+00:00,1.34918,1.34923,1.34915,1.34916
2026-08-08 15:45:00+00:00,1.34917,1.34922,1.34519,1.3456
2026-08-08 15:50:00+00:00,1.34634,1.3472,1.34579,1.34711
2026-08-08 15:55:00+00:00,1.34692,1.34868,1.34566,1.34841
2026-08-08 16:00:00+00:00,1.34789,1.34923,1.34789,1.3492
2026-08-08 16:05:00+00:00,1.34916,1.34923,1.34915,1.34918
2026-08-08 16:10:00+00:00,1.34917,1.34923,1.34915,1.34921
2026-08-08 16:15:00+00:00,1.34918,1.34924,1.34915,1.34921
2026-08-08 16:20:00+00:00,1.34918,1.34923,1.34916,1.34917
2026-08-08 16:25:00+00:00,1.34918,1.34923,1.34915,1.34918
2026-08-08 16:30:00+00:00,1.34917,1.34922,1.34915,1.3492
2026-08-08 16:35:00+00:00,1.34917,1.34923,1.34916,1.3492
2026-08-08 16:40:00+00:00,1.34917,1.34923,1.34898,1.3492
2026-08-08 16:45:00+00:00,1.34916,1.34923,1.34915,1.34919
2026-08-08 16:50:00+00:00,1.34918,1.3492,1.34749,1.34906
2026-08-08 16:55:00+00:00,1.34895,1.34921,1.34895,1.3492
2026-08-08 17:00:00+00:00,1.34916,1.34922,1.34911,1.3492
2026-08-08 17:05:00+00:00,1.34917,1.34923,1.34915,1.34919
2026-08-08 17:10:00+00:00,1.34918,1.34922,1.34915,1.3492
2026-08-08 17:15:00+00:00,1.34917,1.34923,1.34915,1.34921
2026-08-08 17:20:00+00:00,1.34917,1.34923,1.34916,1.34916
2026-08-08 17:25:00+00:00,1.34917,1.34923,1.34915,1.34918
2026-08-08 17:30:00+00:00,1.34917,1.34922,1.34916,1.3492
2026-08-08 17:35:00+00:00,1.34917,1.34924,1.34915,1.34916
2026-08-08 17:40:00+00:00,1.34917,1.34923,1.34916,1.34916
2026-08-08 17:45:00+00:00,1.34917,1.34923,1.34915,1.34919
2026-08-08 17:50:00+00:00,1.34917,1.34921,1.34916,1.3492
2026-08-08 17:55:00+00:00,1.34917,1.34924,1.34915,1.34922
2026-08-08 18:00:00+00:00,1.34918,1.34922,1.34911,1.34916
2026-08-08 18:05:00+00:00,1.34917,1.34923,1.34915,1.34919
2026-08-08 18:10:00+00:00,1.34917,1.34921,1.34916,1.3492
2026-08-08 18:15:00+00:00,1.34917,1.34924,1.34916,1.34918
2026-08-08 18:20:00+00:00,1.34918,1.34922,1.34898,1.34919
2026-08-08 18:25:00+00:00,1.34915,1.34923,1.34914,1.34919
2026-08-08 18:30:00+00:00,1.34916,1.34921,1.34916,1.3492
2026-08-08 18:35:00+00:00,1.34918,1.34923,1.34915,1.34917
2026-08-08 18:40:00+00:00,1.34917,1.34921,1.34916,1.34917
2026-08-08 18:45:00+00:00,1.34917,1.34923,1.34916,1.34919
2026-08-08 18:50:00+00:00,1.34917,1.34922,1.34916,1.3492
2026-08-08 18:55:00+00:00,1.34917,1.34923,1.34915,1.34917
2026-08-08 19:00:00+00:00,1.34917,1.3492,1.34911,1.34915
2026-08-08 19:05:00+00:00,1.34916,1.34923,1.34915,1.34919
2026-08-08 19:10:00+00:00,1.34917,1.34922,1.34916,1.3492
2026-08-08 19:15:00+00:00,1.34917,1.34923,1.34915,1.34917
2026-08-08 19:20:00+00:00,1.34917,1.34922,1.34916,1.34917
2026-08-08 19:25:00+00:00,1.34918,1.34923,1.34915,1.3492
2026-08-08 19:30:00+00:00,1.34917,1.34923,1.34916,1.34919
2026-08-08 19:35:00+00:00,1.34917,1.34924,1.34915,1.34916
2026-08-08 19:40:00+00:00,1.34917,1.34922,1.34916,1.34917
2026-08-08 19:45:00+00:00,1.34917,1.34923,1.34915,1.3492
2026-08-08 19:50:00+00:00,1.34917,1.34923,1.34916,1.3492
2026-08-08 19:55:00+00:00,1.34918,1.34923,1.34915,1.34916
2026-08-08 20:00:00+00:00,1.34917,1.3492,1.349,1.34918
2026-08-08 20:05:00+00:00,1.34914,1.34923,1.34914,1.3492
2026-08-08 20:10:00+00:00,1.34917,1.34922,1.34916,1.34919
2026-08-08 20:15:00+00:00,1.34917,1.34923,1.34915,1.34916
2026-08-08 20:20:00+00:00,1.34917,1.34922,1.34915,1.34918
2026-08-08 20:25:00+00:00,1.34918,1.34923,1.34915,1.3492
2026-08-08 20:30:00+00:00,1.34917,1.34923,1.34916,1.34919
2026-08-08 20:35:00+00:00,1.34917,1.34923,1.34915,1.34916
2026-08-08 20:40:00+00:00,1.34917,1.34922,1.34915,1.34917
2026-08-08 20:45:00+00:00,1.34917,1.34923,1.34915,1.3492
2026-08-08 20:50:00+00:00,1.34917,1.34923,1.34916,1.34919
2026-08-08 20:55:00+00:00,1.34917,1.34923,1.34915,1.34916
2026-08-08 21:00:00+00:00,1.34917,1.3492,1.34911,1.34918
2026-08-08 21:05:00+00:00,1.34916,1.34923,1.34915,1.3492
2026-08-08 21:10:00+00:00,1.34917,1.34923,1.34915,1.34919
2026-08-08 21:15:00+00:00,1.34917,1.34924,1.34915,1.34915
2026-08-08 21:20:00+00:00,1.34917,1.34923,1.34916,1.34917
2026-08-08 21:25:00+00:00,1.34917,1.34923,1.34915,1.3492
2026-08-08 21:30:00+00:00,1.34917,1.34924,1.34916,1.34919
2026-08-08 21:35:00+00:00,1.34917,1.34923,1.34915,1.34916
2026-08-08 21:40:00+00:00,1.34917,1.34922,1.34915,1.34917
2026-08-08 21:45:00+00:00,1.34917,1.34922,1.34915,1.3492
2026-08-08 21:50:00+00:00,1.34917,1.34923,1.34915,1.34919
2026-08-08 21:55:00+00:00,1.34917,1.34924,1.34916,1.34917
2026-08-08 22:00:00+00:00,1.34918,1.34921,1.34911,1.34918
2026-08-08 22:05:00+00:00,1.34916,1.34923,1.34915,1.3492
2026-08-08 22:10:00+00:00,1.34917,1.34923,1.34915,1.3492
2026-08-08 22:15:00+00:00,1.34917,1.34923,1.34916,1.34916
2026-08-08 22:20:00+00:00,1.34917,1.34923,1.34915,1.34918
2026-08-08 22:25:00+00:00,1.34917,1.34922,1.34916,1.3492
2026-08-08 22:30:00+00:00,1.34917,1.34923,1.34915,1.3492
2026-08-08 22:35:00+00:00,1.34918,1.34923,1.34916,1.34916
2026-08-08 22:40:00+00:00,1.34917,1.34924,1.34916,1.34918
2026-08-08 22:45:00+00:00,1.34917,1.34922,1.34915,1.3492
2026-08-08 22:50:00+00:00,1.34917,1.34923,1.34915,1.34917
2026-08-08 22:55:00+00:00,1.34917,1.34923,1.34916,1.34917
2026-08-08 23:00:00+00:00,1.34917,1.34922,1.3491,1.34919
2026-08-08 23:05:00+00:00,1.34917,1.34922,1.34916,1.34921
2026-08-08 23:10:00+00:00,1.34918,1.34924,1.34916,1.34917
2026-08-08 23:15:00+00:00,1.34917,1.34922,1.34916,1.34916
2026-08-08 23:20:00+00:00,1.34917,1.34921,1.34913,1.34917
2026-08-08 23:25:00+00:00,1.34915,1.3492,1.34915,1.34919
2026-08-08 23:30:00+00:00,1.34916,1.34923,1.34915,1.34917
2026-08-08 23:35:00+00:00,1.34917,1.34922,1.34916,1.34916
2026-08-08 23:40:00+00:00,1.34917,1.34923,1.34915,1.34919
2026-08-08 23:45:00+00:00,1.34917,1.34921,1.34916,1.3492
2026-08-08 23:50:00+00:00,1.34917,1.34923,1.34915,1.3492
2026-08-08 23:55:00+00:00,1.34916,1.34921,1.34916,1.34916
2026-08-09 00:00:00+00:00,1.34916,1.34922,1.34915,1.34919
2026-08-09 00:05:00+00:00,1.34916,1.34921,1.34916,1.3492
2026-08-09 00:10:00+00:00,1.34917,1.34923,1.34915,1.34917
2026-08-09 00:15:00+00:00,1.34917,1.34922,1.34916,1.34916
2026-08-09 00:20:00+00:00,1.34917,1.34923,1.34915,1.34919
2026-08-09 00:25:00+00:00,1.34917,1.34921,1.34917,1.3492
2026-08-09 00:30:00+00:00,1.34917,1.34923,1.34915,1.34917
2026-08-09 00:35:00+00:00,1.34917,1.34921,1.34917,1.34917
2026-08-09 00:40:00+00:00,1.34917,1.34923,1.34915,1.34919
2026-08-09 00:45:00+00:00,1.34917,1.34921,1.34917,1.34919
2026-08-09 00:50:00+00:00,1.34917,1.34923,1.34915,1.34916
2026-08-09 00:55:00+00:00,1.34917,1.34921,1.34916,1.34916
2026-08-09 01:00:00+00:00,1.34917,1.34921,1.34913,1.34918
2026-08-09 01:05:00+00:00,1.34915,1.34921,1.34915,1.34918
2026-08-09 01:10:00+00:00,1.34916,1.34922,1.34914,1.34915
2026-08-09 01:15:00+00:00,1.34916,1.3492,1.34915,1.34915
2026-08-09 01:20:00+00:00,1.34916,1.34922,1.34914,1.34918
2026-08-09 01:25:00+00:00,1.34916,1.34921,1.34916,1.34918
2026-08-09 01:30:00+00:00,1.34916,1.34922,1.34914,1.34915
2026-08-09 01:35:00+00:00,1.34916,1.3492,1.34914,1.34915
2026-08-09 01:40:00+00:00,1.34916,1.34922,1.34914,1.34918
2026-08-09 01:45:00+00:00,1.34916,1.34921,1.34915,1.34918
2026-08-09 01:50:00+00:00,1.34916,1.34922,1.34914,1.34915
2026-08-09 01:55:00+00:00,1.34916,1.3492,1.34914,1.34918
2026-08-09 02:00:00+00:00,1.34916,1.34922,1.34914,1.34919
2026-08-09 02:05:00+00:00,1.34916,1.34921,1.34915,1.34918
2026-08-09 02:10:00+00:00,1.34916,1.34922,1.34914,1.34915
2026-08-09 02:15:00+00:00,1.34916,1.34921,1.34915,1.34919
2026-08-09 02:20:00+00:00,1.34917,1.34923,1.34915,1.3492
2026-08-09 02:25:00+00:00,1.34917,1.34923,1.34916,1.34919
2026-08-09 02:30:00+00:00,1.34917,1.34923,1.34915,1.34916
2026-08-09 02:35:00+00:00,1.34917,1.34922,1.34915,1.34918
2026-08-09 02:40:00+00:00,1.34917,1.34921,1.34914,1.34918
2026-08-09 02:45:00+00:00,1.34915,1.34921,1.34915,1.34919
2026-08-09 02:50:00+00:00,1.34916,1.34922,1.34913,1.34914
2026-08-09 02:55:00+00:00,1.34915,1.34921,1.34914,1.34916
2026-08-09 03:00:00+00:00,1.34915,1.34922,1.34914,1.34919
2026-08-09 03:05:00+00:00,1.34916,1.34921,1.34914,1.34918
2026-08-09 03:10:00+00:00,1.34916,1.34922,1.34914,1.34915
2026-08-09 03:15:00+00:00,1.34916,1.34922,1.34914,1.34917
2026-08-09 03:20:00+00:00,1.34917,1.34922,1.34915,1.3492
2026-08-09 03:25:00+00:00,1.34917,1.34922,1.34915,1.34918
2026-08-09 03:30:00+00:00,1.34916,1.34921,1.34914,1.34914
2026-08-09 03:35:00+00:00,1.34915,1.34921,1.34913,1.34917
2026-08-09 03:40:00+00:00,1.34915,1.34921,1.34914,1.34918
2026-08-09 03:45:00+00:00,1.34915,1.34922,1.34914,1.34918
2026-08-09 03:50:00+00:00,1.34916,1.34922,1.34915,1.34915
2026-08-09 03:55:00+00:00,1.34916,1.34922,1.34914,1.34917
2026-08-09 04:00:00+00:00,1.34916,1.34921,1.34914,1.34919
2026-08-09 04:05:00+00:00,1.34916,1.34922,1.34914,1.34919
2026-08-09 04:10:00+00:00,1.34916,1.34921,1.34914,1.34915
2026-08-09 04:15:00+00:00,1.34916,1.34922,1.34914,1.34917
2026-08-09 04:20:00+00:00,1.34916,1.3492,1.34913,1.34917
2026-08-09 04:25:00+00:00,1.34914,1.34921,1.34913,1.34918
2026-08-09 04:30:00+00:00,1.34915,1.3492,1.34914,1.34914
2026-08-09 04:35:00+00:00,1.34915,1.34921,1.34913,1.34916
2026-08-09 04:40:00+00:00,1.34915,1.3492,1.34913,1.34918
2026-08-09 04:45:00+00:00,1.34915,1.34921,1.34913,1.34915
2026-08-09 04:50:00+00:00,1.34915,1.3492,1.34914,1.34914
2026-08-09 04:55:00+00:00,1.34915,1.34921,1.34913,1.34916
2026-08-09 05:00:00+00:00,1.34915,1.34919,1.34913,1.34918
2026-08-09 05:05:00+00:00,1.34915,1.34921,1.34913,1.34915
2026-08-09 05:10:00+00:00,1.34915,1.3492,1.34914,1.34914
2026-08-09 05:15:00+00:00,1.34915,1.34921,1.34913,1.34917
2026-08-09 05:20:00+00:00,1.34915,1.34919,1.34914,1.34918
2026-08-09 05:25:00+00:00,1.34915,1.34921,1.34913,1.34915
2026-08-09 05:30:00+00:00,1.34915,1.3492,1.34914,1.34914
2026-08-09 05:35:00+00:00,1.34915,1.34921,1.34913,1.34917
2026-08-09 05:40:00+00:00,1.34915,1.34919,1.34914,1.34918
2026-08-09 05:45:00+00:00,1.34915,1.34921,1.34913,1.34915
2026-08-09 05:50:00+00:00,1.34915,1.3492,1.34914,1.34914
2026-08-09 05:55:00+00:00,1.34915,1.34921,1.34913,1.34917
2026-08-09 06:00:00+00:00,1.34915,1.34919,1.34915,1.34918
2026-08-09 06:05:00+00:00,1.34916,1.34923,1.34914,1.3492
2026-08-09 06:10:00+00:00,1.34917,1.34921,1.34915,1.34915
2026-08-09 06:15:00+00:00,1.34916,1.34922,1.34913,1.34917
2026-08-09 06:20:00+00:00,1.34915,1.3492,1.34915,1.34918
2026-08-09 06:25:00+00:00,1.34915,1.34921,1.34913,1.34915
2026-08-09 06:30:00+00:00,1.34915,1.3492,1.34914,1.34915
2026-08-09 06:35:00+00:00,1.34916,1.34922,1.34914,1.34919
2026-08-09 06:40:00+00:00,1.34916,1.3492,1.34915,1.34919
2026-08-09 06:45:00+00:00,1.34916,1.34922,1.34914,1.34915
2026-08-09 06:50:00+00:00,1.34916,1.3492,1.34915,1.34915
2026-08-09 06:55:00+00:00,1.34916,1.34921,1.34913,1.34918
2026-08-09 07:00:00+00:00,1.34915,1.3492,1.34915,1.34918
2026-08-09 07:05:00+00:00,1.34916,1.34922,1.34914,1.34915
2026-08-09 07:10:00+00:00,1.34916,1.3492,1.34915,1.34916
2026-08-09 07:15:00+00:00,1.34916,1.34922,1.34914,1.34919
2026-08-09 07:20:00+00:00,1.34916,1.34922,1.34916,1.34918
2026-08-09 07:25:00+00:00,1.34916,1.34922,1.34914,1.34916
2026-08-09 07:30:00+00:00,1.34916,1.3492,1.34915,1.34916
2026-08-09 07:35:00+00:00,1.34916,1.34922,1.34914,1.34919
2026-08-09 07:40:00+00:00,1.34916,1.34921,1.34915,1.34917
2026-08-09 07:45:00+00:00,1.34915,1.34921,1.34914,1.34915
2026-08-09 07:50:00+00:00,1.34916,1.3492,1.34914,1.34915
2026-08-09 07:55:00+00:00,1.34916,1.34922,1.34914,1.34918
2026-08-09 08:00:00+00:00,1.34916,1.34921,1.34915,1.34918
2026-08-09 08:05:00+00:00,1.34916,1.34922,1.34914,1.34915
2026-08-09 08:10:00+00:00,1.34916,1.3492,1.34914,1.34916
2026-08-09 08:15:00+00:00,1.34916,1.34922,1.34914,1.34919
2026-08-09 08:20:00+00:00,1.34916,1.34922,1.34915,1.34918
2026-08-09 08:25:00+00:00,1.34916,1.34922,1.34914,1.34915
2026-08-09 08:30:00+00:00,1.34916,1.34921,1.34914,1.34917
2026-08-09 08:35:00+00:00,1.34917,1.34923,1.34915,1.3492
2026-08-09 08:40:00+00:00,1.34917,1.34923,1.34916,1.34919
2026-08-09 08:45:00+00:00,1.34917,1.34923,1.34915,1.34916
2026-08-09 08:50:00+00:00,1.34917,1.34922,1.34915,1.34917
2026-08-09 08:55:00+00:00,1.34917,1.34923,1.34915,1.3492
2026-08-09 09:00:00+00:00,1.34917,1.34923,1.34915,1.34919
2026-08-09 09:05:00+00:00,1.34916,1.34922,1.34915,1.34915
2026-08-09 09:10:00+00:00,1.34916,1.34922,1.34914,1.34918
2026-08-09 09:15:00+00:00,1.34916,1.34922,1.34914,1.34919
2026-08-09 09:20:00+00:00,1.34916,1.34922,1.34914,1.34917
2026-08-09 09:25:00+00:00,1.34915,1.34921,1.34914,1.34914
2026-08-09 09:30:00+00:00,1.34915,1.34921,1.34913,1.34916
2026-08-09 09:35:00+00:00,1.34915,1.34921,1.34913,1.34918
2026-08-09 09:40:00+00:00,1.34915,1.34921,1.34913,1.34917
2026-08-09 09:45:00+00:00,1.34915,1.34921,1.34914,1.34914
2026-08-09 09:50:00+00:00,1.34915,1.34921,1.34913,1.34916
2026-08-09 09:55:00+00:00,1.34915,1.3492,1.34913,1.34918
2026-08-09 10:00:00+00:00,1.34915,1.34921,1.34913,1.34917
2026-08-09 10:05:00+00:00,1.34915,1.34921,1.34914,1.34914
2026-08-09 10:10:00+00:00,1.34915,1.34921,1.34913,1.34916
2026-08-09 10:15:00+00:00,1.34915,1.3492,1.34913,1.34918
2026-08-09 10:20:00+00:00,1.34915,1.34921,1.34913,1.34918
2026-08-09 10:25:00+00:00,1.34915,1.34921,1.34914,1.34914
2026-08-09 10:30:00+00:00,1.34915,1.34922,1.34913,1.34918
2026-08-09 10:35:00+00:00,1.34917,1.34922,1.34915,1.3492
2026-08-09 10:40:00+00:00,1.34917,1.34923,1.34915,1.34917
2026-08-09 10:45:00+00:00,1.34917,1.34922,1.34916,1.34916
2026-08-09 10:50:00+00:00,1.34917,1.34923,1.34915,1.34918
2026-08-09 10:55:00+00:00,1.34917,1.34921,1.34915,1.3492
2026-08-09 11:00:00+00:00,1.34917,1.34923,1.34915,1.34917
2026-08-09 11:05:00+00:00,1.34917,1.34922,1.34916,1.34916
2026-08-09 11:10:00+00:00,1.34917,1.34923,1.34915,1.34918
2026-08-09 11:15:00+00:00,1.34917,1.34921,1.34916,1.3492
2026-08-09 11:20:00+00:00,1.34917,1.34923,1.34915,1.34917
2026-08-09 11:25:00+00:00,1.34917,1.34922,1.34916,1.34916
2026-08-09 11:30:00+00:00,1.34917,1.34923,1.34915,1.34919
2026-08-09 11:35:00+00:00,1.34917,1.34921,1.34916,1.3492
2026-08-09 11:40:00+00:00,1.34917,1.34972,1.34842,1.34866
2026-08-09 11:45:00+00:00,1.34866,1.34889,1.34852,1.34866
2026-08-09 11:50:00+00:00,1.34869,1.34893,1.34869,1.34886
2026-08-09 11:55:00+00:00,1.34884,1.34902,1.34884,1.34899
2026-08-09 12:00:00+00:00,1.34896,1.34902,1.34894,1.34896
2026-08-09 12:05:00+00:00,1.34896,1.34898,1.34829,1.34849
2026-08-09 12:10:00+00:00,1.3485,1.34856,1.34848,1.34852
2026-08-09 12:15:00+00:00,1.3485,1.34854,1.34849,1.34852
2026-08-09 12:20:00+00:00,1.3485,1.34856,1.34848,1.3485
2026-08-09 12:25:00+00:00,1.3485,1.34854,1.34849,1.34849
2026-08-09 12:30:00+00:00,1.3485,1.34853,1.34796,1.34815
2026-08-09 12:35:00+00:00,1.34813,1.34817,1.34813,1.34815
2026-08-09 12:40:00+00:00,1.34813,1.34819,1.34811,1.34812
2026-08-09 12:45:00+00:00,1.34813,1.34817,1.34812,1.34812
2026-08-09 12:50:00+00:00,1.34813,1.34819,1.34811,1.34815
2026-08-09 12:55:00+00:00,1.34813,1.34827,1.34769,1.34786
2026-08-09 13:00:00+00:00,1.34783,1.34789,1.34781,1.34783
2026-08-09 13:05:00+00:00,1.34783,1.34787,1.34782,1.34783
2026-08-09 13:10:00+00:00,1.34783,1.34789,1.34781,1.34786
2026-08-09 13:15:00+00:00,1.34783,1.34927,1.34757,1.34919
2026-08-09 13:20:00+00:00,1.34909,1.34954,1.34838,1.3486
2026-08-09 13:25:00+00:00,1.3486,1.34865,1.34859,1.3486
2026-08-09 13:30:00+00:00,1.3486,1.34866,1.34858,1.34863
2026-08-09 13:35:00+00:00,1.3486,1.34866,1.3486,1.34862
2026-08-09 13:40:00+00:00,1.3486,1.34866,1.34858,1.3486
2026-08-09 13:45:00+00:00,1.3486,1.34863,1.34802,1.34821
2026-08-09 13:50:00+00:00,1.34821,1.34827,1.34819,1.34824
2026-08-09 13:55:00+00:00,1.34821,1.34827,1.34821,1.34823
2026-08-09 14:00:00+00:00,1.34821,1.34864,1.34802,1.34861
2026-08-09 14:05:00+00:00,1.34857,1.34949,1.34577,1.34669
2026-08-09 14:10:00+00:00,1.34669,1.34674,1.34666,1.34671
2026-08-09 14:15:00+00:00,1.34668,1.3473,1.34555,1.34594
2026-08-09 14:20:00+00:00,1.34592,1.34598,1.3459,1.34591
2026-08-09 14:25:00+00:00,1.34592,1.34597,1.34591,1.34594
2026-08-09 14:30:00+00:00,1.34592,1.34598,1.3459,1.34595
2026-08-09 14:35:00+00:00,1.34592,1.34613,1.34591,1.34609
2026-08-09 14:40:00+00:00,1.34607,1.34613,1.34605,1.34606
2026-08-09 14:45:00+00:00,1.34607,1.34612,1.34605,1.34607
2026-08-09 14:50:00+00:00,1.34607,1.34613,1.34605,1.3461
2026-08-09 14:55:00+00:00,1.34607,1.34607,1.34526,1.34555
2026-08-09 15:00:00+00:00,1.34553,1.3488,1.34532,1.34866
2026-08-09 15:05:00+00:00,1.34846,1.34905,1.34846,1.34903
2026-08-09 15:10:00+00:00,1.34901,1.34907,1.34899,1.34904
2026-08-09 15:15:00+00:00,1.34901,1.34907,1.349,1.34903
2026-08-09 15:20:00+00:00,1.34901,1.34907,1.349,1.349
2026-08-09 15:25:00+00:00,1.34901,1.34939,1.34833,1.34855
2026-08-09 15:30:00+00:00,1.34854,1.34859,1.34852,1.34857
2026-08-09 15:35:00+00:00,1.34854,1.3486,1.34852,1.34856
2026-08-09 15:40:00+00:00,1.34854,1.3486,1.34852,1.34853
2026-08-09 15:45:00+00:00,1.34854,1.3486,1.34852,1.34855
2026-08-09 15:50:00+00:00,1.34854,1.34879,1.34798,1.34819
2026-08-09 15:55:00+00:00,1.34816,1.34822,1.34814,1.34818
2026-08-09 16:00:00+00:00,1.34816,1.34836,1.34807,1.34829
2026-08-09 16:05:00+00:00,1.3483,1.34836,1.34828,1.34831
2026-08-09 16:10:00+00:00,1.3483,1.34907,1.34642,1.34699
2026-08-09 16:15:00+00:00,1.34695,1.34702,1.34686,1.34692
2026-08-09 16:20:00+00:00,1.34689,1.34695,1.34688,1.34688
2026-08-09 16:25:00+00:00,1.34689,1.34755,1.34654,1.34749
2026-08-09 16:30:00+00:00,1.34735,1.3474,1.34734,1.34738
2026-08-09 16:35:00+00:00,1.34735,1.34741,1.34733,1.34738
2026-08-09 16:40:00+00:00,1.34735,1.34737,1.34706,1.34709
2026-08-09 16:45:00+00:00,1.3471,1.34716,1.34708,1.34712
2026-08-09 16:50:00+00:00,1.3471,1.34715,1.34709,1.34713
2026-08-09 16:55:00+00:00,1.3471,1.34716,1.34708,1.34713
2026-08-09 17:00:00+00:00,1.3471,1.34947,1.3471,1.34906
2026-08-09 17:05:00+00:00,1.34907,1.34956,1.3486,1.34876
2026-08-09 17:10:00+00:00,1.34874,1.34878,1.34873,1.34877
2026-08-09 17:15:00+00:00,1.34874,1.3488,1.34872,1.34874
2026-08-09 17:20:00+00:00,1.34874,1.34879,1.34873,1.34873
2026-08-09 17:25:00+00:00,1.34874,1.34907,1.34856,1.34904
2026-08-09 17:30:00+00:00,1.34901,1.34911,1.34831,1.34857
2026-08-09 17:35:00+00:00,1.34854,1.3486,1.34852,1.34854
2026-08-09 17:40:00+00:00,1.34854,1.34859,1.34853,1.34853
2026-08-09 17:45:00+00:00,1.34854,1.34887,1.3485,1.34878
2026-08-09 17:50:00+00:00,1.34876,1.3488,1.34876,1.34879
2026-08-09 17:55:00+00:00,1.34876,1.34882,1.34813,1.34834
2026-08-09 18:00:00+00:00,1.34834,1.34849,1.34809,1.34841
2026-08-09 18:05:00+00:00,1.34833,1.34844,1.34765,1.34772
2026-08-09 18:10:00+00:00,1.34781,1.34838,1.34748,1.34831
2026-08-09 18:15:00+00:00,1.3482,1.34853,1.34718,1.34768
2026-08-09 18:20:00+00:00,1.34783,1.34823,1.34711,1.34792
2026-08-09 18:25:00+00:00,1.34774,1.34805,1.34738,1.34751
2026-08-09 18:30:00+00:00,1.34757,1.34825,1.34747,1.34814
2026-08-09 18:35:00+00:00,1.34787,1.34878,1.34755,1.34763
2026-08-09 18:40:00+00:00,1.3478,1.34842,1.34747,1.34814
2026-08-09 18:45:00+00:00,1.34802,1.34816,1.34742,1.34747
2026-08-09 18:50:00+00:00,1.34752,1.3479,1.34698,1.34779
2026-08-09 18:55:00+00:00,1.34752,1.34839,1.3472,1.34736
2026-08-09 19:00:00+00:00,1.34774,1.34915,1.34739,1.34909
2026-08-09 19:05:00+00:00,1.34899,1.34964,1.34753,1.34762
2026-08-09 19:10:00+00:00,1.34758,1.34964,1.34758,1.34913
2026-08-09 19:15:00+00:00,1.34905,1.34944,1.34864,1.3487
2026-08-09 19:20:00+00:00,1.34884,1.34921,1.34853,1.34856
2026-08-09 19:25:00+00:00,1.34863,1.34942,1.34826,1.34889
2026-08-09 19:30:00+00:00,1.34886,1.34911,1.34845,1.34852
2026-08-09 19:35:00+00:00,1.34862,1.34926,1.34827,1.34908
2026-08-09 19:40:00+00:00,1.34882,1.34963,1.34818,1.34943
2026-08-09 19:45:00+00:00,1.34912,1.34987,1.34873,1.34932
2026-08-09 19:50:00+00:00,1.3492,1.34955,1.34889,1.34929
2026-08-09 19:55:00+00:00,1.34926,1.34933,1.34884,1.34925
2026-08-09 20:00:00+00:00,1.34914,1.34962,1.34914,1.34961
2026-08-09 20:05:00+00:00,1.34959,1.34976,1.34958,1.34972
2026-08-09 20:10:00+00:00,1.34969,1.3498,1.34953,1.34955
2026-08-09 20:15:00+00:00,1.34958,1.34997,1.34958,1.34991
2026-08-09 20:20:00+00:00,1.34983,1.35004,1.34967,1.3497
2026-08-09 20:25:00+00:00,1.34976,1.35015,1.34945,1.34969
2026-08-09 20:30:00+00:00,1.34973,1.35002,1.34964,1.34995
2026-08-09 20:35:00+00:00,1.34993,1.34997,1.34972,1.34973
2026-08-09 20:40:00+00:00,1.34973,1.34984,1.34963,1.34972
2026-08-09 20:45:00+00:00,1.3497,1.34981,1.34965,1.34979
2026-08-09 20:50:00+00:00,1.34972,1.35008,1.34948,1.34959
2026-08-09 20:55:00+00:00,1.34964,1.34966,1.34951,1.34964
2026-08-09 21:00:00+00:00,1.3496,1.35008,1.34924,1.3495
2026-08-09 21:05:00+00:00,1.34948,1.34993,1.34945,1.34969
2026-08-09 21:10:00+00:00,1.34971,1.34976,1.34962,1.34975
2026-08-09 21:15:00+00:00,1.34973,1.34978,1.34956,1.34963
2026-08-09 21:20:00+00:00,1.34968,1.34981,1.3496,1.34967
2026-08-09 21:25:00+00:00,1.34966,1.34976,1.34953,1.34975
2026-08-09 21:30:00+00:00,1.3497,1.34976,1.3496,1.34964
2026-08-09 21:35:00+00:00,1.34963,1.35,1.34916,1.34922
2026-08-09 21:40:00+00:00,1.34933,1.34938,1.34923,1.34935
2026-08-09 21:45:00+00:00,1.34927,1.34951,1.34919,1.34943
2026-08-09 21:50:00+00:00,1.34935,1.34936,1.34915,1.34933
2026-08-09 21:55:00+00:00,1.34931,1.34931,1.34912,1.34914
2026-08-09 22:00:00+00:00,1.3492,1.34945,1.34896,1.349
2026-08-09 22:05:00+00:00,1.34906,1.34908,1.34886,1.34907
2026-08-09 22:10:00+00:00,1.34903,1.34913,1.34901,1.34911
2026-08-09 22:15:00+00:00,1.34907,1.34914,1.34904,1.34904
2026-08-09 22:20:00+00:00,1.34905,1.34909,1.34902,1.34906
2026-08-09 22:25:00+00:00,1.34904,1.34913,1.34878,1.34882
2026-08-09 22:30:00+00:00,1.34886,1.34899,1.34885,1.34897
2026-08-09 22:35:00+00:00,1.34894,1.34901,1.34889,1.34893
2026-08-09 22:40:00+00:00,1.34894,1.34909,1.34894,1.34905
2026-08-09 22:45:00+00:00,1.34903,1.34906,1.349,1.34905
2026-08-09 22:50:00+00:00,1.34901,1.34913,1.34891,1.34892
2026-08-09 22:55:00+00:00,1.34893,1.34897,1.34891,1.34896
2026-08-09 23:00:00+00:00,1.34893,1.34905,1.34891,1.34904
2026-08-09 23:05:00+00:00,1.349,1.34926,1.349,1.34909
2026-08-09 23:10:00+00:00,1.34909,1.34927,1.34904,1.34912
2026-08-09 23:15:00+00:00,1.34912,1.34929,1.34912,1.34917
2026-08-09 23:20:00+00:00,1.34919,1.34927,1.34912,1.34924
2026-08-09 23:25:00+00:00,1.34922,1.3493,1.3492,1.34927
2026-08-09 23:30:00+00:00,1.34924,1.34925,1.34906,1.34907
2026-08-09 23:35:00+00:00,1.34908,1.34908,1.34884,1.34885
2026-08-09 23:40:00+00:00,1.34889,1.34912,1.34889,1.3491
2026-08-09 23:45:00+00:00,1.34906,1.34924,1.34906,1.34914
2026-08-09 23:50:00+00:00,1.34911,1.34929,1.34911,1.34926
2026-08-09 23:55:00+00:00,1.3492,1.34927,1.349,1.34901
2026-08-10 00:00:00+00:00,1.34903,1.3493,1.34891,1.34927
2026-08-10 00:05:00+00:00,1.34924,1.34927,1.34915,1.34923
2026-08-10 00:10:00+00:00,1.3492,1.3494,1.3491,1.34934
2026-08-10 00:15:00+00:00,1.34925,1.3494,1.34905,1.34905
2026-08-10 00:20:00+00:00,1.34907,1.34912,1.34895,1.34901
2026-08-10 00:25:00+00:00,1.34899,1.34909,1.34894,1.34909
2026-08-10 00:30:00+00:00,1.34906,1.34911,1.349,1.34904
2026-08-10 00:35:00+00:00,1.34904,1.34909,1.34892,1.34892
2026-08-10 00:40:00+00:00,1.34893,1.34897,1.34887,1.34892
2026-08-10 00:45:00+00:00,1.34889,1.34905,1.34884,1.34904
2026-08-10 00:50:00+00:00,1.34899,1.3493,1.34899,1.3491
2026-08-10 00:55:00+00:00,1.34914,1.34915,1.34909,1.34912
2026-08-10 01:00:00+00:00,1.34912,1.34917,1.34871,1.3488
2026-08-10 01:05:00+00:00,1.34898,1.34898,1.34847,1.34857
2026-08-10 01:10:00+00:00,1.34851,1.34876,1.34849,1.34852
2026-08-10 01:15:00+00:00,1.34861,1.34889,1.34861,1.34881
2026-08-10 01:20:00+00:00,1.34882,1.34886,1.34868,1.34884
2026-08-10 01:25:00+00:00,1.3488,1.34893,1.34874,1.34892
2026-08-10 01:30:00+00:00,1.34887,1.34895,1.34852,1.34854
2026-08-10 01:35:00+00:00,1.34859,1.34868,1.34849,1.34861
2026-08-10 01:40:00+00:00,1.34856,1.34875,1.34856,1.34871
2026-08-10 01:45:00+00:00,1.34868,1.34896,1.34868,1.34894
2026-08-10 01:50:00+00:00,1.34889,1.34896,1.34887,1.34887
2026-08-10 01:55:00+00:00,1.34889,1.34893,1.34873,1.34874
2026-08-10 02:00:00+00:00,1.34876,1.34896,1.34876,1.34893
2026-08-10 02:05:00+00:00,1.3489,1.34899,1.3488,1.34891
2026-08-10 02:10:00+00:00,1.34889,1.34889,1.34876,1.34878
2026-08-10 02:15:00+00:00,1.34879,1.34891,1.34878,1.3489
2026-08-10 02:20:00+00:00,1.34886,1.34891,1.34876,1.3488
2026-08-10 02:25:00+00:00,1.34877,1.34882,1.3487,1.34881
2026-08-10 02:30:00+00:00,1.34877,1.34899,1.34876,1.34895
2026-08-10 02:35:00+00:00,1.3489,1.34898,1.3488,1.34881
2026-08-10 02:40:00+00:00,1.34882,1.34882,1.34866,1.34879
2026-08-10 02:45:00+00:00,1.34875,1.34875,1.34861,1.34873
2026-08-10 02:50:00+00:00,1.34871,1.34875,1.3486,1.34861
2026-08-10 02:55:00+00:00,1.34864,1.34872,1.34861,1.34862
2026-08-10 03:00:00+00:00,1.34864,1.34869,1.34851,1.34853
2026-08-10 03:05:00+00:00,1.34854,1.34857,1.34844,1.34845
2026-08-10 03:10:00+00:00,1.34845,1.34857,1.3484,1.34846
2026-08-10 03:15:00+00:00,1.34848,1.34851,1.34841,1.34846
2026-08-10 03:20:00+00:00,1.34845,1.34869,1.34844,1.34866
2026-08-10 03:25:00+00:00,1.34863,1.34871,1.34838,1.34852
2026-08-10 03:30:00+00:00,1.34842,1.3486,1.34834,1.34838
2026-08-10 03:35:00+00:00,1.34839,1.34853,1.34835,1.34851
2026-08-10 03:40:00+00:00,1.34849,1.34849,1.34838,1.34844
2026-08-10 03:45:00+00:00,1.34841,1.34865,1.34834,1.34863
2026-08-10 03:50:00+00:00,1.34858,1.34867,1.34856,1.34858
2026-08-10 03:55:00+00:00,1.34859,1.34866,1.34852,1.34857
2026-08-10 04:00:00+00:00,1.34856,1.34857,1.34845,1.34856
2026-08-10 04:05:00+00:00,1.3485,1.34867,1.34842,1.34848
2026-08-10 04:10:00+00:00,1.34844,1.34858,1.34835,1.34853
2026-08-10 04:15:00+00:00,1.34845,1.34857,1.34845,1.34848
2026-08-10 04:20:00+00:00,1.34846,1.34857,1.34846,1.34855
2026-08-10 04:25:00+00:00,1.34852,1.34867,1.34852,1.34861
2026-08-10 04:30:00+00:00,1.3486,1.3487,1.34858,1.34867
2026-08-10 04:35:00+00:00,1.34862,1.3487,1.34851,1.3486
2026-08-10 04:40:00+00:00,1.34858,1.34863,1.34847,1.34862
2026-08-10 04:45:00+00:00,1.34857,1.34893,1.34857,1.34889
2026-08-10 04:50:00+00:00,1.34883,1.34904,1.34883,1.34901
2026-08-10 04:55:00+00:00,1.34896,1.34905,1.34888,1.34891
2026-08-10 05:00:00+00:00,1.34895,1.34895,1.34882,1.34894
2026-08-10 05:05:00+00:00,1.3489,1.34916,1.34888,1.34906
2026-08-10 05:10:00+00:00,1.34907,1.34907,1.34889,1.34889
2026-08-10 05:15:00+00:00,1.3489,1.34896,1.34882,1.34885
2026-08-10 05:20:00+00:00,1.3489,1.3489,1.3488,1.34887
2026-08-10 05:25:00+00:00,1.34884,1.34889,1.34876,1.34886
2026-08-10 05:30:00+00:00,1.3488,1.34889,1.34876,1.34886
2026-08-10 05:35:00+00:00,1.34881,1.34914,1.34881,1.34912
2026-08-10 05:40:00+00:00,1.34907,1.34916,1.34895,1.34903
2026-08-10 05:45:00+00:00,1.34901,1.34915,1.3489,1.34913
2026-08-10 05:50:00+00:00,1.34908,1.34932,1.34908,1.3493
2026-08-10 05:55:00+00:00,1.34927,1.34936,1.34922,1.34931
2026-08-10 06:00:00+00:00,1.34929,1.34958,1.34924,1.34943
2026-08-10 06:05:00+00:00,1.34948,1.34973,1.34936,1.34971
2026-08-10 06:10:00+00:00,1.34966,1.34969,1.34947,1.3495
2026-08-10 06:15:00+00:00,1.34955,1.34975,1.34927,1.34961
2026-08-10 06:20:00+00:00,1.34959,1.34971,1.34945,1.3497
2026-08-10 06:25:00+00:00,1.34968,1.34968,1.3494,1.34955
2026-08-10 06:30:00+00:00,1.34948,1.34962,1.34948,1.34958
2026-08-10 06:35:00+00:00,1.34958,1.34959,1.34936,1.34955
2026-08-10 06:40:00+00:00,1.34951,1.34951,1.34929,1.34931
2026-08-10 06:45:00+00:00,1.34934,1.34946,1.34925,1.34942
2026-08-10 06:50:00+00:00,1.34935,1.34944,1.34922,1.34939
2026-08-10 06:55:00+00:00,1.34935,1.3495,1.34935,1.34946
2026-08-10 07:00:00+00:00,1.34943,1.34949,1.34929,1.34933
2026-08-10 07:05:00+00:00,1.34939,1.34957,1.34924,1.34954
2026-08-10 07:10:00+00:00,1.3495,1.34975,1.3495,1.34956
2026-08-10 07:15:00+00:00,1.34957,1.34961,1.34942,1.34959
2026-08-10 07:20:00+00:00,1.34956,1.34956,1.34924,1.34942
2026-08-10 07:25:00+00:00,1.34935,1.34959,1.34924,1.34925
2026-08-10 07:30:00+00:00,1.34928,1.34935,1.34922,1.34933
2026-08-10 07:35:00+00:00,1.34929,1.3498,1.34929,1.34979
2026-08-10 07:40:00+00:00,1.34974,1.34991,1.34956,1.34978
2026-08-10 07:45:00+00:00,1.34978,1.35008,1.34973,1.34978
2026-08-10 07:50:00+00:00,1.34981,1.34981,1.34956,1.34967
2026-08-10 07:55:00+00:00,1.34965,1.34965,1.34946,1.34959
2026-08-10 08:00:00+00:00,1.34956,1.34967,1.3495,1.34964
2026-08-10 08:05:00+00:00,1.34958,1.35018,1.34947,1.35015
2026-08-10 08:10:00+00:00,1.3501,1.35038,1.35002,1.35033
2026-08-10 08:15:00+00:00,1.35023,1.35049,1.35023,1.35044
2026-08-10 08:20:00+00:00,1.35038,1.35051,1.35038,1.35043
2026-08-10 08:25:00+00:00,1.35041,1.35041,1.35015,1.35022
2026-08-10 08:30:00+00:00,1.35023,1.35038,1.35018,1.35024
2026-08-10 08:35:00+00:00,1.35024,1.35028,1.35017,1.35022
2026-08-10 08:40:00+00:00,1.35019,1.35042,1.35011,1.35027
2026-08-10 08:45:00+00:00,1.35026,1.35027,1.35009,1.35011
2026-08-10 08:50:00+00:00,1.35012,1.35037,1.34995,1.35019
2026-08-10 08:55:00+00:00,1.35022,1.35036,1.35013,1.35034
2026-08-10 09:00:00+00:00,1.35029,1.3504,1.35027,1.35028
2026-08-10 09:05:00+00:00,1.35029,1.35051,1.35027,1.35046
2026-08-10 09:10:00+00:00,1.3504,1.35058,1.35033,1.35055
2026-08-10 09:15:00+00:00,1.35049,1.35071,1.35045,1.35048
2026-08-10 09:20:00+00:00,1.35052,1.35052,1.35033,1.35049
2026-08-10 09:25:00+00:00,1.35042,1.35058,1.35042,1.35048
2026-08-10 09:30:00+00:00,1.35049,1.35055,1.35017,1.35019
2026-08-10 09:35:00+00:00,1.35021,1.35024,1.3496,1.34965
2026-08-10 09:40:00+00:00,1.34972,1.34976,1.34956,1.34965
2026-08-10 09:45:00+00:00,1.34967,1.34992,1.34967,1.34989
2026-08-10 09:50:00+00:00,1.34984,1.34996,1.34969,1.34979
2026-08-10 09:55:00+00:00,1.34977,1.34993,1.34959,1.34963
2026-08-10 10:00:00+00:00,1.3497,1.3497,1.34931,1.34946
2026-08-10 10:05:00+00:00,1.34942,1.34965,1.34938,1.3496
2026-08-10 10:10:00+00:00,1.34952,1.34976,1.34952,1.34971
2026-08-10 10:15:00+00:00,1.3497,1.3497,1.34958,1.34962
2026-08-10 10:20:00+00:00,1.34958,1.34996,1.34954,1.3499
2026-08-10 10:25:00+00:00,1.34989,1.34989,1.34975,1.34975
2026-08-10 10:30:00+00:00,1.34976,1.34991,1.34956,1.34984
2026-08-10 10:35:00+00:00,1.34967,1.35007,1.34967,1.34992
2026-08-10 10:40:00+00:00,1.34988,1.35003,1.34986,1.34999
2026-08-10 10:45:00+00:00,1.34991,1.35013,1.34991,1.3501
2026-08-10 10:50:00+00:00,1.35005,1.3502,1.34991,1.35003
2026-08-10 10:55:00+00:00,1.35001,1.35009,1.34995,1.35008
2026-08-10 11:00:00+00:00,1.35005,1.35026,1.34991,1.35022
2026-08-10 11:05:00+00:00,1.3502,1.3502,1.35003,1.35003
2026-08-10 11:10:00+00:00,1.35003,1.35003,1.3497,1.34974
2026-08-10 11:15:00+00:00,1.3498,1.34992,1.34965,1.34992
2026-08-10 11:20:00+00:00,1.34987,1.35009,1.34984,1.34987
2026-08-10 11:25:00+00:00,1.3499,1.35001,1.34987,1.34996
2026-08-10 11:30:00+00:00,1.34995,1.34995,1.34976,1.34987
2026-08-10 11:35:00+00:00,1.34984,1.35024,1.34981,1.35021
2026-08-10 11:40:00+00:00,1.3501,1.35034,1.35007,1.35014
2026-08-10 11:45:00+00:00,1.35017,1.35017,1.34991,1.34992
2026-08-10 11:50:00+00:00,1.34994,1.34994,1.34982,1.34985
2026-08-10 11:55:00+00:00,1.34983,1.35,1.3498,1.34999
2026-08-10 12:00:00+00:00,1.34993,1.35012,1.34993,1.34994
2026-08-10 12:05:00+00:00,1.34996,1.35028,1.34978,1.35023
2026-08-10 12:10:00+00:00,1.35016,1.35038,1.3498,1.34983
2026-08-10 12:15:00+00:00,1.34986,1.34993,1.34964,1.34992
2026-08-10 12:20:00+00:00,1.34988,1.34988,1.34956,1.34976
2026-08-10 12:25:00+00:00,1.3497,1.3497,1.34933,1.34953
2026-08-10 12:30:00+00:00,1.34948,1.34957,1.34937,1.34941
2026-08-10 12:35:00+00:00,1.34948,1.34948,1.34922,1.3493
2026-08-10 12:40:00+00:00,1.34929,1.34955,1.34902,1.34953
2026-08-10 12:45:00+00:00,1.34947,1.34961,1.34922,1.34959
2026-08-10 12:50:00+00:00,1.34954,1.3496,1.34944,1.34955
2026-08-10 12:55:00+00:00,1.34952,1.34972,1.34943,1.34971
2026-08-10 13:00:00+00:00,1.34969,1.34975,1.34951,1.34974
2026-08-10 13:05:00+00:00,1.34971,1.34976,1.34956,1.34971
2026-08-10 13:10:00+00:00,1.34962,1.35028,1.34962,1.35025
2026-08-10 13:15:00+00:00,1.35021,1.35063,1.35014,1.35063
2026-08-10 13:20:00+00:00,1.35062,1.35068,1.35027,1.35029
2026-08-10 13:25:00+00:00,1.35032,1.35055,1.35022,1.35053
2026-08-10 13:30:00+00:00,1.35051,1.35051,1.35022,1.35047
2026-08-10 13:35:00+00:00,1.35037,1.35077,1.35026,1.35031
2026-08-10 13:40:00+00:00,1.35039,1.35044,1.3503,1.35031
2026-08-10 13:45:00+00:00,1.35034,1.3504,1.35022,1.35032
2026-08-10 13:50:00+00:00,1.35032,1.35039,1.34999,1.35018
2026-08-10 13:55:00+00:00,1.35012,1.35062,1.34995,1.35061
2026-08-10 14:00:00+00:00,1.35057,1.35092,1.35049,1.35087
2026-08-10 14:05:00+00:00,1.3508,1.35161,1.3508,1.35158
2026-08-10 14:10:00+00:00,1.35152,1.3518,1.35138,1.35168
2026-08-10 14:15:00+00:00,1.35149,1.35186,1.35133,1.35148
2026-08-10 14:20:00+00:00,1.35143,1.35154,1.35127,1.35129
2026-08-10 14:25:00+00:00,1.35135,1.35178,1.35135,1.35175
2026-08-10 14:30:00+00:00,1.35169,1.35185,1.35161,1.35163
2026-08-10 14:35:00+00:00,1.35164,1.35201,1.35161,1.352
2026-08-10 14:40:00+00:00,1.35196,1.35256,1.35172,1.3525
2026-08-10 14:45:00+00:00,1.35241,1.35302,1.35241,1.353
2026-08-10 14:50:00+00:00,1.35297,1.35312,1.35175,1.35215
2026-08-10 14:55:00+00:00,1.35209,1.35213,1.35201,1.35205
2026-08-10 15:00:00+00:00,1.35202,1.35204,1.35184,1.35197
2026-08-10 15:05:00+00:00,1.35195,1.35217,1.35152,1.35182
2026-08-10 15:10:00+00:00,1.35187,1.35213,1.35173,1.35212
2026-08-10 15:15:00+00:00,1.35204,1.35237,1.35204,1.35226
2026-08-10 15:20:00+00:00,1.35226,1.35269,1.35226,1.35267
2026-08-10 15:25:00+00:00,1.35263,1.35273,1.35184,1.35187
2026-08-10 15:30:00+00:00,1.35191,1.35231,1.35191,1.35217
2026-08-10 15:35:00+00:00,1.35217,1.3525,1.35217,1.35246
2026-08-10 15:40:00+00:00,1.35238,1.35266,1.35238,1.35261
2026-08-10 15:45:00+00:00,1.35255,1.35274,1.3525,1.35271
2026-08-10 15:50:00+00:00,1.35268,1.35268,1.35223,1.35232
2026-08-10 15:55:00+00:00,1.35249,1.35256,1.35214,1.35254
2026-08-10 16:00:00+00:00,1.3525,1.35266,1.35245,1.35249
2026-08-10 16:05:00+00:00,1.35254,1.35267,1.35232,1.35265
2026-08-10 16:10:00+00:00,1.35261,1.35261,1.3524,1.35244
2026-08-10 16:15:00+00:00,1.3525,1.3525,1.35205,1.35207
2026-08-10 16:20:00+00:00,1.35211,1.35216,1.35197,1.35198
2026-08-10 16:25:00+00:00,1.352,1.35228,1.3519,1.35226
2026-08-10 16:30:00+00:00,1.35222,1.35251,1.35195,1.35205
2026-08-10 16:35:00+00:00,1.35205,1.35227,1.35194,1.35222
2026-08-10 16:40:00+00:00,1.35221,1.35221,1.35173,1.35186
2026-08-10 16:45:00+00:00,1.35183,1.35198,1.35144,1.35147
2026-08-10 16:50:00+00:00,1.35152,1.3517,1.35141,1.35165
2026-08-10 16:55:00+00:00,1.35164,1.35164,1.35147,1.3515
2026-08-10 17:00:00+00:00,1.3515,1.3515,1.35131,1.35134
2026-08-10 17:05:00+00:00,1.35137,1.35137,1.35105,1.35109
2026-08-10 17:10:00+00:00,1.35107,1.35121,1.35103,1.35108
2026-08-10 17:15:00+00:00,1.35108,1.35119,1.35088,1.35089
2026-08-10 17:20:00+00:00,1.35092,1.35094,1.35075,1.3509
2026-08-10 17:25:00+00:00,1.35086,1.35108,1.35086,1.35104
2026-08-10 17:30:00+00:00,1.35102,1.35113,1.351,1.35112
2026-08-10 17:35:00+00:00,1.35109,1.35113,1.35097,1.35106
2026-08-10 17:40:00+00:00,1.35105,1.35109,1.35095,1.35096
2026-08-10 17:45:00+00:00,1.35098,1.35103,1.35056,1.35074
2026-08-10 17:50:00+00:00,1.3507,1.35085,1.35066,1.35069
2026-08-10 17:55:00+00:00,1.35074,1.35074,1.35064,1.35066
2026-08-10 18:00:00+00:00,1.35066,1.35079,1.35064,1.35065
2026-08-10 18:05:00+00:00,1.35068,1.35076,1.35068,1.35071
2026-08-10 18:10:00+00:00,1.35069,1.35086,1.35069,1.35085
2026-08-10 18:15:00+00:00,1.35083,1.3509,1.35075,1.35086
2026-08-10 18:20:00+00:00,1.35081,1.35091,1.35078,1.35078
2026-08-10 18:25:00+00:00,1.3508,1.3509,1.35077,1.35087
2026-08-10 18:30:00+00:00,1.35085,1.35113,1.35077,1.35099
2026-08-10 18:35:00+00:00,1.35099,1.35104,1.3508,1.35081
2026-08-10 18:40:00+00:00,1.35085,1.35119,1.35085,1.35117
2026-08-10 18:45:00+00:00,1.35114,1.3512,1.35108,1.35115
2026-08-10 18:50:00+00:00,1.35113,1.35113,1.3508,1.35087
2026-08-10 18:55:00+00:00,1.35085,1.35102,1.35075,1.35093
2026-08-10 19:00:00+00:00,1.35094,1.351,1.35073,1.35088
2026-08-10 19:05:00+00:00,1.35086,1.35086,1.35068,1.35072
2026-08-10 19:10:00+00:00,1.35069,1.35079,1.35066,1.35068
2026-08-10 19:15:00+00:00,1.35068,1.35085,1.35068,1.35069
2026-08-10 19:20:00+00:00,1.35071,1.35099,1.3507,1.35095
2026-08-10 19:25:00+00:00,1.35088,1.35101,1.35077,1.3508
2026-08-10 19:30:00+00:00,1.35078,1.35087,1.35064,1.35068
2026-08-10 19:35:00+00:00,1.35066,1.35079,1.35051,1.35076
2026-08-10 19:40:00+00:00,1.35074,1.35087,1.35065,1.35084
2026-08-10 19:45:00+00:00,1.35084,1.35088,1.35071,1.35085
2026-08-10 19:50:00+00:00,1.35082,1.35089,1.35077,1.35078
2026-08-10 19:55:00+00:00,1.35078,1.35089,1.35076,1.35077
2026-08-10 20:00:00+00:00,1.3508,1.35103,1.3508,1.35089
2026-08-10 20:05:00+00:00,1.3509,1.35106,1.35089,1.35091
2026-08-10 20:10:00+00:00,1.35091,1.35102,1.35091,1.351
2026-08-10 20:15:00+00:00,1.35097,1.35099,1.35075,1.35076
2026-08-10 20:20:00+00:00,1.35078,1.35085,1.35071,1.35072
2026-08-10 20:25:00+00:00,1.35073,1.3508,1.35066,1.35068
2026-08-10 20:30:00+00:00,1.3507,1.35074,1.35062,1.35069
2026-08-10 20:35:00+00:00,1.35067,1.3508,1.35067,1.3507
2026-08-10 20:40:00+00:00,1.35071,1.35085,1.35069,1.35084
2026-08-10 20:45:00+00:00,1.3508,1.35085,1.35073,1.35078
2026-08-10 20:50:00+00:00,1.35075,1.35079,1.35067,1.35074
2026-08-10 20:55:00+00:00,1.35073,1.3508,1.3506,1.35078
2026-08-10 21:00:00+00:00,1.35074,1.35077,1.35059,1.35064
2026-08-10 21:05:00+00:00,1.35071,1.35084,1.35051,1.35071
2026-08-10 21:10:00+00:00,1.35068,1.35077,1.35055,1.35073
2026-08-10 21:15:00+00:00,1.35072,1.35072,1.35058,1.35065
2026-08-10 21:20:00+00:00,1.35066,1.35074,1.35056,1.35068
2026-08-10 21:25:00+00:00,1.35067,1.3511,1.35065,1.35108
2026-08-10 21:30:00+00:00,1.35103,1.35103,1.35059,1.35064
2026-08-10 21:35:00+00:00,1.35071,1.35082,1.35048,1.35079
2026-08-10 21:40:00+00:00,1.35075,1.35079,1.35071,1.35076
2026-08-10 21:45:00+00:00,1.35075,1.35075,1.35064,1.35072
2026-08-10 21:50:00+00:00,1.35069,1.35078,1.35058,1.35071
2026-08-10 21:55:00+00:00,1.35068,1.35074,1.35063,1.35063
2026-08-10 22:00:00+00:00,1.35066,1.35087,1.35066,1.35078
2026-08-10 22:05:00+00:00,1.35078,1.35084,1.3507,1.35076
2026-08-10 22:10:00+00:00,1.35073,1.35084,1.3507,1.35081
2026-08-10 22:15:00+00:00,1.35079,1.35083,1.35076,1.35076
2026-08-10 22:20:00+00:00,1.35077,1.35081,1.35068,1.35073
2026-08-10 22:25:00+00:00,1.35071,1.35075,1.35069,1.35073
2026-08-10 22:30:00+00:00,1.35071,1.35079,1.35067,1.35077
2026-08-10 22:35:00+00:00,1.35073,1.35084,1.35071,1.35081
2026-08-10 22:40:00+00:00,1.35076,1.35087,1.35076,1.35081
2026-08-10 22:45:00+00:00,1.35079,1.35094,1.35079,1.35093
2026-08-10 22:50:00+00:00,1.3509,1.35094,1.35087,1.35092
2026-08-10 22:55:00+00:00,1.35089,1.35094,1.35089,1.35093
2026-08-10 23:00:00+00:00,1.35092,1.35099,1.35086,1.35091
2026-08-10 23:05:00+00:00,1.35089,1.3509,1.35083,1.35089
2026-08-10 23:10:00+00:00,1.35086,1.35089,1.35079,1.35088
2026-08-10 23:15:00+00:00,1.35086,1.35086,1.35077,1.35078
2026-08-10 23:20:00+00:00,1.35078,1.35089,1.35078,1.35082
2026-08-10 23:25:00+00:00,1.35083,1.35087,1.35077,1.35078
2026-08-10 23:30:00+00:00,1.35079,1.35083,1.35069,1.3507
2026-08-10 23:35:00+00:00,1.35072,1.35086,1.3507,1.35079
2026-08-10 23:40:00+00:00,1.3508,1.35086,1.35072,1.35077
2026-08-10 23:45:00+00:00,1.35075,1.35093,1.35071,1.35092
2026-08-10 23:50:00+00:00,1.35088,1.35098,1.35085,1.35092
2026-08-10 23:55:00+00:00,1.35089,1.35118,1.35086,1.35115
2026-08-11 00:00:00+00:00,1.3511,1.35119,1.3511,1.35115
2026-08-11 00:05:00+00:00,1.35112,1.35123,1.35112,1.35122
2026-08-11 00:10:00+00:00,1.35118,1.35131,1.35118,1.35118
2026-08-11 00:15:00+00:00,1.3512,1.35125,1.35119,1.3512
2026-08-11 00:20:00+00:00,1.35121,1.3513,1.35117,1.35119
2026-08-11 00:25:00+00:00,1.3512,1.35132,1.35116,1.35131
2026-08-11 00:30:00+00:00,1.35127,1.35138,1.35126,1.35128
2026-08-11 00:35:00+00:00,1.35128,1.35132,1.35123,1.35128
2026-08-11 00:40:00+00:00,1.35127,1.3515,1.35122,1.35147
2026-08-11 00:45:00+00:00,1.35145,1.3515,1.35131,1.35132
2026-08-11 00:50:00+00:00,1.35133,1.35136,1.35122,1.35135
2026-08-11 00:55:00+00:00,1.35132,1.35136,1.35117,1.35117
2026-08-11 01:00:00+00:00,1.35118,1.35121,1.35067,1.35071
2026-08-11 01:05:00+00:00,1.35076,1.35104,1.35066,1.35101
2026-08-11 01:10:00+00:00,1.35091,1.35118,1.35091,1.35095
2026-08-11 01:15:00+00:00,1.35103,1.35131,1.35103,1.35129
2026-08-11 01:20:00+00:00,1.35128,1.35143,1.35126,1.35141
2026-08-11 01:25:00+00:00,1.35136,1.35136,1.35122,1.3513
2026-08-11 01:30:00+00:00,1.35125,1.35155,1.35125,1.35152
2026-08-11 01:35:00+00:00,1.35146,1.35153,1.35135,1.35137
2026-08-11 01:40:00+00:00,1.35139,1.35139,1.35109,1.35123
2026-08-11 01:45:00+00:00,1.35119,1.35132,1.35108,1.35131
2026-08-11 01:50:00+00:00,1.35126,1.35144,1.35126,1.3514
2026-08-11 01:55:00+00:00,1.35136,1.3514,1.35117,1.35118
2026-08-11 02:00:00+00:00,1.3512,1.3512,1.35099,1.35108
2026-08-11 02:05:00+00:00,1.35105,1.35115,1.35092,1.35097
2026-08-11 02:10:00+00:00,1.351,1.35104,1.35092,1.35101
2026-08-11 02:15:00+00:00,1.35095,1.35111,1.35088,1.3509
2026-08-11 02:20:00+00:00,1.35091,1.35092,1.35062,1.35065
2026-08-11 02:25:00+00:00,1.35067,1.35085,1.35065,1.35084
2026-08-11 02:30:00+00:00,1.35083,1.35083,1.35062,1.35064
2026-08-11 02:35:00+00:00,1.35071,1.35084,1.35071,1.35072
2026-08-11 02:40:00+00:00,1.35073,1.35083,1.35068,1.3508
2026-08-11 02:45:00+00:00,1.35077,1.35082,1.35058,1.35061
2026-08-11 02:50:00+00:00,1.35061,1.35066,1.35049,1.35049
2026-08-11 02:55:00+00:00,1.3505,1.35053,1.35037,1.35048
2026-08-11 03:00:00+00:00,1.35045,1.35063,1.35043,1.3506
2026-08-11 03:05:00+00:00,1.35058,1.35083,1.35052,1.3508
2026-08-11 03:10:00+00:00,1.35078,1.35092,1.35074,1.35089
2026-08-11 03:15:00+00:00,1.35084,1.35095,1.35084,1.35093
2026-08-11 03:20:00+00:00,1.35089,1.35099,1.35086,1.35091
2026-08-11 03:25:00+00:00,1.35088,1.35123,1.35088,1.35122
2026-08-11 03:30:00+00:00,1.35118,1.35131,1.35118,1.35126
2026-08-11 03:35:00+00:00,1.35127,1.35132,1.35122,1.35128
2026-08-11 03:40:00+00:00,1.35126,1.35126,1.35112,1.35117
2026-08-11 03:45:00+00:00,1.35115,1.35115,1.35102,1.3511
2026-08-11 03:50:00+00:00,1.35108,1.3511,1.35094,1.35095
2026-08-11 03:55:00+00:00,1.351,1.35115,1.351,1.35103
2026-08-11 04:00:00+00:00,1.35105,1.35118,1.351,1.35116
2026-08-11 04:05:00+00:00,1.35113,1.35121,1.35106,1.35119
2026-08-11 04:10:00+00:00,1.35117,1.35122,1.35108,1.35109
2026-08-11 04:15:00+00:00,1.35113,1.3513,1.35107,1.3512
2026-08-11 04:20:00+00:00,1.35121,1.35122,1.35115,1.3512
2026-08-11 04:25:00+00:00,1.35117,1.3513,1.35115,1.35127
2026-08-11 04:30:00+00:00,1.35121,1.35134,1.35115,1.35116
2026-08-11 04:35:00+00:00,1.35119,1.3512,1.35099,1.351
2026-08-11 04:40:00+00:00,1.35101,1.35103,1.35084,1.35094
2026-08-11 04:45:00+00:00,1.35091,1.35116,1.35086,1.35088
2026-08-11 04:50:00+00:00,1.35091,1.35099,1.35072,1.35094
2026-08-11 04:55:00+00:00,1.35086,1.35116,1.35086,1.35111
2026-08-11 05:00:00+00:00,1.3511,1.35117,1.35106,1.35109
2026-08-11 05:05:00+00:00,1.35106,1.3511,1.35097,1.35103
2026-08-11 05:10:00+00:00,1.35099,1.35105,1.35086,1.35088
2026-08-11 05:15:00+00:00,1.35088,1.35095,1.35085,1.35091
2026-08-11 05:20:00+00:00,1.35089,1.35093,1.35075,1.35092
2026-08-11 05:25:00+00:00,1.35088,1.35098,1.35079,1.35085
2026-08-11 05:30:00+00:00,1.35083,1.35103,1.3508,1.35099
2026-08-11 05:35:00+00:00,1.35092,1.35124,1.35092,1.35122
2026-08-11 05:40:00+00:00,1.35117,1.35142,1.35117,1.35141
2026-08-11 05:45:00+00:00,1.35138,1.35144,1.35121,1.35126
2026-08-11 05:50:00+00:00,1.35126,1.3513,1.35108,1.3511
2026-08-11 05:55:00+00:00,1.35113,1.35129,1.35106,1.35126
2026-08-11 06:00:00+00:00,1.35122,1.35156,1.35121,1.35155
2026-08-11 06:05:00+00:00,1.35154,1.35154,1.35133,1.35134
2026-08-11 06:10:00+00:00,1.35138,1.3515,1.35135,1.35149
2026-08-11 06:15:00+00:00,1.35147,1.35147,1.35098,1.35106
2026-08-11 06:20:00+00:00,1.35121,1.35121,1.35048,1.35054
2026-08-11 06:25:00+00:00,1.35049,1.35075,1.3504,1.35074
2026-08-11 06:30:00+00:00,1.35071,1.35071,1.35034,1.35036
2026-08-11 06:35:00+00:00,1.35038,1.3507,1.35024,1.35067
2026-08-11 06:40:00+00:00,1.35058,1.35088,1.35058,1.35072
2026-08-11 06:45:00+00:00,1.35075,1.35075,1.3505,1.35056
2026-08-11 06:50:00+00:00,1.35057,1.35066,1.35039,1.35041
2026-08-11 06:55:00+00:00,1.35043,1.35052,1.35027,1.35049
2026-08-11 07:00:00+00:00,1.35045,1.3508,1.35038,1.35063
2026-08-11 07:05:00+00:00,1.35066,1.35082,1.35053,1.35063
2026-08-11 07:10:00+00:00,1.35069,1.35086,1.35051,1.35063
2026-08-11 07:15:00+00:00,1.35061,1.35063,1.35031,1.35046
2026-08-11 07:20:00+00:00,1.35044,1.35045,1.34997,1.35002
2026-08-11 07:25:00+00:00,1.35009,1.35021,1.34991,1.3501
2026-08-11 07:30:00+00:00,1.35012,1.35027,1.35012,1.35014
2026-08-11 07:35:00+00:00,1.35015,1.35029,1.34996,1.35002
2026-08-11 07:40:00+00:00,1.35011,1.35011,1.34956,1.34957
2026-08-11 07:45:00+00:00,1.34957,1.34993,1.34957,1.3499
2026-08-11 07:50:00+00:00,1.34984,1.34996,1.34984,1.34994
2026-08-11 07:55:00+00:00,1.34992,1.34997,1.34967,1.3497
2026-08-11 08:00:00+00:00,1.34975,1.34977,1.34966,1.34976
2026-08-11 08:05:00+00:00,1.34972,1.35002,1.34954,1.34995
2026-08-11 08:10:00+00:00,1.34984,1.35002,1.34978,1.34979
2026-08-11 08:15:00+00:00,1.34982,1.3502,1.34982,1.35017
2026-08-11 08:20:00+00:00,1.35014,1.35019,1.35004,1.35017
2026-08-11 08:25:00+00:00,1.35011,1.35021,1.35005,1.35006
2026-08-11 08:30:00+00:00,1.35011,1.35055,1.35011,1.35051
2026-08-11 08:35:00+00:00,1.35043,1.35058,1.35034,1.35057
2026-08-11 08:40:00+00:00,1.35051,1.35088,1.35051,1.35084
2026-08-11 08:45:00+00:00,1.35083,1.35083,1.35053,1.3507
2026-08-11 08:50:00+00:00,1.35064,1.35073,1.35029,1.35033
2026-08-11 08:55:00+00:00,1.3504,1.35044,1.35022,1.35043
2026-08-11 09:00:00+00:00,1.3504,1.35051,1.35024,1.35026
2026-08-11 09:05:00+00:00,1.35029,1.35034,1.35015,1.35015
2026-08-11 09:10:00+00:00,1.35016,1.35022,1.35005,1.35009
2026-08-11 09:15:00+00:00,1.35015,1.35015,1.34994,1.35003
2026-08-11 09:20:00+00:00,1.34999,1.35017,1.34999,1.35007
2026-08-11 09:25:00+00:00,1.35008,1.35012,1.34993,1.35007
2026-08-11 09:30:00+00:00,1.35001,1.35026,1.35001,1.35025
2026-08-11 09:35:00+00:00,1.35022,1.35023,1.35006,1.35021
2026-08-11 09:40:00+00:00,1.35017,1.35027,1.34996,1.35024
2026-08-11 09:45:00+00:00,1.35018,1.35054,1.35018,1.3505
2026-08-11 09:50:00+00:00,1.35045,1.35054,1.3504,1.35041
2026-08-11 09:55:00+00:00,1.35041,1.35051,1.35039,1.35049
2026-08-11 10:00:00+00:00,1.35046,1.35047,1.3501,1.35012
2026-08-11 10:05:00+00:00,1.35014,1.35049,1.35014,1.35044
2026-08-11 10:10:00+00:00,1.35044,1.35046,1.35018,1.3502
2026-08-11 10:15:00+00:00,1.35024,1.35024,1.3499,1.34994
2026-08-11 10:20:00+00:00,1.34999,1.35006,1.34974,1.35004
2026-08-11 10:25:00+00:00,1.35001,1.35024,1.34998,1.35023
2026-08-11 10:30:00+00:00,1.3502,1.35022,1.34998,1.35009
2026-08-11 10:35:00+00:00,1.35012,1.35029,1.35012,1.35028
2026-08-11 10:40:00+00:00,1.35024,1.35032,1.35019,1.35021
2026-08-11 10:45:00+00:00,1.35023,1.35023,1.35007,1.35008
2026-08-11 10:50:00+00:00,1.35009,1.35009,1.34978,1.3498
2026-08-11 10:55:00+00:00,1.34981,1.34982,1.34973,1.3498
2026-08-11 11:00:00+00:00,1.34976,1.35054,1.34974,1.35049
2026-08-11 11:05:00+00:00,1.3504,1.35057,1.35011,1.35011
2026-08-11 11:10:00+00:00,1.35012,1.35015,1.34982,1.35013
2026-08-11 11:15:00+00:00,1.35007,1.35007,1.34989,1.34991
2026-08-11 11:20:00+00:00,1.34992,1.34996,1.34981,1.34992
2026-08-11 11:25:00+00:00,1.34986,1.35018,1.34986,1.35017
2026-08-11 11:30:00+00:00,1.35015,1.35018,1.34991,1.34996
2026-08-11 11:35:00+00:00,1.34994,1.35009,1.34986,1.34988
2026-08-11 11:40:00+00:00,1.34988,1.34998,1.34981,1.34985
2026-08-11 11:45:00+00:00,1.34987,1.34987,1.34957,1.3496
2026-08-11 11:50:00+00:00,1.34966,1.3498,1.34937,1.34975
2026-08-11 11:55:00+00:00,1.34965,1.34965,1.34938,1.34949
2026-08-11 12:00:00+00:00,1.34948,1.3495,1.34928,1.34948
2026-08-11 12:05:00+00:00,1.34943,1.35002,1.34936,1.34996
2026-08-11 12:10:00+00:00,1.34989,1.35004,1.34961,1.34965
2026-08-11 12:15:00+00:00,1.34971,1.34971,1.34953,1.34955
2026-08-11 12:20:00+00:00,1.34954,1.35006,1.34938,1.34942
2026-08-11 12:25:00+00:00,1.3495,1.34971,1.34938,1.34964
2026-08-11 12:30:00+00:00,1.34964,1.35031,1.34963,1.35027
2026-08-11 12:35:00+00:00,1.3502,1.3502,1.34982,1.34992
2026-08-11 12:40:00+00:00,1.3499,1.3499,1.34961,1.34972
2026-08-11 12:45:00+00:00,1.34974,1.34999,1.34974,1.34981
2026-08-11 12:50:00+00:00,1.34983,1.34991,1.34973,1.34988
2026-08-11 12:55:00+00:00,1.34985,1.35011,1.34981,1.35006
2026-08-11 13:00:00+00:00,1.35005,1.35037,1.34993,1.35017
2026-08-11 13:05:00+00:00,1.35019,1.35019,1.34998,1.34999
2026-08-11 13:10:00+00:00,1.35001,1.3503,1.34999,1.35005
2026-08-11 13:15:00+00:00,1.35017,1.35017,1.34986,1.34997
2026-08-11 13:20:00+00:00,1.35002,1.35015,1.34987,1.35006
2026-08-11 13:25:00+00:00,1.35008,1.3502,1.35008,1.3501
2026-08-11 13:30:00+00:00,1.35011,1.35017,1.3497,1.34994
2026-08-11 13:35:00+00:00,1.34989,1.35033,1.34989,1.35032
2026-08-11 13:40:00+00:00,1.35029,1.35045,1.35018,1.35039
2026-08-11 13:45:00+00:00,1.35031,1.35062,1.35031,1.35057
2026-08-11 13:50:00+00:00,1.35056,1.3506,1.3504,1.35053
2026-08-11 13:55:00+00:00,1.35052,1.35052,1.35028,1.3503
2026-08-11 14:00:00+00:00,1.35033,1.35033,1.34995,1.35004
2026-08-11 14:05:00+00:00,1.35,1.35029,1.34999,1.35027
2026-08-11 14:10:00+00:00,1.35025,1.35025,1.34995,1.35015
2026-08-11 14:15:00+00:00,1.35011,1.35048,1.35006,1.35047
2026-08-11 14:20:00+00:00,1.35043,1.35061,1.35024,1.35026
2026-08-11 14:25:00+00:00,1.35031,1.35047,1.35029,1.35033
2026-08-11 14:30:00+00:00,1.3504,1.35054,1.35022,1.35052
2026-08-11 14:35:00+00:00,1.35047,1.35079,1.35047,1.35065
2026-08-11 14:40:00+00:00,1.3507,1.3509,1.35045,1.35086
2026-08-11 14:45:00+00:00,1.3508,1.35096,1.3507,1.35074
2026-08-11 14:50:00+00:00,1.35079,1.35101,1.35055,1.35099
2026-08-11 14:55:00+00:00,1.35096,1.35097,1.35069,1.35076
2026-08-11 15:00:00+00:00,1.35076,1.35098,1.35073,1.35092
2026-08-11 15:05:00+00:00,1.35084,1.35099,1.35071,1.35074
2026-08-11 15:10:00+00:00,1.35074,1.35084,1.35041,1.35045
2026-08-11 15:15:00+00:00,1.35049,1.35049,1.35026,1.35033
2026-08-11 15:20:00+00:00,1.35032,1.35082,1.35027,1.35078
2026-08-11 15:25:00+00:00,1.35071,1.351,1.35067,1.35094
2026-08-11 15:30:00+00:00,1.35094,1.35126,1.35086,1.35121
2026-08-11 15:35:00+00:00,1.35113,1.35113,1.35079,1.35083
2026-08-11 15:40:00+00:00,1.35084,1.35084,1.3504,1.35042
2026-08-11 15:45:00+00:00,1.35047,1.35073,1.35047,1.3507
2026-08-11 15:50:00+00:00,1.35068,1.35071,1.35053,1.3506
2026-08-11 15:55:00+00:00,1.35054,1.3513,1.35048,1.35124
2026-08-11 16:00:00+00:00,1.35112,1.35144,1.35112,1.35124
2026-08-11 16:05:00+00:00,1.35124,1.35141,1.35088,1.35094
2026-08-11 16:10:00+00:00,1.3509,1.35104,1.3508,1.35083
2026-08-11 16:15:00+00:00,1.35085,1.35085,1.35068,1.35069
2026-08-11 16:20:00+00:00,1.35069,1.35074,1.35057,1.35064
2026-08-11 16:25:00+00:00,1.35067,1.35079,1.35067,1.35074
2026-08-11 16:30:00+00:00,1.35072,1.35074,1.35055,1.35057
2026-08-11 16:35:00+00:00,1.35059,1.35061,1.35046,1.35049
2026-08-11 16:40:00+00:00,1.35049,1.35059,1.35046,1.35051
2026-08-11 16:45:00+00:00,1.35051,1.35058,1.35042,1.35053
2026-08-11 16:50:00+00:00,1.35047,1.35075,1.35047,1.3506
2026-08-11 16:55:00+00:00,1.35067,1.35068,1.35051,1.35067
2026-08-11 17:00:00+00:00,1.35064,1.35064,1.35049,1.3505
2026-08-11 17:05:00+00:00,1.35052,1.3506,1.3501,1.35014
2026-08-11 17:10:00+00:00,1.3502,1.3502,1.34987,1.34993
2026-08-11 17:15:00+00:00,1.3499,1.35001,1.34973,1.35
2026-08-11 17:20:00+00:00,1.34997,1.35012,1.34996,1.35002
2026-08-11 17:25:00+00:00,1.35002,1.35013,1.34978,1.3498
2026-08-11 17:30:00+00:00,1.3498,1.34993,1.3498,1.34992
2026-08-11 17:35:00+00:00,1.34989,1.35003,1.34976,1.34999
2026-08-11 17:40:00+00:00,1.34992,1.35028,1.34992,1.35026
2026-08-11 17:45:00+00:00,1.35023,1.35045,1.35023,1.35042
2026-08-11 17:50:00+00:00,1.35039,1.35045,1.35031,1.3504
2026-08-11 17:55:00+00:00,1.35038,1.35038,1.35013,1.35027
2026-08-11 18:00:00+00:00,1.35023,1.35025,1.35004,1.35005
2026-08-11 18:05:00+00:00,1.35008,1.35014,1.3499,1.35
2026-08-11 18:10:00+00:00,1.34998,1.34998,1.34991,1.34995
2026-08-11 18:15:00+00:00,1.34992,1.35003,1.34969,1.34973
2026-08-11 18:20:00+00:00,1.34975,1.34982,1.34975,1.34976
2026-08-11 18:25:00+00:00,1.34976,1.34988,1.34969,1.34985
2026-08-11 18:30:00+00:00,1.34982,1.35003,1.34973,1.35001
2026-08-11 18:35:00+00:00,1.34993,1.35022,1.34993,1.35018
2026-08-11 18:40:00+00:00,1.35013,1.35031,1.35009,1.35027
2026-08-11 18:45:00+00:00,1.3502,1.35041,1.3502,1.35036
2026-08-11 18:50:00+00:00,1.35033,1.35037,1.35014,1.35016
2026-08-11 18:55:00+00:00,1.35017,1.35036,1.35011,1.35023
2026-08-11 19:00:00+00:00,1.35027,1.35047,1.35027,1.35041
2026-08-11 19:05:00+00:00,1.35042,1.35049,1.35027,1.35046
2026-08-11 19:10:00+00:00,1.35043,1.35055,1.35038,1.35053
2026-08-11 19:15:00+00:00,1.35045,1.35058,1.35036,1.35037
2026-08-11 19:20:00+00:00,1.35037,1.35045,1.35029,1.35044
2026-08-11 19:25:00+00:00,1.35043,1.35064,1.3504,1.35061
2026-08-11 19:30:00+00:00,1.35058,1.35064,1.35056,1.35063
2026-08-11 19:35:00+00:00,1.35062,1.35066,1.35053,1.35063
2026-08-11 19:40:00+00:00,1.35059,1.35072,1.35057,1.35058
2026-08-11 19:45:00+00:00,1.35059,1.35068,1.35056,1.35065
2026-08-11 19:50:00+00:00,1.35061,1.35077,1.35061,1.35076
2026-08-11 19:55:00+00:00,1.35074,1.3509,1.35066,1.35076
2026-08-11 20:00:00+00:00,1.35078,1.35095,1.35078,1.3509
2026-08-11 20:05:00+00:00,1.35089,1.35094,1.35084,1.35091
2026-08-11 20:10:00+00:00,1.35088,1.35093,1.35073,1.35078
2026-08-11 20:15:00+00:00,1.35076,1.35077,1.35067,1.35067
2026-08-11 20:20:00+00:00,1.3507,1.35075,1.35066,1.3507
2026-08-11 20:25:00+00:00,1.35068,1.35072,1.35053,1.35055
2026-08-11 20:30:00+00:00,1.35058,1.35058,1.35045,1.35047
2026-08-11 20:35:00+00:00,1.35046,1.35058,1.3504,1.35056
2026-08-11 20:40:00+00:00,1.35052,1.35055,1.35046,1.35047
2026-08-11 20:45:00+00:00,1.35046,1.35065,1.35045,1.35063
2026-08-11 20:50:00+00:00,1.35055,1.35087,1.35055,1.35082
2026-08-11 20:55:00+00:00,1.35081,1.35086,1.35068,1.35084
2026-08-11 21:00:00+00:00,1.3508,1.35088,1.35062,1.35066
2026-08-11 21:05:00+00:00,1.35065,1.35077,1.35043,1.35053
2026-08-11 21:10:00+00:00,1.35051,1.35063,1.35031,1.35051
2026-08-11 21:15:00+00:00,1.35053,1.3506,1.35042,1.35051
2026-08-11 21:20:00+00:00,1.35053,1.35058,1.35048,1.35049
2026-08-11 21:25:00+00:00,1.3505,1.35059,1.35045,1.35057
2026-08-11 21:30:00+00:00,1.35054,1.35064,1.35052,1.35061
2026-08-11 21:35:00+00:00,1.35055,1.35062,1.35054,1.35055
2026-08-11 21:40:00+00:00,1.35056,1.35062,1.35053,1.3506
2026-08-11 21:45:00+00:00,1.35057,1.35065,1.35053,1.35063
2026-08-11 21:50:00+00:00,1.3506,1.35065,1.35049,1.3506
2026-08-11 21:55:00+00:00,1.35059,1.35079,1.35053,1.35074
2026-08-11 22:00:00+00:00,1.35067,1.35083,1.35067,1.3508
2026-08-11 22:05:00+00:00,1.35078,1.35085,1.35069,1.35081
2026-08-11 22:10:00+00:00,1.35077,1.35102,1.35076,1.35101
2026-08-11 22:15:00+00:00,1.35097,1.35106,1.35096,1.35099
2026-08-11 22:20:00+00:00,1.351,1.35106,1.35096,1.35102
2026-08-11 22:25:00+00:00,1.351,1.35105,1.351,1.35104
2026-08-11 22:30:00+00:00,1.351,1.35112,1.35098,1.35099
2026-08-11 22:35:00+00:00,1.351,1.35103,1.35095,1.35095
2026-08-11 22:40:00+00:00,1.35096,1.35102,1.35089,1.35098
2026-08-11 22:45:00+00:00,1.35096,1.35098,1.35089,1.35097
2026-08-11 22:50:00+00:00,1.35093,1.35107,1.35093,1.35104
2026-08-11 22:55:00+00:00,1.351,1.35109,1.35094,1.35095
2026-08-11 23:00:00+00:00,1.35099,1.35109,1.35093,1.35103
2026-08-11 23:05:00+00:00,1.35101,1.35112,1.35097,1.35111
2026-08-11 23:10:00+00:00,1.35108,1.35115,1.35106,1.35106
2026-08-11 23:15:00+00:00,1.35107,1.35107,1.35089,1.3509
2026-08-11 23:20:00+00:00,1.35092,1.35097,1.35089,1.35094
2026-08-11 23:25:00+00:00,1.3509,1.35105,1.3509,1.35104
2026-08-11 23:30:00+00:00,1.35101,1.35101,1.35083,1.35084
2026-08-11 23:35:00+00:00,1.35084,1.35094,1.3508,1.35088
2026-08-11 23:40:00+00:00,1.35089,1.35097,1.35086,1.35093
2026-08-11 23:45:00+00:00,1.35091,1.35091,1.35079,1.35087
2026-08-11 23:50:00+00:00,1.35085,1.3509,1.35079,1.3508
2026-08-11 23:55:00+00:00,1.35082,1.351,1.35082,1.35087
2026-08-12 00:00:00+00:00,1.35091,1.3511,1.35083,1.35106
2026-08-12 00:05:00+00:00,1.35104,1.35109,1.35093,1.35107
2026-08-12 00:10:00+00:00,1.35101,1.35114,1.35101,1.35107
2026-08-12 00:15:00+00:00,1.35107,1.35113,1.35099,1.351
2026-08-12 00:20:00+00:00,1.35103,1.35117,1.35103,1.35113
2026-08-12 00:25:00+00:00,1.3511,1.35117,1.35104,1.35113
2026-08-12 00:30:00+00:00,1.35111,1.35115,1.35099,1.35113
2026-08-12 00:35:00+00:00,1.35109,1.35111,1.35091,1.35104
2026-08-12 00:40:00+00:00,1.351,1.35111,1.35096,1.351
2026-08-12 00:45:00+00:00,1.35098,1.35103,1.35088,1.35092
2026-08-12 00:50:00+00:00,1.3509,1.3509,1.35069,1.3507
2026-08-12 00:55:00+00:00,1.35072,1.35089,1.35069,1.35088
2026-08-12 01:00:00+00:00,1.35086,1.35086,1.35049,1.35051
2026-08-12 01:05:00+00:00,1.35053,1.35058,1.35049,1.3505
2026-08-12 01:10:00+00:00,1.3505,1.35056,1.35032,1.35033
2026-08-12 01:15:00+00:00,1.35036,1.35045,1.35027,1.35029
2026-08-12 01:20:00+00:00,1.35033,1.35056,1.35033,1.35053
2026-08-12 01:25:00+00:00,1.3505,1.35056,1.35037,1.35049
2026-08-12 01:30:00+00:00,1.35047,1.35062,1.35042,1.35051
2026-08-12 01:35:00+00:00,1.35052,1.35055,1.3504,1.35053
2026-08-12 01:40:00+00:00,1.35048,1.35065,1.35048,1.35062
2026-08-12 01:45:00+00:00,1.35059,1.35089,1.35059,1.35089
2026-08-12 01:50:00+00:00,1.35086,1.35094,1.35069,1.3507
2026-08-12 01:55:00+00:00,1.35073,1.35076,1.35055,1.3506
2026-08-12 02:00:00+00:00,1.35059,1.35064,1.35043,1.35045
2026-08-12 02:05:00+00:00,1.35046,1.3505,1.35042,1.35049
2026-08-12 02:10:00+00:00,1.35046,1.35056,1.35046,1.35046
2026-08-12 02:15:00+00:00,1.35047,1.35049,1.35024,1.35025
2026-08-12 02:20:00+00:00,1.35025,1.35039,1.3502,1.35036
2026-08-12 02:25:00+00:00,1.35034,1.3505,1.3503,1.35049
2026-08-12 02:30:00+00:00,1.35046,1.35072,1.35046,1.35068
2026-08-12 02:35:00+00:00,1.35064,1.35076,1.35055,1.35074
2026-08-12 02:40:00+00:00,1.35072,1.35074,1.35056,1.35072
2026-08-12 02:45:00+00:00,1.35069,1.35078,1.35067,1.35069
2026-08-12 02:50:00+00:00,1.35068,1.35072,1.35065,1.35066
2026-08-12 02:55:00+00:00,1.35067,1.35073,1.35062,1.35063
2026-08-12 03:00:00+00:00,1.35063,1.35077,1.3506,1.35075
2026-08-12 03:05:00+00:00,1.3507,1.35078,1.35058,1.35076
2026-08-12 03:10:00+00:00,1.3507,1.35085,1.3507,1.35076
2026-08-12 03:15:00+00:00,1.35078,1.35083,1.35066,1.35071
2026-08-12 03:20:00+00:00,1.35069,1.35082,1.35066,1.3508
2026-08-12 03:25:00+00:00,1.35077,1.35082,1.35072,1.35079
2026-08-12 03:30:00+00:00,1.35077,1.35078,1.3507,1.35071
2026-08-12 03:35:00+00:00,1.35073,1.35084,1.35071,1.35072
2026-08-12 03:40:00+00:00,1.35073,1.35073,1.35058,1.35061
2026-08-12 03:45:00+00:00,1.35063,1.35067,1.35058,1.35065
2026-08-12 03:50:00+00:00,1.35064,1.3507,1.35058,1.35059
2026-08-12 03:55:00+00:00,1.3506,1.35062,1.35051,1.35054
2026-08-12 04:00:00+00:00,1.35053,1.35061,1.35053,1.35059
2026-08-12 04:05:00+00:00,1.35053,1.35069,1.35053,1.35062
2026-08-12 04:10:00+00:00,1.35062,1.35063,1.35048,1.35048
2026-08-12 04:15:00+00:00,1.3505,1.35052,1.35037,1.35042
2026-08-12 04:20:00+00:00,1.3504,1.35053,1.35038,1.35052
2026-08-12 04:25:00+00:00,1.35049,1.35057,1.35047,1.35048
2026-08-12 04:30:00+00:00,1.35048,1.35059,1.35047,1.35057
2026-08-12 04:35:00+00:00,1.35053,1.35062,1.35052,1.35057
2026-08-12 04:40:00+00:00,1.35055,1.35074,1.35055,1.35073
2026-08-12 04:45:00+00:00,1.3507,1.35077,1.35065,1.35076
2026-08-12 04:50:00+00:00,1.35073,1.35075,1.35066,1.35066
2026-08-12 04:55:00+00:00,1.35067,1.3508,1.3506,1.35076
2026-08-12 05:00:00+00:00,1.35074,1.35074,1.35062,1.35066
2026-08-12 05:05:00+00:00,1.35062,1.35068,1.35051,1.35061
2026-08-12 05:10:00+00:00,1.35058,1.35066,1.35058,1.35058
2026-08-12 05:15:00+00:00,1.3506,1.35066,1.35053,1.35059
2026-08-12 05:20:00+00:00,1.35057,1.35062,1.35043,1.35046
2026-08-12 05:25:00+00:00,1.35049,1.35049,1.35027,1.35039
2026-08-12 05:30:00+00:00,1.35034,1.35055,1.35034,1.35047
2026-08-12 05:35:00+00:00,1.35048,1.35048,1.35037,1.35045
2026-08-12 05:40:00+00:00,1.3504,1.35053,1.3504,1.35046
2026-08-12 05:45:00+00:00,1.35047,1.35049,1.35038,1.35043
2026-08-12 05:50:00+00:00,1.3504,1.35052,1.35038,1.35048
2026-08-12 05:55:00+00:00,1.35042,1.35065,1.35042,1.35057
2026-08-12 06:00:00+00:00,1.35054,1.3507,1.35051,1.35053
2026-08-12 06:05:00+00:00,1.35054,1.35061,1.35051,1.35054
2026-08-12 06:10:00+00:00,1.35054,1.35066,1.35051,1.35065
2026-08-12 06:15:00+00:00,1.35064,1.35069,1.35058,1.35065
2026-08-12 06:20:00+00:00,1.35063,1.35066,1.35056,1.35065
2026-08-12 06:25:00+00:00,1.35063,1.35063,1.35047,1.35048
2026-08-12 06:30:00+00:00,1.35048,1.35063,1.35031,1.35058
2026-08-12 06:35:00+00:00,1.35052,1.35072,1.35052,1.3507
2026-08-12 06:40:00+00:00,1.35067,1.35075,1.35058,1.35074
2026-08-12 06:45:00+00:00,1.3507,1.35078,1.35057,1.35061
2026-08-12 06:50:00+00:00,1.35062,1.35065,1.35053,1.35053
2026-08-12 06:55:00+00:00,1.35054,1.35082,1.35048,1.3508
2026-08-12 07:00:00+00:00,1.35073,1.35101,1.35073,1.351
2026-08-12 07:05:00+00:00,1.35098,1.35111,1.3508,1.3511
2026-08-12 07:10:00+00:00,1.35107,1.35115,1.351,1.35109
2026-08-12 07:15:00+00:00,1.3511,1.35117,1.35102,1.35112
2026-08-12 07:20:00+00:00,1.35109,1.35121,1.35097,1.35102
2026-08-12 07:25:00+00:00,1.35098,1.35111,1.35094,1.35109
2026-08-12 07:30:00+00:00,1.35106,1.35108,1.35096,1.35097
2026-08-12 07:35:00+00:00,1.35098,1.3511,1.35091,1.35102
2026-08-12 07:40:00+00:00,1.35095,1.35108,1.35088,1.35089
2026-08-12 07:45:00+00:00,1.35089,1.35104,1.3508,1.3509
2026-08-12 07:50:00+00:00,1.35095,1.35107,1.35095,1.35099
2026-08-12 07:55:00+00:00,1.35099,1.35099,1.35071,1.35073
2026-08-12 08:00:00+00:00,1.35074,1.35093,1.35073,1.35081
2026-08-12 08:05:00+00:00,1.35079,1.3509,1.35069,1.35071
2026-08-12 08:10:00+00:00,1.35078,1.35095,1.35078,1.35093
2026-08-12 08:15:00+00:00,1.35089,1.35114,1.35082,1.35113
2026-08-12 08:20:00+00:00,1.35108,1.35119,1.35106,1.35113
2026-08-12 08:25:00+00:00,1.35111,1.35111,1.35086,1.35088
2026-08-12 08:30:00+00:00,1.35096,1.35109,1.35094,1.35107
2026-08-12 08:35:00+00:00,1.35105,1.35105,1.35086,1.351
2026-08-12 08:40:00+00:00,1.35098,1.35119,1.35085,1.35117
2026-08-12 08:45:00+00:00,1.35114,1.35119,1.35108,1.35109
2026-08-12 08:50:00+00:00,1.35111,1.35133,1.35104,1.35108
2026-08-12 08:55:00+00:00,1.35108,1.35114,1.35099,1.35103
2026-08-12 09:00:00+00:00,1.35099,1.35137,1.35095,1.3513
2026-08-12 09:05:00+00:00,1.35117,1.35155,1.35117,1.35136
2026-08-12 09:10:00+00:00,1.35138,1.35195,1.35138,1.35193
2026-08-12 09:15:00+00:00,1.35189,1.352,1.35184,1.35186
2026-08-12 09:20:00+00:00,1.35184,1.35262,1.35184,1.35249
2026-08-12 09:25:00+00:00,1.35223,1.35274,1.35177,1.35178
2026-08-12 09:30:00+00:00,1.35182,1.35199,1.35173,1.35175
2026-08-12 09:35:00+00:00,1.35178,1.35188,1.35159,1.35184
2026-08-12 09:40:00+00:00,1.35177,1.35177,1.35155,1.35159
2026-08-12 09:45:00+00:00,1.35158,1.35161,1.35144,1.35144
2026-08-12 09:50:00+00:00,1.35146,1.3517,1.35121,1.35127
2026-08-12 09:55:00+00:00,1.35127,1.35134,1.35113,1.35132
2026-08-12 10:00:00+00:00,1.35129,1.3517,1.35124,1.35166
2026-08-12 10:05:00+00:00,1.35159,1.35195,1.35159,1.35183
2026-08-12 10:10:00+00:00,1.35185,1.35208,1.35179,1.35204
2026-08-12 10:15:00+00:00,1.35202,1.35216,1.35195,1.35214
2026-08-12 10:20:00+00:00,1.35211,1.35221,1.35199,1.35211
2026-08-12 10:25:00+00:00,1.35209,1.35213,1.35195,1.35212
2026-08-12 10:30:00+00:00,1.35209,1.35213,1.35197,1.35212
2026-08-12 10:35:00+00:00,1.35206,1.35216,1.35201,1.35211
2026-08-12 10:40:00+00:00,1.35208,1.35219,1.35202,1.35215
2026-08-12 10:45:00+00:00,1.35208,1.35227,1.35181,1.35187
2026-08-12 10:50:00+00:00,1.35196,1.35196,1.35155,1.35168
2026-08-12 10:55:00+00:00,1.35164,1.35181,1.35162,1.35167
2026-08-12 11:00:00+00:00,1.35174,1.35174,1.3515,1.35166
2026-08-12 11:05:00+00:00,1.35161,1.35192,1.35157,1.35183
2026-08-12 11:10:00+00:00,1.35183,1.35189,1.3517,1.35178
2026-08-12 11:15:00+00:00,1.35176,1.3518,1.3517,1.35179
2026-08-12 11:20:00+00:00,1.35177,1.35185,1.35166,1.35181
2026-08-12 11:25:00+00:00,1.35175,1.352,1.3517,1.35195
2026-08-12 11:30:00+00:00,1.35188,1.35212,1.35188,1.352
2026-08-12 11:35:00+00:00,1.35205,1.35208,1.35188,1.35207
2026-08-12 11:40:00+00:00,1.35204,1.35226,1.35202,1.35217
2026-08-12 11:45:00+00:00,1.35218,1.35241,1.35214,1.35239
2026-08-12 11:50:00+00:00,1.35236,1.35254,1.35232,1.3525
2026-08-12 11:55:00+00:00,1.35247,1.35288,1.35247,1.35287
2026-08-12 12:00:00+00:00,1.35285,1.35285,1.35263,1.35276
2026-08-12 12:05:00+00:00,1.35272,1.35272,1.35256,1.35269
2026-08-12 12:10:00+00:00,1.35268,1.35271,1.35236,1.3526
2026-08-12 12:15:00+00:00,1.35253,1.35274,1.35221,1.35224
2026-08-12 12:20:00+00:00,1.35228,1.35228,1.35212,1.35221
2026-08-12 12:25:00+00:00,1.35219,1.35245,1.35199,1.35238
2026-08-12 12:30:00+00:00,1.35227,1.35321,1.35111,1.353
2026-08-12 12:35:00+00:00,1.35248,1.35351,1.35248,1.35351
2026-08-12 12:40:00+00:00,1.35348,1.35395,1.35329,1.3539
2026-08-12 12:45:00+00:00,1.35383,1.35402,1.35287,1.35329
2026-08-12 12:50:00+00:00,1.35323,1.35359,1.35316,1.35357
2026-08-12 12:55:00+00:00,1.35352,1.35376,1.35325,1.35348
2026-08-12 13:00:00+00:00,1.35341,1.35397,1.35333,1.35351
2026-08-12 13:05:00+00:00,1.35355,1.35397,1.35339,1.35395
2026-08-12 13:10:00+00:00,1.35391,1.35399,1.35277,1.35286
2026-08-12 13:15:00+00:00,1.35303,1.35325,1.35247,1.35319
2026-08-12 13:20:00+00:00,1.35318,1.35318,1.35248,1.35251
2026-08-12 13:25:00+00:00,1.35253,1.35295,1.35251,1.3529
2026-08-12 13:30:00+00:00,1.35282,1.35325,1.35282,1.35322
2026-08-12 13:35:00+00:00,1.35318,1.35322,1.35223,1.35228
2026-08-12 13:40:00+00:00,1.35238,1.35238,1.35202,1.35211
2026-08-12 13:45:00+00:00,1.35223,1.35231,1.35179,1.35225
2026-08-12 13:50:00+00:00,1.35215,1.3527,1.35215,1.35267
2026-08-12 13:55:00+00:00,1.35264,1.35272,1.35254,1.35263
2026-08-12 14:00:00+00:00,1.35258,1.35277,1.35247,1.35272
2026-08-12 14:05:00+00:00,1.35266,1.35302,1.35245,1.35248
2026-08-12 14:10:00+00:00,1.35252,1.35257,1.35214,1.35223
2026-08-12 14:15:00+00:00,1.35219,1.35239,1.35216,1.35234
2026-08-12 14:20:00+00:00,1.35224,1.35252,1.35223,1.35232
2026-08-12 14:25:00+00:00,1.35234,1.35244,1.35178,1.35182
2026-08-12 14:30:00+00:00,1.35189,1.35189,1.3513,1.35167
2026-08-12 14:35:00+00:00,1.35162,1.35177,1.35146,1.35176
2026-08-12 14:40:00+00:00,1.35173,1.35176,1.3514,1.35143
2026-08-12 14:45:00+00:00,1.35148,1.35153,1.35115,1.35118
2026-08-12 14:50:00+00:00,1.35122,1.35123,1.35053,1.35084
2026-08-12 14:55:00+00:00,1.35065,1.35107,1.35065,1.3509
2026-08-12 15:00:00+00:00,1.35091,1.35097,1.35041,1.35047
2026-08-12 15:05:00+00:00,1.35054,1.35079,1.35024,1.35075
2026-08-12 15:10:00+00:00,1.35068,1.35099,1.35068,1.35098
2026-08-12 15:15:00+00:00,1.35094,1.35095,1.35069,1.35071
2026-08-12 15:20:00+00:00,1.35074,1.35088,1.35069,1.3507
2026-08-12 15:25:00+00:00,1.35072,1.3509,1.35068,1.35076
2026-08-12 15:30:00+00:00,1.35084,1.35084,1.35066,1.35072
2026-08-12 15:35:00+00:00,1.35075,1.35087,1.35062,1.35067
2026-08-12 15:40:00+00:00,1.35069,1.35082,1.35051,1.3506
2026-08-12 15:45:00+00:00,1.35058,1.35063,1.35035,1.35036
2026-08-12 15:50:00+00:00,1.35037,1.35093,1.35035,1.35092
2026-08-12 15:55:00+00:00,1.35087,1.3511,1.35086,1.35101
2026-08-12 16:00:00+00:00,1.35097,1.35117,1.35073,1.35076
2026-08-12 16:05:00+00:00,1.35082,1.35093,1.3504,1.35042
2026-08-12 16:10:00+00:00,1.35044,1.35093,1.35044,1.35088
2026-08-12 16:15:00+00:00,1.35074,1.35102,1.35053,1.35067
2026-08-12 16:20:00+00:00,1.35064,1.35068,1.35044,1.35047
2026-08-12 16:25:00+00:00,1.35047,1.35047,1.35036,1.35042
2026-08-12 16:30:00+00:00,1.3504,1.3504,1.3501,1.35013
2026-08-12 16:35:00+00:00,1.35017,1.35017,1.35002,1.35011
2026-08-12 16:40:00+00:00,1.35007,1.35019,1.35007,1.35013
2026-08-12 16:45:00+00:00,1.35013,1.35017,1.34966,1.3497
2026-08-12 16:50:00+00:00,1.34976,1.34976,1.34953,1.34972
2026-08-12 16:55:00+00:00,1.34967,1.34987,1.34964,1.34979
2026-08-12 17:00:00+00:00,1.34976,1.35026,1.34976,1.35003
2026-08-12 17:05:00+00:00,1.35004,1.35006,1.34989,1.34998
2026-08-12 17:10:00+00:00,1.34996,1.34998,1.3498,1.3499
2026-08-12 17:15:00+00:00,1.34988,1.34988,1.3496,1.34968
2026-08-12 17:20:00+00:00,1.34966,1.34974,1.34956,1.34957
2026-08-12 17:25:00+00:00,1.34959,1.34966,1.34954,1.34962
2026-08-12 17:30:00+00:00,1.34959,1.34976,1.34958,1.34975
2026-08-12 17:35:00+00:00,1.34971,1.34978,1.34949,1.3495
2026-08-12 17:40:00+00:00,1.34952,1.34956,1.34941,1.34943
2026-08-12 17:45:00+00:00,1.34947,1.34947,1.34931,1.34938
2026-08-12 17:50:00+00:00,1.34935,1.34942,1.34925,1.34931
2026-08-12 17:55:00+00:00,1.34928,1.34941,1.34925,1.34937
2026-08-12 18:00:00+00:00,1.34936,1.34936,1.34904,1.34906
2026-08-12 18:05:00+00:00,1.34911,1.34926,1.34911,1.34923
2026-08-12 18:10:00+00:00,1.3492,1.34962,1.34916,1.34962
2026-08-12 18:15:00+00:00,1.3496,1.3496,1.3494,1.34942
2026-08-12 18:20:00+00:00,1.34942,1.3496,1.3494,1.34958
2026-08-12 18:25:00+00:00,1.34955,1.34975,1.34955,1.34959
2026-08-12 18:30:00+00:00,1.34963,1.34963,1.34935,1.34946
2026-08-12 18:35:00+00:00,1.3494,1.34953,1.34939,1.34941
2026-08-12 18:40:00+00:00,1.34943,1.34943,1.34916,1.34918
2026-08-12 18:45:00+00:00,1.34918,1.34921,1.34904,1.34906
2026-08-12 18:50:00+00:00,1.34906,1.34919,1.34905,1.34909
2026-08-12 18:55:00+00:00,1.34905,1.34911,1.34884,1.34885
2026-08-12 19:00:00+00:00,1.34886,1.34909,1.34881,1.34888
2026-08-12 19:05:00+00:00,1.3489,1.34895,1.34882,1.34893
2026-08-12 19:10:00+00:00,1.34885,1.34908,1.34885,1.34908
2026-08-12 19:15:00+00:00,1.34905,1.34924,1.34902,1.34919
2026-08-12 19:20:00+00:00,1.34912,1.34942,1.34912,1.34933
2026-08-12 19:25:00+00:00,1.34933,1.34937,1.34912,1.34921
2026-08-12 19:30:00+00:00,1.34918,1.34919,1.34907,1.34909
2026-08-12 19:35:00+00:00,1.3491,1.34912,1.34902,1.34909
2026-08-12 19:40:00+00:00,1.34908,1.34912,1.34898,1.3491
2026-08-12 19:45:00+00:00,1.34907,1.34918,1.34907,1.34913
2026-08-12 19:50:00+00:00,1.34909,1.34917,1.34903,1.34907
2026-08-12 19:55:00+00:00,1.34906,1.34925,1.34893,1.34918
2026-08-12 20:00:00+00:00,1.34909,1.34942,1.34909,1.34923
2026-08-12 20:05:00+00:00,1.34925,1.34927,1.34914,1.34924
2026-08-12 20:10:00+00:00,1.34922,1.34922,1.34905,1.3491
2026-08-12 20:15:00+00:00,1.34909,1.34913,1.34903,1.34904
2026-08-12 20:20:00+00:00,1.34905,1.34911,1.34904,1.3491
2026-08-12 20:25:00+00:00,1.34907,1.3492,1.34907,1.34918
2026-08-12 20:30:00+00:00,1.34915,1.3493,1.34907,1.34923
2026-08-12 20:35:00+00:00,1.34923,1.34939,1.3492,1.34932
2026-08-12 20:40:00+00:00,1.34933,1.34936,1.34929,1.34934
2026-08-12 20:45:00+00:00,1.34932,1.34959,1.34932,1.34957
2026-08-12 20:50:00+00:00,1.34954,1.34961,1.34953,1.34954
2026-08-12 20:55:00+00:00,1.34954,1.3496,1.34944,1.34956
2026-08-12 21:00:00+00:00,1.34952,1.34978,1.34936,1.34948
2026-08-12 21:05:00+00:00,1.34951,1.34956,1.34946,1.34952
2026-08-12 21:10:00+00:00,1.34949,1.34955,1.34942,1.34953
2026-08-12 21:15:00+00:00,1.34952,1.34961,1.34938,1.34945
2026-08-12 21:20:00+00:00,1.34951,1.34958,1.3492,1.34925
2026-08-12 21:25:00+00:00,1.34926,1.34973,1.34913,1.3497
2026-08-12 21:30:00+00:00,1.3496,1.3496,1.34915,1.34954
2026-08-12 21:35:00+00:00,1.3495,1.34958,1.34945,1.34956
2026-08-12 21:40:00+00:00,1.34952,1.34957,1.34949,1.34951
2026-08-12 21:45:00+00:00,1.34949,1.34958,1.34944,1.34957
2026-08-12 21:50:00+00:00,1.34953,1.3497,1.34949,1.3495
2026-08-12 21:55:00+00:00,1.34951,1.34957,1.34935,1.34937
2026-08-12 22:00:00+00:00,1.34944,1.34977,1.34916,1.34918
2026-08-12 22:05:00+00:00,1.3492,1.34928,1.34918,1.34926
2026-08-12 22:10:00+00:00,1.34923,1.34935,1.34918,1.34932
2026-08-12 22:15:00+00:00,1.34927,1.34941,1.34927,1.34932
2026-08-12 22:20:00+00:00,1.34934,1.34941,1.34927,1.34929
2026-08-12 22:25:00+00:00,1.3493,1.34941,1.3493,1.34937
2026-08-12 22:30:00+00:00,1.34932,1.34945,1.34932,1.34943
2026-08-12 22:35:00+00:00,1.34939,1.34947,1.34939,1.34946
2026-08-12 22:40:00+00:00,1.34945,1.34953,1.34937,1.3495
2026-08-12 22:45:00+00:00,1.34948,1.34951,1.34942,1.34945
2026-08-12 22:50:00+00:00,1.34942,1.34962,1.34942,1.3496
2026-08-12 22:55:00+00:00,1.34955,1.34965,1.34955,1.34957
2026-08-12 23:00:00+00:00,1.34959,1.34974,1.34959,1.34971
2026-08-12 23:05:00+00:00,1.34969,1.34969,1.3496,1.34969
2026-08-12 23:10:00+00:00,1.34966,1.34969,1.3496,1.34962
2026-08-12 23:15:00+00:00,1.34963,1.34976,1.34963,1.34975
2026-08-12 23:20:00+00:00,1.34974,1.3498,1.34968,1.34974
2026-08-12 23:25:00+00:00,1.34972,1.34979,1.3497,1.34975
2026-08-12 23:30:00+00:00,1.34973,1.34979,1.34968,1.34969
2026-08-12 23:35:00+00:00,1.34971,1.34976,1.34962,1.34962
2026-08-12 23:40:00+00:00,1.34965,1.34972,1.34959,1.34968
2026-08-12 23:45:00+00:00,1.34966,1.34967,1.34958,1.34966
2026-08-12 23:50:00+00:00,1.34963,1.34976,1.34956,1.34972
2026-08-12 23:55:00+00:00,1.34966,1.3498,1.34966,1.34979
2026-08-13 00:00:00+00:00,1.34977,1.34999,1.34969,1.34996
2026-08-13 00:05:00+00:00,1.34993,1.34996,1.34987,1.34995
2026-08-13 00:10:00+00:00,1.34993,1.35001,1.3498,1.34982
2026-08-13 00:15:00+00:00,1.34983,1.34996,1.34975,1.34995
2026-08-13 00:20:00+00:00,1.34992,1.35003,1.34983,1.35
2026-08-13 00:25:00+00:00,1.34996,1.35002,1.34984,1.3499
2026-08-13 00:30:00+00:00,1.34988,1.35008,1.34982,1.34998
2026-08-13 00:35:00+00:00,1.35,1.35007,1.35,1.35
2026-08-13 00:40:00+00:00,1.35,1.35,1.34987,1.34996
2026-08-13 00:45:00+00:00,1.34993,1.34998,1.34971,1.34972
2026-08-13 00:50:00+00:00,1.34974,1.34976,1.34967,1.34968
2026-08-13 00:55:00+00:00,1.34968,1.34975,1.34952,1.34972
2026-08-13 01:00:00+00:00,1.34966,1.34986,1.34966,1.34976
2026-08-13 01:05:00+00:00,1.34973,1.34976,1.34962,1.34968
2026-08-13 01:10:00+00:00,1.34965,1.34982,1.34962,1.34973
2026-08-13 01:15:00+00:00,1.34974,1.34986,1.34966,1.34981
2026-08-13 01:20:00+00:00,1.34981,1.3499,1.34973,1.34986
2026-08-13 01:25:00+00:00,1.34983,1.34993,1.34975,1.34976
2026-08-13 01:30:00+00:00,1.34978,1.34999,1.34976,1.34997
2026-08-13 01:35:00+00:00,1.34994,1.34995,1.34973,1.34975
2026-08-13 01:40:00+00:00,1.34977,1.34977,1.34957,1.3496
2026-08-13 01:45:00+00:00,1.34965,1.34965,1.3494,1.34941
2026-08-13 01:50:00+00:00,1.34942,1.34947,1.3492,1.34921
2026-08-13 01:55:00+00:00,1.34922,1.34928,1.34916,1.34926
2026-08-13 02:00:00+00:00,1.34921,1.34931,1.34917,1.34929
2026-08-13 02:05:00+00:00,1.34926,1.34929,1.34922,1.34923
2026-08-13 02:10:00+00:00,1.34923,1.34924,1.34907,1.34907
2026-08-13 02:15:00+00:00,1.34909,1.34914,1.34904,1.34906
2026-08-13 02:20:00+00:00,1.34905,1.34908,1.34897,1.34904
2026-08-13 02:25:00+00:00,1.34901,1.34903,1.34891,1.34892
2026-08-13 02:30:00+00:00,1.34893,1.34895,1.34878,1.34894
2026-08-13 02:35:00+00:00,1.34891,1.34895,1.34874,1.34877
2026-08-13 02:40:00+00:00,1.34876,1.34881,1.34871,1.34878
2026-08-13 02:45:00+00:00,1.34874,1.34888,1.34874,1.34887
2026-08-13 02:50:00+00:00,1.34885,1.34889,1.34881,1.34882
2026-08-13 02:55:00+00:00,1.34882,1.34894,1.34875,1.34891
2026-08-13 03:00:00+00:00,1.3489,1.3489,1.34873,1.34882
2026-08-13 03:05:00+00:00,1.3487,1.34915,1.34866,1.34899
2026-08-13 03:10:00+00:00,1.349,1.34902,1.34876,1.34892
2026-08-13 03:15:00+00:00,1.34887,1.34896,1.34884,1.34886
2026-08-13 03:20:00+00:00,1.34885,1.3489,1.34873,1.34888
2026-08-13 03:25:00+00:00,1.34885,1.34894,1.3488,1.34891
2026-08-13 03:30:00+00:00,1.34886,1.34903,1.34886,1.34901
2026-08-13 03:35:00+00:00,1.34897,1.34903,1.34893,1.34901
2026-08-13 03:40:00+00:00,1.34898,1.34915,1.34898,1.34914
2026-08-13 03:45:00+00:00,1.34911,1.34921,1.34902,1.34903
2026-08-13 03:50:00+00:00,1.34904,1.34913,1.349,1.34908
2026-08-13 03:55:00+00:00,1.34909,1.34912,1.349,1.34905
2026-08-13 04:00:00+00:00,1.34905,1.34906,1.34894,1.34901
2026-08-13 04:05:00+00:00,1.34899,1.34901,1.34892,1.34893
2026-08-13 04:10:00+00:00,1.34893,1.34893,1.34876,1.34879
2026-08-13 04:15:00+00:00,1.3488,1.34885,1.34877,1.34881
2026-08-13 04:20:00+00:00,1.34879,1.34879,1.34869,1.34874
2026-08-13 04:25:00+00:00,1.34871,1.34889,1.34868,1.34877
2026-08-13 04:30:00+00:00,1.3488,1.34893,1.3488,1.34888
2026-08-13 04:35:00+00:00,1.34888,1.34897,1.34884,1.34894
2026-08-13 04:40:00+00:00,1.34891,1.34898,1.34891,1.34897
2026-08-13 04:45:00+00:00,1.34895,1.34937,1.34874,1.34934
2026-08-13 04:50:00+00:00,1.34933,1.34934,1.34925,1.34933
2026-08-13 04:55:00+00:00,1.34932,1.34962,1.3492,1.34961
2026-08-13 05:00:00+00:00,1.34956,1.34966,1.34951,1.34958
2026-08-13 05:05:00+00:00,1.34956,1.34961,1.34947,1.34948
2026-08-13 05:10:00+00:00,1.3495,1.34957,1.34944,1.34954
2026-08-13 05:15:00+00:00,1.3495,1.34966,1.3495,1.34963
2026-08-13 05:20:00+00:00,1.3496,1.34971,1.34951,1.34971
2026-08-13 05:25:00+00:00,1.34968,1.34976,1.34952,1.34967
2026-08-13 05:30:00+00:00,1.34968,1.34972,1.34938,1.34939
2026-08-13 05:35:00+00:00,1.34941,1.34947,1.34939,1.34943
2026-08-13 05:40:00+00:00,1.34941,1.34948,1.34929,1.34931
2026-08-13 05:45:00+00:00,1.34934,1.34934,1.34918,1.34929
2026-08-13 05:50:00+00:00,1.34923,1.34945,1.34923,1.34942
2026-08-13 05:55:00+00:00,1.34938,1.34965,1.34932,1.34963
2026-08-13 06:00:00+00:00,1.3496,1.34973,1.34949,1.34956
2026-08-13 06:05:00+00:00,1.34955,1.34955,1.34931,1.34931
2026-08-13 06:10:00+00:00,1.34932,1.34932,1.349,1.34901
2026-08-13 06:15:00+00:00,1.34904,1.34926,1.34904,1.34924
2026-08-13 06:20:00+00:00,1.3492,1.34937,1.34913,1.34921
2026-08-13 06:25:00+00:00,1.34919,1.34919,1.34871,1.34872
2026-08-13 06:30:00+00:00,1.34874,1.34891,1.34773,1.34782
2026-08-13 06:35:00+00:00,1.34797,1.34804,1.3475,1.34803
2026-08-13 06:40:00+00:00,1.34797,1.34802,1.34787,1.34794
2026-08-13 06:45:00+00:00,1.34789,1.3482,1.34788,1.34795
2026-08-13 06:50:00+00:00,1.34801,1.34835,1.34801,1.34833
2026-08-13 06:55:00+00:00,1.34832,1.3484,1.34811,1.34813
2026-08-13 07:00:00+00:00,1.34812,1.3484,1.34812,1.34839
2026-08-13 07:05:00+00:00,1.34838,1.34838,1.3478,1.34789
2026-08-13 07:10:00+00:00,1.34792,1.34799,1.3476,1.34761
2026-08-13 07:15:00+00:00,1.34764,1.3482,1.34762,1.34818
2026-08-13 07:20:00+00:00,1.34815,1.34834,1.3481,1.34831
2026-08-13 07:25:00+00:00,1.34822,1.34848,1.34821,1.34844
2026-08-13 07:30:00+00:00,1.34839,1.34853,1.34814,1.34818
2026-08-13 07:35:00+00:00,1.34824,1.34853,1.34807,1.34851
2026-08-13 07:40:00+00:00,1.34846,1.34864,1.34828,1.34853
2026-08-13 07:45:00+00:00,1.34853,1.34882,1.34832,1.34867
2026-08-13 07:50:00+00:00,1.34867,1.3488,1.34845,1.34853
2026-08-13 07:55:00+00:00,1.34858,1.34858,1.34831,1.34841
2026-08-13 08:00:00+00:00,1.34837,1.34843,1.34799,1.34801
2026-08-13 08:05:00+00:00,1.34805,1.34822,1.34793,1.34797
2026-08-13 08:10:00+00:00,1.34805,1.3482,1.34805,1.34808
2026-08-13 08:15:00+00:00,1.3481,1.34813,1.34791,1.34793
2026-08-13 08:20:00+00:00,1.34795,1.34798,1.34791,1.34798
2026-08-13 08:25:00+00:00,1.34796,1.34806,1.34781,1.34793
2026-08-13 08:30:00+00:00,1.34795,1.34816,1.34794,1.34814
2026-08-13 08:35:00+00:00,1.34812,1.34829,1.34812,1.34818
2026-08-13 08:40:00+00:00,1.34817,1.34837,1.34817,1.34828
2026-08-13 08:45:00+00:00,1.34828,1.34828,1.34808,1.3481
2026-08-13 08:50:00+00:00,1.34816,1.34828,1.34808,1.34826
2026-08-13 08:55:00+00:00,1.34822,1.34822,1.34785,1.34805
2026-08-13 09:00:00+00:00,1.34799,1.34799,1.34764,1.34765
2026-08-13 09:05:00+00:00,1.34765,1.34797,1.3476,1.34792
2026-08-13 09:10:00+00:00,1.34785,1.34818,1.34785,1.34815
2026-08-13 09:15:00+00:00,1.34813,1.34825,1.34811,1.34824
2026-08-13 09:20:00+00:00,1.34818,1.34859,1.34816,1.34855
2026-08-13 09:25:00+00:00,1.34849,1.34878,1.34849,1.34859
2026-08-13 09:30:00+00:00,1.34866,1.34895,1.34863,1.34893
2026-08-13 09:35:00+00:00,1.34887,1.34903,1.34887,1.34902
2026-08-13 09:40:00+00:00,1.34898,1.34898,1.34874,1.34883
2026-08-13 09:45:00+00:00,1.34882,1.34893,1.34873,1.34874
2026-08-13 09:50:00+00:00,1.34875,1.34889,1.34867,1.34886
2026-08-13 09:55:00+00:00,1.34883,1.34908,1.34882,1.34907
2026-08-13 10:00:00+00:00,1.34902,1.34935,1.34902,1.34926
2026-08-13 10:05:00+00:00,1.34927,1.34959,1.34927,1.34957
2026-08-13 10:10:00+00:00,1.34954,1.34958,1.34942,1.34947
2026-08-13 10:15:00+00:00,1.34948,1.3498,1.34948,1.34979
2026-08-13 10:20:00+00:00,1.34972,1.34991,1.34966,1.34968
2026-08-13 10:25:00+00:00,1.3497,1.34987,1.34961,1.34985
2026-08-13 10:30:00+00:00,1.34982,1.34994,1.34981,1.34989
2026-08-13 10:35:00+00:00,1.34985,1.35008,1.34985,1.35007
2026-08-13 10:40:00+00:00,1.35001,1.35011,1.3498,1.34982
2026-08-13 10:45:00+00:00,1.34986,1.34986,1.34945,1.34945
2026-08-13 10:50:00+00:00,1.34947,1.34949,1.3492,1.34923
2026-08-13 10:55:00+00:00,1.34927,1.34927,1.34898,1.34904
2026-08-13 11:00:00+00:00,1.34901,1.34917,1.34878,1.3488
2026-08-13 11:05:00+00:00,1.34885,1.34906,1.34876,1.34901
2026-08-13 11:10:00+00:00,1.34895,1.34942,1.34895,1.3494
2026-08-13 11:15:00+00:00,1.34934,1.34944,1.34925,1.3493
2026-08-13 11:20:00+00:00,1.34928,1.34943,1.34924,1.3494
2026-08-13 11:25:00+00:00,1.34939,1.34947,1.34931,1.34943
2026-08-13 11:30:00+00:00,1.34944,1.34956,1.34938,1.34942
2026-08-13 11:35:00+00:00,1.3494,1.34966,1.34935,1.34961
2026-08-13 11:40:00+00:00,1.34959,1.3496,1.34937,1.34958
2026-08-13 11:45:00+00:00,1.34953,1.34959,1.34938,1.34952
2026-08-13 11:50:00+00:00,1.34947,1.34975,1.34933,1.34941
2026-08-13 11:55:00+00:00,1.34958,1.34958,1.34915,1.34934
2026-08-13 12:00:00+00:00,1.3493,1.3493,1.34905,1.34906
2026-08-13 12:05:00+00:00,1.34908,1.34925,1.34904,1.34921
2026-08-13 12:10:00+00:00,1.34914,1.34925,1.34907,1.34909
2026-08-13 12:15:00+00:00,1.34909,1.34911,1.34889,1.349
2026-08-13 12:20:00+00:00,1.34896,1.34924,1.34896,1.34909
2026-08-13 12:25:00+00:00,1.3491,1.3491,1.34878,1.34879
2026-08-13 12:30:00+00:00,1.34881,1.34936,1.34842,1.34891
2026-08-13 12:35:00+00:00,1.34868,1.34936,1.34868,1.34935
2026-08-13 12:40:00+00:00,1.3493,1.34972,1.34929,1.34958
2026-08-13 12:45:00+00:00,1.3496,1.35006,1.3496,1.35001
2026-08-13 12:50:00+00:00,1.34994,1.35025,1.34994,1.35008
2026-08-13 12:55:00+00:00,1.35005,1.35089,1.34991,1.35084
2026-08-13 13:00:00+00:00,1.3507,1.35091,1.35069,1.35086
2026-08-13 13:05:00+00:00,1.35083,1.35097,1.35038,1.35075
2026-08-13 13:10:00+00:00,1.3507,1.35075,1.35033,1.35035
2026-08-13 13:15:00+00:00,1.35035,1.35081,1.35026,1.3508
2026-08-13 13:20:00+00:00,1.35077,1.3508,1.3506,1.35078
2026-08-13 13:25:00+00:00,1.35074,1.35092,1.35024,1.35025
2026-08-13 13:30:00+00:00,1.35025,1.35033,1.3501,1.35014
2026-08-13 13:35:00+00:00,1.35021,1.35021,1.34984,1.3501
2026-08-13 13:40:00+00:00,1.35002,1.35017,1.34978,1.3501
2026-08-13 13:45:00+00:00,1.35002,1.35017,1.34995,1.35008
2026-08-13 13:50:00+00:00,1.35006,1.35006,1.34976,1.34982
2026-08-13 13:55:00+00:00,1.34978,1.35009,1.34974,1.34998
2026-08-13 14:00:00+00:00,1.34996,1.35048,1.3499,1.35009
2026-08-13 14:05:00+00:00,1.35012,1.35062,1.34993,1.35038
2026-08-13 14:10:00+00:00,1.35047,1.35064,1.35017,1.35062
2026-08-13 14:15:00+00:00,1.35055,1.35115,1.3503,1.35111
2026-08-13 14:20:00+00:00,1.35102,1.35126,1.35075,1.35077
2026-08-13 14:25:00+00:00,1.35082,1.35082,1.35055,1.35069
2026-08-13 14:30:00+00:00,1.35067,1.35067,1.35018,1.35035
2026-08-13 14:35:00+00:00,1.35034,1.35056,1.35009,1.35011
2026-08-13 14:40:00+00:00,1.35015,1.35057,1.35015,1.35037
2026-08-13 14:45:00+00:00,1.35037,1.35037,1.35003,1.35008
2026-08-13 14:50:00+00:00,1.35016,1.35086,1.34995,1.35085
2026-08-13 14:55:00+00:00,1.3508,1.35095,1.35077,1.35094
2026-08-13 15:00:00+00:00,1.35091,1.35091,1.35069,1.35076
2026-08-13 15:05:00+00:00,1.35076,1.35091,1.35069,1.35071
2026-08-13 15:10:00+00:00,1.35073,1.35073,1.35025,1.35044
2026-08-13 15:15:00+00:00,1.35044,1.35044,1.34992,1.34996
2026-08-13 15:20:00+00:00,1.35003,1.35003,1.34976,1.34996
2026-08-13 15:25:00+00:00,1.34989,1.35022,1.34974,1.34985
2026-08-13 15:30:00+00:00,1.35005,1.35005,1.3496,1.34972
2026-08-13 15:35:00+00:00,1.34975,1.34983,1.3496,1.34963
2026-08-13 15:40:00+00:00,1.34968,1.34989,1.3496,1.34962
2026-08-13 15:45:00+00:00,1.34966,1.34978,1.3496,1.34975
2026-08-13 15:50:00+00:00,1.34973,1.34973,1.34945,1.3496
2026-08-13 15:55:00+00:00,1.34957,1.34972,1.3495,1.34962
2026-08-13 16:00:00+00:00,1.34964,1.34964,1.34944,1.34958
2026-08-13 16:05:00+00:00,1.34954,1.34958,1.34933,1.34953
2026-08-13 16:10:00+00:00,1.34947,1.34947,1.34885,1.34889
2026-08-13 16:15:00+00:00,1.34893,1.34907,1.34874,1.34878
2026-08-13 16:20:00+00:00,1.34883,1.34883,1.34831,1.34837
2026-08-13 16:25:00+00:00,1.34841,1.34874,1.3484,1.34857
2026-08-13 16:30:00+00:00,1.34859,1.34862,1.34845,1.34861
2026-08-13 16:35:00+00:00,1.34857,1.34857,1.34842,1.34854
2026-08-13 16:40:00+00:00,1.34852,1.34854,1.34833,1.34848
2026-08-13 16:45:00+00:00,1.34843,1.34861,1.34843,1.34859
2026-08-13 16:50:00+00:00,1.34854,1.3487,1.34854,1.34869
2026-08-13 16:55:00+00:00,1.34866,1.34877,1.34861,1.34862
2026-08-13 17:00:00+00:00,1.34864,1.34894,1.34853,1.3487
2026-08-13 17:05:00+00:00,1.34877,1.34877,1.34836,1.34851
2026-08-13 17:10:00+00:00,1.3485,1.3485,1.34819,1.34833
2026-08-13 17:15:00+00:00,1.34832,1.34843,1.34814,1.34836
2026-08-13 17:20:00+00:00,1.34836,1.34841,1.34825,1.34826
2026-08-13 17:25:00+00:00,1.34828,1.34834,1.34818,1.3482
2026-08-13 17:30:00+00:00,1.34822,1.34822,1.34802,1.34804
2026-08-13 17:35:00+00:00,1.34806,1.34837,1.34804,1.34834
2026-08-13 17:40:00+00:00,1.34828,1.34841,1.34827,1.34839
2026-08-13 17:45:00+00:00,1.34836,1.3484,1.34823,1.34834
2026-08-13 17:50:00+00:00,1.34828,1.34841,1.34828,1.34839
2026-08-13 17:55:00+00:00,1.34834,1.34853,1.34831,1.34833
2026-08-13 18:00:00+00:00,1.34833,1.34833,1.34811,1.34813
2026-08-13 18:05:00+00:00,1.34815,1.34826,1.34803,1.34822
2026-08-13 18:10:00+00:00,1.34819,1.34867,1.34816,1.34865
2026-08-13 18:15:00+00:00,1.34859,1.34869,1.34852,1.34862
2026-08-13 18:20:00+00:00,1.34859,1.34861,1.34836,1.34837
2026-08-13 18:25:00+00:00,1.34839,1.34852,1.34836,1.3485
2026-08-13 18:30:00+00:00,1.34842,1.34866,1.34836,1.34838
2026-08-13 18:35:00+00:00,1.34839,1.34871,1.34839,1.34868
2026-08-13 18:40:00+00:00,1.34863,1.34872,1.34863,1.34871
2026-08-13 18:45:00+00:00,1.34868,1.34874,1.34845,1.34847
2026-08-13 18:50:00+00:00,1.34847,1.3486,1.34847,1.34857
2026-08-13 18:55:00+00:00,1.34856,1.34856,1.34845,1.34848
2026-08-13 19:00:00+00:00,1.34847,1.34856,1.34838,1.3484
2026-08-13 19:05:00+00:00,1.34842,1.34865,1.34842,1.34862
2026-08-13 19:10:00+00:00,1.34859,1.34864,1.34847,1.34856
2026-08-13 19:15:00+00:00,1.34854,1.3486,1.34844,1.34857
2026-08-13 19:20:00+00:00,1.34852,1.34874,1.34852,1.34872
2026-08-13 19:25:00+00:00,1.34869,1.3488,1.34869,1.34877
2026-08-13 19:30:00+00:00,1.34874,1.34879,1.34867,1.3487
2026-08-13 19:35:00+00:00,1.34868,1.34885,1.34861,1.34882
2026-08-13 19:40:00+00:00,1.34878,1.3489,1.34856,1.34862
2026-08-13 19:45:00+00:00,1.34861,1.34861,1.34844,1.34847
2026-08-13 19:50:00+00:00,1.34844,1.34867,1.34843,1.34863
2026-08-13 19:55:00+00:00,1.34854,1.34876,1.34854,1.34868
2026-08-13 20:00:00+00:00,1.34869,1.34883,1.34867,1.34873
2026-08-13 20:05:00+00:00,1.34871,1.34874,1.34847,1.34849
2026-08-13 20:10:00+00:00,1.34849,1.34864,1.34847,1.34849
2026-08-13 20:15:00+00:00,1.34851,1.34864,1.34849,1.3485
2026-08-13 20:20:00+00:00,1.34852,1.34858,1.34851,1.34855
2026-08-13 20:25:00+00:00,1.34854,1.34873,1.34849,1.3487
2026-08-13 20:30:00+00:00,1.34867,1.34869,1.34853,1.34854
2026-08-13 20:35:00+00:00,1.34854,1.34869,1.34853,1.34856
2026-08-13 20:40:00+00:00,1.3486,1.34867,1.34855,1.34858
2026-08-13 20:45:00+00:00,1.34857,1.34869,1.34853,1.34866
2026-08-13 20:50:00+00:00,1.34862,1.3488,1.34862,1.34873
2026-08-13 20:55:00+00:00,1.34872,1.34878,1.3487,1.3487
2026-08-13 21:00:00+00:00,1.34871,1.34875,1.3486,1.34867
2026-08-13 21:05:00+00:00,1.34865,1.34865,1.34851,1.34859
2026-08-13 21:10:00+00:00,1.34856,1.34867,1.34834,1.34837
2026-08-13 21:15:00+00:00,1.34842,1.34859,1.3484,1.34857
2026-08-13 21:20:00+00:00,1.34854,1.34864,1.34849,1.34861
2026-08-13 21:25:00+00:00,1.34859,1.34876,1.34859,1.34874
2026-08-13 21:30:00+00:00,1.34872,1.34907,1.34866,1.34899
2026-08-13 21:35:00+00:00,1.34899,1.34905,1.34887,1.34894
2026-08-13 21:40:00+00:00,1.34891,1.34894,1.3488,1.34889
2026-08-13 21:45:00+00:00,1.34887,1.34896,1.34862,1.34864
2026-08-13 21:50:00+00:00,1.34864,1.34876,1.34864,1.34874
2026-08-13 21:55:00+00:00,1.34868,1.34873,1.34854,1.34854
2026-08-13 22:00:00+00:00,1.34856,1.3488,1.34853,1.34869
2026-08-13 22:05:00+00:00,1.34868,1.34869,1.34859,1.34865
2026-08-13 22:10:00+00:00,1.34862,1.34866,1.34853,1.34854
2026-08-13 22:15:00+00:00,1.34856,1.34876,1.34856,1.34873
2026-08-13 22:20:00+00:00,1.34869,1.34887,1.34869,1.3488
2026-08-13 22:25:00+00:00,1.34878,1.34881,1.34869,1.34875
2026-08-13 22:30:00+00:00,1.34872,1.34882,1.34865,1.34869
2026-08-13 22:35:00+00:00,1.3487,1.34876,1.3487,1.34871
2026-08-13 22:40:00+00:00,1.34871,1.34883,1.34869,1.3488
2026-08-13 22:45:00+00:00,1.34877,1.34884,1.34876,1.34883
2026-08-13 22:50:00+00:00,1.34881,1.34888,1.34874,1.3488
2026-08-13 22:55:00+00:00,1.3488,1.34888,1.34878,1.34887
2026-08-13 23:00:00+00:00,1.34885,1.34902,1.34882,1.34898
2026-08-13 23:05:00+00:00,1.34896,1.34899,1.34893,1.34899
2026-08-13 23:10:00+00:00,1.34895,1.34906,1.34895,1.34903
2026-08-13 23:15:00+00:00,1.34898,1.34902,1.3489,1.3489
2026-08-13 23:20:00+00:00,1.34891,1.34894,1.34884,1.3489
2026-08-13 23:25:00+00:00,1.34888,1.34888,1.34882,1.34887
2026-08-13 23:30:00+00:00,1.34884,1.34892,1.3488,1.34881
2026-08-13 23:35:00+00:00,1.34883,1.34893,1.34883,1.34888
2026-08-13 23:40:00+00:00,1.34889,1.34901,1.34889,1.34897
2026-08-13 23:45:00+00:00,1.34894,1.3491,1.34894,1.3491
2026-08-13 23:50:00+00:00,1.34908,1.34914,1.349,1.34905
2026-08-13 23:55:00+00:00,1.34906,1.34909,1.34901,1.34903
2026-08-14 00:00:00+00:00,1.34903,1.34933,1.34896,1.34929
2026-08-14 00:05:00+00:00,1.34924,1.34929,1.3491,1.34926
2026-08-14 00:10:00+00:00,1.34921,1.34931,1.34911,1.34918
2026-08-14 00:15:00+00:00,1.34915,1.34927,1.34911,1.34923
2026-08-14 00:20:00+00:00,1.34923,1.34945,1.34919,1.34941
2026-08-14 00:25:00+00:00,1.34939,1.34949,1.34936,1.34948
2026-08-14 00:30:00+00:00,1.34945,1.34959,1.34943,1.34945
2026-08-14 00:35:00+00:00,1.34949,1.34958,1.34945,1.34948
2026-08-14 00:40:00+00:00,1.34948,1.34954,1.34945,1.3495
2026-08-14 00:45:00+00:00,1.34948,1.34958,1.34944,1.34955
2026-08-14 00:50:00+00:00,1.34953,1.34969,1.34938,1.34964
2026-08-14 00:55:00+00:00,1.34956,1.3498,1.34956,1.34979
2026-08-14 01:00:00+00:00,1.34976,1.34981,1.34956,1.34964
2026-08-14 01:05:00+00:00,1.34962,1.34962,1.3494,1.34948
2026-08-14 01:10:00+00:00,1.34943,1.34951,1.34928,1.34929
2026-08-14 01:15:00+00:00,1.34931,1.34936,1.34915,1.34922
2026-08-14 01:20:00+00:00,1.34925,1.3493,1.34907,1.34927
2026-08-14 01:25:00+00:00,1.3492,1.3492,1.34898,1.34919
2026-08-14 01:30:00+00:00,1.34915,1.34944,1.34903,1.34939
2026-08-14 01:35:00+00:00,1.34933,1.34956,1.34933,1.3494
2026-08-14 01:40:00+00:00,1.34943,1.34945,1.34931,1.34939
2026-08-14 01:45:00+00:00,1.34935,1.34947,1.34933,1.34934
2026-08-14 01:50:00+00:00,1.34935,1.3495,1.34935,1.34947
2026-08-14 01:55:00+00:00,1.34942,1.34947,1.34905,1.34907
2026-08-14 02:00:00+00:00,1.3491,1.34914,1.34896,1.34912
2026-08-14 02:05:00+00:00,1.34909,1.34911,1.34897,1.349
2026-08-14 02:10:00+00:00,1.34899,1.34922,1.34899,1.34916
2026-08-14 02:15:00+00:00,1.34916,1.34925,1.34909,1.34922
2026-08-14 02:20:00+00:00,1.34921,1.34923,1.34915,1.34918
2026-08-14 02:25:00+00:00,1.34914,1.34936,1.34914,1.34927
2026-08-14 02:30:00+00:00,1.34929,1.34932,1.34915,1.34929
2026-08-14 02:35:00+00:00,1.34924,1.34937,1.34924,1.34928
2026-08-14 02:40:00+00:00,1.34929,1.34942,1.34927,1.3494
2026-08-14 02:45:00+00:00,1.34936,1.34943,1.34911,1.34913
2026-08-14 02:50:00+00:00,1.34917,1.34925,1.34905,1.34906
2026-08-14 02:55:00+00:00,1.34907,1.34912,1.34891,1.34892
2026-08-14 03:00:00+00:00,1.34892,1.34911,1.34891,1.3491
2026-08-14 03:05:00+00:00,1.34905,1.34927,1.34904,1.34926
2026-08-14 03:10:00+00:00,1.34924,1.34927,1.34912,1.34913
2026-08-14 03:15:00+00:00,1.34917,1.34933,1.34917,1.34931
2026-08-14 03:20:00+00:00,1.34928,1.34971,1.34928,1.3497
2026-08-14 03:25:00+00:00,1.34966,1.3497,1.34949,1.34966
2026-08-14 03:30:00+00:00,1.3496,1.34975,1.3496,1.34974
2026-08-14 03:35:00+00:00,1.34971,1.34973,1.34952,1.34954
2026-08-14 03:40:00+00:00,1.34956,1.34965,1.34951,1.34963
2026-08-14 03:45:00+00:00,1.34961,1.34963,1.34945,1.34956
2026-08-14 03:50:00+00:00,1.3495,1.34956,1.34938,1.34939
2026-08-14 03:55:00+00:00,1.34941,1.34959,1.34937,1.34957
2026-08-14 04:00:00+00:00,1.34954,1.34964,1.34947,1.34963
2026-08-14 04:05:00+00:00,1.34959,1.34976,1.34958,1.34975
2026-08-14 04:10:00+00:00,1.34972,1.34981,1.34971,1.34972
2026-08-14 04:15:00+00:00,1.34973,1.34976,1.34966,1.34971
2026-08-14 04:20:00+00:00,1.34969,1.34978,1.34966,1.34972
2026-08-14 04:25:00+00:00,1.34969,1.34974,1.34953,1.34954
2026-08-14 04:30:00+00:00,1.34956,1.34999,1.34953,1.34995
2026-08-14 04:35:00+00:00,1.34989,1.34998,1.34982,1.34986
2026-08-14 04:40:00+00:00,1.34984,1.34984,1.34965,1.34972
2026-08-14 04:45:00+00:00,1.3497,1.3497,1.3496,1.34967
2026-08-14 04:50:00+00:00,1.34962,1.34972,1.34956,1.3497
2026-08-14 04:55:00+00:00,1.34966,1.34982,1.34962,1.34971
2026-08-14 05:00:00+00:00,1.34972,1.34989,1.34972,1.34989
2026-08-14 05:05:00+00:00,1.34985,1.34992,1.34978,1.34979
2026-08-14 05:10:00+00:00,1.3498,1.34986,1.3498,1.3498
2026-08-14 05:15:00+00:00,1.34982,1.34993,1.34979,1.3499
2026-08-14 05:20:00+00:00,1.34987,1.34988,1.3498,1.34984
2026-08-14 05:25:00+00:00,1.34981,1.35005,1.34981,1.35
2026-08-14 05:30:00+00:00,1.34993,1.35002,1.34989,1.3499
2026-08-14 05:35:00+00:00,1.34992,1.35004,1.34991,1.34996
2026-08-14 05:40:00+00:00,1.34993,1.35009,1.34983,1.34995
2026-08-14 05:45:00+00:00,1.34997,1.35,1.34986,1.34991
2026-08-14 05:50:00+00:00,1.34992,1.34999,1.34989,1.3499
2026-08-14 05:55:00+00:00,1.34992,1.35004,1.34984,1.34998
2026-08-14 06:00:00+00:00,1.34991,1.35022,1.34991,1.3502
2026-08-14 06:05:00+00:00,1.35018,1.35029,1.3501,1.35011
2026-08-14 06:10:00+00:00,1.35015,1.35022,1.35009,1.3501
2026-08-14 06:15:00+00:00,1.35012,1.35023,1.35007,1.35014
2026-08-14 06:20:00+00:00,1.35012,1.35015,1.34999,1.35004
2026-08-14 06:25:00+00:00,1.35002,1.35004,1.34986,1.3499
2026-08-14 06:30:00+00:00,1.34994,1.35017,1.34994,1.35016
2026-08-14 06:35:00+00:00,1.35014,1.35039,1.35013,1.35036
2026-08-14 06:40:00+00:00,1.35033,1.35033,1.35013,1.35016
2026-08-14 06:45:00+00:00,1.35014,1.3504,1.35014,1.35035
2026-08-14 06:50:00+00:00,1.35029,1.3504,1.35015,1.35017
2026-08-14 06:55:00+00:00,1.35019,1.3504,1.35013,1.35038
2026-08-14 07:00:00+00:00,1.35032,1.35086,1.35032,1.35085
2026-08-14 07:05:00+00:00,1.35081,1.35081,1.35048,1.35051
2026-08-14 07:10:00+00:00,1.35051,1.35084,1.35048,1.35067
2026-08-14 07:15:00+00:00,1.35071,1.35071,1.35054,1.35067
2026-08-14 07:20:00+00:00,1.35064,1.3507,1.3504,1.35043
2026-08-14 07:25:00+00:00,1.35047,1.35053,1.35037,1.35049
2026-08-14 07:30:00+00:00,1.35044,1.35054,1.35039,1.35053
2026-08-14 07:35:00+00:00,1.3505,1.35077,1.35043,1.35075
2026-08-14 07:40:00+00:00,1.35069,1.351,1.35066,1.35087
2026-08-14 07:45:00+00:00,1.35089,1.35134,1.35087,1.35129
2026-08-14 07:50:00+00:00,1.35122,1.35133,1.35102,1.35105
2026-08-14 07:55:00+00:00,1.35106,1.35126,1.35106,1.35122
2026-08-14 08:00:00+00:00,1.35111,1.35181,1.35108,1.3515
2026-08-14 08:05:00+00:00,1.35154,1.352,1.35154,1.35193
2026-08-14 08:10:00+00:00,1.35183,1.35204,1.35164,1.35181
2026-08-14 08:15:00+00:00,1.35179,1.35185,1.35163,1.35177
2026-08-14 08:20:00+00:00,1.35173,1.35182,1.35159,1.35178
2026-08-14 08:25:00+00:00,1.35169,1.35229,1.35169,1.35224
2026-08-14 08:30:00+00:00,1.35217,1.35227,1.35205,1.35215
2026-08-14 08:35:00+00:00,1.35209,1.35238,1.35209,1.35237
2026-08-14 08:40:00+00:00,1.35232,1.35265,1.35221,1.35232
2026-08-14 08:45:00+00:00,1.35234,1.35234,1.3521,1.35217
2026-08-14 08:50:00+00:00,1.35217,1.35226,1.35189,1.3522
2026-08-14 08:55:00+00:00,1.35211,1.35235,1.35206,1.35232
2026-08-14 09:00:00+00:00,1.3522,1.35257,1.3522,1.35246
2026-08-14 09:05:00+00:00,1.35248,1.35248,1.35225,1.35237
2026-08-14 09:10:00+00:00,1.35234,1.35238,1.3521,1.35224
2026-08-14 09:15:00+00:00,1.35222,1.3523,1.35216,1.3522
2026-08-14 09:20:00+00:00,1.35223,1.35223,1.35207,1.35221
2026-08-14 09:25:00+00:00,1.35218,1.35233,1.35217,1.35218
2026-08-14 09:30:00+00:00,1.35223,1.35239,1.35218,1.35229
2026-08-14 09:35:00+00:00,1.35227,1.35227,1.35199,1.35214
2026-08-14 09:40:00+00:00,1.35211,1.35227,1.35204,1.35215
2026-08-14 09:45:00+00:00,1.35216,1.35243,1.35214,1.35228
2026-08-14 09:50:00+00:00,1.35229,1.35238,1.35219,1.35236
2026-08-14 09:55:00+00:00,1.35232,1.35244,1.35223,1.35241
2026-08-14 10:00:00+00:00,1.35233,1.35258,1.35233,1.3525
2026-08-14 10:05:00+00:00,1.35251,1.35263,1.35245,1.35261
2026-08-14 10:10:00+00:00,1.35258,1.35286,1.35256,1.35283
2026-08-14 10:15:00+00:00,1.35281,1.35281,1.35267,1.35271
2026-08-14 10:20:00+00:00,1.35268,1.35281,1.35268,1.3527
2026-08-14 10:25:00+00:00,1.35271,1.35276,1.35265,1.35272
2026-08-14 10:30:00+00:00,1.35269,1.35281,1.35269,1.35271
2026-08-14 10:35:00+00:00,1.35272,1.35288,1.3527,1.35287
2026-08-14 10:40:00+00:00,1.35282,1.35291,1.35264,1.35267
2026-08-14 10:45:00+00:00,1.35273,1.35294,1.35273,1.35289
2026-08-14 10:50:00+00:00,1.35289,1.35296,1.3528,1.35284
2026-08-14 10:55:00+00:00,1.35288,1.35288,1.35273,1.35277
2026-08-14 11:00:00+00:00,1.35275,1.35306,1.35265,1.35292
2026-08-14 11:05:00+00:00,1.35292,1.35292,1.35274,1.35278
2026-08-14 11:10:00+00:00,1.3528,1.35306,1.3528,1.35302
2026-08-14 11:15:00+00:00,1.353,1.35334,1.35294,1.35328
2026-08-14 11:20:00+00:00,1.35325,1.35371,1.35325,1.35359
2026-08-14 11:25:00+00:00,1.35361,1.35366,1.35347,1.35348
2026-08-14 11:30:00+00:00,1.35351,1.35367,1.35345,1.35353
2026-08-14 11:35:00+00:00,1.35351,1.35404,1.35351,1.35404
2026-08-14 11:40:00+00:00,1.354,1.35426,1.354,1.35416
2026-08-14 11:45:00+00:00,1.35416,1.35419,1.35382,1.35385
2026-08-14 11:50:00+00:00,1.35386,1.3542,1.35362,1.3537
2026-08-14 11:55:00+00:00,1.35385,1.35385,1.35353,1.35354
2026-08-14 12:00:00+00:00,1.35355,1.35388,1.35344,1.35386
2026-08-14 12:05:00+00:00,1.35382,1.35399,1.35372,1.35396
2026-08-14 12:10:00+00:00,1.3539,1.35397,1.35343,1.3536
2026-08-14 12:15:00+00:00,1.35357,1.35382,1.35356,1.35382
2026-08-14 12:20:00+00:00,1.35379,1.35429,1.35371,1.35397
2026-08-14 12:25:00+00:00,1.3541,1.35444,1.35406,1.35407
2026-08-14 12:30:00+00:00,1.35409,1.35507,1.35409,1.35471
2026-08-14 12:35:00+00:00,1.35488,1.35488,1.35385,1.35388
2026-08-14 12:40:00+00:00,1.35392,1.35392,1.35375,1.35375
2026-08-14 12:45:00+00:00,1.35376,1.35415,1.35358,1.35412
2026-08-14 12:50:00+00:00,1.35406,1.35415,1.35372,1.35393
2026-08-14 12:55:00+00:00,1.35389,1.35401,1.35358,1.35396
2026-08-14 13:00:00+00:00,1.35385,1.35406,1.35353,1.35355
2026-08-14 13:05:00+00:00,1.35359,1.35384,1.35356,1.3538
2026-08-14 13:10:00+00:00,1.35381,1.35399,1.35369,1.35386
2026-08-14 13:15:00+00:00,1.35381,1.35381,1.35358,1.35377
2026-08-14 13:20:00+00:00,1.35374,1.35399,1.35362,1.35392
2026-08-14 13:25:00+00:00,1.35382,1.3545,1.35382,1.35443
2026-08-14 13:30:00+00:00,1.35444,1.35466,1.35424,1.35462
2026-08-14 13:35:00+00:00,1.35448,1.35556,1.35448,1.35547
2026-08-14 13:40:00+00:00,1.35527,1.35567,1.35527,1.3556
2026-08-14 13:45:00+00:00,1.35554,1.35613,1.35549,1.35596
2026-08-14 13:50:00+00:00,1.35595,1.35599,1.35524,1.35537
2026-08-14 13:55:00+00:00,1.35565,1.35565,1.35512,1.35537
2026-08-14 14:00:00+00:00,1.35538,1.35558,1.35516,1.35538
2026-08-14 14:05:00+00:00,1.35531,1.3556,1.35531,1.35549
2026-08-14 14:10:00+00:00,1.35547,1.35566,1.35523,1.35532
2026-08-14 14:15:00+00:00,1.35549,1.35566,1.35515,1.35565
2026-08-14 14:20:00+00:00,1.35562,1.35562,1.35503,1.35553
2026-08-14 14:25:00+00:00,1.35546,1.35603,1.35546,1.35602
2026-08-14 14:30:00+00:00,1.35598,1.35604,1.35524,1.3553
2026-08-14 14:35:00+00:00,1.35541,1.35544,1.35495,1.35541
2026-08-14 14:40:00+00:00,1.35534,1.35546,1.35501,1.35517
2026-08-14 14:45:00+00:00,1.35512,1.35523,1.3547,1.35509
2026-08-14 14:50:00+00:00,1.35505,1.35509,1.35472,1.35475
2026-08-14 14:55:00+00:00,1.35478,1.35496,1.35459,1.35477
2026-08-14 15:00:00+00:00,1.35479,1.35531,1.35479,1.35526
2026-08-14 15:05:00+00:00,1.3552,1.35541,1.35481,1.3552
2026-08-14 15:10:00+00:00,1.35514,1.35514,1.3549,1.35503
2026-08-14 15:15:00+00:00,1.35501,1.35501,1.35462,1.35476
2026-08-14 15:20:00+00:00,1.35485,1.35485,1.35408,1.35441
2026-08-14 15:25:00+00:00,1.35436,1.35485,1.35422,1.35481
2026-08-14 15:30:00+00:00,1.35472,1.35534,1.35472,1.35518
2026-08-14 15:35:00+00:00,1.35506,1.35545,1.35506,1.35518
2026-08-14 15:40:00+00:00,1.35522,1.35522,1.35487,1.35494
2026-08-14 15:45:00+00:00,1.35501,1.35557,1.35496,1.35554
2026-08-14 15:50:00+00:00,1.35547,1.35576,1.35547,1.35574
2026-08-14 15:55:00+00:00,1.3557,1.3557,1.35547,1.35549
2026-08-14 16:00:00+00:00,1.35551,1.35563,1.3554,1.35552
2026-08-14 16:05:00+00:00,1.35553,1.3556,1.35533,1.35539
2026-08-14 16:10:00+00:00,1.3555,1.3555,1.35501,1.35515
2026-08-14 16:15:00+00:00,1.35514,1.35544,1.35498,1.35538
2026-08-14 16:20:00+00:00,1.35536,1.35536,1.35522,1.35523
2026-08-14 16:25:00+00:00,1.35523,1.35527,1.35493,1.35498
2026-08-14 16:30:00+00:00,1.35496,1.35496,1.35476,1.35486
2026-08-14 16:35:00+00:00,1.35475,1.35534,1.35475,1.35531
2026-08-14 16:40:00+00:00,1.35526,1.35539,1.35477,1.35479
2026-08-14 16:45:00+00:00,1.35482,1.35482,1.35449,1.35476
2026-08-14 16:50:00+00:00,1.35468,1.35468,1.35408,1.35411
2026-08-14 16:55:00+00:00,1.35415,1.35415,1.35389,1.3539
2026-08-14 17:00:00+00:00,1.35391,1.35394,1.35366,1.35367
2026-08-14 17:05:00+00:00,1.35369,1.35371,1.35336,1.35338
2026-08-14 17:10:00+00:00,1.35342,1.35342,1.35318,1.35323
2026-08-14 17:15:00+00:00,1.35321,1.35333,1.35296,1.35299
2026-08-14 17:20:00+00:00,1.35303,1.35303,1.35281,1.35292
2026-08-14 17:25:00+00:00,1.35289,1.35296,1.3528,1.35292
2026-08-14 17:30:00+00:00,1.35282,1.35314,1.35282,1.35313
2026-08-14 17:35:00+00:00,1.3531,1.35323,1.35308,1.35322
2026-08-14 17:40:00+00:00,1.3532,1.35326,1.35298,1.353
2026-08-14 17:45:00+00:00,1.35303,1.35309,1.35289,1.35304
2026-08-14 17:50:00+00:00,1.35301,1.35316,1.353,1.35315
2026-08-14 17:55:00+00:00,1.35309,1.35328,1.35309,1.35321
2026-08-14 18:00:00+00:00,1.35322,1.35326,1.35315,1.3532
2026-08-14 18:05:00+00:00,1.3532,1.35339,1.35308,1.35326
2026-08-14 18:10:00+00:00,1.35323,1.35329,1.35304,1.35306
2026-08-14 18:15:00+00:00,1.35309,1.35332,1.353,1.35329
2026-08-14 18:20:00+00:00,1.35324,1.35343,1.35324,1.35326
2026-08-14 18:25:00+00:00,1.35329,1.35352,1.35327,1.35349
2026-08-14 18:30:00+00:00,1.35346,1.35352,1.35329,1.35339
2026-08-14 18:35:00+00:00,1.35333,1.35348,1.35333,1.35336
2026-08-14 18:40:00+00:00,1.35339,1.35351,1.35338,1.35349
2026-08-14 18:45:00+00:00,1.35348,1.35349,1.35333,1.35346
2026-08-14 18:50:00+00:00,1.35343,1.35355,1.35337,1.35355
2026-08-14 18:55:00+00:00,1.35352,1.35361,1.3534,1.35341
2026-08-14 19:00:00+00:00,1.35343,1.35345,1.35328,1.35337
2026-08-14 19:05:00+00:00,1.35339,1.3534,1.35327,1.35336
2026-08-14 19:10:00+00:00,1.35331,1.35359,1.35329,1.35358
2026-08-14 19:15:00+00:00,1.35356,1.35364,1.35349,1.3536
2026-08-14 19:20:00+00:00,1.35355,1.35363,1.35351,1.35356
2026-08-14 19:25:00+00:00,1.35356,1.35373,1.35351,1.3537
2026-08-14 19:30:00+00:00,1.35367,1.35371,1.35356,1.35358
2026-08-14 19:35:00+00:00,1.35357,1.35365,1.35334,1.35336
2026-08-14 19:40:00+00:00,1.35342,1.35359,1.35342,1.35352
2026-08-14 19:45:00+00:00,1.35351,1.3536,1.35341,1.35358
2026-08-14 19:50:00+00:00,1.35354,1.3536,1.35351,1.35352
2026-08-14 19:55:00+00:00,1.35351,1.35351,1.35338,1.35338
2026-08-14 20:00:00+00:00,1.3534,1.35351,1.35339,1.35343
2026-08-14 20:05:00+00:00,1.35343,1.35356,1.35343,1.35354
2026-08-14 20:10:00+00:00,1.3535,1.35368,1.35349,1.3535
2026-08-14 20:15:00+00:00,1.35351,1.35356,1.35347,1.35353
2026-08-14 20:20:00+00:00,1.35349,1.35365,1.35349,1.35358
2026-08-14 20:25:00+00:00,1.35357,1.35369,1.35356,1.35367
2026-08-14 20:30:00+00:00,1.35363,1.35371,1.35351,1.35353
2026-08-14 20:35:00+00:00,1.35357,1.35357,1.35339,1.35343
2026-08-14 20:40:00+00:00,1.35343,1.35347,1.35338,1.35341
2026-08-14 20:45:00+00:00,1.3534,1.35349,1.35336,1.35339
2026-08-14 20:50:00+00:00,1.35343,1.35345,1.35336,1.35341
2026-08-14 20:55:00+00:00,1.3534,1.35343,1.35333,1.35341
2026-08-14 21:00:00+00:00,1.35337,1.35422,1.35281,1.35308
2026-08-14 21:05:00+00:00,1.35307,1.35307,1.35289,1.35305
2026-08-14 21:10:00+00:00,1.35302,1.35309,1.35298,1.35298
2026-08-14 21:15:00+00:00,1.35299,1.35306,1.35292,1.35304
2026-08-14 21:20:00+00:00,1.35301,1.35308,1.35294,1.35307
2026-08-14 21:25:00+00:00,1.35303,1.35305,1.35291,1.35298
2026-08-14 21:30:00+00:00,1.35299,1.35334,1.35267,1.35272
2026-08-14 21:35:00+00:00,1.35282,1.35311,1.35282,1.35296
2026-08-14 21:40:00+00:00,1.353,1.35316,1.35283,1.35299
2026-08-14 21:45:00+00:00,1.35291,1.35309,1.35291,1.35303
2026-08-14 21:50:00+00:00,1.353,1.35308,1.35294,1.35303
2026-08-14 21:55:00+00:00,1.35302,1.35305,1.3527,1.35273
2026-08-14 22:00:00+00:00,1.35277,1.35345,1.3526,1.35306
2026-08-14 22:05:00+00:00,1.35303,1.35306,1.35292,1.35305
2026-08-14 22:10:00+00:00,1.35303,1.35309,1.35296,1.35297
2026-08-14 22:15:00+00:00,1.35298,1.35306,1.35298,1.35302
2026-08-14 22:20:00+00:00,1.35302,1.35308,1.35294,1.35296
2026-08-14 22:25:00+00:00,1.35298,1.35307,1.35288,1.35302
2026-08-14 22:30:00+00:00,1.35301,1.35301,1.35283,1.35299
2026-08-14 22:35:00+00:00,1.35297,1.35307,1.35294,1.35297
2026-08-14 22:40:00+00:00,1.35301,1.35303,1.35285,1.35287
2026-08-14 22:45:00+00:00,1.35287,1.35307,1.35287,1.35302
2026-08-14 22:50:00+00:00,1.353,1.35303,1.35281,1.35299
2026-08-14 22:55:00+00:00,1.35296,1.35308,1.35294,1.35303
2026-08-14 23:00:00+00:00,1.35302,1.35336,1.3524,1.35296
2026-08-14 23:05:00+00:00,1.353,1.35307,1.3529,1.35306
2026-08-14 23:10:00+00:00,1.35303,1.35306,1.35285,1.35298
2026-08-14 23:15:00+00:00,1.35298,1.35303,1.35285,1.35302
2026-08-14 23:20:00+00:00,1.35301,1.35304,1.35285,1.35288
2026-08-14 23:25:00+00:00,1.35289,1.35298,1.35287,1.35298
2026-08-14 23:30:00+00:00,1.35296,1.35302,1.35285,1.35299
2026-08-14 23:35:00+00:00,1.35297,1.35299,1.35285,1.35297
2026-08-14 23:40:00+00:00,1.35294,1.35303,1.35285,1.35287
2026-08-14 23:45:00+00:00,1.35288,1.35298,1.35287,1.35298
2026-08-14 23:50:00+00:00,1.35296,1.35311,1.3526,1.35284
2026-08-14 23:55:00+00:00,1.3529,1.35301,1.35281,1.35297
2026-08-15 00:00:00+00:00,1.35293,1.35324,1.35269,1.3532
2026-08-15 00:05:00+00:00,1.35317,1.35328,1.35317,1.35328
2026-08-15 00:10:00+00:00,1.35326,1.35337,1.35325,1.35331
2026-08-15 00:15:00+00:00,1.35332,1.35337,1.35331,1.35336
2026-08-15 00:20:00+00:00,1.35334,1.3534,1.3533,1.35337
2026-08-15 00:25:00+00:00,1.35334,1.35338,1.35329,1.35333
2026-08-15 00:30:00+00:00,1.35331,1.35339,1.35331,1.35333
2026-08-15 00:35:00+00:00,1.35333,1.35339,1.35331,1.35331
2026-08-15 00:40:00+00:00,1.35332,1.35339,1.35329,1.35336
2026-08-15 00:45:00+00:00,1.35333,1.35338,1.35331,1.35335
2026-08-15 00:50:00+00:00,1.35332,1.35337,1.3533,1.35331
2026-08-15 00:55:00+00:00,1.35332,1.3534,1.35331,1.35332
2026-08-15 01:00:00+00:00,1.35334,1.35342,1.35334,1.35339
2026-08-15 01:05:00+00:00,1.35336,1.35341,1.35333,1.35337
2026-08-15 01:10:00+00:00,1.35336,1.35342,1.35334,1.35335
2026-08-15 01:15:00+00:00,1.35336,1.35339,1.35331,1.35336
2026-08-15 01:20:00+00:00,1.35334,1.35342,1.35334,1.35339
2026-08-15 01:25:00+00:00,1.35336,1.35341,1.35334,1.35337
2026-08-15 01:30:00+00:00,1.35335,1.35342,1.35334,1.35335
2026-08-15 01:35:00+00:00,1.35336,1.35342,1.35334,1.35337
2026-08-15 01:40:00+00:00,1.35336,1.35339,1.35316,1.35337
2026-08-15 01:45:00+00:00,1.35333,1.35341,1.35333,1.35338
2026-08-15 01:50:00+00:00,1.35336,1.35342,1.35334,1.35334
2026-08-15 01:55:00+00:00,1.35335,1.35342,1.35333,1.35337
2026-08-15 02:00:00+00:00,1.35336,1.35341,1.35334,1.35339
2026-08-15 02:05:00+00:00,1.35335,1.35342,1.35331,1.35338
2026-08-15 02:10:00+00:00,1.35335,1.35342,1.35334,1.35334
2026-08-15 02:15:00+00:00,1.35335,1.35342,1.35334,1.35337
2026-08-15 02:20:00+00:00,1.35336,1.35341,1.35334,1.35338
2026-08-15 02:25:00+00:00,1.35335,1.35342,1.35334,1.35338
2026-08-15 02:30:00+00:00,1.35336,1.35341,1.35329,1.35333
2026-08-15 02:35:00+00:00,1.35334,1.35342,1.35333,1.35337
2026-08-15 02:40:00+00:00,1.35336,1.35341,1.35335,1.35339
2026-08-15 02:45:00+00:00,1.35336,1.35342,1.35334,1.35338
2026-08-15 02:50:00+00:00,1.35336,1.35341,1.35334,1.35334
2026-08-15 02:55:00+00:00,1.35335,1.35341,1.35331,1.35337
2026-08-15 03:00:00+00:00,1.35336,1.35341,1.35334,1.35339
2026-08-15 03:05:00+00:00,1.35336,1.35342,1.35334,1.35339
2026-08-15 03:10:00+00:00,1.35336,1.35341,1.35334,1.35334
2026-08-15 03:15:00+00:00,1.35335,1.35342,1.35334,1.35338
2026-08-15 03:20:00+00:00,1.35336,1.35339,1.35318,1.35335
2026-08-15 03:25:00+00:00,1.35332,1.35341,1.35332,1.35339
2026-08-15 03:30:00+00:00,1.35336,1.35341,1.35334,1.35334
2026-08-15 03:35:00+00:00,1.35336,1.35342,1.35333,1.35338
2026-08-15 03:40:00+00:00,1.35336,1.3534,1.35334,1.35338
2026-08-15 03:45:00+00:00,1.35335,1.35341,1.35332,1.35339
2026-08-15 03:50:00+00:00,1.35336,1.35341,1.35334,1.35334
2026-08-15 03:55:00+00:00,1.35335,1.35342,1.35333,1.35338
2026-08-15 04:00:00+00:00,1.35336,1.3534,1.35334,1.35338
2026-08-15 04:05:00+00:00,1.35335,1.35342,1.35334,1.35336
2026-08-15 04:10:00+00:00,1.35336,1.3534,1.35331,1.35334
2026-08-15 04:15:00+00:00,1.35335,1.35342,1.35333,1.35338
2026-08-15 04:20:00+00:00,1.35336,1.3534,1.35334,1.35338
2026-08-15 04:25:00+00:00,1.35335,1.35342,1.35333,1.35334
2026-08-15 04:30:00+00:00,1.35335,1.35339,1.35333,1.35334
2026-08-15 04:35:00+00:00,1.35335,1.35339,1.35329,1.35335
2026-08-15 04:40:00+00:00,1.35333,1.35339,1.35333,1.35338
2026-08-15 04:45:00+00:00,1.35336,1.3534,1.35331,1.35338
2026-08-15 04:50:00+00:00,1.35335,1.35339,1.35331,1.35335
2026-08-15 04:55:00+00:00,1.35335,1.35341,1.35329,1.35337
2026-08-15 05:00:00+00:00,1.35334,1.35341,1.35314,1.35334
2026-08-15 05:05:00+00:00,1.3533,1.35341,1.3533,1.35334
2026-08-15 05:10:00+00:00,1.35334,1.35338,1.35331,1.35335
2026-08-15 05:15:00+00:00,1.35335,1.3534,1.35331,1.35337
2026-08-15 05:20:00+00:00,1.35335,1.35338,1.35331,1.35338
2026-08-15 05:25:00+00:00,1.35336,1.3534,1.35332,1.35334
2026-08-15 05:30:00+00:00,1.35334,1.35338,1.35331,1.35334
2026-08-15 05:35:00+00:00,1.35334,1.3534,1.35331,1.35336
2026-08-15 05:40:00+00:00,1.35334,1.35339,1.35333,1.35337
2026-08-15 05:45:00+00:00,1.35335,1.35341,1.35333,1.35335
2026-08-15 05:50:00+00:00,1.35336,1.35341,1.35331,1.35331
2026-08-15 05:55:00+00:00,1.35333,1.35342,1.35332,1.35338
2026-08-15 06:00:00+00:00,1.35335,1.3534,1.35333,1.35337
2026-08-15 06:05:00+00:00,1.35334,1.3534,1.35331,1.35333
2026-08-15 06:10:00+00:00,1.35333,1.35339,1.35333,1.35333
2026-08-15 06:15:00+00:00,1.35334,1.35341,1.3533,1.35336
2026-08-15 06:20:00+00:00,1.35334,1.35338,1.3533,1.35336
2026-08-15 06:25:00+00:00,1.35333,1.35339,1.35331,1.35333
2026-08-15 06:30:00+00:00,1.35334,1.3534,1.35332,1.35334
2026-08-15 06:35:00+00:00,1.35334,1.35342,1.35331,1.35339
2026-08-15 06:40:00+00:00,1.35336,1.35341,1.35322,1.35334
2026-08-15 06:45:00+00:00,1.35329,1.3534,1.35329,1.35338
2026-08-15 06:50:00+00:00,1.35336,1.3534,1.35332,1.35334
2026-08-15 06:55:00+00:00,1.35334,1.35341,1.3533,1.35338
2026-08-15 07:00:00+00:00,1.35336,1.35338,1.35331,1.35336
2026-08-15 07:05:00+00:00,1.35333,1.3534,1.35329,1.35338
2026-08-15 07:10:00+00:00,1.35334,1.35338,1.35331,1.35334
2026-08-15 07:15:00+00:00,1.35333,1.35339,1.3533,1.35337
2026-08-15 07:20:00+00:00,1.35333,1.35342,1.35333,1.35336
2026-08-15 07:25:00+00:00,1.35333,1.35341,1.35331,1.35338
2026-08-15 07:30:00+00:00,1.35334,1.35339,1.35332,1.35334
2026-08-15 07:35:00+00:00,1.35333,1.3534,1.35332,1.35338
2026-08-15 07:40:00+00:00,1.35335,1.35342,1.35332,1.35337
2026-08-15 07:45:00+00:00,1.35336,1.35339,1.35331,1.35332
2026-08-15 07:50:00+00:00,1.35333,1.35339,1.35332,1.35333
2026-08-15 07:55:00+00:00,1.35333,1.35338,1.35327,1.35336
2026-08-15 08:00:00+00:00,1.35332,1.35341,1.35332,1.35334
2026-08-15 08:05:00+00:00,1.35334,1.35339,1.35331,1.35337
2026-08-15 08:10:00+00:00,1.35334,1.35339,1.35332,1.35335
2026-08-15 08:15:00+00:00,1.35334,1.3534,1.35329,1.35338
2026-08-15 08:20:00+00:00,1.35334,1.35345,1.35322,1.35331
2026-08-15 08:25:00+00:00,1.35325,1.35338,1.35325,1.35337
2026-08-15 08:30:00+00:00,1.35334,1.35338,1.35331,1.35335
2026-08-15 08:35:00+00:00,1.35334,1.35341,1.35331,1.35339
2026-08-15 08:40:00+00:00,1.35336,1.35341,1.35331,1.35339
2026-08-15 08:45:00+00:00,1.35335,1.35337,1.35329,1.35335
2026-08-15 08:50:00+00:00,1.35332,1.35338,1.35331,1.35334
2026-08-15 08:55:00+00:00,1.35333,1.35338,1.35331,1.35337
2026-08-15 09:00:00+00:00,1.35333,1.35342,1.35331,1.35338
2026-08-15 09:05:00+00:00,1.35334,1.35339,1.35333,1.35338
2026-08-15 09:10:00+00:00,1.35335,1.3534,1.3533,1.35334
2026-08-15 09:15:00+00:00,1.35331,1.35338,1.35331,1.35337
2026-08-15 09:20:00+00:00,1.35334,1.3534,1.3533,1.35334
2026-08-15 09:25:00+00:00,1.35334,1.35338,1.35334,1.35334
2026-08-15 09:30:00+00:00,1.35334,1.35338,1.35328,1.35332
2026-08-15 09:35:00+00:00,1.3533,1.35334,1.35327,1.35332
2026-08-15 09:40:00+00:00,1.35329,1.35337,1.35328,1.35335
2026-08-15 09:45:00+00:00,1.35331,1.35337,1.3533,1.3533
2026-08-15 09:50:00+00:00,1.35331,1.35336,1.35327,1.35333
2026-08-15 09:55:00+00:00,1.35331,1.35336,1.35329,1.35334
2026-08-15 10:00:00+00:00,1.35331,1.35337,1.35322,1.35334
2026-08-15 10:05:00+00:00,1.35329,1.35335,1.35328,1.35328
2026-08-15 10:10:00+00:00,1.35329,1.35336,1.35327,1.35331
2026-08-15 10:15:00+00:00,1.35329,1.35336,1.35327,1.35335
2026-08-15 10:20:00+00:00,1.35332,1.35337,1.35328,1.3533
2026-08-15 10:25:00+00:00,1.3533,1.35336,1.35327,1.35334
2026-08-15 10:30:00+00:00,1.3533,1.35338,1.35328,1.35334
2026-08-15 10:35:00+00:00,1.35332,1.35337,1.35329,1.35333
2026-08-15 10:40:00+00:00,1.3533,1.35336,1.35327,1.35334
2026-08-15 10:45:00+00:00,1.35331,1.35335,1.35328,1.35328
2026-08-15 10:50:00+00:00,1.35329,1.35335,1.35322,1.35323
2026-08-15 10:55:00+00:00,1.35323,1.35334,1.35323,1.35332
2026-08-15 11:00:00+00:00,1.3533,1.3534,1.35323,1.35328
2026-08-15 11:05:00+00:00,1.35329,1.35338,1.35329,1.35331
2026-08-15 11:10:00+00:00,1.35331,1.35337,1.35327,1.35333
2026-08-15 11:15:00+00:00,1.35331,1.35336,1.35328,1.35336
2026-08-15 11:20:00+00:00,1.35334,1.35334,1.35326,1.35328
2026-08-15 11:25:00+00:00,1.35328,1.35334,1.35327,1.35328
2026-08-15 11:30:00+00:00,1.35329,1.35336,1.35328,1.35333
2026-08-15 11:35:00+00:00,1.3533,1.35335,1.35329,1.35332
2026-08-15 11:40:00+00:00,1.35329,1.3534,1.35313,1.35314
2026-08-15 11:45:00+00:00,1.35315,1.35324,1.35305,1.35319
2026-08-15 11:50:00+00:00,1.35319,1.35332,1.35318,1.35329
2026-08-15 11:55:00+00:00,1.35326,1.35333,1.35326,1.35329
2026-08-15 12:00:00+00:00,1.35327,1.35334,1.35325,1.35327
2026-08-15 12:05:00+00:00,1.35327,1.35333,1.35327,1.35327
2026-08-15 12:10:00+00:00,1.35327,1.35334,1.35326,1.35331
2026-08-15 12:15:00+00:00,1.35328,1.35333,1.35327,1.3533
2026-08-15 12:20:00+00:00,1.35328,1.35334,1.35326,1.35327
2026-08-15 12:25:00+00:00,1.35328,1.35334,1.35327,1.35329
2026-08-15 12:30:00+00:00,1.35329,1.35337,1.35328,1.35333
2026-08-15 12:35:00+00:00,1.3533,1.35335,1.35329,1.35331
2026-08-15 12:40:00+00:00,1.35329,1.35335,1.35327,1.35328
2026-08-15 12:45:00+00:00,1.35329,1.35335,1.35328,1.35331
2026-08-15 12:50:00+00:00,1.35329,1.35335,1.35327,1.35332
2026-08-15 12:55:00+00:00,1.35329,1.35335,1.35327,1.35329
2026-08-15 13:00:00+00:00,1.35327,1.35333,1.35326,1.35326
2026-08-15 13:05:00+00:00,1.35327,1.35333,1.35325,1.3533
2026-08-15 13:10:00+00:00,1.35328,1.35334,1.35326,1.35331
2026-08-15 13:15:00+00:00,1.35328,1.35334,1.35327,1.3533
2026-08-15 13:20:00+00:00,1.35328,1.35335,1.35305,1.35306
2026-08-15 13:25:00+00:00,1.35308,1.35322,1.35304,1.35321
2026-08-15 13:30:00+00:00,1.35318,1.35323,1.35316,1.35321
2026-08-15 13:35:00+00:00,1.35318,1.35324,1.35316,1.3532
2026-08-15 13:40:00+00:00,1.35318,1.35324,1.35316,1.35317
2026-08-15 13:45:00+00:00,1.35318,1.35324,1.35316,1.35319
2026-08-15 13:50:00+00:00,1.35318,1.35324,1.35316,1.35321
2026-08-15 13:55:00+00:00,1.35318,1.35324,1.35316,1.3532
2026-08-15 14:00:00+00:00,1.35318,1.35324,1.35317,1.35317
2026-08-15 14:05:00+00:00,1.35318,1.35324,1.35316,1.35319
2026-08-15 14:10:00+00:00,1.35318,1.35324,1.35317,1.35322
2026-08-15 14:15:00+00:00,1.35319,1.35325,1.35317,1.35319
2026-08-15 14:20:00+00:00,1.35319,1.35324,1.35317,1.35318
2026-08-15 14:25:00+00:00,1.35319,1.35325,1.35317,1.3532
2026-08-15 14:30:00+00:00,1.35319,1.35324,1.35318,1.35323
2026-08-15 14:35:00+00:00,1.35317,1.35332,1.35317,1.35324
2026-08-15 14:40:00+00:00,1.35324,1.3533,1.35323,1.35323
2026-08-15 14:45:00+00:00,1.35324,1.35331,1.35322,1.35326
2026-08-15 14:50:00+00:00,1.35324,1.35329,1.35323,1.35327
2026-08-15 14:55:00+00:00,1.35324,1.3533,1.35322,1.35328
2026-08-15 15:00:00+00:00,1.35324,1.35326,1.35303,1.35304
2026-08-15 15:05:00+00:00,1.35306,1.35313,1.35305,1.35308
2026-08-15 15:10:00+00:00,1.35306,1.35311,1.35305,1.35309
2026-08-15 15:15:00+00:00,1.35306,1.35312,1.35304,1.3531
2026-08-15 15:20:00+00:00,1.35306,1.35312,1.35306,1.35306
2026-08-15 15:25:00+00:00,1.35306,1.35315,1.35304,1.35311
2026-08-15 15:30:00+00:00,1.35309,1.35313,1.35308,1.35312
2026-08-15 15:35:00+00:00,1.35309,1.35315,1.35307,1.35309
2026-08-15 15:40:00+00:00,1.35309,1.35314,1.35308,1.35308
2026-08-15 15:45:00+00:00,1.35309,1.35315,1.35307,1.35311
2026-08-15 15:50:00+00:00,1.35309,1.35315,1.35308,1.35314
2026-08-15 15:55:00+00:00,1.35311,1.35317,1.35309,1.35311
2026-08-15 16:00:00+00:00,1.35311,1.35364,1.35304,1.35342
2026-08-15 16:05:00+00:00,1.35343,1.35349,1.35341,1.35345
2026-08-15 16:10:00+00:00,1.35343,1.35347,1.35342,1.35346
2026-08-15 16:15:00+00:00,1.35343,1.35347,1.35334,1.35335
2026-08-15 16:20:00+00:00,1.35337,1.35341,1.35336,1.35336
2026-08-15 16:25:00+00:00,1.35337,1.35342,1.35335,1.35339
2026-08-15 16:30:00+00:00,1.35337,1.35341,1.35336,1.35339
2026-08-15 16:35:00+00:00,1.35337,1.35343,1.35335,1.35336
2026-08-15 16:40:00+00:00,1.35337,1.35338,1.35316,1.35322
2026-08-15 16:45:00+00:00,1.35321,1.35321,1.35309,1.35315
2026-08-15 16:50:00+00:00,1.35313,1.35317,1.35313,1.35315
2026-08-15 16:55:00+00:00,1.35313,1.35319,1.35311,1.35312
2026-08-15 17:00:00+00:00,1.35313,1.35364,1.35312,1.35347
2026-08-15 17:05:00+00:00,1.35347,1.35353,1.3534,1.35352
2026-08-15 17:10:00+00:00,1.35348,1.35348,1.3534,1.35344
2026-08-15 17:15:00+00:00,1.35342,1.35348,1.35334,1.35335
2026-08-15 17:20:00+00:00,1.35337,1.35341,1.35336,1.35337
2026-08-15 17:25:00+00:00,1.35337,1.3534,1.35332,1.35337
2026-08-15 17:30:00+00:00,1.35334,1.35339,1.35331,1.35335
2026-08-15 17:35:00+00:00,1.35333,1.35336,1.35328,1.35329
2026-08-15 17:40:00+00:00,1.3533,1.35334,1.35329,1.35329
2026-08-15 17:45:00+00:00,1.35329,1.35337,1.35328,1.35334
2026-08-15 17:50:00+00:00,1.35331,1.35337,1.3533,1.35333
2026-08-15 17:55:00+00:00,1.3533,1.35336,1.35328,1.35329
2026-08-15 18:00:00+00:00,1.3533,1.35375,1.35305,1.35359
2026-08-15 18:05:00+00:00,1.35358,1.35358,1.35344,1.35351
2026-08-15 18:10:00+00:00,1.35348,1.35354,1.3534,1.35345
2026-08-15 18:15:00+00:00,1.35344,1.35344,1.35336,1.35337
2026-08-15 18:20:00+00:00,1.35338,1.35341,1.35316,1.35324
2026-08-15 18:25:00+00:00,1.35323,1.35328,1.35308,1.35324
2026-08-15 18:30:00+00:00,1.35322,1.35327,1.35321,1.35323
2026-08-15 18:35:00+00:00,1.35322,1.3533,1.35319,1.35323
2026-08-15 18:40:00+00:00,1.35324,1.35329,1.35322,1.35326
2026-08-15 18:45:00+00:00,1.35324,1.35334,1.35324,1.35331
2026-08-15 18:50:00+00:00,1.35329,1.35333,1.35325,1.35329
2026-08-15 18:55:00+00:00,1.35327,1.35336,1.35326,1.35334
2026-08-15 19:00:00+00:00,1.3533,1.35377,1.35328,1.35363
2026-08-15 19:05:00+00:00,1.35361,1.35367,1.35359,1.35364
2026-08-15 19:10:00+00:00,1.35361,1.35367,1.35355,1.35362
2026-08-15 19:15:00+00:00,1.35361,1.35361,1.35349,1.35352
2026-08-15 19:20:00+00:00,1.35353,1.35358,1.3534,1.35342
2026-08-15 19:25:00+00:00,1.35344,1.3535,1.35339,1.35348
2026-08-15 19:30:00+00:00,1.35345,1.35347,1.35339,1.35343
2026-08-15 19:35:00+00:00,1.35341,1.35345,1.35334,1.35335
2026-08-15 19:40:00+00:00,1.35336,1.35339,1.35331,1.35334
2026-08-15 19:45:00+00:00,1.35333,1.35339,1.35331,1.35336
2026-08-15 19:50:00+00:00,1.35333,1.35339,1.35331,1.35335
2026-08-15 19:55:00+00:00,1.35333,1.35339,1.35332,1.35332
2026-08-15 20:00:00+00:00,1.35333,1.35369,1.35313,1.35358
2026-08-15 20:05:00+00:00,1.35353,1.35353,1.35322,1.35335
2026-08-15 20:10:00+00:00,1.35332,1.35338,1.3533,1.35335
2026-08-15 20:15:00+00:00,1.35332,1.35338,1.35331,1.35331
2026-08-15 20:20:00+00:00,1.35332,1.35338,1.3533,1.35333
2026-08-15 20:25:00+00:00,1.35332,1.35337,1.35328,1.35335
2026-08-15 20:30:00+00:00,1.35333,1.35336,1.35328,1.3533
2026-08-15 20:35:00+00:00,1.3533,1.35335,1.35329,1.35329
2026-08-15 20:40:00+00:00,1.3533,1.35336,1.35328,1.35331
2026-08-15 20:45:00+00:00,1.3533,1.35334,1.35328,1.35333
2026-08-15 20:50:00+00:00,1.3533,1.35336,1.35328,1.3533
2026-08-15 20:55:00+00:00,1.3533,1.35336,1.35327,1.35334
2026-08-15 21:00:00+00:00,1.3533,1.35377,1.35296,1.35363
2026-08-15 21:05:00+00:00,1.35361,1.35366,1.3536,1.35364
2026-08-15 21:10:00+00:00,1.35361,1.35367,1.35359,1.35361
2026-08-15 21:15:00+00:00,1.35361,1.35364,1.35358,1.35359
2026-08-15 21:20:00+00:00,1.3536,1.3536,1.35349,1.35355
2026-08-15 21:25:00+00:00,1.35353,1.35357,1.35352,1.35356
2026-08-15 21:30:00+00:00,1.35353,1.35359,1.35344,1.35345
2026-08-15 21:35:00+00:00,1.35347,1.35352,1.35346,1.35346
2026-08-15 21:40:00+00:00,1.35347,1.3535,1.35323,1.35333
2026-08-15 21:45:00+00:00,1.35331,1.35331,1.35313,1.35321
2026-08-15 21:50:00+00:00,1.35318,1.3533,1.35317,1.35324
2026-08-15 21:55:00+00:00,1.35324,1.3533,1.35324,1.35325
2026-08-15 22:00:00+00:00,1.35325,1.35373,1.35293,1.35353
2026-08-15 22:05:00+00:00,1.35351,1.35355,1.3535,1.35353
2026-08-15 22:10:00+00:00,1.35351,1.35351,1.35342,1.35344
2026-08-15 22:15:00+00:00,1.35345,1.35349,1.35344,1.35344
2026-08-15 22:20:00+00:00,1.35345,1.3535,1.35343,1.35347
2026-08-15 22:25:00+00:00,1.35345,1.35349,1.35344,1.35347
2026-08-15 22:30:00+00:00,1.35345,1.35351,1.35343,1.35344
2026-08-15 22:35:00+00:00,1.35345,1.35348,1.35338,1.35339
2026-08-15 22:40:00+00:00,1.3534,1.35346,1.35338,1.35342
2026-08-15 22:45:00+00:00,1.3534,1.35344,1.3534,1.35342
2026-08-15 22:50:00+00:00,1.3534,1.35346,1.35338,1.35339
2026-08-15 22:55:00+00:00,1.3534,1.35344,1.35339,1.35339
2026-08-15 23:00:00+00:00,1.3534,1.35377,1.35303,1.35374
2026-08-15 23:05:00+00:00,1.35366,1.35371,1.35366,1.35368
2026-08-15 23:10:00+00:00,1.35366,1.35372,1.35364,1.35365
2026-08-15 23:15:00+00:00,1.35366,1.3537,1.35355,1.35359
2026-08-15 23:20:00+00:00,1.35364,1.35364,1.35327,1.35337
2026-08-15 23:25:00+00:00,1.35334,1.35334,1.35318,1.35326
2026-08-15 23:30:00+00:00,1.35324,1.35329,1.35321,1.35323
2026-08-15 23:35:00+00:00,1.35324,1.35328,1.35322,1.35323
2026-08-15 23:40:00+00:00,1.35324,1.3533,1.35322,1.35326
2026-08-15 23:45:00+00:00,1.35324,1.35329,1.35323,1.35326
2026-08-15 23:50:00+00:00,1.35324,1.35329,1.35321,1.35322
2026-08-15 23:55:00+00:00,1.35323,1.35328,1.35321,1.35323
2026-08-16 00:00:00+00:00,1.35323,1.35329,1.35321,1.35326
2026-08-16 00:05:00+00:00,1.35323,1.35328,1.35322,1.35325
2026-08-16 00:10:00+00:00,1.35323,1.35333,1.35319,1.35326
2026-08-16 00:15:00+00:00,1.35327,1.35331,1.35324,1.35326
2026-08-16 00:20:00+00:00,1.35326,1.35332,1.35324,1.35328
2026-08-16 00:25:00+00:00,1.35326,1.35331,1.35325,1.35327
2026-08-16 00:30:00+00:00,1.35326,1.35332,1.35324,1.35325
2026-08-16 00:35:00+00:00,1.35326,1.35331,1.35324,1.35326
2026-08-16 00:40:00+00:00,1.35326,1.3533,1.35322,1.35327
2026-08-16 00:45:00+00:00,1.35324,1.3533,1.35323,1.35327
2026-08-16 00:50:00+00:00,1.35324,1.35331,1.35323,1.35324
2026-08-16 00:55:00+00:00,1.35324,1.3533,1.35323,1.35326
2026-08-16 01:00:00+00:00,1.35324,1.35327,1.35307,1.35316
2026-08-16 01:05:00+00:00,1.35313,1.35313,1.35303,1.35309
2026-08-16 01:10:00+00:00,1.35306,1.35313,1.35305,1.35306
2026-08-16 01:15:00+00:00,1.35306,1.35312,1.35305,1.35308
2026-08-16 01:20:00+00:00,1.35306,1.35312,1.35305,1.3531
2026-08-16 01:25:00+00:00,1.35306,1.35324,1.35295,1.3532
2026-08-16 01:30:00+00:00,1.35317,1.35324,1.35316,1.35317
2026-08-16 01:35:00+00:00,1.35318,1.35324,1.35316,1.35319
2026-08-16 01:40:00+00:00,1.35318,1.35323,1.35316,1.35321
2026-08-16 01:45:00+00:00,1.35318,1.35324,1.35316,1.3532
2026-08-16 01:50:00+00:00,1.35318,1.35324,1.35317,1.35317
2026-08-16 01:55:00+00:00,1.35318,1.35324,1.35316,1.35319
2026-08-16 02:00:00+00:00,1.35318,1.35324,1.35317,1.35321
2026-08-16 02:05:00+00:00,1.35318,1.35324,1.35317,1.35321
2026-08-16 02:10:00+00:00,1.35318,1.35325,1.35318,1.35319
2026-08-16 02:15:00+00:00,1.3532,1.35326,1.35318,1.35321
2026-08-16 02:20:00+00:00,1.3532,1.35325,1.35318,1.35323
2026-08-16 02:25:00+00:00,1.3532,1.35326,1.35318,1.3532
2026-08-16 02:30:00+00:00,1.3532,1.35325,1.35319,1.35319
2026-08-16 02:35:00+00:00,1.3532,1.35333,1.35318,1.3533
2026-08-16 02:40:00+00:00,1.35328,1.35331,1.35316,1.35324
2026-08-16 02:45:00+00:00,1.35321,1.35321,1.35307,1.35312
2026-08-16 02:50:00+00:00,1.35312,1.35317,1.35311,1.35311
2026-08-16 02:55:00+00:00,1.35312,1.35318,1.3531,1.35313
2026-08-16 03:00:00+00:00,1.35312,1.35316,1.3531,1.35315
2026-08-16 03:05:00+00:00,1.35312,1.35318,1.3531,1.35312
2026-08-16 03:10:00+00:00,1.35312,1.35319,1.35312,1.35312
2026-08-16 03:15:00+00:00,1.35313,1.35319,1.35311,1.35315
2026-08-16 03:20:00+00:00,1.35313,1.35318,1.35312,1.35316
2026-08-16 03:25:00+00:00,1.35313,1.35319,1.35311,1.35317
2026-08-16 03:30:00+00:00,1.35313,1.35318,1.35313,1.35313
2026-08-16 03:35:00+00:00,1.35313,1.35321,1.35312,1.35317
2026-08-16 03:40:00+00:00,1.35315,1.35319,1.35314,1.35317
2026-08-16 03:45:00+00:00,1.35315,1.35321,1.35313,1.35315
2026-08-16 03:50:00+00:00,1.35315,1.35319,1.35314,1.35314
2026-08-16 03:55:00+00:00,1.35315,1.35321,1.35313,1.35317
2026-08-16 04:00:00+00:00,1.35315,1.35319,1.35314,1.35318
2026-08-16 04:05:00+00:00,1.35316,1.35322,1.35314,1.35316
2026-08-16 04:10:00+00:00,1.35316,1.3532,1.35315,1.35315
2026-08-16 04:15:00+00:00,1.35316,1.35322,1.35314,1.35318
2026-08-16 04:20:00+00:00,1.35316,1.3532,1.35309,1.35313
2026-08-16 04:25:00+00:00,1.35311,1.35316,1.35303,1.35305
2026-08-16 04:30:00+00:00,1.35305,1.35309,1.35305,1.35305
2026-08-16 04:35:00+00:00,1.35305,1.35311,1.35303,1.35308
2026-08-16 04:40:00+00:00,1.35305,1.3531,1.35305,1.35308
2026-08-16 04:45:00+00:00,1.35305,1.35311,1.35303,1.35305
2026-08-16 04:50:00+00:00,1.35305,1.35312,1.35304,1.35308
2026-08-16 04:55:00+00:00,1.35308,1.35317,1.35305,1.35314
2026-08-16 05:00:00+00:00,1.35311,1.35316,1.35311,1.35314
2026-08-16 05:05:00+00:00,1.35311,1.35317,1.35309,1.35311
2026-08-16 05:10:00+00:00,1.35311,1.35316,1.3531,1.35311
2026-08-16 05:15:00+00:00,1.35311,1.35319,1.3531,1.35316
2026-08-16 05:20:00+00:00,1.35313,1.35318,1.35313,1.35315
2026-08-16 05:25:00+00:00,1.35313,1.35319,1.35311,1.35313
2026-08-16 05:30:00+00:00,1.35313,1.35318,1.35312,1.35313
2026-08-16 05:35:00+00:00,1.35313,1.35319,1.35311,1.35316
2026-08-16 05:40:00+00:00,1.35313,1.3532,1.35313,1.35318
2026-08-16 05:45:00+00:00,1.35316,1.35322,1.35314,1.35316
2026-08-16 05:50:00+00:00,1.35316,1.35321,1.35315,1.35316
2026-08-16 05:55:00+00:00,1.35316,1.35322,1.35314,1.35319
2026-08-16 06:00:00+00:00,1.35316,1.35323,1.35316,1.35321
2026-08-16 06:05:00+00:00,1.35319,1.35325,1.35307,1.3531
2026-08-16 06:10:00+00:00,1.3531,1.35315,1.35309,1.35312
2026-08-16 06:15:00+00:00,1.3531,1.35324,1.35305,1.35321
2026-08-16 06:20:00+00:00,1.35318,1.35324,1.35317,1.3532
2026-08-16 06:25:00+00:00,1.35318,1.3533,1.35316,1.35323
2026-08-16 06:30:00+00:00,1.35324,1.35328,1.35322,1.35323
2026-08-16 06:35:00+00:00,1.35323,1.35329,1.35321,1.35326
2026-08-16 06:40:00+00:00,1.35323,1.35329,1.35322,1.35325
2026-08-16 06:45:00+00:00,1.35323,1.35329,1.35321,1.35322
2026-08-16 06:50:00+00:00,1.35323,1.35329,1.35321,1.35325
2026-08-16 06:55:00+00:00,1.35323,1.35328,1.3532,1.35325
2026-08-16 07:00:00+00:00,1.35322,1.35328,1.35321,1.35325
2026-08-16 07:05:00+00:00,1.35322,1.35329,1.35321,1.35322
2026-08-16 07:10:00+00:00,1.35322,1.35328,1.35321,1.35324
2026-08-16 07:15:00+00:00,1.35322,1.35328,1.35321,1.35326
2026-08-16 07:20:00+00:00,1.35322,1.35329,1.3532,1.35324
2026-08-16 07:25:00+00:00,1.35322,1.35328,1.35321,1.35321
2026-08-16 07:30:00+00:00,1.35322,1.35328,1.3532,1.35323
2026-08-16 07:35:00+00:00,1.35322,1.35327,1.3532,1.35325
2026-08-16 07:40:00+00:00,1.35322,1.35329,1.35313,1.35318
2026-08-16 07:45:00+00:00,1.35316,1.35318,1.35305,1.35307
2026-08-16 07:50:00+00:00,1.35308,1.35314,1.35306,1.35309
2026-08-16 07:55:00+00:00,1.35308,1.35314,1.35307,1.35311
2026-08-16 08:00:00+00:00,1.35308,1.35315,1.35307,1.35311
2026-08-16 08:05:00+00:00,1.35308,1.35314,1.35307,1.35307
2026-08-16 08:10:00+00:00,1.35308,1.35317,1.35306,1.35312
2026-08-16 08:15:00+00:00,1.35311,1.35316,1.35309,1.35314
2026-08-16 08:20:00+00:00,1.35311,1.35317,1.35309,1.35311
2026-08-16 08:25:00+00:00,1.35311,1.35316,1.3531,1.3531
2026-08-16 08:30:00+00:00,1.35311,1.35317,1.35309,1.35312
2026-08-16 08:35:00+00:00,1.35311,1.35317,1.3531,1.35316
2026-08-16 08:40:00+00:00,1.35313,1.35319,1.35311,1.35313
2026-08-16 08:45:00+00:00,1.35313,1.35318,1.35312,1.35312
2026-08-16 08:50:00+00:00,1.35313,1.35319,1.35311,1.35314
2026-08-16 08:55:00+00:00,1.35313,1.35317,1.35311,1.35316
2026-08-16 09:00:00+00:00,1.35313,1.3532,1.35311,1.35314
2026-08-16 09:05:00+00:00,1.35314,1.35319,1.35313,1.35313
2026-08-16 09:10:00+00:00,1.35314,1.3532,1.35312,1.35316
2026-08-16 09:15:00+00:00,1.35314,1.35318,1.35313,1.35317
2026-08-16 09:20:00+00:00,1.35314,1.3532,1.35307,1.35309
2026-08-16 09:25:00+00:00,1.35309,1.35316,1.35309,1.35311
2026-08-16 09:30:00+00:00,1.35311,1.35317,1.35309,1.35313
2026-08-16 09:35:00+00:00,1.35311,1.35315,1.35311,1.35314
2026-08-16 09:40:00+00:00,1.35311,1.35317,1.35309,1.35311
2026-08-16 09:45:00+00:00,1.35311,1.35316,1.35311,1.35311
2026-08-16 09:50:00+00:00,1.35311,1.35319,1.3531,1.35315
2026-08-16 09:55:00+00:00,1.35313,1.35319,1.35313,1.35318
2026-08-16 10:00:00+00:00,1.35315,1.35321,1.35313,1.35315
2026-08-16 10:05:00+00:00,1.35315,1.3532,1.35315,1.35315
2026-08-16 10:10:00+00:00,1.35315,1.35321,1.35313,1.35318
2026-08-16 10:15:00+00:00,1.35315,1.3532,1.35315,1.35318
2026-08-16 10:20:00+00:00,1.35315,1.35321,1.35314,1.35315
2026-08-16 10:25:00+00:00,1.35315,1.3532,1.35315,1.35315
2026-08-16 10:30:00+00:00,1.35315,1.35321,1.35313,1.35318
2026-08-16 10:35:00+00:00,1.35315,1.3532,1.35315,1.35318
2026-08-16 10:40:00+00:00,1.35315,1.35321,1.35313,1.35315
2026-08-16 10:45:00+00:00,1.35315,1.35319,1.35315,1.35315
2026-08-16 10:50:00+00:00,1.35315,1.35321,1.35313,1.35318
2026-08-16 10:55:00+00:00,1.35315,1.3532,1.35315,1.35318
2026-08-16 11:00:00+00:00,1.35315,1.35321,1.35313,1.35315
2026-08-16 11:05:00+00:00,1.35315,1.3532,1.35314,1.35315
2026-08-16 11:10:00+00:00,1.35315,1.35321,1.35313,1.35318
2026-08-16 11:15:00+00:00,1.35315,1.35321,1.35315,1.35318
2026-08-16 11:20:00+00:00,1.35315,1.35321,1.35313,1.35315
2026-08-16 11:25:00+00:00,1.35315,1.3532,1.35314,1.35315
2026-08-16 11:30:00+00:00,1.35315,1.35321,1.35314,1.35318
2026-08-16 11:35:00+00:00,1.35315,1.35321,1.35315,1.35317
2026-08-16 11:40:00+00:00,1.35315,1.35324,1.353,1.35305
2026-08-16 11:45:00+00:00,1.35305,1.3531,1.35304,1.35305
2026-08-16 11:50:00+00:00,1.35305,1.35311,1.35303,1.35308
2026-08-16 11:55:00+00:00,1.35305,1.35311,1.35305,1.35307
2026-08-16 12:00:00+00:00,1.35305,1.35311,1.35303,1.35304
2026-08-16 12:05:00+00:00,1.35305,1.3531,1.35304,1.35305
2026-08-16 12:10:00+00:00,1.35305,1.35311,1.35303,1.35308
2026-08-16 12:15:00+00:00,1.35305,1.35311,1.35304,1.35307
2026-08-16 12:20:00+00:00,1.35305,1.35311,1.35303,1.35304
2026-08-16 12:25:00+00:00,1.35305,1.35311,1.35304,1.35307
2026-08-16 12:30:00+00:00,1.35305,1.35311,1.35303,1.35308
2026-08-16 12:35:00+00:00,1.35305,1.35311,1.35304,1.35307
2026-08-16 12:40:00+00:00,1.35305,1.35311,1.35304,1.35304
2026-08-16 12:45:00+00:00,1.35305,1.35311,1.35303,1.35307
2026-08-16 12:50:00+00:00,1.35305,1.35311,1.35303,1.35308
2026-08-16 12:55:00+00:00,1.35305,1.35311,1.35304,1.35308
2026-08-16 13:00:00+00:00,1.35305,1.35311,1.35304,1.35304
2026-08-16 13:05:00+00:00,1.35305,1.35311,1.35303,1.35307
2026-08-16 13:10:00+00:00,1.35305,1.35311,1.35303,1.35308
2026-08-16 13:15:00+00:00,1.35305,1.35336,1.35291,1.35335
2026-08-16 13:20:00+00:00,1.35332,1.35338,1.35313,1.35318
2026-08-16 13:25:00+00:00,1.35319,1.35324,1.35317,1.3532
2026-08-16 13:30:00+00:00,1.35319,1.35324,1.35317,1.35322
2026-08-16 13:35:00+00:00,1.35319,1.35325,1.35317,1.35321
2026-08-16 13:40:00+00:00,1.35319,1.35325,1.35317,1.35318
2026-08-16 13:45:00+00:00,1.35319,1.35325,1.35317,1.3532
2026-08-16 13:50:00+00:00,1.35319,1.35324,1.35317,1.35322
2026-08-16 13:55:00+00:00,1.35319,1.35325,1.35317,1.35321
2026-08-16 14:00:00+00:00,1.35319,1.3533,1.35318,1.35323
2026-08-16 14:05:00+00:00,1.35323,1.3534,1.35299,1.35335
2026-08-16 14:10:00+00:00,1.35333,1.35341,1.35333,1.35339
2026-08-16 14:15:00+00:00,1.35336,1.35345,1.35336,1.3534
2026-08-16 14:20:00+00:00,1.35338,1.35341,1.35335,1.35335
2026-08-16 14:25:00+00:00,1.35336,1.35341,1.35333,1.35336
2026-08-16 14:30:00+00:00,1.35335,1.3534,1.35334,1.35338
2026-08-16 14:35:00+00:00,1.35335,1.35341,1.35333,1.35338
2026-08-16 14:40:00+00:00,1.35335,1.3534,1.35334,1.35334
2026-08-16 14:45:00+00:00,1.35335,1.35349,1.35324,1.35346
2026-08-16 14:50:00+00:00,1.35341,1.35341,1.35316,1.35327
2026-08-16 14:55:00+00:00,1.35324,1.35333,1.35316,1.35324
2026-08-16 15:00:00+00:00,1.3532,1.35322,1.35314,1.35315
2026-08-16 15:05:00+00:00,1.35316,1.35322,1.35314,1.35318
2026-08-16 15:10:00+00:00,1.35316,1.35326,1.35314,1.35325
2026-08-16 15:15:00+00:00,1.35322,1.35328,1.3532,1.35322
2026-08-16 15:20:00+00:00,1.35322,1.35334,1.35322,1.35328
2026-08-16 15:25:00+00:00,1.35329,1.35343,1.35311,1.35318
2026-08-16 15:30:00+00:00,1.35316,1.3532,1.35315,1.35319
2026-08-16 15:35:00+00:00,1.35316,1.35322,1.35314,1.35316
2026-08-16 15:40:00+00:00,1.35316,1.35321,1.35315,1.35315
2026-08-16 15:45:00+00:00,1.35316,1.35322,1.35314,1.35318
2026-08-16 15:50:00+00:00,1.35316,1.3532,1.35302,1.35309
2026-08-16 15:55:00+00:00,1.35306,1.35325,1.35292,1.35319
2026-08-16 16:00:00+00:00,1.35319,1.35373,1.35317,1.35367
2026-08-16 16:05:00+00:00,1.35357,1.35363,1.35355,1.35359
2026-08-16 16:10:00+00:00,1.35357,1.35362,1.35357,1.3536
2026-08-16 16:15:00+00:00,1.35357,1.35362,1.35329,1.35338
2026-08-16 16:20:00+00:00,1.35339,1.35343,1.35338,1.35338
2026-08-16 16:25:00+00:00,1.35339,1.35345,1.35337,1.35341
2026-08-16 16:30:00+00:00,1.35339,1.35343,1.35339,1.35341
2026-08-16 16:35:00+00:00,1.35339,1.35345,1.35337,1.35338
2026-08-16 16:40:00+00:00,1.35339,1.35341,1.35307,1.35312
2026-08-16 16:45:00+00:00,1.35312,1.35318,1.3531,1.35315
2026-08-16 16:50:00+00:00,1.35312,1.35317,1.35312,1.35315
2026-08-16 16:55:00+00:00,1.35312,1.35318,1.3531,1.35312
2026-08-16 17:00:00+00:00,1.35312,1.35371,1.35295,1.35367
2026-08-16 17:05:00+00:00,1.35358,1.35359,1.3532,1.35332
2026-08-16 17:10:00+00:00,1.3533,1.3534,1.35328,1.35339
2026-08-16 17:15:00+00:00,1.35337,1.35342,1.35333,1.35334
2026-08-16 17:20:00+00:00,1.35335,1.35339,1.35333,1.35334
2026-08-16 17:25:00+00:00,1.35335,1.35343,1.35332,1.3534
2026-08-16 17:30:00+00:00,1.35337,1.35343,1.3532,1.35329
2026-08-16 17:35:00+00:00,1.35325,1.35342,1.35325,1.3534
2026-08-16 17:40:00+00:00,1.35336,1.35341,1.35334,1.35335
2026-08-16 17:45:00+00:00,1.35336,1.35342,1.3533,1.35339
2026-08-16 17:50:00+00:00,1.35336,1.35341,1.35334,1.3534
2026-08-16 17:55:00+00:00,1.35339,1.35344,1.35334,1.35334
2026-08-16 18:00:00+00:00,1.35336,1.35362,1.35323,1.35338
2026-08-16 18:05:00+00:00,1.35342,1.35345,1.3533,1.35336
2026-08-16 18:10:00+00:00,1.35334,1.35338,1.35329,1.35331
2026-08-16 18:15:00+00:00,1.35329,1.35337,1.35329,1.3533
2026-08-16 18:20:00+00:00,1.35331,1.35337,1.35327,1.35329
2026-08-16 18:25:00+00:00,1.3533,1.35337,1.35328,1.35333
2026-08-16 18:30:00+00:00,1.3533,1.35336,1.35327,1.35333
2026-08-16 18:35:00+00:00,1.35328,1.35337,1.35327,1.35335
2026-08-16 18:40:00+00:00,1.35331,1.35356,1.35318,1.35355
2026-08-16 18:45:00+00:00,1.35352,1.35362,1.35347,1.3535
2026-08-16 18:50:00+00:00,1.35351,1.35363,1.35351,1.35363
2026-08-16 18:55:00+00:00,1.35361,1.35367,1.3536,1.3536
2026-08-16 19:00:00+00:00,1.35361,1.3537,1.35333,1.35336
2026-08-16 19:05:00+00:00,1.3534,1.35347,1.3533,1.35336
2026-08-16 19:10:00+00:00,1.35337,1.35353,1.35297,1.35353
2026-08-16 19:15:00+00:00,1.35352,1.35363,1.35267,1.3536
2026-08-16 19:20:00+00:00,1.35356,1.35426,1.35212,1.35316
2026-08-16 19:25:00+00:00,1.35301,1.35301,1.35232,1.35273
2026-08-16 19:30:00+00:00,1.35269,1.353,1.35263,1.35275
2026-08-16 19:35:00+00:00,1.35276,1.35369,1.35184,1.3535
2026-08-16 19:40:00+00:00,1.35341,1.35375,1.35263,1.35365
2026-08-16 19:45:00+00:00,1.35346,1.35393,1.35101,1.35373
2026-08-16 19:50:00+00:00,1.35342,1.35363,1.35272,1.35357
2026-08-16 19:55:00+00:00,1.35346,1.35437,1.35202,1.35225
2026-08-16 20:00:00+00:00,1.35281,1.35442,1.35096,1.35366
2026-08-16 20:05:00+00:00,1.3537,1.35407,1.35356,1.35369
2026-08-16 20:10:00+00:00,1.35367,1.35395,1.35352,1.35394
2026-08-16 20:15:00+00:00,1.3539,1.35395,1.35355,1.35386
2026-08-16 20:20:00+00:00,1.35381,1.35392,1.35362,1.3539
2026-08-16 20:25:00+00:00,1.35385,1.35385,1.35351,1.35372
2026-08-16 20:30:00+00:00,1.35368,1.35417,1.35339,1.35379
2026-08-16 20:35:00+00:00,1.35371,1.354,1.35347,1.35395
2026-08-16 20:40:00+00:00,1.35385,1.35395,1.35342,1.35353
2026-08-16 20:45:00+00:00,1.35348,1.35386,1.35348,1.35384
2026-08-16 20:50:00+00:00,1.35379,1.35411,1.35353,1.3536
2026-08-16 20:55:00+00:00,1.35372,1.35402,1.35338,1.35358
2026-08-16 21:00:00+00:00,1.35362,1.35404,1.35355,1.35366
2026-08-16 21:05:00+00:00,1.35375,1.35394,1.35347,1.35391
2026-08-16 21:10:00+00:00,1.3538,1.35427,1.3538,1.35415
2026-08-16 21:15:00+00:00,1.35408,1.35408,1.35373,1.3539
2026-08-16 21:20:00+00:00,1.35386,1.35417,1.35373,1.35383
2026-08-16 21:25:00+00:00,1.35384,1.35394,1.35379,1.35394
2026-08-16 21:30:00+00:00,1.35389,1.35397,1.35378,1.35393
2026-08-16 21:35:00+00:00,1.3539,1.35403,1.35358,1.35362
2026-08-16 21:40:00+00:00,1.3537,1.35395,1.3537,1.35391
2026-08-16 21:45:00+00:00,1.35387,1.35393,1.35358,1.3536
2026-08-16 21:50:00+00:00,1.35361,1.35368,1.35348,1.35357
2026-08-16 21:55:00+00:00,1.35355,1.35355,1.3532,1.35321
2026-08-16 22:00:00+00:00,1.35324,1.35345,1.35321,1.35324
2026-08-16 22:05:00+00:00,1.35327,1.35327,1.35313,1.35315
2026-08-16 22:10:00+00:00,1.35313,1.35326,1.35308,1.35324
2026-08-16 22:15:00+00:00,1.3532,1.35349,1.3532,1.35348
2026-08-16 22:20:00+00:00,1.35345,1.35375,1.3534,1.35373
2026-08-16 22:25:00+00:00,1.35367,1.35377,1.35367,1.35375
2026-08-16 22:30:00+00:00,1.35371,1.35398,1.35367,1.35388
2026-08-16 22:35:00+00:00,1.3539,1.35406,1.3539,1.35402
2026-08-16 22:40:00+00:00,1.35403,1.35408,1.35397,1.354
2026-08-16 22:45:00+00:00,1.35398,1.35406,1.35397,1.35403
2026-08-16 22:50:00+00:00,1.35399,1.35421,1.35392,1.35396
2026-08-16 22:55:00+00:00,1.35405,1.3544,1.35405,1.35435
2026-08-16 23:00:00+00:00,1.35429,1.35449,1.35429,1.35446
2026-08-16 23:05:00+00:00,1.35443,1.35452,1.35441,1.35452
2026-08-16 23:10:00+00:00,1.35451,1.35457,1.35444,1.35446
2026-08-16 23:15:00+00:00,1.35447,1.35447,1.35441,1.35443
2026-08-16 23:20:00+00:00,1.35442,1.35442,1.35433,1.35439
2026-08-16 23:25:00+00:00,1.35435,1.35447,1.35434,1.35444
2026-08-16 23:30:00+00:00,1.35441,1.35448,1.35439,1.3544
2026-08-16 23:35:00+00:00,1.3544,1.35448,1.35432,1.35446
2026-08-16 23:40:00+00:00,1.35442,1.35459,1.35442,1.35456
2026-08-16 23:45:00+00:00,1.35453,1.35468,1.35453,1.35467
2026-08-16 23:50:00+00:00,1.35463,1.35478,1.35459,1.3546
2026-08-16 23:55:00+00:00,1.3546,1.35469,1.3545,1.35468
2026-08-17 00:00:00+00:00,1.35465,1.35523,1.35461,1.35521
2026-08-17 00:05:00+00:00,1.35517,1.3552,1.35505,1.35517
2026-08-17 00:10:00+00:00,1.35516,1.35522,1.35508,1.35518
2026-08-17 00:15:00+00:00,1.35513,1.35534,1.35513,1.35532
2026-08-17 00:20:00+00:00,1.3553,1.35531,1.35515,1.35525
2026-08-17 00:25:00+00:00,1.35515,1.3554,1.35515,1.3553
2026-08-17 00:30:00+00:00,1.35529,1.35561,1.35529,1.35555
2026-08-17 00:35:00+00:00,1.35555,1.35563,1.35531,1.35535
2026-08-17 00:40:00+00:00,1.35535,1.35543,1.35528,1.3554
2026-08-17 00:45:00+00:00,1.35537,1.35544,1.35534,1.35535
2026-08-17 00:50:00+00:00,1.35536,1.35547,1.35524,1.35545
2026-08-17 00:55:00+00:00,1.35541,1.35548,1.35531,1.35535
2026-08-17 01:00:00+00:00,1.35535,1.3556,1.35522,1.35526
2026-08-17 01:05:00+00:00,1.35529,1.35549,1.35519,1.35547
2026-08-17 01:10:00+00:00,1.35545,1.35545,1.35518,1.3552
2026-08-17 01:15:00+00:00,1.35527,1.35536,1.35527,1.35531
2026-08-17 01:20:00+00:00,1.3553,1.35561,1.3552,1.35559
2026-08-17 01:25:00+00:00,1.35555,1.35558,1.35547,1.35551
2026-08-17 01:30:00+00:00,1.3555,1.3555,1.35525,1.35525
2026-08-17 01:35:00+00:00,1.35525,1.35528,1.35507,1.35508
2026-08-17 01:40:00+00:00,1.35509,1.35537,1.35509,1.35536
2026-08-17 01:45:00+00:00,1.35531,1.35554,1.35531,1.35545
2026-08-17 01:50:00+00:00,1.35546,1.35561,1.35543,1.35556
2026-08-17 01:55:00+00:00,1.35551,1.35559,1.35542,1.35554
2026-08-17 02:00:00+00:00,1.35549,1.35558,1.35549,1.35554
2026-08-17 02:05:00+00:00,1.35551,1.35565,1.35538,1.35542
2026-08-17 02:10:00+00:00,1.35541,1.35542,1.35517,1.3552
2026-08-17 02:15:00+00:00,1.35527,1.35551,1.35527,1.35547
2026-08-17 02:20:00+00:00,1.35546,1.35551,1.35538,1.35545
2026-08-17 02:25:00+00:00,1.35542,1.35557,1.35538,1.35555
2026-08-17 02:30:00+00:00,1.3555,1.35565,1.35514,1.35518
2026-08-17 02:35:00+00:00,1.35524,1.35525,1.35498,1.35522
2026-08-17 02:40:00+00:00,1.3552,1.35536,1.35519,1.35524
2026-08-17 02:45:00+00:00,1.35528,1.35528,1.35503,1.3552
2026-08-17 02:50:00+00:00,1.3552,1.35523,1.35507,1.35516
2026-08-17 02:55:00+00:00,1.35514,1.35519,1.35498,1.35499
2026-08-17 03:00:00+00:00,1.355,1.35503,1.35487,1.35491
2026-08-17 03:05:00+00:00,1.35497,1.35499,1.35485,1.3549
2026-08-17 03:10:00+00:00,1.35491,1.355,1.35486,1.35496
2026-08-17 03:15:00+00:00,1.35491,1.35513,1.35491,1.3551
2026-08-17 03:20:00+00:00,1.35508,1.35508,1.35497,1.35502
2026-08-17 03:25:00+00:00,1.35499,1.35506,1.35484,1.35494
2026-08-17 03:30:00+00:00,1.35495,1.35503,1.35494,1.35498
2026-08-17 03:35:00+00:00,1.35498,1.35499,1.3547,1.35476
2026-08-17 03:40:00+00:00,1.35474,1.35485,1.35472,1.35484
2026-08-17 03:45:00+00:00,1.35481,1.35492,1.35476,1.3549
2026-08-17 03:50:00+00:00,1.35487,1.355,1.35483,1.35497
2026-08-17 03:55:00+00:00,1.35492,1.35516,1.35492,1.35515
2026-08-17 04:00:00+00:00,1.35508,1.35524,1.35508,1.35523
2026-08-17 04:05:00+00:00,1.3552,1.35559,1.35519,1.35555
2026-08-17 04:10:00+00:00,1.35548,1.35567,1.35548,1.35565
2026-08-17 04:15:00+00:00,1.35563,1.35569,1.35547,1.35548
2026-08-17 04:20:00+00:00,1.35549,1.35553,1.35536,1.35547
2026-08-17 04:25:00+00:00,1.35543,1.3556,1.35543,1.35557
2026-08-17 04:30:00+00:00,1.35555,1.35555,1.35544,1.35544
2026-08-17 04:35:00+00:00,1.35544,1.35554,1.35538,1.35551
2026-08-17 04:40:00+00:00,1.35548,1.35555,1.35547,1.35548
2026-08-17 04:45:00+00:00,1.35549,1.35558,1.35542,1.35546
2026-08-17 04:50:00+00:00,1.35545,1.35545,1.35529,1.3553
2026-08-17 04:55:00+00:00,1.35531,1.35531,1.35514,1.35524
2026-08-17 05:00:00+00:00,1.35521,1.35526,1.35513,1.35525
2026-08-17 05:05:00+00:00,1.35523,1.35528,1.35516,1.35519
2026-08-17 05:10:00+00:00,1.35519,1.35522,1.35505,1.35506
2026-08-17 05:15:00+00:00,1.35507,1.35521,1.35501,1.35517
2026-08-17 05:20:00+00:00,1.35515,1.3554,1.35507,1.35537
2026-08-17 05:25:00+00:00,1.35527,1.35554,1.35527,1.35552
2026-08-17 05:30:00+00:00,1.35548,1.35552,1.35531,1.35537
2026-08-17 05:35:00+00:00,1.35537,1.35543,1.35535,1.35539
2026-08-17 05:40:00+00:00,1.35536,1.35548,1.35536,1.35539
2026-08-17 05:45:00+00:00,1.3554,1.35573,1.35529,1.35567
2026-08-17 05:50:00+00:00,1.35559,1.35585,1.35556,1.35562
2026-08-17 05:55:00+00:00,1.35562,1.35567,1.35531,1.35533
2026-08-17 06:00:00+00:00,1.35533,1.35569,1.35524,1.35568
2026-08-17 06:05:00+00:00,1.35565,1.35565,1.35536,1.35555
2026-08-17 06:10:00+00:00,1.3555,1.3555,1.35512,1.35522
2026-08-17 06:15:00+00:00,1.35518,1.35529,1.35516,1.35518
2026-08-17 06:20:00+00:00,1.35518,1.3554,1.35516,1.35529
2026-08-17 06:25:00+00:00,1.35526,1.35559,1.35517,1.35552
2026-08-17 06:30:00+00:00,1.35543,1.35558,1.35536,1.3554
2026-08-17 06:35:00+00:00,1.35539,1.35539,1.35516,1.35529
2026-08-17 06:40:00+00:00,1.35521,1.35547,1.35516,1.3553
2026-08-17 06:45:00+00:00,1.35523,1.35577,1.35523,1.35575
2026-08-17 06:50:00+00:00,1.35572,1.35595,1.35568,1.35593
2026-08-17 06:55:00+00:00,1.35591,1.35599,1.35586,1.35588
2026-08-17 07:00:00+00:00,1.3559,1.3559,1.35558,1.3556
2026-08-17 07:05:00+00:00,1.35562,1.35594,1.35562,1.35584
2026-08-17 07:10:00+00:00,1.35584,1.35598,1.35576,1.35584
2026-08-17 07:15:00+00:00,1.35586,1.35634,1.35579,1.35627
2026-08-17 07:20:00+00:00,1.35605,1.35648,1.35605,1.35645
2026-08-17 07:25:00+00:00,1.35641,1.35646,1.35623,1.35641
2026-08-17 07:30:00+00:00,1.35634,1.35698,1.35634,1.35671
2026-08-17 07:35:00+00:00,1.35676,1.35676,1.3565,1.35666
2026-08-17 07:40:00+00:00,1.35659,1.3572,1.35656,1.35707
2026-08-17 07:45:00+00:00,1.35706,1.35706,1.35628,1.3563
2026-08-17 07:50:00+00:00,1.35631,1.35647,1.35624,1.35626
2026-08-17 07:55:00+00:00,1.3563,1.35642,1.35621,1.3564
2026-08-17 08:00:00+00:00,1.35637,1.35637,1.35604,1.35606
2026-08-17 08:05:00+00:00,1.35609,1.3565,1.35609,1.35628
2026-08-17 08:10:00+00:00,1.35629,1.3565,1.35617,1.35648
2026-08-17 08:15:00+00:00,1.35645,1.35668,1.35645,1.35667
2026-08-17 08:20:00+00:00,1.35664,1.35667,1.35645,1.35662
2026-08-17 08:25:00+00:00,1.35652,1.35708,1.35652,1.35702
2026-08-17 08:30:00+00:00,1.35694,1.35716,1.35676,1.35678
2026-08-17 08:35:00+00:00,1.3568,1.35682,1.35651,1.35676
2026-08-17 08:40:00+00:00,1.3567,1.3567,1.35621,1.35623
2026-08-17 08:45:00+00:00,1.35626,1.35626,1.35595,1.35596
2026-08-17 08:50:00+00:00,1.35597,1.35601,1.35513,1.35521
2026-08-17 08:55:00+00:00,1.35536,1.35539,1.35503,1.35538
2026-08-17 09:00:00+00:00,1.35535,1.35543,1.35517,1.3552
2026-08-17 09:05:00+00:00,1.35527,1.35576,1.35527,1.35573
2026-08-17 09:10:00+00:00,1.35567,1.35575,1.35563,1.35566
2026-08-17 09:15:00+00:00,1.35564,1.35578,1.35562,1.35577
2026-08-17 09:20:00+00:00,1.35574,1.35578,1.35541,1.35545
2026-08-17 09:25:00+00:00,1.35553,1.35585,1.35553,1.35581
2026-08-17 09:30:00+00:00,1.35575,1.35595,1.35575,1.35586
2026-08-17 09:35:00+00:00,1.35584,1.35592,1.35578,1.35587
2026-08-17 09:40:00+00:00,1.35584,1.35624,1.35573,1.35622
2026-08-17 09:45:00+00:00,1.35617,1.35621,1.35602,1.35602
2026-08-17 09:50:00+00:00,1.35603,1.3561,1.35584,1.35592
2026-08-17 09:55:00+00:00,1.35593,1.35607,1.3559,1.35591
2026-08-17 10:00:00+00:00,1.35592,1.35599,1.35578,1.35598
2026-08-17 10:05:00+00:00,1.35594,1.35594,1.35562,1.35566
2026-08-17 10:10:00+00:00,1.35567,1.3561,1.35546,1.35609
2026-08-17 10:15:00+00:00,1.35604,1.35604,1.35591,1.35601
2026-08-17 10:20:00+00:00,1.35599,1.35601,1.35579,1.3558
2026-08-17 10:25:00+00:00,1.35583,1.35614,1.35578,1.35605
2026-08-17 10:30:00+00:00,1.35592,1.35652,1.35592,1.35602
2026-08-17 10:35:00+00:00,1.35609,1.35609,1.35588,1.356
2026-08-17 10:40:00+00:00,1.35597,1.35602,1.35588,1.35595
2026-08-17 10:45:00+00:00,1.35595,1.35601,1.35582,1.35596
2026-08-17 10:50:00+00:00,1.35592,1.35595,1.35558,1.3556
2026-08-17 10:55:00+00:00,1.35562,1.35573,1.35549,1.35552
2026-08-17 11:00:00+00:00,1.35555,1.35577,1.35552,1.35576
2026-08-17 11:05:00+00:00,1.35574,1.35609,1.35567,1.35605
2026-08-17 11:10:00+00:00,1.35598,1.3561,1.35564,1.3557
2026-08-17 11:15:00+00:00,1.35579,1.35579,1.35531,1.35533
2026-08-17 11:20:00+00:00,1.35537,1.35569,1.35514,1.35562
2026-08-17 11:25:00+00:00,1.35552,1.35587,1.35552,1.35583
2026-08-17 11:30:00+00:00,1.35584,1.35589,1.35568,1.35586
2026-08-17 11:35:00+00:00,1.35583,1.35588,1.35555,1.35556
2026-08-17 11:40:00+00:00,1.35555,1.35572,1.35544,1.35546
2026-08-17 11:45:00+00:00,1.35549,1.35552,1.35533,1.35541
2026-08-17 11:50:00+00:00,1.35539,1.35551,1.35526,1.35548
2026-08-17 11:55:00+00:00,1.35543,1.35571,1.35538,1.35571
2026-08-17 12:00:00+00:00,1.35568,1.356,1.3556,1.35595
2026-08-17 12:05:00+00:00,1.35587,1.35621,1.35587,1.35619
2026-08-17 12:10:00+00:00,1.35614,1.35625,1.35587,1.35599
2026-08-17 12:15:00+00:00,1.35603,1.35608,1.35575,1.35585
2026-08-17 12:20:00+00:00,1.35584,1.35618,1.35574,1.35615
2026-08-17 12:25:00+00:00,1.3561,1.35626,1.35536,1.3557
2026-08-17 12:30:00+00:00,1.35566,1.3557,1.35549,1.35551
2026-08-17 12:35:00+00:00,1.35549,1.35582,1.35549,1.35555
2026-08-17 12:40:00+00:00,1.35553,1.35591,1.35551,1.35583
2026-08-17 12:45:00+00:00,1.35573,1.35591,1.35559,1.35567
2026-08-17 12:50:00+00:00,1.3558,1.3558,1.35547,1.3557
2026-08-17 12:55:00+00:00,1.35565,1.35595,1.35552,1.35588
2026-08-17 13:00:00+00:00,1.35573,1.3563,1.35573,1.35627
2026-08-17 13:05:00+00:00,1.35622,1.35628,1.35613,1.35625
2026-08-17 13:10:00+00:00,1.35618,1.35666,1.35618,1.35627
2026-08-17 13:15:00+00:00,1.35634,1.35648,1.35608,1.35645
2026-08-17 13:20:00+00:00,1.35639,1.3566,1.35639,1.35643
2026-08-17 13:25:00+00:00,1.35646,1.35646,1.35613,1.35615
2026-08-17 13:30:00+00:00,1.35617,1.35648,1.35617,1.35646
2026-08-17 13:35:00+00:00,1.35643,1.35664,1.35598,1.35599
2026-08-17 13:40:00+00:00,1.356,1.35611,1.35576,1.3558
2026-08-17 13:45:00+00:00,1.35585,1.35588,1.35522,1.35524
2026-08-17 13:50:00+00:00,1.35525,1.35592,1.35525,1.3559
2026-08-17 13:55:00+00:00,1.35585,1.35599,1.35558,1.35595
2026-08-17 14:00:00+00:00,1.35586,1.3565,1.35586,1.35643
2026-08-17 14:05:00+00:00,1.35633,1.35652,1.35619,1.35632
2026-08-17 14:10:00+00:00,1.35631,1.35648,1.35631,1.35646
2026-08-17 14:15:00+00:00,1.35636,1.35685,1.35636,1.35683
2026-08-17 14:20:00+00:00,1.35678,1.35683,1.35656,1.35658
2026-08-17 14:25:00+00:00,1.35663,1.35672,1.35597,1.356
2026-08-17 14:30:00+00:00,1.35604,1.35615,1.35593,1.35599
2026-08-17 14:35:00+00:00,1.35595,1.35602,1.35562,1.35564
2026-08-17 14:40:00+00:00,1.35568,1.3559,1.35558,1.35578
2026-08-17 14:45:00+00:00,1.35578,1.3559,1.35549,1.35561
2026-08-17 14:50:00+00:00,1.35556,1.35566,1.35517,1.35551
2026-08-17 14:55:00+00:00,1.35543,1.35551,1.35509,1.3553
2026-08-17 15:00:00+00:00,1.35525,1.35532,1.35514,1.35515
2026-08-17 15:05:00+00:00,1.35518,1.35534,1.35518,1.35532
2026-08-17 15:10:00+00:00,1.35526,1.35547,1.35526,1.35536
2026-08-17 15:15:00+00:00,1.35537,1.3555,1.35518,1.35521
2026-08-17 15:20:00+00:00,1.35527,1.3554,1.35525,1.35538
2026-08-17 15:25:00+00:00,1.35535,1.35564,1.35533,1.3556
2026-08-17 15:30:00+00:00,1.3555,1.35579,1.35549,1.35556
2026-08-17 15:35:00+00:00,1.35552,1.35576,1.35552,1.35574
2026-08-17 15:40:00+00:00,1.3557,1.35574,1.35535,1.35537
2026-08-17 15:45:00+00:00,1.35539,1.35557,1.35513,1.35555
2026-08-17 15:50:00+00:00,1.35548,1.35601,1.35548,1.35598
2026-08-17 15:55:00+00:00,1.35589,1.35621,1.35589,1.35619
2026-08-17 16:00:00+00:00,1.35615,1.35623,1.35594,1.35596
2026-08-17 16:05:00+00:00,1.356,1.35605,1.35581,1.35603
2026-08-17 16:10:00+00:00,1.35599,1.35599,1.35577,1.35596
2026-08-17 16:15:00+00:00,1.35592,1.35627,1.35592,1.35621
2026-08-17 16:20:00+00:00,1.35613,1.35632,1.35613,1.35631
2026-08-17 16:25:00+00:00,1.35629,1.35633,1.35616,1.35621
2026-08-17 16:30:00+00:00,1.35619,1.35626,1.35613,1.35626
2026-08-17 16:35:00+00:00,1.35623,1.35647,1.35612,1.35644
2026-08-17 16:40:00+00:00,1.35639,1.35643,1.35626,1.35627
2026-08-17 16:45:00+00:00,1.3563,1.3563,1.35602,1.35615
2026-08-17 16:50:00+00:00,1.35613,1.35621,1.35599,1.35601
2026-08-17 16:55:00+00:00,1.35604,1.35614,1.35582,1.35584
2026-08-17 17:00:00+00:00,1.35588,1.35606,1.35587,1.35605
2026-08-17 17:05:00+00:00,1.35602,1.35602,1.35577,1.35592
2026-08-17 17:10:00+00:00,1.35589,1.35594,1.3558,1.35586
2026-08-17 17:15:00+00:00,1.35583,1.35584,1.35565,1.35566
2026-08-17 17:20:00+00:00,1.35566,1.35566,1.35531,1.35533
2026-08-17 17:25:00+00:00,1.35537,1.3554,1.35523,1.35538
2026-08-17 17:30:00+00:00,1.35528,1.35558,1.35525,1.35528
2026-08-17 17:35:00+00:00,1.35531,1.35531,1.3547,1.35474
2026-08-17 17:40:00+00:00,1.35478,1.35478,1.35444,1.35469
2026-08-17 17:45:00+00:00,1.35466,1.3549,1.35466,1.35474
2026-08-17 17:50:00+00:00,1.35471,1.35481,1.35465,1.35466
2026-08-17 17:55:00+00:00,1.35466,1.35477,1.35446,1.35448
2026-08-17 18:00:00+00:00,1.35451,1.35453,1.35439,1.3544
2026-08-17 18:05:00+00:00,1.35441,1.3545,1.35432,1.35435
2026-08-17 18:10:00+00:00,1.35437,1.35448,1.35422,1.35446
2026-08-17 18:15:00+00:00,1.35441,1.35455,1.35441,1.35448
2026-08-17 18:20:00+00:00,1.35449,1.35452,1.35417,1.3543
2026-08-17 18:25:00+00:00,1.35429,1.35432,1.35388,1.3539
2026-08-17 18:30:00+00:00,1.3539,1.35404,1.3538,1.35392
2026-08-17 18:35:00+00:00,1.3539,1.3539,1.35373,1.35373
2026-08-17 18:40:00+00:00,1.35375,1.35392,1.35374,1.35376
2026-08-17 18:45:00+00:00,1.35377,1.3538,1.35366,1.3537
2026-08-17 18:50:00+00:00,1.35367,1.35389,1.35367,1.35389
2026-08-17 18:55:00+00:00,1.35387,1.35387,1.35369,1.3538
2026-08-17 19:00:00+00:00,1.35377,1.35394,1.35373,1.35376
2026-08-17 19:05:00+00:00,1.35379,1.35388,1.35359,1.35381
2026-08-17 19:10:00+00:00,1.35373,1.35404,1.35373,1.35399
2026-08-17 19:15:00+00:00,1.3539,1.35425,1.3539,1.35422
2026-08-17 19:20:00+00:00,1.35419,1.35435,1.35414,1.35427
2026-08-17 19:25:00+00:00,1.35428,1.35432,1.35417,1.3543
2026-08-17 19:30:00+00:00,1.35427,1.35435,1.35417,1.35418
2026-08-17 19:35:00+00:00,1.3542,1.35439,1.35413,1.35435
2026-08-17 19:40:00+00:00,1.3543,1.35445,1.35428,1.35442
2026-08-17 19:45:00+00:00,1.3544,1.35448,1.35432,1.35444
2026-08-17 19:50:00+00:00,1.35441,1.35445,1.35432,1.35433
2026-08-17 19:55:00+00:00,1.35435,1.35436,1.35417,1.35433
2026-08-17 20:00:00+00:00,1.3543,1.35468,1.35423,1.35432
2026-08-17 20:05:00+00:00,1.35438,1.35441,1.35423,1.35431
2026-08-17 20:10:00+00:00,1.35429,1.35429,1.35415,1.35416
2026-08-17 20:15:00+00:00,1.35417,1.35428,1.35415,1.35418
2026-08-17 20:20:00+00:00,1.35421,1.35455,1.35419,1.35452
2026-08-17 20:25:00+00:00,1.3545,1.3545,1.35439,1.35443
2026-08-17 20:30:00+00:00,1.3544,1.35443,1.35431,1.35432
2026-08-17 20:35:00+00:00,1.35433,1.35442,1.35433,1.35437
2026-08-17 20:40:00+00:00,1.35437,1.35438,1.3543,1.35435
2026-08-17 20:45:00+00:00,1.35432,1.35439,1.35431,1.35438
2026-08-17 20:50:00+00:00,1.35436,1.35437,1.35426,1.35435
2026-08-17 20:55:00+00:00,1.35431,1.35432,1.35403,1.35407
2026-08-17 21:00:00+00:00,1.35416,1.35481,1.35416,1.35445
2026-08-17 21:05:00+00:00,1.3545,1.35452,1.35424,1.35447
2026-08-17 21:10:00+00:00,1.35444,1.35488,1.35428,1.35456
2026-08-17 21:15:00+00:00,1.35463,1.35507,1.35463,1.35485
2026-08-17 21:20:00+00:00,1.35488,1.35492,1.35459,1.35476
2026-08-17 21:25:00+00:00,1.35475,1.35475,1.35442,1.35452
2026-08-17 21:30:00+00:00,1.35449,1.35454,1.35437,1.35444
2026-08-17 21:35:00+00:00,1.35442,1.3545,1.35439,1.35448
2026-08-17 21:40:00+00:00,1.35445,1.35449,1.35435,1.35437
2026-08-17 21:45:00+00:00,1.35437,1.35452,1.35433,1.35436
2026-08-17 21:50:00+00:00,1.35439,1.3544,1.35417,1.35422
2026-08-17 21:55:00+00:00,1.35422,1.35427,1.35417,1.35425
2026-08-17 22:00:00+00:00,1.35423,1.35454,1.35417,1.35439
2026-08-17 22:05:00+00:00,1.35441,1.35443,1.35432,1.35435
2026-08-17 22:10:00+00:00,1.35432,1.35447,1.35432,1.35445
2026-08-17 22:15:00+00:00,1.3544,1.35445,1.35439,1.35439
2026-08-17 22:20:00+00:00,1.3544,1.35444,1.35435,1.3544
2026-08-17 22:25:00+00:00,1.35437,1.35454,1.35436,1.35453
2026-08-17 22:30:00+00:00,1.35451,1.35455,1.35437,1.35439
2026-08-17 22:35:00+00:00,1.35439,1.35443,1.35422,1.35424
2026-08-17 22:40:00+00:00,1.35427,1.35448,1.35422,1.35445
2026-08-17 22:45:00+00:00,1.35442,1.35447,1.35437,1.35443
2026-08-17 22:50:00+00:00,1.3544,1.35446,1.35437,1.35438
2026-08-17 22:55:00+00:00,1.35438,1.35443,1.35433,1.35439
2026-08-17 23:00:00+00:00,1.35439,1.3545,1.35436,1.3544
2026-08-17 23:05:00+00:00,1.35442,1.35453,1.35439,1.35452
2026-08-17 23:10:00+00:00,1.35448,1.35465,1.35448,1.35462
2026-08-17 23:15:00+00:00,1.35458,1.35465,1.35454,1.35463
2026-08-17 23:20:00+00:00,1.3546,1.35467,1.35457,1.35463
2026-08-17 23:25:00+00:00,1.35461,1.35475,1.35455,1.35474
2026-08-17 23:30:00+00:00,1.35471,1.3549,1.35471,1.35486
2026-08-17 23:35:00+00:00,1.35481,1.35494,1.35476,1.35493
2026-08-17 23:40:00+00:00,1.35492,1.3551,1.35484,1.35508
2026-08-17 23:45:00+00:00,1.35503,1.35521,1.35503,1.35517
2026-08-17 23:50:00+00:00,1.35515,1.35523,1.35509,1.35514
2026-08-17 23:55:00+00:00,1.35512,1.35512,1.35498,1.35506
2026-08-18 00:00:00+00:00,1.35505,1.35529,1.35504,1.35527
2026-08-18 00:05:00+00:00,1.35517,1.35543,1.35517,1.35531
2026-08-18 00:10:00+00:00,1.35535,1.35535,1.35503,1.35504
2026-08-18 00:15:00+00:00,1.35509,1.35526,1.35509,1.35523
2026-08-18 00:20:00+00:00,1.35523,1.35523,1.35499,1.35513
2026-08-18 00:25:00+00:00,1.35508,1.35508,1.35485,1.35488
2026-08-18 00:30:00+00:00,1.35487,1.35487,1.35454,1.35456
2026-08-18 00:35:00+00:00,1.35462,1.35494,1.35462,1.35493
2026-08-18 00:40:00+00:00,1.35489,1.35498,1.35487,1.35494
2026-08-18 00:45:00+00:00,1.35491,1.35495,1.35472,1.35473
2026-08-18 00:50:00+00:00,1.35474,1.35495,1.35471,1.35488
2026-08-18 00:55:00+00:00,1.35488,1.35497,1.35478,1.35488
2026-08-18 01:00:00+00:00,1.35487,1.35508,1.35487,1.35505
2026-08-18 01:05:00+00:00,1.355,1.35509,1.35488,1.35509
2026-08-18 01:10:00+00:00,1.35507,1.35537,1.35505,1.35533
2026-08-18 01:15:00+00:00,1.35529,1.35536,1.35487,1.35489
2026-08-18 01:20:00+00:00,1.35493,1.35496,1.35477,1.35488
2026-08-18 01:25:00+00:00,1.35484,1.35492,1.35468,1.3549
2026-08-18 01:30:00+00:00,1.35486,1.35506,1.35486,1.35504
2026-08-18 01:35:00+00:00,1.35501,1.35524,1.355,1.35522
2026-08-18 01:40:00+00:00,1.3552,1.35522,1.35489,1.35492
2026-08-18 01:45:00+00:00,1.35495,1.35495,1.3547,1.35472
2026-08-18 01:50:00+00:00,1.35474,1.35488,1.35465,1.35486
2026-08-18 01:55:00+00:00,1.35482,1.35485,1.35462,1.35464
2026-08-18 02:00:00+00:00,1.35466,1.35466,1.35446,1.35448
2026-08-18 02:05:00+00:00,1.35446,1.3547,1.35446,1.35462
2026-08-18 02:10:00+00:00,1.35463,1.35463,1.35441,1.35442
2026-08-18 02:15:00+00:00,1.35443,1.35447,1.35433,1.35435
2026-08-18 02:20:00+00:00,1.35436,1.35443,1.35422,1.35432
2026-08-18 02:25:00+00:00,1.3543,1.3543,1.35418,1.35422
2026-08-18 02:30:00+00:00,1.35421,1.35425,1.35397,1.35411
2026-08-18 02:35:00+00:00,1.35416,1.3543,1.35416,1.35426
2026-08-18 02:40:00+00:00,1.35425,1.35429,1.35415,1.35428
2026-08-18 02:45:00+00:00,1.35425,1.35444,1.35416,1.3544
2026-08-18 02:50:00+00:00,1.35433,1.35456,1.35433,1.35443
2026-08-18 02:55:00+00:00,1.35447,1.35463,1.35447,1.35459
2026-08-18 03:00:00+00:00,1.35457,1.35461,1.35435,1.35437
2026-08-18 03:05:00+00:00,1.35438,1.35442,1.35422,1.35431
2026-08-18 03:10:00+00:00,1.35427,1.35431,1.35421,1.35421
2026-08-18 03:15:00+00:00,1.35423,1.35424,1.35395,1.35397
2026-08-18 03:20:00+00:00,1.35397,1.354,1.3538,1.35391
2026-08-18 03:25:00+00:00,1.35388,1.35388,1.35376,1.35385
2026-08-18 03:30:00+00:00,1.3538,1.35383,1.35378,1.35378
2026-08-18 03:35:00+00:00,1.35378,1.35379,1.35358,1.3536
2026-08-18 03:40:00+00:00,1.35362,1.35366,1.35358,1.35365
2026-08-18 03:45:00+00:00,1.35363,1.35367,1.35349,1.3535
2026-08-18 03:50:00+00:00,1.35351,1.35353,1.35344,1.35351
2026-08-18 03:55:00+00:00,1.35349,1.35366,1.35347,1.35364
2026-08-18 04:00:00+00:00,1.35361,1.35361,1.35347,1.35356
2026-08-18 04:05:00+00:00,1.35354,1.35354,1.35336,1.35337
2026-08-18 04:10:00+00:00,1.35339,1.35339,1.35314,1.35315
2026-08-18 04:15:00+00:00,1.35317,1.35325,1.35314,1.35322
2026-08-18 04:20:00+00:00,1.35319,1.35343,1.35314,1.35337
2026-08-18 04:25:00+00:00,1.35322,1.35384,1.35322,1.35363
2026-08-18 04:30:00+00:00,1.35364,1.35371,1.35349,1.35351
2026-08-18 04:35:00+00:00,1.35355,1.35364,1.35338,1.35349
2026-08-18 04:40:00+00:00,1.35352,1.35369,1.35347,1.35368
2026-08-18 04:45:00+00:00,1.35365,1.35382,1.35353,1.35376
2026-08-18 04:50:00+00:00,1.35366,1.35383,1.35366,1.35377
2026-08-18 04:55:00+00:00,1.35377,1.3538,1.35358,1.35369
2026-08-18 05:00:00+00:00,1.35367,1.35367,1.35342,1.35353
2026-08-18 05:05:00+00:00,1.3535,1.35353,1.35336,1.35337
2026-08-18 05:10:00+00:00,1.3534,1.35345,1.35336,1.35339
2026-08-18 05:15:00+00:00,1.35339,1.35357,1.35338,1.35354
2026-08-18 05:20:00+00:00,1.3535,1.35361,1.3535,1.35361
2026-08-18 05:25:00+00:00,1.35359,1.35387,1.35354,1.35385
2026-08-18 05:30:00+00:00,1.35381,1.35386,1.35377,1.35378
2026-08-18 05:35:00+00:00,1.35378,1.35378,1.35367,1.35373
2026-08-18 05:40:00+00:00,1.35371,1.35373,1.3536,1.35371
2026-08-18 05:45:00+00:00,1.35366,1.35388,1.35366,1.35377
2026-08-18 05:50:00+00:00,1.3538,1.35393,1.35371,1.3538
2026-08-18 05:55:00+00:00,1.35378,1.35388,1.35368,1.35381
2026-08-18 06:00:00+00:00,1.3538,1.35389,1.35259,1.35268
2026-08-18 06:05:00+00:00,1.35286,1.35286,1.35225,1.35227
2026-08-18 06:10:00+00:00,1.35233,1.35305,1.35233,1.35295
2026-08-18 06:15:00+00:00,1.35295,1.35295,1.35254,1.35281
2026-08-18 06:20:00+00:00,1.35272,1.353,1.35272,1.35295
2026-08-18 06:25:00+00:00,1.35284,1.35326,1.35284,1.35309
2026-08-18 06:30:00+00:00,1.35315,1.35329,1.35308,1.35328
2026-08-18 06:35:00+00:00,1.35324,1.35324,1.35263,1.35277
2026-08-18 06:40:00+00:00,1.35273,1.35291,1.35272,1.35285
2026-08-18 06:45:00+00:00,1.35284,1.35286,1.35269,1.35278
2026-08-18 06:50:00+00:00,1.35275,1.35277,1.35226,1.35229
2026-08-18 06:55:00+00:00,1.35233,1.3526,1.35221,1.35258
2026-08-18 07:00:00+00:00,1.35253,1.35287,1.35252,1.35271
2026-08-18 07:05:00+00:00,1.35273,1.35289,1.35239,1.35241
2026-08-18 07:10:00+00:00,1.35245,1.35245,1.35219,1.35222
2026-08-18 07:15:00+00:00,1.35226,1.35227,1.35201,1.35221
2026-08-18 07:20:00+00:00,1.3521,1.3525,1.3521,1.35237
2026-08-18 07:25:00+00:00,1.35236,1.35271,1.35236,1.35263
2026-08-18 07:30:00+00:00,1.35263,1.35269,1.35248,1.35251
2026-08-18 07:35:00+00:00,1.35256,1.35292,1.35245,1.35287
2026-08-18 07:40:00+00:00,1.35272,1.3531,1.35272,1.35292
2026-08-18 07:45:00+00:00,1.35294,1.35303,1.35283,1.35294
2026-08-18 07:50:00+00:00,1.35295,1.35316,1.35279,1.35284
2026-08-18 07:55:00+00:00,1.35293,1.35307,1.3527,1.35306
2026-08-18 08:00:00+00:00,1.35302,1.35302,1.3525,1.35252
2026-08-18 08:05:00+00:00,1.35256,1.35278,1.35243,1.35245
2026-08-18 08:10:00+00:00,1.35252,1.35275,1.35243,1.35272
2026-08-18 08:15:00+00:00,1.3527,1.3527,1.3525,1.35263
2026-08-18 08:20:00+00:00,1.35259,1.35269,1.35241,1.35257
2026-08-18 08:25:00+00:00,1.3526,1.35282,1.35247,1.35278
2026-08-18 08:30:00+00:00,1.35273,1.35299,1.35273,1.35297
2026-08-18 08:35:00+00:00,1.35293,1.35295,1.3527,1.35273
2026-08-18 08:40:00+00:00,1.35274,1.35302,1.35273,1.353
2026-08-18 08:45:00+00:00,1.35297,1.35313,1.35294,1.35311
2026-08-18 08:50:00+00:00,1.35309,1.35311,1.35287,1.35297
2026-08-18 08:55:00+00:00,1.35294,1.35344,1.35294,1.35328
2026-08-18 09:00:00+00:00,1.35331,1.35331,1.35304,1.35305
2026-08-18 09:05:00+00:00,1.35305,1.35322,1.35303,1.3531
2026-08-18 09:10:00+00:00,1.35312,1.35312,1.35285,1.35296
2026-08-18 09:15:00+00:00,1.35293,1.35293,1.35267,1.35291
2026-08-18 09:20:00+00:00,1.35288,1.35313,1.35285,1.35303
2026-08-18 09:25:00+00:00,1.35304,1.35329,1.35303,1.35327
2026-08-18 09:30:00+00:00,1.35324,1.35333,1.35317,1.3533
2026-08-18 09:35:00+00:00,1.35326,1.35334,1.35313,1.3533
2026-08-18 09:40:00+00:00,1.35326,1.35326,1.35278,1.3528
2026-08-18 09:45:00+00:00,1.35284,1.35325,1.35284,1.3532
2026-08-18 09:50:00+00:00,1.3532,1.35328,1.35309,1.35316
2026-08-18 09:55:00+00:00,1.35314,1.35338,1.35308,1.35324
2026-08-18 10:00:00+00:00,1.35324,1.35327,1.35304,1.35309
2026-08-18 10:05:00+00:00,1.35307,1.35307,1.35283,1.35284
2026-08-18 10:10:00+00:00,1.35286,1.35286,1.35267,1.35273
2026-08-18 10:15:00+00:00,1.35271,1.35282,1.35256,1.35282
2026-08-18 10:20:00+00:00,1.35279,1.3528,1.35254,1.35269
2026-08-18 10:25:00+00:00,1.35263,1.35291,1.3525,1.35287
2026-08-18 10:30:00+00:00,1.35282,1.35309,1.35277,1.3528
2026-08-18 10:35:00+00:00,1.35285,1.3529,1.35276,1.3529
2026-08-18 10:40:00+00:00,1.35288,1.35297,1.35277,1.35278
2026-08-18 10:45:00+00:00,1.35279,1.35301,1.35272,1.35291
2026-08-18 10:50:00+00:00,1.35293,1.35312,1.3526,1.35279
2026-08-18 10:55:00+00:00,1.35278,1.35278,1.35256,1.35269
2026-08-18 11:00:00+00:00,1.35257,1.35281,1.35252,1.35264
2026-08-18 11:05:00+00:00,1.35261,1.35262,1.35225,1.35244
2026-08-18 11:10:00+00:00,1.35241,1.35257,1.35239,1.35254
2026-08-18 11:15:00+00:00,1.35251,1.35251,1.35228,1.35229
2026-08-18 11:20:00+00:00,1.3523,1.35239,1.3523,1.35238
2026-08-18 11:25:00+00:00,1.35236,1.35236,1.35212,1.35215
2026-08-18 11:30:00+00:00,1.35221,1.35233,1.35201,1.3523
2026-08-18 11:35:00+00:00,1.35228,1.35237,1.35217,1.35228
2026-08-18 11:40:00+00:00,1.35229,1.35236,1.35214,1.35235
2026-08-18 11:45:00+00:00,1.35232,1.35232,1.35219,1.35224
2026-08-18 11:50:00+00:00,1.35221,1.35244,1.35221,1.35242
2026-08-18 11:55:00+00:00,1.35237,1.3528,1.35237,1.35279
2026-08-18 12:00:00+00:00,1.35275,1.35285,1.35245,1.35277
2026-08-18 12:05:00+00:00,1.35266,1.35287,1.35252,1.35254
2026-08-18 12:10:00+00:00,1.35258,1.35287,1.35253,1.35267
2026-08-18 12:15:00+00:00,1.35257,1.35287,1.35257,1.35286
2026-08-18 12:20:00+00:00,1.35283,1.3532,1.35277,1.35297
2026-08-18 12:25:00+00:00,1.35298,1.35307,1.35272,1.35274
2026-08-18 12:30:00+00:00,1.35277,1.35283,1.35266,1.35269
2026-08-18 12:35:00+00:00,1.35271,1.35271,1.35241,1.35242
2026-08-18 12:40:00+00:00,1.35244,1.35286,1.35244,1.35255
2026-08-18 12:45:00+00:00,1.35268,1.35304,1.35268,1.35302
2026-08-18 12:50:00+00:00,1.35297,1.35323,1.35297,1.3532
2026-08-18 12:55:00+00:00,1.35317,1.35341,1.3531,1.35337
2026-08-18 13:00:00+00:00,1.35336,1.35375,1.3532,1.35368
2026-08-18 13:05:00+00:00,1.35358,1.35385,1.35355,1.35356
2026-08-18 13:10:00+00:00,1.35356,1.35377,1.35356,1.35374
2026-08-18 13:15:00+00:00,1.3537,1.35387,1.35351,1.35354
2026-08-18 13:20:00+00:00,1.35353,1.3536,1.3534,1.35341
2026-08-18 13:25:00+00:00,1.35344,1.35366,1.35327,1.35346
2026-08-18 13:30:00+00:00,1.35343,1.35386,1.35313,1.35384
2026-08-18 13:35:00+00:00,1.35376,1.35427,1.35376,1.35422
2026-08-18 13:40:00+00:00,1.35412,1.35434,1.35396,1.35399
2026-08-18 13:45:00+00:00,1.35403,1.35403,1.35366,1.35375
2026-08-18 13:50:00+00:00,1.35373,1.35374,1.35336,1.35338
2026-08-18 13:55:00+00:00,1.35338,1.3541,1.35312,1.35404
2026-08-18 14:00:00+00:00,1.35392,1.35436,1.35392,1.35433
2026-08-18 14:05:00+00:00,1.35427,1.35447,1.35422,1.35444
2026-08-18 14:10:00+00:00,1.35435,1.35452,1.35417,1.35432
2026-08-18 14:15:00+00:00,1.35428,1.35468,1.35417,1.35459
2026-08-18 14:20:00+00:00,1.35442,1.35489,1.3544,1.35485
2026-08-18 14:25:00+00:00,1.35478,1.35482,1.35433,1.35438
2026-08-18 14:30:00+00:00,1.35445,1.35445,1.35409,1.35442
2026-08-18 14:35:00+00:00,1.35433,1.3545,1.35417,1.35418
2026-08-18 14:40:00+00:00,1.35418,1.35467,1.35402,1.35465
2026-08-18 14:45:00+00:00,1.35461,1.3548,1.35439,1.35477
2026-08-18 14:50:00+00:00,1.35469,1.35507,1.35454,1.3546
2026-08-18 14:55:00+00:00,1.35467,1.35483,1.35439,1.35457
2026-08-18 15:00:00+00:00,1.35454,1.35464,1.35406,1.35451
2026-08-18 15:05:00+00:00,1.35434,1.35485,1.35419,1.35424
2026-08-18 15:10:00+00:00,1.35433,1.35433,1.35379,1.35395
2026-08-18 15:15:00+00:00,1.35394,1.35415,1.35367,1.35413
2026-08-18 15:20:00+00:00,1.35408,1.35424,1.35386,1.35405
2026-08-18 15:25:00+00:00,1.35413,1.35413,1.35372,1.35394
2026-08-18 15:30:00+00:00,1.35383,1.35406,1.35375,1.3538
2026-08-18 15:35:00+00:00,1.35376,1.35408,1.35373,1.35398
2026-08-18 15:40:00+00:00,1.35398,1.35398,1.35389,1.3539
2026-08-18 15:45:00+00:00,1.35391,1.35415,1.35379,1.35412
2026-08-18 15:50:00+00:00,1.35409,1.35424,1.35402,1.35422
2026-08-18 15:55:00+00:00,1.35419,1.35435,1.35387,1.35432
2026-08-18 16:00:00+00:00,1.35428,1.35444,1.35412,1.35414
2026-08-18 16:05:00+00:00,1.35418,1.35455,1.35418,1.35446
2026-08-18 16:10:00+00:00,1.35443,1.35454,1.35435,1.35438
2026-08-18 16:15:00+00:00,1.35441,1.35449,1.35434,1.35439
2026-08-18 16:20:00+00:00,1.35439,1.3547,1.35438,1.35462
2026-08-18 16:25:00+00:00,1.35464,1.3548,1.35422,1.35425
2026-08-18 16:30:00+00:00,1.3543,1.35437,1.35411,1.35426
2026-08-18 16:35:00+00:00,1.35423,1.35442,1.35413,1.35437
2026-08-18 16:40:00+00:00,1.3543,1.3545,1.3543,1.35448
2026-08-18 16:45:00+00:00,1.35447,1.35455,1.35435,1.35453
2026-08-18 16:50:00+00:00,1.35447,1.35447,1.35432,1.35441
2026-08-18 16:55:00+00:00,1.35439,1.35439,1.35408,1.35409
2026-08-18 17:00:00+00:00,1.35411,1.35413,1.3538,1.35381
2026-08-18 17:05:00+00:00,1.35383,1.35389,1.35345,1.35349
2026-08-18 17:10:00+00:00,1.35353,1.35356,1.35344,1.35345
2026-08-18 17:15:00+00:00,1.35344,1.35366,1.35344,1.35363
2026-08-18 17:20:00+00:00,1.35358,1.35377,1.35358,1.35375
2026-08-18 17:25:00+00:00,1.35374,1.35374,1.35349,1.35354
2026-08-18 17:30:00+00:00,1.3535,1.35364,1.35338,1.35356
2026-08-18 17:35:00+00:00,1.35355,1.35355,1.35327,1.35332
2026-08-18 17:40:00+00:00,1.35333,1.35356,1.35333,1.35348
2026-08-18 17:45:00+00:00,1.35348,1.35358,1.35344,1.3535
2026-08-18 17:50:00+00:00,1.35346,1.35359,1.35344,1.35351
2026-08-18 17:55:00+00:00,1.3535,1.35352,1.35344,1.35345
2026-08-18 18:00:00+00:00,1.35346,1.35349,1.35331,1.35333
2026-08-18 18:05:00+00:00,1.35336,1.35345,1.35325,1.35343
2026-08-18 18:10:00+00:00,1.35339,1.35355,1.35334,1.35353
2026-08-18 18:15:00+00:00,1.35349,1.35369,1.35349,1.35366
2026-08-18 18:20:00+00:00,1.35361,1.35378,1.35361,1.35363
2026-08-18 18:25:00+00:00,1.35365,1.35385,1.35363,1.35382
2026-08-18 18:30:00+00:00,1.35379,1.35379,1.35364,1.35365
2026-08-18 18:35:00+00:00,1.35365,1.35368,1.35358,1.35359
2026-08-18 18:40:00+00:00,1.35359,1.35363,1.35338,1.35341
2026-08-18 18:45:00+00:00,1.3534,1.35342,1.3533,1.35339
2026-08-18 18:50:00+00:00,1.35337,1.35337,1.35325,1.3533
2026-08-18 18:55:00+00:00,1.35329,1.35346,1.35327,1.35343
2026-08-18 19:00:00+00:00,1.35338,1.35349,1.35328,1.35348
2026-08-18 19:05:00+00:00,1.35345,1.35345,1.35326,1.35335
2026-08-18 19:10:00+00:00,1.35331,1.35365,1.35331,1.35363
2026-08-18 19:15:00+00:00,1.35358,1.35364,1.35347,1.35348
2026-08-18 19:20:00+00:00,1.3535,1.35371,1.35349,1.35368
2026-08-18 19:25:00+00:00,1.35366,1.35366,1.35353,1.35362
2026-08-18 19:30:00+00:00,1.35359,1.35364,1.35355,1.35362
2026-08-18 19:35:00+00:00,1.35358,1.35382,1.35358,1.35379
2026-08-18 19:40:00+00:00,1.35374,1.35395,1.3537,1.35393
2026-08-18 19:45:00+00:00,1.35391,1.35391,1.35355,1.35358
2026-08-18 19:50:00+00:00,1.35362,1.35371,1.35355,1.35361
2026-08-18 19:55:00+00:00,1.35363,1.35363,1.35327,1.35329
2026-08-18 20:00:00+00:00,1.35332,1.35333,1.35313,1.35314
2026-08-18 20:05:00+00:00,1.35315,1.35315,1.35297,1.35308
2026-08-18 20:10:00+00:00,1.35304,1.35311,1.35288,1.3531
2026-08-18 20:15:00+00:00,1.35307,1.3531,1.353,1.35308
2026-08-18 20:20:00+00:00,1.35305,1.35308,1.35296,1.35299
2026-08-18 20:25:00+00:00,1.35297,1.353,1.35289,1.35298
2026-08-18 20:30:00+00:00,1.35295,1.35314,1.35292,1.35312
2026-08-18 20:35:00+00:00,1.35309,1.3532,1.35309,1.35314
2026-08-18 20:40:00+00:00,1.35315,1.35323,1.35313,1.35319
2026-08-18 20:45:00+00:00,1.35317,1.35321,1.35311,1.35313
2026-08-18 20:50:00+00:00,1.35313,1.35321,1.35311,1.35312
2026-08-18 20:55:00+00:00,1.35313,1.35326,1.35311,1.35324
2026-08-18 21:00:00+00:00,1.35321,1.3536,1.35318,1.35347
2026-08-18 21:05:00+00:00,1.35331,1.35366,1.35312,1.35318
2026-08-18 21:10:00+00:00,1.35328,1.35367,1.35299,1.35363
2026-08-18 21:15:00+00:00,1.35358,1.35367,1.35354,1.35355
2026-08-18 21:20:00+00:00,1.35358,1.35368,1.35357,1.35365
2026-08-18 21:25:00+00:00,1.35358,1.35371,1.35323,1.35343
2026-08-18 21:30:00+00:00,1.35334,1.35357,1.35334,1.35345
2026-08-18 21:35:00+00:00,1.35347,1.35352,1.35342,1.35342
2026-08-18 21:40:00+00:00,1.35343,1.35347,1.35316,1.35319
2026-08-18 21:45:00+00:00,1.35324,1.35331,1.35317,1.3532
2026-08-18 21:50:00+00:00,1.3532,1.35333,1.35314,1.35316
2026-08-18 21:55:00+00:00,1.35315,1.35342,1.35287,1.35293
2026-08-18 22:00:00+00:00,1.35309,1.35358,1.35309,1.35328
2026-08-18 22:05:00+00:00,1.35324,1.35341,1.35324,1.35327
2026-08-18 22:10:00+00:00,1.35328,1.35336,1.35316,1.35317
2026-08-18 22:15:00+00:00,1.3532,1.35326,1.35318,1.35324
2026-08-18 22:20:00+00:00,1.35322,1.35326,1.35317,1.35322
2026-08-18 22:25:00+00:00,1.35319,1.35327,1.35316,1.3532
2026-08-18 22:30:00+00:00,1.35317,1.35326,1.35312,1.35316
2026-08-18 22:35:00+00:00,1.35317,1.3533,1.35317,1.35322
2026-08-18 22:40:00+00:00,1.35322,1.35327,1.35316,1.35321
2026-08-18 22:45:00+00:00,1.35318,1.35332,1.35317,1.3533
2026-08-18 22:50:00+00:00,1.35328,1.35346,1.35328,1.35339
2026-08-18 22:55:00+00:00,1.3534,1.35344,1.35338,1.35338
2026-08-18 23:00:00+00:00,1.3534,1.35368,1.35335,1.35365
2026-08-18 23:05:00+00:00,1.35362,1.35365,1.35358,1.35363
2026-08-18 23:10:00+00:00,1.35361,1.35364,1.35355,1.35356
2026-08-18 23:15:00+00:00,1.35356,1.35356,1.35347,1.35351
2026-08-18 23:20:00+00:00,1.35351,1.35358,1.35348,1.35355
2026-08-18 23:25:00+00:00,1.35352,1.35357,1.35336,1.3534
2026-08-18 23:30:00+00:00,1.35346,1.35346,1.35329,1.35337
2026-08-18 23:35:00+00:00,1.35337,1.35337,1.35325,1.35326
2026-08-18 23:40:00+00:00,1.35326,1.35333,1.35322,1.35326
2026-08-18 23:45:00+00:00,1.35322,1.35339,1.35322,1.35338
2026-08-18 23:50:00+00:00,1.35334,1.35349,1.35326,1.35345
2026-08-18 23:55:00+00:00,1.3534,1.35361,1.3534,1.35359
2026-08-19 00:00:00+00:00,1.35354,1.35404,1.35351,1.35399
2026-08-19 00:05:00+00:00,1.35393,1.3541,1.35393,1.35395
2026-08-19 00:10:00+00:00,1.35397,1.3542,1.35389,1.35417
2026-08-19 00:15:00+00:00,1.35412,1.35424,1.354,1.35403
2026-08-19 00:20:00+00:00,1.35403,1.35403,1.35384,1.3539
2026-08-19 00:25:00+00:00,1.35386,1.35394,1.35385,1.35389
2026-08-19 00:30:00+00:00,1.35388,1.35389,1.35354,1.35356
2026-08-19 00:35:00+00:00,1.35358,1.35363,1.35342,1.3536
2026-08-19 00:40:00+00:00,1.35354,1.35371,1.35348,1.35353
2026-08-19 00:45:00+00:00,1.35362,1.35362,1.35335,1.35338
2026-08-19 00:50:00+00:00,1.35337,1.35352,1.35327,1.35328
2026-08-19 00:55:00+00:00,1.35331,1.35334,1.35299,1.35304
2026-08-19 01:00:00+00:00,1.35311,1.35311,1.35278,1.35286
2026-08-19 01:05:00+00:00,1.35281,1.35305,1.35276,1.35292
2026-08-19 01:10:00+00:00,1.35292,1.35292,1.35272,1.35273
2026-08-19 01:15:00+00:00,1.35276,1.35278,1.35237,1.35249
2026-08-19 01:20:00+00:00,1.35245,1.35269,1.35243,1.35268
2026-08-19 01:25:00+00:00,1.35263,1.35279,1.35263,1.35278
2026-08-19 01:30:00+00:00,1.35274,1.35296,1.35274,1.3528
2026-08-19 01:35:00+00:00,1.35282,1.35298,1.3528,1.35296
2026-08-19 01:40:00+00:00,1.35293,1.35294,1.35285,1.35291
2026-08-19 01:45:00+00:00,1.35288,1.353,1.35285,1.35297
2026-08-19 01:50:00+00:00,1.35295,1.35296,1.35273,1.35274
2026-08-19 01:55:00+00:00,1.35279,1.35315,1.35279,1.35311
2026-08-19 02:00:00+00:00,1.3531,1.35313,1.35307,1.3531
2026-08-19 02:05:00+00:00,1.35306,1.35344,1.35297,1.3534
2026-08-19 02:10:00+00:00,1.35334,1.35354,1.35334,1.3535
2026-08-19 02:15:00+00:00,1.35345,1.35419,1.353,1.35386
2026-08-19 02:20:00+00:00,1.35393,1.35397,1.35366,1.35387
2026-08-19 02:25:00+00:00,1.35388,1.35388,1.35355,1.35363
2026-08-19 02:30:00+00:00,1.35363,1.35376,1.35363,1.35364
2026-08-19 02:35:00+00:00,1.35366,1.35392,1.35352,1.35391
2026-08-19 02:40:00+00:00,1.35386,1.35408,1.35386,1.35408
2026-08-19 02:45:00+00:00,1.35403,1.35435,1.35402,1.35406
2026-08-19 02:50:00+00:00,1.35411,1.35416,1.35375,1.35377
2026-08-19 02:55:00+00:00,1.35383,1.35393,1.35381,1.3539
2026-08-19 03:00:00+00:00,1.35388,1.35419,1.35385,1.35417
2026-08-19 03:05:00+00:00,1.35413,1.35413,1.35378,1.35379
2026-08-19 03:10:00+00:00,1.3538,1.35395,1.35379,1.35389
2026-08-19 03:15:00+00:00,1.3539,1.35402,1.35384,1.35399
2026-08-19 03:20:00+00:00,1.35396,1.35411,1.35391,1.35406
2026-08-19 03:25:00+00:00,1.35403,1.35412,1.354,1.35411
2026-08-19 03:30:00+00:00,1.35408,1.35412,1.35392,1.35394
2026-08-19 03:35:00+00:00,1.35398,1.35398,1.3538,1.35393
2026-08-19 03:40:00+00:00,1.35391,1.35391,1.35377,1.35385
2026-08-19 03:45:00+00:00,1.35379,1.35396,1.35379,1.35394
2026-08-19 03:50:00+00:00,1.3539,1.35398,1.35389,1.35389
2026-08-19 03:55:00+00:00,1.35391,1.35392,1.35376,1.35383
2026-08-19 04:00:00+00:00,1.35381,1.35384,1.35369,1.35371
2026-08-19 04:05:00+00:00,1.35374,1.35376,1.35367,1.3537
2026-08-19 04:10:00+00:00,1.3537,1.35397,1.35367,1.35393
2026-08-19 04:15:00+00:00,1.35388,1.35401,1.35388,1.35397
2026-08-19 04:20:00+00:00,1.35395,1.35397,1.35391,1.35397
2026-08-19 04:25:00+00:00,1.35395,1.354,1.3538,1.35389
2026-08-19 04:30:00+00:00,1.35388,1.35408,1.35382,1.35403
2026-08-19 04:35:00+00:00,1.35404,1.35404,1.35378,1.35382
2026-08-19 04:40:00+00:00,1.35389,1.35389,1.35366,1.35375
2026-08-19 04:45:00+00:00,1.35368,1.35401,1.35368,1.35396
2026-08-19 04:50:00+00:00,1.3539,1.35403,1.3539,1.35396
2026-08-19 04:55:00+00:00,1.35396,1.35428,1.35396,1.35425
2026-08-19 05:00:00+00:00,1.35422,1.3543,1.35414,1.3542
2026-08-19 05:05:00+00:00,1.35422,1.35423,1.35398,1.35399
2026-08-19 05:10:00+00:00,1.354,1.35415,1.35397,1.35412
2026-08-19 05:15:00+00:00,1.35406,1.35435,1.35406,1.35431
2026-08-19 05:20:00+00:00,1.35429,1.35429,1.3541,1.35417
2026-08-19 05:25:00+00:00,1.35414,1.35424,1.35406,1.35408
2026-08-19 05:30:00+00:00,1.35412,1.35425,1.35412,1.35416
2026-08-19 05:35:00+00:00,1.35416,1.35428,1.35416,1.35421
2026-08-19 05:40:00+00:00,1.35418,1.35439,1.35415,1.35439
2026-08-19 05:45:00+00:00,1.35437,1.35449,1.35428,1.35434
2026-08-19 05:50:00+00:00,1.35439,1.35448,1.35433,1.35435
2026-08-19 05:55:00+00:00,1.35439,1.35449,1.35425,1.35446
2026-08-19 06:00:00+00:00,1.35443,1.3546,1.35422,1.35444
2026-08-19 06:05:00+00:00,1.35442,1.35483,1.35442,1.35464
2026-08-19 06:10:00+00:00,1.35459,1.3547,1.35444,1.3545
2026-08-19 06:15:00+00:00,1.35448,1.35508,1.35437,1.35504
2026-08-19 06:20:00+00:00,1.3549,1.35571,1.3549,1.35568
2026-08-19 06:25:00+00:00,1.35561,1.35567,1.35529,1.3553
2026-08-19 06:30:00+00:00,1.35532,1.35544,1.355,1.35502
2026-08-19 06:35:00+00:00,1.35506,1.35515,1.35504,1.35513
2026-08-19 06:40:00+00:00,1.3551,1.35526,1.35496,1.35499
2026-08-19 06:45:00+00:00,1.35503,1.35522,1.35493,1.35495
2026-08-19 06:50:00+00:00,1.35502,1.35531,1.35502,1.35529
2026-08-19 06:55:00+00:00,1.35526,1.35531,1.35497,1.35514
2026-08-19 07:00:00+00:00,1.3551,1.35544,1.35508,1.35539
2026-08-19 07:05:00+00:00,1.35528,1.35545,1.35505,1.3554
2026-08-19 07:10:00+00:00,1.35539,1.35539,1.35492,1.35502
2026-08-19 07:15:00+00:00,1.355,1.355,1.35448,1.35468
2026-08-19 07:20:00+00:00,1.35463,1.35515,1.35463,1.35509
2026-08-19 07:25:00+00:00,1.35497,1.35518,1.35496,1.35497
2026-08-19 07:30:00+00:00,1.35499,1.35526,1.35495,1.35523
2026-08-19 07:35:00+00:00,1.35521,1.35544,1.35519,1.35541
2026-08-19 07:40:00+00:00,1.35535,1.35544,1.35505,1.35527
2026-08-19 07:45:00+00:00,1.35531,1.35532,1.35516,1.35525
2026-08-19 07:50:00+00:00,1.35526,1.35549,1.35516,1.35547
2026-08-19 07:55:00+00:00,1.35544,1.35561,1.35543,1.35559
2026-08-19 08:00:00+00:00,1.35557,1.3556,1.35548,1.35549
2026-08-19 08:05:00+00:00,1.35551,1.3561,1.35551,1.35609
2026-08-19 08:10:00+00:00,1.35606,1.35648,1.35589,1.35647
2026-08-19 08:15:00+00:00,1.35644,1.35665,1.35632,1.3564
2026-08-19 08:20:00+00:00,1.35654,1.35654,1.35591,1.35593
2026-08-19 08:25:00+00:00,1.35596,1.35596,1.35555,1.35556
2026-08-19 08:30:00+00:00,1.35559,1.35569,1.35538,1.3554
2026-08-19 08:35:00+00:00,1.35541,1.35562,1.35541,1.35561
2026-08-19 08:40:00+00:00,1.35558,1.35614,1.35543,1.35609
2026-08-19 08:45:00+00:00,1.35601,1.35622,1.35601,1.35618
2026-08-19 08:50:00+00:00,1.35613,1.35621,1.35597,1.35599
2026-08-19 08:55:00+00:00,1.35601,1.3561,1.35534,1.35542
2026-08-19 09:00:00+00:00,1.3554,1.35565,1.35507,1.35556
2026-08-19 09:05:00+00:00,1.35541,1.35567,1.35534,1.35541
2026-08-19 09:10:00+00:00,1.35541,1.35551,1.35527,1.35538
2026-08-19 09:15:00+00:00,1.35529,1.35547,1.35523,1.35542
2026-08-19 09:20:00+00:00,1.35538,1.35569,1.35538,1.35566
2026-08-19 09:25:00+00:00,1.3556,1.35575,1.3553,1.35533
2026-08-19 09:30:00+00:00,1.35541,1.35567,1.35534,1.35536
2026-08-19 09:35:00+00:00,1.35538,1.35564,1.35531,1.35535
2026-08-19 09:40:00+00:00,1.35542,1.3555,1.35527,1.35547
2026-08-19 09:45:00+00:00,1.35542,1.35573,1.35535,1.35564
2026-08-19 09:50:00+00:00,1.35566,1.35601,1.35566,1.35597
2026-08-19 09:55:00+00:00,1.3559,1.35592,1.35569,1.35592
2026-08-19 10:00:00+00:00,1.35589,1.35594,1.35562,1.35572
2026-08-19 10:05:00+00:00,1.3557,1.35574,1.35558,1.35572
2026-08-19 10:10:00+00:00,1.35568,1.35607,1.35561,1.35601
2026-08-19 10:15:00+00:00,1.35586,1.35623,1.35586,1.35612
2026-08-19 10:20:00+00:00,1.35612,1.35632,1.35612,1.3563
2026-08-19 10:25:00+00:00,1.35625,1.35627,1.35597,1.35619
2026-08-19 10:30:00+00:00,1.35611,1.35633,1.35611,1.3563
2026-08-19 10:35:00+00:00,1.35627,1.35636,1.35615,1.35628
2026-08-19 10:40:00+00:00,1.35629,1.35644,1.35627,1.35637
2026-08-19 10:45:00+00:00,1.35637,1.35643,1.35631,1.35642
2026-08-19 10:50:00+00:00,1.3564,1.35646,1.35597,1.356
2026-08-19 10:55:00+00:00,1.35604,1.35604,1.35553,1.35555
2026-08-19 11:00:00+00:00,1.35557,1.35606,1.35557,1.35587
2026-08-19 11:05:00+00:00,1.35592,1.35592,1.3554,1.35541
2026-08-19 11:10:00+00:00,1.35544,1.35553,1.35527,1.35551
2026-08-19 11:15:00+00:00,1.35546,1.35564,1.35546,1.3556
2026-08-19 11:20:00+00:00,1.35558,1.35562,1.35545,1.35552
2026-08-19 11:25:00+00:00,1.35554,1.35562,1.35549,1.35552
2026-08-19 11:30:00+00:00,1.35556,1.35556,1.35536,1.35541
2026-08-19 11:35:00+00:00,1.35536,1.35566,1.35507,1.3551
2026-08-19 11:40:00+00:00,1.35513,1.35517,1.35468,1.35473
2026-08-19 11:45:00+00:00,1.35484,1.35549,1.35484,1.35545
2026-08-19 11:50:00+00:00,1.35538,1.35551,1.35533,1.35538
2026-08-19 11:55:00+00:00,1.35535,1.35541,1.35526,1.3554
2026-08-19 12:00:00+00:00,1.35537,1.35559,1.35525,1.3553
2026-08-19 12:05:00+00:00,1.35542,1.35575,1.35542,1.3557
2026-08-19 12:10:00+00:00,1.35567,1.35579,1.35564,1.35577
2026-08-19 12:15:00+00:00,1.35573,1.35605,1.35567,1.35601
2026-08-19 12:20:00+00:00,1.35593,1.35639,1.35593,1.3563
2026-08-19 12:25:00+00:00,1.3563,1.35632,1.3561,1.35621
2026-08-19 12:30:00+00:00,1.35619,1.35725,1.35589,1.35701
2026-08-19 12:35:00+00:00,1.35639,1.35849,1.35639,1.35829
2026-08-19 12:40:00+00:00,1.35827,1.35847,1.35747,1.35828
2026-08-19 12:45:00+00:00,1.35804,1.35975,1.35804,1.35959
2026-08-19 12:50:00+00:00,1.35927,1.36016,1.35923,1.36011
2026-08-19 12:55:00+00:00,1.35996,1.3602,1.35974,1.35986
2026-08-19 13:00:00+00:00,1.36007,1.36016,1.35953,1.3599
2026-08-19 13:05:00+00:00,1.35995,1.36064,1.35995,1.36058
2026-08-19 13:10:00+00:00,1.36045,1.36152,1.36045,1.36144
2026-08-19 13:15:00+00:00,1.36122,1.36177,1.36122,1.36173
2026-08-19 13:20:00+00:00,1.36165,1.36219,1.36165,1.36183
2026-08-19 13:25:00+00:00,1.36182,1.36207,1.36129,1.36185
2026-08-19 13:30:00+00:00,1.3616,1.36236,1.3616,1.36235
2026-08-19 13:35:00+00:00,1.36231,1.36241,1.36129,1.36207
2026-08-19 13:40:00+00:00,1.36196,1.36231,1.36159,1.36198
2026-08-19 13:45:00+00:00,1.36185,1.36227,1.36153,1.36158
2026-08-19 13:50:00+00:00,1.36166,1.36179,1.36104,1.36174
2026-08-19 13:55:00+00:00,1.3616,1.36219,1.36132,1.36214
2026-08-19 14:00:00+00:00,1.3621,1.36219,1.36143,1.36177
2026-08-19 14:05:00+00:00,1.36167,1.3619,1.36164,1.36185
2026-08-19 14:10:00+00:00,1.36182,1.36249,1.36166,1.36244
2026-08-19 14:15:00+00:00,1.36235,1.36235,1.36199,1.36232
2026-08-19 14:20:00+00:00,1.36228,1.36228,1.36143,1.36149
2026-08-19 14:25:00+00:00,1.36164,1.36223,1.36164,1.3622
2026-08-19 14:30:00+00:00,1.36211,1.36248,1.36211,1.36245
2026-08-19 14:35:00+00:00,1.36239,1.36294,1.36207,1.36293
2026-08-19 14:40:00+00:00,1.36289,1.3629,1.36234,1.36265
2026-08-19 14:45:00+00:00,1.36259,1.36276,1.36158,1.36168
2026-08-19 14:50:00+00:00,1.36188,1.36188,1.36091,1.36108
2026-08-19 14:55:00+00:00,1.36115,1.36115,1.36083,1.36085
2026-08-19 15:00:00+00:00,1.36088,1.36106,1.3606,1.36063
2026-08-19 15:05:00+00:00,1.3607,1.36113,1.36069,1.36111
2026-08-19 15:10:00+00:00,1.36106,1.36136,1.36071,1.36132
2026-08-19 15:15:00+00:00,1.36123,1.36161,1.36101,1.36102
2026-08-19 15:20:00+00:00,1.36103,1.36109,1.36049,1.36051
2026-08-19 15:25:00+00:00,1.36054,1.36058,1.36029,1.36054
2026-08-19 15:30:00+00:00,1.36043,1.36093,1.36043,1.36085
2026-08-19 15:35:00+00:00,1.36082,1.36117,1.36074,1.36092
2026-08-19 15:40:00+00:00,1.36095,1.36102,1.36067,1.36095
2026-08-19 15:45:00+00:00,1.36089,1.36097,1.36049,1.36095
2026-08-19 15:50:00+00:00,1.36088,1.36101,1.36044,1.36051
2026-08-19 15:55:00+00:00,1.36063,1.36063,1.36023,1.3605
2026-08-19 16:00:00+00:00,1.36039,1.36082,1.36039,1.3608
2026-08-19 16:05:00+00:00,1.36075,1.36084,1.36044,1.36081
2026-08-19 16:10:00+00:00,1.36069,1.36114,1.36069,1.36113
2026-08-19 16:15:00+00:00,1.36109,1.36128,1.36071,1.36074
2026-08-19 16:20:00+00:00,1.3608,1.36113,1.36074,1.36108
2026-08-19 16:25:00+00:00,1.36101,1.36122,1.36083,1.36091
2026-08-19 16:30:00+00:00,1.36106,1.36121,1.36075,1.36119
2026-08-19 16:35:00+00:00,1.36114,1.36116,1.36096,1.36106
2026-08-19 16:40:00+00:00,1.36106,1.36106,1.3609,1.361
2026-08-19 16:45:00+00:00,1.36097,1.36122,1.36085,1.36119
2026-08-19 16:50:00+00:00,1.36112,1.36145,1.36093,1.36145
2026-08-19 16:55:00+00:00,1.36143,1.36162,1.36103,1.36106
2026-08-19 17:00:00+00:00,1.36111,1.36149,1.36095,1.36116
2026-08-19 17:05:00+00:00,1.36121,1.36121,1.36049,1.36052
2026-08-19 17:10:00+00:00,1.36054,1.36073,1.36023,1.36037
2026-08-19 17:15:00+00:00,1.36036,1.36036,1.36004,1.36005
2026-08-19 17:20:00+00:00,1.36007,1.36012,1.36003,1.3601
2026-08-19 17:25:00+00:00,1.36009,1.36009,1.35964,1.35967
2026-08-19 17:30:00+00:00,1.35967,1.35998,1.35953,1.35954
2026-08-19 17:35:00+00:00,1.35954,1.35965,1.35936,1.35938
2026-08-19 17:40:00+00:00,1.35944,1.3599,1.35944,1.35982
2026-08-19 17:45:00+00:00,1.35979,1.3598,1.35949,1.35979
2026-08-19 17:50:00+00:00,1.35974,1.3598,1.35936,1.35937
2026-08-19 17:55:00+00:00,1.35937,1.35942,1.3591,1.35911
2026-08-19 18:00:00+00:00,1.35914,1.35993,1.3588,1.35987
2026-08-19 18:05:00+00:00,1.35984,1.36005,1.35984,1.36003
2026-08-19 18:10:00+00:00,1.35999,1.36029,1.35988,1.36028
2026-08-19 18:15:00+00:00,1.36024,1.36024,1.3598,1.35984
2026-08-19 18:20:00+00:00,1.35994,1.36015,1.35935,1.3594
2026-08-19 18:25:00+00:00,1.35947,1.35947,1.35907,1.35917
2026-08-19 18:30:00+00:00,1.35914,1.35963,1.35899,1.35959
2026-08-19 18:35:00+00:00,1.3595,1.36021,1.3595,1.36019
2026-08-19 18:40:00+00:00,1.36016,1.36074,1.36005,1.36072
2026-08-19 18:45:00+00:00,1.3607,1.36082,1.36056,1.3608
2026-08-19 18:50:00+00:00,1.36071,1.36094,1.36071,1.36091
2026-08-19 18:55:00+00:00,1.36084,1.36097,1.3608,1.36081
2026-08-19 19:00:00+00:00,1.36082,1.36097,1.36052,1.36055
2026-08-19 19:05:00+00:00,1.36059,1.36087,1.36034,1.36082
2026-08-19 19:10:00+00:00,1.36066,1.36109,1.36066,1.36072
2026-08-19 19:15:00+00:00,1.36076,1.36098,1.36071,1.36086
2026-08-19 19:20:00+00:00,1.36089,1.36102,1.36073,1.36092
2026-08-19 19:25:00+00:00,1.36089,1.36117,1.36086,1.36115
2026-08-19 19:30:00+00:00,1.36111,1.3612,1.36093,1.36115
2026-08-19 19:35:00+00:00,1.36113,1.36113,1.36041,1.36044
2026-08-19 19:40:00+00:00,1.3605,1.36074,1.3605,1.3607
2026-08-19 19:45:00+00:00,1.36069,1.36072,1.36054,1.36065
2026-08-19 19:50:00+00:00,1.36059,1.36108,1.3605,1.36106
2026-08-19 19:55:00+00:00,1.36101,1.36106,1.36081,1.36081
2026-08-19 20:00:00+00:00,1.36082,1.361,1.36054,1.36097
2026-08-19 20:05:00+00:00,1.36095,1.36096,1.36072,1.36078
2026-08-19 20:10:00+00:00,1.36076,1.3608,1.3604,1.36041
2026-08-19 20:15:00+00:00,1.36044,1.36047,1.36032,1.36035
2026-08-19 20:20:00+00:00,1.36035,1.36037,1.36027,1.36033
2026-08-19 20:25:00+00:00,1.36031,1.36036,1.3603,1.36033
2026-08-19 20:30:00+00:00,1.3603,1.36042,1.3602,1.36027
2026-08-19 20:35:00+00:00,1.36028,1.36049,1.36024,1.36043
2026-08-19 20:40:00+00:00,1.36035,1.36074,1.36035,1.36071
2026-08-19 20:45:00+00:00,1.36068,1.36071,1.3606,1.36062
2026-08-19 20:50:00+00:00,1.36062,1.36076,1.3606,1.36074
2026-08-19 20:55:00+00:00,1.36071,1.36073,1.36069,1.36071
2026-08-19 21:00:00+00:00,1.3607,1.36084,1.3604,1.36082
2026-08-19 21:05:00+00:00,1.36078,1.36078,1.36047,1.36059
2026-08-19 21:10:00+00:00,1.36056,1.36063,1.36038,1.36046
2026-08-19 21:15:00+00:00,1.36051,1.3609,1.3605,1.36083
2026-08-19 21:20:00+00:00,1.36081,1.36141,1.36011,1.36133
2026-08-19 21:25:00+00:00,1.36114,1.36149,1.36082,1.36104
2026-08-19 21:30:00+00:00,1.36101,1.36109,1.36082,1.36089
2026-08-19 21:35:00+00:00,1.36089,1.36089,1.36069,1.36078
2026-08-19 21:40:00+00:00,1.36077,1.36095,1.36061,1.36092
2026-08-19 21:45:00+00:00,1.36089,1.36089,1.36052,1.36059
2026-08-19 21:50:00+00:00,1.36072,1.36072,1.36039,1.36042
2026-08-19 21:55:00+00:00,1.3605,1.36101,1.3605,1.36071
2026-08-19 22:00:00+00:00,1.36077,1.36105,1.36047,1.36095
2026-08-19 22:05:00+00:00,1.36087,1.36101,1.36084,1.36091
2026-08-19 22:10:00+00:00,1.36089,1.36097,1.36067,1.36068
2026-08-19 22:15:00+00:00,1.36072,1.36083,1.36071,1.36078
2026-08-19 22:20:00+00:00,1.36078,1.36086,1.36075,1.36082
2026-08-19 22:25:00+00:00,1.3608,1.36086,1.36069,1.36077
2026-08-19 22:30:00+00:00,1.36075,1.36093,1.36072,1.36073
2026-08-19 22:35:00+00:00,1.36074,1.36075,1.36067,1.36068
2026-08-19 22:40:00+00:00,1.36068,1.36072,1.3606,1.36062
2026-08-19 22:45:00+00:00,1.36063,1.3607,1.36063,1.3607
2026-08-19 22:50:00+00:00,1.36067,1.36072,1.36049,1.3605
2026-08-19 22:55:00+00:00,1.36051,1.36053,1.36047,1.36052
2026-08-19 23:00:00+00:00,1.36051,1.36057,1.36022,1.36046
2026-08-19 23:05:00+00:00,1.36043,1.36069,1.3603,1.36047
2026-08-19 23:10:00+00:00,1.3605,1.36051,1.36038,1.36045
2026-08-19 23:15:00+00:00,1.36041,1.36045,1.36038,1.36038
2026-08-19 23:20:00+00:00,1.36038,1.36041,1.36026,1.36032
2026-08-19 23:25:00+00:00,1.36029,1.36036,1.36017,1.36026
2026-08-19 23:30:00+00:00,1.36021,1.36027,1.36014,1.36014
2026-08-19 23:35:00+00:00,1.36014,1.36016,1.36005,1.36015
2026-08-19 23:40:00+00:00,1.36013,1.36018,1.36006,1.36013
2026-08-19 23:45:00+00:00,1.3601,1.3601,1.35993,1.36007
2026-08-19 23:50:00+00:00,1.36002,1.36016,1.36002,1.36006
2026-08-19 23:55:00+00:00,1.36008,1.3601,1.35993,1.35994
2026-08-20 00:00:00+00:00,1.35995,1.36063,1.35995,1.36061
2026-08-20 00:05:00+00:00,1.36051,1.36072,1.36003,1.36006
2026-08-20 00:10:00+00:00,1.3601,1.3603,1.35992,1.36027
2026-08-20 00:15:00+00:00,1.36021,1.36058,1.36021,1.36057
2026-08-20 00:20:00+00:00,1.36053,1.36057,1.36004,1.36011
2026-08-20 00:25:00+00:00,1.36009,1.36019,1.36001,1.36008
2026-08-20 00:30:00+00:00,1.36007,1.36049,1.36007,1.36012
2026-08-20 00:35:00+00:00,1.36018,1.36043,1.36018,1.3604
2026-08-20 00:40:00+00:00,1.36038,1.36038,1.36006,1.36008
2026-08-20 00:45:00+00:00,1.36008,1.36014,1.3599,1.35991
2026-08-20 00:50:00+00:00,1.35992,1.35994,1.35982,1.3599
2026-08-20 00:55:00+00:00,1.35987,1.36008,1.35981,1.36007
2026-08-20 01:00:00+00:00,1.36003,1.36003,1.35958,1.3597
2026-08-20 01:05:00+00:00,1.35967,1.35981,1.35951,1.35976
2026-08-20 01:10:00+00:00,1.35967,1.35982,1.35949,1.35978
2026-08-20 01:15:00+00:00,1.35973,1.36007,1.35973,1.36002
2026-08-20 01:20:00+00:00,1.35991,1.36043,1.35991,1.36037
2026-08-20 01:25:00+00:00,1.36034,1.36064,1.36027,1.3606
2026-08-20 01:30:00+00:00,1.36052,1.36075,1.36038,1.36065
2026-08-20 01:35:00+00:00,1.36056,1.36074,1.36056,1.36069
2026-08-20 01:40:00+00:00,1.36068,1.36077,1.36063,1.36066
2026-08-20 01:45:00+00:00,1.36069,1.36069,1.36045,1.36047
2026-08-20 01:50:00+00:00,1.3605,1.3605,1.36036,1.36039
2026-08-20 01:55:00+00:00,1.3604,1.36064,1.36034,1.36056
2026-08-20 02:00:00+00:00,1.36057,1.36129,1.36055,1.36123
2026-08-20 02:05:00+00:00,1.36106,1.36142,1.36106,1.36119
2026-08-20 02:10:00+00:00,1.36126,1.36126,1.36078,1.3609
2026-08-20 02:15:00+00:00,1.36088,1.36094,1.36051,1.36075
2026-08-20 02:20:00+00:00,1.36068,1.36068,1.36025,1.36052
2026-08-20 02:25:00+00:00,1.36045,1.36062,1.36041,1.36053
2026-08-20 02:30:00+00:00,1.3605,1.36058,1.36047,1.36056
2026-08-20 02:35:00+00:00,1.36054,1.36063,1.36032,1.36052
2026-08-20 02:40:00+00:00,1.36049,1.36073,1.36049,1.36058
2026-08-20 02:45:00+00:00,1.36062,1.36062,1.36043,1.36052
2026-08-20 02:50:00+00:00,1.36054,1.36054,1.36035,1.36047
2026-08-20 02:55:00+00:00,1.36041,1.36059,1.3604,1.36058
2026-08-20 03:00:00+00:00,1.36053,1.36075,1.36043,1.36065
2026-08-20 03:05:00+00:00,1.36062,1.3607,1.36058,1.36067
2026-08-20 03:10:00+00:00,1.36063,1.36108,1.36062,1.36102
2026-08-20 03:15:00+00:00,1.36094,1.36112,1.36073,1.36092
2026-08-20 03:20:00+00:00,1.36089,1.36116,1.36089,1.36115
2026-08-20 03:25:00+00:00,1.3611,1.3614,1.3611,1.36122
2026-08-20 03:30:00+00:00,1.36123,1.36123,1.36106,1.36119
2026-08-20 03:35:00+00:00,1.36119,1.36123,1.36103,1.36107
2026-08-20 03:40:00+00:00,1.36104,1.36124,1.36104,1.36122
2026-08-20 03:45:00+00:00,1.36116,1.36137,1.36116,1.3613
2026-08-20 03:50:00+00:00,1.36131,1.36143,1.36129,1.36134
2026-08-20 03:55:00+00:00,1.36136,1.36147,1.36136,1.36144
2026-08-20 04:00:00+00:00,1.36141,1.36144,1.36136,1.36142
2026-08-20 04:05:00+00:00,1.36141,1.36157,1.36117,1.36153
2026-08-20 04:10:00+00:00,1.36147,1.36163,1.36147,1.36161
2026-08-20 04:15:00+00:00,1.36158,1.36162,1.36136,1.3615
2026-08-20 04:20:00+00:00,1.36146,1.36146,1.36125,1.36127
2026-08-20 04:25:00+00:00,1.36129,1.36134,1.36121,1.36132
2026-08-20 04:30:00+00:00,1.3613,1.36133,1.36121,1.36129
2026-08-20 04:35:00+00:00,1.36126,1.3613,1.36111,1.36119
2026-08-20 04:40:00+00:00,1.36116,1.36125,1.36107,1.36118
2026-08-20 04:45:00+00:00,1.36116,1.36116,1.36104,1.36109
2026-08-20 04:50:00+00:00,1.36109,1.36115,1.36105,1.36114
2026-08-20 04:55:00+00:00,1.36112,1.36112,1.36069,1.36074
2026-08-20 05:00:00+00:00,1.36083,1.36099,1.36063,1.36098
2026-08-20 05:05:00+00:00,1.36094,1.361,1.3609,1.36092
2026-08-20 05:10:00+00:00,1.36093,1.36096,1.36075,1.36075
2026-08-20 05:15:00+00:00,1.36076,1.3608,1.36064,1.36073
2026-08-20 05:20:00+00:00,1.3607,1.36084,1.36064,1.36082
2026-08-20 05:25:00+00:00,1.36075,1.36084,1.36054,1.36055
2026-08-20 05:30:00+00:00,1.36057,1.36068,1.36045,1.36047
2026-08-20 05:35:00+00:00,1.36051,1.36051,1.36033,1.36042
2026-08-20 05:40:00+00:00,1.3604,1.3604,1.36017,1.36027
2026-08-20 05:45:00+00:00,1.36026,1.36038,1.36009,1.36036
2026-08-20 05:50:00+00:00,1.36032,1.36035,1.36008,1.36012
2026-08-20 05:55:00+00:00,1.36018,1.36062,1.36001,1.3606
2026-08-20 06:00:00+00:00,1.36055,1.36062,1.36037,1.36045
2026-08-20 06:05:00+00:00,1.36044,1.36067,1.3603,1.36063
2026-08-20 06:10:00+00:00,1.36058,1.36119,1.36048,1.36113
2026-08-20 06:15:00+00:00,1.36101,1.36125,1.36095,1.3611
2026-08-20 06:20:00+00:00,1.36107,1.36108,1.36071,1.36075
2026-08-20 06:25:00+00:00,1.36081,1.36088,1.36062,1.36083
2026-08-20 06:30:00+00:00,1.36078,1.36091,1.3606,1.36063
2026-08-20 06:35:00+00:00,1.36063,1.36098,1.36063,1.36096
2026-08-20 06:40:00+00:00,1.36092,1.36097,1.36078,1.36089
2026-08-20 06:45:00+00:00,1.36089,1.36154,1.36089,1.36138
2026-08-20 06:50:00+00:00,1.36139,1.36141,1.36117,1.36118
2026-08-20 06:55:00+00:00,1.36119,1.36162,1.36119,1.3616
2026-08-20 07:00:00+00:00,1.3615,1.36201,1.36101,1.36103
2026-08-20 07:05:00+00:00,1.36106,1.36119,1.36091,1.36108
2026-08-20 07:10:00+00:00,1.3611,1.36139,1.36107,1.36135
2026-08-20 07:15:00+00:00,1.36126,1.36145,1.36123,1.36138
2026-08-20 07:20:00+00:00,1.3613,1.36151,1.36121,1.36123
2026-08-20 07:25:00+00:00,1.36127,1.36131,1.36116,1.36118
2026-08-20 07:30:00+00:00,1.3612,1.36189,1.36114,1.36184
2026-08-20 07:35:00+00:00,1.36172,1.36236,1.36172,1.36235
2026-08-20 07:40:00+00:00,1.36227,1.36314,1.36223,1.36304
2026-08-20 07:45:00+00:00,1.36301,1.36301,1.36225,1.36228
2026-08-20 07:50:00+00:00,1.36233,1.36238,1.36209,1.36235
2026-08-20 07:55:00+00:00,1.36227,1.36266,1.36227,1.36257
2026-08-20 08:00:00+00:00,1.36256,1.36271,1.36234,1.36239
2026-08-20 08:05:00+00:00,1.36249,1.36284,1.36249,1.36281
2026-08-20 08:10:00+00:00,1.36275,1.36297,1.36271,1.3629
2026-08-20 08:15:00+00:00,1.36288,1.3634,1.36288,1.36338
2026-08-20 08:20:00+00:00,1.36332,1.36362,1.36324,1.36355
2026-08-20 08:25:00+00:00,1.36354,1.36361,1.36327,1.36338
2026-08-20 08:30:00+00:00,1.36337,1.3634,1.36299,1.36307
2026-08-20 08:35:00+00:00,1.36309,1.36332,1.36302,1.36331
2026-08-20 08:40:00+00:00,1.36328,1.36355,1.36314,1.36338
2026-08-20 08:45:00+00:00,1.36341,1.36348,1.36325,1.36339
2026-08-20 08:50:00+00:00,1.36339,1.36377,1.36318,1.36375
2026-08-20 08:55:00+00:00,1.36367,1.36374,1.36336,1.36352
2026-08-20 09:00:00+00:00,1.36344,1.36363,1.36338,1.36341
2026-08-20 09:05:00+00:00,1.36345,1.36358,1.36322,1.36353
2026-08-20 09:10:00+00:00,1.36347,1.36413,1.36347,1.36411
2026-08-20 09:15:00+00:00,1.36405,1.36418,1.36394,1.36407
2026-08-20 09:20:00+00:00,1.36409,1.36448,1.36398,1.36443
2026-08-20 09:25:00+00:00,1.36441,1.36441,1.36418,1.36434
2026-08-20 09:30:00+00:00,1.36427,1.3646,1.36427,1.36456
2026-08-20 09:35:00+00:00,1.36449,1.36449,1.36408,1.36411
2026-08-20 09:40:00+00:00,1.36414,1.36451,1.36401,1.36447
2026-08-20 09:45:00+00:00,1.36442,1.36448,1.36435,1.3644
2026-08-20 09:50:00+00:00,1.36439,1.36471,1.36426,1.36469
2026-08-20 09:55:00+00:00,1.36464,1.36466,1.3645,1.36463
2026-08-20 10:00:00+00:00,1.36455,1.36477,1.36429,1.36466
2026-08-20 10:05:00+00:00,1.36459,1.36481,1.36455,1.36457
2026-08-20 10:10:00+00:00,1.36463,1.36584,1.36463,1.36583
2026-08-20 10:15:00+00:00,1.36577,1.36577,1.36534,1.36552
2026-08-20 10:20:00+00:00,1.36548,1.36554,1.36502,1.36513
2026-08-20 10:25:00+00:00,1.36516,1.36557,1.36516,1.36538
2026-08-20 10:30:00+00:00,1.36542,1.36566,1.36542,1.36564
2026-08-20 10:35:00+00:00,1.36559,1.36565,1.36533,1.36537
2026-08-20 10:40:00+00:00,1.36543,1.36543,1.36489,1.36491
2026-08-20 10:45:00+00:00,1.36493,1.36493,1.36468,1.36469
2026-08-20 10:50:00+00:00,1.36471,1.36472,1.36414,1.36419
2026-08-20 10:55:00+00:00,1.36427,1.36433,1.36406,1.36429
2026-08-20 11:00:00+00:00,1.36418,1.36455,1.36416,1.36419
2026-08-20 11:05:00+00:00,1.36422,1.36422,1.36353,1.36357
2026-08-20 11:10:00+00:00,1.36363,1.36363,1.36321,1.3634
2026-08-20 11:15:00+00:00,1.36335,1.36354,1.36335,1.3634
2026-08-20 11:20:00+00:00,1.36341,1.36385,1.36341,1.36376
2026-08-20 11:25:00+00:00,1.36377,1.36404,1.36361,1.36366
2026-08-20 11:30:00+00:00,1.36373,1.36396,1.36349,1.36395
2026-08-20 11:35:00+00:00,1.36388,1.36424,1.36377,1.36396
2026-08-20 11:40:00+00:00,1.36398,1.36407,1.36342,1.36345
2026-08-20 11:45:00+00:00,1.36348,1.36352,1.3631,1.36311
2026-08-20 11:50:00+00:00,1.36314,1.36331,1.36312,1.36314
2026-08-20 11:55:00+00:00,1.36313,1.36346,1.36312,1.36345
2026-08-20 12:00:00+00:00,1.36343,1.36343,1.36298,1.363
2026-08-20 12:05:00+00:00,1.36303,1.3631,1.36214,1.36256
2026-08-20 12:10:00+00:00,1.36246,1.36332,1.36246,1.36319
2026-08-20 12:15:00+00:00,1.36316,1.3639,1.36313,1.36389
2026-08-20 12:20:00+00:00,1.36385,1.36403,1.36366,1.36399
2026-08-20 12:25:00+00:00,1.36394,1.36424,1.36342,1.36358
2026-08-20 12:30:00+00:00,1.36354,1.36362,1.36284,1.36293
2026-08-20 12:35:00+00:00,1.36312,1.36312,1.36275,1.36299
2026-08-20 12:40:00+00:00,1.36295,1.36386,1.36295,1.36371
2026-08-20 12:45:00+00:00,1.36351,1.36394,1.36351,1.36369
2026-08-20 12:50:00+00:00,1.36368,1.36414,1.36368,1.36411
2026-08-20 12:55:00+00:00,1.36405,1.36446,1.36381,1.36443
2026-08-20 13:00:00+00:00,1.36437,1.36492,1.36437,1.36469
2026-08-20 13:05:00+00:00,1.36478,1.36525,1.36472,1.36484
2026-08-20 13:10:00+00:00,1.36505,1.36505,1.36446,1.3645
2026-08-20 13:15:00+00:00,1.36454,1.36481,1.36427,1.36476
2026-08-20 13:20:00+00:00,1.36467,1.36485,1.36429,1.3643
2026-08-20 13:25:00+00:00,1.36434,1.36459,1.36385,1.36412
2026-08-20 13:30:00+00:00,1.36407,1.36441,1.36382,1.36387
2026-08-20 13:35:00+00:00,1.36394,1.36419,1.36358,1.36406
2026-08-20 13:40:00+00:00,1.36399,1.36409,1.36361,1.36393
2026-08-20 13:45:00+00:00,1.36387,1.36396,1.36353,1.36355
2026-08-20 13:50:00+00:00,1.36356,1.36379,1.36342,1.36357
2026-08-20 13:55:00+00:00,1.36368,1.36391,1.36336,1.36347
2026-08-20 14:00:00+00:00,1.36352,1.36402,1.36335,1.36359
2026-08-20 14:05:00+00:00,1.36364,1.36364,1.3633,1.36337
2026-08-20 14:10:00+00:00,1.36336,1.36336,1.36286,1.36301
2026-08-20 14:15:00+00:00,1.36298,1.36312,1.36279,1.3631
2026-08-20 14:20:00+00:00,1.36305,1.36351,1.36296,1.36339
2026-08-20 14:25:00+00:00,1.36323,1.36362,1.36323,1.36343
2026-08-20 14:30:00+00:00,1.36346,1.36363,1.36341,1.36352
2026-08-20 14:35:00+00:00,1.36349,1.36366,1.3633,1.3635
2026-08-20 14:40:00+00:00,1.36354,1.36354,1.36316,1.36337
2026-08-20 14:45:00+00:00,1.36332,1.36353,1.3632,1.3635
2026-08-20 14:50:00+00:00,1.36347,1.36355,1.36316,1.36341
2026-08-20 14:55:00+00:00,1.36335,1.36335,1.36314,1.36329
2026-08-20 15:00:00+00:00,1.36323,1.36446,1.36321,1.3643
2026-08-20 15:05:00+00:00,1.36408,1.36467,1.36328,1.36335
2026-08-20 15:10:00+00:00,1.36348,1.3637,1.3631,1.36363
2026-08-20 15:15:00+00:00,1.36351,1.36392,1.36351,1.36387
2026-08-20 15:20:00+00:00,1.36385,1.364,1.36307,1.36309
2026-08-20 15:25:00+00:00,1.36314,1.36398,1.36278,1.36388
2026-08-20 15:30:00+00:00,1.36363,1.36431,1.36363,1.364
2026-08-20 15:35:00+00:00,1.36396,1.36396,1.36351,1.36374
2026-08-20 15:40:00+00:00,1.36371,1.36377,1.36286,1.36291
2026-08-20 15:45:00+00:00,1.363,1.3633,1.36287,1.36327
2026-08-20 15:50:00+00:00,1.36318,1.36359,1.36318,1.36342
2026-08-20 15:55:00+00:00,1.36343,1.36379,1.36343,1.36377
2026-08-20 16:00:00+00:00,1.36373,1.36379,1.36344,1.36345
2026-08-20 16:05:00+00:00,1.36348,1.36358,1.36333,1.36334
2026-08-20 16:10:00+00:00,1.36334,1.36359,1.3632,1.36323
2026-08-20 16:15:00+00:00,1.36327,1.36328,1.36298,1.36325
2026-08-20 16:20:00+00:00,1.3632,1.36329,1.36316,1.36317
2026-08-20 16:25:00+00:00,1.36318,1.36323,1.36281,1.36285
2026-08-20 16:30:00+00:00,1.36291,1.36291,1.36247,1.3625
2026-08-20 16:35:00+00:00,1.36253,1.3629,1.36253,1.36268
2026-08-20 16:40:00+00:00,1.3627,1.36286,1.36246,1.36266
2026-08-20 16:45:00+00:00,1.36267,1.36306,1.36266,1.36303
2026-08-20 16:50:00+00:00,1.363,1.36319,1.3629,1.36292
2026-08-20 16:55:00+00:00,1.36293,1.36331,1.36293,1.3633
2026-08-20 17:00:00+00:00,1.36324,1.36324,1.36296,1.36298
2026-08-20 17:05:00+00:00,1.36301,1.36301,1.36267,1.36274
2026-08-20 17:10:00+00:00,1.36285,1.36285,1.36253,1.36261
2026-08-20 17:15:00+00:00,1.36259,1.36268,1.36242,1.36259
2026-08-20 17:20:00+00:00,1.3626,1.36263,1.3624,1.36251
2026-08-20 17:25:00+00:00,1.36251,1.36264,1.3625,1.36262
2026-08-20 17:30:00+00:00,1.36254,1.36275,1.36249,1.3626
2026-08-20 17:35:00+00:00,1.36262,1.36266,1.36245,1.36245
2026-08-20 17:40:00+00:00,1.36247,1.36255,1.36236,1.36248
2026-08-20 17:45:00+00:00,1.36242,1.36268,1.36242,1.36265
2026-08-20 17:50:00+00:00,1.36262,1.36279,1.3626,1.36269
2026-08-20 17:55:00+00:00,1.3627,1.36282,1.36263,1.36278
2026-08-20 18:00:00+00:00,1.36272,1.36287,1.36256,1.36272
2026-08-20 18:05:00+00:00,1.36265,1.36283,1.36248,1.36253
2026-08-20 18:10:00+00:00,1.36261,1.36261,1.36225,1.36226
2026-08-20 18:15:00+00:00,1.36227,1.36229,1.36206,1.36221
2026-08-20 18:20:00+00:00,1.36215,1.36244,1.36215,1.3624
2026-08-20 18:25:00+00:00,1.36239,1.3624,1.36225,1.36236
2026-08-20 18:30:00+00:00,1.36232,1.36253,1.36232,1.36237
2026-08-20 18:35:00+00:00,1.36239,1.36258,1.36239,1.36257
2026-08-20 18:40:00+00:00,1.36254,1.36256,1.36241,1.36251
2026-08-20 18:45:00+00:00,1.3625,1.36264,1.36232,1.36261
2026-08-20 18:50:00+00:00,1.36249,1.36273,1.36249,1.3627
2026-08-20 18:55:00+00:00,1.36265,1.36281,1.36265,1.36275
2026-08-20 19:00:00+00:00,1.36275,1.36278,1.36263,1.36265
2026-08-20 19:05:00+00:00,1.36269,1.36283,1.3626,1.36281
2026-08-20 19:10:00+00:00,1.36279,1.36302,1.36266,1.36299
2026-08-20 19:15:00+00:00,1.36293,1.36304,1.36288,1.36289
2026-08-20 19:20:00+00:00,1.36293,1.36303,1.36287,1.36299
2026-08-20 19:25:00+00:00,1.36298,1.36303,1.36292,1.36301
2026-08-20 19:30:00+00:00,1.36298,1.36304,1.3629,1.36294
2026-08-20 19:35:00+00:00,1.36295,1.36295,1.36273,1.36294
2026-08-20 19:40:00+00:00,1.36292,1.36293,1.36277,1.36278
2026-08-20 19:45:00+00:00,1.36279,1.36294,1.36275,1.36292
2026-08-20 19:50:00+00:00,1.36283,1.36311,1.36283,1.36309
2026-08-20 19:55:00+00:00,1.36305,1.36308,1.36292,1.36292
2026-08-20 20:00:00+00:00,1.36292,1.36305,1.36284,1.36301
2026-08-20 20:05:00+00:00,1.36299,1.36301,1.36286,1.36292
2026-08-20 20:10:00+00:00,1.36289,1.36303,1.36288,1.36299
2026-08-20 20:15:00+00:00,1.36297,1.36297,1.3629,1.36291
2026-08-20 20:20:00+00:00,1.36292,1.36306,1.36271,1.3628
2026-08-20 20:25:00+00:00,1.36278,1.36286,1.36275,1.36284
2026-08-20 20:30:00+00:00,1.3628,1.36298,1.3628,1.36296
2026-08-20 20:35:00+00:00,1.36293,1.36303,1.36292,1.36301
2026-08-20 20:40:00+00:00,1.36298,1.36319,1.36294,1.36317
2026-08-20 20:45:00+00:00,1.3631,1.36331,1.3631,1.3633
2026-08-20 20:50:00+00:00,1.36327,1.36329,1.3631,1.36311
2026-08-20 20:55:00+00:00,1.36313,1.36315,1.3631,1.3631
2026-08-20 21:00:00+00:00,1.3631,1.36321,1.36287,1.36292
2026-08-20 21:05:00+00:00,1.36299,1.36311,1.36281,1.36309
2026-08-20 21:10:00+00:00,1.36304,1.36304,1.36274,1.36286
2026-08-20 21:15:00+00:00,1.36287,1.36311,1.36282,1.36308
2026-08-20 21:20:00+00:00,1.36304,1.36318,1.36298,1.36314
2026-08-20 21:25:00+00:00,1.36311,1.36315,1.36305,1.36315
2026-08-20 21:30:00+00:00,1.36313,1.3632,1.36307,1.36308
2026-08-20 21:35:00+00:00,1.3631,1.3632,1.36306,1.36307
2026-08-20 21:40:00+00:00,1.36309,1.36311,1.36296,1.36308
2026-08-20 21:45:00+00:00,1.36305,1.36313,1.36305,1.36311
2026-08-20 21:50:00+00:00,1.36309,1.3632,1.36309,1.36318
2026-08-20 21:55:00+00:00,1.36314,1.36325,1.36299,1.36322
2026-08-20 22:00:00+00:00,1.36318,1.36345,1.36318,1.36342
2026-08-20 22:05:00+00:00,1.36333,1.36353,1.36333,1.36343
2026-08-20 22:10:00+00:00,1.36346,1.36348,1.36336,1.36346
2026-08-20 22:15:00+00:00,1.36343,1.36351,1.36322,1.36326
2026-08-20 22:20:00+00:00,1.36327,1.36345,1.36325,1.36342
2026-08-20 22:25:00+00:00,1.36337,1.36362,1.36334,1.3636
2026-08-20 22:30:00+00:00,1.36359,1.36359,1.36338,1.3634
2026-08-20 22:35:00+00:00,1.36341,1.36352,1.3634,1.36347
2026-08-20 22:40:00+00:00,1.36348,1.36355,1.36347,1.36352
2026-08-20 22:45:00+00:00,1.36349,1.36355,1.36344,1.36351
2026-08-20 22:50:00+00:00,1.36348,1.36374,1.36348,1.36371
2026-08-20 22:55:00+00:00,1.36367,1.36374,1.36359,1.36359
2026-08-20 23:00:00+00:00,1.36359,1.36391,1.36359,1.36389
2026-08-20 23:05:00+00:00,1.36382,1.36399,1.36372,1.36375
2026-08-20 23:10:00+00:00,1.36375,1.36395,1.36371,1.36383
2026-08-20 23:15:00+00:00,1.36386,1.36402,1.36386,1.36401
2026-08-20 23:20:00+00:00,1.36399,1.36414,1.36398,1.36411
2026-08-20 23:25:00+00:00,1.36408,1.36416,1.36406,1.36409
2026-08-20 23:30:00+00:00,1.36407,1.36414,1.36403,1.36404
2026-08-20 23:35:00+00:00,1.36404,1.36408,1.36385,1.36389
2026-08-20 23:40:00+00:00,1.3639,1.36408,1.36384,1.36406
2026-08-20 23:45:00+00:00,1.36403,1.36418,1.36399,1.36414
2026-08-20 23:50:00+00:00,1.36405,1.36422,1.364,1.36403
2026-08-20 23:55:00+00:00,1.3641,1.36439,1.3641,1.36436
2026-08-21 00:00:00+00:00,1.3643,1.36441,1.36417,1.36436
2026-08-21 00:05:00+00:00,1.3643,1.3643,1.36397,1.36398
2026-08-21 00:10:00+00:00,1.36398,1.36455,1.36398,1.36449
2026-08-21 00:15:00+00:00,1.36441,1.36458,1.36441,1.36453
2026-08-21 00:20:00+00:00,1.36443,1.36467,1.36443,1.36452
2026-08-21 00:25:00+00:00,1.36454,1.3646,1.36413,1.36417
2026-08-21 00:30:00+00:00,1.36423,1.36426,1.36409,1.36423
2026-08-21 00:35:00+00:00,1.36418,1.36441,1.36407,1.36408
2026-08-21 00:40:00+00:00,1.3641,1.36413,1.36387,1.36391
2026-08-21 00:45:00+00:00,1.36387,1.36402,1.36383,1.36399
2026-08-21 00:50:00+00:00,1.36393,1.36409,1.36393,1.36408
2026-08-21 00:55:00+00:00,1.36405,1.36405,1.36381,1.36386
2026-08-21 01:00:00+00:00,1.36385,1.36396,1.36381,1.36394
2026-08-21 01:05:00+00:00,1.36385,1.36403,1.36374,1.36375
2026-08-21 01:10:00+00:00,1.36376,1.36414,1.3637,1.36411
2026-08-21 01:15:00+00:00,1.36407,1.36431,1.36396,1.36428
2026-08-21 01:20:00+00:00,1.36426,1.36446,1.36424,1.36443
2026-08-21 01:25:00+00:00,1.36439,1.36462,1.36439,1.36457
2026-08-21 01:30:00+00:00,1.36447,1.36491,1.36447,1.3649
2026-08-21 01:35:00+00:00,1.36487,1.36496,1.3646,1.36483
2026-08-21 01:40:00+00:00,1.36483,1.36483,1.36446,1.36454
2026-08-21 01:45:00+00:00,1.36451,1.36461,1.36442,1.36456
2026-08-21 01:50:00+00:00,1.36455,1.36455,1.36435,1.36436
2026-08-21 01:55:00+00:00,1.36436,1.36451,1.36426,1.36442
2026-08-21 02:00:00+00:00,1.36442,1.36455,1.36437,1.36442
2026-08-21 02:05:00+00:00,1.36449,1.36449,1.36405,1.3643
2026-08-21 02:10:00+00:00,1.36418,1.36455,1.36418,1.36443
2026-08-21 02:15:00+00:00,1.36447,1.36461,1.36442,1.3645
2026-08-21 02:20:00+00:00,1.36449,1.36495,1.36441,1.36491
2026-08-21 02:25:00+00:00,1.36477,1.36506,1.36477,1.36487
2026-08-21 02:30:00+00:00,1.36488,1.36519,1.3648,1.36494
2026-08-21 02:35:00+00:00,1.36495,1.36503,1.36485,1.36488
2026-08-21 02:40:00+00:00,1.36489,1.36499,1.36486,1.36492
2026-08-21 02:45:00+00:00,1.36492,1.36548,1.36485,1.36544
2026-08-21 02:50:00+00:00,1.36536,1.36552,1.36536,1.3654
2026-08-21 02:55:00+00:00,1.36541,1.36542,1.36493,1.36496
2026-08-21 03:00:00+00:00,1.36499,1.36502,1.36483,1.36499
2026-08-21 03:05:00+00:00,1.36498,1.36506,1.36474,1.36499
2026-08-21 03:10:00+00:00,1.36489,1.36513,1.36489,1.36511
2026-08-21 03:15:00+00:00,1.36509,1.36513,1.36487,1.36489
2026-08-21 03:20:00+00:00,1.36492,1.36502,1.36489,1.36502
2026-08-21 03:25:00+00:00,1.365,1.365,1.36473,1.36474
2026-08-21 03:30:00+00:00,1.36475,1.36477,1.36455,1.36464
2026-08-21 03:35:00+00:00,1.36463,1.36463,1.36437,1.36449
2026-08-21 03:40:00+00:00,1.36445,1.36448,1.36435,1.36448
2026-08-21 03:45:00+00:00,1.36445,1.36455,1.36444,1.36449
2026-08-21 03:50:00+00:00,1.36449,1.36453,1.36439,1.3644
2026-08-21 03:55:00+00:00,1.36443,1.36464,1.36443,1.3646
2026-08-21 04:00:00+00:00,1.36457,1.36462,1.36444,1.36449
2026-08-21 04:05:00+00:00,1.36447,1.36466,1.36444,1.36447
2026-08-21 04:10:00+00:00,1.36449,1.36451,1.36437,1.36448
2026-08-21 04:15:00+00:00,1.36444,1.36454,1.36434,1.36452
2026-08-21 04:20:00+00:00,1.36448,1.36454,1.36431,1.36434
2026-08-21 04:25:00+00:00,1.36438,1.36438,1.36419,1.36422
2026-08-21 04:30:00+00:00,1.36421,1.36425,1.36409,1.36415
2026-08-21 04:35:00+00:00,1.36415,1.36415,1.36407,1.36412
2026-08-21 04:40:00+00:00,1.36408,1.36424,1.36403,1.36423
2026-08-21 04:45:00+00:00,1.36418,1.36433,1.36417,1.36429
2026-08-21 04:50:00+00:00,1.36428,1.36428,1.36414,1.3642
2026-08-21 04:55:00+00:00,1.36418,1.36439,1.36416,1.36436
2026-08-21 05:00:00+00:00,1.36433,1.36441,1.36414,1.36422
2026-08-21 05:05:00+00:00,1.36417,1.36439,1.36417,1.36427
2026-08-21 05:10:00+00:00,1.36429,1.3644,1.36428,1.36429
2026-08-21 05:15:00+00:00,1.36429,1.36442,1.36426,1.3644
2026-08-21 05:20:00+00:00,1.36436,1.36436,1.36426,1.3643
2026-08-21 05:25:00+00:00,1.36428,1.36432,1.36422,1.36423
2026-08-21 05:30:00+00:00,1.36423,1.36445,1.36411,1.3644
2026-08-21 05:35:00+00:00,1.36431,1.3648,1.36431,1.36478
2026-08-21 05:40:00+00:00,1.36474,1.36482,1.36454,1.36471
2026-08-21 05:45:00+00:00,1.36463,1.36485,1.36462,1.3648
2026-08-21 05:50:00+00:00,1.36472,1.36524,1.36472,1.36523
2026-08-21 05:55:00+00:00,1.3652,1.36531,1.36506,1.36529
2026-08-21 06:00:00+00:00,1.36524,1.36533,1.36442,1.36445
2026-08-21 06:05:00+00:00,1.36449,1.36458,1.36437,1.36437
2026-08-21 06:10:00+00:00,1.36439,1.36453,1.36439,1.36449
2026-08-21 06:15:00+00:00,1.36447,1.36472,1.36446,1.36469
2026-08-21 06:20:00+00:00,1.36465,1.36481,1.36413,1.36417
2026-08-21 06:25:00+00:00,1.36418,1.36463,1.36418,1.36458
2026-08-21 06:30:00+00:00,1.36452,1.36494,1.36444,1.3649
2026-08-21 06:35:00+00:00,1.3648,1.36506,1.36463,1.36466
2026-08-21 06:40:00+00:00,1.36468,1.36474,1.36446,1.36462
2026-08-21 06:45:00+00:00,1.36458,1.36488,1.36439,1.36478
2026-08-21 06:50:00+00:00,1.36466,1.36496,1.36466,1.36471
2026-08-21 06:55:00+00:00,1.36475,1.365,1.36462,1.36499
2026-08-21 07:00:00+00:00,1.36493,1.36521,1.36484,1.36518
2026-08-21 07:05:00+00:00,1.3651,1.36521,1.36454,1.36458
2026-08-21 07:10:00+00:00,1.36462,1.36487,1.36441,1.36485
2026-08-21 07:15:00+00:00,1.36481,1.3653,1.3648,1.36528
2026-08-21 07:20:00+00:00,1.36522,1.36539,1.36491,1.36498
2026-08-21 07:25:00+00:00,1.36498,1.36504,1.36476,1.36494
2026-08-21 07:30:00+00:00,1.36486,1.36515,1.36476,1.36512
2026-08-21 07:35:00+00:00,1.36502,1.36521,1.36502,1.36518
2026-08-21 07:40:00+00:00,1.36513,1.36538,1.36471,1.36484
2026-08-21 07:45:00+00:00,1.36506,1.36506,1.36414,1.36425
2026-08-21 07:50:00+00:00,1.36422,1.36429,1.36398,1.36425
2026-08-21 07:55:00+00:00,1.36418,1.36418,1.3639,1.36396
2026-08-21 08:00:00+00:00,1.36398,1.36433,1.3638,1.36431
2026-08-21 08:05:00+00:00,1.36426,1.36426,1.36364,1.36383
2026-08-21 08:10:00+00:00,1.36378,1.36412,1.36378,1.36411
2026-08-21 08:15:00+00:00,1.36406,1.36422,1.36392,1.3642
2026-08-21 08:20:00+00:00,1.36416,1.36418,1.36387,1.36413
2026-08-21 08:25:00+00:00,1.36405,1.36472,1.36405,1.36468
2026-08-21 08:30:00+00:00,1.36463,1.365,1.36463,1.36498
2026-08-21 08:35:00+00:00,1.36495,1.36517,1.36478,1.36516
2026-08-21 08:40:00+00:00,1.36512,1.36574,1.365,1.36567
2026-08-21 08:45:00+00:00,1.36555,1.36588,1.36555,1.36586
2026-08-21 08:50:00+00:00,1.36578,1.36611,1.36542,1.36609
2026-08-21 08:55:00+00:00,1.36604,1.36638,1.36588,1.36627
2026-08-21 09:00:00+00:00,1.36601,1.3668,1.36601,1.36676
2026-08-21 09:05:00+00:00,1.3667,1.36741,1.36665,1.36735
2026-08-21 09:10:00+00:00,1.36726,1.36752,1.36725,1.36736
2026-08-21 09:15:00+00:00,1.36732,1.36732,1.36695,1.36711
2026-08-21 09:20:00+00:00,1.36711,1.36711,1.36659,1.36679
2026-08-21 09:25:00+00:00,1.36675,1.36675,1.36599,1.36601
2026-08-21 09:30:00+00:00,1.36607,1.36636,1.36591,1.36634
2026-08-21 09:35:00+00:00,1.36627,1.36633,1.36606,1.36631
2026-08-21 09:40:00+00:00,1.36624,1.36629,1.36593,1.36595
2026-08-21 09:45:00+00:00,1.36598,1.36603,1.36574,1.3658
2026-08-21 09:50:00+00:00,1.36583,1.36606,1.36583,1.36595
2026-08-21 09:55:00+00:00,1.36586,1.36605,1.3656,1.36563
2026-08-21 10:00:00+00:00,1.36569,1.36605,1.36525,1.366
2026-08-21 10:05:00+00:00,1.36594,1.3661,1.3658,1.36597
2026-08-21 10:10:00+00:00,1.36597,1.36603,1.36565,1.36569
2026-08-21 10:15:00+00:00,1.36573,1.36625,1.36571,1.36624
2026-08-21 10:20:00+00:00,1.36621,1.36626,1.36595,1.36619
2026-08-21 10:25:00+00:00,1.36611,1.36659,1.36611,1.36657
2026-08-21 10:30:00+00:00,1.36654,1.36658,1.36617,1.36629
2026-08-21 10:35:00+00:00,1.36628,1.36646,1.36613,1.36645
2026-08-21 10:40:00+00:00,1.36642,1.36645,1.3661,1.36612
2026-08-21 10:45:00+00:00,1.36614,1.36618,1.36589,1.3659
2026-08-21 10:50:00+00:00,1.36592,1.36592,1.36537,1.3656
2026-08-21 10:55:00+00:00,1.36553,1.36553,1.36459,1.36463
2026-08-21 11:00:00+00:00,1.36468,1.36498,1.36468,1.36495
2026-08-21 11:05:00+00:00,1.3649,1.36514,1.36465,1.36487
2026-08-21 11:10:00+00:00,1.36478,1.36548,1.36478,1.36546
2026-08-21 11:15:00+00:00,1.36542,1.36569,1.36528,1.36558
2026-08-21 11:20:00+00:00,1.36562,1.36612,1.3654,1.36552
2026-08-21 11:25:00+00:00,1.36581,1.36636,1.36581,1.36613
2026-08-21 11:30:00+00:00,1.36614,1.36623,1.36549,1.36553
2026-08-21 11:35:00+00:00,1.36556,1.36602,1.3655,1.36602
2026-08-21 11:40:00+00:00,1.36601,1.36601,1.36539,1.36541
2026-08-21 11:45:00+00:00,1.36548,1.36556,1.36534,1.36543
2026-08-21 11:50:00+00:00,1.36541,1.36544,1.36515,1.36525
2026-08-21 11:55:00+00:00,1.36522,1.36575,1.36516,1.36574
2026-08-21 12:00:00+00:00,1.36572,1.36611,1.36558,1.36562
2026-08-21 12:05:00+00:00,1.36566,1.36592,1.36552,1.36591
2026-08-21 12:10:00+00:00,1.36587,1.36587,1.36542,1.36557
2026-08-21 12:15:00+00:00,1.36552,1.36567,1.36531,1.36542
2026-08-21 12:20:00+00:00,1.36541,1.36582,1.3654,1.36545
2026-08-21 12:25:00+00:00,1.36559,1.3658,1.36536,1.36558
2026-08-21 12:30:00+00:00,1.36554,1.36554,1.36488,1.36508
2026-08-21 12:35:00+00:00,1.36502,1.36509,1.36379,1.36388
2026-08-21 12:40:00+00:00,1.36404,1.36464,1.36362,1.36459
2026-08-21 12:45:00+00:00,1.36452,1.36467,1.3644,1.36441
2026-08-21 12:50:00+00:00,1.36442,1.36444,1.36401,1.36406
2026-08-21 12:55:00+00:00,1.36409,1.36449,1.36401,1.36439
2026-08-21 13:00:00+00:00,1.36431,1.36457,1.36429,1.36431
2026-08-21 13:05:00+00:00,1.36435,1.36435,1.36385,1.36389
2026-08-21 13:10:00+00:00,1.36395,1.364,1.3637,1.36378
2026-08-21 13:15:00+00:00,1.36373,1.3639,1.36368,1.3637
2026-08-21 13:20:00+00:00,1.36372,1.36388,1.36355,1.36357
2026-08-21 13:25:00+00:00,1.36361,1.36367,1.36351,1.36366
2026-08-21 13:30:00+00:00,1.36361,1.36373,1.36353,1.36364
2026-08-21 13:35:00+00:00,1.36361,1.36383,1.3634,1.36377
2026-08-21 13:40:00+00:00,1.36366,1.36397,1.36366,1.36393
2026-08-21 13:45:00+00:00,1.36387,1.36415,1.36377,1.36413
2026-08-21 13:50:00+00:00,1.3641,1.36431,1.36399,1.36429
2026-08-21 13:55:00+00:00,1.36421,1.36472,1.36405,1.36444
2026-08-21 14:00:00+00:00,1.36442,1.36442,1.36396,1.36421
2026-08-21 14:05:00+00:00,1.36414,1.36454,1.36372,1.36376
2026-08-21 14:10:00+00:00,1.36379,1.36401,1.36379,1.364
2026-08-21 14:15:00+00:00,1.36397,1.36424,1.36392,1.36423
2026-08-21 14:20:00+00:00,1.3642,1.36424,1.36362,1.36366
2026-08-21 14:25:00+00:00,1.3637,1.36389,1.36347,1.3635
2026-08-21 14:30:00+00:00,1.36353,1.36353,1.36269,1.36272
2026-08-21 14:35:00+00:00,1.36276,1.36279,1.36188,1.36194
2026-08-21 14:40:00+00:00,1.36206,1.36262,1.36205,1.36258
2026-08-21 14:45:00+00:00,1.36253,1.36268,1.36234,1.36262
2026-08-21 14:50:00+00:00,1.36257,1.36316,1.36256,1.36265
2026-08-21 14:55:00+00:00,1.36274,1.36274,1.36218,1.36249
2026-08-21 15:00:00+00:00,1.36248,1.36294,1.36231,1.36289
2026-08-21 15:05:00+00:00,1.3628,1.36291,1.36252,1.36258
2026-08-21 15:10:00+00:00,1.36267,1.36277,1.36247,1.36276
2026-08-21 15:15:00+00:00,1.36274,1.36276,1.36247,1.36251
2026-08-21 15:20:00+00:00,1.36252,1.36268,1.36247,1.36248
2026-08-21 15:25:00+00:00,1.36252,1.36309,1.36252,1.36307
2026-08-21 15:30:00+00:00,1.36302,1.36337,1.36302,1.36335
2026-08-21 15:35:00+00:00,1.36329,1.36385,1.36327,1.36336
2026-08-21 15:40:00+00:00,1.3634,1.36377,1.36322,1.36372
2026-08-21 15:45:00+00:00,1.36364,1.36388,1.3636,1.36376
2026-08-21 15:50:00+00:00,1.36375,1.36398,1.36357,1.36394
2026-08-21 15:55:00+00:00,1.36383,1.36423,1.36383,1.36418
2026-08-21 16:00:00+00:00,1.36411,1.36438,1.36411,1.36437
2026-08-21 16:05:00+00:00,1.36435,1.36438,1.36378,1.36398
2026-08-21 16:10:00+00:00,1.36398,1.36414,1.36365,1.36413
2026-08-21 16:15:00+00:00,1.36409,1.3641,1.36384,1.36385
2026-08-21 16:20:00+00:00,1.36385,1.3645,1.36336,1.36415
2026-08-21 16:25:00+00:00,1.36416,1.36429,1.36396,1.36416
2026-08-21 16:30:00+00:00,1.36413,1.36438,1.36409,1.36434
2026-08-21 16:35:00+00:00,1.36426,1.36446,1.36422,1.36431
2026-08-21 16:40:00+00:00,1.36433,1.36444,1.36416,1.36417
2026-08-21 16:45:00+00:00,1.36419,1.3643,1.36406,1.36421
2026-08-21 16:50:00+00:00,1.36418,1.36422,1.36408,1.36417
2026-08-21 16:55:00+00:00,1.36415,1.36431,1.36399,1.36427
2026-08-21 17:00:00+00:00,1.36421,1.3643,1.36416,1.36419
2026-08-21 17:05:00+00:00,1.3642,1.36421,1.36406,1.36418
2026-08-21 17:10:00+00:00,1.36414,1.36429,1.364,1.36402
2026-08-21 17:15:00+00:00,1.36403,1.36433,1.36403,1.36429
2026-08-21 17:20:00+00:00,1.36423,1.3644,1.36422,1.36425
2026-08-21 17:25:00+00:00,1.36429,1.36454,1.36416,1.36451
2026-08-21 17:30:00+00:00,1.36438,1.36463,1.36438,1.36458
2026-08-21 17:35:00+00:00,1.3645,1.36493,1.3645,1.36492
2026-08-21 17:40:00+00:00,1.36488,1.36493,1.36463,1.3647
2026-08-21 17:45:00+00:00,1.3647,1.3647,1.36448,1.36463
2026-08-21 17:50:00+00:00,1.3646,1.3648,1.36457,1.36479
2026-08-21 17:55:00+00:00,1.36476,1.36498,1.3647,1.36496
2026-08-21 18:00:00+00:00,1.36492,1.36536,1.3648,1.36534
2026-08-21 18:05:00+00:00,1.3653,1.36536,1.36524,1.36532
2026-08-21 18:10:00+00:00,1.36528,1.36536,1.36511,1.36513
2026-08-21 18:15:00+00:00,1.36515,1.36516,1.365,1.36501
2026-08-21 18:20:00+00:00,1.36506,1.36514,1.36486,1.36505
2026-08-21 18:25:00+00:00,1.36501,1.36533,1.36501,1.36531
2026-08-21 18:30:00+00:00,1.36525,1.36525,1.36508,1.36518
2026-08-21 18:35:00+00:00,1.36514,1.36524,1.36508,1.36523
2026-08-21 18:40:00+00:00,1.36521,1.36525,1.36515,1.36516
2026-08-21 18:45:00+00:00,1.36516,1.36522,1.36508,1.36513
2026-08-21 18:50:00+00:00,1.3651,1.36517,1.36493,1.36506
2026-08-21 18:55:00+00:00,1.365,1.36515,1.36496,1.36512
2026-08-21 19:00:00+00:00,1.36507,1.36528,1.36507,1.36512
2026-08-21 19:05:00+00:00,1.36516,1.36516,1.36487,1.36503
2026-08-21 19:10:00+00:00,1.36499,1.36499,1.36478,1.36495
2026-08-21 19:15:00+00:00,1.36494,1.36494,1.36483,1.36484
2026-08-21 19:20:00+00:00,1.36486,1.36496,1.36482,1.36483
2026-08-21 19:25:00+00:00,1.36484,1.36484,1.36472,1.36478
2026-08-21 19:30:00+00:00,1.36475,1.36493,1.36467,1.36492
2026-08-21 19:35:00+00:00,1.36489,1.36492,1.36459,1.36469
2026-08-21 19:40:00+00:00,1.3647,1.36493,1.36466,1.36473
2026-08-21 19:45:00+00:00,1.3647,1.36498,1.36465,1.36497
2026-08-21 19:50:00+00:00,1.3649,1.36508,1.36484,1.36487
2026-08-21 19:55:00+00:00,1.36492,1.36492,1.36461,1.3647
2026-08-21 20:00:00+00:00,1.36467,1.36479,1.36461,1.36475
2026-08-21 20:05:00+00:00,1.36473,1.36484,1.36467,1.36482
2026-08-21 20:10:00+00:00,1.36474,1.3649,1.36472,1.36473
2026-08-21 20:15:00+00:00,1.36474,1.36482,1.36468,1.36474
2026-08-21 20:20:00+00:00,1.36472,1.36474,1.36467,1.3647
2026-08-21 20:25:00+00:00,1.36468,1.36475,1.36463,1.36474
2026-08-21 20:30:00+00:00,1.36472,1.36472,1.36428,1.36429
2026-08-21 20:35:00+00:00,1.36432,1.36448,1.36427,1.36441
2026-08-21 20:40:00+00:00,1.36442,1.36456,1.36414,1.3644
2026-08-21 20:45:00+00:00,1.36437,1.36448,1.36433,1.36434
2026-08-21 20:50:00+00:00,1.36434,1.36445,1.36434,1.36436
2026-08-21 20:55:00+00:00,1.36437,1.36455,1.36429,1.36453
2026-08-21 21:00:00+00:00,1.36448,1.36453,1.36409,1.36419
2026-08-21 21:05:00+00:00,1.36417,1.36439,1.36416,1.36437
2026-08-21 21:10:00+00:00,1.36435,1.36435,1.36414,1.36427
2026-08-21 21:15:00+00:00,1.36426,1.36435,1.36416,1.36433
2026-08-21 21:20:00+00:00,1.36429,1.36437,1.36416,1.3642
2026-08-21 21:25:00+00:00,1.36419,1.36435,1.36419,1.36428
2026-08-21 21:30:00+00:00,1.36426,1.36441,1.36398,1.36426
2026-08-21 21:35:00+00:00,1.36426,1.36428,1.36414,1.36418
2026-08-21 21:40:00+00:00,1.36419,1.36434,1.36418,1.36432
2026-08-21 21:45:00+00:00,1.36427,1.3643,1.36411,1.36429
2026-08-21 21:50:00+00:00,1.36427,1.36432,1.36424,1.36426
2026-08-21 21:55:00+00:00,1.36425,1.36433,1.36416,1.36418
2026-08-21 22:00:00+00:00,1.36421,1.36433,1.36411,1.36429
2026-08-21 22:05:00+00:00,1.36427,1.36436,1.36423,1.36432
2026-08-21 22:10:00+00:00,1.3643,1.36435,1.36425,1.36425
2026-08-21 22:15:00+00:00,1.36427,1.36436,1.36424,1.36427
2026-08-21 22:20:00+00:00,1.36427,1.36436,1.36425,1.3643
2026-08-21 22:25:00+00:00,1.36427,1.36431,1.36418,1.36429
2026-08-21 22:30:00+00:00,1.36427,1.36437,1.36406,1.36425
2026-08-21 22:35:00+00:00,1.36426,1.36433,1.36414,1.36427
2026-08-21 22:40:00+00:00,1.36426,1.36428,1.36418,1.3642
2026-08-21 22:45:00+00:00,1.3642,1.36429,1.36418,1.36428
2026-08-21 22:50:00+00:00,1.36426,1.36432,1.36416,1.36417
2026-08-21 22:55:00+00:00,1.3642,1.36424,1.36417,1.3642
2026-08-21 23:00:00+00:00,1.36418,1.36435,1.36398,1.36429
2026-08-21 23:05:00+00:00,1.36426,1.36433,1.36416,1.36418
2026-08-21 23:10:00+00:00,1.3642,1.36429,1.36416,1.36427
2026-08-21 23:15:00+00:00,1.36424,1.36429,1.36417,1.36427
2026-08-21 23:20:00+00:00,1.36426,1.36434,1.36416,1.36433
2026-08-21 23:25:00+00:00,1.36428,1.36428,1.36416,1.36421
2026-08-21 23:30:00+00:00,1.36419,1.36429,1.36417,1.36418
2026-08-21 23:35:00+00:00,1.36419,1.36426,1.36417,1.3642
2026-08-21 23:40:00+00:00,1.36419,1.36425,1.36418,1.36422
2026-08-21 23:45:00+00:00,1.36419,1.36425,1.36418,1.36421
2026-08-21 23:50:00+00:00,1.36419,1.36425,1.36418,1.36419
2026-08-21 23:55:00+00:00,1.3642,1.36425,1.36417,1.3642
2026-08-22 00:00:00+00:00,1.36419,1.36425,1.36417,1.36423
2026-08-22 00:05:00+00:00,1.3642,1.36425,1.36417,1.36421
2026-08-22 00:10:00+00:00,1.36419,1.36458,1.36416,1.3645
2026-08-22 00:15:00+00:00,1.36451,1.36459,1.3645,1.36453
2026-08-22 00:20:00+00:00,1.36452,1.36457,1.3645,1.36455
2026-08-22 00:25:00+00:00,1.36452,1.36458,1.36442,1.36454
2026-08-22 00:30:00+00:00,1.36452,1.36458,1.36451,1.36451
2026-08-22 00:35:00+00:00,1.36452,1.36458,1.36449,1.36453
2026-08-22 00:40:00+00:00,1.36452,1.36459,1.36451,1.36457
2026-08-22 00:45:00+00:00,1.36454,1.36458,1.3645,1.36454
2026-08-22 00:50:00+00:00,1.36452,1.36458,1.36442,1.36456
2026-08-22 00:55:00+00:00,1.36452,1.3646,1.3645,1.36456
2026-08-22 01:00:00+00:00,1.36455,1.36457,1.36451,1.36456
2026-08-22 01:05:00+00:00,1.36453,1.36458,1.3645,1.36455
2026-08-22 01:10:00+00:00,1.36452,1.36459,1.36452,1.36452
2026-08-22 01:15:00+00:00,1.36453,1.36457,1.36444,1.36453
2026-08-22 01:20:00+00:00,1.36451,1.36456,1.36451,1.36455
2026-08-22 01:25:00+00:00,1.36452,1.36457,1.3645,1.36455
2026-08-22 01:30:00+00:00,1.36452,1.36458,1.36451,1.36451
2026-08-22 01:35:00+00:00,1.36452,1.36458,1.3645,1.36455
2026-08-22 01:40:00+00:00,1.36453,1.36453,1.36435,1.36452
2026-08-22 01:45:00+00:00,1.36449,1.36459,1.36449,1.36453
2026-08-22 01:50:00+00:00,1.36453,1.36457,1.36452,1.36452
2026-08-22 01:55:00+00:00,1.36453,1.36459,1.3645,1.36455
2026-08-22 02:00:00+00:00,1.36453,1.36456,1.36452,1.36455
2026-08-22 02:05:00+00:00,1.36452,1.3646,1.36443,1.36457
2026-08-22 02:10:00+00:00,1.36454,1.36457,1.36452,1.36453
2026-08-22 02:15:00+00:00,1.36453,1.36459,1.3645,1.36455
2026-08-22 02:20:00+00:00,1.36453,1.36457,1.36452,1.36456
2026-08-22 02:25:00+00:00,1.36453,1.36458,1.3645,1.36456
2026-08-22 02:30:00+00:00,1.36452,1.36457,1.36441,1.36455
2026-08-22 02:35:00+00:00,1.36452,1.36458,1.3645,1.36454
2026-08-22 02:40:00+00:00,1.36452,1.36456,1.36451,1.36455
2026-08-22 02:45:00+00:00,1.36452,1.36454,1.36426,1.36438
2026-08-22 02:50:00+00:00,1.36441,1.36448,1.36435,1.36438
2026-08-22 02:55:00+00:00,1.36438,1.36446,1.36431,1.36437
2026-08-22 03:00:00+00:00,1.36437,1.36447,1.36435,1.36447
2026-08-22 03:05:00+00:00,1.36445,1.3645,1.36434,1.36436
2026-08-22 03:10:00+00:00,1.3644,1.36449,1.36436,1.36447
2026-08-22 03:15:00+00:00,1.36444,1.36448,1.36437,1.36439
2026-08-22 03:20:00+00:00,1.36439,1.36446,1.36431,1.36444
2026-08-22 03:25:00+00:00,1.36441,1.36448,1.36431,1.36437
2026-08-22 03:30:00+00:00,1.36438,1.36447,1.36432,1.36446
2026-08-22 03:35:00+00:00,1.36444,1.36448,1.36437,1.36438
2026-08-22 03:40:00+00:00,1.36437,1.36446,1.36435,1.36446
2026-08-22 03:45:00+00:00,1.36444,1.3645,1.36429,1.36437
2026-08-22 03:50:00+00:00,1.36438,1.36446,1.36433,1.36445
2026-08-22 03:55:00+00:00,1.36443,1.36445,1.36436,1.36441
2026-08-22 04:00:00+00:00,1.36438,1.36446,1.36435,1.36445
2026-08-22 04:05:00+00:00,1.36443,1.3645,1.36432,1.36434
2026-08-22 04:10:00+00:00,1.36439,1.36446,1.36429,1.36441
2026-08-22 04:15:00+00:00,1.3644,1.36451,1.36437,1.36447
2026-08-22 04:20:00+00:00,1.36445,1.36451,1.36435,1.36451
2026-08-22 04:25:00+00:00,1.3645,1.36454,1.36435,1.36447
2026-08-22 04:30:00+00:00,1.36448,1.36453,1.36437,1.36446
2026-08-22 04:35:00+00:00,1.36445,1.36448,1.36431,1.3644
2026-08-22 04:40:00+00:00,1.36435,1.36448,1.36435,1.36448
2026-08-22 04:45:00+00:00,1.36446,1.36451,1.36432,1.36436
2026-08-22 04:50:00+00:00,1.36441,1.36452,1.36436,1.36441
2026-08-22 04:55:00+00:00,1.3644,1.36448,1.36438,1.3644
2026-08-22 05:00:00+00:00,1.3644,1.36446,1.36434,1.36445
2026-08-22 05:05:00+00:00,1.36441,1.36452,1.36434,1.36436
2026-08-22 05:10:00+00:00,1.36441,1.36449,1.36435,1.36445
2026-08-22 05:15:00+00:00,1.36443,1.36451,1.36437,1.36449
2026-08-22 05:20:00+00:00,1.36446,1.36448,1.36437,1.36448
2026-08-22 05:25:00+00:00,1.36446,1.36452,1.36431,1.36435
2026-08-22 05:30:00+00:00,1.36441,1.36451,1.36437,1.36448
2026-08-22 05:35:00+00:00,1.36446,1.36448,1.36437,1.36439
2026-08-22 05:40:00+00:00,1.36439,1.36451,1.36437,1.36445
2026-08-22 05:45:00+00:00,1.36443,1.3645,1.36431,1.36433
2026-08-22 05:50:00+00:00,1.36439,1.3645,1.36435,1.36446
2026-08-22 05:55:00+00:00,1.36444,1.36446,1.36437,1.36444
2026-08-22 06:00:00+00:00,1.3644,1.36454,1.3644,1.36454
2026-08-22 06:05:00+00:00,1.36452,1.36456,1.36437,1.36446
2026-08-22 06:10:00+00:00,1.36449,1.36459,1.36437,1.36453
2026-08-22 06:15:00+00:00,1.36451,1.36454,1.36446,1.3645
2026-08-22 06:20:00+00:00,1.36447,1.36454,1.36439,1.36454
2026-08-22 06:25:00+00:00,1.36452,1.36455,1.36438,1.36445
2026-08-22 06:30:00+00:00,1.36447,1.36458,1.36434,1.36454
2026-08-22 06:35:00+00:00,1.36453,1.36454,1.36439,1.36452
2026-08-22 06:40:00+00:00,1.36447,1.36455,1.36435,1.36451
2026-08-22 06:45:00+00:00,1.36448,1.36456,1.36439,1.36447
2026-08-22 06:50:00+00:00,1.36449,1.36459,1.36444,1.36454
2026-08-22 06:55:00+00:00,1.36452,1.36454,1.36439,1.3645
2026-08-22 07:00:00+00:00,1.36446,1.36454,1.36439,1.36453
2026-08-22 07:05:00+00:00,1.36452,1.36455,1.36439,1.36452
2026-08-22 07:10:00+00:00,1.36447,1.36459,1.36433,1.36456
2026-08-22 07:15:00+00:00,1.36453,1.36455,1.36439,1.36452
2026-08-22 07:20:00+00:00,1.36449,1.36455,1.36439,1.36453
2026-08-22 07:25:00+00:00,1.36452,1.36457,1.36441,1.36446
2026-08-22 07:30:00+00:00,1.36448,1.3646,1.36436,1.36452
2026-08-22 07:35:00+00:00,1.36449,1.36455,1.36439,1.36447
2026-08-22 07:40:00+00:00,1.3644,1.36454,1.36439,1.36453
2026-08-22 07:45:00+00:00,1.36451,1.36452,1.36439,1.3644
2026-08-22 07:50:00+00:00,1.36443,1.36452,1.36432,1.36449
2026-08-22 07:55:00+00:00,1.36446,1.3645,1.36438,1.36443
2026-08-22 08:00:00+00:00,1.36438,1.3645,1.36438,1.36448
2026-08-22 08:05:00+00:00,1.36445,1.36452,1.36437,1.36438
2026-08-22 08:10:00+00:00,1.36443,1.36453,1.36436,1.36451
2026-08-22 08:15:00+00:00,1.36448,1.36452,1.36439,1.36452
2026-08-22 08:20:00+00:00,1.36449,1.36449,1.36428,1.3644
2026-08-22 08:25:00+00:00,1.36436,1.3645,1.36431,1.36432
2026-08-22 08:30:00+00:00,1.36437,1.36451,1.36432,1.36446
2026-08-22 08:35:00+00:00,1.36441,1.36446,1.36428,1.36445
2026-08-22 08:40:00+00:00,1.36443,1.3645,1.36437,1.36447
2026-08-22 08:45:00+00:00,1.36445,1.36454,1.36431,1.36437
2026-08-22 08:50:00+00:00,1.36439,1.36457,1.36435,1.36454
2026-08-22 08:55:00+00:00,1.36448,1.36448,1.36431,1.3644
2026-08-22 09:00:00+00:00,1.36439,1.36452,1.36436,1.36451
2026-08-22 09:05:00+00:00,1.36449,1.3645,1.36431,1.36433
2026-08-22 09:10:00+00:00,1.36438,1.36454,1.36425,1.36451
2026-08-22 09:15:00+00:00,1.36444,1.36448,1.36424,1.3644
2026-08-22 09:20:00+00:00,1.3644,1.3645,1.36439,1.36447
2026-08-22 09:25:00+00:00,1.36445,1.36449,1.36426,1.36438
2026-08-22 09:30:00+00:00,1.3644,1.36451,1.36424,1.36449
2026-08-22 09:35:00+00:00,1.36444,1.36455,1.36426,1.36453
2026-08-22 09:40:00+00:00,1.36448,1.36462,1.36448,1.36455
2026-08-22 09:45:00+00:00,1.36455,1.3646,1.36454,1.36455
2026-08-22 09:50:00+00:00,1.36455,1.36462,1.36453,1.36459
2026-08-22 09:55:00+00:00,1.36456,1.3646,1.36454,1.36457
2026-08-22 10:00:00+00:00,1.36455,1.36456,1.36439,1.36452
2026-08-22 10:05:00+00:00,1.36447,1.36458,1.36447,1.36453
2026-08-22 10:10:00+00:00,1.36453,1.3646,1.36452,1.36457
2026-08-22 10:15:00+00:00,1.36454,1.3646,1.36453,1.36456
2026-08-22 10:20:00+00:00,1.36454,1.3646,1.36452,1.36453
2026-08-22 10:25:00+00:00,1.36454,1.36461,1.36439,1.3645
2026-08-22 10:30:00+00:00,1.36448,1.36458,1.36448,1.36455
2026-08-22 10:35:00+00:00,1.36452,1.36459,1.36452,1.36455
2026-08-22 10:40:00+00:00,1.36453,1.3646,1.36452,1.36453
2026-08-22 10:45:00+00:00,1.36454,1.36459,1.36452,1.36454
2026-08-22 10:50:00+00:00,1.36454,1.36461,1.36441,1.36453
2026-08-22 10:55:00+00:00,1.3645,1.36458,1.3645,1.36456
2026-08-22 11:00:00+00:00,1.36453,1.3646,1.36452,1.36453
2026-08-22 11:05:00+00:00,1.36454,1.36459,1.36452,1.36455
2026-08-22 11:10:00+00:00,1.36453,1.36459,1.36451,1.36456
2026-08-22 11:15:00+00:00,1.36453,1.36459,1.36437,1.3645
2026-08-22 11:20:00+00:00,1.36448,1.36459,1.36447,1.36451
2026-08-22 11:25:00+00:00,1.36452,1.36459,1.36451,1.36455
2026-08-22 11:30:00+00:00,1.36453,1.36459,1.36451,1.36456
2026-08-22 11:35:00+00:00,1.36453,1.3646,1.36452,1.36456
2026-08-22 11:40:00+00:00,1.36453,1.36468,1.36431,1.36433
2026-08-22 11:45:00+00:00,1.36438,1.36451,1.36437,1.36446
2026-08-22 11:50:00+00:00,1.36445,1.36451,1.36443,1.36448
2026-08-22 11:55:00+00:00,1.36445,1.36451,1.36443,1.36448
2026-08-22 12:00:00+00:00,1.36445,1.36459,1.36444,1.36457
2026-08-22 12:05:00+00:00,1.36453,1.36459,1.36437,1.36439
2026-08-22 12:10:00+00:00,1.36442,1.36447,1.3644,1.36445
2026-08-22 12:15:00+00:00,1.36442,1.36448,1.3644,1.36445
2026-08-22 12:20:00+00:00,1.36442,1.36448,1.36441,1.36441
2026-08-22 12:25:00+00:00,1.36442,1.36455,1.36436,1.36453
2026-08-22 12:30:00+00:00,1.3645,1.36453,1.36435,1.36438
2026-08-22 12:35:00+00:00,1.3644,1.36449,1.36438,1.36448
2026-08-22 12:40:00+00:00,1.36445,1.3645,1.36444,1.36444
2026-08-22 12:45:00+00:00,1.36445,1.36451,1.36443,1.36448
2026-08-22 12:50:00+00:00,1.36444,1.36454,1.36444,1.36452
2026-08-22 12:55:00+00:00,1.36449,1.36458,1.36435,1.36437
2026-08-22 13:00:00+00:00,1.3644,1.36445,1.36439,1.36439
2026-08-22 13:05:00+00:00,1.3644,1.36446,1.36438,1.36441
2026-08-22 13:10:00+00:00,1.3644,1.36444,1.36438,1.36442
2026-08-22 13:15:00+00:00,1.3644,1.36445,1.36437,1.3644
2026-08-22 13:20:00+00:00,1.3644,1.3645,1.36426,1.36427
2026-08-22 13:25:00+00:00,1.36431,1.36437,1.36429,1.36433
2026-08-22 13:30:00+00:00,1.36431,1.36435,1.3643,1.36434
2026-08-22 13:35:00+00:00,1.36431,1.36437,1.36429,1.36431
2026-08-22 13:40:00+00:00,1.36431,1.36436,1.3643,1.3643
2026-08-22 13:45:00+00:00,1.36431,1.36437,1.36422,1.36424
2026-08-22 13:50:00+00:00,1.36424,1.36441,1.36424,1.36438
2026-08-22 13:55:00+00:00,1.36435,1.36441,1.36433,1.36435
2026-08-22 14:00:00+00:00,1.36435,1.36454,1.36434,1.36446
2026-08-22 14:05:00+00:00,1.36447,1.36453,1.36445,1.36449
2026-08-22 14:10:00+00:00,1.36447,1.36451,1.36433,1.36435
2026-08-22 14:15:00+00:00,1.36438,1.36444,1.36436,1.36437
2026-08-22 14:20:00+00:00,1.36438,1.36442,1.36437,1.36437
2026-08-22 14:25:00+00:00,1.36438,1.36444,1.36436,1.3644
2026-08-22 14:30:00+00:00,1.36438,1.36443,1.36435,1.36441
2026-08-22 14:35:00+00:00,1.36434,1.36452,1.36431,1.36432
2026-08-22 14:40:00+00:00,1.36435,1.36439,1.36434,1.36434
2026-08-22 14:45:00+00:00,1.36435,1.36441,1.36433,1.36437
2026-08-22 14:50:00+00:00,1.36435,1.36439,1.36435,1.36437
2026-08-22 14:55:00+00:00,1.36435,1.36441,1.36433,1.36434
2026-08-22 15:00:00+00:00,1.36435,1.36443,1.36424,1.36425
2026-08-22 15:05:00+00:00,1.36428,1.36435,1.36427,1.36431
2026-08-22 15:10:00+00:00,1.36428,1.36434,1.36428,1.36431
2026-08-22 15:15:00+00:00,1.36428,1.36435,1.36426,1.36428
2026-08-22 15:20:00+00:00,1.36428,1.36433,1.36427,1.36428
2026-08-22 15:25:00+00:00,1.36428,1.36434,1.3642,1.36422
2026-08-22 15:30:00+00:00,1.36423,1.36428,1.36422,1.36425
2026-08-22 15:35:00+00:00,1.36423,1.36429,1.36421,1.36422
2026-08-22 15:40:00+00:00,1.36423,1.36427,1.36421,1.36423
2026-08-22 15:45:00+00:00,1.36423,1.36429,1.36421,1.36426
2026-08-22 15:50:00+00:00,1.36423,1.36428,1.36416,1.36417
2026-08-22 15:55:00+00:00,1.36418,1.36424,1.36416,1.36417
2026-08-22 16:00:00+00:00,1.36418,1.36442,1.36398,1.36408
2026-08-22 16:05:00+00:00,1.36408,1.36414,1.36406,1.36411
2026-08-22 16:10:00+00:00,1.36408,1.36414,1.36407,1.3641
2026-08-22 16:15:00+00:00,1.36408,1.36414,1.36404,1.36405
2026-08-22 16:20:00+00:00,1.36406,1.36411,1.36405,1.36408
2026-08-22 16:25:00+00:00,1.36406,1.36412,1.36404,1.36409
2026-08-22 16:30:00+00:00,1.36406,1.36412,1.36405,1.36408
2026-08-22 16:35:00+00:00,1.36406,1.36433,1.3639,1.36424
2026-08-22 16:40:00+00:00,1.36425,1.36436,1.3642,1.36421
2026-08-22 16:45:00+00:00,1.36424,1.36441,1.36416,1.36438
2026-08-22 16:50:00+00:00,1.36435,1.36441,1.36433,1.36437
2026-08-22 16:55:00+00:00,1.36435,1.36448,1.36434,1.36441
2026-08-22 17:00:00+00:00,1.36442,1.36448,1.36388,1.36408
2026-08-22 17:05:00+00:00,1.36406,1.36412,1.36403,1.36409
2026-08-22 17:10:00+00:00,1.36406,1.36411,1.36403,1.36407
2026-08-22 17:15:00+00:00,1.36405,1.36411,1.36403,1.36404
2026-08-22 17:20:00+00:00,1.36405,1.36411,1.36403,1.36406
2026-08-22 17:25:00+00:00,1.36405,1.36421,1.36404,1.36416
2026-08-22 17:30:00+00:00,1.36401,1.36439,1.36401,1.36434
2026-08-22 17:35:00+00:00,1.36433,1.36433,1.36424,1.36426
2026-08-22 17:40:00+00:00,1.36427,1.36432,1.36425,1.36428
2026-08-22 17:45:00+00:00,1.36427,1.36432,1.36425,1.3643
2026-08-22 17:50:00+00:00,1.36427,1.3644,1.36423,1.36436
2026-08-22 17:55:00+00:00,1.36427,1.36446,1.36427,1.36445
2026-08-22 18:00:00+00:00,1.36441,1.36441,1.36381,1.36398
2026-08-22 18:05:00+00:00,1.36397,1.36402,1.36395,1.364
2026-08-22 18:10:00+00:00,1.36397,1.36403,1.36395,1.36397
2026-08-22 18:15:00+00:00,1.36397,1.36402,1.36396,1.36396
2026-08-22 18:20:00+00:00,1.36397,1.36414,1.36384,1.3641
2026-08-22 18:25:00+00:00,1.36408,1.36414,1.36407,1.36412
2026-08-22 18:30:00+00:00,1.36409,1.36433,1.36393,1.36428
2026-08-22 18:35:00+00:00,1.36425,1.36431,1.36425,1.36425
2026-08-22 18:40:00+00:00,1.36425,1.36437,1.36424,1.36434
2026-08-22 18:45:00+00:00,1.36425,1.36453,1.36425,1.36451
2026-08-22 18:50:00+00:00,1.36446,1.36446,1.36431,1.36436
2026-08-22 18:55:00+00:00,1.36436,1.36452,1.36436,1.36446
2026-08-22 19:00:00+00:00,1.36447,1.36478,1.36403,1.36419
2026-08-22 19:05:00+00:00,1.36417,1.36422,1.36416,1.3642
2026-08-22 19:10:00+00:00,1.36417,1.36423,1.36415,1.36417
2026-08-22 19:15:00+00:00,1.36417,1.36419,1.36413,1.36413
2026-08-22 19:20:00+00:00,1.36414,1.3642,1.36412,1.36415
2026-08-22 19:25:00+00:00,1.36414,1.36418,1.36413,1.36417
2026-08-22 19:30:00+00:00,1.36414,1.3642,1.36412,1.36414
2026-08-22 19:35:00+00:00,1.36414,1.36416,1.36413,1.36413
2026-08-22 19:40:00+00:00,1.36413,1.36417,1.36409,1.36413
2026-08-22 19:45:00+00:00,1.36411,1.36415,1.3641,1.36414
2026-08-22 19:50:00+00:00,1.36411,1.36417,1.36409,1.36411
2026-08-22 19:55:00+00:00,1.36411,1.36416,1.3641,1.3641
2026-08-22 20:00:00+00:00,1.36411,1.36414,1.36379,1.36394
2026-08-22 20:05:00+00:00,1.36388,1.3643,1.36388,1.36427
2026-08-22 20:10:00+00:00,1.36415,1.36455,1.36415,1.36451
