datetime,open,high,low,close
2026-08-05 11:40:00+00:00,157.55289,157.56986,157.54177,157.54407
2026-08-05 11:45:00+00:00,157.54978,157.57748,157.53664,157.56369
2026-08-05 11:50:00+00:00,157.5654,157.60475,157.5654,157.59074
2026-08-05 11:55:00+00:00,157.58774,157.59591,157.56188,157.56406
2026-08-05 12:00:00+00:00,157.56583,157.58172,157.54678,157.54829
2026-08-05 12:05:00+00:00,157.55287,157.5928,157.55287,157.58568
2026-08-05 12:10:00+00:00,157.57397,157.60613,157.57397,157.58142
2026-08-05 12:15:00+00:00,157.58338,157.58338,157.50756,157.51391
2026-08-05 12:20:00+00:00,157.52497,157.52497,157.43783,157.45807
2026-08-05 12:25:00+00:00,157.45475,157.50679,157.45218,157.50371
2026-08-05 12:30:00+00:00,157.49794,157.57171,157.4896,157.56795
2026-08-05 12:35:00+00:00,157.56389,157.56389,157.48849,157.49256
2026-08-05 12:40:00+00:00,157.49714,157.59214,157.49714,157.58422
2026-08-05 12:45:00+00:00,157.57332,157.60219,157.57332,157.59977
2026-08-05 12:50:00+00:00,157.59787,157.61087,157.57073,157.59713
2026-08-05 12:55:00+00:00,157.5974,157.63236,157.58993,157.62138
2026-08-05 13:00:00+00:00,157.62197,157.62261,157.59573,157.61097
2026-08-05 13:05:00+00:00,157.60556,157.60556,157.55926,157.56438
2026-08-05 13:10:00+00:00,157.56884,157.57276,157.55014,157.57006
2026-08-05 13:15:00+00:00,157.55888,157.59039,157.55888,157.56245
2026-08-05 13:20:00+00:00,157.56527,157.63516,157.56081,157.62354
2026-08-05 13:25:00+00:00,157.60801,157.64238,157.5577,157.56345
2026-08-05 13:30:00+00:00,157.5729,157.5729,157.50388,157.51418
2026-08-05 13:35:00+00:00,157.5345,157.56516,157.4904,157.5636
2026-08-05 13:40:00+00:00,157.55942,157.55942,157.46466,157.48526
2026-08-05 13:45:00+00:00,157.48983,157.52123,157.46647,157.5187
2026-08-05 13:50:00+00:00,157.51269,157.55479,157.51269,157.54855
2026-08-05 13:55:00+00:00,157.54413,157.55756,157.51931,157.55608
2026-08-05 14:00:00+00:00,157.55224,157.55224,157.47002,157.49369
2026-08-05 14:05:00+00:00,157.49611,157.52097,157.33173,157.33714
2026-08-05 14:10:00+00:00,157.34407,157.41267,157.34407,157.4112
2026-08-05 14:15:00+00:00,157.40661,157.41831,157.35403,157.41427
2026-08-05 14:20:00+00:00,157.40661,157.4668,157.40661,157.46341
2026-08-05 14:25:00+00:00,157.45866,157.46901,157.45288,157.45715
2026-08-05 14:30:00+00:00,157.46255,157.49472,157.44798,157.47926
2026-08-05 14:35:00+00:00,157.47923,157.53348,157.47247,157.53184
2026-08-05 14:40:00+00:00,157.52809,157.5317,157.49063,157.49291
2026-08-05 14:45:00+00:00,157.49854,157.56445,157.48218,157.56048
2026-08-05 14:50:00+00:00,157.55862,157.58213,157.53718,157.57982
2026-08-05 14:55:00+00:00,157.57033,157.60304,157.48858,157.49495
2026-08-05 15:00:00+00:00,157.50596,157.50596,157.40822,157.41658
2026-08-05 15:05:00+00:00,157.43879,157.50664,157.43879,157.5029
2026-08-05 15:10:00+00:00,157.4928,157.55092,157.4928,157.54878
2026-08-05 15:15:00+00:00,157.54032,157.59375,157.52464,157.58745
2026-08-05 15:20:00+00:00,157.58213,157.58892,157.55178,157.55491
2026-08-05 15:25:00+00:00,157.56395,157.59441,157.55884,157.56329
2026-08-05 15:30:00+00:00,157.56983,157.59027,157.55967,157.58958
2026-08-05 15:35:00+00:00,157.58379,157.61418,157.56897,157.57481
2026-08-05 15:40:00+00:00,157.57606,157.58253,157.55755,157.56784
2026-08-05 15:45:00+00:00,157.56899,157.63795,157.56223,157.6283
2026-08-05 15:50:00+00:00,157.62811,157.65157,157.62678,157.64555
2026-08-05 15:55:00+00:00,157.64112,157.66572,157.62491,157.66139
2026-08-05 16:00:00+00:00,157.65384,157.67756,157.64266,157.67334
2026-08-05 16:05:00+00:00,157.66739,157.67539,157.64124,157.64529
2026-08-05 16:10:00+00:00,157.65055,157.65055,157.62207,157.63574
2026-08-05 16:15:00+00:00,157.63192,157.66094,157.63099,157.66003
2026-08-05 16:20:00+00:00,157.65804,157.66128,157.61076,157.61202
2026-08-05 16:25:00+00:00,157.61604,157.64395,157.61604,157.63968
2026-08-05 16:30:00+00:00,157.63713,157.6686,157.63028,157.66783
2026-08-05 16:35:00+00:00,157.66414,157.68564,157.66284,157.68396
2026-08-05 16:40:00+00:00,157.68084,157.6925,157.67626,157.6916
2026-08-05 16:45:00+00:00,157.68996,157.69868,157.67388,157.69217
2026-08-05 16:50:00+00:00,157.68982,157.71161,157.67953,157.7054
2026-08-05 16:55:00+00:00,157.68751,157.7562,157.68751,157.75174
2026-08-05 17:00:00+00:00,157.74444,157.75854,157.72157,157.75448
2026-08-05 17:05:00+00:00,157.74854,157.77762,157.74854,157.77369
2026-08-05 17:10:00+00:00,157.76187,157.7871,157.76187,157.78387
2026-08-05 17:15:00+00:00,157.7808,157.7808,157.75423,157.75512
2026-08-05 17:20:00+00:00,157.7568,157.78378,157.75315,157.78245
2026-08-05 17:25:00+00:00,157.77879,157.78499,157.70974,157.71386
2026-08-05 17:30:00+00:00,157.71919,157.73389,157.70748,157.71118
2026-08-05 17:35:00+00:00,157.71426,157.71426,157.67834,157.70661
2026-08-05 17:40:00+00:00,157.70217,157.71826,157.68949,157.70251
2026-08-05 17:45:00+00:00,157.70475,157.71051,157.67247,157.69068
2026-08-05 17:50:00+00:00,157.68745,157.71182,157.67474,157.68559
2026-08-05 17:55:00+00:00,157.68766,157.69171,157.66384,157.68523
2026-08-05 18:00:00+00:00,157.6772,157.70984,157.66642,157.67395
2026-08-05 18:05:00+00:00,157.67511,157.67709,157.64104,157.66236
2026-08-05 18:10:00+00:00,157.65835,157.67266,157.64468,157.66177
2026-08-05 18:15:00+00:00,157.65243,157.70216,157.65243,157.69903
2026-08-05 18:20:00+00:00,157.6971,157.6971,157.67299,157.67428
2026-08-05 18:25:00+00:00,157.67629,157.68114,157.62976,157.63303
2026-08-05 18:30:00+00:00,157.63608,157.68004,157.6288,157.67847
2026-08-05 18:35:00+00:00,157.67296,157.6812,157.65632,157.65738
2026-08-05 18:40:00+00:00,157.66002,157.68791,157.65581,157.68371
2026-08-05 18:45:00+00:00,157.67638,157.68989,157.67333,157.68642
2026-08-05 18:50:00+00:00,157.6823,157.6823,157.66785,157.66908
2026-08-05 18:55:00+00:00,157.66965,157.6742,157.64753,157.65253
2026-08-05 19:00:00+00:00,157.6604,157.68195,157.65608,157.67151
2026-08-05 19:05:00+00:00,157.66598,157.70261,157.66598,157.69996
2026-08-05 19:10:00+00:00,157.68904,157.73055,157.68904,157.70354
2026-08-05 19:15:00+00:00,157.70472,157.74283,157.70322,157.73455
2026-08-05 19:20:00+00:00,157.72321,157.75498,157.72321,157.74795
2026-08-05 19:25:00+00:00,157.74904,157.74904,157.7298,157.74527
2026-08-05 19:30:00+00:00,157.74061,157.75055,157.71739,157.71931
2026-08-05 19:35:00+00:00,157.72142,157.72142,157.70002,157.71143
2026-08-05 19:40:00+00:00,157.70784,157.71645,157.69073,157.71458
2026-08-05 19:45:00+00:00,157.71042,157.734,157.70843,157.7317
2026-08-05 19:50:00+00:00,157.72629,157.74678,157.72601,157.74101
2026-08-05 19:55:00+00:00,157.7388,157.7388,157.71264,157.733
2026-08-05 20:00:00+00:00,157.729,157.7451,157.69217,157.7149
2026-08-05 20:05:00+00:00,157.71279,157.7331,157.70937,157.73084
2026-08-05 20:10:00+00:00,157.72633,157.77655,157.71956,157.77244
2026-08-05 20:15:00+00:00,157.76325,157.80881,157.76325,157.80549
2026-08-05 20:20:00+00:00,157.80076,157.81657,157.79194,157.81186
2026-08-05 20:25:00+00:00,157.81084,157.81389,157.78777,157.79127
2026-08-05 20:30:00+00:00,157.79508,157.80993,157.77335,157.77451
2026-08-05 20:35:00+00:00,157.77547,157.77547,157.75402,157.77006
2026-08-05 20:40:00+00:00,157.76318,157.778,157.76318,157.76809
2026-08-05 20:45:00+00:00,157.7681,157.77734,157.76261,157.77633
2026-08-05 20:50:00+00:00,157.77217,157.77217,157.75804,157.76236
2026-08-05 20:55:00+00:00,157.76017,157.78087,157.75813,157.77151
2026-08-05 21:00:00+00:00,157.77244,157.78215,157.7336,157.75203
2026-08-05 21:05:00+00:00,157.75052,157.75263,157.73291,157.74146
2026-08-05 21:10:00+00:00,157.7354,157.74739,157.73425,157.73511
2026-08-05 21:15:00+00:00,157.73589,157.74205,157.72897,157.73857
2026-08-05 21:20:00+00:00,157.73369,157.742,157.73134,157.73884
2026-08-05 21:25:00+00:00,157.73581,157.74522,157.72818,157.74335
2026-08-05 21:30:00+00:00,157.73972,157.751,157.73069,157.73954
2026-08-05 21:35:00+00:00,157.73505,157.73824,157.72244,157.72309
2026-08-05 21:40:00+00:00,157.72589,157.73165,157.7197,157.72354
2026-08-05 21:45:00+00:00,157.72135,157.73701,157.72135,157.73545
2026-08-05 21:50:00+00:00,157.73237,157.73774,157.70696,157.71144
2026-08-05 21:55:00+00:00,157.71807,157.71807,157.68609,157.68861
2026-08-05 22:00:00+00:00,157.69608,157.70989,157.69497,157.70715
2026-08-05 22:05:00+00:00,157.70283,157.72288,157.70283,157.72163
2026-08-05 22:10:00+00:00,157.71811,157.72316,157.7082,157.72159
2026-08-05 22:15:00+00:00,157.7185,157.71997,157.70465,157.70507
2026-08-05 22:20:00+00:00,157.70707,157.71767,157.70681,157.71008
2026-08-05 22:25:00+00:00,157.70755,157.71269,157.70599,157.71067
2026-08-05 22:30:00+00:00,157.70757,157.71328,157.69874,157.70734
2026-08-05 22:35:00+00:00,157.70386,157.70783,157.70105,157.70112
2026-08-05 22:40:00+00:00,157.70199,157.71067,157.70096,157.70624
2026-08-05 22:45:00+00:00,157.7036,157.70844,157.69854,157.70779
2026-08-05 22:50:00+00:00,157.70504,157.71009,157.69907,157.70543
2026-08-05 22:55:00+00:00,157.70151,157.70479,157.67549,157.6769
2026-08-05 23:00:00+00:00,157.67876,157.67876,157.66224,157.66632
2026-08-05 23:05:00+00:00,157.66331,157.67172,157.65828,157.66333
2026-08-05 23:10:00+00:00,157.66037,157.66779,157.63331,157.63462
2026-08-05 23:15:00+00:00,157.63752,157.64434,157.63578,157.64157
2026-08-05 23:20:00+00:00,157.63932,157.6462,157.63541,157.64213
2026-08-05 23:25:00+00:00,157.63938,157.65713,157.63547,157.65692
2026-08-05 23:30:00+00:00,157.65352,157.6648,157.64651,157.64727
2026-08-05 23:35:00+00:00,157.64982,157.6613,157.63936,157.64119
2026-08-05 23:40:00+00:00,157.6437,157.6437,157.61825,157.62291
2026-08-05 23:45:00+00:00,157.62972,157.62972,157.55979,157.58202
2026-08-05 23:50:00+00:00,157.57872,157.60381,157.56236,157.59664
2026-08-05 23:55:00+00:00,157.58639,157.63418,157.58639,157.61497
2026-08-06 00:00:00+00:00,157.61862,157.68088,157.6046,157.66418
2026-08-06 00:05:00+00:00,157.65871,157.69384,157.65871,157.68945
2026-08-06 00:10:00+00:00,157.68569,157.70579,157.67736,157.70244
2026-08-06 00:15:00+00:00,157.69738,157.71382,157.67765,157.70928
2026-08-06 00:20:00+00:00,157.70178,157.71766,157.67417,157.67704
2026-08-06 00:25:00+00:00,157.67585,157.69595,157.67029,157.69179
2026-08-06 00:30:00+00:00,157.68076,157.70846,157.68076,157.70087
2026-08-06 00:35:00+00:00,157.70106,157.70707,157.6692,157.68121
2026-08-06 00:40:00+00:00,157.6837,157.69992,157.67251,157.69634
2026-08-06 00:45:00+00:00,157.69347,157.71722,157.68884,157.71384
2026-08-06 00:50:00+00:00,157.70477,157.73354,157.64668,157.70859
2026-08-06 00:55:00+00:00,157.68907,157.74977,157.68907,157.72292
2026-08-06 01:00:00+00:00,157.72455,157.73728,157.71489,157.73379
2026-08-06 01:05:00+00:00,157.73066,157.73417,157.70462,157.70678
2026-08-06 01:10:00+00:00,157.70911,157.73943,157.70172,157.73256
2026-08-06 01:15:00+00:00,157.73293,157.74275,157.72821,157.7403
2026-08-06 01:20:00+00:00,157.73798,157.74884,157.70094,157.73885
2026-08-06 01:25:00+00:00,157.72725,157.72725,157.66631,157.6826
2026-08-06 01:30:00+00:00,157.67619,157.69545,157.64168,157.65931
2026-08-06 01:35:00+00:00,157.65504,157.65656,157.60439,157.60754
2026-08-06 01:40:00+00:00,157.61254,157.63224,157.60915,157.62942
2026-08-06 01:45:00+00:00,157.62592,157.67048,157.61794,157.66127
2026-08-06 01:50:00+00:00,157.66162,157.67152,157.6513,157.65956
2026-08-06 01:55:00+00:00,157.65761,157.67205,157.65177,157.66891
2026-08-06 02:00:00+00:00,157.66704,157.68526,157.65656,157.67078
2026-08-06 02:05:00+00:00,157.6778,157.68975,157.60372,157.60684
2026-08-06 02:10:00+00:00,157.61165,157.65501,157.61165,157.63486
2026-08-06 02:15:00+00:00,157.63872,157.6554,157.63872,157.64749
2026-08-06 02:20:00+00:00,157.64806,157.65453,157.64216,157.65201
2026-08-06 02:25:00+00:00,157.64127,157.68983,157.64127,157.67124
2026-08-06 02:30:00+00:00,157.6729,157.67866,157.66647,157.66703
2026-08-06 02:35:00+00:00,157.66979,157.67909,157.65176,157.65495
2026-08-06 02:40:00+00:00,157.65955,157.65955,157.64664,157.65263
2026-08-06 02:45:00+00:00,157.64926,157.67267,157.64571,157.66775
2026-08-06 02:50:00+00:00,157.65825,157.67518,157.65825,157.66843
2026-08-06 02:55:00+00:00,157.66911,157.68127,157.65655,157.65867
2026-08-06 03:00:00+00:00,157.6607,157.70005,157.6607,157.69892
2026-08-06 03:05:00+00:00,157.6933,157.71567,157.69292,157.70134
2026-08-06 03:10:00+00:00,157.70277,157.72776,157.70277,157.70841
2026-08-06 03:15:00+00:00,157.71153,157.72899,157.71124,157.72476
2026-08-06 03:20:00+00:00,157.72301,157.74139,157.72103,157.7399
2026-08-06 03:25:00+00:00,157.73544,157.74377,157.72549,157.73291
2026-08-06 03:30:00+00:00,157.73365,157.73387,157.69947,157.7133
2026-08-06 03:35:00+00:00,157.71036,157.73061,157.70782,157.72632
2026-08-06 03:40:00+00:00,157.72432,157.74329,157.72136,157.7417
2026-08-06 03:45:00+00:00,157.73771,157.75516,157.73434,157.7479
2026-08-06 03:50:00+00:00,157.74704,157.74704,157.72755,157.73475
2026-08-06 03:55:00+00:00,157.73183,157.75424,157.72218,157.75077
2026-08-06 04:00:00+00:00,157.74815,157.74815,157.71714,157.71935
2026-08-06 04:05:00+00:00,157.72024,157.73643,157.71547,157.72663
2026-08-06 04:10:00+00:00,157.7276,157.73606,157.72359,157.72407
2026-08-06 04:15:00+00:00,157.72591,157.73568,157.72118,157.72485
2026-08-06 04:20:00+00:00,157.72247,157.72523,157.71622,157.72234
2026-08-06 04:25:00+00:00,157.71895,157.7387,157.71552,157.73571
2026-08-06 04:30:00+00:00,157.73051,157.74823,157.73051,157.74317
2026-08-06 04:35:00+00:00,157.74339,157.74702,157.72999,157.73704
2026-08-06 04:40:00+00:00,157.73435,157.74099,157.7315,157.73785
2026-08-06 04:45:00+00:00,157.73441,157.74859,157.73441,157.73845
2026-08-06 04:50:00+00:00,157.73915,157.75267,157.72996,157.7507
2026-08-06 04:55:00+00:00,157.7477,157.75104,157.73705,157.7419
2026-08-06 05:00:00+00:00,157.7392,157.77283,157.73473,157.77226
2026-08-06 05:05:00+00:00,157.76903,157.77951,157.76554,157.76653
2026-08-06 05:10:00+00:00,157.76748,157.77423,157.75441,157.76121
2026-08-06 05:15:00+00:00,157.76443,157.77422,157.75813,157.76045
2026-08-06 05:20:00+00:00,157.76222,157.76896,157.75737,157.76693
2026-08-06 05:25:00+00:00,157.76386,157.77651,157.76321,157.76781
2026-08-06 05:30:00+00:00,157.76891,157.77287,157.76019,157.76154
2026-08-06 05:35:00+00:00,157.76208,157.76606,157.74025,157.74309
2026-08-06 05:40:00+00:00,157.74586,157.74647,157.73635,157.74073
2026-08-06 05:45:00+00:00,157.73837,157.73837,157.71481,157.72553
2026-08-06 05:50:00+00:00,157.726,157.75447,157.72367,157.75173
2026-08-06 05:55:00+00:00,157.74732,157.76331,157.74732,157.75941
2026-08-06 06:00:00+00:00,157.75672,157.75672,157.73889,157.75061
2026-08-06 06:05:00+00:00,157.74816,157.76591,157.73007,157.76254
2026-08-06 06:10:00+00:00,157.75738,157.79326,157.75738,157.78899
2026-08-06 06:15:00+00:00,157.78214,157.80441,157.78048,157.79637
2026-08-06 06:20:00+00:00,157.79342,157.81652,157.78518,157.81517
2026-08-06 06:25:00+00:00,157.81016,157.8552,157.8073,157.83532
2026-08-06 06:30:00+00:00,157.83685,157.85613,157.81964,157.84447
2026-08-06 06:35:00+00:00,157.84355,157.84839,157.81376,157.81704
2026-08-06 06:40:00+00:00,157.82055,157.84902,157.80387,157.84902
2026-08-06 06:45:00+00:00,157.84742,157.84742,157.81132,157.83698
2026-08-06 06:50:00+00:00,157.8271,157.84759,157.8271,157.83382
2026-08-06 06:55:00+00:00,157.83619,157.84601,157.82509,157.8423
2026-08-06 07:00:00+00:00,157.83919,157.83919,157.8111,157.81519
2026-08-06 07:05:00+00:00,157.82055,157.82055,157.76877,157.7696
2026-08-06 07:10:00+00:00,157.77155,157.7892,157.75849,157.77966
2026-08-06 07:15:00+00:00,157.76315,157.79817,157.74668,157.77725
2026-08-06 07:20:00+00:00,157.77183,157.78307,157.76224,157.76458
2026-08-06 07:25:00+00:00,157.76754,157.77776,157.75602,157.77448
2026-08-06 07:30:00+00:00,157.76972,157.81553,157.7682,157.81231
2026-08-06 07:35:00+00:00,157.80616,157.84672,157.79416,157.84444
2026-08-06 07:40:00+00:00,157.83643,157.8687,157.83366,157.85653
2026-08-06 07:45:00+00:00,157.85709,157.9,157.85297,157.88098
2026-08-06 07:50:00+00:00,157.88233,157.88589,157.86655,157.87221
2026-08-06 07:55:00+00:00,157.87701,157.87701,157.85394,157.85636
2026-08-06 08:00:00+00:00,157.856,157.8743,157.856,157.86104
2026-08-06 08:05:00+00:00,157.86092,157.88719,157.85766,157.85997
2026-08-06 08:10:00+00:00,157.86249,157.87053,157.82409,157.8552
2026-08-06 08:15:00+00:00,157.8428,157.88423,157.8428,157.88122
2026-08-06 08:20:00+00:00,157.87811,157.88027,157.85759,157.86937
2026-08-06 08:25:00+00:00,157.86199,157.87611,157.86056,157.86281
2026-08-06 08:30:00+00:00,157.86526,157.86526,157.84639,157.85843
2026-08-06 08:35:00+00:00,157.85665,157.85798,157.83759,157.84477
2026-08-06 08:40:00+00:00,157.84061,157.84691,157.82536,157.83232
2026-08-06 08:45:00+00:00,157.82694,157.83239,157.80945,157.81907
2026-08-06 08:50:00+00:00,157.81437,157.8292,157.80573,157.82291
2026-08-06 08:55:00+00:00,157.82385,157.84524,157.81509,157.8428
2026-08-06 09:00:00+00:00,157.83912,157.85781,157.82519,157.82744
2026-08-06 09:05:00+00:00,157.83078,157.84852,157.83013,157.84417
2026-08-06 09:10:00+00:00,157.83817,157.85008,157.83281,157.83578
2026-08-06 09:15:00+00:00,157.83996,157.86499,157.82916,157.86277
2026-08-06 09:20:00+00:00,157.85968,157.85968,157.83712,157.83806
2026-08-06 09:25:00+00:00,157.83868,157.86233,157.83689,157.85878
2026-08-06 09:30:00+00:00,157.85382,157.86224,157.84618,157.85799
2026-08-06 09:35:00+00:00,157.85516,157.88204,157.85516,157.88118
2026-08-06 09:40:00+00:00,157.87732,157.87732,157.86184,157.87269
2026-08-06 09:45:00+00:00,157.86888,157.88362,157.86888,157.87777
2026-08-06 09:50:00+00:00,157.87774,157.88377,157.85838,157.85948
2026-08-06 09:55:00+00:00,157.8596,157.87516,157.85847,157.87343
2026-08-06 10:00:00+00:00,157.86947,157.87781,157.86112,157.86953
2026-08-06 10:05:00+00:00,157.86825,157.86825,157.84947,157.85679
2026-08-06 10:10:00+00:00,157.85741,157.88792,157.85438,157.88461
2026-08-06 10:15:00+00:00,157.87556,157.8946,157.87556,157.88999
2026-08-06 10:20:00+00:00,157.88711,157.88877,157.87669,157.8835
2026-08-06 10:25:00+00:00,157.88032,157.88299,157.86213,157.86356
2026-08-06 10:30:00+00:00,157.86593,157.86685,157.85416,157.85818
2026-08-06 10:35:00+00:00,157.85588,157.8625,157.84748,157.85872
2026-08-06 10:40:00+00:00,157.85563,157.87261,157.83654,157.87004
2026-08-06 10:45:00+00:00,157.86857,157.86857,157.84613,157.84705
2026-08-06 10:50:00+00:00,157.84935,157.87142,157.83962,157.86948
2026-08-06 10:55:00+00:00,157.86438,157.88051,157.86432,157.87305
2026-08-06 11:00:00+00:00,157.87306,157.88919,157.86436,157.8859
2026-08-06 11:05:00+00:00,157.88027,157.92395,157.88027,157.92026
2026-08-06 11:10:00+00:00,157.91493,157.93295,157.91246,157.92908
2026-08-06 11:15:00+00:00,157.92563,157.93951,157.91644,157.92315
2026-08-06 11:20:00+00:00,157.91964,157.93411,157.91923,157.92561
2026-08-06 11:25:00+00:00,157.92554,157.92953,157.88229,157.88471
2026-08-06 11:30:00+00:00,157.88923,157.90419,157.88413,157.89592
2026-08-06 11:35:00+00:00,157.8881,157.92183,157.8881,157.91957
2026-08-06 11:40:00+00:00,157.91094,157.93699,157.91094,157.93398
2026-08-06 11:45:00+00:00,157.93071,157.93504,157.91807,157.92899
2026-08-06 11:50:00+00:00,157.92668,157.93898,157.87753,157.89329
2026-08-06 11:55:00+00:00,157.88777,157.90325,157.86486,157.86719
2026-08-06 12:00:00+00:00,157.86845,157.87231,157.84061,157.84227
2026-08-06 12:05:00+00:00,157.84423,157.8483,157.82975,157.84354
2026-08-06 12:10:00+00:00,157.8361,157.87157,157.83359,157.8691
2026-08-06 12:15:00+00:00,157.86402,157.86864,157.85061,157.8525
2026-08-06 12:20:00+00:00,157.85336,157.86947,157.84599,157.85187
2026-08-06 12:25:00+00:00,157.85739,157.87737,157.85459,157.8719
2026-08-06 12:30:00+00:00,157.87086,157.90571,157.85806,157.90377
2026-08-06 12:35:00+00:00,157.8978,157.91129,157.89012,157.90874
2026-08-06 12:40:00+00:00,157.90056,157.9314,157.90056,157.90984
2026-08-06 12:45:00+00:00,157.91236,157.91494,157.89589,157.897
2026-08-06 12:50:00+00:00,157.90037,157.91758,157.89477,157.90415
2026-08-06 12:55:00+00:00,157.90097,157.91404,157.89373,157.9008
2026-08-06 13:00:00+00:00,157.90022,157.9105,157.87755,157.89297
2026-08-06 13:05:00+00:00,157.891,157.92269,157.86799,157.9206
2026-08-06 13:10:00+00:00,157.91687,157.9321,157.91687,157.92394
2026-08-06 13:15:00+00:00,157.91971,157.93122,157.91391,157.92158
2026-08-06 13:20:00+00:00,157.91954,157.92388,157.90484,157.90838
2026-08-06 13:25:00+00:00,157.90902,157.91128,157.88588,157.88776
2026-08-06 13:30:00+00:00,157.89113,157.90689,157.89113,157.9034
2026-08-06 13:35:00+00:00,157.89998,157.91673,157.88969,157.90069
2026-08-06 13:40:00+00:00,157.89886,157.94205,157.89667,157.93639
2026-08-06 13:45:00+00:00,157.92845,157.93857,157.92446,157.92516
2026-08-06 13:50:00+00:00,157.92606,157.93365,157.84596,157.85188
2026-08-06 13:55:00+00:00,157.85872,157.86559,157.82789,157.86046
2026-08-06 14:00:00+00:00,157.84882,157.91236,157.84882,157.90632
2026-08-06 14:05:00+00:00,157.89802,157.99038,157.89802,157.97432
2026-08-06 14:10:00+00:00,157.94627,158.25013,157.94627,158.23425
2026-08-06 14:15:00+00:00,158.20961,158.20961,158.12597,158.16391
2026-08-06 14:20:00+00:00,158.16195,158.20992,158.14909,158.17886
2026-08-06 14:25:00+00:00,158.18452,158.20429,158.15697,158.20183
2026-08-06 14:30:00+00:00,158.19733,158.2149,158.18018,158.18277
2026-08-06 14:35:00+00:00,158.18109,158.24776,158.16794,158.19165
2026-08-06 14:40:00+00:00,158.19177,158.21767,158.18851,158.1919
2026-08-06 14:45:00+00:00,158.19585,158.23491,158.17281,158.22803
2026-08-06 14:50:00+00:00,158.21598,158.285,158.21598,158.25156
2026-08-06 14:55:00+00:00,158.24827,158.24827,158.22555,158.22782
2026-08-06 15:00:00+00:00,158.23048,158.2653,158.21758,158.24629
2026-08-06 15:05:00+00:00,158.25275,158.28883,158.25275,158.27884
2026-08-06 15:10:00+00:00,158.26137,158.39209,158.26137,158.38728
2026-08-06 15:15:00+00:00,158.37133,158.46795,158.37133,158.44707
2026-08-06 15:20:00+00:00,158.44941,158.45129,158.42981,158.43608
2026-08-06 15:25:00+00:00,158.43356,158.43447,158.37906,158.41657
2026-08-06 15:30:00+00:00,158.412,158.43689,158.41183,158.41922
2026-08-06 15:35:00+00:00,158.42328,158.42328,158.4074,158.41928
2026-08-06 15:40:00+00:00,158.41306,158.42286,158.3961,158.39697
2026-08-06 15:45:00+00:00,158.39691,158.40504,158.38845,158.40154
2026-08-06 15:50:00+00:00,158.40058,158.445,158.38956,158.43553
2026-08-06 15:55:00+00:00,158.40808,158.46393,158.40808,158.43665
2026-08-06 16:00:00+00:00,158.43865,158.50284,158.43865,158.49845
2026-08-06 16:05:00+00:00,158.49224,158.50258,158.4854,158.49007
2026-08-06 16:10:00+00:00,158.48923,158.49981,158.48302,158.49658
2026-08-06 16:15:00+00:00,158.49235,158.54377,158.45436,158.4799
2026-08-06 16:20:00+00:00,158.52805,158.52805,158.41599,158.47009
2026-08-06 16:25:00+00:00,158.4643,158.47362,158.4643,158.46989
2026-08-06 16:30:00+00:00,158.46892,158.50445,158.46355,158.50142
2026-08-06 16:35:00+00:00,158.49833,158.52143,158.49178,158.51667
2026-08-06 16:40:00+00:00,158.50601,158.5318,158.50258,158.5062
2026-08-06 16:45:00+00:00,158.51621,158.53186,158.51581,158.52959
2026-08-06 16:50:00+00:00,158.52711,158.53043,158.4923,158.49918
2026-08-06 16:55:00+00:00,158.51116,158.52543,158.48707,158.52501
2026-08-06 17:00:00+00:00,158.52294,158.52294,158.48225,158.50002
2026-08-06 17:05:00+00:00,158.49576,158.5054,158.47939,158.50311
2026-08-06 17:10:00+00:00,158.50024,158.50024,158.45107,158.47622
2026-08-06 17:15:00+00:00,158.46888,158.48684,158.44562,158.48218
2026-08-06 17:20:00+00:00,158.47269,158.48755,158.42085,158.42355
2026-08-06 17:25:00+00:00,158.43151,158.44455,158.42492,158.4395
2026-08-06 17:30:00+00:00,158.43671,158.4427,158.42524,158.42753
2026-08-06 17:35:00+00:00,158.42766,158.45988,158.42311,158.44841
2026-08-06 17:40:00+00:00,158.44932,158.4582,158.44402,158.44467
2026-08-06 17:45:00+00:00,158.44681,158.46476,158.40588,158.40799
2026-08-06 17:50:00+00:00,158.40955,158.42491,158.39458,158.40748
2026-08-06 17:55:00+00:00,158.40296,158.41663,158.40296,158.41321
2026-08-06 18:00:00+00:00,158.40974,158.41849,158.39959,158.40819
2026-08-06 18:05:00+00:00,158.40641,158.41415,158.37428,158.3794
2026-08-06 18:10:00+00:00,158.3877,158.41522,158.36923,158.38896
2026-08-06 18:15:00+00:00,158.38878,158.40385,158.38878,158.39851
2026-08-06 18:20:00+00:00,158.39676,158.40881,158.38989,158.39067
2026-08-06 18:25:00+00:00,158.39228,158.40383,158.38077,158.4012
2026-08-06 18:30:00+00:00,158.3978,158.40048,158.38392,158.39932
2026-08-06 18:35:00+00:00,158.39627,158.40624,158.39205,158.40422
2026-08-06 18:40:00+00:00,158.40145,158.40622,158.38812,158.38897
2026-08-06 18:45:00+00:00,158.3911,158.3938,158.35621,158.35961
2026-08-06 18:50:00+00:00,158.36329,158.36489,158.34149,158.36411
2026-08-06 18:55:00+00:00,158.36095,158.3657,158.33714,158.33848
2026-08-06 19:00:00+00:00,158.33898,158.33912,158.31784,158.32087
2026-08-06 19:05:00+00:00,158.32202,158.32202,158.30487,158.31734
2026-08-06 19:10:00+00:00,158.31414,158.37062,158.30685,158.36912
2026-08-06 19:15:00+00:00,158.36219,158.37442,158.35778,158.36025
2026-08-06 19:20:00+00:00,158.36066,158.38758,158.34708,158.35123
2026-08-06 19:25:00+00:00,158.36301,158.4822,158.36301,158.4683
2026-08-06 19:30:00+00:00,158.46522,158.4707,158.43393,158.4446
2026-08-06 19:35:00+00:00,158.44179,158.4602,158.42596,158.44666
2026-08-06 19:40:00+00:00,158.44952,158.46177,158.44952,158.45559
2026-08-06 19:45:00+00:00,158.45454,158.47924,158.44898,158.47693
2026-08-06 19:50:00+00:00,158.47117,158.47117,158.40459,158.41599
2026-08-06 19:55:00+00:00,158.43839,158.43839,158.39201,158.41959
2026-08-06 20:00:00+00:00,158.41951,158.4258,158.39214,158.41559
2026-08-06 20:05:00+00:00,158.4113,158.44018,158.40234,158.43823
2026-08-06 20:10:00+00:00,158.43178,158.46642,158.42735,158.46143
2026-08-06 20:15:00+00:00,158.45868,158.48126,158.45359,158.47819
2026-08-06 20:20:00+00:00,158.47334,158.50645,158.46699,158.49484
2026-08-06 20:25:00+00:00,158.49517,158.50122,158.47213,158.47859
2026-08-06 20:30:00+00:00,158.48961,158.48961,158.45537,158.46305
2026-08-06 20:35:00+00:00,158.46047,158.47249,158.4551,158.46801
2026-08-06 20:40:00+00:00,158.46131,158.47686,158.46131,158.47106
2026-08-06 20:45:00+00:00,158.46919,158.46919,158.45482,158.45671
2026-08-06 20:50:00+00:00,158.45672,158.47267,158.45596,158.47098
2026-08-06 20:55:00+00:00,158.46486,158.48569,158.46486,158.47131
2026-08-06 21:00:00+00:00,158.4738,158.49602,158.3992,158.4229
2026-08-06 21:05:00+00:00,158.42717,158.45507,158.42339,158.4432
2026-08-06 21:10:00+00:00,158.44368,158.45102,158.42806,158.4384
2026-08-06 21:15:00+00:00,158.43612,158.45127,158.43031,158.44935
2026-08-06 21:20:00+00:00,158.44591,158.49483,158.43973,158.47683
2026-08-06 21:25:00+00:00,158.4786,158.50735,158.44386,158.4605
2026-08-06 21:30:00+00:00,158.45693,158.46349,158.45604,158.46018
2026-08-06 21:35:00+00:00,158.45659,158.46422,158.45416,158.45655
2026-08-06 21:40:00+00:00,158.45752,158.46505,158.45529,158.46195
2026-08-06 21:45:00+00:00,158.46091,158.46091,158.44228,158.44431
2026-08-06 21:50:00+00:00,158.44441,158.45958,158.43355,158.45799
2026-08-06 21:55:00+00:00,158.45308,158.49102,158.45208,158.4839
2026-08-06 22:00:00+00:00,158.48208,158.50249,158.46761,158.49904
2026-08-06 22:05:00+00:00,158.49244,158.51686,158.49244,158.51357
2026-08-06 22:10:00+00:00,158.51004,158.51609,158.49251,158.4945
2026-08-06 22:15:00+00:00,158.49657,158.50328,158.48328,158.48423
2026-08-06 22:20:00+00:00,158.48614,158.48982,158.47671,158.48637
2026-08-06 22:25:00+00:00,158.4837,158.48802,158.46746,158.48357
2026-08-06 22:30:00+00:00,158.47983,158.4839,158.45757,158.46284
2026-08-06 22:35:00+00:00,158.45892,158.46274,158.45418,158.45462
2026-08-06 22:40:00+00:00,158.45522,158.46641,158.45149,158.45972
2026-08-06 22:45:00+00:00,158.45858,158.45858,158.44325,158.4512
2026-08-06 22:50:00+00:00,158.44738,158.47349,158.44513,158.47266
2026-08-06 22:55:00+00:00,158.46994,158.48087,158.46953,158.47202
2026-08-06 23:00:00+00:00,158.4729,158.48061,158.43731,158.46023
2026-08-06 23:05:00+00:00,158.46194,158.46294,158.43323,158.43962
2026-08-06 23:10:00+00:00,158.4361,158.4435,158.41777,158.41995
2026-08-06 23:15:00+00:00,158.41981,158.41981,158.3972,158.40444
2026-08-06 23:20:00+00:00,158.40041,158.4138,158.39721,158.4119
2026-08-06 23:25:00+00:00,158.40646,158.43206,158.40646,158.42996
2026-08-06 23:30:00+00:00,158.42615,158.42878,158.41234,158.42184
2026-08-06 23:35:00+00:00,158.41621,158.43216,158.41621,158.42231
2026-08-06 23:40:00+00:00,158.42422,158.43347,158.39071,158.39454
2026-08-06 23:45:00+00:00,158.39946,158.42408,158.39641,158.40427
2026-08-06 23:50:00+00:00,158.40104,158.41871,158.39576,158.41665
2026-08-06 23:55:00+00:00,158.41245,158.42506,158.40678,158.40839
2026-08-07 00:00:00+00:00,158.41366,158.46619,158.41366,158.43771
2026-08-07 00:05:00+00:00,158.4377,158.45976,158.43685,158.44445
2026-08-07 00:10:00+00:00,158.43843,158.50199,158.43461,158.5004
2026-08-07 00:15:00+00:00,158.49702,158.52843,158.4856,158.48995
2026-08-07 00:20:00+00:00,158.50202,158.53402,158.50202,158.50741
2026-08-07 00:25:00+00:00,158.51142,158.51885,158.50273,158.51192
2026-08-07 00:30:00+00:00,158.5087,158.52915,158.50381,158.51179
2026-08-07 00:35:00+00:00,158.51612,158.5296,158.50249,158.51457
2026-08-07 00:40:00+00:00,158.51081,158.53353,158.5003,158.52336
2026-08-07 00:45:00+00:00,158.51923,158.53098,158.50528,158.51933
2026-08-07 00:50:00+00:00,158.51556,158.5676,158.45876,158.5616
2026-08-07 00:55:00+00:00,158.55129,158.57867,158.50872,158.52738
2026-08-07 01:00:00+00:00,158.52343,158.54275,158.50907,158.53404
2026-08-07 01:05:00+00:00,158.53001,158.5309,158.47021,158.47729
2026-08-07 01:10:00+00:00,158.47767,158.48456,158.42268,158.4263
2026-08-07 01:15:00+00:00,158.4312,158.44127,158.40828,158.42985
2026-08-07 01:20:00+00:00,158.4267,158.43035,158.37288,158.38696
2026-08-07 01:25:00+00:00,158.38427,158.41441,158.38088,158.41338
2026-08-07 01:30:00+00:00,158.4077,158.41763,158.40504,158.40614
2026-08-07 01:35:00+00:00,158.40619,158.41149,158.32719,158.33182
2026-08-07 01:40:00+00:00,158.33272,158.3541,158.23823,158.2536
2026-08-07 01:45:00+00:00,158.24768,158.31652,158.24049,158.31154
2026-08-07 01:50:00+00:00,158.30922,158.32952,158.3012,158.32589
2026-08-07 01:55:00+00:00,158.32411,158.33236,158.31465,158.33066
2026-08-07 02:00:00+00:00,158.32777,158.35853,158.31853,158.35649
2026-08-07 02:05:00+00:00,158.35021,158.37114,158.35021,158.37069
2026-08-07 02:10:00+00:00,158.36761,158.37759,158.3426,158.34415
2026-08-07 02:15:00+00:00,158.34578,158.36951,158.32959,158.36663
2026-08-07 02:20:00+00:00,158.36184,158.37643,158.33187,158.33885
2026-08-07 02:25:00+00:00,158.35107,158.35107,158.32746,158.34636
2026-08-07 02:30:00+00:00,158.34227,158.34943,158.33601,158.34685
2026-08-07 02:35:00+00:00,158.34288,158.36003,158.3396,158.35838
2026-08-07 02:40:00+00:00,158.35628,158.35874,158.33481,158.3509
2026-08-07 02:45:00+00:00,158.34584,158.35543,158.32974,158.3525
2026-08-07 02:50:00+00:00,158.35037,158.36849,158.3456,158.3613
2026-08-07 02:55:00+00:00,158.36209,158.38589,158.3464,158.38267
2026-08-07 03:00:00+00:00,158.37688,158.38494,158.37384,158.38091
2026-08-07 03:05:00+00:00,158.37745,158.40089,158.37602,158.39784
2026-08-07 03:10:00+00:00,158.38951,158.42547,158.38951,158.42143
2026-08-07 03:15:00+00:00,158.41559,158.42802,158.41559,158.41749
2026-08-07 03:20:00+00:00,158.41922,158.42706,158.41084,158.42576
2026-08-07 03:25:00+00:00,158.42114,158.42114,158.40203,158.40857
2026-08-07 03:30:00+00:00,158.40252,158.4125,158.39754,158.39789
2026-08-07 03:35:00+00:00,158.39968,158.40896,158.39565,158.39924
2026-08-07 03:40:00+00:00,158.39958,158.44563,158.39958,158.44423
2026-08-07 03:45:00+00:00,158.43696,158.45152,158.43696,158.44323
2026-08-07 03:50:00+00:00,158.44352,158.44821,158.4403,158.44115
2026-08-07 03:55:00+00:00,158.44155,158.44233,158.38973,158.42072
2026-08-07 04:00:00+00:00,158.4156,158.42136,158.39406,158.3985
2026-08-07 04:05:00+00:00,158.40456,158.42473,158.38088,158.42345
2026-08-07 04:10:00+00:00,158.4202,158.42694,158.41838,158.42575
2026-08-07 04:15:00+00:00,158.42357,158.42652,158.41521,158.41682
2026-08-07 04:20:00+00:00,158.41871,158.42035,158.40382,158.41506
2026-08-07 04:25:00+00:00,158.4117,158.42532,158.40208,158.41489
2026-08-07 04:30:00+00:00,158.41539,158.41539,158.38144,158.38215
2026-08-07 04:35:00+00:00,158.38453,158.414,158.37242,158.409
2026-08-07 04:40:00+00:00,158.40747,158.43283,158.40747,158.43054
2026-08-07 04:45:00+00:00,158.42467,158.42467,158.40336,158.40944
2026-08-07 04:50:00+00:00,158.40744,158.40744,158.38053,158.39999
2026-08-07 04:55:00+00:00,158.39234,158.40765,158.38458,158.38588
2026-08-07 05:00:00+00:00,158.38686,158.39247,158.3704,158.38554
2026-08-07 05:05:00+00:00,158.38181,158.38181,158.36552,158.36882
2026-08-07 05:10:00+00:00,158.36895,158.37253,158.3544,158.35515
2026-08-07 05:15:00+00:00,158.35733,158.39731,158.3528,158.39358
2026-08-07 05:20:00+00:00,158.39142,158.39629,158.37932,158.38754
2026-08-07 05:25:00+00:00,158.38464,158.38761,158.37698,158.38241
2026-08-07 05:30:00+00:00,158.37835,158.38762,158.36479,158.36604
2026-08-07 05:35:00+00:00,158.36914,158.37452,158.35625,158.37099
2026-08-07 05:40:00+00:00,158.36822,158.37421,158.35602,158.37136
2026-08-07 05:45:00+00:00,158.36779,158.36946,158.35654,158.36302
2026-08-07 05:50:00+00:00,158.36083,158.36461,158.346,158.36023
2026-08-07 05:55:00+00:00,158.35411,158.36727,158.33298,158.33718
2026-08-07 06:00:00+00:00,158.34355,158.34355,158.31743,158.32836
2026-08-07 06:05:00+00:00,158.3249,158.36118,158.31556,158.36018
2026-08-07 06:10:00+00:00,158.35762,158.35762,158.33147,158.33301
2026-08-07 06:15:00+00:00,158.33499,158.34177,158.29566,158.31812
2026-08-07 06:20:00+00:00,158.31918,158.32886,158.31667,158.31876
2026-08-07 06:25:00+00:00,158.31967,158.33321,158.31684,158.32329
2026-08-07 06:30:00+00:00,158.32407,158.32407,158.30009,158.30179
2026-08-07 06:35:00+00:00,158.30711,158.34592,158.30711,158.34373
2026-08-07 06:40:00+00:00,158.33594,158.3548,158.30711,158.31181
2026-08-07 06:45:00+00:00,158.31664,158.3675,158.31664,158.36076
2026-08-07 06:50:00+00:00,158.34999,158.3679,158.34366,158.34459
2026-08-07 06:55:00+00:00,158.3458,158.34875,158.31356,158.34391
2026-08-07 07:00:00+00:00,158.32986,158.37031,158.32986,158.36758
2026-08-07 07:05:00+00:00,158.3634,158.36534,158.34086,158.35673
2026-08-07 07:10:00+00:00,158.35649,158.36292,158.33701,158.33916
2026-08-07 07:15:00+00:00,158.34272,158.34733,158.33392,158.34573
2026-08-07 07:20:00+00:00,158.33859,158.39199,158.33859,158.39009
2026-08-07 07:25:00+00:00,158.38394,158.3969,158.38053,158.38805
2026-08-07 07:30:00+00:00,158.38823,158.42492,158.38479,158.42265
2026-08-07 07:35:00+00:00,158.41899,158.42524,158.39593,158.40153
2026-08-07 07:40:00+00:00,158.41064,158.41064,158.38823,158.40439
2026-08-07 07:45:00+00:00,158.39792,158.42682,158.39792,158.41568
2026-08-07 07:50:00+00:00,158.41582,158.45857,158.40776,158.45613
2026-08-07 07:55:00+00:00,158.45188,158.4668,158.4289,158.46153
2026-08-07 08:00:00+00:00,158.45148,158.45148,158.40082,158.425
2026-08-07 08:05:00+00:00,158.42875,158.44427,158.41782,158.43966
2026-08-07 08:10:00+00:00,158.4327,158.46749,158.4327,158.45386
2026-08-07 08:15:00+00:00,158.45674,158.48347,158.45674,158.47114
2026-08-07 08:20:00+00:00,158.4682,158.47326,158.45423,158.46028
2026-08-07 08:25:00+00:00,158.45818,158.46106,158.43841,158.45483
2026-08-07 08:30:00+00:00,158.44714,158.46315,158.44061,158.44445
2026-08-07 08:35:00+00:00,158.45011,158.45011,158.39307,158.39882
2026-08-07 08:40:00+00:00,158.40811,158.40811,158.37761,158.39182
2026-08-07 08:45:00+00:00,158.3896,158.3896,158.3739,158.38731
2026-08-07 08:50:00+00:00,158.38415,158.40134,158.37685,158.40002
2026-08-07 08:55:00+00:00,158.39786,158.41092,158.34822,158.39303
2026-08-07 09:00:00+00:00,158.38843,158.39571,158.36377,158.38932
2026-08-07 09:05:00+00:00,158.37412,158.40221,158.36992,158.37229
2026-08-07 09:10:00+00:00,158.37908,158.38832,158.35821,158.35912
2026-08-07 09:15:00+00:00,158.3606,158.37642,158.3606,158.37304
2026-08-07 09:20:00+00:00,158.3695,158.37705,158.36154,158.37198
2026-08-07 09:25:00+00:00,158.36353,158.38213,158.35856,158.3598
2026-08-07 09:30:00+00:00,158.3637,158.36889,158.34726,158.3552
2026-08-07 09:35:00+00:00,158.35252,158.36424,158.34774,158.34989
2026-08-07 09:40:00+00:00,158.34991,158.36096,158.32867,158.35124
2026-08-07 09:45:00+00:00,158.34682,158.3655,158.34438,158.36109
2026-08-07 09:50:00+00:00,158.35495,158.36855,158.35275,158.36508
2026-08-07 09:55:00+00:00,158.36299,158.37058,158.32991,158.36891
2026-08-07 10:00:00+00:00,158.36163,158.39737,158.35787,158.39495
2026-08-07 10:05:00+00:00,158.38893,158.39733,158.3705,158.37273
2026-08-07 10:10:00+00:00,158.37947,158.39245,158.37947,158.38858
2026-08-07 10:15:00+00:00,158.38751,158.40388,158.38493,158.40289
2026-08-07 10:20:00+00:00,158.39869,158.40982,158.38854,158.40595
2026-08-07 10:25:00+00:00,158.39746,158.41744,158.39746,158.40651
2026-08-07 10:30:00+00:00,158.40792,158.41145,158.38879,158.40137
2026-08-07 10:35:00+00:00,158.39852,158.40415,158.3405,158.39007
2026-08-07 10:40:00+00:00,158.37591,158.37591,158.25384,158.29443
2026-08-07 10:45:00+00:00,158.28194,158.30822,158.28194,158.29648
2026-08-07 10:50:00+00:00,158.2973,158.33662,158.29473,158.33414
2026-08-07 10:55:00+00:00,158.32799,158.32866,158.30475,158.30866
2026-08-07 11:00:00+00:00,158.31359,158.32537,158.3,158.30668
2026-08-07 11:05:00+00:00,158.31125,158.31125,158.26155,158.28919
2026-08-07 11:10:00+00:00,158.29007,158.31515,158.28585,158.31291
2026-08-07 11:15:00+00:00,158.30641,158.34542,158.30641,158.34229
2026-08-07 11:20:00+00:00,158.33863,158.36568,158.33744,158.36118
2026-08-07 11:25:00+00:00,158.35276,158.36849,158.35276,158.36454
2026-08-07 11:30:00+00:00,158.35903,158.38044,158.34413,158.34592
2026-08-07 11:35:00+00:00,158.34717,158.35142,158.33119,158.35033
2026-08-07 11:40:00+00:00,158.34635,158.35883,158.31748,158.33503
2026-08-07 11:45:00+00:00,158.3324,158.34053,158.32987,158.33264
2026-08-07 11:50:00+00:00,158.3338,158.33865,158.31394,158.318
2026-08-07 11:55:00+00:00,158.32404,158.34153,158.3118,158.34076
2026-08-07 12:00:00+00:00,158.33726,158.34944,158.32555,158.33496
2026-08-07 12:05:00+00:00,158.33813,158.34189,158.32067,158.33673
2026-08-07 12:10:00+00:00,158.33686,158.33959,158.29982,158.32829
2026-08-07 12:15:00+00:00,158.32179,158.37467,158.32094,158.35897
2026-08-07 12:20:00+00:00,158.36563,158.40639,158.34395,158.37301
2026-08-07 12:25:00+00:00,158.37836,158.37836,158.34023,158.35306
2026-08-07 12:30:00+00:00,158.34922,158.3929,157.44597,157.54178
2026-08-07 12:35:00+00:00,157.74682,157.74682,156.75879,157.10838
2026-08-07 12:40:00+00:00,157.13167,157.20274,157.06138,157.12636
2026-08-07 12:45:00+00:00,157.16128,157.29656,157.16128,157.19594
2026-08-07 12:50:00+00:00,157.18841,157.22911,157.14272,157.21614
2026-08-07 12:55:00+00:00,157.19704,157.38291,157.10412,157.37301
2026-08-07 13:00:00+00:00,157.35421,157.46936,157.35421,157.45455
2026-08-07 13:05:00+00:00,157.43511,157.49866,157.35969,157.37216
2026-08-07 13:10:00+00:00,157.39495,157.39824,157.27633,157.2956
2026-08-07 13:15:00+00:00,157.33754,157.41301,157.25671,157.40495
2026-08-07 13:20:00+00:00,157.38989,157.42469,157.34952,157.35469
2026-08-07 13:25:00+00:00,157.36253,157.40803,157.31889,157.40206
2026-08-07 13:30:00+00:00,157.3889,157.60326,157.3889,157.59269
2026-08-07 13:35:00+00:00,157.56463,157.60621,157.53507,157.5401
2026-08-07 13:40:00+00:00,157.54808,157.55208,157.50564,157.53193
2026-08-07 13:45:00+00:00,157.52718,157.61732,157.50248,157.58177
2026-08-07 13:50:00+00:00,157.58366,157.68898,157.58366,157.64556
2026-08-07 13:55:00+00:00,157.65227,157.75955,157.6092,157.75332
2026-08-07 14:00:00+00:00,157.74059,157.7879,157.72302,157.78352
2026-08-07 14:05:00+00:00,157.77746,157.79832,157.74982,157.7594
2026-08-07 14:10:00+00:00,157.7581,157.7601,157.72375,157.7259
2026-08-07 14:15:00+00:00,157.72387,157.75358,157.67575,157.681
2026-08-07 14:20:00+00:00,157.69018,157.72014,157.65735,157.66663
2026-08-07 14:25:00+00:00,157.69067,157.77939,157.69067,157.76457
2026-08-07 14:30:00+00:00,157.76548,157.78181,157.75341,157.75679
2026-08-07 14:35:00+00:00,157.76039,157.78289,157.73905,157.77377
2026-08-07 14:40:00+00:00,157.75673,157.84411,157.75228,157.82632
2026-08-07 14:45:00+00:00,157.803,157.88427,157.803,157.87924
2026-08-07 14:50:00+00:00,157.86818,157.91644,157.8667,157.91098
2026-08-07 14:55:00+00:00,157.90107,157.93985,157.85375,157.93937
2026-08-07 15:00:00+00:00,157.93737,157.96457,157.92146,157.95439
2026-08-07 15:05:00+00:00,157.95561,157.9725,157.89442,157.90122
2026-08-07 15:10:00+00:00,157.9129,157.91609,157.82629,157.90802
2026-08-07 15:15:00+00:00,157.89492,157.89492,157.75057,157.7598
2026-08-07 15:20:00+00:00,157.76687,157.78896,157.71858,157.74388
2026-08-07 15:25:00+00:00,157.73817,157.75681,157.68093,157.69627
2026-08-07 15:30:00+00:00,157.69252,157.74202,157.69174,157.70575
2026-08-07 15:35:00+00:00,157.72551,157.72551,157.56104,157.56882
2026-08-07 15:40:00+00:00,157.58035,157.58035,157.43615,157.44649
2026-08-07 15:45:00+00:00,157.47499,157.59645,157.47499,157.59404
2026-08-07 15:50:00+00:00,157.58823,157.59465,157.51498,157.53047
2026-08-07 15:55:00+00:00,157.56234,157.56234,157.49952,157.55635
2026-08-07 16:00:00+00:00,157.54847,157.57237,157.47545,157.47834
2026-08-07 16:05:00+00:00,157.48314,157.50343,157.44299,157.46184
2026-08-07 16:10:00+00:00,157.45568,157.5249,157.45365,157.46019
2026-08-07 16:15:00+00:00,157.47176,157.47176,157.42728,157.44272
2026-08-07 16:20:00+00:00,157.44769,157.50474,157.40904,157.41906
2026-08-07 16:25:00+00:00,157.43425,157.43425,157.33188,157.35627
2026-08-07 16:30:00+00:00,157.34189,157.39641,157.34189,157.3597
2026-08-07 16:35:00+00:00,157.35617,157.4124,157.35617,157.36913
2026-08-07 16:40:00+00:00,157.37672,157.40239,157.37297,157.40063
2026-08-07 16:45:00+00:00,157.39706,157.41972,157.34601,157.35021
2026-08-07 16:50:00+00:00,157.35502,157.44504,157.33539,157.44035
2026-08-07 16:55:00+00:00,157.42897,157.46782,157.42897,157.46425
2026-08-07 17:00:00+00:00,157.45893,157.47688,157.43655,157.46141
2026-08-07 17:05:00+00:00,157.44884,157.50215,157.44884,157.48254
2026-08-07 17:10:00+00:00,157.4778,157.48806,157.42954,157.4326
2026-08-07 17:15:00+00:00,157.43669,157.45256,157.4173,157.43931
2026-08-07 17:20:00+00:00,157.43964,157.44126,157.42562,157.43061
2026-08-07 17:25:00+00:00,157.43054,157.43578,157.38923,157.39183
2026-08-07 17:30:00+00:00,157.39184,157.42324,157.39184,157.39568
2026-08-07 17:35:00+00:00,157.40044,157.44591,157.39249,157.44214
2026-08-07 17:40:00+00:00,157.43674,157.44969,157.42618,157.44763
2026-08-07 17:45:00+00:00,157.44345,157.45139,157.43691,157.44844
2026-08-07 17:50:00+00:00,157.44342,157.46829,157.43506,157.45844
2026-08-07 17:55:00+00:00,157.45344,157.49061,157.44773,157.4751
2026-08-07 18:00:00+00:00,157.47975,157.53778,157.47968,157.53411
2026-08-07 18:05:00+00:00,157.5303,157.53175,157.48877,157.51927
2026-08-07 18:10:00+00:00,157.51441,157.59476,157.50109,157.58761
2026-08-07 18:15:00+00:00,157.57142,157.60169,157.55897,157.59504
2026-08-07 18:20:00+00:00,157.59008,157.60509,157.57033,157.58088
2026-08-07 18:25:00+00:00,157.58537,157.61836,157.57001,157.60089
2026-08-07 18:30:00+00:00,157.59808,157.62723,157.5676,157.57748
2026-08-07 18:35:00+00:00,157.56962,157.58151,157.56104,157.57635
2026-08-07 18:40:00+00:00,157.57009,157.58614,157.54948,157.56483
2026-08-07 18:45:00+00:00,157.55961,157.56891,157.52473,157.54235
2026-08-07 18:50:00+00:00,157.53698,157.53988,157.51646,157.53557
2026-08-07 18:55:00+00:00,157.53413,157.54623,157.51484,157.51883
2026-08-07 19:00:00+00:00,157.5298,157.56508,157.52002,157.56145
2026-08-07 19:05:00+00:00,157.55366,157.57533,157.55366,157.57265
2026-08-07 19:10:00+00:00,157.56835,157.61099,157.55756,157.60674
2026-08-07 19:15:00+00:00,157.59755,157.61825,157.54361,157.59187
2026-08-07 19:20:00+00:00,157.58418,157.60184,157.54891,157.55777
2026-08-07 19:25:00+00:00,157.55575,157.55575,157.51171,157.51548
2026-08-07 19:30:00+00:00,157.51907,157.51907,157.46508,157.46753
2026-08-07 19:35:00+00:00,157.47137,157.5044,157.47137,157.49996
2026-08-07 19:40:00+00:00,157.49384,157.51456,157.49033,157.51296
2026-08-07 19:45:00+00:00,157.50811,157.51736,157.47909,157.48267
2026-08-07 19:50:00+00:00,157.48681,157.52469,157.46757,157.52249
2026-08-07 19:55:00+00:00,157.51788,157.57163,157.50243,157.5657
2026-08-07 20:00:00+00:00,157.55765,157.59143,157.53949,157.58787
2026-08-07 20:05:00+00:00,157.57908,157.66359,157.57908,157.66084
2026-08-07 20:10:00+00:00,157.65273,157.68189,157.63972,157.67808
2026-08-07 20:15:00+00:00,157.67046,157.77611,157.67046,157.74368
2026-08-07 20:20:00+00:00,157.74858,157.7558,157.72451,157.7533
2026-08-07 20:25:00+00:00,157.74695,157.77227,157.74548,157.75884
2026-08-07 20:30:00+00:00,157.75484,157.7697,157.74205,157.76556
2026-08-07 20:35:00+00:00,157.75737,157.86105,157.75737,157.85453
2026-08-07 20:40:00+00:00,157.84572,157.86829,157.80545,157.80837
2026-08-07 20:45:00+00:00,157.81244,157.82464,157.78729,157.82297
2026-08-07 20:50:00+00:00,157.81782,157.87852,157.78272,157.80851
2026-08-07 20:55:00+00:00,157.801,157.82219,157.79244,157.79433
2026-08-07 21:00:00+00:00,157.79916,157.88922,157.75543,157.78136
2026-08-07 21:05:00+00:00,157.79726,157.81062,157.79671,157.80329
2026-08-07 21:10:00+00:00,157.80357,157.8113,157.79709,157.81055
2026-08-07 21:15:00+00:00,157.8084,157.81486,157.79864,157.79992
2026-08-07 21:20:00+00:00,157.80437,157.81386,157.80155,157.80691
2026-08-07 21:25:00+00:00,157.80347,157.80999,157.80222,157.80716
2026-08-07 21:30:00+00:00,157.80377,157.81484,157.7969,157.79796
2026-08-07 21:35:00+00:00,157.79997,157.80954,157.79712,157.80274
2026-08-07 21:40:00+00:00,157.80371,157.81556,157.79803,157.80682
2026-08-07 21:45:00+00:00,157.80312,157.81028,157.80211,157.8071
2026-08-07 21:50:00+00:00,157.80381,157.81286,157.79942,157.80967
2026-08-07 21:55:00+00:00,157.80397,157.80933,157.80247,157.80352
2026-08-07 22:00:00+00:00,157.80428,157.97945,157.70482,157.80945
2026-08-07 22:05:00+00:00,157.81204,157.81256,157.80268,157.81118
2026-08-07 22:10:00+00:00,157.80859,157.81912,157.8017,157.80313
2026-08-07 22:15:00+00:00,157.80534,157.8109,157.80283,157.80853
2026-08-07 22:20:00+00:00,157.8068,157.81122,157.8028,157.80685
2026-08-07 22:25:00+00:00,157.80396,157.81112,157.80286,157.81038
2026-08-07 22:30:00+00:00,157.80778,157.8144,157.80101,157.80244
2026-08-07 22:35:00+00:00,157.80467,157.81129,157.80287,157.80835
2026-08-07 22:40:00+00:00,157.80683,157.81108,157.80136,157.80285
2026-08-07 22:45:00+00:00,157.8025,157.80952,157.80137,157.80905
2026-08-07 22:50:00+00:00,157.80659,157.81318,157.79937,157.80073
2026-08-07 22:55:00+00:00,157.80332,157.81049,157.80128,157.80683
2026-08-07 23:00:00+00:00,157.80564,157.95307,157.77485,157.79465
2026-08-07 23:05:00+00:00,157.82051,157.82051,157.80097,157.80891
2026-08-07 23:10:00+00:00,157.80655,157.81311,157.79942,157.80059
2026-08-07 23:15:00+00:00,157.80336,157.81086,157.8011,157.80699
2026-08-07 23:20:00+00:00,157.80568,157.80997,157.80131,157.80589
2026-08-07 23:25:00+00:00,157.80239,157.8089,157.80128,157.80875
2026-08-07 23:30:00+00:00,157.80651,157.81303,157.79947,157.80046
2026-08-07 23:35:00+00:00,157.8034,157.81121,157.80084,157.80707
2026-08-07 23:40:00+00:00,157.80573,157.80999,157.80133,157.80602
2026-08-07 23:45:00+00:00,157.80236,157.80915,157.80128,157.8086
2026-08-07 23:50:00+00:00,157.80647,157.81308,157.79944,157.80036
2026-08-07 23:55:00+00:00,157.80344,157.81156,157.80058,157.80689
2026-08-08 00:00:00+00:00,157.80577,157.98248,157.70663,157.83725
2026-08-08 00:05:00+00:00,157.85466,157.85466,157.82702,157.82845
2026-08-08 00:10:00+00:00,157.82876,157.83167,157.82175,157.82317
2026-08-08 00:15:00+00:00,157.82402,157.82924,157.82184,157.82557
2026-08-08 00:20:00+00:00,157.82351,157.83053,157.82117,157.82682
2026-08-08 00:25:00+00:00,157.8235,157.83014,157.81997,157.82503
2026-08-08 00:30:00+00:00,157.82286,157.83057,157.82122,157.82247
2026-08-08 00:35:00+00:00,157.82347,157.82946,157.8215,157.82535
2026-08-08 00:40:00+00:00,157.8235,157.83044,157.82114,157.8269
2026-08-08 00:45:00+00:00,157.8235,157.83031,157.82214,157.82566
2026-08-08 00:50:00+00:00,157.8235,157.8303,157.81915,157.82169
2026-08-08 00:55:00+00:00,157.82284,157.82965,157.82117,157.82514
2026-08-08 01:00:00+00:00,157.82349,157.94131,157.81361,157.82596
2026-08-08 01:05:00+00:00,157.83535,157.83535,157.81718,157.82581
2026-08-08 01:10:00+00:00,157.82344,157.83058,157.8215,157.82237
2026-08-08 01:15:00+00:00,157.8235,157.82759,157.82017,157.82448
2026-08-08 01:20:00+00:00,157.82289,157.83012,157.82116,157.82699
2026-08-08 01:25:00+00:00,157.82347,157.83052,157.82168,157.82605
2026-08-08 01:30:00+00:00,157.8235,157.83053,157.82168,157.82234
2026-08-08 01:35:00+00:00,157.8235,157.83014,157.82117,157.82476
2026-08-08 01:40:00+00:00,157.8235,157.82565,157.79938,157.82276
2026-08-08 01:45:00+00:00,157.81871,157.82946,157.81871,157.82615
2026-08-08 01:50:00+00:00,157.82338,157.83043,157.82188,157.82231
2026-08-08 01:55:00+00:00,157.82349,157.83033,157.82114,157.82465
2026-08-08 02:00:00+00:00,157.82353,157.93881,157.8172,157.8315
2026-08-08 02:05:00+00:00,157.8383,157.8383,157.82019,157.82621
2026-08-08 02:10:00+00:00,157.82321,157.83032,157.82214,157.82232
2026-08-08 02:15:00+00:00,157.82351,157.83044,157.82114,157.82484
2026-08-08 02:20:00+00:00,157.82351,157.82947,157.82151,157.82705
2026-08-08 02:25:00+00:00,157.8235,157.83059,157.82126,157.82662
2026-08-08 02:30:00+00:00,157.82351,157.82891,157.81746,157.82547
2026-08-08 02:35:00+00:00,157.82064,157.83021,157.82038,157.82494
2026-08-08 02:40:00+00:00,157.82339,157.82918,157.82167,157.82701
2026-08-08 02:45:00+00:00,157.8235,157.83064,157.82195,157.82699
2026-08-08 02:50:00+00:00,157.8237,157.83074,157.82239,157.82239
2026-08-08 02:55:00+00:00,157.82367,157.82889,157.8201,157.82467
2026-08-08 03:00:00+00:00,157.82292,157.93811,157.802,157.8686
2026-08-08 03:05:00+00:00,157.85941,157.85941,157.82453,157.82596
2026-08-08 03:10:00+00:00,157.82599,157.83073,157.82286,157.82286
2026-08-08 03:15:00+00:00,157.82404,157.83087,157.82153,157.82552
2026-08-08 03:20:00+00:00,157.82357,157.82744,157.79921,157.81932
2026-08-08 03:25:00+00:00,157.81508,157.82961,157.81508,157.82746
2026-08-08 03:30:00+00:00,157.82386,157.82949,157.82253,157.82253
2026-08-08 03:35:00+00:00,157.82353,157.83059,157.82126,157.82565
2026-08-08 03:40:00+00:00,157.82351,157.82819,157.82241,157.82683
2026-08-08 03:45:00+00:00,157.8235,157.83015,157.81883,157.82676
2026-08-08 03:50:00+00:00,157.82291,157.82918,157.82257,157.82257
2026-08-08 03:55:00+00:00,157.82348,157.83053,157.82118,157.82591
2026-08-08 04:00:00+00:00,157.82358,157.9628,157.82351,157.83946
2026-08-08 04:05:00+00:00,157.85106,157.85106,157.82229,157.82396
2026-08-08 04:10:00+00:00,157.82425,157.8286,157.81936,157.82204
2026-08-08 04:15:00+00:00,157.82291,157.83037,157.82109,157.826
2026-08-08 04:20:00+00:00,157.82349,157.82852,157.82303,157.82662
2026-08-08 04:25:00+00:00,157.8235,157.83061,157.82136,157.82328
2026-08-08 04:30:00+00:00,157.82351,157.82854,157.82282,157.82282
2026-08-08 04:35:00+00:00,157.8235,157.82983,157.81963,157.82557
2026-08-08 04:40:00+00:00,157.82286,157.8287,157.82286,157.82646
2026-08-08 04:45:00+00:00,157.82347,157.83059,157.82126,157.82311
2026-08-08 04:50:00+00:00,157.82351,157.82819,157.82272,157.82296
2026-08-08 04:55:00+00:00,157.8235,157.83257,157.82234,157.82838
2026-08-08 05:00:00+00:00,157.82565,157.93084,157.79073,157.85358
2026-08-08 05:05:00+00:00,157.87461,157.87461,157.82251,157.82404
2026-08-08 05:10:00+00:00,157.82476,157.82839,157.82278,157.82316
2026-08-08 05:15:00+00:00,157.82356,157.83059,157.82125,157.82649
2026-08-08 05:20:00+00:00,157.82351,157.82946,157.82339,157.82619
2026-08-08 05:25:00+00:00,157.8235,157.82956,157.81924,157.8268
2026-08-08 05:30:00+00:00,157.82241,157.82822,157.82184,157.82317
2026-08-08 05:35:00+00:00,157.82341,157.83061,157.82135,157.82661
2026-08-08 05:40:00+00:00,157.8235,157.82972,157.82305,157.82603
2026-08-08 05:45:00+00:00,157.82342,157.8306,157.82126,157.82282
2026-08-08 05:50:00+00:00,157.82362,157.8294,157.82077,157.8251
2026-08-08 05:55:00+00:00,157.82251,157.83076,157.82136,157.82689
2026-08-08 06:00:00+00:00,157.82368,157.94832,157.81891,157.83871
2026-08-08 06:05:00+00:00,157.84673,157.84673,157.8218,157.82322
2026-08-08 06:10:00+00:00,157.82408,157.82928,157.82186,157.82559
2026-08-08 06:15:00+00:00,157.82353,157.82937,157.81884,157.82566
2026-08-08 06:20:00+00:00,157.82227,157.82984,157.82222,157.82561
2026-08-08 06:25:00+00:00,157.82345,157.83059,157.82125,157.82251
2026-08-08 06:30:00+00:00,157.8235,157.82946,157.82151,157.82536
2026-08-08 06:35:00+00:00,157.8235,157.83046,157.82115,157.82692
2026-08-08 06:40:00+00:00,157.82352,157.83031,157.80355,157.82027
2026-08-08 06:45:00+00:00,157.81439,157.83045,157.81439,157.82219
2026-08-08 06:50:00+00:00,157.82328,157.82968,157.8213,157.82516
2026-08-08 06:55:00+00:00,157.82349,157.8303,157.82113,157.82696
2026-08-08 07:00:00+00:00,157.82349,157.95753,157.81292,157.8412
2026-08-08 07:05:00+00:00,157.84926,157.84926,157.82037,157.82178
2026-08-08 07:10:00+00:00,157.82295,157.82985,157.8211,157.82494
2026-08-08 07:15:00+00:00,157.82347,157.83094,157.82234,157.82779
2026-08-08 07:20:00+00:00,157.82334,157.83282,157.82317,157.8263
2026-08-08 07:25:00+00:00,157.8239,157.83055,157.8217,157.82237
2026-08-08 07:30:00+00:00,157.82353,157.83015,157.82005,157.82384
2026-08-08 07:35:00+00:00,157.82202,157.82992,157.82122,157.82701
2026-08-08 07:40:00+00:00,157.82346,157.83058,157.82151,157.82625
2026-08-08 07:45:00+00:00,157.8235,157.83045,157.82191,157.82234
2026-08-08 07:50:00+00:00,157.82352,157.83031,157.82115,157.82464
2026-08-08 07:55:00+00:00,157.82351,157.83348,157.82087,157.82716
2026-08-08 08:00:00+00:00,157.82362,157.83064,157.81251,157.81407
2026-08-08 08:05:00+00:00,157.81587,157.83057,157.81587,157.82272
2026-08-08 08:10:00+00:00,157.82387,157.83051,157.82125,157.82486
2026-08-08 08:15:00+00:00,157.82353,157.82949,157.82151,157.82706
2026-08-08 08:20:00+00:00,157.82352,157.8306,157.80827,157.82232
2026-08-08 08:25:00+00:00,157.81659,157.83004,157.81659,157.82215
2026-08-08 08:30:00+00:00,157.82333,157.8305,157.82114,157.82504
2026-08-08 08:35:00+00:00,157.8235,157.82921,157.82169,157.82703
2026-08-08 08:40:00+00:00,157.82352,157.83055,157.82119,157.8268
2026-08-08 08:45:00+00:00,157.82351,157.82922,157.81931,157.82642
2026-08-08 08:50:00+00:00,157.82243,157.83039,157.82095,157.8252
2026-08-08 08:55:00+00:00,157.82342,157.82893,157.82192,157.82702
2026-08-08 09:00:00+00:00,157.82356,157.83046,157.82115,157.82695
2026-08-08 09:05:00+00:00,157.82351,157.82975,157.82245,157.82245
2026-08-08 09:10:00+00:00,157.82352,157.83111,157.81972,157.82381
2026-08-08 09:15:00+00:00,157.8218,157.82875,157.8218,157.82711
2026-08-08 09:20:00+00:00,157.82372,157.83046,157.82118,157.82711
2026-08-08 09:25:00+00:00,157.82352,157.82949,157.82251,157.82251
2026-08-08 09:30:00+00:00,157.82352,157.8306,157.82127,157.82565
2026-08-08 09:35:00+00:00,157.82351,157.82779,157.81937,157.82568
2026-08-08 09:40:00+00:00,157.82227,157.83046,157.82099,157.82721
2026-08-08 09:45:00+00:00,157.82346,157.8292,157.8226,157.8226
2026-08-08 09:50:00+00:00,157.82351,157.83054,157.82119,157.82584
2026-08-08 09:55:00+00:00,157.82351,157.82817,157.82271,157.82675
2026-08-08 10:00:00+00:00,157.82352,157.82997,157.80726,157.82305
2026-08-08 10:05:00+00:00,157.81693,157.82876,157.81693,157.82251
2026-08-08 10:10:00+00:00,157.82332,157.83042,157.82114,157.82601
2026-08-08 10:15:00+00:00,157.8235,157.82852,157.82303,157.82663
2026-08-08 10:20:00+00:00,157.82352,157.83058,157.82135,157.82326
2026-08-08 10:25:00+00:00,157.82349,157.8278,157.81924,157.82565
2026-08-08 10:30:00+00:00,157.82241,157.83039,157.82107,157.82614
2026-08-08 10:35:00+00:00,157.82345,157.82885,157.82337,157.8265
2026-08-08 10:40:00+00:00,157.82352,157.8306,157.82126,157.82312
2026-08-08 10:45:00+00:00,157.82351,157.8278,157.81707,157.81751
2026-08-08 10:50:00+00:00,157.81912,157.82938,157.81912,157.82333
2026-08-08 10:55:00+00:00,157.82025,157.82839,157.82025,157.82628
2026-08-08 11:00:00+00:00,157.82343,157.83053,157.82118,157.82296
2026-08-08 11:05:00+00:00,157.8235,157.82816,157.82243,157.8231
2026-08-08 11:10:00+00:00,157.82351,157.83059,157.82125,157.82648
2026-08-08 11:15:00+00:00,157.82351,157.82943,157.82004,157.82384
2026-08-08 11:20:00+00:00,157.82104,157.83029,157.82104,157.82273
2026-08-08 11:25:00+00:00,157.82341,157.82852,157.82213,157.82327
2026-08-08 11:30:00+00:00,157.82351,157.83061,157.82136,157.82661
2026-08-08 11:35:00+00:00,157.8235,157.82971,157.82305,157.82602
2026-08-08 11:40:00+00:00,157.8235,157.83032,157.81641,157.81704
2026-08-08 11:45:00+00:00,157.81906,157.82762,157.81906,157.82538
2026-08-08 11:50:00+00:00,157.82301,157.83053,157.82122,157.82667
2026-08-08 11:55:00+00:00,157.82344,157.82992,157.82271,157.82584
2026-08-08 12:00:00+00:00,157.82349,157.83052,157.82117,157.8226
2026-08-08 12:05:00+00:00,157.8235,157.82916,157.81925,157.81978
2026-08-08 12:10:00+00:00,157.82075,157.83023,157.82075,157.82651
2026-08-08 12:15:00+00:00,157.82317,157.83001,157.82234,157.82561
2026-08-08 12:20:00+00:00,157.82345,157.83058,157.82123,157.8225
2026-08-08 12:25:00+00:00,157.82349,157.82945,157.82151,157.82536
2026-08-08 12:30:00+00:00,157.8235,157.82888,157.81829,157.82406
2026-08-08 12:35:00+00:00,157.82065,157.82848,157.8196,157.82517
2026-08-08 12:40:00+00:00,157.82302,157.83052,157.82123,157.82231
2026-08-08 12:45:00+00:00,157.82338,157.82966,157.81512,157.81626
2026-08-08 12:50:00+00:00,157.81787,157.82884,157.81764,157.82549
2026-08-08 12:55:00+00:00,157.82202,157.82949,157.81909,157.82008
2026-08-08 13:00:00+00:00,157.82017,157.83003,157.81985,157.82182
2026-08-08 13:05:00+00:00,157.82294,157.82971,157.82089,157.82479
2026-08-08 13:10:00+00:00,157.82327,157.83006,157.82108,157.82692
2026-08-08 13:15:00+00:00,157.82341,157.83043,157.82163,157.82601
2026-08-08 13:20:00+00:00,157.82346,157.82918,157.81672,157.81703
2026-08-08 13:25:00+00:00,157.81911,157.82821,157.81815,157.82327
2026-08-08 13:30:00+00:00,157.82158,157.82917,157.82074,157.82625
2026-08-08 13:35:00+00:00,157.82265,157.83026,157.82119,157.82591
2026-08-08 13:40:00+00:00,157.82318,157.83023,157.82167,157.82211
2026-08-08 13:45:00+00:00,157.82329,157.83017,157.81828,157.81924
2026-08-08 13:50:00+00:00,157.81989,157.82825,157.81943,157.82557
2026-08-08 13:55:00+00:00,157.82202,157.82912,157.81989,157.82571
2026-08-08 14:00:00+00:00,157.82256,157.83016,157.82197,157.82216
2026-08-08 14:05:00+00:00,157.82334,157.83027,157.82098,157.82467
2026-08-08 14:10:00+00:00,157.82334,157.82687,157.8186,157.82414
2026-08-08 14:15:00+00:00,157.8206,157.82769,157.81835,157.82371
2026-08-08 14:20:00+00:00,157.8206,157.8283,157.81944,157.81944
2026-08-08 14:25:00+00:00,157.82081,157.82934,157.81999,157.82385
2026-08-08 14:30:00+00:00,157.82231,157.82871,157.82119,157.82653
2026-08-08 14:35:00+00:00,157.82301,157.83005,157.818,157.81882
2026-08-08 14:40:00+00:00,157.81961,157.82747,157.81921,157.82481
2026-08-08 14:45:00+00:00,157.82101,157.82809,157.81876,157.82365
2026-08-08 14:50:00+00:00,157.82191,157.82729,157.82029,157.82538
2026-08-08 14:55:00+00:00,157.82191,157.82928,157.82012,157.82629
2026-08-08 15:00:00+00:00,157.82285,157.82789,157.81643,157.81693
2026-08-08 15:05:00+00:00,157.81892,157.82679,157.81678,157.82252
2026-08-08 15:10:00+00:00,157.82057,157.82561,157.8192,157.82398
2026-08-08 15:15:00+00:00,157.82057,157.82751,157.81821,157.82417
2026-08-08 15:20:00+00:00,157.82057,157.82654,157.81957,157.81957
2026-08-08 15:25:00+00:00,157.82057,157.82766,157.81638,157.81758
2026-08-08 15:30:00+00:00,157.81766,157.8221,157.81071,157.81289
2026-08-08 15:35:00+00:00,157.81361,157.82064,157.81129,157.81735
2026-08-08 15:40:00+00:00,157.81361,157.81927,157.8127,157.8127
2026-08-08 15:45:00+00:00,157.81361,157.83062,157.80329,157.82795
2026-08-08 15:50:00+00:00,157.82397,157.82862,157.81871,157.82347
2026-08-08 15:55:00+00:00,157.82024,157.8267,157.81448,157.82302
2026-08-08 16:00:00+00:00,157.81917,157.86561,157.8108,157.83256
2026-08-08 16:05:00+00:00,157.83404,157.83416,157.82293,157.82721
2026-08-08 16:10:00+00:00,157.82475,157.829,157.82309,157.82675
2026-08-08 16:15:00+00:00,157.82364,157.82979,157.81435,157.81512
2026-08-08 16:20:00+00:00,157.8168,157.82785,157.8168,157.82173
2026-08-08 16:25:00+00:00,157.82248,157.83031,157.82095,157.82606
2026-08-08 16:30:00+00:00,157.82338,157.83101,157.82314,157.8296
2026-08-08 16:35:00+00:00,157.82678,157.83111,157.82159,157.82345
2026-08-08 16:40:00+00:00,157.82382,157.82786,157.82287,157.82299
2026-08-08 16:45:00+00:00,157.82284,157.82973,157.81662,157.82554
2026-08-08 16:50:00+00:00,157.82267,157.82884,157.82267,157.82727
2026-08-08 16:55:00+00:00,157.82447,157.83091,157.82142,157.82321
2026-08-08 17:00:00+00:00,157.82373,157.86004,157.81031,157.83178
2026-08-08 17:05:00+00:00,157.83331,157.83333,157.81924,157.82787
2026-08-08 17:10:00+00:00,157.82512,157.82799,157.81958,157.82581
2026-08-08 17:15:00+00:00,157.8231,157.83038,157.82107,157.82276
2026-08-08 17:20:00+00:00,157.82344,157.82849,157.82213,157.82325
2026-08-08 17:25:00+00:00,157.82349,157.8306,157.82135,157.8266
2026-08-08 17:30:00+00:00,157.8235,157.8297,157.82165,157.82602
2026-08-08 17:35:00+00:00,157.82382,157.82968,157.8193,157.82154
2026-08-08 17:40:00+00:00,157.8224,157.82837,157.82143,157.82554
2026-08-08 17:45:00+00:00,157.82321,157.83046,157.82117,157.82659
2026-08-08 17:50:00+00:00,157.82337,157.82986,157.82265,157.8258
2026-08-08 17:55:00+00:00,157.82345,157.83013,157.82115,157.82257
2026-08-08 18:00:00+00:00,157.82298,157.86766,157.79654,157.83369
2026-08-08 18:05:00+00:00,157.83482,157.83533,157.82598,157.83161
2026-08-08 18:10:00+00:00,157.8283,157.83492,157.82571,157.82874
2026-08-08 18:15:00+00:00,157.82657,157.83254,157.8232,157.82447
2026-08-08 18:20:00+00:00,157.82546,157.8314,157.82151,157.82578
2026-08-08 18:25:00+00:00,157.82497,157.83446,157.81563,157.8309
2026-08-08 18:30:00+00:00,157.82751,157.8343,157.82618,157.82964
2026-08-08 18:35:00+00:00,157.82751,157.83461,157.82535,157.82644
2026-08-08 18:40:00+00:00,157.82751,157.8337,157.82538,157.82918
2026-08-08 18:45:00+00:00,157.82751,157.83433,157.82084,157.8318
2026-08-08 18:50:00+00:00,157.82834,157.83013,157.82115,157.82555
2026-08-08 18:55:00+00:00,157.82321,157.83047,157.82137,157.82226
2026-08-08 19:00:00+00:00,157.82338,157.86705,157.79418,157.83406
2026-08-08 19:05:00+00:00,157.83611,157.84279,157.83377,157.83961
2026-08-08 19:10:00+00:00,157.83611,157.84312,157.83309,157.83769
2026-08-08 19:15:00+00:00,157.83631,157.83713,157.82726,157.82893
2026-08-08 19:20:00+00:00,157.83009,157.83671,157.82777,157.83137
2026-08-08 19:25:00+00:00,157.83009,157.83657,157.82782,157.83363
2026-08-08 19:30:00+00:00,157.83009,157.83716,157.82811,157.83281
2026-08-08 19:35:00+00:00,157.83009,157.8355,157.82845,157.82891
2026-08-08 19:40:00+00:00,157.82912,157.83206,157.82291,157.82638
2026-08-08 19:45:00+00:00,157.82527,157.83151,157.82311,157.82882
2026-08-08 19:50:00+00:00,157.82527,157.83237,157.82314,157.82819
2026-08-08 19:55:00+00:00,157.82527,157.83145,157.82325,157.82345
2026-08-08 20:00:00+00:00,157.82463,157.86124,157.82165,157.83195
2026-08-08 20:05:00+00:00,157.8401,157.8401,157.81966,157.82975
2026-08-08 20:10:00+00:00,157.82621,157.83329,157.82396,157.8293
2026-08-08 20:15:00+00:00,157.82621,157.83287,157.82504,157.82504
2026-08-08 20:20:00+00:00,157.82621,157.83323,157.82387,157.82773
2026-08-08 20:25:00+00:00,157.82621,157.83192,157.82033,157.83
2026-08-08 20:30:00+00:00,157.827,157.8292,157.81222,157.81363
2026-08-08 20:35:00+00:00,157.81553,157.82198,157.81441,157.81441
2026-08-08 20:40:00+00:00,157.81553,157.82262,157.81328,157.81729
2026-08-08 20:45:00+00:00,157.81553,157.82376,157.81354,157.82187
2026-08-08 20:50:00+00:00,157.81805,157.82944,157.81805,157.82471
2026-08-08 20:55:00+00:00,157.82281,157.8294,157.81915,157.8219
2026-08-08 21:00:00+00:00,157.82301,157.86052,157.79555,157.83176
2026-08-08 21:05:00+00:00,157.83397,157.83397,157.82282,157.82801
2026-08-08 21:10:00+00:00,157.82467,157.83077,157.82142,157.82717
2026-08-08 21:15:00+00:00,157.82362,157.82706,157.82251,157.82251
2026-08-08 21:20:00+00:00,157.82299,157.82946,157.81927,157.82516
2026-08-08 21:25:00+00:00,157.82301,157.82815,157.82235,157.82678
2026-08-08 21:30:00+00:00,157.82345,157.83051,157.82116,157.82722
2026-08-08 21:35:00+00:00,157.82349,157.8292,157.82258,157.82258
2026-08-08 21:40:00+00:00,157.8235,157.83053,157.82118,157.82582
2026-08-08 21:45:00+00:00,157.8235,157.82439,157.80428,157.82331
2026-08-08 21:50:00+00:00,157.81987,157.83001,157.81987,157.82707
2026-08-08 21:55:00+00:00,157.82315,157.82887,157.82265,157.82265
2026-08-08 22:00:00+00:00,157.82346,157.8604,157.79677,157.83139
2026-08-08 22:05:00+00:00,157.83419,157.83419,157.82371,157.82773
2026-08-08 22:10:00+00:00,157.82467,157.82958,157.81962,157.82696
2026-08-08 22:15:00+00:00,157.82288,157.82851,157.82274,157.82274
2026-08-08 22:20:00+00:00,157.82343,157.83042,157.82112,157.82616
2026-08-08 22:25:00+00:00,157.82349,157.82884,157.82335,157.82649
2026-08-08 22:30:00+00:00,157.8235,157.83059,157.82126,157.82312
2026-08-08 22:35:00+00:00,157.8235,157.82772,157.81925,157.8222
2026-08-08 22:40:00+00:00,157.82279,157.83044,157.82104,157.82625
2026-08-08 22:45:00+00:00,157.82342,157.82912,157.8217,157.82555
2026-08-08 22:50:00+00:00,157.82265,157.8304,157.82109,157.82288
2026-08-08 22:55:00+00:00,157.82342,157.82812,157.8224,157.82308
2026-08-08 23:00:00+00:00,157.82349,157.85281,157.81995,157.83176
2026-08-08 23:05:00+00:00,157.82908,157.8316,157.82391,157.82677
2026-08-08 23:10:00+00:00,157.82409,157.83054,157.8212,157.82289
2026-08-08 23:15:00+00:00,157.82356,157.82852,157.82219,157.82326
2026-08-08 23:20:00+00:00,157.82351,157.8306,157.82135,157.8266
2026-08-08 23:25:00+00:00,157.8235,157.8235,157.80405,157.82261
2026-08-08 23:30:00+00:00,157.81994,157.83019,157.81994,157.82234
2026-08-08 23:35:00+00:00,157.82315,157.82874,157.82176,157.82338
2026-08-08 23:40:00+00:00,157.82346,157.83058,157.82125,157.82671
2026-08-08 23:45:00+00:00,157.8235,157.82993,157.82274,157.82585
2026-08-08 23:50:00+00:00,157.8235,157.83004,157.81938,157.82185
2026-08-08 23:55:00+00:00,157.8228,157.82896,157.82139,157.82551
2026-08-09 00:00:00+00:00,157.82342,157.8305,157.81962,157.82678
2026-08-09 00:05:00+00:00,157.82374,157.82857,157.82087,157.8241
2026-08-09 00:10:00+00:00,157.82194,157.83032,157.82083,157.8221
2026-08-09 00:15:00+00:00,157.82312,157.82667,157.81854,157.8245
2026-08-09 00:20:00+00:00,157.82239,157.83032,157.82106,157.82678
2026-08-09 00:25:00+00:00,157.82337,157.83025,157.82213,157.82563
2026-08-09 00:30:00+00:00,157.82349,157.8306,157.82134,157.82243
2026-08-09 00:35:00+00:00,157.8235,157.8297,157.82137,157.82517
2026-08-09 00:40:00+00:00,157.8235,157.82957,157.81929,157.82622
2026-08-09 00:45:00+00:00,157.8227,157.83012,157.82172,157.82574
2026-08-09 00:50:00+00:00,157.82337,157.83058,157.82147,157.82236
2026-08-09 00:55:00+00:00,157.82349,157.82993,157.82125,157.82496
2026-08-09 01:00:00+00:00,157.8235,157.83016,157.82117,157.82701
2026-08-09 01:05:00+00:00,157.8235,157.82439,157.80397,157.82343
2026-08-09 01:10:00+00:00,157.82004,157.8303,157.82004,157.82197
2026-08-09 01:15:00+00:00,157.82316,157.83003,157.82103,157.82474
2026-08-09 01:20:00+00:00,157.82346,157.82997,157.82124,157.82704
2026-08-09 01:25:00+00:00,157.8235,157.83058,157.82152,157.82623
2026-08-09 01:30:00+00:00,157.8235,157.82997,157.81927,157.82157
2026-08-09 01:35:00+00:00,157.82281,157.8301,157.82083,157.82453
2026-08-09 01:40:00+00:00,157.82342,157.82974,157.82134,157.82704
2026-08-09 01:45:00+00:00,157.82349,157.8306,157.82137,157.82642
2026-08-09 01:50:00+00:00,157.8235,157.83032,157.82211,157.82232
2026-08-09 01:55:00+00:00,157.8235,157.82767,157.81829,157.82366
2026-08-09 02:00:00+00:00,157.82233,157.82937,157.82141,157.82692
2026-08-09 02:05:00+00:00,157.82337,157.83054,157.82121,157.82658
2026-08-09 02:10:00+00:00,157.82348,157.83016,157.82233,157.82233
2026-08-09 02:15:00+00:00,157.8235,157.83052,157.82017,157.82405
2026-08-09 02:20:00+00:00,157.82251,157.82837,157.81918,157.82619
2026-08-09 02:25:00+00:00,157.82261,157.83019,157.82096,157.8267
2026-08-09 02:30:00+00:00,157.82341,157.82996,157.82235,157.82235
2026-08-09 02:35:00+00:00,157.82349,157.8343,157.81946,157.83043
2026-08-09 02:40:00+00:00,157.82845,157.82942,157.8222,157.8275
2026-08-09 02:45:00+00:00,157.82406,157.82634,157.80427,157.82434
2026-08-09 02:50:00+00:00,157.82018,157.82951,157.82018,157.82206
2026-08-09 02:55:00+00:00,157.82316,157.83051,157.8212,157.8254
2026-08-09 03:00:00+00:00,157.82346,157.82856,157.82211,157.82691
2026-08-09 03:05:00+00:00,157.8235,157.83042,157.82113,157.82708
2026-08-09 03:10:00+00:00,157.8235,157.82874,157.81932,157.82133
2026-08-09 03:15:00+00:00,157.82241,157.83028,157.82101,157.82551
2026-08-09 03:20:00+00:00,157.82337,157.8282,157.82237,157.82682
2026-08-09 03:25:00+00:00,157.82349,157.83052,157.82117,157.82722
2026-08-09 03:30:00+00:00,157.8235,157.82921,157.82258,157.82258
2026-08-09 03:35:00+00:00,157.8235,157.82831,157.81833,157.824
2026-08-09 03:40:00+00:00,157.82162,157.82764,157.82162,157.82654
2026-08-09 03:45:00+00:00,157.82329,157.83053,157.82116,157.82343
2026-08-09 03:50:00+00:00,157.82347,157.8289,157.82268,157.82268
2026-08-09 03:55:00+00:00,157.82349,157.83045,157.82114,157.826
2026-08-09 04:00:00+00:00,157.8235,157.82849,157.81925,157.82546
2026-08-09 04:05:00+00:00,157.82227,157.8303,157.82087,157.82309
2026-08-09 04:10:00+00:00,157.82331,157.82853,157.82277,157.82277
2026-08-09 04:15:00+00:00,157.82347,157.83042,157.82113,157.82616
2026-08-09 04:20:00+00:00,157.82349,157.82883,157.82334,157.8265
2026-08-09 04:25:00+00:00,157.8235,157.83957,157.80031,157.8226
2026-08-09 04:30:00+00:00,157.81734,157.82777,157.81734,157.82225
2026-08-09 04:35:00+00:00,157.82284,157.83045,157.82105,157.82625
2026-08-09 04:40:00+00:00,157.82342,157.8291,157.82342,157.82634
2026-08-09 04:45:00+00:00,157.82349,157.83053,157.82118,157.82297
2026-08-09 04:50:00+00:00,157.8235,157.82709,157.8193,157.82528
2026-08-09 04:55:00+00:00,157.82239,157.83045,157.82104,157.82634
2026-08-09 05:00:00+00:00,157.82337,157.82938,157.82337,157.82619
2026-08-09 05:05:00+00:00,157.82349,157.83044,157.82114,157.82283
2026-08-09 05:10:00+00:00,157.8235,157.82849,157.82216,157.82325
2026-08-09 05:15:00+00:00,157.8235,157.82944,157.81926,157.82543
2026-08-09 05:20:00+00:00,157.82233,157.82895,157.82196,157.82584
2026-08-09 05:25:00+00:00,157.8233,157.8304,157.8211,157.82268
2026-08-09 05:30:00+00:00,157.82347,157.82882,157.82191,157.82341
2026-08-09 05:35:00+00:00,157.82349,157.83059,157.82126,157.82671
2026-08-09 05:40:00+00:00,157.8235,157.82993,157.81933,157.82469
2026-08-09 05:45:00+00:00,157.82229,157.83039,157.82097,157.82241
2026-08-09 05:50:00+00:00,157.82332,157.82909,157.82162,157.82555
2026-08-09 05:55:00+00:00,157.82347,157.83053,157.82118,157.82681
2026-08-09 06:00:00+00:00,157.82349,157.83012,157.82244,157.82567
2026-08-09 06:05:00+00:00,157.8235,157.83318,157.80409,157.82366
2026-08-09 06:10:00+00:00,157.81851,157.82725,157.81851,157.82469
2026-08-09 06:15:00+00:00,157.82263,157.8303,157.82099,157.82675
2026-08-09 06:20:00+00:00,157.82335,157.8302,157.82211,157.82561
2026-08-09 06:25:00+00:00,157.82347,157.8306,157.82134,157.82243
2026-08-09 06:30:00+00:00,157.8235,157.82685,157.81935,157.82428
2026-08-09 06:35:00+00:00,157.82236,157.83013,157.82094,157.82677
2026-08-09 06:40:00+00:00,157.8233,157.8303,157.8218,157.8258
2026-08-09 06:45:00+00:00,157.82345,157.83058,157.82148,157.82237
2026-08-09 06:50:00+00:00,157.82349,157.82992,157.82126,157.82497
2026-08-09 06:55:00+00:00,157.8235,157.829,157.81925,157.82584
2026-08-09 07:00:00+00:00,157.82225,157.83004,157.8214,157.82589
2026-08-09 07:05:00+00:00,157.8233,157.83052,157.82164,157.82232
2026-08-09 07:10:00+00:00,157.82348,157.83012,157.82117,157.82477
2026-08-09 07:15:00+00:00,157.8235,157.82997,157.82124,157.82704
2026-08-09 07:20:00+00:00,157.8235,157.83058,157.81868,157.82483
2026-08-09 07:25:00+00:00,157.82167,157.83025,157.82156,157.82201
2026-08-09 07:30:00+00:00,157.82322,157.83021,157.82101,157.82457
2026-08-09 07:35:00+00:00,157.82347,157.82975,157.82134,157.82705
2026-08-09 07:40:00+00:00,157.82349,157.8306,157.82137,157.82641
2026-08-09 07:45:00+00:00,157.8235,157.82771,157.80403,157.82342
2026-08-09 07:50:00+00:00,157.81854,157.82824,157.81772,157.82392
2026-08-09 07:55:00+00:00,157.8226,157.82935,157.82139,157.82689
2026-08-09 08:00:00+00:00,157.82334,157.83049,157.8212,157.82658
2026-08-09 08:05:00+00:00,157.82347,157.83016,157.82233,157.82233
2026-08-09 08:10:00+00:00,157.8235,157.82798,157.81946,157.82386
2026-08-09 08:15:00+00:00,157.82232,157.82902,157.82153,157.82682
2026-08-09 08:20:00+00:00,157.82329,157.83041,157.8211,157.82675
2026-08-09 08:25:00+00:00,157.82347,157.82997,157.82236,157.82236
2026-08-09 08:30:00+00:00,157.82349,157.83058,157.82027,157.82443
2026-08-09 08:35:00+00:00,157.8227,157.82696,157.81921,157.82504
2026-08-09 08:40:00+00:00,157.82144,157.82997,157.82063,157.82672
2026-08-09 08:45:00+00:00,157.82329,157.82972,157.82239,157.82239
2026-08-09 08:50:00+00:00,157.82347,157.83059,157.82132,157.82543
2026-08-09 08:55:00+00:00,157.82349,157.82857,157.82211,157.82691
2026-08-09 09:00:00+00:00,157.8235,157.83033,157.81988,157.82569
2026-08-09 09:05:00+00:00,157.82173,157.82937,157.82173,157.8223
2026-08-09 09:10:00+00:00,157.82332,157.83054,157.82123,157.82561
2026-08-09 09:15:00+00:00,157.82348,157.82822,157.82237,157.82683
2026-08-09 09:20:00+00:00,157.8235,157.83052,157.82117,157.82722
2026-08-09 09:25:00+00:00,157.8235,157.82804,157.81925,157.82549
2026-08-09 09:30:00+00:00,157.82179,157.83006,157.82088,157.82562
2026-08-09 09:35:00+00:00,157.8233,157.82805,157.82266,157.82672
2026-08-09 09:40:00+00:00,157.82348,157.83058,157.82123,157.82346
2026-08-09 09:45:00+00:00,157.8235,157.82891,157.82268,157.82268
2026-08-09 09:50:00+00:00,157.8235,157.83045,157.81829,157.82418
2026-08-09 09:55:00+00:00,157.82168,157.82733,157.82128,157.82632
2026-08-09 10:00:00+00:00,157.82318,157.83052,157.82122,157.82324
2026-08-09 10:05:00+00:00,157.82345,157.82857,157.82279,157.82279
2026-08-09 10:10:00+00:00,157.82349,157.83042,157.82113,157.82616
2026-08-09 10:15:00+00:00,157.8235,157.82882,157.82334,157.8265
2026-08-09 10:20:00+00:00,157.8235,157.83059,157.82126,157.82312
2026-08-09 10:25:00+00:00,157.8235,157.82822,157.82275,157.82294
2026-08-09 10:30:00+00:00,157.8235,157.83017,157.81992,157.82552
2026-08-09 10:35:00+00:00,157.8227,157.82863,157.82248,157.82622
2026-08-09 10:40:00+00:00,157.82337,157.8305,157.82116,157.82295
2026-08-09 10:45:00+00:00,157.82348,157.82812,157.82244,157.82308
2026-08-09 10:50:00+00:00,157.8235,157.83058,157.82124,157.82646
2026-08-09 10:55:00+00:00,157.8235,157.82943,157.82343,157.8262
2026-08-09 11:00:00+00:00,157.8235,157.83045,157.82114,157.82284
2026-08-09 11:05:00+00:00,157.8235,157.82849,157.82217,157.82325
2026-08-09 11:10:00+00:00,157.8235,157.8306,157.82134,157.8266
2026-08-09 11:15:00+00:00,157.8235,157.82969,157.82308,157.82604
2026-08-09 11:20:00+00:00,157.8235,157.83042,157.82114,157.82271
2026-08-09 11:25:00+00:00,157.8235,157.82882,157.82192,157.82342
2026-08-09 11:30:00+00:00,157.8235,157.83059,157.82126,157.82671
2026-08-09 11:35:00+00:00,157.8235,157.82992,157.82275,157.82586
2026-08-09 11:40:00+00:00,157.8235,157.84359,157.82104,157.82782
2026-08-09 11:45:00+00:00,157.82867,157.83139,157.82398,157.82429
2026-08-09 11:50:00+00:00,157.8244,157.83064,157.82125,157.82691
2026-08-09 11:55:00+00:00,157.82361,157.83016,157.82247,157.82569
2026-08-09 12:00:00+00:00,157.82351,157.83058,157.82124,157.82251
2026-08-09 12:05:00+00:00,157.8235,157.82943,157.82153,157.82538
2026-08-09 12:10:00+00:00,157.8235,157.83045,157.82114,157.82689
2026-08-09 12:15:00+00:00,157.8235,157.83029,157.82217,157.82563
2026-08-09 12:20:00+00:00,157.8235,157.8306,157.82134,157.82244
2026-08-09 12:25:00+00:00,157.8235,157.82969,157.82138,157.82518
2026-08-09 12:30:00+00:00,157.8235,157.83033,157.82114,157.82696
2026-08-09 12:35:00+00:00,157.8235,157.83042,157.82193,157.82583
2026-08-09 12:40:00+00:00,157.8235,157.83059,157.82148,157.82238
2026-08-09 12:45:00+00:00,157.8235,157.82992,157.82126,157.82498
2026-08-09 12:50:00+00:00,157.8235,157.83017,157.82117,157.82701
2026-08-09 12:55:00+00:00,157.8235,157.83052,157.82171,157.82603
2026-08-09 13:00:00+00:00,157.8235,157.83054,157.82166,157.82234
2026-08-09 13:05:00+00:00,157.8235,157.83012,157.82118,157.82478
2026-08-09 13:10:00+00:00,157.8235,157.82998,157.82124,157.82704
2026-08-09 13:15:00+00:00,157.8235,157.8318,157.82153,157.83108
2026-08-09 13:20:00+00:00,157.82837,157.84706,157.82683,157.83891
2026-08-09 13:25:00+00:00,157.84009,157.84685,157.83773,157.84121
2026-08-09 13:30:00+00:00,157.84009,157.84639,157.8379,157.84364
2026-08-09 13:35:00+00:00,157.84009,157.84719,157.83799,157.84297
2026-08-09 13:40:00+00:00,157.84009,157.84694,157.83864,157.8389
2026-08-09 13:45:00+00:00,157.84009,157.84699,157.83772,157.84136
2026-08-09 13:50:00+00:00,157.84009,157.84614,157.83804,157.84363
2026-08-09 13:55:00+00:00,157.84009,157.84718,157.83787,157.84315
2026-08-09 14:00:00+00:00,157.84009,157.84248,157.83286,157.83406
2026-08-09 14:05:00+00:00,157.83523,157.84224,157.83289,157.83697
2026-08-09 14:10:00+00:00,157.83548,157.84124,157.83361,157.839
2026-08-09 14:15:00+00:00,157.83548,157.84525,157.82209,157.82975
2026-08-09 14:20:00+00:00,157.82648,157.83297,157.82535,157.82535
2026-08-09 14:25:00+00:00,157.82648,157.83356,157.82422,157.8282
2026-08-09 14:30:00+00:00,157.82648,157.83191,157.82484,157.82996
2026-08-09 14:35:00+00:00,157.82648,157.83344,157.82413,157.8299
2026-08-09 14:40:00+00:00,157.82648,157.83275,157.8254,157.8254
2026-08-09 14:45:00+00:00,157.82648,157.83359,157.82432,157.8284
2026-08-09 14:50:00+00:00,157.82648,157.83158,157.82508,157.8299
2026-08-09 14:55:00+00:00,157.82648,157.82765,157.81823,157.82431
2026-08-09 15:00:00+00:00,157.82073,157.83973,157.81711,157.82246
2026-08-09 15:05:00+00:00,157.82545,157.83254,157.82322,157.82757
2026-08-09 15:10:00+00:00,157.82545,157.83019,157.82431,157.82879
2026-08-09 15:15:00+00:00,157.82545,157.83247,157.82312,157.82917
2026-08-09 15:20:00+00:00,157.82545,157.83118,157.82453,157.82453
2026-08-09 15:25:00+00:00,157.82545,157.83249,157.82314,157.82776
2026-08-09 15:30:00+00:00,157.82545,157.83006,157.82461,157.82869
2026-08-09 15:35:00+00:00,157.82545,157.83253,157.82318,157.82542
2026-08-09 15:40:00+00:00,157.82545,157.83087,157.82463,157.82463
2026-08-09 15:45:00+00:00,157.82545,157.83241,157.82309,157.82794
2026-08-09 15:50:00+00:00,157.82545,157.83042,157.82493,157.82858
2026-08-09 15:55:00+00:00,157.82545,157.83255,157.82329,157.82525
2026-08-09 16:00:00+00:00,157.82545,157.87033,157.82504,157.85519
2026-08-09 16:05:00+00:00,157.85594,157.86282,157.85357,157.85854
2026-08-09 16:10:00+00:00,157.85594,157.86114,157.83149,157.84261
2026-08-09 16:15:00+00:00,157.83958,157.84667,157.83736,157.83924
2026-08-09 16:20:00+00:00,157.83958,157.84437,157.83889,157.83899
2026-08-09 16:25:00+00:00,157.83958,157.84658,157.83724,157.84237
2026-08-09 16:30:00+00:00,157.83958,157.84516,157.83958,157.84247
2026-08-09 16:35:00+00:00,157.83958,157.84663,157.83727,157.83908
2026-08-09 16:40:00+00:00,157.83958,157.85038,157.83859,157.84547
2026-08-09 16:45:00+00:00,157.84593,157.85299,157.84364,157.84885
2026-08-09 16:50:00+00:00,157.84593,157.85178,157.84593,157.84867
2026-08-09 16:55:00+00:00,157.84593,157.8529,157.84357,157.8453
2026-08-09 17:00:00+00:00,157.84593,157.88443,157.77076,157.82
2026-08-09 17:05:00+00:00,157.81605,157.82737,157.79883,157.81557
2026-08-09 17:10:00+00:00,157.81182,157.82551,157.81182,157.82485
2026-08-09 17:15:00+00:00,157.82227,157.83034,157.82101,157.82259
2026-08-09 17:20:00+00:00,157.82338,157.82878,157.82188,157.8234
2026-08-09 17:25:00+00:00,157.82349,157.82979,157.82075,157.82591
2026-08-09 17:30:00+00:00,157.82265,157.82959,157.82255,157.82578
2026-08-09 17:35:00+00:00,157.82341,157.83051,157.82116,157.8226
2026-08-09 17:40:00+00:00,157.82349,157.82913,157.82171,157.82559
2026-08-09 17:45:00+00:00,157.8235,157.83054,157.82118,157.82681
2026-08-09 17:50:00+00:00,157.8235,157.83012,157.82245,157.82568
2026-08-09 17:55:00+00:00,157.8235,157.83058,157.82123,157.82251
2026-08-09 18:00:00+00:00,157.8235,157.85912,157.81981,157.82511
2026-08-09 18:05:00+00:00,157.82612,157.83057,157.82119,157.82701
2026-08-09 18:10:00+00:00,157.82363,157.83032,157.82219,157.82563
2026-08-09 18:15:00+00:00,157.8235,157.93797,157.79394,157.83423
2026-08-09 18:20:00+00:00,157.83533,157.88378,157.8167,157.87603
2026-08-09 18:25:00+00:00,157.8627,157.89446,157.82276,157.83093
2026-08-09 18:30:00+00:00,157.82792,157.83146,157.82236,157.82591
2026-08-09 18:35:00+00:00,157.82362,157.91759,157.72942,157.76198
2026-08-09 18:40:00+00:00,157.83978,157.94834,157.82518,157.82689
2026-08-09 18:45:00+00:00,157.8293,157.86513,157.77851,157.85121
2026-08-09 18:50:00+00:00,157.82966,157.82966,157.69948,157.82234
2026-08-09 18:55:00+00:00,157.82169,157.87832,157.64177,157.6784
2026-08-09 19:00:00+00:00,157.73276,157.84067,157.55408,157.78317
2026-08-09 19:05:00+00:00,157.77396,157.87525,157.5786,157.85856
2026-08-09 19:10:00+00:00,157.83352,157.83352,157.74057,157.75596
2026-08-09 19:15:00+00:00,157.76313,157.83632,157.76313,157.83341
2026-08-09 19:20:00+00:00,157.82351,157.83224,157.75265,157.7585
2026-08-09 19:25:00+00:00,157.76221,157.81825,157.75196,157.7633
2026-08-09 19:30:00+00:00,157.76184,157.79719,157.76184,157.79346
2026-08-09 19:35:00+00:00,157.79234,157.84673,157.76676,157.80395
2026-08-09 19:40:00+00:00,157.79574,157.85973,157.77752,157.81215
2026-08-09 19:45:00+00:00,157.81873,157.85671,157.80927,157.85262
2026-08-09 19:50:00+00:00,157.84444,157.84444,157.81926,157.84159
2026-08-09 19:55:00+00:00,157.83716,157.84034,157.80246,157.82153
2026-08-09 20:00:00+00:00,157.81773,157.84934,157.73961,157.74909
2026-08-09 20:05:00+00:00,157.76366,157.84514,157.76366,157.83799
2026-08-09 20:10:00+00:00,157.81608,157.93986,157.73109,157.77429
2026-08-09 20:15:00+00:00,157.76496,157.77982,157.68951,157.69817
2026-08-09 20:20:00+00:00,157.70352,157.75999,157.69926,157.7176
2026-08-09 20:25:00+00:00,157.72313,157.74536,157.70585,157.73085
2026-08-09 20:30:00+00:00,157.71741,157.78407,157.71527,157.78057
2026-08-09 20:35:00+00:00,157.77094,157.77094,157.71557,157.74545
2026-08-09 20:40:00+00:00,157.75259,157.77299,157.73543,157.7529
2026-08-09 20:45:00+00:00,157.75282,157.76606,157.72857,157.76287
2026-08-09 20:50:00+00:00,157.75548,157.76469,157.72834,157.75161
2026-08-09 20:55:00+00:00,157.74792,157.75372,157.71862,157.7481
2026-08-09 21:00:00+00:00,157.74836,157.78228,157.70692,157.71394
2026-08-09 21:05:00+00:00,157.71971,157.81233,157.67157,157.71758
2026-08-09 21:10:00+00:00,157.71685,157.74521,157.71317,157.73597
2026-08-09 21:15:00+00:00,157.72909,157.73678,157.71907,157.72119
2026-08-09 21:20:00+00:00,157.72372,157.73402,157.70183,157.70491
2026-08-09 21:25:00+00:00,157.70785,157.72781,157.703,157.70813
2026-08-09 21:30:00+00:00,157.70723,157.72622,157.70723,157.71021
2026-08-09 21:35:00+00:00,157.71053,157.71581,157.70605,157.70648
2026-08-09 21:40:00+00:00,157.70826,157.71793,157.70452,157.71485
2026-08-09 21:45:00+00:00,157.71161,157.71256,157.70168,157.70813
2026-08-09 21:50:00+00:00,157.70556,157.71136,157.69771,157.70684
2026-08-09 21:55:00+00:00,157.70278,157.71683,157.70251,157.70915
2026-08-09 22:00:00+00:00,157.71037,157.84146,157.69552,157.83778
2026-08-09 22:05:00+00:00,157.82762,157.84145,157.82363,157.82826
2026-08-09 22:10:00+00:00,157.83005,157.8817,157.8194,157.87509
2026-08-09 22:15:00+00:00,157.87407,157.87772,157.85397,157.87162
2026-08-09 22:20:00+00:00,157.86277,157.88024,157.86277,157.876
2026-08-09 22:25:00+00:00,157.87295,157.89466,157.87293,157.89401
2026-08-09 22:30:00+00:00,157.88925,157.90532,157.88892,157.89311
2026-08-09 22:35:00+00:00,157.89483,157.90316,157.87954,157.89838
2026-08-09 22:40:00+00:00,157.89886,157.93011,157.88727,157.92605
2026-08-09 22:45:00+00:00,157.91355,157.93942,157.90761,157.9102
2026-08-09 22:50:00+00:00,157.91024,157.95167,157.89383,157.94625
2026-08-09 22:55:00+00:00,157.93782,157.94914,157.92866,157.92887
2026-08-09 23:00:00+00:00,157.92973,157.95261,157.91398,157.94723
2026-08-09 23:05:00+00:00,157.93703,157.93703,157.86388,157.89045
2026-08-09 23:10:00+00:00,157.88771,157.91527,157.88247,157.89201
2026-08-09 23:15:00+00:00,157.89965,157.89965,157.86592,157.88543
2026-08-09 23:20:00+00:00,157.88074,157.89541,157.88074,157.89079
2026-08-09 23:25:00+00:00,157.88677,157.89684,157.83919,157.84261
2026-08-09 23:30:00+00:00,157.84282,157.87957,157.83893,157.87402
2026-08-09 23:35:00+00:00,157.86592,157.89497,157.85473,157.89163
2026-08-09 23:40:00+00:00,157.88511,157.88725,157.87868,157.88476
2026-08-09 23:45:00+00:00,157.87886,157.91229,157.87886,157.91149
2026-08-09 23:50:00+00:00,157.90731,157.92047,157.8827,157.88616
2026-08-09 23:55:00+00:00,157.89032,157.9159,157.86725,157.91335
2026-08-10 00:00:00+00:00,157.90892,157.92228,157.85205,157.85556
2026-08-10 00:05:00+00:00,157.85952,157.88986,157.83057,157.87795
2026-08-10 00:10:00+00:00,157.87752,157.9114,157.87279,157.87838
2026-08-10 00:15:00+00:00,157.8853,157.90821,157.85407,157.90508
2026-08-10 00:20:00+00:00,157.89947,157.9298,157.89924,157.90275
2026-08-10 00:25:00+00:00,157.90663,157.92763,157.89218,157.9163
2026-08-10 00:30:00+00:00,157.91737,157.93724,157.91338,157.93434
2026-08-10 00:35:00+00:00,157.93275,157.93979,157.91263,157.93737
2026-08-10 00:40:00+00:00,157.93277,157.93994,157.92397,157.93369
2026-08-10 00:45:00+00:00,157.92932,157.94366,157.91489,157.91687
2026-08-10 00:50:00+00:00,157.91877,157.95343,157.90262,157.94799
2026-08-10 00:55:00+00:00,157.93888,157.95619,157.93692,157.9397
2026-08-10 01:00:00+00:00,157.9421,158.07981,157.93753,158.06133
2026-08-10 01:05:00+00:00,158.01264,158.10497,158.01264,158.08135
2026-08-10 01:10:00+00:00,158.07933,158.08021,158.04491,158.07878
2026-08-10 01:15:00+00:00,158.07641,158.08519,158.02799,158.07091
2026-08-10 01:20:00+00:00,158.05546,158.12449,158.05546,158.12104
2026-08-10 01:25:00+00:00,158.11654,158.12682,158.11193,158.11405
2026-08-10 01:30:00+00:00,158.11621,158.1617,158.10537,158.13446
2026-08-10 01:35:00+00:00,158.13724,158.20756,158.11456,158.18911
2026-08-10 01:40:00+00:00,158.18904,158.22888,158.17898,158.21161
2026-08-10 01:45:00+00:00,158.20872,158.21557,158.19271,158.19588
2026-08-10 01:50:00+00:00,158.20046,158.24362,158.17246,158.23007
2026-08-10 01:55:00+00:00,158.21183,158.30786,158.21183,158.30598
2026-08-10 02:00:00+00:00,158.30172,158.30552,158.2403,158.26609
2026-08-10 02:05:00+00:00,158.26078,158.2789,158.25982,158.26591
2026-08-10 02:10:00+00:00,158.26577,158.3032,158.26577,158.29782
2026-08-10 02:15:00+00:00,158.2903,158.30049,158.27656,158.27828
2026-08-10 02:20:00+00:00,158.2807,158.2948,158.27659,158.29174
2026-08-10 02:25:00+00:00,158.28781,158.28848,158.25778,158.25929
2026-08-10 02:30:00+00:00,158.26066,158.26066,158.22776,158.23948
2026-08-10 02:35:00+00:00,158.2372,158.26052,158.22802,158.25856
2026-08-10 02:40:00+00:00,158.25413,158.27233,158.25413,158.26241
2026-08-10 02:45:00+00:00,158.25865,158.27285,158.25354,158.26645
2026-08-10 02:50:00+00:00,158.26476,158.26476,158.25109,158.25776
2026-08-10 02:55:00+00:00,158.25554,158.26344,158.24571,158.26095
2026-08-10 03:00:00+00:00,158.25836,158.25836,158.1997,158.20197
2026-08-10 03:05:00+00:00,158.20114,158.22414,158.20114,158.22189
2026-08-10 03:10:00+00:00,158.22053,158.22053,158.18775,158.20669
2026-08-10 03:15:00+00:00,158.19928,158.21297,158.17621,158.17985
2026-08-10 03:20:00+00:00,158.18493,158.19618,158.1621,158.1734
2026-08-10 03:25:00+00:00,158.16986,158.18609,158.16672,158.17477
2026-08-10 03:30:00+00:00,158.17545,158.18635,158.16614,158.17835
2026-08-10 03:35:00+00:00,158.17956,158.19491,158.17698,158.19218
2026-08-10 03:40:00+00:00,158.18504,158.22625,158.18504,158.22496
2026-08-10 03:45:00+00:00,158.22053,158.22053,158.18408,158.18592
2026-08-10 03:50:00+00:00,158.18835,158.2066,158.17677,158.20481
2026-08-10 03:55:00+00:00,158.20215,158.21211,158.19532,158.20785
2026-08-10 04:00:00+00:00,158.20598,158.21727,158.20579,158.21548
2026-08-10 04:05:00+00:00,158.21191,158.2562,158.19875,158.25556
2026-08-10 04:10:00+00:00,158.25362,158.26959,158.24096,158.25917
2026-08-10 04:15:00+00:00,158.25915,158.27964,158.2492,158.27801
2026-08-10 04:20:00+00:00,158.27268,158.28492,158.25322,158.27715
2026-08-10 04:25:00+00:00,158.27075,158.27075,158.24015,158.25475
2026-08-10 04:30:00+00:00,158.25646,158.27659,158.25646,158.26849
2026-08-10 04:35:00+00:00,158.26969,158.28561,158.26053,158.2813
2026-08-10 04:40:00+00:00,158.27911,158.28261,158.27442,158.27798
2026-08-10 04:45:00+00:00,158.27426,158.28517,158.25662,158.25801
2026-08-10 04:50:00+00:00,158.25962,158.25962,158.23954,158.23988
2026-08-10 04:55:00+00:00,158.2418,158.32831,158.24125,158.31896
2026-08-10 05:00:00+00:00,158.29695,158.35494,158.29695,158.35058
2026-08-10 05:05:00+00:00,158.34269,158.34783,158.30857,158.33934
2026-08-10 05:10:00+00:00,158.32509,158.37803,158.32509,158.37061
2026-08-10 05:15:00+00:00,158.3604,158.38112,158.35899,158.37812
2026-08-10 05:20:00+00:00,158.37403,158.39007,158.35838,158.36071
2026-08-10 05:25:00+00:00,158.36102,158.38711,158.35157,158.35394
2026-08-10 05:30:00+00:00,158.35736,158.36731,158.34367,158.36627
2026-08-10 05:35:00+00:00,158.36413,158.36413,158.31577,158.31832
2026-08-10 05:40:00+00:00,158.32003,158.36657,158.32003,158.36536
2026-08-10 05:45:00+00:00,158.35876,158.37473,158.35479,158.3556
2026-08-10 05:50:00+00:00,158.35702,158.35819,158.3242,158.3257
2026-08-10 05:55:00+00:00,158.33046,158.35319,158.33046,158.35132
2026-08-10 06:00:00+00:00,158.34711,158.37226,158.33283,158.37007
2026-08-10 06:05:00+00:00,158.36148,158.38821,158.35689,158.36703
2026-08-10 06:10:00+00:00,158.3616,158.41758,158.36063,158.40408
2026-08-10 06:15:00+00:00,158.38482,158.42815,158.38482,158.42514
2026-08-10 06:20:00+00:00,158.4188,158.43344,158.41498,158.42368
2026-08-10 06:25:00+00:00,158.41421,158.44843,158.41421,158.44726
2026-08-10 06:30:00+00:00,158.44443,158.44815,158.41691,158.42435
2026-08-10 06:35:00+00:00,158.42231,158.43634,158.41352,158.43214
2026-08-10 06:40:00+00:00,158.42966,158.44106,158.41129,158.41877
2026-08-10 06:45:00+00:00,158.43243,158.43243,158.3667,158.36895
2026-08-10 06:50:00+00:00,158.37317,158.41959,158.36802,158.40407
2026-08-10 06:55:00+00:00,158.40437,158.40828,158.37389,158.37635
2026-08-10 07:00:00+00:00,158.37791,158.44371,158.36185,158.44323
2026-08-10 07:05:00+00:00,158.43999,158.46143,158.42679,158.45018
2026-08-10 07:10:00+00:00,158.45073,158.46063,158.43867,158.45642
2026-08-10 07:15:00+00:00,158.44985,158.46037,158.44191,158.44667
2026-08-10 07:20:00+00:00,158.44202,158.48467,158.42817,158.46764
2026-08-10 07:25:00+00:00,158.4655,158.47974,158.42605,158.46694
2026-08-10 07:30:00+00:00,158.46673,158.51583,158.45322,158.50903
2026-08-10 07:35:00+00:00,158.49846,158.51964,158.48121,158.48511
2026-08-10 07:40:00+00:00,158.48929,158.52095,158.46563,158.48418
2026-08-10 07:45:00+00:00,158.482,158.50107,158.43817,158.48889
2026-08-10 07:50:00+00:00,158.47169,158.51514,158.47169,158.4902
2026-08-10 07:55:00+00:00,158.49303,158.50692,158.48854,158.49997
2026-08-10 08:00:00+00:00,158.49694,158.49732,158.46613,158.4698
2026-08-10 08:05:00+00:00,158.47466,158.49507,158.46849,158.47431
2026-08-10 08:10:00+00:00,158.48157,158.50128,158.47093,158.47278
2026-08-10 08:15:00+00:00,158.47555,158.49577,158.46406,158.47777
2026-08-10 08:20:00+00:00,158.48135,158.4894,158.47081,158.48826
2026-08-10 08:25:00+00:00,158.48599,158.50145,158.47924,158.49634
2026-08-10 08:30:00+00:00,158.48907,158.57298,158.48907,158.5649
2026-08-10 08:35:00+00:00,158.55141,158.57965,158.53384,158.5362
2026-08-10 08:40:00+00:00,158.53364,158.57202,158.53364,158.56253
2026-08-10 08:45:00+00:00,158.55851,158.60277,158.52178,158.53496
2026-08-10 08:50:00+00:00,158.56695,158.67151,158.56695,158.6651
2026-08-10 08:55:00+00:00,158.65435,158.68877,158.65435,158.68654
2026-08-10 09:00:00+00:00,158.68265,158.7104,158.67286,158.70719
2026-08-10 09:05:00+00:00,158.69821,158.73603,158.6952,158.69724
2026-08-10 09:10:00+00:00,158.70015,158.70322,158.67494,158.68256
2026-08-10 09:15:00+00:00,158.6818,158.69643,158.65212,158.69289
2026-08-10 09:20:00+00:00,158.68892,158.70017,158.67347,158.67917
2026-08-10 09:25:00+00:00,158.68886,158.68886,158.65538,158.68096
2026-08-10 09:30:00+00:00,158.67387,158.73547,158.67347,158.73422
2026-08-10 09:35:00+00:00,158.73148,158.77269,158.71393,158.76916
2026-08-10 09:40:00+00:00,158.76496,158.78728,158.75887,158.76075
2026-08-10 09:45:00+00:00,158.76068,158.83699,158.76068,158.83456
2026-08-10 09:50:00+00:00,158.83081,158.83575,158.82346,158.82427
2026-08-10 09:55:00+00:00,158.8253,158.85945,158.82122,158.85347
2026-08-10 10:00:00+00:00,158.84972,158.87826,158.84536,158.86166
2026-08-10 10:05:00+00:00,158.86134,158.88911,158.8345,158.88736
2026-08-10 10:10:00+00:00,158.88356,158.88356,158.85565,158.8592
2026-08-10 10:15:00+00:00,158.85854,158.87066,158.84242,158.84741
2026-08-10 10:20:00+00:00,158.85479,158.85479,158.77991,158.79441
2026-08-10 10:25:00+00:00,158.79451,158.82191,158.79451,158.81768
2026-08-10 10:30:00+00:00,158.81513,158.83559,158.78508,158.78897
2026-08-10 10:35:00+00:00,158.79043,158.82389,158.77928,158.82118
2026-08-10 10:40:00+00:00,158.81468,158.82263,158.79695,158.79969
2026-08-10 10:45:00+00:00,158.80355,158.80355,158.76243,158.76528
2026-08-10 10:50:00+00:00,158.7685,158.77381,158.74736,158.7691
2026-08-10 10:55:00+00:00,158.75924,158.79045,158.75924,158.78848
2026-08-10 11:00:00+00:00,158.78281,158.80432,158.7547,158.75882
2026-08-10 11:05:00+00:00,158.76533,158.83415,158.75727,158.82966
2026-08-10 11:10:00+00:00,158.8258,158.83399,158.81515,158.83146
2026-08-10 11:15:00+00:00,158.82874,158.83219,158.78678,158.81162
2026-08-10 11:20:00+00:00,158.80434,158.81321,158.77773,158.80905
2026-08-10 11:25:00+00:00,158.80046,158.81321,158.7827,158.78387
2026-08-10 11:30:00+00:00,158.78812,158.82389,158.78812,158.82024
2026-08-10 11:35:00+00:00,158.81175,158.82913,158.80578,158.82435
2026-08-10 11:40:00+00:00,158.82149,158.83312,158.8037,158.82884
2026-08-10 11:45:00+00:00,158.82607,158.86864,158.82504,158.86237
2026-08-10 11:50:00+00:00,158.8539,158.87577,158.8539,158.87184
2026-08-10 11:55:00+00:00,158.86969,158.86969,158.83056,158.83587
2026-08-10 12:00:00+00:00,158.84415,158.84415,158.81687,158.83165
2026-08-10 12:05:00+00:00,158.83028,158.83028,158.52965,158.55104
2026-08-10 12:10:00+00:00,158.60161,158.73057,158.60161,158.72607
2026-08-10 12:15:00+00:00,158.71727,158.73035,158.68451,158.69747
2026-08-10 12:20:00+00:00,158.69982,158.74494,158.65309,158.72597
2026-08-10 12:25:00+00:00,158.69444,158.78686,158.69444,158.74818
2026-08-10 12:30:00+00:00,158.75284,158.7744,158.74713,158.7708
2026-08-10 12:35:00+00:00,158.76085,158.80131,158.76085,158.79941
2026-08-10 12:40:00+00:00,158.79397,158.85986,158.76031,158.83647
2026-08-10 12:45:00+00:00,158.84139,158.871,158.84139,158.86279
2026-08-10 12:50:00+00:00,158.86309,158.92606,158.84243,158.91266
2026-08-10 12:55:00+00:00,158.88284,158.94728,158.88284,158.94575
2026-08-10 13:00:00+00:00,158.94232,158.94232,158.90598,158.90993
2026-08-10 13:05:00+00:00,158.91816,158.98206,158.91816,158.95067
2026-08-10 13:10:00+00:00,158.95444,158.96569,158.9189,158.92266
2026-08-10 13:15:00+00:00,158.92043,158.93259,158.9125,158.92156
2026-08-10 13:20:00+00:00,158.91268,158.94781,158.91268,158.94544
2026-08-10 13:25:00+00:00,158.94064,158.95374,158.93103,158.95133
2026-08-10 13:30:00+00:00,158.94683,158.96551,158.90333,158.93905
2026-08-10 13:35:00+00:00,158.93978,158.97127,158.93978,158.97076
2026-08-10 13:40:00+00:00,158.96657,158.98964,158.95742,158.98679
2026-08-10 13:45:00+00:00,158.98497,159.00529,158.96619,158.99626
2026-08-10 13:50:00+00:00,158.98628,159.06215,158.98628,159.03771
2026-08-10 13:55:00+00:00,159.04122,159.04459,158.97471,158.97661
2026-08-10 14:00:00+00:00,158.97332,159.01981,158.97332,158.98705
2026-08-10 14:05:00+00:00,158.99263,159.00348,158.97916,158.98007
2026-08-10 14:10:00+00:00,158.98328,158.99101,158.92553,158.93544
2026-08-10 14:15:00+00:00,158.95421,158.95421,158.88526,158.8951
2026-08-10 14:20:00+00:00,158.89115,158.91111,158.87465,158.90391
2026-08-10 14:25:00+00:00,158.89291,158.92054,158.88687,158.88982
2026-08-10 14:30:00+00:00,158.89538,158.94211,158.89188,158.9402
2026-08-10 14:35:00+00:00,158.93295,158.95555,158.92768,158.93497
2026-08-10 14:40:00+00:00,158.94416,158.95274,158.90878,158.91153
2026-08-10 14:45:00+00:00,158.91634,158.92156,158.87762,158.89726
2026-08-10 14:50:00+00:00,158.89252,158.94024,158.89236,158.92213
2026-08-10 14:55:00+00:00,158.92247,158.96679,158.92247,158.96637
2026-08-10 15:00:00+00:00,158.96363,158.97443,158.90113,158.96936
2026-08-10 15:05:00+00:00,158.9617,159.00469,158.9617,158.99536
2026-08-10 15:10:00+00:00,158.99608,158.99742,158.97558,158.99432
2026-08-10 15:15:00+00:00,158.98847,158.98847,158.90578,158.90919
2026-08-10 15:20:00+00:00,158.91354,158.91354,158.86592,158.88501
2026-08-10 15:25:00+00:00,158.87666,158.95111,158.87196,158.9412
2026-08-10 15:30:00+00:00,158.93923,158.95593,158.90599,158.95445
2026-08-10 15:35:00+00:00,158.94892,158.94892,158.92567,158.92821
2026-08-10 15:40:00+00:00,158.93126,158.95161,158.91299,158.93368
2026-08-10 15:45:00+00:00,158.93641,158.94022,158.92354,158.92978
2026-08-10 15:50:00+00:00,158.92671,158.93124,158.90695,158.92434
2026-08-10 15:55:00+00:00,158.92044,158.93794,158.9114,158.93794
2026-08-10 16:00:00+00:00,158.93667,158.9374,158.89053,158.93232
2026-08-10 16:05:00+00:00,158.92509,158.93411,158.91529,158.9169
2026-08-10 16:10:00+00:00,158.9197,158.94154,158.9165,158.93986
2026-08-10 16:15:00+00:00,158.93129,158.95638,158.93129,158.94451
2026-08-10 16:20:00+00:00,158.94318,158.94689,158.9284,158.93868
2026-08-10 16:25:00+00:00,158.93976,158.94557,158.9369,158.94249
2026-08-10 16:30:00+00:00,158.94142,159.0046,158.92515,159.00092
2026-08-10 16:35:00+00:00,158.99018,158.99403,158.94711,158.95417
2026-08-10 16:40:00+00:00,158.9525,159.00489,158.94451,158.99932
2026-08-10 16:45:00+00:00,158.99157,159.01224,158.99157,158.9972
2026-08-10 16:50:00+00:00,158.99854,159.0118,158.97945,159.00868
2026-08-10 16:55:00+00:00,158.9965,159.05134,158.9965,159.04848
2026-08-10 17:00:00+00:00,159.04156,159.08656,159.01368,159.02532
2026-08-10 17:05:00+00:00,159.05413,159.15862,159.05413,159.15607
2026-08-10 17:10:00+00:00,159.15103,159.15608,159.11871,159.14791
2026-08-10 17:15:00+00:00,159.13891,159.13922,159.10532,159.13792
2026-08-10 17:20:00+00:00,159.1336,159.14255,159.12079,159.13781
2026-08-10 17:25:00+00:00,159.13116,159.14657,159.11122,159.11321
2026-08-10 17:30:00+00:00,159.1159,159.1159,159.07944,159.08491
2026-08-10 17:35:00+00:00,159.07999,159.11176,159.07406,159.10854
2026-08-10 17:40:00+00:00,159.10708,159.10826,159.08453,159.10448
2026-08-10 17:45:00+00:00,159.09915,159.14428,159.09719,159.13483
2026-08-10 17:50:00+00:00,159.13684,159.13684,159.12616,159.1345
2026-08-10 17:55:00+00:00,159.12836,159.15078,159.12836,159.14175
2026-08-10 18:00:00+00:00,159.14205,159.14455,159.1213,159.12678
2026-08-10 18:05:00+00:00,159.12772,159.14448,159.10624,159.14153
2026-08-10 18:10:00+00:00,159.13942,159.14692,159.1394,159.1442
2026-08-10 18:15:00+00:00,159.14042,159.17142,159.13856,159.16919
2026-08-10 18:20:00+00:00,159.1638,159.19133,159.1638,159.18207
2026-08-10 18:25:00+00:00,159.18274,159.18721,159.16881,159.17029
2026-08-10 18:30:00+00:00,159.17181,159.17429,159.10705,159.15474
2026-08-10 18:35:00+00:00,159.14637,159.16821,159.14094,159.16612
2026-08-10 18:40:00+00:00,159.16126,159.17216,159.15935,159.16948
2026-08-10 18:45:00+00:00,159.16561,159.19683,159.16301,159.19152
2026-08-10 18:50:00+00:00,159.17996,159.32633,159.17996,159.26163
2026-08-10 18:55:00+00:00,159.26958,159.28396,159.24501,159.26472
2026-08-10 19:00:00+00:00,159.26324,159.26324,159.22463,159.23039
2026-08-10 19:05:00+00:00,159.23306,159.2572,159.23265,159.25387
2026-08-10 19:10:00+00:00,159.25155,159.26327,159.24427,159.2544
2026-08-10 19:15:00+00:00,159.25153,159.27946,159.24172,159.27639
2026-08-10 19:20:00+00:00,159.26998,159.27722,159.25026,159.2503
2026-08-10 19:25:00+00:00,159.25024,159.28227,159.24219,159.27876
2026-08-10 19:30:00+00:00,159.27634,159.32494,159.27634,159.32274
2026-08-10 19:35:00+00:00,159.31862,159.34155,159.29636,159.33093
2026-08-10 19:40:00+00:00,159.31131,159.3653,159.29612,159.29858
2026-08-10 19:45:00+00:00,159.30538,159.32618,159.30402,159.30516
2026-08-10 19:50:00+00:00,159.30551,159.30954,159.28598,159.29495
2026-08-10 19:55:00+00:00,159.29202,159.304,159.28369,159.29637
2026-08-10 20:00:00+00:00,159.29648,159.3171,159.25429,159.31502
2026-08-10 20:05:00+00:00,159.31125,159.32478,159.28629,159.32048
2026-08-10 20:10:00+00:00,159.31868,159.31868,159.29408,159.31455
2026-08-10 20:15:00+00:00,159.30714,159.33504,159.30714,159.32919
2026-08-10 20:20:00+00:00,159.32776,159.33738,159.32248,159.32855
2026-08-10 20:25:00+00:00,159.3301,159.34856,159.3301,159.34427
2026-08-10 20:30:00+00:00,159.34193,159.34636,159.32651,159.33448
2026-08-10 20:35:00+00:00,159.33053,159.35507,159.31932,159.3209
2026-08-10 20:40:00+00:00,159.32114,159.32724,159.3127,159.31298
2026-08-10 20:45:00+00:00,159.31482,159.32521,159.31168,159.32137
2026-08-10 20:50:00+00:00,159.31839,159.31839,159.31024,159.31492
2026-08-10 20:55:00+00:00,159.31114,159.31999,159.30245,159.31691
2026-08-10 21:00:00+00:00,159.31153,159.3192,159.16672,159.2476
2026-08-10 21:05:00+00:00,159.2358,159.27854,159.2045,159.27246
2026-08-10 21:10:00+00:00,159.25609,159.29092,159.25609,159.29017
2026-08-10 21:15:00+00:00,159.28783,159.2952,159.27991,159.28261
2026-08-10 21:20:00+00:00,159.28547,159.31348,159.27767,159.28316
2026-08-10 21:25:00+00:00,159.28373,159.28984,159.25902,159.27036
2026-08-10 21:30:00+00:00,159.26531,159.28463,159.23788,159.24276
2026-08-10 21:35:00+00:00,159.24655,159.27263,159.24655,159.25693
2026-08-10 21:40:00+00:00,159.25775,159.28242,159.25156,159.28081
2026-08-10 21:45:00+00:00,159.2782,159.29004,159.27562,159.28665
2026-08-10 21:50:00+00:00,159.28353,159.28353,159.26067,159.26383
2026-08-10 21:55:00+00:00,159.26773,159.27055,159.25795,159.2684
2026-08-10 22:00:00+00:00,159.26484,159.29972,159.24955,159.28399
2026-08-10 22:05:00+00:00,159.28538,159.31383,159.28538,159.30969
2026-08-10 22:10:00+00:00,159.30687,159.31336,159.30351,159.31263
2026-08-10 22:15:00+00:00,159.30974,159.31555,159.30321,159.31035
2026-08-10 22:20:00+00:00,159.30661,159.31077,159.26726,159.26837
2026-08-10 22:25:00+00:00,159.27181,159.29816,159.27181,159.29341
2026-08-10 22:30:00+00:00,159.28997,159.30125,159.28273,159.28534
2026-08-10 22:35:00+00:00,159.28837,159.29062,159.26244,159.26357
2026-08-10 22:40:00+00:00,159.26482,159.26482,159.2517,159.25361
2026-08-10 22:45:00+00:00,159.25542,159.25672,159.24393,159.25293
2026-08-10 22:50:00+00:00,159.24966,159.25687,159.24645,159.24779
2026-08-10 22:55:00+00:00,159.2481,159.26983,159.24432,159.26489
2026-08-10 23:00:00+00:00,159.25777,159.27417,159.21899,159.25745
2026-08-10 23:05:00+00:00,159.25428,159.27182,159.25428,159.26994
2026-08-10 23:10:00+00:00,159.26321,159.28352,159.26321,159.26591
2026-08-10 23:15:00+00:00,159.2664,159.27123,159.25646,159.25697
2026-08-10 23:20:00+00:00,159.25939,159.26885,159.25177,159.26447
2026-08-10 23:25:00+00:00,159.25662,159.2784,159.25553,159.27513
2026-08-10 23:30:00+00:00,159.27128,159.28903,159.27098,159.28602
2026-08-10 23:35:00+00:00,159.27799,159.2922,159.26758,159.26885
2026-08-10 23:40:00+00:00,159.27314,159.28587,159.27314,159.28272
2026-08-10 23:45:00+00:00,159.28176,159.28663,159.1885,159.19261
2026-08-10 23:50:00+00:00,159.19785,159.22049,159.17746,159.21712
2026-08-10 23:55:00+00:00,159.21563,159.2222,159.13666,159.13963
2026-08-11 00:00:00+00:00,159.14637,159.16904,159.13561,159.14614
2026-08-11 00:05:00+00:00,159.14355,159.18825,159.14355,159.15177
2026-08-11 00:10:00+00:00,159.15496,159.16072,159.14467,159.1592
2026-08-11 00:15:00+00:00,159.15745,159.19162,159.15502,159.18872
2026-08-11 00:20:00+00:00,159.18456,159.19818,159.17813,159.19002
2026-08-11 00:25:00+00:00,159.19026,159.19683,159.18526,159.19421
2026-08-11 00:30:00+00:00,159.19012,159.20242,159.17566,159.18911
2026-08-11 00:35:00+00:00,159.18973,159.19007,159.15304,159.15544
2026-08-11 00:40:00+00:00,159.15814,159.21132,158.96128,158.97201
2026-08-11 00:45:00+00:00,158.9881,159.07841,158.9881,159.07639
2026-08-11 00:50:00+00:00,159.07347,159.10016,159.05513,159.05742
2026-08-11 00:55:00+00:00,159.06121,159.15356,159.06121,159.14637
2026-08-11 01:00:00+00:00,159.1367,159.17102,159.13564,159.1424
2026-08-11 01:05:00+00:00,159.14837,159.14837,159.10107,159.10774
2026-08-11 01:10:00+00:00,159.11935,159.13854,159.08716,159.13735
2026-08-11 01:15:00+00:00,159.1342,159.1342,159.10184,159.10564
2026-08-11 01:20:00+00:00,159.11034,159.11034,159.07913,159.10122
2026-08-11 01:25:00+00:00,159.09851,159.11086,159.08441,159.08716
2026-08-11 01:30:00+00:00,159.08946,159.10447,159.08413,159.09177
2026-08-11 01:35:00+00:00,159.09272,159.10049,159.08272,159.08424
2026-08-11 01:40:00+00:00,159.08923,159.14284,159.07386,159.14054
2026-08-11 01:45:00+00:00,159.13614,159.14213,159.10939,159.11265
2026-08-11 01:50:00+00:00,159.11465,159.15967,159.10757,159.14765
2026-08-11 01:55:00+00:00,159.14833,159.18334,159.13662,159.17399
2026-08-11 02:00:00+00:00,159.1612,159.18842,159.1612,159.18202
2026-08-11 02:05:00+00:00,159.17424,159.20329,159.17424,159.20222
2026-08-11 02:10:00+00:00,159.19783,159.24897,159.19068,159.24792
2026-08-11 02:15:00+00:00,159.24561,159.26857,159.22224,159.2662
2026-08-11 02:20:00+00:00,159.2623,159.294,159.24943,159.2909
2026-08-11 02:25:00+00:00,159.28703,159.30031,159.26325,159.26518
2026-08-11 02:30:00+00:00,159.2627,159.309,159.2627,159.30326
2026-08-11 02:35:00+00:00,159.30158,159.30158,159.28452,159.28809
2026-08-11 02:40:00+00:00,159.28915,159.29196,159.2756,159.28891
2026-08-11 02:45:00+00:00,159.28465,159.30327,159.28425,159.28715
2026-08-11 02:50:00+00:00,159.2897,159.29517,159.28242,159.2916
2026-08-11 02:55:00+00:00,159.28757,159.29663,159.26868,159.27178
2026-08-11 03:00:00+00:00,159.27585,159.27585,159.2346,159.25588
2026-08-11 03:05:00+00:00,159.25318,159.26385,159.22943,159.23293
2026-08-11 03:10:00+00:00,159.23646,159.2488,159.23495,159.24747
2026-08-11 03:15:00+00:00,159.24453,159.24453,159.21171,159.21674
2026-08-11 03:20:00+00:00,159.22378,159.22378,159.19087,159.21968
2026-08-11 03:25:00+00:00,159.21633,159.21633,159.17855,159.188
2026-08-11 03:30:00+00:00,159.18544,159.18544,159.1544,159.15525
2026-08-11 03:35:00+00:00,159.15793,159.17876,159.15531,159.16768
2026-08-11 03:40:00+00:00,159.1699,159.20016,159.16932,159.19871
2026-08-11 03:45:00+00:00,159.19156,159.21099,159.19156,159.21089
2026-08-11 03:50:00+00:00,159.20843,159.21036,159.18861,159.19115
2026-08-11 03:55:00+00:00,159.19419,159.21301,159.16929,159.20892
2026-08-11 04:00:00+00:00,159.20244,159.21231,159.18509,159.18769
2026-08-11 04:05:00+00:00,159.18937,159.21063,159.18854,159.19765
2026-08-11 04:10:00+00:00,159.19871,159.21202,159.19607,159.19814
2026-08-11 04:15:00+00:00,159.19878,159.19878,159.17392,159.17458
2026-08-11 04:20:00+00:00,159.17546,159.18679,159.17087,159.18296
2026-08-11 04:25:00+00:00,159.17986,159.18533,159.17689,159.17977
2026-08-11 04:30:00+00:00,159.17747,159.21372,159.1695,159.21048
2026-08-11 04:35:00+00:00,159.20561,159.21491,159.20501,159.20579
2026-08-11 04:40:00+00:00,159.20665,159.2458,159.19938,159.24285
2026-08-11 04:45:00+00:00,159.23945,159.24874,159.2196,159.24737
2026-08-11 04:50:00+00:00,159.2425,159.25308,159.23172,159.23249
2026-08-11 04:55:00+00:00,159.23339,159.235,159.20475,159.20654
2026-08-11 05:00:00+00:00,159.20928,159.21585,159.18594,159.2123
2026-08-11 05:05:00+00:00,159.20893,159.21643,159.20053,159.20919
2026-08-11 05:10:00+00:00,159.20782,159.20941,159.18986,159.20213
2026-08-11 05:15:00+00:00,159.20259,159.2104,159.19403,159.19716
2026-08-11 05:20:00+00:00,159.19926,159.2143,159.19103,159.20371
2026-08-11 05:25:00+00:00,159.19914,159.21133,159.19745,159.20038
2026-08-11 05:30:00+00:00,159.19838,159.20032,159.16472,159.19499
2026-08-11 05:35:00+00:00,159.18761,159.20606,159.18761,159.20275
2026-08-11 05:40:00+00:00,159.20144,159.20144,159.16139,159.17731
2026-08-11 05:45:00+00:00,159.1724,159.18287,159.16015,159.17915
2026-08-11 05:50:00+00:00,159.17054,159.22895,159.17054,159.22319
2026-08-11 05:55:00+00:00,159.21529,159.23157,159.20728,159.20848
2026-08-11 06:00:00+00:00,159.20975,159.21076,159.18503,159.1968
2026-08-11 06:05:00+00:00,159.19007,159.21763,159.19007,159.21603
2026-08-11 06:10:00+00:00,159.21172,159.23542,159.20429,159.20822
2026-08-11 06:15:00+00:00,159.21905,159.24437,159.20357,159.22145
2026-08-11 06:20:00+00:00,159.21302,159.23618,159.21302,159.21614
2026-08-11 06:25:00+00:00,159.21868,159.22655,159.21118,159.21998
2026-08-11 06:30:00+00:00,159.21368,159.24289,159.21368,159.23999
2026-08-11 06:35:00+00:00,159.23583,159.24007,159.22665,159.22778
2026-08-11 06:40:00+00:00,159.22856,159.22911,159.20724,159.22032
2026-08-11 06:45:00+00:00,159.21446,159.23437,159.21446,159.22325
2026-08-11 06:50:00+00:00,159.22323,159.23259,159.21996,159.22909
2026-08-11 06:55:00+00:00,159.22417,159.22941,159.20572,159.21301
2026-08-11 07:00:00+00:00,159.2077,159.30494,159.2077,159.29953
2026-08-11 07:05:00+00:00,159.28508,159.29213,159.26442,159.28524
2026-08-11 07:10:00+00:00,159.27727,159.32355,159.27727,159.29797
2026-08-11 07:15:00+00:00,159.30053,159.30951,159.29153,159.30794
2026-08-11 07:20:00+00:00,159.3033,159.31724,159.28783,159.31583
2026-08-11 07:25:00+00:00,159.31119,159.31119,159.27183,159.27301
2026-08-11 07:30:00+00:00,159.27432,159.29126,159.26786,159.28906
2026-08-11 07:35:00+00:00,159.28585,159.28837,159.27437,159.28078
2026-08-11 07:40:00+00:00,159.27864,159.32732,159.27864,159.32657
2026-08-11 07:45:00+00:00,159.32237,159.34231,159.31714,159.32481
2026-08-11 07:50:00+00:00,159.32648,159.33068,159.29697,159.32471
2026-08-11 07:55:00+00:00,159.31657,159.37308,159.31657,159.36877
2026-08-11 08:00:00+00:00,159.35822,159.38026,159.32754,159.33868
2026-08-11 08:05:00+00:00,159.33571,159.35599,159.31856,159.34436
2026-08-11 08:10:00+00:00,159.34503,159.35904,159.34165,159.35739
2026-08-11 08:15:00+00:00,159.3549,159.36165,159.33699,159.34038
2026-08-11 08:20:00+00:00,159.3451,159.34564,159.32817,159.33256
2026-08-11 08:25:00+00:00,159.33878,159.33878,159.3133,159.31651
2026-08-11 08:30:00+00:00,159.32104,159.32104,159.28883,159.29958
2026-08-11 08:35:00+00:00,159.29744,159.31837,159.29124,159.30066
2026-08-11 08:40:00+00:00,159.301,159.3139,159.301,159.31076
2026-08-11 08:45:00+00:00,159.30714,159.33851,159.29299,159.32902
2026-08-11 08:50:00+00:00,159.3295,159.35523,159.329,159.34758
2026-08-11 08:55:00+00:00,159.34878,159.36322,159.3391,159.35821
2026-08-11 09:00:00+00:00,159.34466,159.39136,159.34466,159.36214
2026-08-11 09:05:00+00:00,159.37026,159.38701,159.3497,159.38484
2026-08-11 09:10:00+00:00,159.38091,159.38571,159.35793,159.38104
2026-08-11 09:15:00+00:00,159.37746,159.37746,159.34116,159.343
2026-08-11 09:20:00+00:00,159.34328,159.35657,159.34328,159.35504
2026-08-11 09:25:00+00:00,159.35236,159.35473,159.33552,159.33656
2026-08-11 09:30:00+00:00,159.33871,159.34273,159.31403,159.31781
2026-08-11 09:35:00+00:00,159.31859,159.33563,159.31374,159.32183
2026-08-11 09:40:00+00:00,159.31841,159.32655,159.31654,159.32218
2026-08-11 09:45:00+00:00,159.31937,159.32624,159.29368,159.29483
2026-08-11 09:50:00+00:00,159.29597,159.2979,159.27844,159.29404
2026-08-11 09:55:00+00:00,159.2881,159.30159,159.28643,159.29426
2026-08-11 10:00:00+00:00,159.29165,159.32024,159.28619,159.31986
2026-08-11 10:05:00+00:00,159.31746,159.32009,159.29425,159.31732
2026-08-11 10:10:00+00:00,159.31291,159.31932,159.2997,159.31699
2026-08-11 10:15:00+00:00,159.31321,159.33569,159.31321,159.33162
2026-08-11 10:20:00+00:00,159.32841,159.33482,159.29397,159.29779
2026-08-11 10:25:00+00:00,159.30305,159.32077,159.20818,159.21636
2026-08-11 10:30:00+00:00,159.23629,159.28621,159.23629,159.28379
2026-08-11 10:35:00+00:00,159.28097,159.28097,159.24151,159.24393
2026-08-11 10:40:00+00:00,159.24496,159.2639,159.23515,159.25619
2026-08-11 10:45:00+00:00,159.25644,159.26578,159.24013,159.26288
2026-08-11 10:50:00+00:00,159.25849,159.28283,159.25713,159.26551
2026-08-11 10:55:00+00:00,159.26746,159.27192,159.21741,159.22367
2026-08-11 11:00:00+00:00,159.23366,159.27936,159.09481,159.10944
2026-08-11 11:05:00+00:00,159.13672,159.13672,159.07129,159.09873
2026-08-11 11:10:00+00:00,159.11064,159.12703,159.09124,159.09231
2026-08-11 11:15:00+00:00,159.0938,159.12129,159.0938,159.11731
2026-08-11 11:20:00+00:00,159.11345,159.15429,159.11033,159.15349
2026-08-11 11:25:00+00:00,159.15041,159.19114,159.14607,159.18394
2026-08-11 11:30:00+00:00,159.17413,159.21156,159.17355,159.20848
2026-08-11 11:35:00+00:00,159.20174,159.20272,159.17751,159.18641
2026-08-11 11:40:00+00:00,159.18312,159.2116,159.17774,159.20574
2026-08-11 11:45:00+00:00,159.19287,159.2457,159.19287,159.23964
2026-08-11 11:50:00+00:00,159.23135,159.24938,159.23135,159.2366
2026-08-11 11:55:00+00:00,159.23691,159.25473,159.23503,159.25172
2026-08-11 12:00:00+00:00,159.24748,159.28486,159.24012,159.26717
2026-08-11 12:05:00+00:00,159.27098,159.27098,159.22845,159.23008
2026-08-11 12:10:00+00:00,159.23172,159.27187,159.1901,159.26491
2026-08-11 12:15:00+00:00,159.25129,159.29394,159.25129,159.29104
2026-08-11 12:20:00+00:00,159.28757,159.36388,159.28026,159.35655
2026-08-11 12:25:00+00:00,159.34126,159.35457,159.31418,159.31621
2026-08-11 12:30:00+00:00,159.32144,159.33416,159.26816,159.28903
2026-08-11 12:35:00+00:00,159.27735,159.30199,159.27335,159.27858
2026-08-11 12:40:00+00:00,159.27487,159.29057,159.26708,159.2759
2026-08-11 12:45:00+00:00,159.27476,159.27785,159.25135,159.27365
2026-08-11 12:50:00+00:00,159.26783,159.30505,159.25855,159.30137
2026-08-11 12:55:00+00:00,159.29969,159.29969,159.265,159.26963
2026-08-11 13:00:00+00:00,159.26571,159.27413,159.20793,159.20956
2026-08-11 13:05:00+00:00,159.21203,159.22263,159.17772,159.21717
2026-08-11 13:10:00+00:00,159.21232,159.21763,159.20413,159.21486
2026-08-11 13:15:00+00:00,159.2075,159.25082,159.19914,159.20552
2026-08-11 13:20:00+00:00,159.20535,159.22046,159.20217,159.21483
2026-08-11 13:25:00+00:00,159.20851,159.22453,159.20533,159.22283
2026-08-11 13:30:00+00:00,159.22027,159.25145,159.19905,159.24979
2026-08-11 13:35:00+00:00,159.2449,159.25639,159.21817,159.22055
2026-08-11 13:40:00+00:00,159.21996,159.25197,159.21996,159.22952
2026-08-11 13:45:00+00:00,159.23234,159.24549,159.19659,159.24015
2026-08-11 13:50:00+00:00,159.23277,159.24533,159.20735,159.20928
2026-08-11 13:55:00+00:00,159.2101,159.23966,159.2101,159.23139
2026-08-11 14:00:00+00:00,159.23066,159.28189,159.23066,159.2797
2026-08-11 14:05:00+00:00,159.2751,159.28513,159.25672,159.25827
2026-08-11 14:10:00+00:00,159.26297,159.28694,159.26297,159.28029
2026-08-11 14:15:00+00:00,159.27736,159.27736,159.25744,159.27432
2026-08-11 14:20:00+00:00,159.26994,159.26994,159.2416,159.25755
2026-08-11 14:25:00+00:00,159.25519,159.26599,159.22877,159.25982
2026-08-11 14:30:00+00:00,159.25118,159.26723,159.23784,159.24066
2026-08-11 14:35:00+00:00,159.24387,159.24387,159.20391,159.20728
2026-08-11 14:40:00+00:00,159.20814,159.24542,159.20814,159.23615
2026-08-11 14:45:00+00:00,159.23629,159.24746,159.21964,159.24342
2026-08-11 14:50:00+00:00,159.23757,159.2552,159.23535,159.23719
2026-08-11 14:55:00+00:00,159.23809,159.25396,159.2328,159.25212
2026-08-11 15:00:00+00:00,159.24965,159.24965,159.21741,159.21951
2026-08-11 15:05:00+00:00,159.22208,159.24714,159.2047,159.24266
2026-08-11 15:10:00+00:00,159.23604,159.24796,159.21885,159.24642
2026-08-11 15:15:00+00:00,159.23957,159.27105,159.23957,159.27064
2026-08-11 15:20:00+00:00,159.26809,159.26809,159.24387,159.24468
2026-08-11 15:25:00+00:00,159.24678,159.26548,159.24495,159.26359
2026-08-11 15:30:00+00:00,159.26062,159.28951,159.25876,159.2874
2026-08-11 15:35:00+00:00,159.27908,159.30977,159.27908,159.30906
2026-08-11 15:40:00+00:00,159.30597,159.32882,159.30275,159.31395
2026-08-11 15:45:00+00:00,159.31796,159.32446,159.29662,159.29908
2026-08-11 15:50:00+00:00,159.29953,159.31693,159.29849,159.31504
2026-08-11 15:55:00+00:00,159.31075,159.31075,159.26195,159.27204
2026-08-11 16:00:00+00:00,159.26974,159.26974,159.22949,159.23104
2026-08-11 16:05:00+00:00,159.23552,159.25348,159.23552,159.24205
2026-08-11 16:10:00+00:00,159.24313,159.24823,159.22358,159.24457
2026-08-11 16:15:00+00:00,159.24156,159.24727,159.22244,159.22528
2026-08-11 16:20:00+00:00,159.22837,159.25623,159.21609,159.25367
2026-08-11 16:25:00+00:00,159.2497,159.25602,159.239,159.24006
2026-08-11 16:30:00+00:00,159.24214,159.2579,159.23459,159.25409
2026-08-11 16:35:00+00:00,159.25035,159.25421,159.24061,159.25053
2026-08-11 16:40:00+00:00,159.2476,159.25374,159.23606,159.23736
2026-08-11 16:45:00+00:00,159.2385,159.25381,159.23217,159.25205
2026-08-11 16:50:00+00:00,159.24874,159.26575,159.24874,159.26209
2026-08-11 16:55:00+00:00,159.25809,159.27198,159.25809,159.26911
2026-08-11 17:00:00+00:00,159.26425,159.27974,159.26425,159.27022
2026-08-11 17:05:00+00:00,159.2714,159.29907,159.27119,159.29523
2026-08-11 17:10:00+00:00,159.28841,159.31243,159.28841,159.30886
2026-08-11 17:15:00+00:00,159.30483,159.32907,159.30194,159.32761
2026-08-11 17:20:00+00:00,159.3251,159.33891,159.30531,159.33484
2026-08-11 17:25:00+00:00,159.32898,159.35131,159.32898,159.34213
2026-08-11 17:30:00+00:00,159.34548,159.3467,159.33291,159.34324
2026-08-11 17:35:00+00:00,159.33934,159.35398,159.33585,159.35082
2026-08-11 17:40:00+00:00,159.34914,159.34914,159.3162,159.31712
2026-08-11 17:45:00+00:00,159.31823,159.32138,159.29252,159.29406
2026-08-11 17:50:00+00:00,159.29618,159.31021,159.29523,159.30704
2026-08-11 17:55:00+00:00,159.30277,159.32014,159.30277,159.31827
2026-08-11 18:00:00+00:00,159.31308,159.32489,159.31308,159.32317
2026-08-11 18:05:00+00:00,159.32049,159.33062,159.3132,159.3207
2026-08-11 18:10:00+00:00,159.32121,159.33831,159.32121,159.33531
2026-08-11 18:15:00+00:00,159.33223,159.34758,159.31911,159.3369
2026-08-11 18:20:00+00:00,159.33765,159.34549,159.33512,159.34263
2026-08-11 18:25:00+00:00,159.33849,159.34626,159.32818,159.33854
2026-08-11 18:30:00+00:00,159.33718,159.33718,159.29461,159.3002
2026-08-11 18:35:00+00:00,159.30903,159.30903,159.29193,159.29769
2026-08-11 18:40:00+00:00,159.29653,159.30749,159.28782,159.29545
2026-08-11 18:45:00+00:00,159.29597,159.29597,159.27975,159.29002
2026-08-11 18:50:00+00:00,159.28793,159.28793,159.26377,159.2719
2026-08-11 18:55:00+00:00,159.26805,159.28292,159.26323,159.27846
2026-08-11 19:00:00+00:00,159.27166,159.28747,159.26642,159.28359
2026-08-11 19:05:00+00:00,159.27819,159.29409,159.27727,159.27892
2026-08-11 19:10:00+00:00,159.28049,159.28049,159.25885,159.26707
2026-08-11 19:15:00+00:00,159.26348,159.29825,159.25742,159.2961
2026-08-11 19:20:00+00:00,159.2915,159.29616,159.28829,159.28829
2026-08-11 19:25:00+00:00,159.28947,159.29722,159.2868,159.29297
2026-08-11 19:30:00+00:00,159.29129,159.29129,159.26838,159.27331
2026-08-11 19:35:00+00:00,159.2698,159.27746,159.26668,159.27168
2026-08-11 19:40:00+00:00,159.2697,159.28063,159.26347,159.27781
2026-08-11 19:45:00+00:00,159.27379,159.27988,159.26637,159.2713
2026-08-11 19:50:00+00:00,159.26932,159.27328,159.26141,159.2689
2026-08-11 19:55:00+00:00,159.26601,159.30262,159.25093,159.2974
2026-08-11 20:00:00+00:00,159.29561,159.3101,159.28165,159.28679
2026-08-11 20:05:00+00:00,159.28957,159.29584,159.28664,159.29079
2026-08-11 20:10:00+00:00,159.2886,159.29065,159.27357,159.28686
2026-08-11 20:15:00+00:00,159.28151,159.29842,159.28151,159.28671
2026-08-11 20:20:00+00:00,159.28715,159.29378,159.28674,159.28734
2026-08-11 20:25:00+00:00,159.28822,159.29563,159.28456,159.29017
2026-08-11 20:30:00+00:00,159.28775,159.3361,159.28775,159.33334
2026-08-11 20:35:00+00:00,159.32277,159.35633,159.32277,159.33713
2026-08-11 20:40:00+00:00,159.34254,159.37008,159.34254,159.36787
2026-08-11 20:45:00+00:00,159.36463,159.36797,159.3351,159.33927
2026-08-11 20:50:00+00:00,159.34543,159.34543,159.30611,159.30863
2026-08-11 20:55:00+00:00,159.30984,159.3191,159.30149,159.30255
2026-08-11 21:00:00+00:00,159.30271,159.30271,159.27599,159.29738
2026-08-11 21:05:00+00:00,159.29373,159.29489,159.27527,159.28648
2026-08-11 21:10:00+00:00,159.28676,159.29919,159.28244,159.29669
2026-08-11 21:15:00+00:00,159.2875,159.30407,159.2875,159.30068
2026-08-11 21:20:00+00:00,159.29824,159.29854,159.29273,159.29659
2026-08-11 21:25:00+00:00,159.29566,159.29572,159.27371,159.28034
2026-08-11 21:30:00+00:00,159.27769,159.28057,159.27127,159.2804
2026-08-11 21:35:00+00:00,159.27765,159.28715,159.27286,159.28427
2026-08-11 21:40:00+00:00,159.27964,159.28525,159.27508,159.27536
2026-08-11 21:45:00+00:00,159.27573,159.29126,159.2689,159.28713
2026-08-11 21:50:00+00:00,159.2839,159.28888,159.28159,159.28554
2026-08-11 21:55:00+00:00,159.28265,159.29823,159.28119,159.2899
2026-08-11 22:00:00+00:00,159.29046,159.29456,159.28055,159.29002
2026-08-11 22:05:00+00:00,159.28823,159.29544,159.28338,159.29143
2026-08-11 22:10:00+00:00,159.28824,159.30333,159.28249,159.30288
2026-08-11 22:15:00+00:00,159.29917,159.30575,159.29514,159.30259
2026-08-11 22:20:00+00:00,159.29773,159.3029,159.29585,159.29708
2026-08-11 22:25:00+00:00,159.29725,159.30324,159.29357,159.29925
2026-08-11 22:30:00+00:00,159.29602,159.30376,159.27842,159.28131
2026-08-11 22:35:00+00:00,159.28505,159.28505,159.27369,159.27634
2026-08-11 22:40:00+00:00,159.27726,159.28681,159.27672,159.27837
2026-08-11 22:45:00+00:00,159.27843,159.28181,159.26579,159.27279
2026-08-11 22:50:00+00:00,159.26963,159.27975,159.26328,159.27098
2026-08-11 22:55:00+00:00,159.26921,159.27494,159.26197,159.2711
2026-08-11 23:00:00+00:00,159.26553,159.28339,159.26553,159.28143
2026-08-11 23:05:00+00:00,159.27767,159.28608,159.26614,159.26863
2026-08-11 23:10:00+00:00,159.26958,159.28278,159.26589,159.27144
2026-08-11 23:15:00+00:00,159.27148,159.29853,159.27148,159.29416
2026-08-11 23:20:00+00:00,159.28795,159.30313,159.28795,159.29487
2026-08-11 23:25:00+00:00,159.29536,159.29924,159.28505,159.29588
2026-08-11 23:30:00+00:00,159.29231,159.30581,159.28622,159.29361
2026-08-11 23:35:00+00:00,159.29414,159.29606,159.28514,159.28547
2026-08-11 23:40:00+00:00,159.28748,159.29357,159.27603,159.27718
2026-08-11 23:45:00+00:00,159.27842,159.28749,159.27369,159.28446
2026-08-11 23:50:00+00:00,159.28149,159.28707,159.27575,159.28667
2026-08-11 23:55:00+00:00,159.28441,159.28631,159.27606,159.27668
2026-08-12 00:00:00+00:00,159.27779,159.30967,159.23167,159.2391
2026-08-12 00:05:00+00:00,159.24104,159.2442,159.20298,159.20767
2026-08-12 00:10:00+00:00,159.21151,159.24277,159.21151,159.23914
2026-08-12 00:15:00+00:00,159.23118,159.24266,159.22337,159.22499
2026-08-12 00:20:00+00:00,159.22666,159.22666,159.21186,159.2173
2026-08-12 00:25:00+00:00,159.2134,159.23863,159.2134,159.23149
2026-08-12 00:30:00+00:00,159.23056,159.26913,159.22091,159.2548
2026-08-12 00:35:00+00:00,159.25616,159.28232,159.2488,159.27697
2026-08-12 00:40:00+00:00,159.26967,159.28192,159.26152,159.26918
2026-08-12 00:45:00+00:00,159.26666,159.29494,159.26666,159.29254
2026-08-12 00:50:00+00:00,159.289,159.3583,159.27853,159.35292
2026-08-12 00:55:00+00:00,159.34198,159.35986,159.33834,159.33874
2026-08-12 01:00:00+00:00,159.34113,159.37937,159.34021,159.3588
2026-08-12 01:05:00+00:00,159.35737,159.35956,159.34053,159.34284
2026-08-12 01:10:00+00:00,159.34358,159.35595,159.34018,159.34787
2026-08-12 01:15:00+00:00,159.34785,159.34785,159.32159,159.33848
2026-08-12 01:20:00+00:00,159.3347,159.34442,159.31811,159.34115
2026-08-12 01:25:00+00:00,159.3384,159.34695,159.33038,159.33265
2026-08-12 01:30:00+00:00,159.33171,159.35694,159.32475,159.33232
2026-08-12 01:35:00+00:00,159.33227,159.3379,159.32466,159.32502
2026-08-12 01:40:00+00:00,159.32617,159.32717,159.30903,159.32127
2026-08-12 01:45:00+00:00,159.31833,159.31833,159.30492,159.31133
2026-08-12 01:50:00+00:00,159.30818,159.32848,159.29569,159.31846
2026-08-12 01:55:00+00:00,159.31921,159.34416,159.31921,159.3332
2026-08-12 02:00:00+00:00,159.3357,159.37485,159.32913,159.37074
2026-08-12 02:05:00+00:00,159.36862,159.36862,159.34228,159.34448
2026-08-12 02:10:00+00:00,159.34534,159.37147,159.33921,159.36599
2026-08-12 02:15:00+00:00,159.35635,159.43167,159.35635,159.42627
2026-08-12 02:20:00+00:00,159.41883,159.43518,159.41652,159.41799
2026-08-12 02:25:00+00:00,159.41861,159.42275,159.39457,159.39694
2026-08-12 02:30:00+00:00,159.3978,159.40908,159.38148,159.38347
2026-08-12 02:35:00+00:00,159.38688,159.39843,159.38445,159.38671
2026-08-12 02:40:00+00:00,159.38959,159.42324,159.38953,159.41092
2026-08-12 02:45:00+00:00,159.41615,159.41615,159.40086,159.40664
2026-08-12 02:50:00+00:00,159.4034,159.40885,159.3972,159.40605
2026-08-12 02:55:00+00:00,159.40108,159.40924,159.40098,159.40116
2026-08-12 03:00:00+00:00,159.40202,159.41879,159.39971,159.41583
2026-08-12 03:05:00+00:00,159.41132,159.42745,159.41132,159.42655
2026-08-12 03:10:00+00:00,159.42063,159.43633,159.42063,159.43223
2026-08-12 03:15:00+00:00,159.42861,159.45031,159.42776,159.43645
2026-08-12 03:20:00+00:00,159.44018,159.4576,159.44018,159.44934
2026-08-12 03:25:00+00:00,159.4465,159.45619,159.4465,159.45542
2026-08-12 03:30:00+00:00,159.44996,159.46404,159.44617,159.4527
2026-08-12 03:35:00+00:00,159.44843,159.45087,159.43355,159.43489
2026-08-12 03:40:00+00:00,159.43776,159.45157,159.43433,159.44728
2026-08-12 03:45:00+00:00,159.44401,159.45406,159.44401,159.45284
2026-08-12 03:50:00+00:00,159.45028,159.45108,159.4317,159.43272
2026-08-12 03:55:00+00:00,159.43415,159.43972,159.42524,159.43152
2026-08-12 04:00:00+00:00,159.43291,159.44433,159.42509,159.44169
2026-08-12 04:05:00+00:00,159.43799,159.44356,159.42582,159.43909
2026-08-12 04:10:00+00:00,159.43645,159.44814,159.42391,159.44423
2026-08-12 04:15:00+00:00,159.43814,159.46339,159.43814,159.4572
2026-08-12 04:20:00+00:00,159.45784,159.46446,159.45142,159.45563
2026-08-12 04:25:00+00:00,159.45235,159.45593,159.44366,159.44911
2026-08-12 04:30:00+00:00,159.44647,159.45577,159.44265,159.44829
2026-08-12 04:35:00+00:00,159.44897,159.45131,159.4345,159.43823
2026-08-12 04:40:00+00:00,159.43767,159.43878,159.3794,159.38378
2026-08-12 04:45:00+00:00,159.38933,159.40256,159.37389,159.40133
2026-08-12 04:50:00+00:00,159.39885,159.41412,159.39566,159.41057
2026-08-12 04:55:00+00:00,159.40525,159.4208,159.40525,159.41851
2026-08-12 05:00:00+00:00,159.41451,159.42933,159.41438,159.42354
2026-08-12 05:05:00+00:00,159.42049,159.44182,159.40977,159.43137
2026-08-12 05:10:00+00:00,159.43222,159.43433,159.41621,159.41698
2026-08-12 05:15:00+00:00,159.41906,159.42361,159.40381,159.41148
2026-08-12 05:20:00+00:00,159.40793,159.42886,159.40793,159.42542
2026-08-12 05:25:00+00:00,159.42069,159.43587,159.42069,159.43043
2026-08-12 05:30:00+00:00,159.42779,159.44427,159.37947,159.40669
2026-08-12 05:35:00+00:00,159.3977,159.41571,159.3977,159.40109
2026-08-12 05:40:00+00:00,159.40351,159.40454,159.37944,159.40259
2026-08-12 05:45:00+00:00,159.3961,159.41043,159.3961,159.40514
2026-08-12 05:50:00+00:00,159.40359,159.41233,159.39577,159.40712
2026-08-12 05:55:00+00:00,159.40586,159.42365,159.38816,159.42224
2026-08-12 06:00:00+00:00,159.41891,159.43095,159.39385,159.40172
2026-08-12 06:05:00+00:00,159.41606,159.41606,159.38825,159.41509
2026-08-12 06:10:00+00:00,159.41176,159.41443,159.40529,159.4059
2026-08-12 06:15:00+00:00,159.40621,159.40797,159.37863,159.3818
2026-08-12 06:20:00+00:00,159.38656,159.38656,159.3549,159.37417
2026-08-12 06:25:00+00:00,159.35652,159.40828,159.35652,159.4002
2026-08-12 06:30:00+00:00,159.40027,159.43101,159.38988,159.39234
2026-08-12 06:35:00+00:00,159.39819,159.40198,159.38109,159.38283
2026-08-12 06:40:00+00:00,159.38488,159.38488,159.373,159.37776
2026-08-12 06:45:00+00:00,159.37358,159.40137,159.36638,159.39983
2026-08-12 06:50:00+00:00,159.39642,159.40179,159.39436,159.39457
2026-08-12 06:55:00+00:00,159.39445,159.39592,159.37891,159.38251
2026-08-12 07:00:00+00:00,159.38118,159.38505,159.37659,159.38143
2026-08-12 07:05:00+00:00,159.37748,159.38578,159.33815,159.35939
2026-08-12 07:10:00+00:00,159.35453,159.38828,159.34776,159.38053
2026-08-12 07:15:00+00:00,159.37014,159.40021,159.37014,159.38847
2026-08-12 07:20:00+00:00,159.38605,159.39148,159.36877,159.37191
2026-08-12 07:25:00+00:00,159.37353,159.38575,159.36971,159.38082
2026-08-12 07:30:00+00:00,159.37708,159.37938,159.35975,159.36256
2026-08-12 07:35:00+00:00,159.36587,159.36587,159.3461,159.35108
2026-08-12 07:40:00+00:00,159.35329,159.36511,159.34735,159.36328
2026-08-12 07:45:00+00:00,159.36043,159.37034,159.35243,159.35872
2026-08-12 07:50:00+00:00,159.35969,159.36769,159.35676,159.36532
2026-08-12 07:55:00+00:00,159.36189,159.38616,159.35789,159.36876
2026-08-12 08:00:00+00:00,159.36879,159.37956,159.36448,159.37234
2026-08-12 08:05:00+00:00,159.36935,159.36935,159.34246,159.35577
2026-08-12 08:10:00+00:00,159.35463,159.35463,159.33512,159.33626
2026-08-12 08:15:00+00:00,159.33752,159.35023,159.32432,159.33301
2026-08-12 08:20:00+00:00,159.33943,159.33943,159.32471,159.3268
2026-08-12 08:25:00+00:00,159.32768,159.35411,159.31816,159.35257
2026-08-12 08:30:00+00:00,159.34953,159.3611,159.34764,159.35126
2026-08-12 08:35:00+00:00,159.35331,159.35901,159.31932,159.32725
2026-08-12 08:40:00+00:00,159.34154,159.34154,159.31263,159.32411
2026-08-12 08:45:00+00:00,159.31998,159.34372,159.30729,159.34101
2026-08-12 08:50:00+00:00,159.33628,159.34094,159.32983,159.33245
2026-08-12 08:55:00+00:00,159.33306,159.36396,159.31864,159.3282
2026-08-12 09:00:00+00:00,159.34612,159.34612,159.30893,159.32018
2026-08-12 09:05:00+00:00,159.32887,159.32887,159.29883,159.31576
2026-08-12 09:10:00+00:00,159.31561,159.31946,159.27742,159.28503
2026-08-12 09:15:00+00:00,159.28208,159.29901,159.22916,159.23409
2026-08-12 09:20:00+00:00,159.24163,159.24163,158.89375,158.97755
2026-08-12 09:25:00+00:00,159.14845,159.14845,158.77493,159.05051
2026-08-12 09:30:00+00:00,159.04198,159.11016,159.02925,159.10228
2026-08-12 09:35:00+00:00,159.08966,159.11754,159.07862,159.09142
2026-08-12 09:40:00+00:00,159.07893,159.10467,159.04664,159.07249
2026-08-12 09:45:00+00:00,159.06366,159.12362,159.06366,159.1158
2026-08-12 09:50:00+00:00,159.10473,159.137,159.08502,159.12066
2026-08-12 09:55:00+00:00,159.12198,159.15645,159.11562,159.1527
2026-08-12 10:00:00+00:00,159.14833,159.20943,159.14698,159.20818
2026-08-12 10:05:00+00:00,159.20366,159.20654,159.16818,159.19173
2026-08-12 10:10:00+00:00,159.18522,159.1862,159.16369,159.17446
2026-08-12 10:15:00+00:00,159.17567,159.19693,159.17567,159.19322
2026-08-12 10:20:00+00:00,159.19029,159.19029,159.13795,159.14337
2026-08-12 10:25:00+00:00,159.15088,159.17419,159.14631,159.14961
2026-08-12 10:30:00+00:00,159.15857,159.18923,159.15857,159.16764
2026-08-12 10:35:00+00:00,159.1691,159.18975,159.15372,159.156
2026-08-12 10:40:00+00:00,159.15666,159.15761,159.1204,159.12545
2026-08-12 10:45:00+00:00,159.13379,159.17863,159.0909,159.16229
2026-08-12 10:50:00+00:00,159.14045,159.19406,159.14045,159.17991
2026-08-12 10:55:00+00:00,159.18196,159.18449,159.16086,159.18045
2026-08-12 11:00:00+00:00,159.16607,159.1952,159.15926,159.17683
2026-08-12 11:05:00+00:00,159.17432,159.17432,159.1449,159.15678
2026-08-12 11:10:00+00:00,159.15393,159.15393,159.12599,159.12961
2026-08-12 11:15:00+00:00,159.13516,159.15213,159.11942,159.15035
2026-08-12 11:20:00+00:00,159.14657,159.15108,159.13678,159.14083
2026-08-12 11:25:00+00:00,159.14094,159.15178,159.12373,159.12517
2026-08-12 11:30:00+00:00,159.12741,159.12741,159.10604,159.10774
2026-08-12 11:35:00+00:00,159.10975,159.12326,159.10844,159.12057
2026-08-12 11:40:00+00:00,159.11679,159.1184,159.07642,159.09468
2026-08-12 11:45:00+00:00,159.09099,159.09262,159.0627,159.07576
2026-08-12 11:50:00+00:00,159.07024,159.10184,159.07014,159.09025
2026-08-12 11:55:00+00:00,159.09208,159.09406,159.08009,159.09172
2026-08-12 12:00:00+00:00,159.08767,159.1051,159.0826,159.08742
2026-08-12 12:05:00+00:00,159.08919,159.09732,159.08521,159.09288
2026-08-12 12:10:00+00:00,159.09048,159.10912,159.03218,159.05092
2026-08-12 12:15:00+00:00,159.04631,159.09407,159.04122,159.08443
2026-08-12 12:20:00+00:00,159.08144,159.08144,159.05073,159.05178
2026-08-12 12:25:00+00:00,159.05311,159.07396,159.02986,159.03478
2026-08-12 12:30:00+00:00,159.03644,159.19117,158.86475,158.97551
2026-08-12 12:35:00+00:00,159.03627,159.03627,158.9039,158.92168
2026-08-12 12:40:00+00:00,158.93767,158.95385,158.76633,158.81224
2026-08-12 12:45:00+00:00,158.79346,158.97866,158.79346,158.92056
2026-08-12 12:50:00+00:00,158.92441,158.98769,158.88808,158.97876
2026-08-12 12:55:00+00:00,158.96333,158.96333,158.86337,158.88032
2026-08-12 13:00:00+00:00,158.91599,158.91599,158.79333,158.88733
2026-08-12 13:05:00+00:00,158.87602,158.87602,158.73433,158.73909
2026-08-12 13:10:00+00:00,158.74922,158.87638,158.74851,158.87199
2026-08-12 13:15:00+00:00,158.85964,158.9045,158.83687,158.84041
2026-08-12 13:20:00+00:00,158.84192,158.88623,158.8116,158.88156
2026-08-12 13:25:00+00:00,158.87409,158.89216,158.85282,158.86648
2026-08-12 13:30:00+00:00,158.86528,158.88015,158.8273,158.87712
2026-08-12 13:35:00+00:00,158.87376,158.9549,158.8622,158.95079
2026-08-12 13:40:00+00:00,158.93784,159.00027,158.93784,158.9909
2026-08-12 13:45:00+00:00,158.9763,159.02129,158.9763,159.02063
2026-08-12 13:50:00+00:00,159.01765,159.02073,158.94192,158.9756
2026-08-12 13:55:00+00:00,158.97045,159.0058,158.94977,159.00294
2026-08-12 14:00:00+00:00,158.993,159.07915,158.98961,159.06664
2026-08-12 14:05:00+00:00,159.06732,159.12606,159.03337,159.11881
2026-08-12 14:10:00+00:00,159.10667,159.11844,159.1065,159.11439
2026-08-12 14:15:00+00:00,159.11187,159.15186,159.09906,159.11218
2026-08-12 14:20:00+00:00,159.13084,159.13084,159.05588,159.08377
2026-08-12 14:25:00+00:00,159.08161,159.09859,159.05947,159.09012
2026-08-12 14:30:00+00:00,159.07763,159.11657,159.05159,159.11235
2026-08-12 14:35:00+00:00,159.10938,159.16204,159.08342,159.13319
2026-08-12 14:40:00+00:00,159.13328,159.19793,159.11865,159.19285
2026-08-12 14:45:00+00:00,159.18486,159.23081,159.16849,159.2224
2026-08-12 14:50:00+00:00,159.21015,159.23543,159.18959,159.19279
2026-08-12 14:55:00+00:00,159.19538,159.23229,159.19538,159.22774
2026-08-12 15:00:00+00:00,159.22541,159.24737,159.20812,159.22296
2026-08-12 15:05:00+00:00,159.2315,159.25098,159.2069,159.20968
2026-08-12 15:10:00+00:00,159.21414,159.22598,159.19175,159.20237
2026-08-12 15:15:00+00:00,159.2064,159.22527,159.1981,159.22478
2026-08-12 15:20:00+00:00,159.22104,159.24483,159.21092,159.23291
2026-08-12 15:25:00+00:00,159.23109,159.24853,159.21409,159.24154
2026-08-12 15:30:00+00:00,159.23083,159.25193,159.23083,159.23862
2026-08-12 15:35:00+00:00,159.23306,159.2825,159.23306,159.28102
2026-08-12 15:40:00+00:00,159.27482,159.29066,159.27482,159.27584
2026-08-12 15:45:00+00:00,159.27718,159.28944,159.27194,159.27893
2026-08-12 15:50:00+00:00,159.2806,159.28405,159.24004,159.24377
2026-08-12 15:55:00+00:00,159.24837,159.24837,159.2283,159.23533
2026-08-12 16:00:00+00:00,159.23771,159.24337,159.21433,159.23849
2026-08-12 16:05:00+00:00,159.23135,159.30851,159.23135,159.30586
2026-08-12 16:10:00+00:00,159.29986,159.31109,159.27469,159.30605
2026-08-12 16:15:00+00:00,159.29629,159.29854,159.26914,159.29693
2026-08-12 16:20:00+00:00,159.29104,159.33119,159.29104,159.3268
2026-08-12 16:25:00+00:00,159.32034,159.33772,159.31678,159.3175
2026-08-12 16:30:00+00:00,159.31927,159.3532,159.31927,159.35105
2026-08-12 16:35:00+00:00,159.34172,159.36918,159.34172,159.3606
2026-08-12 16:40:00+00:00,159.36038,159.36475,159.33892,159.34197
2026-08-12 16:45:00+00:00,159.35018,159.40037,159.35018,159.39823
2026-08-12 16:50:00+00:00,159.39445,159.40632,159.3846,159.40069
2026-08-12 16:55:00+00:00,159.39789,159.40451,159.3902,159.39207
2026-08-12 17:00:00+00:00,159.3932,159.3996,159.36186,159.38963
2026-08-12 17:05:00+00:00,159.38332,159.38985,159.37262,159.37974
2026-08-12 17:10:00+00:00,159.37779,159.40103,159.37452,159.39743
2026-08-12 17:15:00+00:00,159.39378,159.43213,159.37751,159.42079
2026-08-12 17:20:00+00:00,159.42135,159.43715,159.4059,159.4311
2026-08-12 17:25:00+00:00,159.42261,159.43513,159.42261,159.42513
2026-08-12 17:30:00+00:00,159.42525,159.46448,159.42303,159.44854
2026-08-12 17:35:00+00:00,159.45005,159.4923,159.4425,159.4899
2026-08-12 17:40:00+00:00,159.4831,159.50565,159.47858,159.50029
2026-08-12 17:45:00+00:00,159.49274,159.52229,159.4807,159.4858
2026-08-12 17:50:00+00:00,159.4938,159.49439,159.47034,159.49206
2026-08-12 17:55:00+00:00,159.48604,159.50605,159.48604,159.50047
2026-08-12 18:00:00+00:00,159.49809,159.54195,159.49515,159.52344
2026-08-12 18:05:00+00:00,159.52528,159.52528,159.50544,159.51445
2026-08-12 18:10:00+00:00,159.50788,159.51991,159.469,159.47195
2026-08-12 18:15:00+00:00,159.47191,159.50231,159.47191,159.48652
2026-08-12 18:20:00+00:00,159.48768,159.4992,159.47777,159.48882
2026-08-12 18:25:00+00:00,159.48946,159.49293,159.43588,159.45967
2026-08-12 18:30:00+00:00,159.45352,159.49719,159.45352,159.49197
2026-08-12 18:35:00+00:00,159.48211,159.48211,159.44542,159.46163
2026-08-12 18:40:00+00:00,159.44933,159.48492,159.44933,159.4822
2026-08-12 18:45:00+00:00,159.47826,159.4868,159.46583,159.47438
2026-08-12 18:50:00+00:00,159.47653,159.49112,159.46577,159.4893
2026-08-12 18:55:00+00:00,159.48448,159.50241,159.48448,159.50112
2026-08-12 19:00:00+00:00,159.49846,159.5172,159.47352,159.51353
2026-08-12 19:05:00+00:00,159.50838,159.51865,159.49833,159.50424
2026-08-12 19:10:00+00:00,159.50105,159.50813,159.48991,159.49902
2026-08-12 19:15:00+00:00,159.49613,159.50265,159.48225,159.48356
2026-08-12 19:20:00+00:00,159.48491,159.48491,159.46505,159.46555
2026-08-12 19:25:00+00:00,159.4667,159.48893,159.46511,159.4873
2026-08-12 19:30:00+00:00,159.48308,159.49243,159.47524,159.49021
2026-08-12 19:35:00+00:00,159.48624,159.5005,159.47232,159.47449
2026-08-12 19:40:00+00:00,159.47812,159.51487,159.47812,159.49683
2026-08-12 19:45:00+00:00,159.49943,159.50348,159.49241,159.49782
2026-08-12 19:50:00+00:00,159.49618,159.50328,159.49118,159.50127
2026-08-12 19:55:00+00:00,159.49694,159.51488,159.49656,159.51348
2026-08-12 20:00:00+00:00,159.50991,159.50991,159.4791,159.48768
2026-08-12 20:05:00+00:00,159.49309,159.50186,159.47031,159.4986
2026-08-12 20:10:00+00:00,159.49393,159.50104,159.48082,159.4977
2026-08-12 20:15:00+00:00,159.49389,159.51043,159.4883,159.50045
2026-08-12 20:20:00+00:00,159.50057,159.50057,159.47663,159.47748
2026-08-12 20:25:00+00:00,159.47793,159.48415,159.4638,159.46537
2026-08-12 20:30:00+00:00,159.46595,159.47459,159.46262,159.46898
2026-08-12 20:35:00+00:00,159.46597,159.4707,159.42059,159.42329
2026-08-12 20:40:00+00:00,159.42916,159.44239,159.42916,159.43499
2026-08-12 20:45:00+00:00,159.43605,159.43605,159.4172,159.41933
2026-08-12 20:50:00+00:00,159.42107,159.42628,159.40259,159.4225
2026-08-12 20:55:00+00:00,159.41507,159.44442,159.41507,159.43154
2026-08-12 21:00:00+00:00,159.43219,159.447,159.39584,159.44089
2026-08-12 21:05:00+00:00,159.43221,159.44812,159.42337,159.42494
2026-08-12 21:10:00+00:00,159.42508,159.44096,159.42177,159.44027
2026-08-12 21:15:00+00:00,159.43668,159.44871,159.43647,159.43769
2026-08-12 21:20:00+00:00,159.43772,159.44319,159.42745,159.42953
2026-08-12 21:25:00+00:00,159.43126,159.4412,159.43126,159.43692
2026-08-12 21:30:00+00:00,159.43389,159.43711,159.42769,159.43379
2026-08-12 21:35:00+00:00,159.43071,159.43877,159.42279,159.42819
2026-08-12 21:40:00+00:00,159.43015,159.43484,159.42791,159.42808
2026-08-12 21:45:00+00:00,159.42908,159.43358,159.42041,159.42896
2026-08-12 21:50:00+00:00,159.42562,159.4361,159.42411,159.42882
2026-08-12 21:55:00+00:00,159.42595,159.44119,159.41999,159.43432
2026-08-12 22:00:00+00:00,159.43042,159.45983,159.42803,159.45625
2026-08-12 22:05:00+00:00,159.4534,159.46003,159.44989,159.45591
2026-08-12 22:10:00+00:00,159.45301,159.45853,159.43778,159.4441
2026-08-12 22:15:00+00:00,159.4413,159.44684,159.43632,159.43953
2026-08-12 22:20:00+00:00,159.44017,159.44371,159.43727,159.43793
2026-08-12 22:25:00+00:00,159.43815,159.44631,159.43346,159.44264
2026-08-12 22:30:00+00:00,159.43972,159.43972,159.42772,159.43558
2026-08-12 22:35:00+00:00,159.43343,159.43343,159.41624,159.41846
2026-08-12 22:40:00+00:00,159.41941,159.42258,159.41184,159.41243
2026-08-12 22:45:00+00:00,159.413,159.413,159.40098,159.40637
2026-08-12 22:50:00+00:00,159.40277,159.41099,159.40089,159.40371
2026-08-12 22:55:00+00:00,159.4017,159.40718,159.39797,159.39953
2026-08-12 23:00:00+00:00,159.39971,159.40798,159.37302,159.3782
2026-08-12 23:05:00+00:00,159.37886,159.38297,159.36922,159.37597
2026-08-12 23:10:00+00:00,159.37257,159.38497,159.36863,159.38208
2026-08-12 23:15:00+00:00,159.37973,159.3837,159.35848,159.35902
2026-08-12 23:20:00+00:00,159.36038,159.36503,159.3234,159.33663
2026-08-12 23:25:00+00:00,159.33114,159.3506,159.33114,159.3473
2026-08-12 23:30:00+00:00,159.34431,159.35527,159.33539,159.35216
2026-08-12 23:35:00+00:00,159.34435,159.38454,159.34435,159.38159
2026-08-12 23:40:00+00:00,159.37727,159.39048,159.3748,159.38689
2026-08-12 23:45:00+00:00,159.38597,159.38597,159.35512,159.35988
2026-08-12 23:50:00+00:00,159.36669,159.37498,159.34615,159.3604
2026-08-12 23:55:00+00:00,159.36403,159.36403,159.3281,159.32917
2026-08-13 00:00:00+00:00,159.33167,159.33242,159.2992,159.30244
2026-08-13 00:05:00+00:00,159.30743,159.333,159.30743,159.33023
2026-08-13 00:10:00+00:00,159.32545,159.35737,159.32058,159.3497
2026-08-13 00:15:00+00:00,159.34972,159.38532,159.33876,159.34048
2026-08-13 00:20:00+00:00,159.34484,159.35796,159.3269,159.32965
2026-08-13 00:25:00+00:00,159.33349,159.34853,159.3158,159.33041
2026-08-13 00:30:00+00:00,159.32185,159.33819,159.30069,159.31877
2026-08-13 00:35:00+00:00,159.31367,159.31831,159.29559,159.29656
2026-08-13 00:40:00+00:00,159.3001,159.31144,159.25288,159.25564
2026-08-13 00:45:00+00:00,159.25926,159.29458,159.25167,159.29095
2026-08-13 00:50:00+00:00,159.27757,159.34329,159.27757,159.30792
2026-08-13 00:55:00+00:00,159.31607,159.35017,159.31607,159.34366
2026-08-13 01:00:00+00:00,159.34054,159.34054,159.31627,159.33163
2026-08-13 01:05:00+00:00,159.32522,159.33794,159.32109,159.33475
2026-08-13 01:10:00+00:00,159.33192,159.33192,159.30549,159.30704
2026-08-13 01:15:00+00:00,159.30937,159.31909,159.28441,159.31225
2026-08-13 01:20:00+00:00,159.30762,159.32724,159.29704,159.31134
2026-08-13 01:25:00+00:00,159.31589,159.32422,159.3053,159.3225
2026-08-13 01:30:00+00:00,159.31868,159.33551,159.30353,159.30552
2026-08-13 01:35:00+00:00,159.30839,159.32406,159.2909,159.31939
2026-08-13 01:40:00+00:00,159.31292,159.32155,159.29376,159.31728
2026-08-13 01:45:00+00:00,159.31309,159.33893,159.31309,159.33745
2026-08-13 01:50:00+00:00,159.3336,159.35781,159.3336,159.35453
2026-08-13 01:55:00+00:00,159.34849,159.37004,159.34849,159.36628
2026-08-13 02:00:00+00:00,159.36099,159.37839,159.34349,159.36289
2026-08-13 02:05:00+00:00,159.36058,159.3983,159.35827,159.39719
2026-08-13 02:10:00+00:00,159.39107,159.40573,159.39057,159.40288
2026-08-13 02:15:00+00:00,159.39891,159.43584,159.39891,159.42493
2026-08-13 02:20:00+00:00,159.42589,159.4329,159.40637,159.42634
2026-08-13 02:25:00+00:00,159.42383,159.44279,159.42383,159.44152
2026-08-13 02:30:00+00:00,159.43815,159.45466,159.43001,159.4317
2026-08-13 02:35:00+00:00,159.43504,159.47846,159.43504,159.47617
2026-08-13 02:40:00+00:00,159.47282,159.47915,159.44613,159.44915
2026-08-13 02:45:00+00:00,159.45287,159.45287,159.44101,159.44979
2026-08-13 02:50:00+00:00,159.44715,159.46337,159.42828,159.45972
2026-08-13 02:55:00+00:00,159.45347,159.45935,159.44241,159.44242
2026-08-13 03:00:00+00:00,159.44266,159.44597,159.43135,159.43383
2026-08-13 03:05:00+00:00,159.43619,159.43619,159.41037,159.42932
2026-08-13 03:10:00+00:00,159.42571,159.44608,159.42388,159.4388
2026-08-13 03:15:00+00:00,159.43896,159.466,159.43751,159.46459
2026-08-13 03:20:00+00:00,159.46238,159.48779,159.45855,159.47661
2026-08-13 03:25:00+00:00,159.47419,159.47672,159.46911,159.47616
2026-08-13 03:30:00+00:00,159.47324,159.48319,159.46336,159.46406
2026-08-13 03:35:00+00:00,159.46558,159.46877,159.45017,159.45413
2026-08-13 03:40:00+00:00,159.45451,159.45697,159.43196,159.44687
2026-08-13 03:45:00+00:00,159.44222,159.46495,159.43153,159.46433
2026-08-13 03:50:00+00:00,159.46112,159.46112,159.43113,159.43198
2026-08-13 03:55:00+00:00,159.43437,159.44478,159.43437,159.44261
2026-08-13 04:00:00+00:00,159.43913,159.4586,159.43211,159.45448
2026-08-13 04:05:00+00:00,159.45175,159.46,159.44577,159.45743
2026-08-13 04:10:00+00:00,159.44878,159.47516,159.44878,159.47199
2026-08-13 04:15:00+00:00,159.46703,159.47491,159.46161,159.4737
2026-08-13 04:20:00+00:00,159.47159,159.48284,159.46473,159.47463
2026-08-13 04:25:00+00:00,159.47148,159.47372,159.45255,159.45482
2026-08-13 04:30:00+00:00,159.45707,159.45707,159.43779,159.45412
2026-08-13 04:35:00+00:00,159.44984,159.46535,159.44915,159.45986
2026-08-13 04:40:00+00:00,159.46027,159.48291,159.46027,159.47996
2026-08-13 04:45:00+00:00,159.47651,159.47651,159.30726,159.36751
2026-08-13 04:50:00+00:00,159.36201,159.36877,159.3226,159.32439
2026-08-13 04:55:00+00:00,159.32981,159.33744,159.19134,159.20066
2026-08-13 05:00:00+00:00,159.21751,159.27683,159.21751,159.25094
2026-08-13 05:05:00+00:00,159.2504,159.31128,159.24055,159.3064
2026-08-13 05:10:00+00:00,159.29484,159.33529,159.29484,159.31913
2026-08-13 05:15:00+00:00,159.32003,159.32871,159.27292,159.27419
2026-08-13 05:20:00+00:00,159.27667,159.33668,159.27667,159.33044
2026-08-13 05:25:00+00:00,159.32564,159.34434,159.32307,159.33334
2026-08-13 05:30:00+00:00,159.33389,159.3741,159.33389,159.34613
2026-08-13 05:35:00+00:00,159.35036,159.35752,159.34889,159.35385
2026-08-13 05:40:00+00:00,159.35298,159.37061,159.34945,159.36749
2026-08-13 05:45:00+00:00,159.3643,159.36872,159.34227,159.34564
2026-08-13 05:50:00+00:00,159.35068,159.35068,159.33333,159.34048
2026-08-13 05:55:00+00:00,159.33886,159.34777,159.27197,159.28837
2026-08-13 06:00:00+00:00,159.28538,159.33616,159.28055,159.33478
2026-08-13 06:05:00+00:00,159.32951,159.36357,159.32458,159.36041
2026-08-13 06:10:00+00:00,159.35317,159.4114,159.35139,159.40747
2026-08-13 06:15:00+00:00,159.3999,159.4051,159.37191,159.38105
2026-08-13 06:20:00+00:00,159.37991,159.38158,159.3647,159.37255
2026-08-13 06:25:00+00:00,159.36824,159.40864,159.36557,159.4056
2026-08-13 06:30:00+00:00,159.39874,159.44467,159.39637,159.40335
2026-08-13 06:35:00+00:00,159.42156,159.44748,159.42156,159.42652
2026-08-13 06:40:00+00:00,159.42715,159.44737,159.42715,159.44564
2026-08-13 06:45:00+00:00,159.44048,159.44048,159.39326,159.42826
2026-08-13 06:50:00+00:00,159.42692,159.42692,159.39394,159.39435
2026-08-13 06:55:00+00:00,159.39583,159.39949,159.36594,159.38709
2026-08-13 07:00:00+00:00,159.38428,159.40312,159.37608,159.37873
2026-08-13 07:05:00+00:00,159.37999,159.39564,159.36196,159.39405
2026-08-13 07:10:00+00:00,159.39131,159.40576,159.37605,159.40173
2026-08-13 07:15:00+00:00,159.39614,159.41669,159.39614,159.40963
2026-08-13 07:20:00+00:00,159.40655,159.42172,159.39122,159.41806
2026-08-13 07:25:00+00:00,159.41063,159.41063,159.37888,159.38358
2026-08-13 07:30:00+00:00,159.38024,159.39878,159.36609,159.36914
2026-08-13 07:35:00+00:00,159.37666,159.3969,159.3699,159.37394
2026-08-13 07:40:00+00:00,159.38006,159.38006,159.34687,159.35752
2026-08-13 07:45:00+00:00,159.35325,159.36587,159.34297,159.36284
2026-08-13 07:50:00+00:00,159.35719,159.3621,159.32428,159.34285
2026-08-13 07:55:00+00:00,159.33711,159.37352,159.3336,159.37068
2026-08-13 08:00:00+00:00,159.36696,159.39014,159.35147,159.38583
2026-08-13 08:05:00+00:00,159.37141,159.40718,159.36523,159.38231
2026-08-13 08:10:00+00:00,159.37928,159.37934,159.37165,159.37166
2026-08-13 08:15:00+00:00,159.37279,159.39077,159.36995,159.38643
2026-08-13 08:20:00+00:00,159.38373,159.39417,159.37592,159.37822
2026-08-13 08:25:00+00:00,159.37939,159.3984,159.37344,159.39625
2026-08-13 08:30:00+00:00,159.3923,159.40352,159.39216,159.40136
2026-08-13 08:35:00+00:00,159.39816,159.4116,159.37647,159.38922
2026-08-13 08:40:00+00:00,159.38663,159.40571,159.38635,159.39604
2026-08-13 08:45:00+00:00,159.39769,159.40331,159.3876,159.38931
2026-08-13 08:50:00+00:00,159.38939,159.40415,159.38498,159.3996
2026-08-13 08:55:00+00:00,159.39301,159.41221,159.39301,159.40775
2026-08-13 09:00:00+00:00,159.40318,159.42691,159.40318,159.42626
2026-08-13 09:05:00+00:00,159.42295,159.43747,159.41756,159.41833
2026-08-13 09:10:00+00:00,159.41896,159.41896,159.39708,159.39756
2026-08-13 09:15:00+00:00,159.39804,159.39804,159.37329,159.37701
2026-08-13 09:20:00+00:00,159.38187,159.38645,159.37234,159.38617
2026-08-13 09:25:00+00:00,159.38367,159.39486,159.37926,159.39204
2026-08-13 09:30:00+00:00,159.38745,159.40224,159.38203,159.38325
2026-08-13 09:35:00+00:00,159.38491,159.38491,159.35518,159.35713
2026-08-13 09:40:00+00:00,159.35714,159.37632,159.35647,159.3672
2026-08-13 09:45:00+00:00,159.37019,159.37019,159.34484,159.34608
2026-08-13 09:50:00+00:00,159.34759,159.35137,159.33502,159.34032
2026-08-13 09:55:00+00:00,159.34218,159.344,159.32632,159.33803
2026-08-13 10:00:00+00:00,159.33287,159.36695,159.33287,159.36624
2026-08-13 10:05:00+00:00,159.36301,159.36301,159.3318,159.3502
2026-08-13 10:10:00+00:00,159.34199,159.36416,159.34199,159.34742
2026-08-13 10:15:00+00:00,159.34809,159.36278,159.3344,159.34042
2026-08-13 10:20:00+00:00,159.35033,159.35033,159.32702,159.32848
2026-08-13 10:25:00+00:00,159.32893,159.34247,159.32367,159.32547
2026-08-13 10:30:00+00:00,159.33076,159.34262,159.3217,159.33091
2026-08-13 10:35:00+00:00,159.32597,159.34068,159.32532,159.33701
2026-08-13 10:40:00+00:00,159.3331,159.34857,159.33072,159.33561
2026-08-13 10:45:00+00:00,159.33366,159.35074,159.32882,159.34648
2026-08-13 10:50:00+00:00,159.34036,159.34972,159.33767,159.34652
2026-08-13 10:55:00+00:00,159.34219,159.35737,159.33935,159.35522
2026-08-13 11:00:00+00:00,159.35136,159.35324,159.34297,159.35022
2026-08-13 11:05:00+00:00,159.34447,159.3532,159.33798,159.33837
2026-08-13 11:10:00+00:00,159.3393,159.34394,159.29485,159.29646
2026-08-13 11:15:00+00:00,159.29871,159.31333,159.29744,159.31013
2026-08-13 11:20:00+00:00,159.30633,159.32086,159.28807,159.29045
2026-08-13 11:25:00+00:00,159.29338,159.30525,159.28392,159.29997
2026-08-13 11:30:00+00:00,159.29268,159.31149,159.29188,159.30661
2026-08-13 11:35:00+00:00,159.3068,159.3068,159.28921,159.29545
2026-08-13 11:40:00+00:00,159.29152,159.30564,159.28955,159.29428
2026-08-13 11:45:00+00:00,159.29528,159.31495,159.29035,159.31166
2026-08-13 11:50:00+00:00,159.30698,159.32036,159.298,159.31624
2026-08-13 11:55:00+00:00,159.30766,159.34839,159.30766,159.34555
2026-08-13 12:00:00+00:00,159.34117,159.35841,159.33644,159.35751
2026-08-13 12:05:00+00:00,159.35461,159.35461,159.32318,159.32381
2026-08-13 12:10:00+00:00,159.32674,159.35757,159.32475,159.35463
2026-08-13 12:15:00+00:00,159.35238,159.37662,159.34766,159.37564
2026-08-13 12:20:00+00:00,159.37154,159.37154,159.35179,159.364
2026-08-13 12:25:00+00:00,159.35572,159.36787,159.35572,159.3602
2026-08-13 12:30:00+00:00,159.36109,159.3978,159.30712,159.34434
2026-08-13 12:35:00+00:00,159.36907,159.36907,159.3033,159.3133
2026-08-13 12:40:00+00:00,159.31888,159.31888,159.27518,159.29955
2026-08-13 12:45:00+00:00,159.28978,159.30451,159.23463,159.24409
2026-08-13 12:50:00+00:00,159.2561,159.26779,159.19314,159.26623
2026-08-13 12:55:00+00:00,159.26132,159.2664,159.18774,159.19377
2026-08-13 13:00:00+00:00,159.20256,159.21303,159.16922,159.20758
2026-08-13 13:05:00+00:00,159.19787,159.2362,159.17839,159.18218
2026-08-13 13:10:00+00:00,159.18987,159.21843,159.18407,159.21315
2026-08-13 13:15:00+00:00,159.20979,159.21707,159.19261,159.21623
2026-08-13 13:20:00+00:00,159.21021,159.24315,159.21021,159.23788
2026-08-13 13:25:00+00:00,159.22869,159.29148,159.22869,159.28902
2026-08-13 13:30:00+00:00,159.28545,159.32866,159.28393,159.32678
2026-08-13 13:35:00+00:00,159.32144,159.3331,159.31324,159.31631
2026-08-13 13:40:00+00:00,159.31907,159.31997,159.29733,159.31062
2026-08-13 13:45:00+00:00,159.30515,159.31074,159.26294,159.26599
2026-08-13 13:50:00+00:00,159.27481,159.31303,159.27481,159.30847
2026-08-13 13:55:00+00:00,159.29955,159.29955,159.26546,159.28872
2026-08-13 14:00:00+00:00,159.28532,159.30732,159.25671,159.29866
2026-08-13 14:05:00+00:00,159.28864,159.31358,159.19197,159.21582
2026-08-13 14:10:00+00:00,159.21134,159.22664,159.0523,159.05846
2026-08-13 14:15:00+00:00,159.06547,159.09023,159.03591,159.04038
2026-08-13 14:20:00+00:00,159.04449,159.09726,159.04449,159.09543
2026-08-13 14:25:00+00:00,159.09135,159.11048,159.08016,159.10625
2026-08-13 14:30:00+00:00,159.09977,159.16506,159.09977,159.16251
2026-08-13 14:35:00+00:00,159.15372,159.16813,159.14687,159.16672
2026-08-13 14:40:00+00:00,159.1633,159.1633,159.10964,159.14714
2026-08-13 14:45:00+00:00,159.14253,159.19311,159.14192,159.1861
2026-08-13 14:50:00+00:00,159.17551,159.21325,159.14904,159.15363
2026-08-13 14:55:00+00:00,159.15409,159.17241,159.14464,159.14735
2026-08-13 15:00:00+00:00,159.14798,159.19022,159.14798,159.17912
2026-08-13 15:05:00+00:00,159.17941,159.25047,159.17223,159.24335
2026-08-13 15:10:00+00:00,159.23248,159.29262,159.23248,159.28804
2026-08-13 15:15:00+00:00,159.27379,159.32914,159.27379,159.32328
2026-08-13 15:20:00+00:00,159.30708,159.34494,159.30708,159.32708
2026-08-13 15:25:00+00:00,159.32879,159.35799,159.29951,159.34464
2026-08-13 15:30:00+00:00,159.32461,159.38225,159.32461,159.35824
2026-08-13 15:35:00+00:00,159.35465,159.36385,159.31987,159.32227
2026-08-13 15:40:00+00:00,159.32473,159.34095,159.29487,159.33089
2026-08-13 15:45:00+00:00,159.33191,159.34077,159.31806,159.33757
2026-08-13 15:50:00+00:00,159.33238,159.37005,159.32848,159.36604
2026-08-13 15:55:00+00:00,159.36314,159.36707,159.34689,159.35767
2026-08-13 16:00:00+00:00,159.34884,159.36909,159.34884,159.35709
2026-08-13 16:05:00+00:00,159.35872,159.36309,159.35056,159.35113
2026-08-13 16:10:00+00:00,159.35228,159.42366,159.34956,159.41821
2026-08-13 16:15:00+00:00,159.4014,159.43619,159.4014,159.42966
2026-08-13 16:20:00+00:00,159.42744,159.46259,159.4151,159.44552
2026-08-13 16:25:00+00:00,159.45077,159.46822,159.43594,159.46442
2026-08-13 16:30:00+00:00,159.4582,159.49268,159.4582,159.47491
2026-08-13 16:35:00+00:00,159.48281,159.48281,159.43876,159.46906
2026-08-13 16:40:00+00:00,159.46731,159.47252,159.4443,159.44588
2026-08-13 16:45:00+00:00,159.45061,159.47697,159.45061,159.47391
2026-08-13 16:50:00+00:00,159.46866,159.4815,159.46435,159.47773
2026-08-13 16:55:00+00:00,159.4735,159.49587,159.4735,159.49355
2026-08-13 17:00:00+00:00,159.48638,159.5011,159.47043,159.49432
2026-08-13 17:05:00+00:00,159.48476,159.51663,159.48476,159.51419
2026-08-13 17:10:00+00:00,159.5098,159.5169,159.47799,159.49828
2026-08-13 17:15:00+00:00,159.49104,159.50917,159.48812,159.50192
2026-08-13 17:20:00+00:00,159.49472,159.50561,159.49472,159.49739
2026-08-13 17:25:00+00:00,159.49778,159.52554,159.48306,159.51995
2026-08-13 17:30:00+00:00,159.51015,159.56158,159.51015,159.54416
2026-08-13 17:35:00+00:00,159.54823,159.54823,159.52624,159.52767
2026-08-13 17:40:00+00:00,159.52858,159.52858,159.50383,159.51203
2026-08-13 17:45:00+00:00,159.51373,159.53887,159.5127,159.53636
2026-08-13 17:50:00+00:00,159.53424,159.53424,159.51331,159.52562
2026-08-13 17:55:00+00:00,159.52256,159.53304,159.51199,159.52298
2026-08-13 18:00:00+00:00,159.52608,159.5471,159.51403,159.54405
2026-08-13 18:05:00+00:00,159.53961,159.54722,159.52026,159.52329
2026-08-13 18:10:00+00:00,159.5278,159.5278,159.44952,159.45347
2026-08-13 18:15:00+00:00,159.4581,159.48124,159.4369,159.47858
2026-08-13 18:20:00+00:00,159.47404,159.50597,159.47404,159.4937
2026-08-13 18:25:00+00:00,159.49458,159.49726,159.48338,159.49216
2026-08-13 18:30:00+00:00,159.49022,159.50669,159.47846,159.5039
2026-08-13 18:35:00+00:00,159.50023,159.51439,159.49143,159.49459
2026-08-13 18:40:00+00:00,159.49339,159.49417,159.47013,159.47277
2026-08-13 18:45:00+00:00,159.48054,159.50908,159.48054,159.50516
2026-08-13 18:50:00+00:00,159.50382,159.50914,159.4971,159.50658
2026-08-13 18:55:00+00:00,159.50269,159.51449,159.487,159.51349
2026-08-13 19:00:00+00:00,159.51059,159.52263,159.49811,159.51989
2026-08-13 19:05:00+00:00,159.51595,159.51933,159.50624,159.50713
2026-08-13 19:10:00+00:00,159.50729,159.52024,159.50729,159.51237
2026-08-13 19:15:00+00:00,159.50866,159.51819,159.50368,159.50536
2026-08-13 19:20:00+00:00,159.50542,159.50635,159.49842,159.49842
2026-08-13 19:25:00+00:00,159.49932,159.50616,159.49681,159.49995
2026-08-13 19:30:00+00:00,159.49821,159.50339,159.49479,159.49954
2026-08-13 19:35:00+00:00,159.49587,159.51557,159.49297,159.51248
2026-08-13 19:40:00+00:00,159.50632,159.53318,159.50632,159.51841
2026-08-13 19:45:00+00:00,159.52271,159.54522,159.52271,159.53936
2026-08-13 19:50:00+00:00,159.53714,159.54024,159.51268,159.53317
2026-08-13 19:55:00+00:00,159.5275,159.5275,159.50109,159.51318
2026-08-13 20:00:00+00:00,159.51484,159.52628,159.49583,159.51717
2026-08-13 20:05:00+00:00,159.51826,159.54586,159.51371,159.54299
2026-08-13 20:10:00+00:00,159.53959,159.53959,159.52959,159.53656
2026-08-13 20:15:00+00:00,159.53343,159.56123,159.52756,159.56006
2026-08-13 20:20:00+00:00,159.55734,159.56557,159.55313,159.55722
2026-08-13 20:25:00+00:00,159.5585,159.5637,159.54735,159.55675
2026-08-13 20:30:00+00:00,159.5539,159.55976,159.54553,159.55837
2026-08-13 20:35:00+00:00,159.55495,159.56527,159.55206,159.56271
2026-08-13 20:40:00+00:00,159.55906,159.56639,159.55798,159.55806
2026-08-13 20:45:00+00:00,159.55939,159.56954,159.52079,159.52524
2026-08-13 20:50:00+00:00,159.53203,159.53203,159.49799,159.50701
2026-08-13 20:55:00+00:00,159.50274,159.52551,159.50274,159.52336
2026-08-13 21:00:00+00:00,159.51949,159.53044,159.45773,159.51002
2026-08-13 21:05:00+00:00,159.50515,159.51502,159.47372,159.51337
2026-08-13 21:10:00+00:00,159.50723,159.51329,159.49443,159.49666
2026-08-13 21:15:00+00:00,159.49741,159.51148,159.49636,159.50891
2026-08-13 21:20:00+00:00,159.50727,159.51693,159.50085,159.51363
2026-08-13 21:25:00+00:00,159.50872,159.51927,159.49316,159.49886
2026-08-13 21:30:00+00:00,159.49589,159.50712,159.4916,159.50624
2026-08-13 21:35:00+00:00,159.50316,159.50316,159.48649,159.49768
2026-08-13 21:40:00+00:00,159.49427,159.51417,159.492,159.5126
2026-08-13 21:45:00+00:00,159.51009,159.53146,159.49801,159.52802
2026-08-13 21:50:00+00:00,159.52348,159.53979,159.52348,159.53623
2026-08-13 21:55:00+00:00,159.53377,159.5348,159.52274,159.52988
2026-08-13 22:00:00+00:00,159.52631,159.54679,159.48293,159.48796
2026-08-13 22:05:00+00:00,159.48867,159.49819,159.48736,159.49198
2026-08-13 22:10:00+00:00,159.48879,159.51191,159.4887,159.51108
2026-08-13 22:15:00+00:00,159.50868,159.50868,159.49899,159.50604
2026-08-13 22:20:00+00:00,159.50307,159.50982,159.49706,159.49839
2026-08-13 22:25:00+00:00,159.50015,159.51855,159.48946,159.51457
2026-08-13 22:30:00+00:00,159.5108,159.52163,159.5108,159.51251
2026-08-13 22:35:00+00:00,159.51257,159.51756,159.50727,159.50878
2026-08-13 22:40:00+00:00,159.50914,159.51381,159.49548,159.50027
2026-08-13 22:45:00+00:00,159.50011,159.50082,159.49078,159.49702
2026-08-13 22:50:00+00:00,159.49313,159.50259,159.48407,159.48941
2026-08-13 22:55:00+00:00,159.48761,159.48761,159.47297,159.47346
2026-08-13 23:00:00+00:00,159.4747,159.47662,159.45045,159.45227
2026-08-13 23:05:00+00:00,159.45493,159.46123,159.44753,159.45768
2026-08-13 23:10:00+00:00,159.45415,159.46631,159.45378,159.46461
2026-08-13 23:15:00+00:00,159.46276,159.48258,159.45991,159.47845
2026-08-13 23:20:00+00:00,159.47251,159.48272,159.47251,159.48001
2026-08-13 23:25:00+00:00,159.47801,159.48618,159.47634,159.48277
2026-08-13 23:30:00+00:00,159.47938,159.4851,159.47783,159.48204
2026-08-13 23:35:00+00:00,159.4794,159.48445,159.47579,159.47671
2026-08-13 23:40:00+00:00,159.47769,159.48569,159.45582,159.458
2026-08-13 23:45:00+00:00,159.46139,159.46628,159.4475,159.45243
2026-08-13 23:50:00+00:00,159.44869,159.45867,159.44798,159.45257
2026-08-13 23:55:00+00:00,159.44928,159.45528,159.43413,159.43563
2026-08-14 00:00:00+00:00,159.43694,159.4843,159.41931,159.47774
2026-08-14 00:05:00+00:00,159.46515,159.49121,159.46392,159.47748
2026-08-14 00:10:00+00:00,159.47129,159.50369,159.47039,159.48717
2026-08-14 00:15:00+00:00,159.48937,159.48937,159.44008,159.44388
2026-08-14 00:20:00+00:00,159.44482,159.45313,159.41217,159.4282
2026-08-14 00:25:00+00:00,159.42277,159.45008,159.41047,159.44466
2026-08-14 00:30:00+00:00,159.43467,159.43467,159.40325,159.4188
2026-08-14 00:35:00+00:00,159.42103,159.42367,159.39487,159.4149
2026-08-14 00:40:00+00:00,159.41583,159.42607,159.40562,159.42044
2026-08-14 00:45:00+00:00,159.419,159.43496,159.41518,159.43264
2026-08-14 00:50:00+00:00,159.42881,159.44526,159.4001,159.40634
2026-08-14 00:55:00+00:00,159.41641,159.41641,159.36151,159.37603
2026-08-14 01:00:00+00:00,159.37841,159.40054,159.36105,159.39761
2026-08-14 01:05:00+00:00,159.39441,159.42509,159.3915,159.41029
2026-08-14 01:10:00+00:00,159.40495,159.43541,159.38385,159.43014
2026-08-14 01:15:00+00:00,159.42019,159.44527,159.41155,159.43914
2026-08-14 01:20:00+00:00,159.43083,159.4578,159.43083,159.45474
2026-08-14 01:25:00+00:00,159.44897,159.46034,159.43442,159.44235
2026-08-14 01:30:00+00:00,159.43941,159.45405,159.41649,159.418
2026-08-14 01:35:00+00:00,159.42029,159.42905,159.41829,159.42775
2026-08-14 01:40:00+00:00,159.4253,159.44932,159.41384,159.44565
2026-08-14 01:45:00+00:00,159.44326,159.45407,159.43679,159.45247
2026-08-14 01:50:00+00:00,159.44906,159.44906,159.43194,159.43959
2026-08-14 01:55:00+00:00,159.43657,159.45834,159.42535,159.45412
2026-08-14 02:00:00+00:00,159.44822,159.45963,159.43933,159.44747
2026-08-14 02:05:00+00:00,159.44495,159.45085,159.4374,159.44895
2026-08-14 02:10:00+00:00,159.44586,159.44586,159.43203,159.44021
2026-08-14 02:15:00+00:00,159.43538,159.43866,159.42226,159.43159
2026-08-14 02:20:00+00:00,159.42871,159.4356,159.41737,159.41935
2026-08-14 02:25:00+00:00,159.42074,159.42222,159.3952,159.39725
2026-08-14 02:30:00+00:00,159.39765,159.41006,159.39539,159.40193
2026-08-14 02:35:00+00:00,159.40056,159.40056,159.38172,159.38225
2026-08-14 02:40:00+00:00,159.3845,159.39801,159.3832,159.3937
2026-08-14 02:45:00+00:00,159.3909,159.41892,159.3909,159.41825
2026-08-14 02:50:00+00:00,159.41309,159.43443,159.41309,159.4307
2026-08-14 02:55:00+00:00,159.42455,159.43009,159.42097,159.42097
2026-08-14 03:00:00+00:00,159.4211,159.42547,159.39536,159.40143
2026-08-14 03:05:00+00:00,159.41162,159.41162,159.37279,159.3886
2026-08-14 03:10:00+00:00,159.38438,159.40375,159.38438,159.38861
2026-08-14 03:15:00+00:00,159.38983,159.39104,159.37628,159.37718
2026-08-14 03:20:00+00:00,159.3797,159.38864,159.33721,159.34139
2026-08-14 03:25:00+00:00,159.34646,159.35622,159.33938,159.34308
2026-08-14 03:30:00+00:00,159.34837,159.37158,159.3317,159.36802
2026-08-14 03:35:00+00:00,159.36251,159.37396,159.35263,159.37236
2026-08-14 03:40:00+00:00,159.36966,159.37388,159.35824,159.36273
2026-08-14 03:45:00+00:00,159.35832,159.38319,159.35832,159.38302
2026-08-14 03:50:00+00:00,159.38064,159.41153,159.36907,159.40278
2026-08-14 03:55:00+00:00,159.39012,159.41307,159.3882,159.38882
2026-08-14 04:00:00+00:00,159.3899,159.39284,159.36056,159.36269
2026-08-14 04:05:00+00:00,159.36246,159.37576,159.35575,159.36305
2026-08-14 04:10:00+00:00,159.36065,159.36725,159.34514,159.36154
2026-08-14 04:15:00+00:00,159.35986,159.36522,159.34752,159.36235
2026-08-14 04:20:00+00:00,159.36179,159.37164,159.35515,159.36066
2026-08-14 04:25:00+00:00,159.36136,159.37613,159.36005,159.37327
2026-08-14 04:30:00+00:00,159.36508,159.37837,159.36333,159.36403
2026-08-14 04:35:00+00:00,159.36685,159.37479,159.35128,159.35395
2026-08-14 04:40:00+00:00,159.35785,159.36539,159.34391,159.36185
2026-08-14 04:45:00+00:00,159.3585,159.37272,159.35629,159.37128
2026-08-14 04:50:00+00:00,159.36879,159.37327,159.36515,159.37032
2026-08-14 04:55:00+00:00,159.36706,159.36924,159.3534,159.3599
2026-08-14 05:00:00+00:00,159.35806,159.36089,159.33749,159.353
2026-08-14 05:05:00+00:00,159.34816,159.34825,159.33279,159.34769
2026-08-14 05:10:00+00:00,159.34527,159.34527,159.32632,159.33363
2026-08-14 05:15:00+00:00,159.33022,159.3366,159.31303,159.31505
2026-08-14 05:20:00+00:00,159.31775,159.32726,159.30833,159.32423
2026-08-14 05:25:00+00:00,159.32035,159.33588,159.31549,159.32049
2026-08-14 05:30:00+00:00,159.32242,159.32942,159.31818,159.32687
2026-08-14 05:35:00+00:00,159.32312,159.32735,159.31545,159.31955
2026-08-14 05:40:00+00:00,159.31997,159.32391,159.24003,159.2851
2026-08-14 05:45:00+00:00,159.28004,159.30871,159.25931,159.30777
2026-08-14 05:50:00+00:00,159.30626,159.30626,159.28131,159.28173
2026-08-14 05:55:00+00:00,159.28186,159.28827,159.26235,159.27327
2026-08-14 06:00:00+00:00,159.27905,159.27905,159.21425,159.22918
2026-08-14 06:05:00+00:00,159.22614,159.23834,159.17331,159.19698
2026-08-14 06:10:00+00:00,159.18985,159.20018,159.15808,159.19308
2026-08-14 06:15:00+00:00,159.1835,159.23857,159.1835,159.23631
2026-08-14 06:20:00+00:00,159.23247,159.28019,159.23247,159.27804
2026-08-14 06:25:00+00:00,159.27345,159.2857,159.25843,159.26018
2026-08-14 06:30:00+00:00,159.26305,159.27869,159.25745,159.27368
2026-08-14 06:35:00+00:00,159.26681,159.2798,159.26109,159.26949
2026-08-14 06:40:00+00:00,159.26703,159.28441,159.25866,159.28211
2026-08-14 06:45:00+00:00,159.27645,159.27645,159.23641,159.23887
2026-08-14 06:50:00+00:00,159.24132,159.25539,159.22167,159.25263
2026-08-14 06:55:00+00:00,159.24868,159.26241,159.24156,159.25884
2026-08-14 07:00:00+00:00,159.25637,159.25637,159.22995,159.232
2026-08-14 07:05:00+00:00,159.23248,159.25331,159.22274,159.25261
2026-08-14 07:10:00+00:00,159.25064,159.26659,159.24009,159.26112
2026-08-14 07:15:00+00:00,159.25355,159.2868,159.25355,159.28067
2026-08-14 07:20:00+00:00,159.27836,159.31047,159.27711,159.30993
2026-08-14 07:25:00+00:00,159.30568,159.30568,159.28452,159.29757
2026-08-14 07:30:00+00:00,159.2928,159.2964,159.28841,159.28876
2026-08-14 07:35:00+00:00,159.2888,159.29276,159.27434,159.28841
2026-08-14 07:40:00+00:00,159.28614,159.28614,159.24854,159.26395
2026-08-14 07:45:00+00:00,159.25949,159.26701,159.2334,159.23524
2026-08-14 07:50:00+00:00,159.2375,159.23859,159.20556,159.2373
2026-08-14 07:55:00+00:00,159.23524,159.23659,159.2122,159.21647
2026-08-14 08:00:00+00:00,159.22273,159.22273,159.18631,159.20341
2026-08-14 08:05:00+00:00,159.20009,159.20324,159.18123,159.18243
2026-08-14 08:10:00+00:00,159.1827,159.1931,159.16911,159.17124
2026-08-14 08:15:00+00:00,159.17758,159.22852,159.17758,159.22427
2026-08-14 08:20:00+00:00,159.22139,159.23222,159.16821,159.18401
2026-08-14 08:25:00+00:00,159.21631,159.21631,159.12838,159.13116
2026-08-14 08:30:00+00:00,159.13348,159.14965,159.09058,159.09355
2026-08-14 08:35:00+00:00,159.0978,159.10484,159.07352,159.0918
2026-08-14 08:40:00+00:00,159.08896,159.13481,159.07763,159.13358
2026-08-14 08:45:00+00:00,159.12819,159.16865,159.11859,159.16476
2026-08-14 08:50:00+00:00,159.15882,159.18629,159.15855,159.17609
2026-08-14 08:55:00+00:00,159.18097,159.18097,159.15686,159.17421
2026-08-14 09:00:00+00:00,159.17117,159.19058,159.14743,159.15155
2026-08-14 09:05:00+00:00,159.15787,159.1629,159.1339,159.15643
2026-08-14 09:10:00+00:00,159.14708,159.16218,159.13926,159.14077
2026-08-14 09:15:00+00:00,159.14281,159.14281,159.11908,159.13901
2026-08-14 09:20:00+00:00,159.13106,159.16527,159.12864,159.16478
2026-08-14 09:25:00+00:00,159.16136,159.17417,159.14377,159.16745
2026-08-14 09:30:00+00:00,159.1579,159.1873,159.1579,159.17725
2026-08-14 09:35:00+00:00,159.17841,159.19901,159.17841,159.19383
2026-08-14 09:40:00+00:00,159.1907,159.19188,159.14574,159.16151
2026-08-14 09:45:00+00:00,159.15977,159.15977,159.13955,159.1471
2026-08-14 09:50:00+00:00,159.14425,159.1526,159.12658,159.13594
2026-08-14 09:55:00+00:00,159.13491,159.16581,159.12667,159.16416
2026-08-14 10:00:00+00:00,159.15996,159.16158,159.14575,159.14724
2026-08-14 10:05:00+00:00,159.14833,159.14833,159.11371,159.11504
2026-08-14 10:10:00+00:00,159.11951,159.1268,159.09805,159.09891
2026-08-14 10:15:00+00:00,159.10074,159.15442,159.10074,159.15116
2026-08-14 10:20:00+00:00,159.14704,159.16868,159.13888,159.16122
2026-08-14 10:25:00+00:00,159.1596,159.18365,159.15486,159.16986
2026-08-14 10:30:00+00:00,159.17166,159.18057,159.16804,159.172
2026-08-14 10:35:00+00:00,159.17076,159.1732,159.1504,159.15987
2026-08-14 10:40:00+00:00,159.1527,159.18235,159.14996,159.18171
2026-08-14 10:45:00+00:00,159.17909,159.18134,159.15852,159.16097
2026-08-14 10:50:00+00:00,159.16819,159.17854,159.16165,159.16873
2026-08-14 10:55:00+00:00,159.16626,159.19171,159.16286,159.18983
2026-08-14 11:00:00+00:00,159.18435,159.19195,159.17418,159.18297
2026-08-14 11:05:00+00:00,159.18115,159.18962,159.17651,159.18856
2026-08-14 11:10:00+00:00,159.1863,159.19383,159.1751,159.18943
2026-08-14 11:15:00+00:00,159.18772,159.18772,159.129,159.14241
2026-08-14 11:20:00+00:00,159.13886,159.1413,159.11781,159.13157
2026-08-14 11:25:00+00:00,159.12681,159.15778,159.12525,159.15452
2026-08-14 11:30:00+00:00,159.14991,159.16113,159.14084,159.15869
2026-08-14 11:35:00+00:00,159.15576,159.15576,159.11011,159.13712
2026-08-14 11:40:00+00:00,159.12944,159.12944,159.05651,159.05867
2026-08-14 11:45:00+00:00,159.06246,159.12532,159.06246,159.12308
2026-08-14 11:50:00+00:00,159.1198,159.13205,159.08734,159.10312
2026-08-14 11:55:00+00:00,159.09095,159.13309,159.09095,159.13162
2026-08-14 12:00:00+00:00,159.12848,159.12848,159.05333,159.0559
2026-08-14 12:05:00+00:00,159.06056,159.09046,158.96968,158.9789
2026-08-14 12:10:00+00:00,158.99589,159.05436,158.9857,159.0522
2026-08-14 12:15:00+00:00,159.04746,159.05694,158.96787,158.97655
2026-08-14 12:20:00+00:00,158.99298,158.99298,158.8615,158.90435
2026-08-14 12:25:00+00:00,158.89761,158.89761,158.80614,158.80952
2026-08-14 12:30:00+00:00,158.81393,158.88759,158.63325,158.64093
2026-08-14 12:35:00+00:00,158.64794,158.83854,158.64794,158.83459
2026-08-14 12:40:00+00:00,158.82208,158.90122,158.82208,158.86515
2026-08-14 12:45:00+00:00,158.87279,158.91275,158.85568,158.85847
2026-08-14 12:50:00+00:00,158.86352,158.91451,158.85235,158.85866
2026-08-14 12:55:00+00:00,158.86261,158.96095,158.86132,158.91857
2026-08-14 13:00:00+00:00,158.93008,158.99209,158.8965,158.988
2026-08-14 13:05:00+00:00,158.98127,159.01821,158.9477,159.004
2026-08-14 13:10:00+00:00,158.9838,159.04948,158.9838,159.04727
2026-08-14 13:15:00+00:00,159.03925,159.0926,159.0373,159.06742
2026-08-14 13:20:00+00:00,159.06885,159.08165,159.01245,159.01665
2026-08-14 13:25:00+00:00,159.02232,159.02232,158.95009,158.9772
2026-08-14 13:30:00+00:00,158.97356,159.01222,158.93698,158.95023
2026-08-14 13:35:00+00:00,158.9768,158.9768,158.85509,158.86135
2026-08-14 13:40:00+00:00,158.87228,158.93192,158.84444,158.85512
2026-08-14 13:45:00+00:00,158.86935,158.89713,158.8126,158.8883
2026-08-14 13:50:00+00:00,158.87453,158.94085,158.83584,158.93421
2026-08-14 13:55:00+00:00,158.91487,158.98846,158.91487,158.95857
2026-08-14 14:00:00+00:00,158.95632,159.01304,158.92876,159.00152
2026-08-14 14:05:00+00:00,159.00017,159.02571,158.96799,159.016
2026-08-14 14:10:00+00:00,159.00108,159.03355,159.00108,159.00593
2026-08-14 14:15:00+00:00,159.0061,159.02748,158.98792,159.01801
2026-08-14 14:20:00+00:00,158.99459,159.06905,158.98931,158.99236
2026-08-14 14:25:00+00:00,158.99817,159.01022,158.93452,158.95451
2026-08-14 14:30:00+00:00,158.95082,158.99708,158.95082,158.989
2026-08-14 14:35:00+00:00,158.96575,159.03499,158.96575,158.99015
2026-08-14 14:40:00+00:00,158.99782,159.03626,158.98601,159.00228
2026-08-14 14:45:00+00:00,159.00664,159.01312,158.96759,158.98765
2026-08-14 14:50:00+00:00,158.99255,159.01909,158.98985,159.01536
2026-08-14 14:55:00+00:00,159.01098,159.0633,159.00499,159.05928
2026-08-14 15:00:00+00:00,159.04932,159.05499,158.95797,158.96231
2026-08-14 15:05:00+00:00,158.9729,159.02859,158.9729,159.0218
2026-08-14 15:10:00+00:00,159.01019,159.06352,159.01019,159.06146
2026-08-14 15:15:00+00:00,159.0521,159.13185,159.02743,159.12384
2026-08-14 15:20:00+00:00,159.10473,159.18102,159.10473,159.15038
2026-08-14 15:25:00+00:00,159.15441,159.17048,159.11663,159.12071
2026-08-14 15:30:00+00:00,159.12828,159.13526,159.09942,159.13379
2026-08-14 15:35:00+00:00,159.12894,159.14552,159.11753,159.14019
2026-08-14 15:40:00+00:00,159.12713,159.18915,159.12713,159.18642
2026-08-14 15:45:00+00:00,159.18423,159.18423,159.16453,159.18219
2026-08-14 15:50:00+00:00,159.18006,159.19036,159.16508,159.18827
2026-08-14 15:55:00+00:00,159.17877,159.20645,159.17877,159.20349
2026-08-14 16:00:00+00:00,159.19542,159.24664,159.19542,159.20598
2026-08-14 16:05:00+00:00,159.22377,159.27829,159.22377,159.27551
2026-08-14 16:10:00+00:00,159.27044,159.28211,159.26659,159.27245
2026-08-14 16:15:00+00:00,159.26684,159.28537,159.2559,159.25762
2026-08-14 16:20:00+00:00,159.25832,159.29386,159.25256,159.28528
2026-08-14 16:25:00+00:00,159.27353,159.33491,159.27353,159.32648
2026-08-14 16:30:00+00:00,159.32687,159.3495,159.31046,159.31683
2026-08-14 16:35:00+00:00,159.32755,159.32755,159.27247,159.27429
2026-08-14 16:40:00+00:00,159.27488,159.33788,159.26817,159.2958
2026-08-14 16:45:00+00:00,159.31445,159.34152,159.31445,159.34011
2026-08-14 16:50:00+00:00,159.33752,159.36761,159.33752,159.36543
2026-08-14 16:55:00+00:00,159.3595,159.37679,159.3595,159.3693
2026-08-14 17:00:00+00:00,159.36928,159.38477,159.35593,159.38313
2026-08-14 17:05:00+00:00,159.38051,159.39532,159.37623,159.39361
2026-08-14 17:10:00+00:00,159.39113,159.39624,159.37775,159.3804
2026-08-14 17:15:00+00:00,159.38212,159.39304,159.37665,159.39077
2026-08-14 17:20:00+00:00,159.38475,159.40518,159.38475,159.4024
2026-08-14 17:25:00+00:00,159.39833,159.40138,159.37862,159.39224
2026-08-14 17:30:00+00:00,159.38996,159.39673,159.36543,159.39373
2026-08-14 17:35:00+00:00,159.39028,159.39197,159.36106,159.36352
2026-08-14 17:40:00+00:00,159.36438,159.37617,159.34768,159.37371
2026-08-14 17:45:00+00:00,159.3701,159.38302,159.36783,159.37684
2026-08-14 17:50:00+00:00,159.3757,159.3757,159.36359,159.37288
2026-08-14 17:55:00+00:00,159.36995,159.37445,159.36373,159.36626
2026-08-14 18:00:00+00:00,159.3665,159.37422,159.36141,159.36205
2026-08-14 18:05:00+00:00,159.365,159.3742,159.34763,159.36529
2026-08-14 18:10:00+00:00,159.36221,159.38325,159.36221,159.38132
2026-08-14 18:15:00+00:00,159.37193,159.39836,159.37179,159.37358
2026-08-14 18:20:00+00:00,159.376,159.38265,159.37282,159.38063
2026-08-14 18:25:00+00:00,159.37764,159.38351,159.36821,159.37278
2026-08-14 18:30:00+00:00,159.3713,159.3901,159.36636,159.3887
2026-08-14 18:35:00+00:00,159.38528,159.3954,159.36966,159.38823
2026-08-14 18:40:00+00:00,159.38623,159.38767,159.37626,159.37626
2026-08-14 18:45:00+00:00,159.37749,159.38786,159.36804,159.3792
2026-08-14 18:50:00+00:00,159.37738,159.37767,159.36647,159.37191
2026-08-14 18:55:00+00:00,159.36846,159.39221,159.35913,159.39071
2026-08-14 19:00:00+00:00,159.38735,159.38964,159.36743,159.38054
2026-08-14 19:05:00+00:00,159.37479,159.39554,159.37479,159.38108
2026-08-14 19:10:00+00:00,159.37923,159.38493,159.37299,159.37872
2026-08-14 19:15:00+00:00,159.37319,159.3951,159.37319,159.38164
2026-08-14 19:20:00+00:00,159.38279,159.39189,159.36998,159.38817
2026-08-14 19:25:00+00:00,159.38295,159.38939,159.37098,159.3728
2026-08-14 19:30:00+00:00,159.37419,159.39288,159.37019,159.39225
2026-08-14 19:35:00+00:00,159.38886,159.38941,159.37489,159.38825
2026-08-14 19:40:00+00:00,159.38575,159.39358,159.37629,159.39159
2026-08-14 19:45:00+00:00,159.38864,159.4051,159.38237,159.39436
2026-08-14 19:50:00+00:00,159.39543,159.39543,159.37471,159.37666
2026-08-14 19:55:00+00:00,159.37682,159.38562,159.36515,159.37583
2026-08-14 20:00:00+00:00,159.37076,159.37852,159.34673,159.35002
2026-08-14 20:05:00+00:00,159.3508,159.37006,159.33337,159.35108
2026-08-14 20:10:00+00:00,159.35568,159.36372,159.34666,159.36263
2026-08-14 20:15:00+00:00,159.35638,159.37015,159.35638,159.35756
2026-08-14 20:20:00+00:00,159.35907,159.3648,159.34668,159.35095
2026-08-14 20:25:00+00:00,159.35118,159.35567,159.33383,159.3364
2026-08-14 20:30:00+00:00,159.33878,159.33878,159.32279,159.32852
2026-08-14 20:35:00+00:00,159.32218,159.35731,159.31901,159.35509
2026-08-14 20:40:00+00:00,159.3513,159.35297,159.33718,159.33801
2026-08-14 20:45:00+00:00,159.33851,159.34284,159.31925,159.3269
2026-08-14 20:50:00+00:00,159.32436,159.32689,159.31981,159.32653
2026-08-14 20:55:00+00:00,159.32325,159.33538,159.3193,159.3206
2026-08-14 21:00:00+00:00,159.32164,159.3552,159.28427,159.29001
2026-08-14 21:05:00+00:00,159.30024,159.31823,159.26073,159.30217
2026-08-14 21:10:00+00:00,159.29372,159.29774,159.26715,159.29535
2026-08-14 21:15:00+00:00,159.28736,159.30089,159.26992,159.29351
2026-08-14 21:20:00+00:00,159.28921,159.2966,159.27475,159.29117
2026-08-14 21:25:00+00:00,159.28835,159.29535,159.27293,159.29143
2026-08-14 21:30:00+00:00,159.28817,159.29712,159.27945,159.28106
2026-08-14 21:35:00+00:00,159.28084,159.29411,159.2604,159.26493
2026-08-14 21:40:00+00:00,159.27649,159.29253,159.27649,159.29072
2026-08-14 21:45:00+00:00,159.28745,159.29669,159.28452,159.29293
2026-08-14 21:50:00+00:00,159.29008,159.29665,159.28379,159.28965
2026-08-14 21:55:00+00:00,159.28784,159.29584,159.27973,159.28758
2026-08-14 22:00:00+00:00,159.2886,159.29689,159.23808,159.29331
2026-08-14 22:05:00+00:00,159.28698,159.30151,159.28456,159.29912
2026-08-14 22:10:00+00:00,159.29539,159.30134,159.28475,159.2892
2026-08-14 22:15:00+00:00,159.28936,159.29685,159.28742,159.29565
2026-08-14 22:20:00+00:00,159.29358,159.29684,159.28737,159.28837
2026-08-14 22:25:00+00:00,159.28997,159.30139,159.2847,159.29915
2026-08-14 22:30:00+00:00,159.29542,159.30148,159.2846,159.28888
2026-08-14 22:35:00+00:00,159.28944,159.29688,159.28743,159.29565
2026-08-14 22:40:00+00:00,159.29356,159.29679,159.28729,159.28851
2026-08-14 22:45:00+00:00,159.28989,159.30123,159.28488,159.29914
2026-08-14 22:50:00+00:00,159.29544,159.30157,159.28449,159.289
2026-08-14 22:55:00+00:00,159.28952,159.29822,159.28889,159.29693
2026-08-14 23:00:00+00:00,159.29479,159.29794,159.23765,159.29428
2026-08-14 23:05:00+00:00,159.28798,159.30224,159.28672,159.30016
2026-08-14 23:10:00+00:00,159.29661,159.30284,159.28609,159.29023
2026-08-14 23:15:00+00:00,159.29103,159.29865,159.28882,159.29736
2026-08-14 23:20:00+00:00,159.29516,159.29795,159.28882,159.29016
2026-08-14 23:25:00+00:00,159.29115,159.30202,159.28696,159.30009
2026-08-14 23:30:00+00:00,159.29661,159.30286,159.28607,159.29006
2026-08-14 23:35:00+00:00,159.29111,159.29842,159.28874,159.29678
2026-08-14 23:40:00+00:00,159.29478,159.29809,159.28883,159.29009
2026-08-14 23:45:00+00:00,159.29109,159.30176,159.28722,159.29999
2026-08-14 23:50:00+00:00,159.29661,159.30801,159.274,159.29009
2026-08-14 23:55:00+00:00,159.29103,159.29807,159.28907,159.29677
2026-08-15 00:00:00+00:00,159.29341,159.31391,159.27937,159.31154
2026-08-15 00:05:00+00:00,159.30547,159.32553,159.30547,159.32322
2026-08-15 00:10:00+00:00,159.31965,159.32696,159.31783,159.32367
2026-08-15 00:15:00+00:00,159.3204,159.3271,159.31932,159.31932
2026-08-15 00:20:00+00:00,159.32048,159.32762,159.31817,159.32216
2026-08-15 00:25:00+00:00,159.32049,159.32549,159.31735,159.32344
2026-08-15 00:30:00+00:00,159.31987,159.3274,159.31803,159.32388
2026-08-15 00:35:00+00:00,159.32047,159.3269,159.31938,159.31938
2026-08-15 00:40:00+00:00,159.32049,159.32766,159.31827,159.32237
2026-08-15 00:45:00+00:00,159.3205,159.32574,159.31899,159.32396
2026-08-15 00:50:00+00:00,159.32049,159.32744,159.31542,159.32362
2026-08-15 00:55:00+00:00,159.31982,159.35068,159.31403,159.32459
2026-08-15 01:00:00+00:00,159.32827,159.32942,159.29657,159.31837
2026-08-15 01:05:00+00:00,159.31611,159.32528,159.31611,159.32378
2026-08-15 01:10:00+00:00,159.32037,159.32753,159.31811,159.32419
2026-08-15 01:15:00+00:00,159.32049,159.326,159.31724,159.31894
2026-08-15 01:20:00+00:00,159.31994,159.32752,159.31813,159.32273
2026-08-15 01:25:00+00:00,159.32046,159.32502,159.31954,159.3238
2026-08-15 01:30:00+00:00,159.32049,159.32762,159.31818,159.32433
2026-08-15 01:35:00+00:00,159.3205,159.32609,159.31965,159.31965
2026-08-15 01:40:00+00:00,159.32051,159.32404,159.28738,159.31707
2026-08-15 01:45:00+00:00,159.31425,159.32448,159.31425,159.32353
2026-08-15 01:50:00+00:00,159.32032,159.32766,159.31825,159.32035
2026-08-15 01:55:00+00:00,159.3205,159.32575,159.31974,159.31974
2026-08-15 02:00:00+00:00,159.32049,159.33321,159.3,159.32074
2026-08-15 02:05:00+00:00,159.31794,159.32512,159.31719,159.32294
2026-08-15 02:10:00+00:00,159.31982,159.32762,159.31825,159.32015
2026-08-15 02:15:00+00:00,159.32047,159.32539,159.31984,159.31986
2026-08-15 02:20:00+00:00,159.32048,159.32756,159.31814,159.32329
2026-08-15 02:25:00+00:00,159.32051,159.32607,159.32048,159.32344
2026-08-15 02:30:00+00:00,159.32049,159.32681,159.31588,159.31931
2026-08-15 02:35:00+00:00,159.31984,159.325,159.31936,159.31999
2026-08-15 02:40:00+00:00,159.32046,159.32761,159.31816,159.32342
2026-08-15 02:45:00+00:00,159.32048,159.32636,159.32047,159.32327
2026-08-15 02:50:00+00:00,159.32048,159.32754,159.31812,159.31987
2026-08-15 02:55:00+00:00,159.32049,159.32466,159.31726,159.3231
2026-08-15 03:00:00+00:00,159.32052,159.32371,159.29515,159.31846
2026-08-15 03:05:00+00:00,159.3149,159.32456,159.3149,159.32277
2026-08-15 03:10:00+00:00,159.32013,159.3276,159.31821,159.31985
2026-08-15 03:15:00+00:00,159.3206,159.32575,159.31903,159.32035
2026-08-15 03:20:00+00:00,159.3205,159.32358,159.29404,159.31538
2026-08-15 03:25:00+00:00,159.31135,159.32375,159.31135,159.32313
2026-08-15 03:30:00+00:00,159.32068,159.32755,159.31813,159.31964
2026-08-15 03:35:00+00:00,159.3205,159.32607,159.31877,159.32268
2026-08-15 03:40:00+00:00,159.3205,159.32762,159.31818,159.3238
2026-08-15 03:45:00+00:00,159.32049,159.32711,159.3173,159.32217
2026-08-15 03:50:00+00:00,159.31989,159.32762,159.31815,159.31951
2026-08-15 03:55:00+00:00,159.32048,159.32637,159.31857,159.32247
2026-08-15 04:00:00+00:00,159.32049,159.32689,159.30017,159.32153
2026-08-15 04:05:00+00:00,159.31787,159.32667,159.31787,159.32251
2026-08-15 04:10:00+00:00,159.32043,159.32737,159.31634,159.31875
2026-08-15 04:15:00+00:00,159.31987,159.32658,159.31822,159.32226
2026-08-15 04:20:00+00:00,159.32048,159.32753,159.31813,159.32406
2026-08-15 04:25:00+00:00,159.3206,159.32746,159.319,159.32277
2026-08-15 04:30:00+00:00,159.3205,159.32766,159.31839,159.31938
2026-08-15 04:35:00+00:00,159.32049,159.32467,159.31724,159.32162
2026-08-15 04:40:00+00:00,159.31993,159.3273,159.31812,159.32402
2026-08-15 04:45:00+00:00,159.3205,159.32755,159.31876,159.32298
2026-08-15 04:50:00+00:00,159.32049,159.32762,159.31857,159.31935
2026-08-15 04:55:00+00:00,159.3205,159.32711,159.31818,159.32187
2026-08-15 05:00:00+00:00,159.3205,159.32277,159.26538,159.31405
2026-08-15 05:05:00+00:00,159.30424,159.32547,159.30424,159.32288
2026-08-15 05:10:00+00:00,159.32012,159.32753,159.31874,159.31929
2026-08-15 05:15:00+00:00,159.32048,159.32727,159.31811,159.32211
2026-08-15 05:20:00+00:00,159.32106,159.32693,159.31827,159.3241
2026-08-15 05:25:00+00:00,159.32053,159.32766,159.31618,159.32291
2026-08-15 05:30:00+00:00,159.3199,159.32739,159.31894,159.31925
2026-08-15 05:35:00+00:00,159.32045,159.32742,159.31808,159.32173
2026-08-15 05:40:00+00:00,159.32048,159.32703,159.31877,159.32445
2026-08-15 05:45:00+00:00,159.32086,159.3278,159.31833,159.32355
2026-08-15 05:50:00+00:00,159.3205,159.32686,159.31797,159.31823
2026-08-15 05:55:00+00:00,159.31955,159.32743,159.31785,159.32192
2026-08-15 06:00:00+00:00,159.32047,159.32339,159.29493,159.31956
2026-08-15 06:05:00+00:00,159.31547,159.3268,159.31547,159.32362
2026-08-15 06:10:00+00:00,159.32036,159.32711,159.31934,159.31934
2026-08-15 06:15:00+00:00,159.3205,159.32762,159.31589,159.32106
2026-08-15 06:20:00+00:00,159.31938,159.32603,159.31874,159.32398
2026-08-15 06:25:00+00:00,159.32044,159.32754,159.31812,159.3239
2026-08-15 06:30:00+00:00,159.32049,159.32692,159.31938,159.31938
2026-08-15 06:35:00+00:00,159.3205,159.32766,159.31828,159.32236
2026-08-15 06:40:00+00:00,159.3205,159.32957,159.28339,159.31085
2026-08-15 06:45:00+00:00,159.30261,159.36264,159.29552,159.34791
2026-08-15 06:50:00+00:00,159.3222,159.37599,159.32164,159.32199
2026-08-15 06:55:00+00:00,159.32275,159.32793,159.31845,159.32263
2026-08-15 07:00:00+00:00,159.32057,159.32466,159.29528,159.3194
2026-08-15 07:05:00+00:00,159.31551,159.32612,159.31551,159.32329
2026-08-15 07:10:00+00:00,159.31935,159.32636,159.31935,159.31948
2026-08-15 07:15:00+00:00,159.32045,159.32761,159.31818,159.32275
2026-08-15 07:20:00+00:00,159.32049,159.32503,159.31953,159.3238
2026-08-15 07:25:00+00:00,159.32049,159.32762,159.31817,159.32433
2026-08-15 07:30:00+00:00,159.32049,159.32549,159.31727,159.32294
2026-08-15 07:35:00+00:00,159.31922,159.32739,159.31802,159.32289
2026-08-15 07:40:00+00:00,159.32044,159.32536,159.31984,159.3237
2026-08-15 07:45:00+00:00,159.3205,159.32766,159.31826,159.32034
2026-08-15 07:50:00+00:00,159.32049,159.32575,159.31974,159.31974
2026-08-15 07:55:00+00:00,159.32049,159.32743,159.31542,159.32201
2026-08-15 08:00:00+00:00,159.31934,159.32544,159.31934,159.32352
2026-08-15 08:05:00+00:00,159.32044,159.32766,159.31828,159.32019
2026-08-15 08:10:00+00:00,159.3205,159.3254,159.31986,159.31987
2026-08-15 08:15:00+00:00,159.32049,159.32754,159.31812,159.32355
2026-08-15 08:20:00+00:00,159.31983,159.32806,159.28282,159.31179
2026-08-15 08:25:00+00:00,159.30322,159.32682,159.30322,159.32429
2026-08-15 08:30:00+00:00,159.32007,159.32503,159.31944,159.32
2026-08-15 08:35:00+00:00,159.32048,159.32761,159.31818,159.32342
2026-08-15 08:40:00+00:00,159.32049,159.32637,159.32049,159.32329
2026-08-15 08:45:00+00:00,159.3205,159.32658,159.31664,159.32385
2026-08-15 08:50:00+00:00,159.31945,159.3252,159.31896,159.32012
2026-08-15 08:55:00+00:00,159.32045,159.32766,159.31827,159.32357
2026-08-15 09:00:00+00:00,159.32049,159.32664,159.32021,159.32313
2026-08-15 09:05:00+00:00,159.3205,159.32744,159.31812,159.31976
2026-08-15 09:10:00+00:00,159.32051,159.32574,159.31721,159.32201
2026-08-15 09:15:00+00:00,159.31917,159.32762,159.31825,159.32365
2026-08-15 09:20:00+00:00,159.32045,159.32688,159.31986,159.32296
2026-08-15 09:25:00+00:00,159.3205,159.32771,159.31813,159.31964
2026-08-15 09:30:00+00:00,159.32053,159.3261,159.31883,159.32269
2026-08-15 09:35:00+00:00,159.3205,159.32658,159.31474,159.32276
2026-08-15 09:40:00+00:00,159.31938,159.32683,159.31936,159.32273
2026-08-15 09:45:00+00:00,159.32046,159.32762,159.31818,159.31954
2026-08-15 09:50:00+00:00,159.3205,159.32637,159.31858,159.32247
2026-08-15 09:55:00+00:00,159.3205,159.32754,159.31812,159.32388
2026-08-15 10:00:00+00:00,159.32049,159.32728,159.28281,159.31269
2026-08-15 10:05:00+00:00,159.30372,159.32737,159.30372,159.319
2026-08-15 10:10:00+00:00,159.32007,159.32657,159.31829,159.32226
2026-08-15 10:15:00+00:00,159.32048,159.32744,159.31811,159.32396
2026-08-15 10:20:00+00:00,159.3205,159.32744,159.31901,159.32276
2026-08-15 10:25:00+00:00,159.3205,159.32784,159.31867,159.31966
2026-08-15 10:30:00+00:00,159.32075,159.32693,159.31834,159.32207
2026-08-15 10:35:00+00:00,159.3205,159.3273,159.31812,159.32402
2026-08-15 10:40:00+00:00,159.32049,159.32754,159.31877,159.32297
2026-08-15 10:45:00+00:00,159.3205,159.32762,159.31855,159.31933
2026-08-15 10:50:00+00:00,159.32049,159.34632,159.2715,159.31504
2026-08-15 10:55:00+00:00,159.29966,159.33273,159.29966,159.32414
2026-08-15 11:00:00+00:00,159.32058,159.32793,159.31858,159.32584
2026-08-15 11:05:00+00:00,159.3204,159.32774,159.31904,159.3196
2026-08-15 11:10:00+00:00,159.32076,159.32733,159.31819,159.32168
2026-08-15 11:15:00+00:00,159.32051,159.32833,159.31918,159.32708
2026-08-15 11:20:00+00:00,159.32027,159.33399,159.32027,159.32368
2026-08-15 11:25:00+00:00,159.32103,159.32746,159.319,159.31932
2026-08-15 11:30:00+00:00,159.32051,159.32743,159.31811,159.32174
2026-08-15 11:35:00+00:00,159.3205,159.32667,159.3184,159.32408
2026-08-15 11:40:00+00:00,159.3205,159.33549,159.28883,159.2927
2026-08-15 11:45:00+00:00,159.29896,159.34477,159.29896,159.3223
2026-08-15 11:50:00+00:00,159.32327,159.32833,159.31928,159.32227
2026-08-15 11:55:00+00:00,159.32082,159.32643,159.31858,159.3241
2026-08-15 12:00:00+00:00,159.32054,159.32764,159.3182,159.32373
2026-08-15 12:05:00+00:00,159.3205,159.3254,159.3166,159.31662
2026-08-15 12:10:00+00:00,159.31801,159.32692,159.31708,159.32187
2026-08-15 12:15:00+00:00,159.32021,159.32606,159.31874,159.324
2026-08-15 12:20:00+00:00,159.32047,159.32754,159.31812,159.32389
2026-08-15 12:25:00+00:00,159.3205,159.32691,159.31939,159.31939
2026-08-15 12:30:00+00:00,159.3205,159.32766,159.31648,159.3176
2026-08-15 12:35:00+00:00,159.31776,159.32548,159.31776,159.32369
2026-08-15 12:40:00+00:00,159.32019,159.32739,159.31803,159.32402
2026-08-15 12:45:00+00:00,159.32047,159.32667,159.31945,159.31945
2026-08-15 12:50:00+00:00,159.3205,159.32766,159.31828,159.32256
2026-08-15 12:55:00+00:00,159.3205,159.32463,159.31648,159.32122
2026-08-15 13:00:00+00:00,159.31764,159.3271,159.31742,159.32398
2026-08-15 13:05:00+00:00,159.32022,159.32637,159.3195,159.3195
2026-08-15 13:10:00+00:00,159.32047,159.32762,159.31818,159.32275
2026-08-15 13:15:00+00:00,159.3205,159.32505,159.31953,159.32381
2026-08-15 13:20:00+00:00,159.3205,159.33837,159.2936,159.29672
2026-08-15 13:25:00+00:00,159.30312,159.32485,159.30312,159.32235
2026-08-15 13:30:00+00:00,159.31869,159.32708,159.31781,159.32273
2026-08-15 13:35:00+00:00,159.32028,159.3253,159.31983,159.32368
2026-08-15 13:40:00+00:00,159.32048,159.32766,159.31827,159.32036
2026-08-15 13:45:00+00:00,159.3205,159.32422,159.31658,159.31675
2026-08-15 13:50:00+00:00,159.31797,159.32715,159.31766,159.32283
2026-08-15 13:55:00+00:00,159.3202,159.32562,159.32016,159.32355
2026-08-15 14:00:00+00:00,159.32047,159.32766,159.31828,159.32019
2026-08-15 14:05:00+00:00,159.3205,159.32542,159.31987,159.31987
2026-08-15 14:10:00+00:00,159.3205,159.3273,159.31656,159.3206
2026-08-15 14:15:00+00:00,159.31769,159.32497,159.31769,159.32316
2026-08-15 14:20:00+00:00,159.3202,159.32758,159.31816,159.32
2026-08-15 14:25:00+00:00,159.32047,159.32505,159.31955,159.32001
2026-08-15 14:30:00+00:00,159.3205,159.32762,159.31818,159.32349
2026-08-15 14:35:00+00:00,159.31978,159.32951,159.31698,159.31848
2026-08-15 14:40:00+00:00,159.31838,159.32722,159.31791,159.31967
2026-08-15 14:45:00+00:00,159.32029,159.32532,159.31918,159.32015
2026-08-15 14:50:00+00:00,159.32048,159.32766,159.31827,159.32357
2026-08-15 14:55:00+00:00,159.3205,159.32664,159.32022,159.32313
2026-08-15 15:00:00+00:00,159.3205,159.34032,159.2935,159.29638
2026-08-15 15:05:00+00:00,159.30354,159.32232,159.30354,159.3172
2026-08-15 15:10:00+00:00,159.3176,159.32716,159.3176,159.32319
2026-08-15 15:15:00+00:00,159.31996,159.32668,159.31975,159.32291
2026-08-15 15:20:00+00:00,159.32045,159.32754,159.31812,159.31963
2026-08-15 15:25:00+00:00,159.32049,159.32606,159.31562,159.31618
2026-08-15 15:30:00+00:00,159.31732,159.32708,159.31732,159.32325
2026-08-15 15:35:00+00:00,159.31991,159.32688,159.31942,159.32272
2026-08-15 15:40:00+00:00,159.32044,159.32762,159.31817,159.31953
2026-08-15 15:45:00+00:00,159.32049,159.32636,159.31858,159.32248
2026-08-15 15:50:00+00:00,159.3205,159.3261,159.31568,159.32059
2026-08-15 15:55:00+00:00,159.31698,159.32594,159.31698,159.32229
2026-08-15 16:00:00+00:00,159.32014,159.35885,159.23933,159.30752
2026-08-15 16:05:00+00:00,159.29948,159.32182,159.29948,159.32042
2026-08-15 16:10:00+00:00,159.31814,159.32719,159.31794,159.32371
2026-08-15 16:15:00+00:00,159.32022,159.32733,159.31658,159.31765
2026-08-15 16:20:00+00:00,159.3177,159.32748,159.3177,159.3191
2026-08-15 16:25:00+00:00,159.32023,159.32681,159.31816,159.32205
2026-08-15 16:30:00+00:00,159.32047,159.3273,159.31812,159.32402
2026-08-15 16:35:00+00:00,159.3205,159.32755,159.31878,159.32297
2026-08-15 16:40:00+00:00,159.3205,159.3264,159.30961,159.31302
2026-08-15 16:45:00+00:00,159.31694,159.322,159.29404,159.31955
2026-08-15 16:50:00+00:00,159.31751,159.3268,159.31751,159.32374
2026-08-15 16:55:00+00:00,159.32015,159.32749,159.31845,159.32304
2026-08-15 17:00:00+00:00,159.32037,159.32331,159.2245,159.29145
2026-08-15 17:05:00+00:00,159.28028,159.32075,159.28028,159.31703
2026-08-15 17:10:00+00:00,159.31584,159.32606,159.31529,159.32323
2026-08-15 17:15:00+00:00,159.31959,159.32732,159.31819,159.32329
2026-08-15 17:20:00+00:00,159.32041,159.32744,159.31897,159.3193
2026-08-15 17:25:00+00:00,159.32049,159.32743,159.31811,159.32173
2026-08-15 17:30:00+00:00,159.3205,159.32667,159.31571,159.32408
2026-08-15 17:35:00+00:00,159.32104,159.32618,159.31652,159.3231
2026-08-15 17:40:00+00:00,159.32005,159.32726,159.31917,159.31924
2026-08-15 17:45:00+00:00,159.32043,159.32752,159.31808,159.32193
2026-08-15 17:50:00+00:00,159.32048,159.3264,159.31856,159.32406
2026-08-15 17:55:00+00:00,159.3205,159.32763,159.31819,159.32197
2026-08-15 18:00:00+00:00,159.32042,159.32711,159.2399,159.30669
2026-08-15 18:05:00+00:00,159.29905,159.32034,159.29905,159.31649
2026-08-15 18:10:00+00:00,159.31436,159.32508,159.31436,159.32301
2026-08-15 18:15:00+00:00,159.31941,159.32714,159.31787,159.32372
2026-08-15 18:20:00+00:00,159.32033,159.32463,159.30509,159.31008
2026-08-15 18:25:00+00:00,159.31627,159.32568,159.28827,159.3214
2026-08-15 18:30:00+00:00,159.31954,159.32552,159.31882,159.32372
2026-08-15 18:35:00+00:00,159.32023,159.32733,159.31795,159.32398
2026-08-15 18:40:00+00:00,159.32043,159.32666,159.31943,159.31943
2026-08-15 18:45:00+00:00,159.32048,159.32765,159.31658,159.3227
2026-08-15 18:50:00+00:00,159.32073,159.3233,159.31558,159.32179
2026-08-15 18:55:00+00:00,159.31824,159.32699,159.31726,159.32384
2026-08-15 19:00:00+00:00,159.32015,159.32324,159.23816,159.29694
2026-08-15 19:05:00+00:00,159.28754,159.3179,159.28754,159.31374
2026-08-15 19:10:00+00:00,159.31126,159.32126,159.31126,159.32002
2026-08-15 19:15:00+00:00,159.31717,159.32503,159.31196,159.32174
2026-08-15 19:20:00+00:00,159.31791,159.32503,159.31778,159.32256
2026-08-15 19:25:00+00:00,159.31894,159.3265,159.31707,159.32188
2026-08-15 19:30:00+00:00,159.3194,159.3247,159.3194,159.32343
2026-08-15 19:35:00+00:00,159.32022,159.32755,159.31809,159.32024
2026-08-15 19:40:00+00:00,159.32002,159.32438,159.3155,159.322
2026-08-15 19:45:00+00:00,159.31846,159.32606,159.31672,159.32173
2026-08-15 19:50:00+00:00,159.31911,159.32434,159.31879,159.3222
2026-08-15 19:55:00+00:00,159.31911,159.32678,159.3174,159.3193
2026-08-15 20:00:00+00:00,159.31965,159.32405,159.23821,159.29103
2026-08-15 20:05:00+00:00,159.28446,159.30203,159.27796,159.29778
2026-08-15 20:10:00+00:00,159.29496,159.3006,159.29496,159.29787
2026-08-15 20:15:00+00:00,159.29496,159.31127,159.29314,159.30366
2026-08-15 20:20:00+00:00,159.30415,159.30873,159.30317,159.30369
2026-08-15 20:25:00+00:00,159.30415,159.31129,159.30185,159.30736
2026-08-15 20:30:00+00:00,159.30338,159.31534,159.30338,159.3133
2026-08-15 20:35:00+00:00,159.30892,159.32276,159.30892,159.32017
2026-08-15 20:40:00+00:00,159.31597,159.32086,159.31474,159.31565
2026-08-15 20:45:00+00:00,159.31597,159.32314,159.31375,159.31905
2026-08-15 20:50:00+00:00,159.31597,159.32212,159.3144,159.3186
2026-08-15 20:55:00+00:00,159.31626,159.32562,159.31097,159.32258
2026-08-15 21:00:00+00:00,159.31783,159.3213,159.23874,159.3054
2026-08-15 21:05:00+00:00,159.29865,159.32522,159.29865,159.32125
2026-08-15 21:10:00+00:00,159.31791,159.32734,159.31791,159.32472
2026-08-15 21:15:00+00:00,159.32232,159.3276,159.31831,159.31983
2026-08-15 21:20:00+00:00,159.32021,159.325,159.31669,159.32236
2026-08-15 21:25:00+00:00,159.32008,159.32759,159.31816,159.32375
2026-08-15 21:30:00+00:00,159.32045,159.32708,159.31956,159.32278
2026-08-15 21:35:00+00:00,159.32049,159.32762,159.31818,159.31954
2026-08-15 21:40:00+00:00,159.3205,159.32636,159.31858,159.32249
2026-08-15 21:45:00+00:00,159.3205,159.32872,159.29399,159.31917
2026-08-15 21:50:00+00:00,159.31546,159.32535,159.31546,159.32217
2026-08-15 21:55:00+00:00,159.31998,159.32993,159.31946,159.32138
2026-08-15 22:00:00+00:00,159.32229,159.3248,159.24066,159.30511
2026-08-15 22:05:00+00:00,159.29866,159.32505,159.29866,159.32157
2026-08-15 22:10:00+00:00,159.31794,159.32431,159.31619,159.32207
2026-08-15 22:15:00+00:00,159.31957,159.3276,159.3183,159.3193
2026-08-15 22:20:00+00:00,159.32041,159.32686,159.31825,159.32207
2026-08-15 22:25:00+00:00,159.32049,159.32731,159.31813,159.32402
2026-08-15 22:30:00+00:00,159.3205,159.32754,159.31879,159.32296
2026-08-15 22:35:00+00:00,159.3205,159.32718,159.31658,159.31864
2026-08-15 22:40:00+00:00,159.31985,159.33175,159.31543,159.32234
2026-08-15 22:45:00+00:00,159.32238,159.32734,159.31831,159.32427
2026-08-15 22:50:00+00:00,159.32072,159.32771,159.31864,159.32318
2026-08-15 22:55:00+00:00,159.32052,159.32756,159.31875,159.31932
2026-08-15 23:00:00+00:00,159.3205,159.32557,159.23937,159.24871
2026-08-15 23:05:00+00:00,159.26511,159.32093,159.26511,159.31812
2026-08-15 23:10:00+00:00,159.31411,159.32564,159.31411,159.32286
2026-08-15 23:15:00+00:00,159.31986,159.32741,159.31891,159.31924
2026-08-15 23:20:00+00:00,159.32044,159.32741,159.31808,159.32172
2026-08-15 23:25:00+00:00,159.32049,159.32485,159.29476,159.32227
2026-08-15 23:30:00+00:00,159.31856,159.32692,159.31781,159.32339
2026-08-15 23:35:00+00:00,159.32031,159.3273,159.31921,159.31929
2026-08-15 23:40:00+00:00,159.32048,159.32754,159.31812,159.32194
2026-08-15 23:45:00+00:00,159.3205,159.3264,159.31855,159.32407
2026-08-15 23:50:00+00:00,159.3205,159.326,159.31647,159.32318
2026-08-15 23:55:00+00:00,159.3198,159.32701,159.31922,159.31922
2026-08-16 00:00:00+00:00,159.32038,159.3275,159.31806,159.32203
2026-08-16 00:05:00+00:00,159.32038,159.32599,159.31863,159.32391
2026-08-16 00:10:00+00:00,159.32038,159.32744,159.31801,159.32385
2026-08-16 00:15:00+00:00,159.32045,159.32647,159.31649,159.31868
2026-08-16 00:20:00+00:00,159.31984,159.32748,159.31798,159.32228
2026-08-16 00:25:00+00:00,159.32042,159.32577,159.31897,159.32397
2026-08-16 00:30:00+00:00,159.32049,159.32745,159.31811,159.32404
2026-08-16 00:35:00+00:00,159.3205,159.32668,159.31945,159.31945
2026-08-16 00:40:00+00:00,159.3205,159.32618,159.31571,159.32185
2026-08-16 00:45:00+00:00,159.31978,159.32536,159.31919,159.32383
2026-08-16 00:50:00+00:00,159.32042,159.32753,159.31811,159.32418
2026-08-16 00:55:00+00:00,159.32049,159.32641,159.31953,159.31953
2026-08-16 01:00:00+00:00,159.3205,159.32763,159.31819,159.32275
2026-08-16 01:05:00+00:00,159.3205,159.32128,159.28205,159.317
2026-08-16 01:10:00+00:00,159.31326,159.32648,159.31326,159.32377
2026-08-16 01:15:00+00:00,159.31979,159.32606,159.31955,159.31955
2026-08-16 01:20:00+00:00,159.32043,159.32754,159.31812,159.32293
2026-08-16 01:25:00+00:00,159.32049,159.32536,159.31983,159.32371
2026-08-16 01:30:00+00:00,159.3205,159.32656,159.31648,159.3239
2026-08-16 01:35:00+00:00,159.31982,159.32573,159.31966,159.31966
2026-08-16 01:40:00+00:00,159.32043,159.32743,159.3181,159.3231
2026-08-16 01:45:00+00:00,159.32049,159.32572,159.32017,159.32359
2026-08-16 01:50:00+00:00,159.3205,159.32767,159.31829,159.3202
2026-08-16 01:55:00+00:00,159.3205,159.32498,159.31654,159.31916
2026-08-16 02:00:00+00:00,159.31984,159.32747,159.31801,159.3232
2026-08-16 02:05:00+00:00,159.32042,159.32602,159.32042,159.32345
2026-08-16 02:10:00+00:00,159.32049,159.33878,159.31802,159.3245
2026-08-16 02:15:00+00:00,159.32534,159.32632,159.32056,159.32056
2026-08-16 02:20:00+00:00,159.32102,159.32697,159.31658,159.32277
2026-08-16 02:25:00+00:00,159.31984,159.32593,159.31965,159.32313
2026-08-16 02:30:00+00:00,159.32032,159.32753,159.31811,159.31987
2026-08-16 02:35:00+00:00,159.32048,159.32536,159.31928,159.32016
2026-08-16 02:40:00+00:00,159.3205,159.32766,159.31827,159.32356
2026-08-16 02:45:00+00:00,159.3205,159.3205,159.27704,159.31595
2026-08-16 02:50:00+00:00,159.31231,159.32689,159.31231,159.31892
2026-08-16 02:55:00+00:00,159.31971,159.3255,159.31868,159.32024
2026-08-16 03:00:00+00:00,159.32041,159.32766,159.31828,159.32368
2026-08-16 03:05:00+00:00,159.32049,159.32687,159.31989,159.32297
2026-08-16 03:10:00+00:00,159.3205,159.32684,159.31655,159.31854
2026-08-16 03:15:00+00:00,159.31947,159.3256,159.31808,159.32256
2026-08-16 03:20:00+00:00,159.32032,159.3276,159.31817,159.32377
2026-08-16 03:25:00+00:00,159.32047,159.32707,159.31957,159.32278
2026-08-16 03:30:00+00:00,159.32049,159.32762,159.31818,159.31954
2026-08-16 03:35:00+00:00,159.3205,159.32367,159.31654,159.32117
2026-08-16 03:40:00+00:00,159.31883,159.32727,159.31784,159.3236
2026-08-16 03:45:00+00:00,159.32021,159.32709,159.31917,159.32252
2026-08-16 03:50:00+00:00,159.32042,159.32765,159.31825,159.31944
2026-08-16 03:55:00+00:00,159.32048,159.32662,159.31841,159.32228
2026-08-16 04:00:00+00:00,159.32049,159.32635,159.31663,159.32286
2026-08-16 04:05:00+00:00,159.31932,159.32698,159.31873,159.32257
2026-08-16 04:10:00+00:00,159.32032,159.32764,159.31834,159.31935
2026-08-16 04:15:00+00:00,159.32045,159.32686,159.31826,159.32208
2026-08-16 04:20:00+00:00,159.32049,159.32731,159.31812,159.32402
2026-08-16 04:25:00+00:00,159.3205,159.35466,159.26724,159.29532
2026-08-16 04:30:00+00:00,159.28381,159.31813,159.28381,159.30148
2026-08-16 04:35:00+00:00,159.30672,159.32104,159.30672,159.31579
2026-08-16 04:40:00+00:00,159.31443,159.32324,159.31423,159.32017
2026-08-16 04:45:00+00:00,159.31633,159.32513,159.31633,159.32238
2026-08-16 04:50:00+00:00,159.31947,159.32511,159.31547,159.32223
2026-08-16 04:55:00+00:00,159.31805,159.33123,159.31159,159.32294
2026-08-16 05:00:00+00:00,159.32302,159.32759,159.31893,159.32474
2026-08-16 05:05:00+00:00,159.32116,159.32832,159.31885,159.32353
2026-08-16 05:10:00+00:00,159.32067,159.32763,159.31915,159.31948
2026-08-16 05:15:00+00:00,159.32067,159.32422,159.31566,159.31992
2026-08-16 05:20:00+00:00,159.31844,159.32584,159.31755,159.32324
2026-08-16 05:25:00+00:00,159.31966,159.32682,159.31745,159.323
2026-08-16 05:30:00+00:00,159.31996,159.32697,159.31889,159.31897
2026-08-16 05:35:00+00:00,159.32016,159.32732,159.31778,159.32172
2026-08-16 05:40:00+00:00,159.32028,159.32862,159.31973,159.32627
2026-08-16 05:45:00+00:00,159.3227,159.32983,159.3196,159.32512
2026-08-16 05:50:00+00:00,159.32191,159.32855,159.32075,159.32075
2026-08-16 05:55:00+00:00,159.32191,159.32852,159.31949,159.32272
2026-08-16 06:00:00+00:00,159.32108,159.32626,159.31884,159.32418
2026-08-16 06:05:00+00:00,159.32066,159.35337,159.27598,159.31453
2026-08-16 06:10:00+00:00,159.30846,159.32608,159.30846,159.31807
2026-08-16 06:15:00+00:00,159.31928,159.32732,159.31773,159.32221
2026-08-16 06:20:00+00:00,159.32036,159.32577,159.31896,159.32396
2026-08-16 06:25:00+00:00,159.32048,159.33636,159.31113,159.32381
2026-08-16 06:30:00+00:00,159.32425,159.32619,159.31706,159.31868
2026-08-16 06:35:00+00:00,159.31978,159.32746,159.31808,159.32247
2026-08-16 06:40:00+00:00,159.32042,159.32543,159.31922,159.3239
2026-08-16 06:45:00+00:00,159.32049,159.32754,159.31812,159.32418
2026-08-16 06:50:00+00:00,159.3205,159.32641,159.31953,159.31953
2026-08-16 06:55:00+00:00,159.3205,159.326,159.31647,159.32165
2026-08-16 07:00:00+00:00,159.31937,159.32495,159.31937,159.3237
2026-08-16 07:05:00+00:00,159.32037,159.3276,159.31815,159.32431
2026-08-16 07:10:00+00:00,159.32049,159.32611,159.31962,159.31962
2026-08-16 07:15:00+00:00,159.3205,159.32756,159.31813,159.32293
2026-08-16 07:20:00+00:00,159.3205,159.32536,159.31649,159.32261
2026-08-16 07:25:00+00:00,159.31933,159.32748,159.31798,159.32025
2026-08-16 07:30:00+00:00,159.32039,159.32578,159.31972,159.31972
2026-08-16 07:35:00+00:00,159.32049,159.32745,159.31811,159.3231
2026-08-16 07:40:00+00:00,159.3205,159.32571,159.32016,159.32359
2026-08-16 07:45:00+00:00,159.3205,159.35149,159.27602,159.31516
2026-08-16 07:50:00+00:00,159.3088,159.32459,159.3088,159.32248
2026-08-16 07:55:00+00:00,159.31926,159.3274,159.3179,159.32313
2026-08-16 08:00:00+00:00,159.32035,159.32598,159.32035,159.32344
2026-08-16 08:05:00+00:00,159.32048,159.32763,159.31819,159.32004
2026-08-16 08:10:00+00:00,159.3205,159.32437,159.31656,159.32246
2026-08-16 08:15:00+00:00,159.31946,159.3275,159.31799,159.32331
2026-08-16 08:20:00+00:00,159.32038,159.3263,159.32038,159.32329
2026-08-16 08:25:00+00:00,159.32049,159.32756,159.31813,159.31989
2026-08-16 08:30:00+00:00,159.3205,159.32536,159.31929,159.32016
2026-08-16 08:35:00+00:00,159.3205,159.32693,159.31558,159.32185
2026-08-16 08:40:00+00:00,159.31869,159.32592,159.31869,159.32296
2026-08-16 08:45:00+00:00,159.32031,159.32743,159.31809,159.31974
2026-08-16 08:50:00+00:00,159.32048,159.32571,159.31902,159.32033
2026-08-16 08:55:00+00:00,159.3205,159.32767,159.31829,159.32369
2026-08-16 09:00:00+00:00,159.3205,159.32687,159.31665,159.32125
2026-08-16 09:05:00+00:00,159.31872,159.32742,159.31794,159.31946
2026-08-16 09:10:00+00:00,159.32033,159.32599,159.31872,159.32269
2026-08-16 09:15:00+00:00,159.32048,159.32763,159.31819,159.32379
2026-08-16 09:20:00+00:00,159.3205,159.32709,159.31958,159.32279
2026-08-16 09:25:00+00:00,159.3205,159.32652,159.31646,159.32348
2026-08-16 09:30:00+00:00,159.31889,159.3259,159.31789,159.32236
2026-08-16 09:35:00+00:00,159.32032,159.32754,159.31812,159.32387
2026-08-16 09:40:00+00:00,159.32048,159.32727,159.31929,159.32259
2026-08-16 09:45:00+00:00,159.3205,159.32766,159.31826,159.31946
2026-08-16 09:50:00+00:00,159.3205,159.32662,159.3165,159.32097
2026-08-16 09:55:00+00:00,159.31882,159.33489,159.31824,159.32768
2026-08-16 10:00:00+00:00,159.32447,159.32894,159.32001,159.32306
2026-08-16 10:05:00+00:00,159.32091,159.32769,159.31843,159.31944
2026-08-16 10:10:00+00:00,159.32054,159.32688,159.31831,159.32209
2026-08-16 10:15:00+00:00,159.3205,159.32732,159.31812,159.32402
2026-08-16 10:20:00+00:00,159.3205,159.32754,159.31879,159.32296
2026-08-16 10:25:00+00:00,159.3205,159.32763,159.31855,159.31935
2026-08-16 10:30:00+00:00,159.3205,159.32709,159.31819,159.32189
2026-08-16 10:35:00+00:00,159.3205,159.32714,159.31818,159.32406
2026-08-16 10:40:00+00:00,159.3205,159.32762,159.31859,159.32315
2026-08-16 10:45:00+00:00,159.3205,159.32756,159.31874,159.31932
2026-08-16 10:50:00+00:00,159.3205,159.32727,159.31813,159.32169
2026-08-16 10:55:00+00:00,159.3205,159.32693,159.31826,159.32408
2026-08-16 11:00:00+00:00,159.3205,159.32766,159.31843,159.32334
2026-08-16 11:05:00+00:00,159.3205,159.32746,159.31897,159.31931
2026-08-16 11:10:00+00:00,159.3205,159.32743,159.31811,159.32172
2026-08-16 11:15:00+00:00,159.3205,159.32669,159.31839,159.32408
2026-08-16 11:20:00+00:00,159.3205,159.32767,159.31829,159.32354
2026-08-16 11:25:00+00:00,159.3205,159.32732,159.31922,159.31931
2026-08-16 11:30:00+00:00,159.3205,159.32754,159.31812,159.32193
2026-08-16 11:35:00+00:00,159.3205,159.32642,159.31855,159.32407
2026-08-16 11:40:00+00:00,159.3205,159.34194,159.31798,159.32566
2026-08-16 11:45:00+00:00,159.32637,159.32755,159.31997,159.31997
2026-08-16 11:50:00+00:00,159.32109,159.32779,159.31844,159.32221
2026-08-16 11:55:00+00:00,159.32057,159.32613,159.31875,159.32404
2026-08-16 12:00:00+00:00,159.32051,159.32757,159.31814,159.32388
2026-08-16 12:05:00+00:00,159.3205,159.32693,159.31938,159.31938
2026-08-16 12:10:00+00:00,159.3205,159.32766,159.31826,159.32235
2026-08-16 12:15:00+00:00,159.3205,159.32579,159.31897,159.32398
2026-08-16 12:20:00+00:00,159.3205,159.32746,159.31811,159.32404
2026-08-16 12:25:00+00:00,159.3205,159.32669,159.31944,159.31944
2026-08-16 12:30:00+00:00,159.3205,159.32767,159.31829,159.32255
2026-08-16 12:35:00+00:00,159.3205,159.32545,159.31922,159.32391
2026-08-16 12:40:00+00:00,159.3205,159.32754,159.31812,159.32419
2026-08-16 12:45:00+00:00,159.3205,159.32642,159.31952,159.31952
2026-08-16 12:50:00+00:00,159.3205,159.32763,159.31819,159.32274
2026-08-16 12:55:00+00:00,159.3205,159.32508,159.31951,159.32382
2026-08-16 13:00:00+00:00,159.3205,159.32762,159.31818,159.32432
2026-08-16 13:05:00+00:00,159.3205,159.32612,159.31962,159.31962
2026-08-16 13:10:00+00:00,159.3205,159.32756,159.31813,159.32293
2026-08-16 13:15:00+00:00,159.3205,159.32535,159.31926,159.32315
2026-08-16 13:20:00+00:00,159.31994,159.34178,159.31701,159.33453
2026-08-16 13:25:00+00:00,159.33463,159.33997,159.33384,159.33384
2026-08-16 13:30:00+00:00,159.33463,159.3416,159.33224,159.3372
2026-08-16 13:35:00+00:00,159.33463,159.33978,159.33423,159.33774
2026-08-16 13:40:00+00:00,159.33463,159.34179,159.33244,159.33436
2026-08-16 13:45:00+00:00,159.33463,159.33963,159.33396,159.33396
2026-08-16 13:50:00+00:00,159.33463,159.34165,159.33224,159.33737
2026-08-16 13:55:00+00:00,159.33463,159.34011,159.33458,159.33761
2026-08-16 14:00:00+00:00,159.33463,159.34387,159.33205,159.3328
2026-08-16 14:05:00+00:00,159.33499,159.33951,159.30622,159.31591
2026-08-16 14:10:00+00:00,159.3164,159.32352,159.31408,159.31933
2026-08-16 14:15:00+00:00,159.3164,159.32226,159.3164,159.3192
2026-08-16 14:20:00+00:00,159.3164,159.32346,159.31403,159.31579
2026-08-16 14:25:00+00:00,159.3164,159.32127,159.31519,159.31607
2026-08-16 14:30:00+00:00,159.3164,159.32356,159.31417,159.31947
2026-08-16 14:35:00+00:00,159.3164,159.32253,159.31614,159.31904
2026-08-16 14:40:00+00:00,159.3164,159.32336,159.31401,159.31566
2026-08-16 14:45:00+00:00,159.3164,159.32466,159.31492,159.32327
2026-08-16 14:50:00+00:00,159.32085,159.32802,159.31865,159.32404
2026-08-16 14:55:00+00:00,159.32085,159.32722,159.3011,159.31012
2026-08-16 15:00:00+00:00,159.30767,159.33491,159.30412,159.32593
2026-08-16 15:05:00+00:00,159.32677,159.33228,159.32509,159.32676
2026-08-16 15:10:00+00:00,159.32677,159.34632,159.32532,159.34245
2026-08-16 15:15:00+00:00,159.33917,159.34572,159.33833,159.34151
2026-08-16 15:20:00+00:00,159.33917,159.34628,159.33684,159.33824
2026-08-16 15:25:00+00:00,159.33917,159.34495,159.33731,159.34122
2026-08-16 15:30:00+00:00,159.33917,159.34626,159.33682,159.34254
2026-08-16 15:35:00+00:00,159.33917,159.34591,159.33803,159.34132
2026-08-16 15:40:00+00:00,159.33917,159.34633,159.33691,159.33815
2026-08-16 15:45:00+00:00,159.33917,159.34524,159.33713,159.34101
2026-08-16 15:50:00+00:00,159.33917,159.34616,159.33679,159.34262
2026-08-16 15:55:00+00:00,159.33917,159.34607,159.33776,159.34138
2026-08-16 16:00:00+00:00,159.33917,159.39575,159.24134,159.25155
2026-08-16 16:05:00+00:00,159.27505,159.31938,159.27505,159.31806
2026-08-16 16:10:00+00:00,159.31535,159.32675,159.31535,159.32346
2026-08-16 16:15:00+00:00,159.3199,159.33556,159.31118,159.32455
2026-08-16 16:20:00+00:00,159.32263,159.32778,159.31877,159.31957
2026-08-16 16:25:00+00:00,159.32071,159.32714,159.31829,159.32191
2026-08-16 16:30:00+00:00,159.32052,159.32715,159.31818,159.32406
2026-08-16 16:35:00+00:00,159.3205,159.32762,159.3186,159.32315
2026-08-16 16:40:00+00:00,159.3205,159.33803,159.31166,159.32641
2026-08-16 16:45:00+00:00,159.32756,159.33119,159.32058,159.32808
2026-08-16 16:50:00+00:00,159.32147,159.3349,159.32034,159.32734
2026-08-16 16:55:00+00:00,159.32399,159.329,159.31929,159.32361
2026-08-16 17:00:00+00:00,159.32085,159.36768,159.23762,159.24666
2026-08-16 17:05:00+00:00,159.26867,159.33099,159.26867,159.30224
2026-08-16 17:10:00+00:00,159.30624,159.32516,159.30624,159.32255
2026-08-16 17:15:00+00:00,159.31886,159.32704,159.31789,159.3234
2026-08-16 17:20:00+00:00,159.32034,159.38047,159.32034,159.32873
2026-08-16 17:25:00+00:00,159.33026,159.33075,159.32057,159.32306
2026-08-16 17:30:00+00:00,159.32164,159.32817,159.301,159.32144
2026-08-16 17:35:00+00:00,159.30922,159.33235,159.30922,159.32447
2026-08-16 17:40:00+00:00,159.32149,159.32721,159.31944,159.31944
2026-08-16 17:45:00+00:00,159.3206,159.32765,159.31822,159.32215
2026-08-16 17:50:00+00:00,159.32051,159.32613,159.31874,159.32403
2026-08-16 17:55:00+00:00,159.3205,159.32757,159.31814,159.32388
2026-08-16 18:00:00+00:00,159.3205,159.32433,159.25688,159.31548
2026-08-16 18:05:00+00:00,159.30982,159.32611,159.30982,159.32183
2026-08-16 18:10:00+00:00,159.31997,159.32579,159.31895,159.32397
2026-08-16 18:15:00+00:00,159.32049,159.32746,159.31811,159.32403
2026-08-16 18:20:00+00:00,159.3205,159.32669,159.31944,159.31944
2026-08-16 18:25:00+00:00,159.3205,159.32767,159.3183,159.32255
2026-08-16 18:30:00+00:00,159.3205,159.32546,159.31922,159.32391
2026-08-16 18:35:00+00:00,159.3205,159.32753,159.31812,159.32418
2026-08-16 18:40:00+00:00,159.3205,159.32642,159.31952,159.31952
2026-08-16 18:45:00+00:00,159.32049,159.33427,159.30033,159.32043
2026-08-16 18:50:00+00:00,159.31807,159.32026,159.18794,159.19392
2026-08-16 18:55:00+00:00,159.1872,159.31815,159.1872,159.31017
2026-08-16 19:00:00+00:00,159.29693,159.32304,159.21611,159.30183
2026-08-16 19:05:00+00:00,159.28954,159.33052,159.22941,159.27306
2026-08-16 19:10:00+00:00,159.26531,159.34873,159.24084,159.34088
2026-08-16 19:15:00+00:00,159.3217,159.33489,159.27911,159.29915
2026-08-16 19:20:00+00:00,159.29463,159.36361,159.26065,159.29894
2026-08-16 19:25:00+00:00,159.31762,159.35742,159.31762,159.32789
2026-08-16 19:30:00+00:00,159.32866,159.37859,159.32866,159.36946
2026-08-16 19:35:00+00:00,159.36572,159.38018,159.22474,159.32297
2026-08-16 19:40:00+00:00,159.30654,159.35709,159.23882,159.33981
2026-08-16 19:45:00+00:00,159.31531,159.38208,159.27376,159.31986
2026-08-16 19:50:00+00:00,159.32993,159.34632,159.28798,159.32887
2026-08-16 19:55:00+00:00,159.28548,159.37191,159.22514,159.33795
2026-08-16 20:00:00+00:00,159.30399,159.38946,159.2597,159.29672
2026-08-16 20:05:00+00:00,159.28929,159.30937,159.26938,159.30775
2026-08-16 20:10:00+00:00,159.30044,159.31596,159.29711,159.31561
2026-08-16 20:15:00+00:00,159.31282,159.31282,159.29189,159.29273
2026-08-16 20:20:00+00:00,159.29532,159.30961,159.29147,159.29983
2026-08-16 20:25:00+00:00,159.29532,159.31171,159.29532,159.29985
2026-08-16 20:30:00+00:00,159.30011,159.30603,159.28769,159.30175
2026-08-16 20:35:00+00:00,159.29739,159.30812,159.28754,159.30472
2026-08-16 20:40:00+00:00,159.30116,159.32436,159.28772,159.32081
2026-08-16 20:45:00+00:00,159.31332,159.32797,159.28262,159.32653
2026-08-16 20:50:00+00:00,159.32182,159.32682,159.28093,159.2972
2026-08-16 20:55:00+00:00,159.2973,159.33763,159.29311,159.31991
2026-08-16 21:00:00+00:00,159.31442,159.31442,159.29411,159.29573
2026-08-16 21:05:00+00:00,159.29958,159.31594,159.29958,159.30626
2026-08-16 21:10:00+00:00,159.30596,159.327,159.29501,159.29808
2026-08-16 21:15:00+00:00,159.30079,159.34425,159.28798,159.29024
2026-08-16 21:20:00+00:00,159.29521,159.31843,159.29198,159.31655
2026-08-16 21:25:00+00:00,159.31309,159.36433,159.31309,159.34572
2026-08-16 21:30:00+00:00,159.34845,159.37065,159.34304,159.36976
2026-08-16 21:35:00+00:00,159.367,159.37969,159.34688,159.3771
2026-08-16 21:40:00+00:00,159.37316,159.38919,159.33669,159.33851
2026-08-16 21:45:00+00:00,159.34101,159.34101,159.32298,159.3349
2026-08-16 21:50:00+00:00,159.33185,159.33363,159.31297,159.31473
2026-08-16 21:55:00+00:00,159.31599,159.32878,159.31471,159.32294
2026-08-16 22:00:00+00:00,159.32066,159.38306,159.31298,159.37751
2026-08-16 22:05:00+00:00,159.37334,159.38781,159.37334,159.38281
2026-08-16 22:10:00+00:00,159.37934,159.40183,159.37384,159.39939
2026-08-16 22:15:00+00:00,159.39765,159.39765,159.37654,159.37746
2026-08-16 22:20:00+00:00,159.37996,159.39222,159.31674,159.32014
2026-08-16 22:25:00+00:00,159.3253,159.32566,159.30968,159.32258
2026-08-16 22:30:00+00:00,159.3193,159.3193,159.28583,159.28956
2026-08-16 22:35:00+00:00,159.29531,159.29531,159.22863,159.2367
2026-08-16 22:40:00+00:00,159.23808,159.2756,159.23134,159.27168
2026-08-16 22:45:00+00:00,159.27055,159.27239,159.24177,159.24563
2026-08-16 22:50:00+00:00,159.25027,159.25027,159.23141,159.2413
2026-08-16 22:55:00+00:00,159.24013,159.24013,159.16725,159.17048
2026-08-16 23:00:00+00:00,159.17427,159.19067,159.1436,159.14809
2026-08-16 23:05:00+00:00,159.14844,159.17935,159.14844,159.17716
2026-08-16 23:10:00+00:00,159.1731,159.20663,159.16428,159.20231
2026-08-16 23:15:00+00:00,159.19379,159.23598,159.19379,159.23121
2026-08-16 23:20:00+00:00,159.22465,159.24521,159.22465,159.23693
2026-08-16 23:25:00+00:00,159.2349,159.2349,159.21524,159.2266
2026-08-16 23:30:00+00:00,159.22317,159.22777,159.21064,159.21902
2026-08-16 23:35:00+00:00,159.21986,159.22345,159.20182,159.20274
2026-08-16 23:40:00+00:00,159.20498,159.21156,159.16891,159.1822
2026-08-16 23:45:00+00:00,159.17832,159.19023,159.17832,159.1868
2026-08-16 23:50:00+00:00,159.18098,159.24705,159.16807,159.24114
2026-08-16 23:55:00+00:00,159.23043,159.2478,159.22739,159.22838
2026-08-17 00:00:00+00:00,159.23081,159.2468,159.17595,159.18
2026-08-17 00:05:00+00:00,159.18567,159.18567,159.15637,159.15968
2026-08-17 00:10:00+00:00,159.15979,159.18428,159.13696,159.15138
2026-08-17 00:15:00+00:00,159.14536,159.15156,159.11588,159.11674
2026-08-17 00:20:00+00:00,159.11997,159.13156,159.06124,159.07258
2026-08-17 00:25:00+00:00,159.09436,159.09436,159.04492,159.07188
2026-08-17 00:30:00+00:00,159.0645,159.11908,159.04314,159.06115
2026-08-17 00:35:00+00:00,159.05242,159.08989,159.04692,159.06854
2026-08-17 00:40:00+00:00,159.06836,159.07357,159.05306,159.0607
2026-08-17 00:45:00+00:00,159.06083,159.08696,159.05845,159.08679
2026-08-17 00:50:00+00:00,159.08291,159.10083,159.01542,159.02532
2026-08-17 00:55:00+00:00,159.04811,159.09288,159.03459,159.05874
2026-08-17 01:00:00+00:00,159.05283,159.0751,158.99584,159.07095
2026-08-17 01:05:00+00:00,159.05888,159.07603,159.03652,159.03864
2026-08-17 01:10:00+00:00,159.03741,159.07671,159.03741,159.05207
2026-08-17 01:15:00+00:00,159.05038,159.06052,159.03776,159.05816
2026-08-17 01:20:00+00:00,159.05406,159.06622,159.03047,159.03382
2026-08-17 01:25:00+00:00,159.03767,159.04799,159.02899,159.04772
2026-08-17 01:30:00+00:00,159.04505,159.08841,159.02585,159.05644
2026-08-17 01:35:00+00:00,159.06903,159.09966,159.06903,159.09827
2026-08-17 01:40:00+00:00,159.09561,159.11069,159.08913,159.10778
2026-08-17 01:45:00+00:00,159.10428,159.10428,159.0683,159.0711
2026-08-17 01:50:00+00:00,159.0739,159.09013,159.06855,159.07508
2026-08-17 01:55:00+00:00,159.07551,159.08483,159.06334,159.06987
2026-08-17 02:00:00+00:00,159.07159,159.07159,159.05765,159.06645
2026-08-17 02:05:00+00:00,159.06322,159.06904,159.04078,159.06743
2026-08-17 02:10:00+00:00,159.0654,159.0654,159.05212,159.05332
2026-08-17 02:15:00+00:00,159.05443,159.06459,158.9597,158.9977
2026-08-17 02:20:00+00:00,158.99354,159.02355,158.97073,159.01996
2026-08-17 02:25:00+00:00,159.01696,159.01696,158.99501,159.00294
2026-08-17 02:30:00+00:00,158.99836,159.04995,158.99836,159.04363
2026-08-17 02:35:00+00:00,159.03479,159.05108,159.02112,159.02301
2026-08-17 02:40:00+00:00,159.02648,159.03798,159.02578,159.03488
2026-08-17 02:45:00+00:00,159.02985,159.04889,159.02985,159.03343
2026-08-17 02:50:00+00:00,159.03408,159.05129,159.02668,159.02785
2026-08-17 02:55:00+00:00,159.03193,159.04466,159.03193,159.04334
2026-08-17 03:00:00+00:00,159.04061,159.08573,159.04002,159.08237
2026-08-17 03:05:00+00:00,159.0787,159.08761,159.07575,159.07864
2026-08-17 03:10:00+00:00,159.07901,159.09254,159.07202,159.08431
2026-08-17 03:15:00+00:00,159.08457,159.08457,159.06383,159.06511
2026-08-17 03:20:00+00:00,159.06687,159.08301,159.06687,159.07753
2026-08-17 03:25:00+00:00,159.07434,159.09907,159.07123,159.09655
2026-08-17 03:30:00+00:00,159.09007,159.1091,159.08465,159.0874
2026-08-17 03:35:00+00:00,159.09532,159.13961,159.09532,159.13664
2026-08-17 03:40:00+00:00,159.13502,159.13921,159.1259,159.13385
2026-08-17 03:45:00+00:00,159.12741,159.14559,159.12741,159.14243
2026-08-17 03:50:00+00:00,159.14099,159.14701,159.13108,159.1319
2026-08-17 03:55:00+00:00,159.13525,159.14467,159.09485,159.09832
2026-08-17 04:00:00+00:00,159.1036,159.10564,159.08879,159.10302
2026-08-17 04:05:00+00:00,159.09866,159.09866,159.06121,159.06298
2026-08-17 04:10:00+00:00,159.0652,159.07327,159.05972,159.0611
2026-08-17 04:15:00+00:00,159.06328,159.08336,159.06299,159.07981
2026-08-17 04:20:00+00:00,159.07793,159.10971,159.07568,159.10633
2026-08-17 04:25:00+00:00,159.10346,159.10735,159.08806,159.08956
2026-08-17 04:30:00+00:00,159.09143,159.11389,159.09143,159.10595
2026-08-17 04:35:00+00:00,159.10626,159.11636,159.05365,159.0585
2026-08-17 04:40:00+00:00,159.05977,159.06973,159.05733,159.06761
2026-08-17 04:45:00+00:00,159.06335,159.07526,159.05647,159.07082
2026-08-17 04:50:00+00:00,159.06224,159.09059,159.06224,159.07653
2026-08-17 04:55:00+00:00,159.08052,159.12296,159.08052,159.11902
2026-08-17 05:00:00+00:00,159.10951,159.1292,159.10385,159.10664
2026-08-17 05:05:00+00:00,159.10887,159.11379,159.1005,159.10904
2026-08-17 05:10:00+00:00,159.10472,159.12609,159.10472,159.12227
2026-08-17 05:15:00+00:00,159.11694,159.12721,159.09858,159.11346
2026-08-17 05:20:00+00:00,159.10935,159.10935,159.05947,159.06211
2026-08-17 05:25:00+00:00,159.06413,159.07434,159.03678,159.0547
2026-08-17 05:30:00+00:00,159.04551,159.07161,159.04551,159.06159
2026-08-17 05:35:00+00:00,159.06383,159.07013,159.04602,159.04875
2026-08-17 05:40:00+00:00,159.052,159.052,158.99991,159.02034
2026-08-17 05:45:00+00:00,159.01651,159.05708,159.00493,159.03329
2026-08-17 05:50:00+00:00,159.03753,159.06933,159.03753,159.06203
2026-08-17 05:55:00+00:00,159.06296,159.09502,159.06093,159.09068
2026-08-17 06:00:00+00:00,159.08861,159.08861,159.03863,159.04248
2026-08-17 06:05:00+00:00,159.04543,159.08285,159.03787,159.06032
2026-08-17 06:10:00+00:00,159.06699,159.11145,159.06699,159.10797
2026-08-17 06:15:00+00:00,159.10296,159.11155,159.08701,159.10172
2026-08-17 06:20:00+00:00,159.09726,159.09726,159.06426,159.07822
2026-08-17 06:25:00+00:00,159.07131,159.09903,159.04391,159.04573
2026-08-17 06:30:00+00:00,159.04791,159.05702,159.03168,159.04283
2026-08-17 06:35:00+00:00,159.04394,159.05924,159.03239,159.04162
2026-08-17 06:40:00+00:00,159.05027,159.06046,159.02596,159.05904
2026-08-17 06:45:00+00:00,159.05532,159.05532,158.99185,158.99398
2026-08-17 06:50:00+00:00,158.99856,159.00254,158.96902,158.9787
2026-08-17 06:55:00+00:00,158.97678,158.98102,158.95071,158.95497
2026-08-17 07:00:00+00:00,158.95508,158.99955,158.94881,158.9968
2026-08-17 07:05:00+00:00,158.99361,158.99361,158.91233,158.91616
2026-08-17 07:10:00+00:00,158.92093,158.9306,158.89608,158.91467
2026-08-17 07:15:00+00:00,158.91772,158.93195,158.87383,158.90282
2026-08-17 07:20:00+00:00,158.89379,158.907,158.85596,158.87904
2026-08-17 07:25:00+00:00,158.88065,158.9623,158.88065,158.9378
2026-08-17 07:30:00+00:00,158.94259,158.94569,158.88156,158.88285
2026-08-17 07:35:00+00:00,158.88592,158.92559,158.88436,158.92184
2026-08-17 07:40:00+00:00,158.91849,158.93169,158.85226,158.86401
2026-08-17 07:45:00+00:00,158.86331,158.96044,158.86331,158.95276
2026-08-17 07:50:00+00:00,158.94195,158.98889,158.94195,158.98587
2026-08-17 07:55:00+00:00,158.98005,158.9826,158.96326,158.96808
2026-08-17 08:00:00+00:00,158.97512,158.98975,158.95722,158.98513
2026-08-17 08:05:00+00:00,158.97333,158.99731,158.97333,158.97702
2026-08-17 08:10:00+00:00,158.97966,158.9999,158.97235,158.9755
2026-08-17 08:15:00+00:00,158.9802,159.015,158.96428,159.01356
2026-08-17 08:20:00+00:00,159.00764,159.01542,158.99572,159.01493
2026-08-17 08:25:00+00:00,159.01278,159.01278,158.96193,158.96281
2026-08-17 08:30:00+00:00,158.96375,158.9671,158.94151,158.96365
2026-08-17 08:35:00+00:00,158.95708,159.03917,158.95708,159.0295
2026-08-17 08:40:00+00:00,159.00172,159.07487,159.00172,159.06533
2026-08-17 08:45:00+00:00,159.04395,159.09038,159.04395,159.08037
2026-08-17 08:50:00+00:00,159.08175,159.10648,159.08175,159.08309
2026-08-17 08:55:00+00:00,159.08489,159.14291,159.08489,159.12925
2026-08-17 09:00:00+00:00,159.12976,159.17809,159.12976,159.17671
2026-08-17 09:05:00+00:00,159.17224,159.17224,159.12463,159.127
2026-08-17 09:10:00+00:00,159.13237,159.1401,159.11679,159.12028
2026-08-17 09:15:00+00:00,159.12559,159.12559,159.08397,159.08676
2026-08-17 09:20:00+00:00,159.08544,159.11663,159.08544,159.11275
2026-08-17 09:25:00+00:00,159.11162,159.14314,159.09016,159.13871
2026-08-17 09:30:00+00:00,159.1362,159.15115,159.12238,159.1484
2026-08-17 09:35:00+00:00,159.14666,159.14825,159.12632,159.13174
2026-08-17 09:40:00+00:00,159.12706,159.13758,159.1118,159.11338
2026-08-17 09:45:00+00:00,159.1148,159.13954,159.1148,159.13506
2026-08-17 09:50:00+00:00,159.12883,159.1844,159.12883,159.1819
2026-08-17 09:55:00+00:00,159.17633,159.18541,159.17117,159.18394
2026-08-17 10:00:00+00:00,159.17997,159.18376,159.16997,159.17864
2026-08-17 10:05:00+00:00,159.17652,159.21302,159.17479,159.20922
2026-08-17 10:10:00+00:00,159.20386,159.20958,159.17182,159.17392
2026-08-17 10:15:00+00:00,159.17668,159.17935,159.16999,159.17664
2026-08-17 10:20:00+00:00,159.17324,159.19221,159.16966,159.19058
2026-08-17 10:25:00+00:00,159.18636,159.19885,159.16995,159.1976
2026-08-17 10:30:00+00:00,159.19225,159.22189,159.10831,159.14856
2026-08-17 10:35:00+00:00,159.14164,159.15956,159.14164,159.15715
2026-08-17 10:40:00+00:00,159.15329,159.16584,159.14899,159.14965
2026-08-17 10:45:00+00:00,159.15,159.16564,159.14986,159.15594
2026-08-17 10:50:00+00:00,159.15769,159.19715,159.15769,159.19543
2026-08-17 10:55:00+00:00,159.19064,159.20163,159.19064,159.19916
2026-08-17 11:00:00+00:00,159.19599,159.21498,159.1711,159.172
2026-08-17 11:05:00+00:00,159.17307,159.20031,159.16895,159.17086
2026-08-17 11:10:00+00:00,159.1749,159.19815,159.16337,159.19616
2026-08-17 11:15:00+00:00,159.19046,159.23767,159.19046,159.2355
2026-08-17 11:20:00+00:00,159.22568,159.2507,159.22568,159.24046
2026-08-17 11:25:00+00:00,159.23735,159.24943,159.22416,159.22695
2026-08-17 11:30:00+00:00,159.23514,159.25434,159.22535,159.22988
2026-08-17 11:35:00+00:00,159.23704,159.24854,159.21822,159.24717
2026-08-17 11:40:00+00:00,159.24404,159.26267,159.23594,159.2593
2026-08-17 11:45:00+00:00,159.25281,159.27337,159.25281,159.26851
2026-08-17 11:50:00+00:00,159.26182,159.28233,159.25611,159.26023
2026-08-17 11:55:00+00:00,159.26652,159.26652,159.23609,159.2449
2026-08-17 12:00:00+00:00,159.24792,159.24904,159.20237,159.20466
2026-08-17 12:05:00+00:00,159.20856,159.22443,159.20303,159.20511
2026-08-17 12:10:00+00:00,159.2115,159.23642,159.20287,159.23418
2026-08-17 12:15:00+00:00,159.22698,159.25151,159.22698,159.24227
2026-08-17 12:20:00+00:00,159.24316,159.24316,159.22096,159.2355
2026-08-17 12:25:00+00:00,159.23329,159.2832,159.225,159.24509
2026-08-17 12:30:00+00:00,159.25183,159.28056,159.25183,159.27341
2026-08-17 12:35:00+00:00,159.27055,159.28027,159.26309,159.27916
2026-08-17 12:40:00+00:00,159.27558,159.28621,159.26654,159.2713
2026-08-17 12:45:00+00:00,159.2714,159.28124,159.25952,159.26158
2026-08-17 12:50:00+00:00,159.26787,159.28126,159.26136,159.26322
2026-08-17 12:55:00+00:00,159.26387,159.27553,159.24675,159.26072
2026-08-17 13:00:00+00:00,159.2583,159.26692,159.23521,159.26264
2026-08-17 13:05:00+00:00,159.25673,159.26913,159.25673,159.25686
2026-08-17 13:10:00+00:00,159.25752,159.2658,159.24808,159.26263
2026-08-17 13:15:00+00:00,159.25804,159.27375,159.25261,159.25994
2026-08-17 13:20:00+00:00,159.25757,159.2708,159.24919,159.25434
2026-08-17 13:25:00+00:00,159.25902,159.28537,159.25519,159.28305
2026-08-17 13:30:00+00:00,159.27951,159.29874,159.27893,159.29611
2026-08-17 13:35:00+00:00,159.28682,159.33899,159.28682,159.3385
2026-08-17 13:40:00+00:00,159.33527,159.35004,159.31394,159.34232
2026-08-17 13:45:00+00:00,159.33041,159.38072,159.33041,159.36921
2026-08-17 13:50:00+00:00,159.37269,159.3776,159.30594,159.31427
2026-08-17 13:55:00+00:00,159.30712,159.32285,159.26421,159.2677
2026-08-17 14:00:00+00:00,159.27181,159.28616,159.25605,159.25982
2026-08-17 14:05:00+00:00,159.26462,159.26462,159.24004,159.25893
2026-08-17 14:10:00+00:00,159.25736,159.26634,159.24517,159.26463
2026-08-17 14:15:00+00:00,159.25956,159.26147,159.21408,159.22546
2026-08-17 14:20:00+00:00,159.22031,159.23942,159.19809,159.19916
2026-08-17 14:25:00+00:00,159.19973,159.2621,159.1944,159.26046
2026-08-17 14:30:00+00:00,159.25758,159.26719,159.23392,159.24946
2026-08-17 14:35:00+00:00,159.24464,159.26084,159.22319,159.25734
2026-08-17 14:40:00+00:00,159.24741,159.26473,159.22029,159.22256
2026-08-17 14:45:00+00:00,159.22894,159.26201,159.22894,159.25915
2026-08-17 14:50:00+00:00,159.25784,159.29372,159.22132,159.28469
2026-08-17 14:55:00+00:00,159.25902,159.31161,159.25902,159.29789
2026-08-17 15:00:00+00:00,159.29591,159.32682,159.28356,159.32335
2026-08-17 15:05:00+00:00,159.31746,159.34022,159.31414,159.33728
2026-08-17 15:10:00+00:00,159.33217,159.34,159.31551,159.31864
2026-08-17 15:15:00+00:00,159.32166,159.35948,159.31295,159.35638
2026-08-17 15:20:00+00:00,159.34903,159.37313,159.3373,159.35789
2026-08-17 15:25:00+00:00,159.35939,159.36438,159.3468,159.35175
2026-08-17 15:30:00+00:00,159.35488,159.3634,159.34031,159.35981
2026-08-17 15:35:00+00:00,159.35647,159.36473,159.35164,159.35526
2026-08-17 15:40:00+00:00,159.3558,159.40515,159.34992,159.39824
2026-08-17 15:45:00+00:00,159.38861,159.40343,159.3735,159.37495
2026-08-17 15:50:00+00:00,159.37741,159.38316,159.3664,159.37525
2026-08-17 15:55:00+00:00,159.37233,159.37233,159.34748,159.36197
2026-08-17 16:00:00+00:00,159.35932,159.38669,159.35338,159.38194
2026-08-17 16:05:00+00:00,159.37525,159.39405,159.36668,159.36974
2026-08-17 16:10:00+00:00,159.37059,159.38645,159.35819,159.3618
2026-08-17 16:15:00+00:00,159.36583,159.37659,159.35088,159.36988
2026-08-17 16:20:00+00:00,159.36841,159.36841,159.32679,159.35747
2026-08-17 16:25:00+00:00,159.34636,159.36806,159.34636,159.36334
2026-08-17 16:30:00+00:00,159.36347,159.37375,159.35972,159.37206
2026-08-17 16:35:00+00:00,159.36821,159.37569,159.35488,159.35938
2026-08-17 16:40:00+00:00,159.36121,159.37096,159.35541,159.36132
2026-08-17 16:45:00+00:00,159.36211,159.3756,159.35485,159.36609
2026-08-17 16:50:00+00:00,159.36639,159.38069,159.35779,159.37957
2026-08-17 16:55:00+00:00,159.3755,159.3755,159.3525,159.36981
2026-08-17 17:00:00+00:00,159.36768,159.37139,159.35102,159.36862
2026-08-17 17:05:00+00:00,159.36463,159.37415,159.35792,159.36951
2026-08-17 17:10:00+00:00,159.36822,159.37497,159.36073,159.37245
2026-08-17 17:15:00+00:00,159.36923,159.40633,159.35786,159.40375
2026-08-17 17:20:00+00:00,159.39794,159.45197,159.39794,159.44513
2026-08-17 17:25:00+00:00,159.43592,159.45377,159.43359,159.43775
2026-08-17 17:30:00+00:00,159.44427,159.47736,159.42646,159.47582
2026-08-17 17:35:00+00:00,159.47223,159.50082,159.45479,159.49919
2026-08-17 17:40:00+00:00,159.4951,159.50224,159.47575,159.4765
2026-08-17 17:45:00+00:00,159.47881,159.49292,159.45088,159.46098
2026-08-17 17:50:00+00:00,159.45951,159.48389,159.45728,159.48174
2026-08-17 17:55:00+00:00,159.47858,159.50378,159.46187,159.50261
2026-08-17 18:00:00+00:00,159.49955,159.50662,159.48747,159.50251
2026-08-17 18:05:00+00:00,159.49683,159.51482,159.49683,159.51074
2026-08-17 18:10:00+00:00,159.50901,159.53016,159.4951,159.50106
2026-08-17 18:15:00+00:00,159.51089,159.5177,159.49111,159.51505
2026-08-17 18:20:00+00:00,159.50956,159.55454,159.50956,159.54464
2026-08-17 18:25:00+00:00,159.54566,159.58798,159.52358,159.57747
2026-08-17 18:30:00+00:00,159.57834,159.58436,159.56643,159.57241
2026-08-17 18:35:00+00:00,159.57108,159.59372,159.57108,159.58019
2026-08-17 18:40:00+00:00,159.5803,159.58279,159.54817,159.56394
2026-08-17 18:45:00+00:00,159.55826,159.59227,159.55826,159.58888
2026-08-17 18:50:00+00:00,159.58628,159.58986,159.57598,159.58201
2026-08-17 18:55:00+00:00,159.57678,159.59935,159.57678,159.58357
2026-08-17 19:00:00+00:00,159.58702,159.59772,159.5744,159.58038
2026-08-17 19:05:00+00:00,159.57763,159.57816,159.55621,159.55826
2026-08-17 19:10:00+00:00,159.55994,159.56851,159.50603,159.51648
2026-08-17 19:15:00+00:00,159.53711,159.53711,159.47927,159.48142
2026-08-17 19:20:00+00:00,159.48486,159.48486,159.45031,159.45139
2026-08-17 19:25:00+00:00,159.4552,159.46606,159.44738,159.45394
2026-08-17 19:30:00+00:00,159.45167,159.45167,159.43075,159.44866
2026-08-17 19:35:00+00:00,159.43819,159.45782,159.42403,159.42576
2026-08-17 19:40:00+00:00,159.4289,159.43987,159.42517,159.43075
2026-08-17 19:45:00+00:00,159.43135,159.44823,159.42916,159.44548
2026-08-17 19:50:00+00:00,159.44193,159.45988,159.43021,159.45827
2026-08-17 19:55:00+00:00,159.45115,159.47736,159.44958,159.46639
2026-08-17 20:00:00+00:00,159.46776,159.48541,159.4482,159.48137
2026-08-17 20:05:00+00:00,159.47454,159.48589,159.46896,159.48162
2026-08-17 20:10:00+00:00,159.47889,159.50676,159.46797,159.50459
2026-08-17 20:15:00+00:00,159.49619,159.51115,159.4885,159.49027
2026-08-17 20:20:00+00:00,159.49234,159.49234,159.47266,159.48086
2026-08-17 20:25:00+00:00,159.47677,159.48616,159.47525,159.48197
2026-08-17 20:30:00+00:00,159.47917,159.49409,159.47329,159.482
2026-08-17 20:35:00+00:00,159.47921,159.4841,159.47248,159.48076
2026-08-17 20:40:00+00:00,159.4755,159.48158,159.47403,159.47415
2026-08-17 20:45:00+00:00,159.47489,159.49308,159.47432,159.48082
2026-08-17 20:50:00+00:00,159.47795,159.47795,159.45529,159.47173
2026-08-17 20:55:00+00:00,159.46514,159.48088,159.46514,159.4692
2026-08-17 21:00:00+00:00,159.4717,159.48453,159.42631,159.47873
2026-08-17 21:05:00+00:00,159.46858,159.49547,159.45159,159.4772
2026-08-17 21:10:00+00:00,159.4784,159.49511,159.43427,159.43656
2026-08-17 21:15:00+00:00,159.43825,159.45007,159.40434,159.42301
2026-08-17 21:20:00+00:00,159.42075,159.42287,159.40196,159.40274
2026-08-17 21:25:00+00:00,159.40377,159.41599,159.40021,159.41228
2026-08-17 21:30:00+00:00,159.40799,159.42324,159.40799,159.41849
2026-08-17 21:35:00+00:00,159.41654,159.42762,159.41212,159.41329
2026-08-17 21:40:00+00:00,159.41722,159.43628,159.41722,159.42798
2026-08-17 21:45:00+00:00,159.42853,159.4496,159.41644,159.44696
2026-08-17 21:50:00+00:00,159.4405,159.4405,159.42146,159.42864
2026-08-17 21:55:00+00:00,159.42707,159.433,159.41604,159.42947
2026-08-17 22:00:00+00:00,159.42435,159.47367,159.42311,159.46571
2026-08-17 22:05:00+00:00,159.46272,159.47029,159.4608,159.4664
2026-08-17 22:10:00+00:00,159.46286,159.48096,159.45945,159.47391
2026-08-17 22:15:00+00:00,159.47384,159.47621,159.45649,159.4707
2026-08-17 22:20:00+00:00,159.46677,159.46988,159.43862,159.44075
2026-08-17 22:25:00+00:00,159.44378,159.44378,159.40512,159.42738
2026-08-17 22:30:00+00:00,159.4244,159.42923,159.41667,159.42792
2026-08-17 22:35:00+00:00,159.42388,159.43934,159.4228,159.43544
2026-08-17 22:40:00+00:00,159.42995,159.44026,159.42529,159.43748
2026-08-17 22:45:00+00:00,159.43542,159.43542,159.41826,159.42493
2026-08-17 22:50:00+00:00,159.42152,159.42864,159.4147,159.42501
2026-08-17 22:55:00+00:00,159.42277,159.42438,159.41563,159.41622
2026-08-17 23:00:00+00:00,159.41739,159.42347,159.39505,159.40271
2026-08-17 23:05:00+00:00,159.4015,159.40516,159.36893,159.37596
2026-08-17 23:10:00+00:00,159.38831,159.39206,159.36402,159.39109
2026-08-17 23:15:00+00:00,159.38821,159.39148,159.38497,159.38596
2026-08-17 23:20:00+00:00,159.38666,159.39259,159.38269,159.38848
2026-08-17 23:25:00+00:00,159.38708,159.38722,159.36782,159.37888
2026-08-17 23:30:00+00:00,159.37549,159.37551,159.35783,159.35986
2026-08-17 23:35:00+00:00,159.36251,159.36365,159.34597,159.35164
2026-08-17 23:40:00+00:00,159.35459,159.36133,159.33182,159.33735
2026-08-17 23:45:00+00:00,159.34651,159.34651,159.31713,159.33004
2026-08-17 23:50:00+00:00,159.32672,159.34488,159.31961,159.34257
2026-08-17 23:55:00+00:00,159.33889,159.35788,159.33838,159.33947
2026-08-18 00:00:00+00:00,159.3407,159.37516,159.30593,159.34067
2026-08-18 00:05:00+00:00,159.34866,159.34866,159.32947,159.34323
2026-08-18 00:10:00+00:00,159.32827,159.39531,159.32726,159.39351
2026-08-18 00:15:00+00:00,159.38948,159.3946,159.37139,159.38898
2026-08-18 00:20:00+00:00,159.38124,159.40995,159.38124,159.40575
2026-08-18 00:25:00+00:00,159.4034,159.43271,159.4034,159.43109
2026-08-18 00:30:00+00:00,159.42704,159.48402,159.41707,159.47443
2026-08-18 00:35:00+00:00,159.47454,159.47689,159.46651,159.4667
2026-08-18 00:40:00+00:00,159.46817,159.488,159.45247,159.4847
2026-08-18 00:45:00+00:00,159.47566,159.52354,159.47566,159.52192
2026-08-18 00:50:00+00:00,159.51803,159.52872,159.47384,159.48623
2026-08-18 00:55:00+00:00,159.48126,159.48893,159.43782,159.44387
2026-08-18 01:00:00+00:00,159.44531,159.48354,159.41796,159.48129
2026-08-18 01:05:00+00:00,159.47402,159.48882,159.44852,159.46668
2026-08-18 01:10:00+00:00,159.46233,159.46233,159.40361,159.40611
2026-08-18 01:15:00+00:00,159.40691,159.44845,159.40236,159.44363
2026-08-18 01:20:00+00:00,159.43678,159.46834,159.42011,159.45506
2026-08-18 01:25:00+00:00,159.45713,159.46033,159.43356,159.43672
2026-08-18 01:30:00+00:00,159.43824,159.45829,159.43824,159.45123
2026-08-18 01:35:00+00:00,159.44749,159.45304,159.41557,159.41807
2026-08-18 01:40:00+00:00,159.42283,159.43596,159.41207,159.43167
2026-08-18 01:45:00+00:00,159.42916,159.48022,159.42334,159.47306
2026-08-18 01:50:00+00:00,159.45291,159.4946,159.45291,159.45641
2026-08-18 01:55:00+00:00,159.4616,159.50493,159.4616,159.49972
2026-08-18 02:00:00+00:00,159.49215,159.54164,159.48882,159.53947
2026-08-18 02:05:00+00:00,159.53547,159.53547,159.49711,159.50855
2026-08-18 02:10:00+00:00,159.50353,159.53402,159.50021,159.5232
2026-08-18 02:15:00+00:00,159.52458,159.52819,159.49627,159.51619
2026-08-18 02:20:00+00:00,159.51219,159.51549,159.48357,159.48726
2026-08-18 02:25:00+00:00,159.49194,159.50369,159.4766,159.4944
2026-08-18 02:30:00+00:00,159.49085,159.50302,159.474,159.4778
2026-08-18 02:35:00+00:00,159.47916,159.5021,159.47916,159.48284
2026-08-18 02:40:00+00:00,159.48768,159.50652,159.48768,159.50277
2026-08-18 02:45:00+00:00,159.49848,159.5144,159.48577,159.48946
2026-08-18 02:50:00+00:00,159.4947,159.4947,159.48074,159.49098
2026-08-18 02:55:00+00:00,159.4879,159.49174,159.46643,159.46702
2026-08-18 03:00:00+00:00,159.46767,159.50332,159.45515,159.49996
2026-08-18 03:05:00+00:00,159.49619,159.50069,159.48813,159.48996
2026-08-18 03:10:00+00:00,159.49101,159.49985,159.48743,159.49691
2026-08-18 03:15:00+00:00,159.49239,159.50287,159.49205,159.50113
2026-08-18 03:20:00+00:00,159.49808,159.5185,159.49136,159.49344
2026-08-18 03:25:00+00:00,159.49173,159.51832,159.49173,159.514
2026-08-18 03:30:00+00:00,159.51178,159.53701,159.50648,159.53451
2026-08-18 03:35:00+00:00,159.53063,159.54214,159.52896,159.54097
2026-08-18 03:40:00+00:00,159.53874,159.5638,159.5351,159.56144
2026-08-18 03:45:00+00:00,159.55157,159.57228,159.55157,159.56383
2026-08-18 03:50:00+00:00,159.55994,159.5699,159.55599,159.55649
2026-08-18 03:55:00+00:00,159.55777,159.56352,159.53567,159.53734
2026-08-18 04:00:00+00:00,159.54099,159.58861,159.54099,159.5871
2026-08-18 04:05:00+00:00,159.57911,159.63223,159.57453,159.61662
2026-08-18 04:10:00+00:00,159.6165,159.69579,159.61292,159.69157
2026-08-18 04:15:00+00:00,159.68458,159.69625,159.66864,159.67504
2026-08-18 04:20:00+00:00,159.67802,159.72858,159.67802,159.69705
2026-08-18 04:25:00+00:00,159.70431,159.70431,159.6674,159.69959
2026-08-18 04:30:00+00:00,159.69278,159.75043,159.69278,159.71985
2026-08-18 04:35:00+00:00,159.73221,159.75501,159.71874,159.74422
2026-08-18 04:40:00+00:00,159.74072,159.7439,159.69132,159.69545
2026-08-18 04:45:00+00:00,159.70081,159.70896,159.68315,159.68593
2026-08-18 04:50:00+00:00,159.68968,159.71086,159.6771,159.69459
2026-08-18 04:55:00+00:00,159.69956,159.70831,159.68069,159.69758
2026-08-18 05:00:00+00:00,159.69315,159.70344,159.68359,159.68603
2026-08-18 05:05:00+00:00,159.68511,159.7256,159.68511,159.72464
2026-08-18 05:10:00+00:00,159.72114,159.72923,159.71672,159.72128
2026-08-18 05:15:00+00:00,159.72234,159.73455,159.71071,159.71286
2026-08-18 05:20:00+00:00,159.71585,159.71585,159.6847,159.68903
2026-08-18 05:25:00+00:00,159.69477,159.70296,159.67019,159.67174
2026-08-18 05:30:00+00:00,159.67294,159.69781,159.67294,159.69334
2026-08-18 05:35:00+00:00,159.6871,159.69463,159.68458,159.68526
2026-08-18 05:40:00+00:00,159.68563,159.70132,159.685,159.70014
2026-08-18 05:45:00+00:00,159.69566,159.69566,159.66574,159.66725
2026-08-18 05:50:00+00:00,159.66877,159.66877,159.65795,159.65808
2026-08-18 05:55:00+00:00,159.65886,159.66641,159.62969,159.656
2026-08-18 06:00:00+00:00,159.65149,159.70196,159.65149,159.70008
2026-08-18 06:05:00+00:00,159.69096,159.73374,159.69096,159.72353
2026-08-18 06:10:00+00:00,159.72563,159.72563,159.68443,159.68533
2026-08-18 06:15:00+00:00,159.6879,159.74332,159.68342,159.73396
2026-08-18 06:20:00+00:00,159.73271,159.77347,159.72598,159.7515
2026-08-18 06:25:00+00:00,159.75715,159.76062,159.73603,159.73855
2026-08-18 06:30:00+00:00,159.74207,159.74207,159.69855,159.70312
2026-08-18 06:35:00+00:00,159.71564,159.78217,159.71564,159.76576
2026-08-18 06:40:00+00:00,159.76758,159.76876,159.75259,159.76212
2026-08-18 06:45:00+00:00,159.75914,159.76288,159.74478,159.74639
2026-08-18 06:50:00+00:00,159.74653,159.76911,159.74653,159.76266
2026-08-18 06:55:00+00:00,159.76355,159.7684,159.73513,159.74727
2026-08-18 07:00:00+00:00,159.74526,159.74526,159.70029,159.71657
2026-08-18 07:05:00+00:00,159.7119,159.73464,159.69564,159.73323
2026-08-18 07:10:00+00:00,159.72979,159.75268,159.72297,159.73327
2026-08-18 07:15:00+00:00,159.73991,159.7637,159.73991,159.76132
2026-08-18 07:20:00+00:00,159.758,159.76066,159.71809,159.72473
2026-08-18 07:25:00+00:00,159.73625,159.7417,159.71331,159.73672
2026-08-18 07:30:00+00:00,159.72767,159.75695,159.72767,159.74205
2026-08-18 07:35:00+00:00,159.74644,159.7552,159.72625,159.73097
2026-08-18 07:40:00+00:00,159.73844,159.73844,159.70802,159.72826
2026-08-18 07:45:00+00:00,159.72534,159.72534,159.70294,159.70409
2026-08-18 07:50:00+00:00,159.70437,159.72001,159.68505,159.71688
2026-08-18 07:55:00+00:00,159.71241,159.71837,159.69951,159.7013
2026-08-18 08:00:00+00:00,159.70133,159.73381,159.70133,159.72823
2026-08-18 08:05:00+00:00,159.72512,159.73576,159.72196,159.7269
2026-08-18 08:10:00+00:00,159.72731,159.73189,159.7116,159.72779
2026-08-18 08:15:00+00:00,159.72289,159.73745,159.72289,159.73155
2026-08-18 08:20:00+00:00,159.72921,159.73311,159.72717,159.73152
2026-08-18 08:25:00+00:00,159.7278,159.74308,159.72279,159.74159
2026-08-18 08:30:00+00:00,159.73874,159.74183,159.71656,159.71813
2026-08-18 08:35:00+00:00,159.72104,159.72104,159.69733,159.71465
2026-08-18 08:40:00+00:00,159.70936,159.70936,159.66969,159.68794
2026-08-18 08:45:00+00:00,159.68415,159.68415,159.64303,159.64396
2026-08-18 08:50:00+00:00,159.64635,159.67521,159.64635,159.66822
2026-08-18 08:55:00+00:00,159.66935,159.67672,159.62305,159.66316
2026-08-18 09:00:00+00:00,159.65165,159.69507,159.65165,159.6944
2026-08-18 09:05:00+00:00,159.69142,159.69142,159.66453,159.67466
2026-08-18 09:10:00+00:00,159.6759,159.68235,159.67115,159.6719
2026-08-18 09:15:00+00:00,159.67368,159.68294,159.64864,159.6519
2026-08-18 09:20:00+00:00,159.65552,159.65552,159.63773,159.65062
2026-08-18 09:25:00+00:00,159.64757,159.64757,159.61822,159.61957
2026-08-18 09:30:00+00:00,159.62036,159.62176,159.59336,159.59595
2026-08-18 09:35:00+00:00,159.60027,159.62713,159.59296,159.6019
2026-08-18 09:40:00+00:00,159.6049,159.63668,159.59761,159.62681
2026-08-18 09:45:00+00:00,159.62709,159.62935,159.61591,159.61737
2026-08-18 09:50:00+00:00,159.61839,159.63119,159.61726,159.62989
2026-08-18 09:55:00+00:00,159.62723,159.62723,159.59126,159.60586
2026-08-18 10:00:00+00:00,159.60199,159.62044,159.59699,159.60866
2026-08-18 10:05:00+00:00,159.60822,159.63731,159.60822,159.6323
2026-08-18 10:10:00+00:00,159.6251,159.66654,159.62123,159.6652
2026-08-18 10:15:00+00:00,159.66325,159.68212,159.6616,159.68002
2026-08-18 10:20:00+00:00,159.67601,159.68881,159.66733,159.68723
2026-08-18 10:25:00+00:00,159.68175,159.71034,159.68175,159.68334
2026-08-18 10:30:00+00:00,159.68595,159.69241,159.67278,159.68408
2026-08-18 10:35:00+00:00,159.68556,159.68556,159.65702,159.66042
2026-08-18 10:40:00+00:00,159.66399,159.6812,159.65736,159.68044
2026-08-18 10:45:00+00:00,159.67698,159.68556,159.67645,159.67806
2026-08-18 10:50:00+00:00,159.679,159.71631,159.6762,159.71406
2026-08-18 10:55:00+00:00,159.7097,159.71652,159.70253,159.70837
2026-08-18 11:00:00+00:00,159.70486,159.7243,159.69667,159.72188
2026-08-18 11:05:00+00:00,159.71523,159.74375,159.71523,159.73238
2026-08-18 11:10:00+00:00,159.73371,159.73949,159.72557,159.73435
2026-08-18 11:15:00+00:00,159.73285,159.74187,159.72484,159.73224
2026-08-18 11:20:00+00:00,159.72886,159.73994,159.72171,159.73909
2026-08-18 11:25:00+00:00,159.73748,159.74505,159.72945,159.74211
2026-08-18 11:30:00+00:00,159.73784,159.74616,159.73349,159.73456
2026-08-18 11:35:00+00:00,159.73587,159.74253,159.71093,159.71967
2026-08-18 11:40:00+00:00,159.71205,159.73484,159.71205,159.72988
2026-08-18 11:45:00+00:00,159.72855,159.73799,159.71343,159.73455
2026-08-18 11:50:00+00:00,159.72966,159.73915,159.71655,159.71754
2026-08-18 11:55:00+00:00,159.7183,159.72092,159.6972,159.70733
2026-08-18 12:00:00+00:00,159.70415,159.71204,159.69086,159.69594
2026-08-18 12:05:00+00:00,159.70415,159.70415,159.6701,159.69454
2026-08-18 12:10:00+00:00,159.68819,159.70315,159.68756,159.68923
2026-08-18 12:15:00+00:00,159.69097,159.69169,159.6684,159.68194
2026-08-18 12:20:00+00:00,159.67832,159.68024,159.6397,159.66084
2026-08-18 12:25:00+00:00,159.65451,159.68128,159.65451,159.67858
2026-08-18 12:30:00+00:00,159.6747,159.70074,159.66157,159.69736
2026-08-18 12:35:00+00:00,159.69517,159.71998,159.68654,159.7188
2026-08-18 12:40:00+00:00,159.71376,159.7255,159.70166,159.70671
2026-08-18 12:45:00+00:00,159.71466,159.71466,159.66996,159.68222
2026-08-18 12:50:00+00:00,159.68325,159.69211,159.66388,159.67269
2026-08-18 12:55:00+00:00,159.66855,159.67656,159.64476,159.64762
2026-08-18 13:00:00+00:00,159.64821,159.67409,159.63435,159.64091
2026-08-18 13:05:00+00:00,159.65109,159.65624,159.61914,159.64007
2026-08-18 13:10:00+00:00,159.64235,159.6476,159.62693,159.63244
2026-08-18 13:15:00+00:00,159.63035,159.66986,159.62665,159.66856
2026-08-18 13:20:00+00:00,159.66437,159.6855,159.6438,159.66178
2026-08-18 13:25:00+00:00,159.65504,159.67767,159.65504,159.66159
2026-08-18 13:30:00+00:00,159.66389,159.69119,159.62961,159.63421
2026-08-18 13:35:00+00:00,159.64137,159.64137,159.58273,159.60926
2026-08-18 13:40:00+00:00,159.60305,159.6204,159.57553,159.61536
2026-08-18 13:45:00+00:00,159.6069,159.62782,159.59681,159.59843
2026-08-18 13:50:00+00:00,159.60092,159.61184,159.57322,159.60765
2026-08-18 13:55:00+00:00,159.60448,159.61108,159.57956,159.5836
2026-08-18 14:00:00+00:00,159.58928,159.58928,159.55247,159.55567
2026-08-18 14:05:00+00:00,159.55665,159.55982,159.49961,159.52222
2026-08-18 14:10:00+00:00,159.5259,159.53326,159.50124,159.51099
2026-08-18 14:15:00+00:00,159.51344,159.53869,159.50874,159.51661
2026-08-18 14:20:00+00:00,159.52977,159.52977,159.47427,159.47679
2026-08-18 14:25:00+00:00,159.48024,159.49379,159.45533,159.49023
2026-08-18 14:30:00+00:00,159.4847,159.53103,159.48136,159.52645
2026-08-18 14:35:00+00:00,159.52235,159.55364,159.50821,159.55333
2026-08-18 14:40:00+00:00,159.55027,159.56049,159.50593,159.52033
2026-08-18 14:45:00+00:00,159.51382,159.53515,159.50983,159.51383
2026-08-18 14:50:00+00:00,159.51964,159.51964,159.40948,159.51169
2026-08-18 14:55:00+00:00,159.49578,159.57198,159.49578,159.54958
2026-08-18 15:00:00+00:00,159.55145,159.57661,159.50465,159.50906
2026-08-18 15:05:00+00:00,159.51652,159.55472,159.4973,159.55042
2026-08-18 15:10:00+00:00,159.54351,159.59484,159.54351,159.59235
2026-08-18 15:15:00+00:00,159.58253,159.61898,159.582,159.58465
2026-08-18 15:20:00+00:00,159.58755,159.61137,159.54558,159.59868
2026-08-18 15:25:00+00:00,159.58069,159.62903,159.58069,159.61772
2026-08-18 15:30:00+00:00,159.6184,159.63779,159.61168,159.62686
2026-08-18 15:35:00+00:00,159.62865,159.62865,159.59745,159.59884
2026-08-18 15:40:00+00:00,159.59853,159.60903,159.59289,159.59416
2026-08-18 15:45:00+00:00,159.59817,159.6045,159.56257,159.56421
2026-08-18 15:50:00+00:00,159.56704,159.57002,159.54487,159.55749
2026-08-18 15:55:00+00:00,159.54303,159.59529,159.54303,159.59446
2026-08-18 16:00:00+00:00,159.59056,159.59787,159.56969,159.59567
2026-08-18 16:05:00+00:00,159.59225,159.59418,159.5671,159.57229
2026-08-18 16:10:00+00:00,159.57395,159.57395,159.55932,159.56565
2026-08-18 16:15:00+00:00,159.56168,159.58082,159.55916,159.56679
2026-08-18 16:20:00+00:00,159.56675,159.57258,159.55122,159.5683
2026-08-18 16:25:00+00:00,159.56223,159.602,159.5554,159.60008
2026-08-18 16:30:00+00:00,159.59619,159.63415,159.59619,159.63079
2026-08-18 16:35:00+00:00,159.62723,159.63839,159.61518,159.6193
2026-08-18 16:40:00+00:00,159.62579,159.62579,159.58706,159.58771
2026-08-18 16:45:00+00:00,159.58847,159.59154,159.57194,159.57944
2026-08-18 16:50:00+00:00,159.57634,159.58347,159.56397,159.57919
2026-08-18 16:55:00+00:00,159.57448,159.5944,159.55696,159.58916
2026-08-18 17:00:00+00:00,159.58786,159.59242,159.56393,159.582
2026-08-18 17:05:00+00:00,159.58396,159.60359,159.58095,159.60031
2026-08-18 17:10:00+00:00,159.59878,159.60776,159.59296,159.60484
2026-08-18 17:15:00+00:00,159.60155,159.61622,159.59847,159.60601
2026-08-18 17:20:00+00:00,159.60664,159.61067,159.59156,159.6024
2026-08-18 17:25:00+00:00,159.59778,159.61868,159.59778,159.61532
2026-08-18 17:30:00+00:00,159.6136,159.63857,159.60149,159.60588
2026-08-18 17:35:00+00:00,159.60621,159.62785,159.60568,159.6252
2026-08-18 17:40:00+00:00,159.62401,159.62414,159.60864,159.62113
2026-08-18 17:45:00+00:00,159.61683,159.62149,159.60655,159.61778
2026-08-18 17:50:00+00:00,159.61577,159.62296,159.61068,159.62047
2026-08-18 17:55:00+00:00,159.61596,159.62684,159.60664,159.60797
2026-08-18 18:00:00+00:00,159.60945,159.61725,159.60401,159.60473
2026-08-18 18:05:00+00:00,159.6079,159.61522,159.59847,159.59954
2026-08-18 18:10:00+00:00,159.59984,159.60546,159.58439,159.6011
2026-08-18 18:15:00+00:00,159.59827,159.59827,159.58362,159.59131
2026-08-18 18:20:00+00:00,159.58576,159.59088,159.57255,159.58271
2026-08-18 18:25:00+00:00,159.57909,159.59055,159.5731,159.58697
2026-08-18 18:30:00+00:00,159.5843,159.60519,159.5843,159.60328
2026-08-18 18:35:00+00:00,159.59973,159.61935,159.5958,159.6173
2026-08-18 18:40:00+00:00,159.61303,159.63506,159.61303,159.63231
2026-08-18 18:45:00+00:00,159.62838,159.63703,159.61372,159.61606
2026-08-18 18:50:00+00:00,159.61826,159.62508,159.61672,159.62154
2026-08-18 18:55:00+00:00,159.61807,159.61905,159.60575,159.60663
2026-08-18 19:00:00+00:00,159.60814,159.61307,159.59699,159.59824
2026-08-18 19:05:00+00:00,159.60258,159.63387,159.60258,159.61911
2026-08-18 19:10:00+00:00,159.62059,159.62363,159.59049,159.60462
2026-08-18 19:15:00+00:00,159.60198,159.61098,159.58408,159.60957
2026-08-18 19:20:00+00:00,159.60647,159.60675,159.58604,159.58735
2026-08-18 19:25:00+00:00,159.59014,159.61354,159.58104,159.60975
2026-08-18 19:30:00+00:00,159.60642,159.61912,159.60642,159.61232
2026-08-18 19:35:00+00:00,159.60662,159.62071,159.60649,159.60795
2026-08-18 19:40:00+00:00,159.60859,159.61821,159.58934,159.60363
2026-08-18 19:45:00+00:00,159.59662,159.61993,159.59662,159.61629
2026-08-18 19:50:00+00:00,159.61257,159.62856,159.61257,159.6277
2026-08-18 19:55:00+00:00,159.62392,159.65199,159.61894,159.64978
2026-08-18 20:00:00+00:00,159.64626,159.6638,159.64517,159.65724
2026-08-18 20:05:00+00:00,159.65809,159.67259,159.65751,159.66931
2026-08-18 20:10:00+00:00,159.66501,159.67981,159.65945,159.66352
2026-08-18 20:15:00+00:00,159.66928,159.66928,159.65379,159.66285
2026-08-18 20:20:00+00:00,159.65999,159.66493,159.65674,159.65694
2026-08-18 20:25:00+00:00,159.65825,159.66727,159.65235,159.65644
2026-08-18 20:30:00+00:00,159.6536,159.6633,159.65154,159.65702
2026-08-18 20:35:00+00:00,159.65409,159.66026,159.64579,159.65645
2026-08-18 20:40:00+00:00,159.65037,159.66015,159.65037,159.65185
2026-08-18 20:45:00+00:00,159.65327,159.66969,159.64256,159.66633
2026-08-18 20:50:00+00:00,159.659,159.659,159.63875,159.65109
2026-08-18 20:55:00+00:00,159.64724,159.65664,159.62224,159.62429
2026-08-18 21:00:00+00:00,159.6287,159.64272,159.59547,159.63111
2026-08-18 21:05:00+00:00,159.61743,159.64617,159.61743,159.63901
2026-08-18 21:10:00+00:00,159.63583,159.64739,159.63125,159.63442
2026-08-18 21:15:00+00:00,159.63488,159.65469,159.62645,159.6342
2026-08-18 21:20:00+00:00,159.63548,159.65326,159.62578,159.62835
2026-08-18 21:25:00+00:00,159.63314,159.64177,159.62749,159.62998
2026-08-18 21:30:00+00:00,159.63091,159.64016,159.63053,159.63196
2026-08-18 21:35:00+00:00,159.63226,159.64386,159.59554,159.60364
2026-08-18 21:40:00+00:00,159.60461,159.6118,159.60005,159.60075
2026-08-18 21:45:00+00:00,159.60234,159.61149,159.5983,159.60773
2026-08-18 21:50:00+00:00,159.60375,159.61926,159.60375,159.61464
2026-08-18 21:55:00+00:00,159.61242,159.62173,159.60478,159.60622
2026-08-18 22:00:00+00:00,159.61075,159.62077,159.58704,159.59412
2026-08-18 22:05:00+00:00,159.59253,159.59988,159.58935,159.59633
2026-08-18 22:10:00+00:00,159.59265,159.64162,159.5904,159.63983
2026-08-18 22:15:00+00:00,159.63408,159.64489,159.62613,159.62727
2026-08-18 22:20:00+00:00,159.62812,159.63442,159.62647,159.62984
2026-08-18 22:25:00+00:00,159.62811,159.63475,159.62625,159.63131
2026-08-18 22:30:00+00:00,159.62724,159.63567,159.61691,159.62068
2026-08-18 22:35:00+00:00,159.62647,159.62647,159.59374,159.61867
2026-08-18 22:40:00+00:00,159.61398,159.62088,159.60634,159.61146
2026-08-18 22:45:00+00:00,159.60871,159.61947,159.6032,159.61199
2026-08-18 22:50:00+00:00,159.609,159.609,159.59338,159.5984
2026-08-18 22:55:00+00:00,159.59691,159.60385,159.59404,159.59611
2026-08-18 23:00:00+00:00,159.59718,159.60182,159.54829,159.55146
2026-08-18 23:05:00+00:00,159.55254,159.56863,159.55194,159.5658
2026-08-18 23:10:00+00:00,159.56112,159.57167,159.54313,159.56037
2026-08-18 23:15:00+00:00,159.55299,159.57422,159.55299,159.55914
2026-08-18 23:20:00+00:00,159.56359,159.57333,159.55588,159.56061
2026-08-18 23:25:00+00:00,159.55937,159.58354,159.55116,159.58042
2026-08-18 23:30:00+00:00,159.56811,159.59261,159.56811,159.58248
2026-08-18 23:35:00+00:00,159.57474,159.6068,159.57474,159.60123
2026-08-18 23:40:00+00:00,159.59364,159.60847,159.59364,159.60153
2026-08-18 23:45:00+00:00,159.60221,159.60896,159.59384,159.60714
2026-08-18 23:50:00+00:00,159.60383,159.60383,159.57444,159.57651
2026-08-18 23:55:00+00:00,159.57923,159.57923,159.5492,159.55246
2026-08-19 00:00:00+00:00,159.55407,159.56392,159.47393,159.50314
2026-08-19 00:05:00+00:00,159.4984,159.49932,159.46873,159.49399
2026-08-19 00:10:00+00:00,159.4898,159.49583,159.44434,159.44802
2026-08-19 00:15:00+00:00,159.45379,159.47126,159.44,159.46709
2026-08-19 00:20:00+00:00,159.46127,159.48882,159.46101,159.48504
2026-08-19 00:25:00+00:00,159.48275,159.49346,159.4764,159.48189
2026-08-19 00:30:00+00:00,159.48027,159.52126,159.48027,159.51991
2026-08-19 00:35:00+00:00,159.51675,159.51675,159.48149,159.48235
2026-08-19 00:40:00+00:00,159.48317,159.4876,159.44228,159.47314
2026-08-19 00:45:00+00:00,159.46142,159.4862,159.4614,159.47213
2026-08-19 00:50:00+00:00,159.46863,159.4704,159.4297,159.44271
2026-08-19 00:55:00+00:00,159.4386,159.47953,159.41607,159.46804
2026-08-19 01:00:00+00:00,159.46927,159.50357,159.45664,159.50149
2026-08-19 01:05:00+00:00,159.49755,159.49755,159.4684,159.47099
2026-08-19 01:10:00+00:00,159.47217,159.4998,159.46934,159.49542
2026-08-19 01:15:00+00:00,159.48807,159.52093,159.48807,159.50383
2026-08-19 01:20:00+00:00,159.50608,159.51014,159.48911,159.5061
2026-08-19 01:25:00+00:00,159.50274,159.52282,159.50017,159.50194
2026-08-19 01:30:00+00:00,159.50134,159.50855,159.47374,159.4753
2026-08-19 01:35:00+00:00,159.47914,159.48667,159.47233,159.47328
2026-08-19 01:40:00+00:00,159.47441,159.47685,159.45046,159.46007
2026-08-19 01:45:00+00:00,159.45667,159.47229,159.45667,159.47119
2026-08-19 01:50:00+00:00,159.46864,159.49517,159.45602,159.48724
2026-08-19 01:55:00+00:00,159.4878,159.49128,159.45097,159.4527
2026-08-19 02:00:00+00:00,159.45459,159.48428,159.44858,159.48128
2026-08-19 02:05:00+00:00,159.47447,159.47447,159.43497,159.44574
2026-08-19 02:10:00+00:00,159.44359,159.44359,159.40633,159.40737
2026-08-19 02:15:00+00:00,159.40918,159.41558,159.3523,159.36843
2026-08-19 02:20:00+00:00,159.36673,159.36759,159.32472,159.3272
2026-08-19 02:25:00+00:00,159.3271,159.37446,159.3271,159.37288
2026-08-19 02:30:00+00:00,159.3669,159.40678,159.35007,159.39876
2026-08-19 02:35:00+00:00,159.38727,159.40674,159.36679,159.37131
2026-08-19 02:40:00+00:00,159.3781,159.3781,159.3162,159.34971
2026-08-19 02:45:00+00:00,159.33929,159.33929,159.30286,159.32901
2026-08-19 02:50:00+00:00,159.32631,159.3767,159.31698,159.37172
2026-08-19 02:55:00+00:00,159.36456,159.37763,159.36456,159.37619
2026-08-19 03:00:00+00:00,159.37417,159.37637,159.34936,159.35899
2026-08-19 03:05:00+00:00,159.34781,159.39647,159.34781,159.38894
2026-08-19 03:10:00+00:00,159.38905,159.40382,159.37262,159.39694
2026-08-19 03:15:00+00:00,159.38734,159.40352,159.38017,159.38099
2026-08-19 03:20:00+00:00,159.38255,159.39464,159.38255,159.39114
2026-08-19 03:25:00+00:00,159.38743,159.3899,159.37694,159.3889
2026-08-19 03:30:00+00:00,159.38502,159.42721,159.38502,159.4235
2026-08-19 03:35:00+00:00,159.41804,159.44437,159.41804,159.44078
2026-08-19 03:40:00+00:00,159.43413,159.44616,159.41997,159.42581
2026-08-19 03:45:00+00:00,159.43523,159.43523,159.4166,159.42841
2026-08-19 03:50:00+00:00,159.42667,159.43586,159.41443,159.41665
2026-08-19 03:55:00+00:00,159.42322,159.44173,159.42322,159.43255
2026-08-19 04:00:00+00:00,159.43335,159.43335,159.41608,159.42108
2026-08-19 04:05:00+00:00,159.41716,159.42834,159.41716,159.41838
2026-08-19 04:10:00+00:00,159.41864,159.42324,159.39226,159.39265
2026-08-19 04:15:00+00:00,159.39397,159.40098,159.38851,159.39227
2026-08-19 04:20:00+00:00,159.39285,159.39435,159.36589,159.37009
2026-08-19 04:25:00+00:00,159.37556,159.37556,159.35197,159.37181
2026-08-19 04:30:00+00:00,159.36966,159.36966,159.29624,159.31602
2026-08-19 04:35:00+00:00,159.30855,159.35108,159.30855,159.34943
2026-08-19 04:40:00+00:00,159.34564,159.3816,159.34564,159.37906
2026-08-19 04:45:00+00:00,159.37541,159.37592,159.32679,159.32841
2026-08-19 04:50:00+00:00,159.33032,159.3324,159.30731,159.32155
2026-08-19 04:55:00+00:00,159.32333,159.3352,159.30127,159.3306
2026-08-19 05:00:00+00:00,159.32005,159.34205,159.29732,159.30305
2026-08-19 05:05:00+00:00,159.29859,159.32652,159.29859,159.31557
2026-08-19 05:10:00+00:00,159.31658,159.3315,159.30641,159.32881
2026-08-19 05:15:00+00:00,159.3274,159.33698,159.26134,159.26454
2026-08-19 05:20:00+00:00,159.26895,159.27777,159.25949,159.26554
2026-08-19 05:25:00+00:00,159.27045,159.29611,159.24284,159.29306
2026-08-19 05:30:00+00:00,159.29041,159.2948,159.25598,159.26003
2026-08-19 05:35:00+00:00,159.26513,159.26534,159.22716,159.24469
2026-08-19 05:40:00+00:00,159.24201,159.25898,159.24087,159.25528
2026-08-19 05:45:00+00:00,159.24231,159.27314,159.23835,159.2407
2026-08-19 05:50:00+00:00,159.2444,159.30723,159.23618,159.30357
2026-08-19 05:55:00+00:00,159.2984,159.3312,159.29055,159.29528
2026-08-19 06:00:00+00:00,159.29989,159.30963,159.25519,159.25771
2026-08-19 06:05:00+00:00,159.25887,159.27381,159.24603,159.2478
2026-08-19 06:10:00+00:00,159.24997,159.24997,159.21911,159.24158
2026-08-19 06:15:00+00:00,159.23495,159.24877,159.2119,159.24555
2026-08-19 06:20:00+00:00,159.23855,159.23855,159.16453,159.16934
2026-08-19 06:25:00+00:00,159.17641,159.18685,159.15788,159.18424
2026-08-19 06:30:00+00:00,159.18057,159.18057,159.13658,159.17624
2026-08-19 06:35:00+00:00,159.16975,159.17383,159.1224,159.15718
2026-08-19 06:40:00+00:00,159.1509,159.20317,159.1509,159.2013
2026-08-19 06:45:00+00:00,159.19416,159.2507,159.19265,159.24914
2026-08-19 06:50:00+00:00,159.2458,159.24898,159.23145,159.23941
2026-08-19 06:55:00+00:00,159.23684,159.2524,159.22399,159.25059
2026-08-19 07:00:00+00:00,159.24356,159.2585,159.19911,159.21879
2026-08-19 07:05:00+00:00,159.21232,159.22305,159.1717,159.17299
2026-08-19 07:10:00+00:00,159.17669,159.22414,159.17669,159.22176
2026-08-19 07:15:00+00:00,159.21798,159.26467,159.21568,159.24296
2026-08-19 07:20:00+00:00,159.25034,159.25556,159.19271,159.19724
2026-08-19 07:25:00+00:00,159.20377,159.20377,159.18122,159.19837
2026-08-19 07:30:00+00:00,159.19043,159.20938,159.16283,159.16784
2026-08-19 07:35:00+00:00,159.1753,159.1753,159.12862,159.16324
2026-08-19 07:40:00+00:00,159.15654,159.17205,159.14563,159.14827
2026-08-19 07:45:00+00:00,159.14891,159.1909,159.14891,159.18585
2026-08-19 07:50:00+00:00,159.17847,159.19947,159.14932,159.15294
2026-08-19 07:55:00+00:00,159.15833,159.19109,159.14033,159.18894
2026-08-19 08:00:00+00:00,159.18102,159.18666,159.14629,159.16421
2026-08-19 08:05:00+00:00,159.16896,159.16924,159.1117,159.12657
2026-08-19 08:10:00+00:00,159.12352,159.1314,159.08936,159.09056
2026-08-19 08:15:00+00:00,159.09258,159.0987,159.06074,159.06393
2026-08-19 08:20:00+00:00,159.06697,159.08221,159.05294,159.0815
2026-08-19 08:25:00+00:00,159.07832,159.13283,159.07771,159.13137
2026-08-19 08:30:00+00:00,159.1272,159.13147,159.09119,159.10696
2026-08-19 08:35:00+00:00,159.1057,159.11721,159.07319,159.09813
2026-08-19 08:40:00+00:00,159.09276,159.10543,159.07207,159.07427
2026-08-19 08:45:00+00:00,159.07664,159.09829,159.07102,159.09699
2026-08-19 08:50:00+00:00,159.09308,159.15019,159.07559,159.14702
2026-08-19 08:55:00+00:00,159.14065,159.16919,159.13748,159.16702
2026-08-19 09:00:00+00:00,159.16101,159.21804,159.15756,159.17416
2026-08-19 09:05:00+00:00,159.18188,159.20627,159.16228,159.20156
2026-08-19 09:10:00+00:00,159.19498,159.23616,159.19498,159.22523
2026-08-19 09:15:00+00:00,159.22652,159.26147,159.22014,159.24051
2026-08-19 09:20:00+00:00,159.25048,159.25048,159.17344,159.198
2026-08-19 09:25:00+00:00,159.19349,159.21182,159.16914,159.20908
2026-08-19 09:30:00+00:00,159.20239,159.20239,159.13195,159.14206
2026-08-19 09:35:00+00:00,159.15965,159.15965,159.11733,159.15815
2026-08-19 09:40:00+00:00,159.15301,159.15516,159.12637,159.13821
2026-08-19 09:45:00+00:00,159.1311,159.14062,159.1178,159.11859
2026-08-19 09:50:00+00:00,159.12012,159.13657,159.08734,159.10115
2026-08-19 09:55:00+00:00,159.10253,159.11743,159.08183,159.09546
2026-08-19 10:00:00+00:00,159.0893,159.10151,159.07273,159.09166
2026-08-19 10:05:00+00:00,159.09059,159.1131,159.07829,159.09899
2026-08-19 10:10:00+00:00,159.10069,159.10648,159.0359,159.04498
2026-08-19 10:15:00+00:00,159.0613,159.0613,159.02414,159.04348
2026-08-19 10:20:00+00:00,159.04712,159.05078,159.01003,159.01316
2026-08-19 10:25:00+00:00,159.01883,159.06487,159.01883,159.04523
2026-08-19 10:30:00+00:00,159.05194,159.06757,159.04373,159.06129
2026-08-19 10:35:00+00:00,159.04635,159.09143,159.04635,159.09058
2026-08-19 10:40:00+00:00,159.08607,159.08834,159.06259,159.0642
2026-08-19 10:45:00+00:00,159.06642,159.06888,159.04657,159.04677
2026-08-19 10:50:00+00:00,159.04764,159.07734,159.04404,159.07545
2026-08-19 10:55:00+00:00,159.0703,159.11439,159.0703,159.10425
2026-08-19 11:00:00+00:00,159.10051,159.11949,159.08245,159.11379
2026-08-19 11:05:00+00:00,159.10386,159.15666,159.10386,159.153
2026-08-19 11:10:00+00:00,159.14784,159.15596,159.12471,159.12697
2026-08-19 11:15:00+00:00,159.12868,159.13369,159.09913,159.10298
2026-08-19 11:20:00+00:00,159.10802,159.12435,159.09736,159.10891
2026-08-19 11:25:00+00:00,159.11072,159.12351,159.1083,159.11985
2026-08-19 11:30:00+00:00,159.11463,159.12775,159.11004,159.12339
2026-08-19 11:35:00+00:00,159.12084,159.15415,159.09789,159.1523
2026-08-19 11:40:00+00:00,159.14511,159.18745,159.14511,159.18263
2026-08-19 11:45:00+00:00,159.18113,159.18113,159.11042,159.12315
2026-08-19 11:50:00+00:00,159.12075,159.13874,159.0987,159.13691
2026-08-19 11:55:00+00:00,159.13196,159.14016,159.11764,159.13948
2026-08-19 12:00:00+00:00,159.13576,159.16931,159.1022,159.12128
2026-08-19 12:05:00+00:00,159.11868,159.11868,159.07629,159.08672
2026-08-19 12:10:00+00:00,159.08795,159.11371,159.08294,159.11115
2026-08-19 12:15:00+00:00,159.1062,159.11408,159.07711,159.08299
2026-08-19 12:20:00+00:00,159.09302,159.09302,158.99201,158.99362
2026-08-19 12:25:00+00:00,158.99653,159.051,158.98368,159.04401
2026-08-19 12:30:00+00:00,159.03342,159.06178,158.78418,158.83393
2026-08-19 12:35:00+00:00,158.94664,158.94664,158.30897,158.33514
2026-08-19 12:40:00+00:00,158.3817,158.57121,158.28157,158.56583
2026-08-19 12:45:00+00:00,158.55267,158.62283,158.42443,158.52769
2026-08-19 12:50:00+00:00,158.55496,158.58775,158.47115,158.48166
2026-08-19 12:55:00+00:00,158.50247,158.55765,158.462,158.53332
2026-08-19 13:00:00+00:00,158.4856,158.59315,158.4856,158.55912
2026-08-19 13:05:00+00:00,158.54385,158.54385,158.45505,158.46455
2026-08-19 13:10:00+00:00,158.48116,158.48116,158.3526,158.36651
2026-08-19 13:15:00+00:00,158.39557,158.42921,158.32841,158.42143
2026-08-19 13:20:00+00:00,158.40658,158.43351,158.34702,158.35968
2026-08-19 13:25:00+00:00,158.39202,158.53322,158.39202,158.44713
2026-08-19 13:30:00+00:00,158.46678,158.46678,158.38582,158.39262
2026-08-19 13:35:00+00:00,158.39833,158.51841,158.33415,158.41008
2026-08-19 13:40:00+00:00,158.42563,158.51341,158.40857,158.4846
2026-08-19 13:45:00+00:00,158.48615,158.55119,158.42439,158.45946
2026-08-19 13:50:00+00:00,158.45479,158.51062,158.45479,158.47219
2026-08-19 13:55:00+00:00,158.47709,158.50862,158.4352,158.44024
2026-08-19 14:00:00+00:00,158.44798,158.49028,158.41368,158.42079
2026-08-19 14:05:00+00:00,158.42985,158.43999,158.39399,158.40548
2026-08-19 14:10:00+00:00,158.40626,158.42204,158.27212,158.28331
2026-08-19 14:15:00+00:00,158.29918,158.31475,158.23174,158.24222
2026-08-19 14:20:00+00:00,158.26524,158.36734,158.26524,158.35929
2026-08-19 14:25:00+00:00,158.34382,158.35085,158.28305,158.29212
2026-08-19 14:30:00+00:00,158.29539,158.29539,158.12165,158.13323
2026-08-19 14:35:00+00:00,158.15179,158.16828,158.0704,158.07477
2026-08-19 14:40:00+00:00,158.08052,158.15945,158.05538,158.11097
2026-08-19 14:45:00+00:00,158.12077,158.26345,158.12077,158.25633
2026-08-19 14:50:00+00:00,158.23726,158.34467,158.23726,158.33902
2026-08-19 14:55:00+00:00,158.32269,158.39634,158.32269,158.38942
2026-08-19 15:00:00+00:00,158.37385,158.42928,158.34131,158.41417
2026-08-19 15:05:00+00:00,158.39305,158.47428,158.39305,158.41809
2026-08-19 15:10:00+00:00,158.41723,158.4872,158.41595,158.42191
2026-08-19 15:15:00+00:00,158.43142,158.43142,158.36781,158.41247
2026-08-19 15:20:00+00:00,158.41332,158.49555,158.40827,158.48636
2026-08-19 15:25:00+00:00,158.47337,158.52747,158.46795,158.50462
2026-08-19 15:30:00+00:00,158.4986,158.51798,158.45509,158.45761
2026-08-19 15:35:00+00:00,158.459,158.46203,158.41461,158.44329
2026-08-19 15:40:00+00:00,158.43294,158.46461,158.4157,158.41839
2026-08-19 15:45:00+00:00,158.42237,158.46024,158.36878,158.42812
2026-08-19 15:50:00+00:00,158.44389,158.4778,158.39181,158.47373
2026-08-19 15:55:00+00:00,158.46118,158.48669,158.46118,158.47888
2026-08-19 16:00:00+00:00,158.479,158.48209,158.43147,158.43406
2026-08-19 16:05:00+00:00,158.43966,158.4873,158.40175,158.45015
2026-08-19 16:10:00+00:00,158.46184,158.46184,158.40668,158.42001
2026-08-19 16:15:00+00:00,158.41727,158.44863,158.40292,158.44349
2026-08-19 16:20:00+00:00,158.43577,158.44937,158.41103,158.41367
2026-08-19 16:25:00+00:00,158.41743,158.42457,158.37406,158.42138
2026-08-19 16:30:00+00:00,158.40993,158.43372,158.40028,158.40578
2026-08-19 16:35:00+00:00,158.4038,158.42267,158.39443,158.41765
2026-08-19 16:40:00+00:00,158.41027,158.42879,158.3938,158.39637
2026-08-19 16:45:00+00:00,158.4005,158.4005,158.35356,158.37605
2026-08-19 16:50:00+00:00,158.36122,158.39196,158.33019,158.33203
2026-08-19 16:55:00+00:00,158.33229,158.39467,158.33055,158.38628
2026-08-19 17:00:00+00:00,158.37457,158.40817,158.34694,158.40285
2026-08-19 17:05:00+00:00,158.39379,158.47553,158.39379,158.47343
2026-08-19 17:10:00+00:00,158.46715,158.51229,158.45819,158.50662
2026-08-19 17:15:00+00:00,158.50477,158.52143,158.47773,158.48521
2026-08-19 17:20:00+00:00,158.49472,158.49472,158.45074,158.47041
2026-08-19 17:25:00+00:00,158.47168,158.52625,158.47168,158.5224
2026-08-19 17:30:00+00:00,158.51428,158.52973,158.49222,158.51409
2026-08-19 17:35:00+00:00,158.51741,158.55737,158.50563,158.55599
2026-08-19 17:40:00+00:00,158.5536,158.557,158.52292,158.53845
2026-08-19 17:45:00+00:00,158.53139,158.56056,158.53139,158.54996
2026-08-19 17:50:00+00:00,158.54841,158.61006,158.54752,158.60962
2026-08-19 17:55:00+00:00,158.60696,158.61586,158.58764,158.60434
2026-08-19 18:00:00+00:00,158.59677,158.60726,158.44391,158.46107
2026-08-19 18:05:00+00:00,158.46508,158.46508,158.40623,158.41085
2026-08-19 18:10:00+00:00,158.41735,158.41735,158.36802,158.36988
2026-08-19 18:15:00+00:00,158.37192,158.44499,158.36886,158.43908
2026-08-19 18:20:00+00:00,158.43301,158.48372,158.41049,158.47946
2026-08-19 18:25:00+00:00,158.47104,158.50151,158.47104,158.48873
2026-08-19 18:30:00+00:00,158.48906,158.50697,158.42505,158.43249
2026-08-19 18:35:00+00:00,158.44522,158.44522,158.35059,158.35416
2026-08-19 18:40:00+00:00,158.36186,158.38498,158.28023,158.30673
2026-08-19 18:45:00+00:00,158.2965,158.33678,158.2965,158.31622
2026-08-19 18:50:00+00:00,158.31125,158.32431,158.2927,158.30823
2026-08-19 18:55:00+00:00,158.31217,158.3178,158.27957,158.31175
2026-08-19 19:00:00+00:00,158.30355,158.35237,158.30355,158.35022
2026-08-19 19:05:00+00:00,158.34697,158.36269,158.28929,158.2954
2026-08-19 19:10:00+00:00,158.30564,158.30949,158.27099,158.30529
2026-08-19 19:15:00+00:00,158.29726,158.30941,158.27138,158.27317
2026-08-19 19:20:00+00:00,158.27519,158.28074,158.24868,158.25326
2026-08-19 19:25:00+00:00,158.26049,158.26049,158.15228,158.15916
2026-08-19 19:30:00+00:00,158.17136,158.18029,158.1358,158.14182
2026-08-19 19:35:00+00:00,158.15483,158.26374,158.15483,158.26039
2026-08-19 19:40:00+00:00,158.2518,158.2538,158.2107,158.23272
2026-08-19 19:45:00+00:00,158.2217,158.29501,158.2217,158.27195
2026-08-19 19:50:00+00:00,158.27539,158.27793,158.21481,158.21667
2026-08-19 19:55:00+00:00,158.21997,158.23032,158.10346,158.11162
2026-08-19 20:00:00+00:00,158.12854,158.15742,158.09601,158.11805
2026-08-19 20:05:00+00:00,158.11441,158.16896,158.10709,158.14669
2026-08-19 20:10:00+00:00,158.14948,158.17786,158.13848,158.17049
2026-08-19 20:15:00+00:00,158.16911,158.19237,158.15651,158.18842
2026-08-19 20:20:00+00:00,158.18267,158.19283,158.17191,158.18864
2026-08-19 20:25:00+00:00,158.18594,158.21678,158.18479,158.21497
2026-08-19 20:30:00+00:00,158.20722,158.22915,158.20722,158.21951
2026-08-19 20:35:00+00:00,158.21937,158.22285,158.17259,158.17467
2026-08-19 20:40:00+00:00,158.17966,158.19972,158.14466,158.14939
2026-08-19 20:45:00+00:00,158.15655,158.16284,158.13819,158.15736
2026-08-19 20:50:00+00:00,158.15524,158.16494,158.14725,158.16064
2026-08-19 20:55:00+00:00,158.15398,158.17667,158.14949,158.15784
2026-08-19 21:00:00+00:00,158.15919,158.26464,158.04125,158.13328
2026-08-19 21:05:00+00:00,158.11906,158.15011,158.11575,158.1488
2026-08-19 21:10:00+00:00,158.14648,158.14648,158.09921,158.10306
2026-08-19 21:15:00+00:00,158.11281,158.13575,158.11281,158.12505
2026-08-19 21:20:00+00:00,158.12642,158.13366,158.11361,158.12451
2026-08-19 21:25:00+00:00,158.1218,158.13012,158.11702,158.12978
2026-08-19 21:30:00+00:00,158.12649,158.13196,158.12365,158.12964
2026-08-19 21:35:00+00:00,158.12673,158.13724,158.12305,158.12847
2026-08-19 21:40:00+00:00,158.12921,158.14147,158.12057,158.13768
2026-08-19 21:45:00+00:00,158.13457,158.13875,158.12936,158.13258
2026-08-19 21:50:00+00:00,158.13053,158.13504,158.12419,158.1325
2026-08-19 21:55:00+00:00,158.12859,158.14188,158.11912,158.1243
2026-08-19 22:00:00+00:00,158.12696,158.1336,158.03953,158.05383
2026-08-19 22:05:00+00:00,158.04956,158.07534,158.03631,158.06939
2026-08-19 22:10:00+00:00,158.05539,158.0837,158.05539,158.08216
2026-08-19 22:15:00+00:00,158.0791,158.0812,158.05003,158.06499
2026-08-19 22:20:00+00:00,158.0592,158.08239,158.05699,158.06528
2026-08-19 22:25:00+00:00,158.06226,158.08128,158.05134,158.07762
2026-08-19 22:30:00+00:00,158.07442,158.11078,158.07387,158.10755
2026-08-19 22:35:00+00:00,158.10231,158.12128,158.09217,158.11356
2026-08-19 22:40:00+00:00,158.1139,158.14441,158.1139,158.14236
2026-08-19 22:45:00+00:00,158.13862,158.14376,158.12981,158.14117
2026-08-19 22:50:00+00:00,158.13444,158.19493,158.13444,158.1897
2026-08-19 22:55:00+00:00,158.18242,158.19791,158.17959,158.18059
2026-08-19 23:00:00+00:00,158.18218,158.24446,158.18218,158.22204
2026-08-19 23:05:00+00:00,158.21884,158.21884,158.19102,158.19258
2026-08-19 23:10:00+00:00,158.19355,158.23318,158.19355,158.22171
2026-08-19 23:15:00+00:00,158.22265,158.23593,158.20787,158.22519
2026-08-19 23:20:00+00:00,158.22397,158.22397,158.20751,158.21186
2026-08-19 23:25:00+00:00,158.20732,158.24052,158.20732,158.23952
2026-08-19 23:30:00+00:00,158.23615,158.25109,158.2266,158.24528
2026-08-19 23:35:00+00:00,158.23733,158.26647,158.22732,158.23079
2026-08-19 23:40:00+00:00,158.23608,158.25255,158.22114,158.24935
2026-08-19 23:45:00+00:00,158.23687,158.27435,158.23687,158.27088
2026-08-19 23:50:00+00:00,158.26959,158.27113,158.24577,158.24711
2026-08-19 23:55:00+00:00,158.25041,158.28665,158.24453,158.28444
2026-08-20 00:00:00+00:00,158.27914,158.28017,158.18667,158.19606
2026-08-20 00:05:00+00:00,158.21417,158.33799,158.16624,158.33174
2026-08-20 00:10:00+00:00,158.31867,158.37626,158.31867,158.34682
2026-08-20 00:15:00+00:00,158.34647,158.3546,158.26764,158.27187
2026-08-20 00:20:00+00:00,158.27843,158.35625,158.2728,158.32156
2026-08-20 00:25:00+00:00,158.32244,158.36801,158.32244,158.34495
2026-08-20 00:30:00+00:00,158.34669,158.34669,158.28576,158.33029
2026-08-20 00:35:00+00:00,158.32237,158.33987,158.30749,158.3217
2026-08-20 00:40:00+00:00,158.31683,158.3614,158.31683,158.35896
2026-08-20 00:45:00+00:00,158.35451,158.39925,158.34654,158.39698
2026-08-20 00:50:00+00:00,158.39178,158.42844,158.39178,158.40828
2026-08-20 00:55:00+00:00,158.41542,158.44607,158.36841,158.37036
2026-08-20 01:00:00+00:00,158.37209,158.48155,158.37209,158.48015
2026-08-20 01:05:00+00:00,158.47546,158.4844,158.46296,158.46488
2026-08-20 01:10:00+00:00,158.46695,158.51734,158.45507,158.46658
2026-08-20 01:15:00+00:00,158.47057,158.48845,158.44917,158.45652
2026-08-20 01:20:00+00:00,158.46922,158.46922,158.40201,158.41579
2026-08-20 01:25:00+00:00,158.41135,158.43875,158.38881,158.3946
2026-08-20 01:30:00+00:00,158.40371,158.40371,158.34253,158.35432
2026-08-20 01:35:00+00:00,158.35631,158.40951,158.34916,158.4035
2026-08-20 01:40:00+00:00,158.38946,158.47454,158.38946,158.46976
2026-08-20 01:45:00+00:00,158.45373,158.55763,158.45373,158.54839
2026-08-20 01:50:00+00:00,158.53125,158.56412,158.52735,158.52823
2026-08-20 01:55:00+00:00,158.52971,158.54769,158.50123,158.54186
2026-08-20 02:00:00+00:00,158.52846,158.55595,158.42861,158.4488
2026-08-20 02:05:00+00:00,158.49273,158.49273,158.40373,158.4791
2026-08-20 02:10:00+00:00,158.46031,158.53368,158.46031,158.5009
2026-08-20 02:15:00+00:00,158.50464,158.50528,158.46915,158.47281
2026-08-20 02:20:00+00:00,158.47625,158.5079,158.46179,158.46596
2026-08-20 02:25:00+00:00,158.47095,158.47985,158.44896,158.45103
2026-08-20 02:30:00+00:00,158.45475,158.4565,158.41665,158.42061
2026-08-20 02:35:00+00:00,158.42286,158.44719,158.41917,158.42184
2026-08-20 02:40:00+00:00,158.42442,158.43273,158.40025,158.42166
2026-08-20 02:45:00+00:00,158.40787,158.44571,158.40787,158.43726
2026-08-20 02:50:00+00:00,158.42575,158.4677,158.42575,158.4644
2026-08-20 02:55:00+00:00,158.45964,158.47326,158.44993,158.46119
2026-08-20 03:00:00+00:00,158.45605,158.46595,158.4385,158.45258
2026-08-20 03:05:00+00:00,158.44957,158.49234,158.44106,158.48797
2026-08-20 03:10:00+00:00,158.4807,158.49228,158.40669,158.41025
2026-08-20 03:15:00+00:00,158.41618,158.43787,158.39573,158.40385
2026-08-20 03:20:00+00:00,158.40832,158.41505,158.38818,158.39275
2026-08-20 03:25:00+00:00,158.3998,158.44313,158.35307,158.44111
2026-08-20 03:30:00+00:00,158.43762,158.45424,158.43256,158.43592
2026-08-20 03:35:00+00:00,158.44105,158.48263,158.44105,158.48104
2026-08-20 03:40:00+00:00,158.47658,158.47658,158.45495,158.47183
2026-08-20 03:45:00+00:00,158.46888,158.46888,158.4433,158.45286
2026-08-20 03:50:00+00:00,158.44916,158.47199,158.43489,158.44228
2026-08-20 03:55:00+00:00,158.45297,158.45297,158.41847,158.44032
2026-08-20 04:00:00+00:00,158.43745,158.44005,158.42645,158.43701
2026-08-20 04:05:00+00:00,158.42976,158.4478,158.42976,158.43885
2026-08-20 04:10:00+00:00,158.43738,158.44873,158.42995,158.44603
2026-08-20 04:15:00+00:00,158.44433,158.47353,158.42282,158.46948
2026-08-20 04:20:00+00:00,158.46585,158.47142,158.45619,158.46772
2026-08-20 04:25:00+00:00,158.46498,158.47494,158.44364,158.44753
2026-08-20 04:30:00+00:00,158.45738,158.4926,158.45738,158.4853
2026-08-20 04:35:00+00:00,158.48661,158.51849,158.4851,158.5165
2026-08-20 04:40:00+00:00,158.50787,158.53651,158.50787,158.53556
2026-08-20 04:45:00+00:00,158.53079,158.5674,158.52912,158.5616
2026-08-20 04:50:00+00:00,158.55305,158.59221,158.53566,158.57815
2026-08-20 04:55:00+00:00,158.55641,158.62311,158.55566,158.58065
2026-08-20 05:00:00+00:00,158.57262,158.58968,158.55029,158.55264
2026-08-20 05:05:00+00:00,158.55447,158.5834,158.55072,158.58147
2026-08-20 05:10:00+00:00,158.57936,158.61057,158.57048,158.59047
2026-08-20 05:15:00+00:00,158.59377,158.60871,158.56868,158.59534
2026-08-20 05:20:00+00:00,158.6019,158.62102,158.58107,158.62032
2026-08-20 05:25:00+00:00,158.61643,158.67884,158.6141,158.67111
2026-08-20 05:30:00+00:00,158.66004,158.71118,158.65539,158.70666
2026-08-20 05:35:00+00:00,158.69916,158.71248,158.69078,158.69313
2026-08-20 05:40:00+00:00,158.69296,158.72825,158.69296,158.72308
2026-08-20 05:45:00+00:00,158.70949,158.74386,158.68452,158.68802
2026-08-20 05:50:00+00:00,158.69457,158.70009,158.67985,158.69146
2026-08-20 05:55:00+00:00,158.68824,158.70483,158.61604,158.61918
2026-08-20 06:00:00+00:00,158.62065,158.65252,158.62065,158.64764
2026-08-20 06:05:00+00:00,158.63556,158.65857,158.61865,158.6208
2026-08-20 06:10:00+00:00,158.62456,158.63198,158.54609,158.55099
2026-08-20 06:15:00+00:00,158.55877,158.57072,158.52076,158.52423
2026-08-20 06:20:00+00:00,158.52794,158.52865,158.47425,158.479
2026-08-20 06:25:00+00:00,158.48029,158.54665,158.48029,158.50695
2026-08-20 06:30:00+00:00,158.51181,158.552,158.50733,158.54976
2026-08-20 06:35:00+00:00,158.54441,158.54441,158.46622,158.48082
2026-08-20 06:40:00+00:00,158.47627,158.49907,158.47168,158.48565
2026-08-20 06:45:00+00:00,158.48899,158.48899,158.43125,158.45863
2026-08-20 06:50:00+00:00,158.44842,158.48107,158.44842,158.47222
2026-08-20 06:55:00+00:00,158.47002,158.47002,158.37256,158.38132
2026-08-20 07:00:00+00:00,158.39794,158.42235,158.34492,158.41705
2026-08-20 07:05:00+00:00,158.40665,158.4234,158.38964,158.40204
2026-08-20 07:10:00+00:00,158.3989,158.41083,158.37765,158.38885
2026-08-20 07:15:00+00:00,158.39813,158.44127,158.37614,158.40796
2026-08-20 07:20:00+00:00,158.41437,158.49918,158.38634,158.49007
2026-08-20 07:25:00+00:00,158.47294,158.54365,158.47294,158.54037
2026-08-20 07:30:00+00:00,158.53569,158.54875,158.49683,158.54331
2026-08-20 07:35:00+00:00,158.53288,158.53288,158.43985,158.47964
2026-08-20 07:40:00+00:00,158.47504,158.47931,158.4092,158.45329
2026-08-20 07:45:00+00:00,158.43083,158.50449,158.43083,158.49795
2026-08-20 07:50:00+00:00,158.48909,158.50397,158.4672,158.47266
2026-08-20 07:55:00+00:00,158.48169,158.48636,158.44118,158.48038
2026-08-20 08:00:00+00:00,158.47021,158.47799,158.42832,158.46108
2026-08-20 08:05:00+00:00,158.46472,158.48515,158.43439,158.439
2026-08-20 08:10:00+00:00,158.44555,158.4551,158.41728,158.4312
2026-08-20 08:15:00+00:00,158.42712,158.42712,158.38103,158.38447
2026-08-20 08:20:00+00:00,158.38365,158.44064,158.38365,158.41759
2026-08-20 08:25:00+00:00,158.41192,158.49556,158.4047,158.48657
2026-08-20 08:30:00+00:00,158.47426,158.51788,158.47426,158.48843
2026-08-20 08:35:00+00:00,158.49605,158.49605,158.44849,158.4513
2026-08-20 08:40:00+00:00,158.45127,158.50653,158.45127,158.50158
2026-08-20 08:45:00+00:00,158.49312,158.51727,158.4905,158.51265
2026-08-20 08:50:00+00:00,158.50614,158.53869,158.50614,158.535
2026-08-20 08:55:00+00:00,158.52737,158.53895,158.50173,158.51211
2026-08-20 09:00:00+00:00,158.51934,158.51934,158.46931,158.48647
2026-08-20 09:05:00+00:00,158.48046,158.48967,158.45302,158.45492
2026-08-20 09:10:00+00:00,158.45787,158.4651,158.39315,158.39567
2026-08-20 09:15:00+00:00,158.39605,158.42129,158.29575,158.30568
2026-08-20 09:20:00+00:00,158.3248,158.3248,158.22377,158.26788
2026-08-20 09:25:00+00:00,158.25757,158.30537,158.25304,158.30031
2026-08-20 09:30:00+00:00,158.29249,158.30581,158.27089,158.27284
2026-08-20 09:35:00+00:00,158.27098,158.34282,158.26919,158.3397
2026-08-20 09:40:00+00:00,158.32988,158.35769,158.30529,158.30813
2026-08-20 09:45:00+00:00,158.31239,158.34768,158.2982,158.34212
2026-08-20 09:50:00+00:00,158.33342,158.34939,158.30937,158.34569
2026-08-20 09:55:00+00:00,158.3382,158.37975,158.3382,158.37866
2026-08-20 10:00:00+00:00,158.37587,158.38946,158.34081,158.34474
2026-08-20 10:05:00+00:00,158.34964,158.34965,158.29014,158.31079
2026-08-20 10:10:00+00:00,158.30751,158.30751,158.24817,158.266
2026-08-20 10:15:00+00:00,158.25937,158.28617,158.25637,158.25895
2026-08-20 10:20:00+00:00,158.26157,158.3228,158.25243,158.31909
2026-08-20 10:25:00+00:00,158.31756,158.32099,158.29018,158.2997
2026-08-20 10:30:00+00:00,158.29742,158.31241,158.26602,158.29596
2026-08-20 10:35:00+00:00,158.29943,158.30954,158.28453,158.30597
2026-08-20 10:40:00+00:00,158.29653,158.37054,158.29653,158.36295
2026-08-20 10:45:00+00:00,158.35233,158.41535,158.35233,158.40845
2026-08-20 10:50:00+00:00,158.39689,158.47363,158.39689,158.47066
2026-08-20 10:55:00+00:00,158.45934,158.52118,158.45934,158.51879
2026-08-20 11:00:00+00:00,158.5132,158.5453,158.48444,158.53485
2026-08-20 11:05:00+00:00,158.5202,158.59328,158.5202,158.58179
2026-08-20 11:10:00+00:00,158.58042,158.60716,158.5603,158.6033
2026-08-20 11:15:00+00:00,158.59981,158.63685,158.58134,158.6368
2026-08-20 11:20:00+00:00,158.63539,158.63539,158.56174,158.57207
2026-08-20 11:25:00+00:00,158.57234,158.58616,158.53348,158.57893
2026-08-20 11:30:00+00:00,158.57269,158.58667,158.54822,158.58076
2026-08-20 11:35:00+00:00,158.57066,158.57476,158.54223,158.55649
2026-08-20 11:40:00+00:00,158.55946,158.63352,158.551,158.63028
2026-08-20 11:45:00+00:00,158.62547,158.69168,158.62168,158.68106
2026-08-20 11:50:00+00:00,158.67764,158.71037,158.64902,158.70779
2026-08-20 11:55:00+00:00,158.70144,158.70144,158.64219,158.64378
2026-08-20 12:00:00+00:00,158.64346,158.7342,158.64346,158.73144
2026-08-20 12:05:00+00:00,158.72776,158.80492,158.71974,158.77512
2026-08-20 12:10:00+00:00,158.77816,158.78284,158.72959,158.76031
2026-08-20 12:15:00+00:00,158.75159,158.75159,158.66426,158.66946
2026-08-20 12:20:00+00:00,158.67755,158.70242,158.64712,158.65042
2026-08-20 12:25:00+00:00,158.65704,158.66892,158.65284,158.65957
2026-08-20 12:30:00+00:00,158.66122,158.76501,158.66106,158.75788
2026-08-20 12:35:00+00:00,158.73622,158.77964,158.73622,158.75488
2026-08-20 12:40:00+00:00,158.75357,158.75357,158.66533,158.70876
2026-08-20 12:45:00+00:00,158.69857,158.69857,158.63126,158.67744
2026-08-20 12:50:00+00:00,158.6754,158.6754,158.61122,158.64632
2026-08-20 12:55:00+00:00,158.63342,158.66266,158.63342,158.64664
2026-08-20 13:00:00+00:00,158.64942,158.64942,158.56023,158.58764
2026-08-20 13:05:00+00:00,158.58388,158.60013,158.55729,158.5895
2026-08-20 13:10:00+00:00,158.57636,158.63617,158.5628,158.63466
2026-08-20 13:15:00+00:00,158.63028,158.65471,158.59154,158.59353
2026-08-20 13:20:00+00:00,158.59611,158.61565,158.56906,158.61206
2026-08-20 13:25:00+00:00,158.60703,158.65882,158.60391,158.63701
2026-08-20 13:30:00+00:00,158.63998,158.71491,158.61321,158.71232
2026-08-20 13:35:00+00:00,158.70245,158.71488,158.62668,158.63235
2026-08-20 13:40:00+00:00,158.64197,158.69496,158.64197,158.66757
2026-08-20 13:45:00+00:00,158.67173,158.77248,158.65753,158.76654
2026-08-20 13:50:00+00:00,158.75432,158.80167,158.75432,158.77334
2026-08-20 13:55:00+00:00,158.77024,158.82643,158.73978,158.81333
2026-08-20 14:00:00+00:00,158.78774,158.87611,158.78774,158.86514
2026-08-20 14:05:00+00:00,158.85059,158.88392,158.85059,158.86934
2026-08-20 14:10:00+00:00,158.87441,158.87441,158.83157,158.83631
2026-08-20 14:15:00+00:00,158.83903,158.88613,158.83054,158.85013
2026-08-20 14:20:00+00:00,158.85071,158.85071,158.76837,158.77386
2026-08-20 14:25:00+00:00,158.78057,158.82262,158.75261,158.81871
2026-08-20 14:30:00+00:00,158.81007,158.81007,158.77856,158.78498
2026-08-20 14:35:00+00:00,158.79591,158.79591,158.75355,158.75515
2026-08-20 14:40:00+00:00,158.75777,158.80184,158.75777,158.77645
2026-08-20 14:45:00+00:00,158.78128,158.78722,158.73782,158.76762
2026-08-20 14:50:00+00:00,158.76297,158.77573,158.72119,158.77125
2026-08-20 14:55:00+00:00,158.76291,158.76291,158.73307,158.73842
2026-08-20 15:00:00+00:00,158.74366,158.74366,158.61236,158.67399
2026-08-20 15:05:00+00:00,158.66254,158.76373,158.59902,158.75194
2026-08-20 15:10:00+00:00,158.72545,158.82296,158.72545,158.77858
2026-08-20 15:15:00+00:00,158.79999,158.79999,158.75611,158.7875
2026-08-20 15:20:00+00:00,158.77453,158.84813,158.75657,158.84497
2026-08-20 15:25:00+00:00,158.83997,158.86047,158.79611,158.80621
2026-08-20 15:30:00+00:00,158.82493,158.83022,158.76499,158.82429
2026-08-20 15:35:00+00:00,158.80593,158.89016,158.80593,158.88281
2026-08-20 15:40:00+00:00,158.86999,158.97457,158.86999,158.96203
2026-08-20 15:45:00+00:00,158.94526,158.98221,158.9173,158.92106
2026-08-20 15:50:00+00:00,158.9263,158.94048,158.90432,158.93878
2026-08-20 15:55:00+00:00,158.93211,158.9431,158.86301,158.86708
2026-08-20 16:00:00+00:00,158.8734,158.88693,158.85367,158.88266
2026-08-20 16:05:00+00:00,158.87664,158.92193,158.87664,158.91762
2026-08-20 16:10:00+00:00,158.91521,158.9578,158.91436,158.95608
2026-08-20 16:15:00+00:00,158.94787,158.98255,158.94602,158.97877
2026-08-20 16:20:00+00:00,158.97697,159.00148,158.96084,158.96371
2026-08-20 16:25:00+00:00,158.97075,159.07765,158.96109,159.0709
2026-08-20 16:30:00+00:00,159.05451,159.08911,159.05451,159.06674
2026-08-20 16:35:00+00:00,159.07501,159.07501,159.0303,159.06371
2026-08-20 16:40:00+00:00,159.05304,159.07787,159.03523,159.07432
2026-08-20 16:45:00+00:00,159.06827,159.08036,159.01548,159.03346
2026-08-20 16:50:00+00:00,159.02813,159.04382,158.99283,159.04292
2026-08-20 16:55:00+00:00,159.03724,159.04908,159.0163,159.0172
2026-08-20 17:00:00+00:00,159.0179,159.02477,158.97953,158.9825
2026-08-20 17:05:00+00:00,158.9845,159.00808,158.9611,159.00535
2026-08-20 17:10:00+00:00,158.99623,159.03143,158.99623,159.0293
2026-08-20 17:15:00+00:00,159.02072,159.04134,159.01382,159.03576
2026-08-20 17:20:00+00:00,159.02682,159.05923,159.02682,159.05803
2026-08-20 17:25:00+00:00,159.05612,159.0629,159.03913,159.06013
2026-08-20 17:30:00+00:00,159.05374,159.07086,159.03463,159.0669
2026-08-20 17:35:00+00:00,159.06098,159.08345,159.05674,159.07934
2026-08-20 17:40:00+00:00,159.0727,159.10126,159.0727,159.07902
2026-08-20 17:45:00+00:00,159.08153,159.08153,159.06446,159.06932
2026-08-20 17:50:00+00:00,159.0665,159.07093,159.05103,159.05271
2026-08-20 17:55:00+00:00,159.05296,159.08758,159.04006,159.0667
2026-08-20 18:00:00+00:00,159.06778,159.07,159.04432,159.06236
2026-08-20 18:05:00+00:00,159.06014,159.07924,159.04182,159.0767
2026-08-20 18:10:00+00:00,159.06721,159.14486,159.06721,159.14419
2026-08-20 18:15:00+00:00,159.14056,159.16222,159.13581,159.1604
2026-08-20 18:20:00+00:00,159.15646,159.16282,159.12565,159.15137
2026-08-20 18:25:00+00:00,159.14688,159.17103,159.13352,159.16948
2026-08-20 18:30:00+00:00,159.16323,159.17523,159.14533,159.15255
2026-08-20 18:35:00+00:00,159.15049,159.15049,159.12046,159.12431
2026-08-20 18:40:00+00:00,159.13391,159.14886,159.12577,159.13834
2026-08-20 18:45:00+00:00,159.13325,159.16431,159.13325,159.15957
2026-08-20 18:50:00+00:00,159.15638,159.16531,159.11822,159.12144
2026-08-20 18:55:00+00:00,159.12558,159.1554,159.11128,159.15129
2026-08-20 19:00:00+00:00,159.14513,159.17568,159.13638,159.16583
2026-08-20 19:05:00+00:00,159.16068,159.16778,159.14844,159.15053
2026-08-20 19:10:00+00:00,159.15042,159.15935,159.1315,159.13442
2026-08-20 19:15:00+00:00,159.13823,159.13823,159.11687,159.13508
2026-08-20 19:20:00+00:00,159.13238,159.13478,159.11557,159.11675
2026-08-20 19:25:00+00:00,159.11873,159.13726,159.1151,159.1343
2026-08-20 19:30:00+00:00,159.12894,159.14827,159.1185,159.12371
2026-08-20 19:35:00+00:00,159.12065,159.13339,159.1133,159.11397
2026-08-20 19:40:00+00:00,159.11574,159.13749,159.1122,159.13544
2026-08-20 19:45:00+00:00,159.13154,159.14838,159.13154,159.14482
2026-08-20 19:50:00+00:00,159.14181,159.14181,159.12302,159.12501
2026-08-20 19:55:00+00:00,159.1271,159.13765,159.11917,159.12548
2026-08-20 20:00:00+00:00,159.1265,159.13994,159.10147,159.11102
2026-08-20 20:05:00+00:00,159.10876,159.1284,159.10629,159.12508
2026-08-20 20:10:00+00:00,159.12198,159.12198,159.10802,159.11807
2026-08-20 20:15:00+00:00,159.11195,159.12658,159.11195,159.1245
2026-08-20 20:20:00+00:00,159.12134,159.14504,159.11545,159.14287
2026-08-20 20:25:00+00:00,159.13831,159.14572,159.12666,159.13371
2026-08-20 20:30:00+00:00,159.13038,159.13151,159.11089,159.1129
2026-08-20 20:35:00+00:00,159.11534,159.11534,159.09629,159.09757
2026-08-20 20:40:00+00:00,159.09816,159.10243,159.0871,159.09822
2026-08-20 20:45:00+00:00,159.09595,159.09595,159.07259,159.07794
2026-08-20 20:50:00+00:00,159.07397,159.08976,159.07397,159.08789
2026-08-20 20:55:00+00:00,159.08498,159.08616,159.07437,159.07472
2026-08-20 21:00:00+00:00,159.07528,159.10836,158.9755,159.02695
2026-08-20 21:05:00+00:00,159.01873,159.10945,159.01873,159.10727
2026-08-20 21:10:00+00:00,159.10154,159.10154,159.07595,159.08112
2026-08-20 21:15:00+00:00,159.07853,159.08375,159.07653,159.07653
2026-08-20 21:20:00+00:00,159.07708,159.08935,159.05187,159.05278
2026-08-20 21:25:00+00:00,159.05285,159.06737,159.05285,159.06517
2026-08-20 21:30:00+00:00,159.06232,159.06577,159.05273,159.0534
2026-08-20 21:35:00+00:00,159.05394,159.06041,159.04806,159.04866
2026-08-20 21:40:00+00:00,159.05149,159.08398,159.04985,159.07982
2026-08-20 21:45:00+00:00,159.07811,159.07811,159.06441,159.07478
2026-08-20 21:50:00+00:00,159.07126,159.07949,159.06821,159.0736
2026-08-20 21:55:00+00:00,159.06959,159.07159,159.06255,159.06255
2026-08-20 22:00:00+00:00,159.06226,159.08696,159.03155,159.05545
2026-08-20 22:05:00+00:00,159.049,159.049,159.02485,159.03565
2026-08-20 22:10:00+00:00,159.03141,159.04093,159.02989,159.03145
2026-08-20 22:15:00+00:00,159.03151,159.03956,159.02791,159.03762
2026-08-20 22:20:00+00:00,159.03475,159.03718,159.0196,159.03309
2026-08-20 22:25:00+00:00,159.02911,159.02911,158.97867,158.99064
2026-08-20 22:30:00+00:00,158.98589,159.01598,158.98589,159.0075
2026-08-20 22:35:00+00:00,159.0085,159.01172,159.00702,159.00702
2026-08-20 22:40:00+00:00,159.00725,159.00776,158.99583,159.00067
2026-08-20 22:45:00+00:00,158.99827,159.00735,158.98491,158.98723
2026-08-20 22:50:00+00:00,158.98835,158.9893,158.95045,158.95292
2026-08-20 22:55:00+00:00,158.95872,158.976,158.95872,158.9658
2026-08-20 23:00:00+00:00,158.96636,158.96779,158.92784,158.9501
2026-08-20 23:05:00+00:00,158.94332,158.9523,158.92412,158.95059
2026-08-20 23:10:00+00:00,158.9482,158.9482,158.91374,158.91706
2026-08-20 23:15:00+00:00,158.92136,158.92136,158.88857,158.89039
2026-08-20 23:20:00+00:00,158.89093,158.90123,158.88953,158.8913
2026-08-20 23:25:00+00:00,158.8914,158.90004,158.87626,158.87874
2026-08-20 23:30:00+00:00,158.87906,158.93792,158.86709,158.92425
2026-08-20 23:35:00+00:00,158.90423,158.95066,158.90423,158.93777
2026-08-20 23:40:00+00:00,158.93872,158.94394,158.89787,158.90671
2026-08-20 23:45:00+00:00,158.9031,158.92114,158.8896,158.89769
2026-08-20 23:50:00+00:00,158.91262,158.92717,158.87942,158.92091
2026-08-20 23:55:00+00:00,158.91168,158.93371,158.91168,158.91831
2026-08-21 00:00:00+00:00,158.9197,158.96031,158.8685,158.95279
2026-08-21 00:05:00+00:00,158.93129,159.01893,158.93129,159.01302
2026-08-21 00:10:00+00:00,159.01047,159.01602,158.9732,158.97468
2026-08-21 00:15:00+00:00,158.97622,158.99334,158.93666,158.94326
2026-08-21 00:20:00+00:00,158.95328,158.96752,158.92212,158.96582
2026-08-21 00:25:00+00:00,158.95929,159.01894,158.9526,159.01503
2026-08-21 00:30:00+00:00,159.00452,159.08328,159.00354,159.06684
2026-08-21 00:35:00+00:00,159.06812,159.08601,159.04319,159.08013
2026-08-21 00:40:00+00:00,159.07076,159.0951,159.06632,159.09212
2026-08-21 00:45:00+00:00,159.0874,159.13344,159.0874,159.13224
2026-08-21 00:50:00+00:00,159.12851,159.12851,159.07704,159.07853
2026-08-21 00:55:00+00:00,159.08248,159.1089,159.07639,159.10756
2026-08-21 01:00:00+00:00,159.10536,159.14371,159.08179,159.09379
2026-08-21 01:05:00+00:00,159.11786,159.12168,159.0688,159.12004
2026-08-21 01:10:00+00:00,159.11417,159.12262,159.06875,159.07126
2026-08-21 01:15:00+00:00,159.07675,159.079,159.02797,159.03026
2026-08-21 01:20:00+00:00,159.03486,159.04848,158.98782,159.00747
2026-08-21 01:25:00+00:00,159.00136,159.00136,158.95912,158.9615
2026-08-21 01:30:00+00:00,158.964,158.98412,158.92429,158.92798
2026-08-21 01:35:00+00:00,158.93532,158.95807,158.9222,158.94811
2026-08-21 01:40:00+00:00,158.9299,158.98544,158.9299,158.98274
2026-08-21 01:45:00+00:00,158.97152,158.9969,158.96574,158.96945
2026-08-21 01:50:00+00:00,158.96805,159.00116,158.94823,158.99513
2026-08-21 01:55:00+00:00,158.98687,159.00323,158.95628,158.96047
2026-08-21 02:00:00+00:00,158.96706,158.96706,158.9376,158.93952
2026-08-21 02:05:00+00:00,158.93482,159.02143,158.93361,159.0076
2026-08-21 02:10:00+00:00,159.01267,159.01267,158.97234,158.98599
2026-08-21 02:15:00+00:00,158.9829,159.01182,158.97707,159.00939
2026-08-21 02:20:00+00:00,159.00393,159.02567,158.96237,158.97028
2026-08-21 02:25:00+00:00,158.98416,158.98965,158.95723,158.96946
2026-08-21 02:30:00+00:00,158.97215,158.99231,158.95142,158.97836
2026-08-21 02:35:00+00:00,158.97372,158.98444,158.92755,158.93926
2026-08-21 02:40:00+00:00,158.9379,158.94982,158.90412,158.94857
2026-08-21 02:45:00+00:00,158.94451,158.95433,158.88769,158.88987
2026-08-21 02:50:00+00:00,158.89316,158.94414,158.89269,158.93621
2026-08-21 02:55:00+00:00,158.92559,158.9649,158.92559,158.96272
2026-08-21 03:00:00+00:00,158.95687,158.97438,158.94343,158.97108
2026-08-21 03:05:00+00:00,158.96237,158.99633,158.95872,158.9616
2026-08-21 03:10:00+00:00,158.9652,158.97101,158.95534,158.95733
2026-08-21 03:15:00+00:00,158.95867,158.96965,158.93653,158.9679
2026-08-21 03:20:00+00:00,158.96279,158.98168,158.95984,158.97739
2026-08-21 03:25:00+00:00,158.96879,159.01316,158.96879,159.01027
2026-08-21 03:30:00+00:00,159.00449,159.06836,159.00449,159.06342
2026-08-21 03:35:00+00:00,159.05505,159.08852,159.03896,159.08701
2026-08-21 03:40:00+00:00,159.08306,159.08306,159.05117,159.06675
2026-08-21 03:45:00+00:00,159.06227,159.06481,159.04201,159.062
2026-08-21 03:50:00+00:00,159.05643,159.06913,159.04371,159.04754
2026-08-21 03:55:00+00:00,159.05226,159.05231,158.998,159.01166
2026-08-21 04:00:00+00:00,159.00914,159.01649,158.97793,159.00224
2026-08-21 04:05:00+00:00,158.99601,158.99601,158.95627,158.98872
2026-08-21 04:10:00+00:00,158.97743,158.99991,158.97743,158.99876
2026-08-21 04:15:00+00:00,158.99705,158.99971,158.97607,158.97761
2026-08-21 04:20:00+00:00,158.97825,159.0007,158.97364,158.99911
2026-08-21 04:25:00+00:00,158.99133,159.03402,158.99112,159.03087
2026-08-21 04:30:00+00:00,159.02843,159.03628,159.01699,159.02827
2026-08-21 04:35:00+00:00,159.0295,159.05585,159.01919,159.05169
2026-08-21 04:40:00+00:00,159.04946,159.061,159.03605,159.04385
2026-08-21 04:45:00+00:00,159.05038,159.06214,159.02761,159.05945
2026-08-21 04:50:00+00:00,159.05467,159.05893,159.0418,159.04241
2026-08-21 04:55:00+00:00,159.0442,159.0489,159.00312,159.00574
2026-08-21 05:00:00+00:00,159.00834,159.03708,158.99978,159.034
2026-08-21 05:05:00+00:00,159.02973,159.02973,159.00292,159.01329
2026-08-21 05:10:00+00:00,159.01385,159.0205,158.99806,159.01544
2026-08-21 05:15:00+00:00,159.00803,159.02071,159.00802,159.01645
2026-08-21 05:20:00+00:00,159.0135,159.03246,159.01015,159.03206
2026-08-21 05:25:00+00:00,159.02946,159.03116,159.01403,159.02606
2026-08-21 05:30:00+00:00,159.02463,159.02496,158.9865,158.98947
2026-08-21 05:35:00+00:00,158.99359,158.99669,158.91126,158.91464
2026-08-21 05:40:00+00:00,158.91757,158.94143,158.90428,158.91071
2026-08-21 05:45:00+00:00,158.92201,158.92201,158.86356,158.86634
2026-08-21 05:50:00+00:00,158.86989,158.87311,158.83234,158.83336
2026-08-21 05:55:00+00:00,158.83658,158.85501,158.82634,158.84804
2026-08-21 06:00:00+00:00,158.84125,158.88592,158.80084,158.87981
2026-08-21 06:05:00+00:00,158.86703,158.91668,158.86703,158.88197
2026-08-21 06:10:00+00:00,158.88534,158.9251,158.87286,158.90382
2026-08-21 06:15:00+00:00,158.90618,158.92905,158.89156,158.92641
2026-08-21 06:20:00+00:00,158.9159,158.96386,158.9159,158.96196
2026-08-21 06:25:00+00:00,158.95884,158.9814,158.95463,158.96198
2026-08-21 06:30:00+00:00,158.96665,158.98649,158.91895,158.92114
2026-08-21 06:35:00+00:00,158.92425,158.94531,158.89346,158.94321
2026-08-21 06:40:00+00:00,158.93486,158.96295,158.93486,158.94175
2026-08-21 06:45:00+00:00,158.94982,158.95478,158.91418,158.91638
2026-08-21 06:50:00+00:00,158.91896,158.92516,158.88345,158.88625
2026-08-21 06:55:00+00:00,158.8873,158.93164,158.8873,158.90001
2026-08-21 07:00:00+00:00,158.90952,158.90952,158.84869,158.85779
2026-08-21 07:05:00+00:00,158.86032,158.90889,158.84935,158.89931
2026-08-21 07:10:00+00:00,158.88634,158.93456,158.88634,158.90599
2026-08-21 07:15:00+00:00,158.90619,158.91072,158.86775,158.87031
2026-08-21 07:20:00+00:00,158.87014,158.90669,158.87014,158.90627
2026-08-21 07:25:00+00:00,158.90404,158.90404,158.89129,158.892
2026-08-21 07:30:00+00:00,158.89192,158.89192,158.83092,158.84058
2026-08-21 07:35:00+00:00,158.85712,158.85712,158.80019,158.83964
2026-08-21 07:40:00+00:00,158.82889,158.82889,158.77256,158.81183
2026-08-21 07:45:00+00:00,158.79222,158.85094,158.79222,158.8082
2026-08-21 07:50:00+00:00,158.8114,158.83685,158.74617,158.80837
2026-08-21 07:55:00+00:00,158.77773,158.84618,158.77773,158.8288
2026-08-21 08:00:00+00:00,158.81959,158.83775,158.77847,158.78095
2026-08-21 08:05:00+00:00,158.78472,158.87054,158.78472,158.86638
2026-08-21 08:10:00+00:00,158.85789,158.86342,158.81881,158.83907
2026-08-21 08:15:00+00:00,158.83439,158.84008,158.80928,158.81227
2026-08-21 08:20:00+00:00,158.81289,158.84675,158.81061,158.81553
2026-08-21 08:25:00+00:00,158.82327,158.82327,158.74012,158.75598
2026-08-21 08:30:00+00:00,158.76194,158.76952,158.70668,158.70898
2026-08-21 08:35:00+00:00,158.71112,158.71602,158.63453,158.63776
2026-08-21 08:40:00+00:00,158.64114,158.64114,158.57002,158.59465
2026-08-21 08:45:00+00:00,158.58831,158.62635,158.57568,158.58215
2026-08-21 08:50:00+00:00,158.59963,158.63498,158.56501,158.57687
2026-08-21 08:55:00+00:00,158.57208,158.58474,158.53458,158.55724
2026-08-21 09:00:00+00:00,158.55251,158.55251,158.4839,158.48663
2026-08-21 09:05:00+00:00,158.49213,158.51743,158.40405,158.40918
2026-08-21 09:10:00+00:00,158.41721,158.43053,158.3743,158.42873
2026-08-21 09:15:00+00:00,158.42312,158.46113,158.4085,158.4568
2026-08-21 09:20:00+00:00,158.44368,158.48061,158.43193,158.4685
2026-08-21 09:25:00+00:00,158.45786,158.51503,158.45786,158.51163
2026-08-21 09:30:00+00:00,158.50403,158.50403,158.45599,158.46126
2026-08-21 09:35:00+00:00,158.46933,158.4918,158.44763,158.47842
2026-08-21 09:40:00+00:00,158.48213,158.55219,158.46151,158.54707
2026-08-21 09:45:00+00:00,158.53913,158.58261,158.53545,158.58116
2026-08-21 09:50:00+00:00,158.57698,158.59502,158.54966,158.58651
2026-08-21 09:55:00+00:00,158.58365,158.60316,158.55895,158.59877
2026-08-21 10:00:00+00:00,158.5857,158.61497,158.56404,158.56971
2026-08-21 10:05:00+00:00,158.58326,158.63141,158.58216,158.6188
2026-08-21 10:10:00+00:00,158.60007,158.65488,158.60007,158.65212
2026-08-21 10:15:00+00:00,158.64773,158.64816,158.58101,158.58677
2026-08-21 10:20:00+00:00,158.58698,158.61508,158.58637,158.6008
2026-08-21 10:25:00+00:00,158.60213,158.61354,158.53156,158.53399
2026-08-21 10:30:00+00:00,158.53856,158.57808,158.52877,158.57413
2026-08-21 10:35:00+00:00,158.57034,158.58356,158.56752,158.57322
2026-08-21 10:40:00+00:00,158.56831,158.61245,158.56315,158.61086
2026-08-21 10:45:00+00:00,158.60729,158.62526,158.59262,158.62324
2026-08-21 10:50:00+00:00,158.6198,158.70675,158.61659,158.705
2026-08-21 10:55:00+00:00,158.69698,158.72903,158.69698,158.72773
2026-08-21 11:00:00+00:00,158.72489,158.72489,158.69546,158.70409
2026-08-21 11:05:00+00:00,158.69923,158.76688,158.68511,158.76177
2026-08-21 11:10:00+00:00,158.75841,158.75841,158.71664,158.72419
2026-08-21 11:15:00+00:00,158.7229,158.73746,158.71922,158.72654
2026-08-21 11:20:00+00:00,158.7243,158.73898,158.64867,158.65771
2026-08-21 11:25:00+00:00,158.66931,158.66931,158.5837,158.58647
2026-08-21 11:30:00+00:00,158.59074,158.66788,158.55671,158.66565
2026-08-21 11:35:00+00:00,158.65805,158.68531,158.57358,158.57701
2026-08-21 11:40:00+00:00,158.58145,158.66041,158.57259,158.6566
2026-08-21 11:45:00+00:00,158.65346,158.6925,158.62335,158.68736
2026-08-21 11:50:00+00:00,158.68593,158.70131,158.67289,158.69951
2026-08-21 11:55:00+00:00,158.69275,158.72529,158.67389,158.69062
2026-08-21 12:00:00+00:00,158.68514,158.7062,158.64746,158.69696
2026-08-21 12:05:00+00:00,158.68434,158.70757,158.66018,158.66169
2026-08-21 12:10:00+00:00,158.66515,158.71352,158.66515,158.71013
2026-08-21 12:15:00+00:00,158.70602,158.75057,158.70217,158.75028
2026-08-21 12:20:00+00:00,158.74883,158.74883,158.7005,158.70918
2026-08-21 12:25:00+00:00,158.71997,158.71997,158.67359,158.69681
2026-08-21 12:30:00+00:00,158.69884,158.75562,158.69884,158.74369
2026-08-21 12:35:00+00:00,158.7422,158.81628,158.7422,158.81001
2026-08-21 12:40:00+00:00,158.79563,158.84342,158.75558,158.758
2026-08-21 12:45:00+00:00,158.76375,158.79186,158.76352,158.79003
2026-08-21 12:50:00+00:00,158.78747,158.82216,158.77805,158.81858
2026-08-21 12:55:00+00:00,158.81088,158.81088,158.74073,158.74627
2026-08-21 13:00:00+00:00,158.7551,158.78112,158.73183,158.77431
2026-08-21 13:05:00+00:00,158.76506,158.82051,158.76506,158.81507
2026-08-21 13:10:00+00:00,158.80455,158.82615,158.785,158.78778
2026-08-21 13:15:00+00:00,158.78842,158.84681,158.78842,158.84191
2026-08-21 13:20:00+00:00,158.83103,158.86743,158.82564,158.86225
2026-08-21 13:25:00+00:00,158.8551,158.87257,158.84523,158.8536
2026-08-21 13:30:00+00:00,158.85151,158.88239,158.85138,158.8806
2026-08-21 13:35:00+00:00,158.87439,158.88671,158.82836,158.83214
2026-08-21 13:40:00+00:00,158.83799,158.84673,158.81853,158.84426
2026-08-21 13:45:00+00:00,158.84034,158.90392,158.79999,158.85644
2026-08-21 13:50:00+00:00,158.86084,158.86084,158.78892,158.83606
2026-08-21 13:55:00+00:00,158.8225,158.8225,158.76452,158.78417
2026-08-21 14:00:00+00:00,158.7858,158.84561,158.78457,158.83716
2026-08-21 14:05:00+00:00,158.83759,158.87804,158.81129,158.87579
2026-08-21 14:10:00+00:00,158.8703,158.87951,158.84704,158.87266
2026-08-21 14:15:00+00:00,158.86523,158.86523,158.83825,158.83991
2026-08-21 14:20:00+00:00,158.84232,158.88841,158.84232,158.88391
2026-08-21 14:25:00+00:00,158.88205,158.88603,158.86139,158.88104
2026-08-21 14:30:00+00:00,158.86981,158.94982,158.86981,158.94765
2026-08-21 14:35:00+00:00,158.94273,158.99532,158.9241,158.99479
2026-08-21 14:40:00+00:00,158.99254,158.99254,158.92879,158.93321
2026-08-21 14:45:00+00:00,158.94536,158.97563,158.94533,158.94833
2026-08-21 14:50:00+00:00,158.95253,158.95276,158.91689,158.95126
2026-08-21 14:55:00+00:00,158.94781,158.99406,158.93245,158.96783
2026-08-21 15:00:00+00:00,158.97115,158.97531,158.92685,158.92909
2026-08-21 15:05:00+00:00,158.93539,158.96911,158.93539,158.96475
2026-08-21 15:10:00+00:00,158.95423,159.02855,158.95423,159.02469
2026-08-21 15:15:00+00:00,159.01215,159.03873,159.00709,159.00954
2026-08-21 15:20:00+00:00,159.01337,159.03973,159.00572,159.03657
2026-08-21 15:25:00+00:00,159.03211,159.04758,158.96899,158.9763
2026-08-21 15:30:00+00:00,158.9891,158.9891,158.94764,158.95358
2026-08-21 15:35:00+00:00,158.96346,158.96716,158.91819,158.96408
2026-08-21 15:40:00+00:00,158.9581,158.96063,158.92662,158.92745
2026-08-21 15:45:00+00:00,158.92877,158.95044,158.91569,158.94653
2026-08-21 15:50:00+00:00,158.93588,158.96066,158.93588,158.95122
2026-08-21 15:55:00+00:00,158.94863,158.95876,158.9236,158.92604
2026-08-21 16:00:00+00:00,158.92929,158.94667,158.91165,158.9385
2026-08-21 16:05:00+00:00,158.93852,158.9787,158.90856,158.97426
2026-08-21 16:10:00+00:00,158.96293,158.98678,158.94541,158.94809
2026-08-21 16:15:00+00:00,158.94995,158.971,158.94637,158.95414
2026-08-21 16:20:00+00:00,158.95871,158.97279,158.88723,158.95792
2026-08-21 16:25:00+00:00,158.94938,158.97337,158.90804,158.96709
2026-08-21 16:30:00+00:00,158.96419,158.96419,158.94511,158.94846
2026-08-21 16:35:00+00:00,158.95254,158.96214,158.93517,158.95195
2026-08-21 16:40:00+00:00,158.95374,158.97097,158.93894,158.96862
2026-08-21 16:45:00+00:00,158.96437,158.96884,158.94146,158.94839
2026-08-21 16:50:00+00:00,158.94552,158.96412,158.9314,158.96356
2026-08-21 16:55:00+00:00,158.96031,158.97228,158.95167,158.97037
2026-08-21 17:00:00+00:00,158.96701,159.00224,158.96495,159.00001
2026-08-21 17:05:00+00:00,158.99831,159.03656,158.98712,159.02199
2026-08-21 17:10:00+00:00,159.02302,159.04094,159.01373,159.0404
2026-08-21 17:15:00+00:00,159.03762,159.04687,159.01119,159.01953
2026-08-21 17:20:00+00:00,159.02286,159.03274,159.01549,159.02893
2026-08-21 17:25:00+00:00,159.02319,159.03853,158.98031,158.99188
2026-08-21 17:30:00+00:00,159.01462,159.01462,158.96865,158.99285
2026-08-21 17:35:00+00:00,158.99731,158.99936,158.97852,158.99534
2026-08-21 17:40:00+00:00,158.98912,159.01222,158.98912,159.00923
2026-08-21 17:45:00+00:00,159.00452,159.03652,159.00452,159.03289
2026-08-21 17:50:00+00:00,159.02848,159.04267,159.01764,159.01947
2026-08-21 17:55:00+00:00,159.0201,159.03429,159.01488,159.01585
2026-08-21 18:00:00+00:00,159.01849,159.02159,158.98989,158.99068
2026-08-21 18:05:00+00:00,158.9927,159.01672,158.99156,159.01284
2026-08-21 18:10:00+00:00,159.01009,159.0168,159.00361,159.01353
2026-08-21 18:15:00+00:00,159.01116,159.02913,159.00581,159.01456
2026-08-21 18:20:00+00:00,159.01612,159.03876,159.01217,159.0326
2026-08-21 18:25:00+00:00,159.03341,159.04048,159.01333,159.02179
2026-08-21 18:30:00+00:00,159.01777,159.03436,159.01777,159.03436
2026-08-21 18:35:00+00:00,159.03241,159.03827,159.01491,159.01549
2026-08-21 18:40:00+00:00,159.01795,159.03523,159.01795,159.03306
2026-08-21 18:45:00+00:00,159.02915,159.03788,159.02197,159.03418
2026-08-21 18:50:00+00:00,159.03041,159.05431,159.02725,159.05157
2026-08-21 18:55:00+00:00,159.04974,159.05147,159.0359,159.03656
2026-08-21 19:00:00+00:00,159.03743,159.04309,159.01467,159.02904
2026-08-21 19:05:00+00:00,159.02782,159.02821,159.01652,159.02471
2026-08-21 19:10:00+00:00,159.02074,159.04193,159.0202,159.0299
2026-08-21 19:15:00+00:00,159.03059,159.0445,159.02824,159.02894
2026-08-21 19:20:00+00:00,159.03113,159.03634,159.02405,159.03009
2026-08-21 19:25:00+00:00,159.02776,159.0429,159.02776,159.03956
2026-08-21 19:30:00+00:00,159.03505,159.04437,159.02862,159.02958
2026-08-21 19:35:00+00:00,159.02966,159.03188,159.01529,159.01609
2026-08-21 19:40:00+00:00,159.01564,159.01776,158.99773,159.01223
2026-08-21 19:45:00+00:00,159.00976,159.01514,158.98321,158.98924
2026-08-21 19:50:00+00:00,158.99915,158.99915,158.96534,158.97869
2026-08-21 19:55:00+00:00,158.97968,159.01475,158.97968,159.01113
2026-08-21 20:00:00+00:00,159.00601,159.01653,158.99666,159.00665
2026-08-21 20:05:00+00:00,159.00409,159.01375,158.99709,159.0124
2026-08-21 20:10:00+00:00,159.00771,159.01115,158.99589,159.00008
2026-08-21 20:15:00+00:00,159.00096,159.00096,158.98137,158.99432
2026-08-21 20:20:00+00:00,158.98983,159.00698,158.98961,159.00326
2026-08-21 20:25:00+00:00,159.00172,159.00384,158.99645,159.00273
2026-08-21 20:30:00+00:00,158.99533,159.02355,158.99441,159.01468
2026-08-21 20:35:00+00:00,159.00946,159.0143,159.00517,159.00524
2026-08-21 20:40:00+00:00,159.00655,159.01603,158.98388,158.98644
2026-08-21 20:45:00+00:00,158.98984,158.99129,158.97982,158.98693
2026-08-21 20:50:00+00:00,158.98371,159.00048,158.97878,158.99914
2026-08-21 20:55:00+00:00,158.99578,158.99578,158.97818,158.97932
2026-08-21 21:00:00+00:00,158.98351,159.01385,158.93812,158.95563
2026-08-21 21:05:00+00:00,158.95618,159.01372,158.95618,159.00035
2026-08-21 21:10:00+00:00,158.99946,159.0171,158.99946,159.01299
2026-08-21 21:15:00+00:00,159.01014,159.0188,159.00421,159.00873
2026-08-21 21:20:00+00:00,159.01075,159.01955,159.00816,159.01207
2026-08-21 21:25:00+00:00,159.01024,159.01539,159.00855,159.0136
2026-08-21 21:30:00+00:00,159.0097,159.01697,158.98789,159.01377
2026-08-21 21:35:00+00:00,159.01027,159.02022,158.98793,158.99083
2026-08-21 21:40:00+00:00,158.996,159.01971,158.99377,159.01639
2026-08-21 21:45:00+00:00,159.01372,159.01766,158.97605,159.01326
2026-08-21 21:50:00+00:00,159.0098,159.01666,159.00253,159.01442
2026-08-21 21:55:00+00:00,159.01193,159.01961,158.98919,159.01716
2026-08-21 22:00:00+00:00,159.01361,159.01727,158.92419,158.98538
2026-08-21 22:05:00+00:00,158.98159,158.98753,158.98159,158.98638
2026-08-21 22:10:00+00:00,158.98313,158.99071,158.98073,158.98272
2026-08-21 22:15:00+00:00,158.98308,158.98851,158.98274,158.98274
2026-08-21 22:20:00+00:00,158.98349,158.99004,158.98121,158.98551
2026-08-21 22:25:00+00:00,158.98296,158.98799,158.98246,158.98675
2026-08-21 22:30:00+00:00,158.98368,158.98999,158.97855,158.98244
2026-08-21 22:35:00+00:00,158.98297,158.98818,158.98264,158.98284
2026-08-21 22:40:00+00:00,158.98347,158.98998,158.9812,158.98568
2026-08-21 22:45:00+00:00,158.98295,158.98834,158.98275,158.98662
2026-08-21 22:50:00+00:00,158.98367,158.99158,158.92369,158.98602
2026-08-21 22:55:00+00:00,158.97692,158.98849,158.97692,158.98656
2026-08-21 23:00:00+00:00,158.98358,158.99554,158.94818,158.99386
2026-08-21 23:05:00+00:00,158.98832,158.99658,158.98832,158.99328
2026-08-21 23:10:00+00:00,158.99026,158.99745,158.98877,158.99478
2026-08-21 23:15:00+00:00,158.99099,158.99556,158.98995,158.98995
2026-08-21 23:20:00+00:00,158.9905,158.99822,158.9881,158.99405
2026-08-21 23:25:00+00:00,158.9912,158.997,158.9885,158.9921
2026-08-21 23:30:00+00:00,158.98929,158.99631,158.98703,158.98876
2026-08-21 23:35:00+00:00,158.98937,158.9942,158.9884,158.9889
2026-08-21 23:40:00+00:00,158.98925,158.99684,158.98699,158.99278
2026-08-21 23:45:00+00:00,158.98975,158.99588,158.98886,158.99184
2026-08-21 23:50:00+00:00,158.9892,158.9962,158.9873,158.98892
2026-08-21 23:55:00+00:00,158.98961,158.99454,158.98816,158.98899
2026-08-22 00:00:00+00:00,158.98925,158.99273,158.94151,158.97703
2026-08-22 00:05:00+00:00,158.97044,158.98602,158.97044,158.98585
2026-08-22 00:10:00+00:00,158.98345,158.99339,158.98286,158.98519
2026-08-22 00:15:00+00:00,158.98612,158.99219,158.98462,158.98866
2026-08-22 00:20:00+00:00,158.98652,158.99363,158.9842,158.98984
2026-08-22 00:25:00+00:00,158.98653,158.99534,158.98438,158.98897
2026-08-22 00:30:00+00:00,158.98676,158.99366,158.98428,158.9856
2026-08-22 00:35:00+00:00,158.98657,158.99254,158.98457,158.98846
2026-08-22 00:40:00+00:00,158.98654,158.99359,158.98407,158.98998
2026-08-22 00:45:00+00:00,158.98659,158.99327,158.9853,158.98863
2026-08-22 00:50:00+00:00,158.98653,158.9939,158.98489,158.98603
2026-08-22 00:55:00+00:00,158.98702,158.99276,158.98454,158.98817
2026-08-22 01:00:00+00:00,158.98643,158.99362,158.95591,158.98651
2026-08-22 01:05:00+00:00,158.98262,158.99261,158.98262,158.98877
2026-08-22 01:10:00+00:00,158.98645,158.99366,158.98444,158.98539
2026-08-22 01:15:00+00:00,158.98651,158.99476,158.98427,158.987
2026-08-22 01:20:00+00:00,158.98698,158.99334,158.98428,158.99012
2026-08-22 01:25:00+00:00,158.98658,158.99365,158.98487,158.98912
2026-08-22 01:30:00+00:00,158.98664,158.99362,158.98462,158.98535
2026-08-22 01:35:00+00:00,158.98651,158.99315,158.98419,158.98783
2026-08-22 01:40:00+00:00,158.98651,158.99164,158.97842,158.98864
2026-08-22 01:45:00+00:00,158.98489,158.99332,158.98452,158.98921
2026-08-22 01:50:00+00:00,158.9865,158.99357,158.9849,158.9854
2026-08-22 01:55:00+00:00,158.98658,158.99333,158.98416,158.98764
2026-08-22 02:00:00+00:00,158.98651,158.98866,158.94926,158.98341
2026-08-22 02:05:00+00:00,158.97905,158.99349,158.97905,158.98966
2026-08-22 02:10:00+00:00,158.98684,158.99345,158.98513,158.98539
2026-08-22 02:15:00+00:00,158.98658,158.99357,158.98416,158.98792
2026-08-22 02:20:00+00:00,158.98663,158.99267,158.98457,158.99015
2026-08-22 02:25:00+00:00,158.98657,158.99373,158.98432,158.9896
2026-08-22 02:30:00+00:00,158.98652,158.99344,158.98551,158.98552
2026-08-22 02:35:00+00:00,158.9867,158.99312,158.98426,158.98733
2026-08-22 02:40:00+00:00,158.98583,158.9915,158.98419,158.98924
2026-08-22 02:45:00+00:00,158.98561,158.99105,158.97498,158.98911
2026-08-22 02:50:00+00:00,158.98566,158.9921,158.98464,158.98464
2026-08-22 02:55:00+00:00,158.98574,159.00417,158.96345,158.98326
2026-08-22 03:00:00+00:00,158.98017,158.98676,158.93739,158.97442
2026-08-22 03:05:00+00:00,158.96767,158.99179,158.96767,158.98851
2026-08-22 03:10:00+00:00,158.98508,158.99211,158.98467,158.98467
2026-08-22 03:15:00+00:00,158.98576,158.99309,158.98382,158.98758
2026-08-22 03:20:00+00:00,158.98566,158.9894,158.96428,158.97888
2026-08-22 03:25:00+00:00,158.97544,158.99098,158.97049,158.98817
2026-08-22 03:30:00+00:00,158.98459,158.98875,158.98406,158.98406
2026-08-22 03:35:00+00:00,158.98455,158.99181,158.97984,158.98749
2026-08-22 03:40:00+00:00,158.98538,158.99006,158.98403,158.98862
2026-08-22 03:45:00+00:00,158.98525,158.99444,158.98404,158.98608
2026-08-22 03:50:00+00:00,158.98632,158.99203,158.98478,158.98478
2026-08-22 03:55:00+00:00,158.98581,158.99282,158.98339,158.98776
2026-08-22 04:00:00+00:00,158.98546,158.99192,158.94007,158.97931
2026-08-22 04:05:00+00:00,158.97492,158.98984,158.97492,158.98776
2026-08-22 04:10:00+00:00,158.98392,158.99097,158.98322,158.98509
2026-08-22 04:15:00+00:00,158.98585,158.9931,158.95865,158.96269
2026-08-22 04:20:00+00:00,158.96688,158.98877,158.96688,158.98789
2026-08-22 04:25:00+00:00,158.98464,158.9931,158.98345,158.9857
2026-08-22 04:30:00+00:00,158.98599,158.99133,158.98508,158.98508
2026-08-22 04:35:00+00:00,158.98586,158.99467,158.98447,158.98981
2026-08-22 04:40:00+00:00,158.98716,158.99215,158.98567,158.98909
2026-08-22 04:45:00+00:00,158.98604,158.99306,158.98385,158.98586
2026-08-22 04:50:00+00:00,158.98621,158.99084,158.98495,158.98495
2026-08-22 04:55:00+00:00,158.98561,158.99301,158.9839,158.98855
2026-08-22 05:00:00+00:00,158.98574,158.99952,158.94371,158.95172
2026-08-22 05:05:00+00:00,158.9534,158.98802,158.9534,158.98552
2026-08-22 05:10:00+00:00,158.98138,158.9893,158.98009,158.98408
2026-08-22 05:15:00+00:00,158.98457,158.99278,158.98337,158.98862
2026-08-22 05:20:00+00:00,158.9857,158.99188,158.985,158.98834
2026-08-22 05:25:00+00:00,158.98552,158.99533,158.98441,158.98608
2026-08-22 05:30:00+00:00,158.98679,158.99096,158.98472,158.98613
2026-08-22 05:35:00+00:00,158.98643,158.99268,158.98341,158.98862
2026-08-22 05:40:00+00:00,158.98552,158.99171,158.98534,158.9882
2026-08-22 05:45:00+00:00,158.98563,158.99284,158.98351,158.98512
2026-08-22 05:50:00+00:00,158.98589,158.99426,158.98434,158.98765
2026-08-22 05:55:00+00:00,158.98768,158.99261,158.98322,158.98867
2026-08-22 06:00:00+00:00,158.98546,158.98642,158.93976,158.98609
2026-08-22 06:05:00+00:00,158.98285,158.9935,158.98285,158.98553
2026-08-22 06:10:00+00:00,158.98642,158.99211,158.98472,158.98865
2026-08-22 06:15:00+00:00,158.9865,158.99451,158.98476,158.99073
2026-08-22 06:20:00+00:00,158.98747,158.99338,158.98566,158.98878
2026-08-22 06:25:00+00:00,158.98655,158.99373,158.98437,158.98569
2026-08-22 06:30:00+00:00,158.98665,158.99254,158.98475,158.98863
2026-08-22 06:35:00+00:00,158.98664,158.99374,158.98427,158.99012
2026-08-22 06:40:00+00:00,158.98673,158.99352,158.98005,158.98698
2026-08-22 06:45:00+00:00,158.98355,158.99364,158.98355,158.98543
2026-08-22 06:50:00+00:00,158.98648,158.99269,158.98439,158.98824
2026-08-22 06:55:00+00:00,158.98651,158.99324,158.98401,158.98981
2026-08-22 07:00:00+00:00,158.98632,158.98779,158.95524,158.98674
2026-08-22 07:05:00+00:00,158.98285,158.99493,158.98285,158.98641
2026-08-22 07:10:00+00:00,158.98757,158.99336,158.98495,158.9881
2026-08-22 07:15:00+00:00,158.98661,158.99327,158.98415,158.99004
2026-08-22 07:20:00+00:00,158.98652,158.9934,158.98464,158.989
2026-08-22 07:25:00+00:00,158.98648,158.99361,158.98462,158.98535
2026-08-22 07:30:00+00:00,158.98651,158.99314,158.98419,158.98866
2026-08-22 07:35:00+00:00,158.98765,158.99256,158.98388,158.98955
2026-08-22 07:40:00+00:00,158.98596,158.9935,158.98447,158.9892
2026-08-22 07:45:00+00:00,158.98649,158.99358,158.98486,158.98537
2026-08-22 07:50:00+00:00,158.98655,158.99334,158.98416,158.98765
2026-08-22 07:55:00+00:00,158.98652,158.99418,158.98515,158.9914
2026-08-22 08:00:00+00:00,158.98792,158.99361,158.98435,158.98949
2026-08-22 08:05:00+00:00,158.98659,158.99343,158.98508,158.98535
2026-08-22 08:10:00+00:00,158.98654,158.99335,158.98397,158.98734
2026-08-22 08:15:00+00:00,158.98606,158.99256,158.98443,158.99003
2026-08-22 08:20:00+00:00,158.98646,158.99306,158.97689,158.98706
2026-08-22 08:25:00+00:00,158.9826,158.99224,158.9826,158.9843
2026-08-22 08:30:00+00:00,158.98548,158.99323,158.98363,158.98787
2026-08-22 08:35:00+00:00,158.98639,158.99141,158.98424,158.98914
2026-08-22 08:40:00+00:00,158.98548,158.99343,158.984,158.98884
2026-08-22 08:45:00+00:00,158.98576,158.99204,158.98376,158.98376
2026-08-22 08:50:00+00:00,158.98502,158.99246,158.98304,158.98697
2026-08-22 08:55:00+00:00,158.98524,158.99187,158.98471,158.98986
2026-08-22 09:00:00+00:00,158.98634,158.99343,158.98409,158.98937
2026-08-22 09:05:00+00:00,158.98628,158.99206,158.98461,158.98461
2026-08-22 09:10:00+00:00,158.98571,158.99261,158.98168,158.9857
2026-08-22 09:15:00+00:00,158.98375,158.99116,158.98375,158.98944
2026-08-22 09:20:00+00:00,158.98598,158.99315,158.98386,158.98913
2026-08-22 09:25:00+00:00,158.98571,158.99136,158.98423,158.98423
2026-08-22 09:30:00+00:00,158.98526,158.99284,158.9832,158.98755
2026-08-22 09:35:00+00:00,158.98546,158.98952,158.98224,158.98755
2026-08-22 09:40:00+00:00,158.98418,158.99227,158.98287,158.98935
2026-08-22 09:45:00+00:00,158.98527,158.99183,158.98507,158.98507
2026-08-22 09:50:00+00:00,158.98601,158.99272,158.98372,158.98835
2026-08-22 09:55:00+00:00,158.98603,158.99086,158.98522,158.98941
2026-08-22 10:00:00+00:00,158.98612,158.99269,158.96719,158.98511
2026-08-22 10:05:00+00:00,158.97848,158.99183,158.97848,158.98536
2026-08-22 10:10:00+00:00,158.98622,158.99348,158.98427,158.98907
2026-08-22 10:15:00+00:00,158.98661,158.99137,158.98592,158.98968
2026-08-22 10:20:00+00:00,158.9865,158.99366,158.98431,158.98633
2026-08-22 10:25:00+00:00,158.98651,158.9913,158.98375,158.98915
2026-08-22 10:30:00+00:00,158.98593,158.99343,158.98409,158.98913
2026-08-22 10:35:00+00:00,158.98648,158.99179,158.98626,158.98956
2026-08-22 10:40:00+00:00,158.98651,158.99381,158.98437,158.98626
2026-08-22 10:45:00+00:00,158.98662,158.99135,158.98593,158.98593
2026-08-22 10:50:00+00:00,158.98652,158.99327,158.98261,158.98833
2026-08-22 10:55:00+00:00,158.98544,158.99186,158.98544,158.98944
2026-08-22 11:00:00+00:00,158.98653,158.99362,158.98419,158.98601
2026-08-22 11:05:00+00:00,158.98651,158.99109,158.98551,158.98606
2026-08-22 11:10:00+00:00,158.98651,158.99363,158.98421,158.98946
2026-08-22 11:15:00+00:00,158.98651,158.99242,158.98371,158.9885
2026-08-22 11:20:00+00:00,158.98571,158.99348,158.9841,158.98583
2026-08-22 11:25:00+00:00,158.98645,158.99141,158.98511,158.98604
2026-08-22 11:30:00+00:00,158.98634,158.99349,158.98404,158.98943
2026-08-22 11:35:00+00:00,158.98633,158.99261,158.98611,158.98907
2026-08-22 11:40:00+00:00,158.98647,159.01515,158.94772,158.95189
2026-08-22 11:45:00+00:00,158.96199,158.98737,158.96199,158.98604
2026-08-22 11:50:00+00:00,158.9837,158.99085,158.98146,158.98691
2026-08-22 11:55:00+00:00,158.9837,158.99013,158.98301,158.98611
2026-08-22 12:00:00+00:00,158.9837,158.99268,158.98251,158.9899
2026-08-22 12:05:00+00:00,158.98563,158.99124,158.98253,158.98289
2026-08-22 12:10:00+00:00,158.9835,158.9906,158.98118,158.98682
2026-08-22 12:15:00+00:00,158.9835,158.99014,158.9825,158.98573
2026-08-22 12:20:00+00:00,158.9835,158.99062,158.9812,158.98252
2026-08-22 12:25:00+00:00,158.9835,158.98942,158.98154,158.98544
2026-08-22 12:30:00+00:00,158.9835,158.99009,158.98029,158.98607
2026-08-22 12:35:00+00:00,158.98266,158.98948,158.98202,158.98703
2026-08-22 12:40:00+00:00,158.98493,158.99265,158.98329,158.98444
2026-08-22 12:45:00+00:00,158.98549,158.99168,158.98338,158.98723
2026-08-22 12:50:00+00:00,158.98549,158.9924,158.98311,158.98897
2026-08-22 12:55:00+00:00,158.98549,158.99244,158.98257,158.9835
2026-08-22 13:00:00+00:00,158.9834,158.99054,158.98133,158.98228
2026-08-22 13:05:00+00:00,158.9834,158.98982,158.98116,158.98492
2026-08-22 13:10:00+00:00,158.9834,158.99015,158.98104,158.98692
2026-08-22 13:15:00+00:00,158.9834,158.99045,158.98163,158.9859
2026-08-22 13:20:00+00:00,158.9834,159.01301,158.93899,158.94362
2026-08-22 13:25:00+00:00,158.95338,158.96007,158.95103,158.95463
2026-08-22 13:30:00+00:00,158.95338,158.95987,158.95111,158.95694
2026-08-22 13:35:00+00:00,158.95338,158.96051,158.95136,158.95615
2026-08-22 13:40:00+00:00,158.95338,158.96036,158.95176,158.95219
2026-08-22 13:45:00+00:00,158.95338,158.96277,158.9507,158.95973
2026-08-22 13:50:00+00:00,158.95771,158.96544,158.957,158.96274
2026-08-22 13:55:00+00:00,158.95916,158.96631,158.95701,158.96211
2026-08-22 14:00:00+00:00,158.95916,158.98622,158.95303,158.98198
2026-08-22 14:05:00+00:00,158.97611,158.99059,158.97611,158.98657
2026-08-22 14:10:00+00:00,158.98529,158.99063,158.98317,158.9881
2026-08-22 14:15:00+00:00,158.98438,158.99284,158.98375,158.98942
2026-08-22 14:20:00+00:00,158.98629,158.99324,158.98528,158.9853
2026-08-22 14:25:00+00:00,158.98648,158.99354,158.98413,158.98798
2026-08-22 14:30:00+00:00,158.9865,158.98977,158.96533,158.96872
2026-08-22 14:35:00+00:00,158.97071,158.9902,158.97071,158.98639
2026-08-22 14:40:00+00:00,158.98313,158.99251,158.98313,158.98478
2026-08-22 14:45:00+00:00,158.98593,158.99339,158.98384,158.9881
2026-08-22 14:50:00+00:00,158.98641,158.99201,158.98479,158.99
2026-08-22 14:55:00+00:00,158.98648,158.99352,158.98412,158.98992
2026-08-22 15:00:00+00:00,158.9865,159.00439,158.94792,158.95192
2026-08-22 15:05:00+00:00,158.96223,158.98832,158.96223,158.98403
2026-08-22 15:10:00+00:00,158.98213,158.99095,158.98161,158.98922
2026-08-22 15:15:00+00:00,158.98577,158.99325,158.98382,158.98998
2026-08-22 15:20:00+00:00,158.98638,158.9926,158.98545,158.98545
2026-08-22 15:25:00+00:00,158.98649,158.99364,158.98379,158.98673
2026-08-22 15:30:00+00:00,158.98458,158.99103,158.98458,158.98957
2026-08-22 15:35:00+00:00,158.98617,158.99347,158.98401,158.99017
2026-08-22 15:40:00+00:00,158.98645,158.99232,158.98554,158.98554
2026-08-22 15:45:00+00:00,158.98649,158.9936,158.98418,158.98878
2026-08-22 15:50:00+00:00,158.9865,158.99107,158.9831,158.98748
2026-08-22 15:55:00+00:00,158.9842,158.99268,158.98305,158.98973
2026-08-22 16:00:00+00:00,158.9859,158.99167,158.98511,158.98511
2026-08-22 16:05:00+00:00,158.98599,158.99338,158.98404,158.98891
2026-08-22 16:10:00+00:00,158.98644,158.99141,158.9859,158.98967
2026-08-22 16:15:00+00:00,158.98649,158.99365,158.98252,158.98401
2026-08-22 16:20:00+00:00,158.98471,158.99156,158.98471,158.98557
2026-08-22 16:25:00+00:00,158.98631,158.99342,158.98408,158.98912
2026-08-22 16:30:00+00:00,158.98648,158.99178,158.98625,158.98955
2026-08-22 16:35:00+00:00,158.9865,158.99365,158.98427,158.98616
2026-08-22 16:40:00+00:00,158.9865,158.99308,158.94746,158.9518
2026-08-22 16:45:00+00:00,158.96182,158.99076,158.96182,158.98651
2026-08-22 16:50:00+00:00,158.98356,158.99097,158.98356,158.98911
2026-08-22 16:55:00+00:00,158.98618,158.99355,158.98415,158.98597
2026-08-22 17:00:00+00:00,158.98647,158.9908,158.9855,158.98578
2026-08-22 17:05:00+00:00,158.98624,158.99359,158.98267,158.98943
2026-08-22 17:10:00+00:00,158.98675,158.9912,158.9839,158.98895
2026-08-22 17:15:00+00:00,158.98617,158.99347,158.9841,158.98583
2026-08-22 17:20:00+00:00,158.98647,158.99142,158.98521,158.98619
2026-08-22 17:25:00+00:00,158.98649,158.99364,158.98428,158.98957
2026-08-22 17:30:00+00:00,158.98649,158.98917,158.98137,158.98766
2026-08-22 17:35:00+00:00,158.9852,159.00094,158.95509,158.9839
2026-08-22 17:40:00+00:00,158.97809,158.98945,158.97809,158.9877
2026-08-22 17:45:00+00:00,158.98506,158.99349,158.98411,158.98955
2026-08-22 17:50:00+00:00,158.98634,158.99281,158.98576,158.9889
2026-08-22 17:55:00+00:00,158.98647,158.99325,158.98413,158.98562
2026-08-22 18:00:00+00:00,158.98617,158.99085,158.98354,158.98825
2026-08-22 18:05:00+00:00,158.986,158.99352,158.98409,158.98973
2026-08-22 18:10:00+00:00,158.98641,158.99307,158.98546,158.9887
2026-08-22 18:15:00+00:00,158.98646,158.99361,158.98418,158.98551
2026-08-22 18:20:00+00:00,158.98649,158.9924,158.95782,158.98681
2026-08-22 18:25:00+00:00,158.98417,158.98417,158.93984,158.97711
2026-08-22 18:30:00+00:00,158.97272,158.98505,158.97272,158.98332
2026-08-22 18:35:00+00:00,158.98121,158.99027,158.97947,158.98206
2026-08-22 18:40:00+00:00,158.98311,158.9893,158.981,158.98563
2026-08-22 18:45:00+00:00,158.98319,158.99124,158.98008,158.98781
2026-08-22 18:50:00+00:00,158.98469,158.98942,158.98159,158.98622
2026-08-22 18:55:00+00:00,158.98392,158.99199,158.98185,158.9828
2026-08-22 19:00:00+00:00,158.9841,158.9908,158.98215,158.98591
2026-08-22 19:05:00+00:00,158.98438,158.99114,158.98202,158.98791
2026-08-22 19:10:00+00:00,158.98438,158.99143,158.98338,158.98677
2026-08-22 19:15:00+00:00,158.98522,158.99022,158.98122,158.98195
2026-08-22 19:20:00+00:00,158.98311,158.98975,158.98079,158.98444
2026-08-22 19:25:00+00:00,158.98311,158.9909,158.98203,158.98789
2026-08-22 19:30:00+00:00,158.98433,158.99145,158.98238,158.98703
2026-08-22 19:35:00+00:00,158.98433,158.98985,158.98264,158.98315
2026-08-22 19:40:00+00:00,158.98396,158.99072,158.98155,158.98505
2026-08-22 19:45:00+00:00,158.98392,158.99027,158.98172,158.98749
2026-08-22 19:50:00+00:00,158.98392,158.99107,158.98181,158.98681
2026-08-22 19:55:00+00:00,158.98392,158.99176,158.98338,158.98366
2026-08-22 20:00:00+00:00,158.98485,158.99659,158.95505,158.99305
2026-08-22 20:05:00+00:00,158.98554,158.98554,158.9394,158.95784
2026-08-22 20:10:00+00:00,158.95427,158.96141,158.95201,158.95741
2026-08-22 20:15:00+00:00,158.95427,158.95663,158.95427,158.95663
