datetime,open,high,low,close
2026-07-01 18:30:00+00:00,162.5782,162.57988,162.54505,162.54916
2026-07-01 18:45:00+00:00,162.54974,162.55555,162.524,162.53398
2026-07-01 19:00:00+00:00,162.53132,162.53565,162.50976,162.53263
2026-07-01 19:15:00+00:00,162.52929,162.55248,162.51814,162.52961
2026-07-01 19:30:00+00:00,162.5354,162.5354,162.51138,162.52462
2026-07-01 19:45:00+00:00,162.52513,162.58807,162.52073,162.5691
2026-07-01 20:00:00+00:00,162.5629,162.5858,162.55856,162.57609
2026-07-01 20:15:00+00:00,162.57306,162.60443,162.56665,162.5982
2026-07-01 20:30:00+00:00,162.59458,162.61509,162.59458,162.60091
2026-07-01 20:45:00+00:00,162.60371,162.62053,162.5992,162.6076
2026-07-01 21:00:00+00:00,162.60795,162.61215,162.56741,162.57652
2026-07-01 21:15:00+00:00,162.57354,162.57855,162.55248,162.56884
2026-07-01 21:30:00+00:00,162.56405,162.57039,162.54569,162.56556
2026-07-01 21:45:00+00:00,162.56353,162.57621,162.5439,162.56126
2026-07-01 22:00:00+00:00,162.56301,162.57484,162.54428,162.56073
2026-07-01 22:15:00+00:00,162.55748,162.567,162.55396,162.5589
2026-07-01 22:30:00+00:00,162.55602,162.56403,162.54123,162.54822
2026-07-01 22:45:00+00:00,162.54561,162.55273,162.53842,162.54333
2026-07-01 23:00:00+00:00,162.54404,162.55626,162.53317,162.55582
2026-07-01 23:15:00+00:00,162.55198,162.58194,162.55198,162.57788
2026-07-01 23:30:00+00:00,162.5748,162.59007,162.55857,162.57353
2026-07-01 23:45:00+00:00,162.56589,162.57952,162.52044,162.5548
2026-07-02 00:00:00+00:00,162.54659,162.56864,162.48636,162.51366
2026-07-02 00:15:00+00:00,162.50779,162.58776,162.50779,162.58258
2026-07-02 00:30:00+00:00,162.57833,162.5951,162.53344,162.58247
2026-07-02 00:45:00+00:00,162.57901,162.59304,162.55031,162.5711
2026-07-02 01:00:00+00:00,162.57202,162.57607,162.53076,162.57356
2026-07-02 01:15:00+00:00,162.56726,162.58127,162.55989,162.5782
2026-07-02 01:30:00+00:00,162.57412,162.58078,162.53789,162.5397
2026-07-02 01:45:00+00:00,162.54173,162.54957,162.50454,162.53317
2026-07-02 02:00:00+00:00,162.53401,162.55771,162.52672,162.5362
2026-07-02 02:15:00+00:00,162.53683,162.54408,162.52217,162.53519
2026-07-02 02:30:00+00:00,162.53193,162.53526,162.49895,162.52146
2026-07-02 02:45:00+00:00,162.51802,162.53271,162.5085,162.52339
2026-07-02 03:00:00+00:00,162.52507,162.54888,162.52383,162.53941
2026-07-02 03:15:00+00:00,162.53991,162.54156,162.52125,162.53219
2026-07-02 03:30:00+00:00,162.52868,162.53672,162.5243,162.5322
2026-07-02 03:45:00+00:00,162.52971,162.53353,162.44025,162.44828
2026-07-02 04:00:00+00:00,162.45396,162.46801,162.37988,162.42514
2026-07-02 04:15:00+00:00,162.42046,162.44886,162.41686,162.44401
2026-07-02 04:30:00+00:00,162.43853,162.45605,162.42085,162.44759
2026-07-02 04:45:00+00:00,162.44011,162.44011,162.3987,162.43321
2026-07-02 05:00:00+00:00,162.424,162.44149,162.39536,162.40755
2026-07-02 05:15:00+00:00,162.40347,162.42123,162.39563,162.39675
2026-07-02 05:30:00+00:00,162.39645,162.41495,162.37328,162.38639
2026-07-02 05:45:00+00:00,162.38152,162.39647,162.32926,162.33043
2026-07-02 06:00:00+00:00,162.33168,162.33168,162.17382,162.22578
2026-07-02 06:15:00+00:00,162.221,162.26559,162.19794,162.26149
2026-07-02 06:30:00+00:00,162.25311,162.2654,162.18748,162.22263
2026-07-02 06:45:00+00:00,162.21927,162.25985,161.41598,161.82517
2026-07-02 07:00:00+00:00,161.81826,161.93896,161.67599,161.70472
2026-07-02 07:15:00+00:00,161.70619,161.81845,161.61193,161.73109
2026-07-02 07:30:00+00:00,161.74232,161.74232,161.47096,161.49103
2026-07-02 07:45:00+00:00,161.48989,161.60368,161.38712,161.43716
2026-07-02 08:00:00+00:00,161.47425,161.47425,161.19369,161.21512
2026-07-02 08:15:00+00:00,161.20372,161.33847,161.20372,161.24874
2026-07-02 08:30:00+00:00,161.25216,161.25532,161.11108,161.11684
2026-07-02 08:45:00+00:00,161.12754,161.26838,160.98168,161.07015
2026-07-02 09:00:00+00:00,161.08598,161.32079,161.04478,161.31411
2026-07-02 09:15:00+00:00,161.29978,161.33539,161.2129,161.25619
2026-07-02 09:30:00+00:00,161.2522,161.25816,161.13713,161.21726
2026-07-02 09:45:00+00:00,161.19461,161.25922,161.14268,161.19484
2026-07-02 10:00:00+00:00,161.17525,161.30484,161.17525,161.30301
2026-07-02 10:15:00+00:00,161.29725,161.49065,161.29725,161.46945
2026-07-02 10:30:00+00:00,161.47148,161.47752,161.42951,161.45533
2026-07-02 10:45:00+00:00,161.44928,161.45723,161.35988,161.37381
2026-07-02 11:00:00+00:00,161.40249,161.42701,161.34331,161.383
2026-07-02 11:15:00+00:00,161.37579,161.39091,161.32449,161.35348
2026-07-02 11:30:00+00:00,161.34517,161.46659,161.34517,161.45881
2026-07-02 11:45:00+00:00,161.44644,161.49968,161.43435,161.49188
2026-07-02 12:00:00+00:00,161.48774,161.59868,161.45705,161.57373
2026-07-02 12:15:00+00:00,161.57729,161.63848,161.52197,161.52573
2026-07-02 12:30:00+00:00,161.53274,161.54298,160.68874,160.79011
2026-07-02 12:45:00+00:00,160.76101,160.9604,160.75182,160.95005
2026-07-02 13:00:00+00:00,160.92881,161.08173,160.92881,160.98282
2026-07-02 13:15:00+00:00,161.01799,161.12275,160.94388,161.11904
2026-07-02 13:30:00+00:00,161.11653,161.11653,160.95295,160.98499
2026-07-02 13:45:00+00:00,161.00227,161.0349,160.90229,160.92653
2026-07-02 14:00:00+00:00,160.92461,160.96829,160.86439,160.90436
2026-07-02 14:15:00+00:00,160.89674,161.02704,160.8669,161.01418
2026-07-02 14:30:00+00:00,160.98681,161.11125,160.98681,161.0965
2026-07-02 14:45:00+00:00,161.077,161.12967,161.00993,161.03828
2026-07-02 15:00:00+00:00,161.03063,161.07487,160.91198,160.91564
2026-07-02 15:15:00+00:00,160.91847,160.95853,160.8342,160.89633
2026-07-02 15:30:00+00:00,160.88727,160.90174,160.76525,160.84362
2026-07-02 15:45:00+00:00,160.83464,160.94474,160.83464,160.9178
2026-07-02 16:00:00+00:00,160.90752,160.99115,160.90752,160.97596
2026-07-02 16:15:00+00:00,160.97206,161.07526,160.94926,161.07286
2026-07-02 16:30:00+00:00,161.06678,161.08932,161.01386,161.03553
2026-07-02 16:45:00+00:00,161.03193,161.03759,160.93351,160.94222
2026-07-02 17:00:00+00:00,160.96305,161.04296,160.96305,161.02627
2026-07-02 17:15:00+00:00,161.02364,161.11547,161.01726,161.11292
2026-07-02 17:30:00+00:00,161.10302,161.12755,161.07248,161.10006
2026-07-02 17:45:00+00:00,161.10082,161.11995,161.0699,161.08862
2026-07-02 18:00:00+00:00,161.08202,161.08887,161.02469,161.06967
2026-07-02 18:15:00+00:00,161.06637,161.10984,161.05012,161.05242
2026-07-02 18:30:00+00:00,161.05035,161.09295,161.03812,161.05366
2026-07-02 18:45:00+00:00,161.04953,161.07047,161.04701,161.0622
2026-07-02 19:00:00+00:00,161.05633,161.09821,161.0509,161.0893
2026-07-02 19:15:00+00:00,161.08799,161.13174,161.07061,161.12871
2026-07-02 19:30:00+00:00,161.12563,161.17479,161.11132,161.16362
2026-07-02 19:45:00+00:00,161.16363,161.17644,161.11712,161.14069
2026-07-02 20:00:00+00:00,161.1314,161.14691,161.09696,161.10292
2026-07-02 20:15:00+00:00,161.10018,161.10611,161.07648,161.07851
2026-07-02 20:30:00+00:00,161.07865,161.12193,161.07582,161.11703
2026-07-02 20:45:00+00:00,161.11527,161.14016,161.11182,161.12277
2026-07-02 21:00:00+00:00,161.12324,161.148,161.04114,161.11231
2026-07-02 21:15:00+00:00,161.10772,161.12258,161.04679,161.09368
2026-07-02 21:30:00+00:00,161.088,161.15303,161.06458,161.14527
2026-07-02 21:45:00+00:00,161.14653,161.15342,161.10861,161.1209
2026-07-02 22:00:00+00:00,161.11939,161.14188,161.08429,161.09553
2026-07-02 22:15:00+00:00,161.09792,161.14577,161.09792,161.14513
2026-07-02 22:30:00+00:00,161.14149,161.28599,161.14017,161.25404
2026-07-02 22:45:00+00:00,161.27016,161.299,161.23658,161.27652
2026-07-02 23:00:00+00:00,161.27796,161.27994,161.24311,161.25534
2026-07-02 23:15:00+00:00,161.25891,161.26583,161.2385,161.25812
2026-07-02 23:30:00+00:00,161.25515,161.35815,161.24331,161.35403
2026-07-02 23:45:00+00:00,161.35141,161.46596,161.34362,161.4634
2026-07-03 00:00:00+00:00,161.4595,161.48117,161.40265,161.41551
2026-07-03 00:15:00+00:00,161.44347,161.49972,161.43456,161.45611
2026-07-03 00:30:00+00:00,161.45346,161.4612,161.39979,161.43977
2026-07-03 00:45:00+00:00,161.43268,161.43268,161.21313,161.22581
2026-07-03 01:00:00+00:00,161.24652,161.27021,161.16103,161.16925
2026-07-03 01:15:00+00:00,161.17942,161.23158,160.94481,161.0971
2026-07-03 01:30:00+00:00,161.09238,161.18684,161.04823,161.15946
2026-07-03 01:45:00+00:00,161.17061,161.27055,161.14508,161.24705
2026-07-03 02:00:00+00:00,161.24556,161.25898,161.14584,161.17151
2026-07-03 02:15:00+00:00,161.16882,161.18294,161.12174,161.16178
2026-07-03 02:30:00+00:00,161.16361,161.23005,161.12693,161.17998
2026-07-03 02:45:00+00:00,161.16943,161.19099,161.12857,161.18937
2026-07-03 03:00:00+00:00,161.18437,161.2208,161.16121,161.21229
2026-07-03 03:15:00+00:00,161.21344,161.22151,161.18092,161.20106
2026-07-03 03:30:00+00:00,161.20343,161.21643,161.17989,161.19805
2026-07-03 03:45:00+00:00,161.19154,161.20735,161.14499,161.17983
2026-07-03 04:00:00+00:00,161.17765,161.201,161.16698,161.18795
2026-07-03 04:15:00+00:00,161.18854,161.20242,161.17285,161.18488
2026-07-03 04:30:00+00:00,161.18232,161.20589,161.17574,161.18137
2026-07-03 04:45:00+00:00,161.18211,161.19389,161.14761,161.15498
2026-07-03 05:00:00+00:00,161.16806,161.16806,160.99713,161.09006
2026-07-03 05:15:00+00:00,161.08602,161.09142,161.00952,161.07829
2026-07-03 05:30:00+00:00,161.07162,161.14965,161.05845,161.14788
2026-07-03 05:45:00+00:00,161.14198,161.18336,161.1314,161.16948
2026-07-03 06:00:00+00:00,161.1691,161.17745,161.04065,161.08777
2026-07-03 06:15:00+00:00,161.08617,161.08617,160.95831,161.0115
2026-07-03 06:30:00+00:00,161.01408,161.02157,160.60117,160.78503
2026-07-03 06:45:00+00:00,160.78097,160.881,160.68399,160.87499
2026-07-03 07:00:00+00:00,160.85563,160.90936,160.77316,160.77593
2026-07-03 07:15:00+00:00,160.77942,160.85267,160.74748,160.7593
2026-07-03 07:30:00+00:00,160.76594,160.98324,160.72436,160.94579
2026-07-03 07:45:00+00:00,160.95823,160.95823,160.76396,160.79903
2026-07-03 08:00:00+00:00,160.79481,160.89835,160.78784,160.88495
2026-07-03 08:15:00+00:00,160.88623,160.90076,160.85853,160.86167
2026-07-03 08:30:00+00:00,160.86676,160.94332,160.84991,160.9143
2026-07-03 08:45:00+00:00,160.91983,161.03376,160.91983,161.03173
2026-07-03 09:00:00+00:00,161.02292,161.08576,160.99559,160.99922
2026-07-03 09:15:00+00:00,161.00423,161.06434,160.96683,161.0578
2026-07-03 09:30:00+00:00,161.04865,161.06761,161.01846,161.04148
2026-07-03 09:45:00+00:00,161.03822,161.12512,161.03635,161.12464
2026-07-03 10:00:00+00:00,161.11965,161.16765,161.11138,161.13125
2026-07-03 10:15:00+00:00,161.1286,161.14782,161.10934,161.13516
2026-07-03 10:30:00+00:00,161.13589,161.16011,161.12591,161.13253
2026-07-03 10:45:00+00:00,161.13452,161.13647,161.08722,161.09077
2026-07-03 11:00:00+00:00,161.09565,161.13055,161.06015,161.06312
2026-07-03 11:15:00+00:00,161.06401,161.10264,161.06401,161.10123
2026-07-03 11:30:00+00:00,161.09872,161.14637,161.09493,161.13742
2026-07-03 11:45:00+00:00,161.1385,161.15992,161.11743,161.14522
2026-07-03 12:00:00+00:00,161.14367,161.15083,161.11794,161.14066
2026-07-03 12:15:00+00:00,161.13756,161.15897,161.13146,161.14193
2026-07-03 12:30:00+00:00,161.14097,161.14753,161.11733,161.14225
2026-07-03 12:45:00+00:00,161.137,161.16974,161.11833,161.16701
2026-07-03 13:00:00+00:00,161.15989,161.27024,161.15989,161.2673
2026-07-03 13:15:00+00:00,161.2604,161.26425,161.19729,161.19973
2026-07-03 13:30:00+00:00,161.20362,161.26121,161.20362,161.25382
2026-07-03 13:45:00+00:00,161.25404,161.27291,161.24389,161.27171
2026-07-03 14:00:00+00:00,161.26816,161.28197,161.24157,161.25349
2026-07-03 14:15:00+00:00,161.24497,161.25982,161.21875,161.21999
2026-07-03 14:30:00+00:00,161.22074,161.25161,161.21756,161.23984
2026-07-03 14:45:00+00:00,161.24011,161.28836,161.22709,161.28569
2026-07-03 15:00:00+00:00,161.28009,161.34618,161.28009,161.30744
2026-07-03 15:15:00+00:00,161.30448,161.32687,161.28142,161.29436
2026-07-03 15:30:00+00:00,161.30122,161.31144,161.28263,161.29159
2026-07-03 15:45:00+00:00,161.29736,161.33459,161.29453,161.33102
2026-07-03 16:00:00+00:00,161.32805,161.34389,161.30987,161.33694
2026-07-03 16:15:00+00:00,161.33075,161.36558,161.33075,161.36098
2026-07-03 16:30:00+00:00,161.35707,161.40102,161.35707,161.38218
2026-07-03 16:45:00+00:00,161.38552,161.39303,161.34596,161.34675
2026-07-03 17:00:00+00:00,161.34842,161.36359,161.32063,161.34849
2026-07-03 17:15:00+00:00,161.35592,161.35592,161.32243,161.32951
2026-07-03 17:30:00+00:00,161.32675,161.34049,161.28303,161.31041
2026-07-03 17:45:00+00:00,161.30744,161.31566,161.28008,161.31336
2026-07-03 18:00:00+00:00,161.30966,161.33829,161.29521,161.33088
2026-07-03 18:15:00+00:00,161.33161,161.34369,161.32516,161.33104
2026-07-03 18:30:00+00:00,161.32752,161.33874,161.32374,161.33609
2026-07-03 18:45:00+00:00,161.33519,161.35984,161.33091,161.34462
2026-07-03 19:00:00+00:00,161.34897,161.36872,161.34035,161.35394
2026-07-03 19:15:00+00:00,161.34953,161.36412,161.34953,161.36038
2026-07-03 19:30:00+00:00,161.35646,161.38486,161.35646,161.37567
2026-07-03 19:45:00+00:00,161.37604,161.38085,161.35243,161.3701
2026-07-03 20:00:00+00:00,161.36714,161.38809,161.36087,161.37935
2026-07-03 20:15:00+00:00,161.37342,161.39415,161.37105,161.39133
2026-07-03 20:30:00+00:00,161.38743,161.39941,161.3367,161.36369
2026-07-03 20:45:00+00:00,161.36363,161.41108,161.36363,161.37136
2026-07-03 21:00:00+00:00,161.37352,161.39694,161.36033,161.39269
2026-07-03 21:15:00+00:00,161.38903,161.39688,161.37548,161.39054
2026-07-03 21:30:00+00:00,161.38655,161.39617,161.36506,161.37104
2026-07-03 21:45:00+00:00,161.38111,161.39569,161.35826,161.38835
2026-07-03 22:00:00+00:00,161.3894,161.39304,161.28743,161.37656
2026-07-03 22:15:00+00:00,161.37703,161.38416,161.37553,161.38123
2026-07-03 22:30:00+00:00,161.37807,161.38514,161.37463,161.37948
2026-07-03 22:45:00+00:00,161.37685,161.38515,161.37473,161.38043
2026-07-03 23:00:00+00:00,161.37774,161.39483,161.30123,161.37625
2026-07-03 23:15:00+00:00,161.37708,161.38412,161.3755,161.38084
2026-07-03 23:30:00+00:00,161.37803,161.38521,161.37517,161.37997
2026-07-03 23:45:00+00:00,161.37682,161.38501,161.37454,161.37985
2026-07-04 00:00:00+00:00,161.37778,161.50409,161.1917,161.38637
2026-07-04 00:15:00+00:00,161.38167,161.39023,161.3807,161.38533
2026-07-04 00:30:00+00:00,161.38287,161.39017,161.37584,161.38633
2026-07-04 00:45:00+00:00,161.38296,161.39019,161.38053,161.38495
2026-07-04 01:00:00+00:00,161.38298,161.41817,161.2615,161.3819
2026-07-04 01:15:00+00:00,161.38297,161.38986,161.37688,161.38535
2026-07-04 01:30:00+00:00,161.38301,161.39028,161.37484,161.38515
2026-07-04 01:45:00+00:00,161.3814,161.3902,161.38064,161.38417
2026-07-04 02:00:00+00:00,161.38277,161.44433,161.26154,161.38166
2026-07-04 02:15:00+00:00,161.38286,161.39007,161.38047,161.3859
2026-07-04 02:30:00+00:00,161.38296,161.38958,161.38015,161.38655
2026-07-04 02:45:00+00:00,161.38292,161.39019,161.38015,161.38405
2026-07-04 03:00:00+00:00,161.38253,161.388,161.20534,161.37909
2026-07-04 03:15:00+00:00,161.38047,161.38917,161.37543,161.38584
2026-07-04 03:30:00+00:00,161.38237,161.38978,161.38034,161.38603
2026-07-04 03:45:00+00:00,161.38252,161.39005,161.37997,161.38502
2026-07-04 04:00:00+00:00,161.38289,161.38782,161.20789,161.38042
2026-07-04 04:15:00+00:00,161.38148,161.39003,161.37999,161.38257
2026-07-04 04:30:00+00:00,161.38262,161.38945,161.37991,161.38597
2026-07-04 04:45:00+00:00,161.38278,161.38988,161.38025,161.3852
2026-07-04 05:00:00+00:00,161.38251,161.38642,161.25672,161.38449
2026-07-04 05:15:00+00:00,161.38151,161.38963,161.37996,161.38181
2026-07-04 05:30:00+00:00,161.38232,161.38978,161.38023,161.38527
2026-07-04 05:45:00+00:00,161.38246,161.38978,161.38005,161.38566
2026-07-04 06:00:00+00:00,161.38252,161.45854,161.20601,161.38005
2026-07-04 06:15:00+00:00,161.38041,161.38987,161.37965,161.38182
2026-07-04 06:30:00+00:00,161.38271,161.39002,161.37323,161.3815
2026-07-04 06:45:00+00:00,161.37925,161.38964,161.37838,161.38597
2026-07-04 07:00:00+00:00,161.38247,161.48473,161.20245,161.3832
2026-07-04 07:15:00+00:00,161.3808,161.38972,161.37986,161.38133
2026-07-04 07:30:00+00:00,161.38247,161.38978,161.3799,161.38547
2026-07-04 07:45:00+00:00,161.38285,161.39,161.38021,161.38615
2026-07-04 08:00:00+00:00,161.38254,161.38978,161.38039,161.38412
2026-07-04 08:15:00+00:00,161.38296,161.39024,161.36446,161.38153
2026-07-04 08:30:00+00:00,161.38275,161.39023,161.3805,161.38611
2026-07-04 08:45:00+00:00,161.38299,161.39,161.37982,161.38658
2026-07-04 09:00:00+00:00,161.38297,161.3902,161.37925,161.38358
2026-07-04 09:15:00+00:00,161.38184,161.3901,161.38057,161.38186
2026-07-04 09:30:00+00:00,161.38298,161.39025,161.37987,161.3866
2026-07-04 09:45:00+00:00,161.38296,161.38965,161.37996,161.38642
2026-07-04 10:00:00+00:00,161.38299,161.39015,161.36312,161.3853
2026-07-04 10:15:00+00:00,161.38298,161.39022,161.37984,161.38568
2026-07-04 10:30:00+00:00,161.38218,161.39025,161.38058,161.38282
2026-07-04 10:45:00+00:00,161.38299,161.39004,161.38005,161.38602
2026-07-04 11:00:00+00:00,161.38291,161.39024,161.38059,161.38584
2026-07-04 11:15:00+00:00,161.38299,161.39007,161.38041,161.38253
2026-07-04 11:30:00+00:00,161.383,161.44451,161.30035,161.3094
2026-07-04 11:45:00+00:00,161.3301,161.38961,161.3301,161.38557
2026-07-04 12:00:00+00:00,161.38293,161.39004,161.37984,161.38603
2026-07-04 12:15:00+00:00,161.38276,161.39015,161.3806,161.38518
2026-07-04 12:30:00+00:00,161.383,161.39021,161.37929,161.38199
2026-07-04 12:45:00+00:00,161.38298,161.39013,161.37993,161.38099
2026-07-04 13:00:00+00:00,161.38083,161.39011,161.38054,161.38651
2026-07-04 13:15:00+00:00,161.38298,161.44062,161.29938,161.37513
2026-07-04 13:30:00+00:00,161.37359,161.3898,161.3717,161.38118
2026-07-04 13:45:00+00:00,161.3824,161.38946,161.37887,161.385
2026-07-04 14:00:00+00:00,161.38226,161.39001,161.3791,161.38403
2026-07-04 14:15:00+00:00,161.38021,161.39004,161.38018,161.38429
2026-07-04 14:30:00+00:00,161.383,161.39025,161.37984,161.38157
2026-07-04 14:45:00+00:00,161.38279,161.39021,161.38051,161.3863
2026-07-04 15:00:00+00:00,161.383,161.42567,161.301,161.38579
2026-07-04 15:15:00+00:00,161.38217,161.39026,161.37983,161.38281
2026-07-04 15:30:00+00:00,161.38084,161.39001,161.38052,161.38195
2026-07-04 15:45:00+00:00,161.383,161.39025,161.37954,161.38643
2026-07-04 16:00:00+00:00,161.38258,161.38958,161.36056,161.38629
2026-07-04 16:15:00+00:00,161.38295,161.39022,161.37995,161.38546
2026-07-04 16:30:00+00:00,161.38296,161.39026,161.33219,161.34974
2026-07-04 16:45:00+00:00,161.37432,161.39009,161.30003,161.38255
2026-07-04 17:00:00+00:00,161.3829,161.39354,161.3608,161.38557
2026-07-04 17:15:00+00:00,161.38259,161.39023,161.3806,161.38599
2026-07-04 17:30:00+00:00,161.383,161.38968,161.37986,161.38266
2026-07-04 17:45:00+00:00,161.38296,161.39026,161.38058,161.38222
2026-07-04 18:00:00+00:00,161.38265,161.38956,161.36011,161.38539
2026-07-04 18:15:00+00:00,161.38292,161.39015,161.2991,161.37696
2026-07-04 18:30:00+00:00,161.37299,161.39016,161.37299,161.38477
2026-07-04 18:45:00+00:00,161.38274,161.39023,161.37847,161.38189
2026-07-04 19:00:00+00:00,161.38296,161.38977,161.36051,161.3848
2026-07-04 19:15:00+00:00,161.38304,161.39002,161.37986,161.38657
2026-07-04 19:30:00+00:00,161.383,161.39015,161.37929,161.38408
2026-07-04 19:45:00+00:00,161.38265,161.39021,161.38064,161.3818
2026-07-04 20:00:00+00:00,161.383,161.38982,161.30209,161.38513
2026-07-04 20:15:00+00:00,161.38194,161.39,161.37829,161.38662
2026-07-04 20:30:00+00:00,161.38351,161.38969,161.37907,161.38406
2026-07-04 20:45:00+00:00,161.38256,161.39014,161.37982,161.38096
2026-07-04 21:00:00+00:00,161.38212,161.39722,161.36067,161.38633
2026-07-04 21:15:00+00:00,161.38283,161.38919,161.37909,161.38646
2026-07-04 21:30:00+00:00,161.38295,161.39026,161.38057,161.38512
2026-07-04 21:45:00+00:00,161.383,161.38882,161.2995,161.38186
2026-07-04 22:00:00+00:00,161.38284,161.39776,161.36057,161.38644
2026-07-04 22:15:00+00:00,161.38243,161.39012,161.38058,161.38623
2026-07-04 22:30:00+00:00,161.383,161.39026,161.37989,161.38562
2026-07-04 22:45:00+00:00,161.38294,161.39025,161.38074,161.38238
2026-07-04 23:00:00+00:00,161.383,161.39594,161.3605,161.38246
2026-07-04 23:15:00+00:00,161.38296,161.39022,161.34791,161.3796
2026-07-04 23:30:00+00:00,161.3765,161.39025,161.3765,161.38612
2026-07-04 23:45:00+00:00,161.38299,161.38955,161.37881,161.38278
2026-07-05 00:00:00+00:00,161.38292,161.39022,161.38059,161.3821
2026-07-05 00:15:00+00:00,161.38299,161.3899,161.3783,161.38524
2026-07-05 00:30:00+00:00,161.38297,161.39022,161.37785,161.38498
2026-07-05 00:45:00+00:00,161.38152,161.3901,161.38042,161.38456
2026-07-05 01:00:00+00:00,161.38272,161.3899,161.34774,161.37215
2026-07-05 01:15:00+00:00,161.37329,161.38471,161.37101,161.38156
2026-07-05 01:30:00+00:00,161.37902,161.38682,161.37568,161.38376
2026-07-05 01:45:00+00:00,161.37994,161.38896,161.37606,161.37962
2026-07-05 02:00:00+00:00,161.37846,161.38816,161.37697,161.37993
2026-07-05 02:15:00+00:00,161.38114,161.38819,161.37565,161.38104
2026-07-05 02:30:00+00:00,161.37791,161.38567,161.37552,161.38335
2026-07-05 02:45:00+00:00,161.37974,161.37974,161.33987,161.35447
2026-07-05 03:00:00+00:00,161.35269,161.36154,161.35028,161.35405
2026-07-05 03:15:00+00:00,161.35515,161.36241,161.35273,161.35881
2026-07-05 03:30:00+00:00,161.35515,161.36437,161.35299,161.36053
2026-07-05 03:45:00+00:00,161.35712,161.36432,161.35474,161.35949
2026-07-05 04:00:00+00:00,161.35712,161.36593,161.35638,161.35786
2026-07-05 04:15:00+00:00,161.3587,161.37635,161.33579,161.34167
2026-07-05 04:30:00+00:00,161.34191,161.34901,161.3395,161.34496
2026-07-05 04:45:00+00:00,161.34191,161.35371,161.33961,161.34943
2026-07-05 05:00:00+00:00,161.34653,161.35372,161.34415,161.34612
2026-07-05 05:15:00+00:00,161.34653,161.35746,161.34302,161.34954
2026-07-05 05:30:00+00:00,161.35022,161.35749,161.34803,161.35577
2026-07-05 05:45:00+00:00,161.35318,161.36608,161.35076,161.36211
2026-07-05 06:00:00+00:00,161.35883,161.37254,161.33441,161.34408
2026-07-05 06:15:00+00:00,161.34198,161.34922,161.3396,161.34096
2026-07-05 06:30:00+00:00,161.34198,161.35368,161.33813,161.34879
2026-07-05 06:45:00+00:00,161.34659,161.35724,161.3443,161.35381
2026-07-05 07:00:00+00:00,161.35027,161.35751,161.34797,161.35176
2026-07-05 07:15:00+00:00,161.35027,161.36041,161.34789,161.35203
2026-07-05 07:30:00+00:00,161.35321,161.36045,161.35084,161.35601
2026-07-05 07:45:00+00:00,161.35321,161.35904,161.33228,161.34274
2026-07-05 08:00:00+00:00,161.33911,161.35138,161.3336,161.34566
2026-07-05 08:15:00+00:00,161.34429,161.35153,161.34198,161.3431
2026-07-05 08:30:00+00:00,161.34429,161.35562,161.34191,161.35178
2026-07-05 08:45:00+00:00,161.34843,161.35567,161.34612,161.35198
2026-07-05 09:00:00+00:00,161.34843,161.359,161.34501,161.35372
2026-07-05 09:15:00+00:00,161.35174,161.36053,161.34933,161.35336
2026-07-05 09:30:00+00:00,161.35439,161.36164,161.35201,161.35819
2026-07-05 09:45:00+00:00,161.35439,161.36328,161.35251,161.35983
2026-07-05 10:00:00+00:00,161.35652,161.36375,161.3541,161.35906
2026-07-05 10:15:00+00:00,161.35652,161.36378,161.35431,161.3558
2026-07-05 10:30:00+00:00,161.35652,161.36376,161.3541,161.35614
2026-07-05 10:45:00+00:00,161.35652,161.36369,161.35413,161.35944
2026-07-05 11:00:00+00:00,161.35652,161.36375,161.35415,161.35954
2026-07-05 11:15:00+00:00,161.35652,161.36362,161.3541,161.35625
2026-07-05 11:30:00+00:00,161.35652,161.73362,160.74303,160.92464
2026-07-05 11:45:00+00:00,160.92581,160.93302,160.92346,160.92856
2026-07-05 12:00:00+00:00,160.92581,160.93292,160.92341,160.92943
2026-07-05 12:15:00+00:00,160.92581,160.93305,160.9234,160.92712
2026-07-05 12:30:00+00:00,160.92581,160.93304,160.92354,160.92462
2026-07-05 12:45:00+00:00,160.92581,160.933,160.92343,160.92912
2026-07-05 13:00:00+00:00,160.92581,160.93302,160.92349,160.92936
2026-07-05 13:15:00+00:00,160.92581,161.32276,160.64436,160.8246
2026-07-05 13:30:00+00:00,160.82243,160.82958,160.82005,160.82149
2026-07-05 13:45:00+00:00,160.82243,160.82964,160.82007,160.82239
2026-07-05 14:00:00+00:00,160.82243,161.47077,160.76082,161.36263
2026-07-05 14:15:00+00:00,161.359,161.36625,161.35661,161.36054
2026-07-05 14:30:00+00:00,161.359,161.3662,161.35664,161.35784
2026-07-05 14:45:00+00:00,161.359,161.36624,161.34709,161.35423
2026-07-05 15:00:00+00:00,161.35072,161.35427,160.72535,160.91752
2026-07-05 15:15:00+00:00,160.9146,160.92182,160.91224,160.91762
2026-07-05 15:30:00+00:00,160.9146,160.92169,160.9122,160.91434
2026-07-05 15:45:00+00:00,160.9146,160.92184,160.91219,160.9138
2026-07-05 16:00:00+00:00,160.9146,161.37604,160.86277,161.37526
2026-07-05 16:15:00+00:00,161.37127,161.39002,161.37127,161.38565
2026-07-05 16:30:00+00:00,161.38299,161.41042,160.86205,161.20845
2026-07-05 16:45:00+00:00,161.16283,161.38977,161.16283,161.38223
2026-07-05 17:00:00+00:00,161.38273,161.38789,161.31504,161.38554
2026-07-05 17:15:00+00:00,161.3827,161.39026,161.38057,161.38612
2026-07-05 17:30:00+00:00,161.383,161.39004,161.38058,161.38285
2026-07-05 17:45:00+00:00,161.383,161.39026,161.3806,161.38212
2026-07-05 18:00:00+00:00,161.383,161.39007,161.35612,161.38533
2026-07-05 18:15:00+00:00,161.38304,161.57722,160.85304,161.37996
2026-07-05 18:30:00+00:00,161.37581,161.4044,161.33187,161.3751
2026-07-05 18:45:00+00:00,161.36921,161.50304,161.00659,161.33537
2026-07-05 19:00:00+00:00,161.3408,161.3847,161.20214,161.30964
2026-07-05 19:15:00+00:00,161.3052,161.40903,161.28311,161.31731
2026-07-05 19:30:00+00:00,161.31674,161.38114,161.20424,161.37953
2026-07-05 19:45:00+00:00,161.37613,161.3998,161.2481,161.26537
2026-07-05 20:00:00+00:00,161.30859,161.37282,161.25982,161.3542
2026-07-05 20:15:00+00:00,161.3505,161.3505,161.30628,161.32448
2026-07-05 20:30:00+00:00,161.32153,161.3436,161.27312,161.32026
2026-07-05 20:45:00+00:00,161.32416,161.34263,161.28692,161.33928
2026-07-05 21:00:00+00:00,161.33359,161.35468,161.30265,161.32549
2026-07-05 21:15:00+00:00,161.31727,161.33197,161.29918,161.31234
2026-07-05 21:30:00+00:00,161.31417,161.33358,161.30813,161.32068
2026-07-05 21:45:00+00:00,161.31853,161.33433,161.31122,161.32972
2026-07-05 22:00:00+00:00,161.32311,161.49423,161.31435,161.42112
2026-07-05 22:15:00+00:00,161.42171,161.42625,161.3985,161.40785
2026-07-05 22:30:00+00:00,161.40146,161.41767,161.40075,161.41333
2026-07-05 22:45:00+00:00,161.41009,161.42747,161.40406,161.41611
2026-07-05 23:00:00+00:00,161.41817,161.47984,161.40502,161.47155
2026-07-05 23:15:00+00:00,161.46557,161.50867,161.44979,161.45507
2026-07-05 23:30:00+00:00,161.46167,161.48307,161.45717,161.47907
2026-07-05 23:45:00+00:00,161.47303,161.48328,161.42432,161.44907
2026-07-06 00:00:00+00:00,161.45305,161.58766,161.45305,161.55164
2026-07-06 00:15:00+00:00,161.55213,161.55515,161.45884,161.51793
2026-07-06 00:30:00+00:00,161.51952,161.55516,161.47822,161.55203
2026-07-06 00:45:00+00:00,161.54488,161.62826,161.49411,161.50554
2026-07-06 01:00:00+00:00,161.50923,161.61703,161.50923,161.61302
2026-07-06 01:15:00+00:00,161.60489,161.76317,161.59309,161.7599
2026-07-06 01:30:00+00:00,161.75754,161.78632,161.70471,161.73147
2026-07-06 01:45:00+00:00,161.72544,161.8162,161.71013,161.81187
2026-07-06 02:00:00+00:00,161.80436,161.84964,161.78261,161.84804
2026-07-06 02:15:00+00:00,161.84408,161.84408,161.79258,161.8026
2026-07-06 02:30:00+00:00,161.80325,161.83035,161.78837,161.81147
2026-07-06 02:45:00+00:00,161.80806,161.80951,161.75734,161.76267
2026-07-06 03:00:00+00:00,161.76364,161.80462,161.76364,161.80231
2026-07-06 03:15:00+00:00,161.79882,161.83059,161.79564,161.82827
2026-07-06 03:30:00+00:00,161.82267,161.83508,161.79863,161.80128
2026-07-06 03:45:00+00:00,161.80165,161.85011,161.79736,161.84821
2026-07-06 04:00:00+00:00,161.84441,161.85611,161.81675,161.82837
2026-07-06 04:15:00+00:00,161.82275,161.85568,161.81024,161.84136
2026-07-06 04:30:00+00:00,161.84338,161.92155,161.83732,161.91732
2026-07-06 04:45:00+00:00,161.90246,161.94677,161.90246,161.93556
2026-07-06 05:00:00+00:00,161.93163,161.98918,161.90305,161.94079
2026-07-06 05:15:00+00:00,161.9315,161.97502,161.9315,161.96261
2026-07-06 05:30:00+00:00,161.96334,161.96755,161.94275,161.94877
2026-07-06 05:45:00+00:00,161.94504,162.07875,161.94143,162.06931
2026-07-06 06:00:00+00:00,162.04739,162.14066,162.02367,162.11976
2026-07-06 06:15:00+00:00,162.11136,162.24124,162.10678,162.19642
2026-07-06 06:30:00+00:00,162.18662,162.20416,162.12504,162.1504
2026-07-06 06:45:00+00:00,162.162,162.28436,162.11129,162.28159
2026-07-06 07:00:00+00:00,162.27468,162.30664,162.23952,162.25841
2026-07-06 07:15:00+00:00,162.26078,162.30335,162.23322,162.28107
2026-07-06 07:30:00+00:00,162.28333,162.2921,162.17274,162.20682
2026-07-06 07:45:00+00:00,162.20254,162.20429,162.16625,162.17301
2026-07-06 08:00:00+00:00,162.17874,162.29665,162.16739,162.26413
2026-07-06 08:15:00+00:00,162.26763,162.26763,162.21022,162.24331
2026-07-06 08:30:00+00:00,162.24383,162.26388,162.22719,162.24823
2026-07-06 08:45:00+00:00,162.24821,162.26253,162.24178,162.25036
2026-07-06 09:00:00+00:00,162.25437,162.30447,162.24066,162.29328
2026-07-06 09:15:00+00:00,162.29394,162.30279,162.25634,162.30055
2026-07-06 09:30:00+00:00,162.29671,162.30473,162.25752,162.26401
2026-07-06 09:45:00+00:00,162.26447,162.34112,162.26447,162.32927
2026-07-06 10:00:00+00:00,162.32556,162.39457,162.312,162.34592
2026-07-06 10:15:00+00:00,162.34376,162.34692,162.27216,162.34331
2026-07-06 10:30:00+00:00,162.33811,162.35247,162.30493,162.32319
2026-07-06 10:45:00+00:00,162.31697,162.32689,162.30437,162.31204
2026-07-06 11:00:00+00:00,162.31627,162.32802,162.28783,162.28859
2026-07-06 11:15:00+00:00,162.28886,162.3191,162.28886,162.30247
2026-07-06 11:30:00+00:00,162.30262,162.33178,162.29079,162.3261
2026-07-06 11:45:00+00:00,162.32176,162.35379,162.31264,162.33415
2026-07-06 12:00:00+00:00,162.33618,162.35087,162.31015,162.34073
2026-07-06 12:15:00+00:00,162.33837,162.35043,162.31534,162.3487
2026-07-06 12:30:00+00:00,162.34684,162.40463,162.33845,162.38415
2026-07-06 12:45:00+00:00,162.38905,162.42872,162.35514,162.42592
2026-07-06 13:00:00+00:00,162.41826,162.41826,162.33162,162.33676
2026-07-06 13:15:00+00:00,162.34219,162.37488,162.32466,162.34133
2026-07-06 13:30:00+00:00,162.33522,162.37901,162.31928,162.35395
2026-07-06 13:45:00+00:00,162.35677,162.3808,162.3326,162.34836
2026-07-06 14:00:00+00:00,162.34525,162.34947,162.28688,162.33064
2026-07-06 14:15:00+00:00,162.32052,162.32052,162.28714,162.31007
2026-07-06 14:30:00+00:00,162.30685,162.35831,162.29015,162.34819
2026-07-06 14:45:00+00:00,162.34966,162.38208,162.31832,162.38074
2026-07-06 15:00:00+00:00,162.37669,162.37669,162.30061,162.33719
2026-07-06 15:15:00+00:00,162.33323,162.347,162.319,162.34035
2026-07-06 15:30:00+00:00,162.3412,162.36026,162.3042,162.30549
2026-07-06 15:45:00+00:00,162.30539,162.30606,162.28357,162.28585
2026-07-06 16:00:00+00:00,162.28843,162.32324,162.28032,162.29201
2026-07-06 16:15:00+00:00,162.28786,162.29723,162.24313,162.24913
2026-07-06 16:30:00+00:00,162.24822,162.28879,162.24669,162.28643
2026-07-06 16:45:00+00:00,162.28291,162.30526,162.26104,162.29005
2026-07-06 17:00:00+00:00,162.284,162.284,162.24655,162.2706
2026-07-06 17:15:00+00:00,162.26694,162.26694,162.17776,162.19098
2026-07-06 17:30:00+00:00,162.18841,162.21067,162.16152,162.16333
2026-07-06 17:45:00+00:00,162.16535,162.18103,162.14547,162.17714
2026-07-06 18:00:00+00:00,162.16989,162.18762,162.16015,162.16816
2026-07-06 18:15:00+00:00,162.16533,162.17038,162.13647,162.14305
2026-07-06 18:30:00+00:00,162.13883,162.16467,162.10601,162.12082
2026-07-06 18:45:00+00:00,162.11707,162.12949,162.02352,162.02669
2026-07-06 19:00:00+00:00,162.03345,162.10072,162.03345,162.09192
2026-07-06 19:15:00+00:00,162.08878,162.11611,162.08481,162.11183
2026-07-06 19:30:00+00:00,162.10866,162.11111,162.0546,162.10479
2026-07-06 19:45:00+00:00,162.09517,162.11346,162.03808,162.04057
2026-07-06 20:00:00+00:00,162.0459,162.07974,162.0346,162.07659
2026-07-06 20:15:00+00:00,162.06721,162.10389,162.06721,162.0723
2026-07-06 20:30:00+00:00,162.0742,162.1149,162.06851,162.094
2026-07-06 20:45:00+00:00,162.09666,162.1211,162.08683,162.09849
2026-07-06 21:00:00+00:00,162.09629,162.11096,162.05864,162.08149
2026-07-06 21:15:00+00:00,162.07772,162.09417,162.06167,162.08659
2026-07-06 21:30:00+00:00,162.08341,162.1094,162.07898,162.1062
2026-07-06 21:45:00+00:00,162.1048,162.12578,162.07187,162.08834
2026-07-06 22:00:00+00:00,162.09012,162.09995,162.06532,162.07199
2026-07-06 22:15:00+00:00,162.06887,162.09358,162.05587,162.0771
2026-07-06 22:30:00+00:00,162.07258,162.09419,162.06966,162.0862
2026-07-06 22:45:00+00:00,162.08462,162.09042,162.06931,162.0768
2026-07-06 23:00:00+00:00,162.07324,162.0847,162.00462,162.04159
2026-07-06 23:15:00+00:00,162.03754,162.03951,162.01736,162.03608
2026-07-06 23:30:00+00:00,162.03257,162.0805,162.01394,162.07714
2026-07-06 23:45:00+00:00,162.07437,162.10548,162.04908,162.09758
2026-07-07 00:00:00+00:00,162.09895,162.13205,162.09343,162.12891
2026-07-07 00:15:00+00:00,162.12325,162.18361,162.12325,162.18107
2026-07-07 00:30:00+00:00,162.17811,162.17811,162.14356,162.15153
2026-07-07 00:45:00+00:00,162.15651,162.19954,162.10222,162.10972
2026-07-07 01:00:00+00:00,162.11714,162.14892,162.1052,162.14549
2026-07-07 01:15:00+00:00,162.13987,162.1514,162.05677,162.0644
2026-07-07 01:30:00+00:00,162.07829,162.1039,161.76076,161.96714
2026-07-07 01:45:00+00:00,161.9543,161.98057,161.77498,161.86931
2026-07-07 02:00:00+00:00,161.86123,161.8832,161.81943,161.83909
2026-07-07 02:15:00+00:00,161.85506,161.91035,161.85506,161.90617
2026-07-07 02:30:00+00:00,161.90014,161.93185,161.87011,161.89718
2026-07-07 02:45:00+00:00,161.88951,161.92986,161.88951,161.92831
2026-07-07 03:00:00+00:00,161.9246,161.94291,161.88464,161.90202
2026-07-07 03:15:00+00:00,161.90418,161.90643,161.81057,161.83422
2026-07-07 03:30:00+00:00,161.83489,161.90814,161.82158,161.90568
2026-07-07 03:45:00+00:00,161.89955,161.89955,161.85929,161.87389
2026-07-07 04:00:00+00:00,161.87212,161.8872,161.84388,161.84421
2026-07-07 04:15:00+00:00,161.84427,161.85437,161.79683,161.81215
2026-07-07 04:30:00+00:00,161.80833,161.81003,161.70828,161.74238
2026-07-07 04:45:00+00:00,161.73749,161.78268,161.69447,161.77366
2026-07-07 05:00:00+00:00,161.75175,161.79938,161.75175,161.79383
2026-07-07 05:15:00+00:00,161.78598,161.90883,161.78193,161.87856
2026-07-07 05:30:00+00:00,161.87429,161.88045,161.81479,161.86028
2026-07-07 05:45:00+00:00,161.85218,161.89167,161.81797,161.86996
2026-07-07 06:00:00+00:00,161.8702,161.94847,161.86916,161.9261
2026-07-07 06:15:00+00:00,161.92759,162.03571,161.91049,162.0332
2026-07-07 06:30:00+00:00,162.02774,162.02774,161.98965,162.00429
2026-07-07 06:45:00+00:00,162.00981,162.05229,161.99562,162.02547
2026-07-07 07:00:00+00:00,162.0274,162.09051,161.99702,161.99796
2026-07-07 07:15:00+00:00,161.99954,162.00202,161.7549,161.94703
2026-07-07 07:30:00+00:00,161.93148,161.98296,161.89587,161.97737
2026-07-07 07:45:00+00:00,161.9719,162.00028,161.86738,161.97926
2026-07-07 08:00:00+00:00,161.97504,161.97504,161.83569,161.83844
2026-07-07 08:15:00+00:00,161.84333,161.93561,161.84333,161.92675
2026-07-07 08:30:00+00:00,161.91465,161.95542,161.86103,161.90352
2026-07-07 08:45:00+00:00,161.89743,161.91706,161.86252,161.90302
2026-07-07 09:00:00+00:00,161.89838,161.92038,161.82617,161.88228
2026-07-07 09:15:00+00:00,161.8754,161.89606,161.84754,161.89257
2026-07-07 09:30:00+00:00,161.8907,161.921,161.87177,161.91154
2026-07-07 09:45:00+00:00,161.8958,161.97068,161.8958,161.94526
2026-07-07 10:00:00+00:00,161.94195,161.95888,161.92822,161.93944
2026-07-07 10:15:00+00:00,161.93647,161.93647,161.88803,161.89382
2026-07-07 10:30:00+00:00,161.89628,161.91989,161.88428,161.91724
2026-07-07 10:45:00+00:00,161.91204,161.94243,161.90946,161.9408
2026-07-07 11:00:00+00:00,161.93702,161.9544,161.90029,161.90248
2026-07-07 11:15:00+00:00,161.90425,161.91138,161.83934,161.90607
2026-07-07 11:30:00+00:00,161.89857,161.94635,161.89542,161.94292
2026-07-07 11:45:00+00:00,161.93727,161.95521,161.90902,161.91423
2026-07-07 12:00:00+00:00,161.92257,161.92773,161.87131,161.87711
2026-07-07 12:15:00+00:00,161.88662,161.88941,161.80792,161.81684
2026-07-07 12:30:00+00:00,161.82599,161.85806,161.76701,161.85424
2026-07-07 12:45:00+00:00,161.84837,161.8751,161.843,161.84495
2026-07-07 13:00:00+00:00,161.84578,161.89342,161.83924,161.87987
2026-07-07 13:15:00+00:00,161.87604,161.89745,161.86107,161.89344
2026-07-07 13:30:00+00:00,161.89273,161.90466,161.81874,161.84412
2026-07-07 13:45:00+00:00,161.84059,161.89723,161.83678,161.88222
2026-07-07 14:00:00+00:00,161.88302,162.01404,161.87103,161.96211
2026-07-07 14:15:00+00:00,161.96848,161.96848,161.90612,161.94733
2026-07-07 14:30:00+00:00,161.9501,161.96137,161.92859,161.94032
2026-07-07 14:45:00+00:00,161.93778,161.97886,161.82234,161.94313
2026-07-07 15:00:00+00:00,161.95515,161.95515,161.88833,161.91402
2026-07-07 15:15:00+00:00,161.91046,161.92517,161.89349,161.91663
2026-07-07 15:30:00+00:00,161.91475,161.92586,161.85908,161.86197
2026-07-07 15:45:00+00:00,161.87043,161.94476,161.87043,161.92105
2026-07-07 16:00:00+00:00,161.9244,161.9244,161.87572,161.8875
2026-07-07 16:15:00+00:00,161.87569,161.9346,161.87569,161.93072
2026-07-07 16:30:00+00:00,161.92858,161.96265,161.92211,161.93641
2026-07-07 16:45:00+00:00,161.93803,161.95901,161.89569,161.93497
2026-07-07 17:00:00+00:00,161.93596,161.94246,161.88939,161.92218
2026-07-07 17:15:00+00:00,161.91879,161.9443,161.91736,161.94119
2026-07-07 17:30:00+00:00,161.93726,161.94016,161.89918,161.91402
2026-07-07 17:45:00+00:00,161.91137,161.91781,161.88098,161.89266
2026-07-07 18:00:00+00:00,161.88604,161.92107,161.88604,161.90293
2026-07-07 18:15:00+00:00,161.90044,161.90614,161.87585,161.89202
2026-07-07 18:30:00+00:00,161.88931,161.90059,161.86349,161.87782
2026-07-07 18:45:00+00:00,161.87615,161.97212,161.86281,161.91327
2026-07-07 19:00:00+00:00,161.91982,162.07931,161.91743,162.07585
2026-07-07 19:15:00+00:00,162.06495,162.1377,162.06212,162.10045
2026-07-07 19:30:00+00:00,162.09711,162.10511,162.03669,162.06162
2026-07-07 19:45:00+00:00,162.05897,162.08955,162.05416,162.08621
2026-07-07 20:00:00+00:00,162.08114,162.10042,162.05613,162.09888
2026-07-07 20:15:00+00:00,162.09479,162.11101,162.07032,162.0773
2026-07-07 20:30:00+00:00,162.07307,162.10953,162.07307,162.09708
2026-07-07 20:45:00+00:00,162.09749,162.13174,162.09368,162.11907
2026-07-07 21:00:00+00:00,162.12009,162.14062,161.99043,162.08706
2026-07-07 21:15:00+00:00,162.08696,162.1829,162.07641,162.17803
2026-07-07 21:30:00+00:00,162.17508,162.1859,162.14224,162.15066
2026-07-07 21:45:00+00:00,162.14888,162.17843,162.13885,162.17417
2026-07-07 22:00:00+00:00,162.16822,162.1884,162.13765,162.1806
2026-07-07 22:15:00+00:00,162.17714,162.18862,162.10776,162.13996
2026-07-07 22:30:00+00:00,162.13067,162.17942,162.13067,162.16946
2026-07-07 22:45:00+00:00,162.16791,162.20567,162.16728,162.18411
2026-07-07 23:00:00+00:00,162.18529,162.27624,162.17419,162.26682
2026-07-07 23:15:00+00:00,162.24909,162.29996,162.24909,162.29777
2026-07-07 23:30:00+00:00,162.29368,162.32309,162.26009,162.31342
2026-07-07 23:45:00+00:00,162.30907,162.36337,162.30907,162.34206
2026-07-08 00:00:00+00:00,162.3496,162.38513,162.31885,162.32273
2026-07-08 00:15:00+00:00,162.33054,162.40696,162.33054,162.3904
2026-07-08 00:30:00+00:00,162.38325,162.39043,162.329,162.33085
2026-07-08 00:45:00+00:00,162.33107,162.35681,162.24882,162.33912
2026-07-08 01:00:00+00:00,162.32733,162.36893,162.29463,162.34237
2026-07-08 01:15:00+00:00,162.33912,162.41239,162.33719,162.41046
2026-07-08 01:30:00+00:00,162.40209,162.4524,162.38744,162.45064
2026-07-08 01:45:00+00:00,162.44369,162.4583,162.34508,162.34728
2026-07-08 02:00:00+00:00,162.35206,162.43552,162.34033,162.43223
2026-07-08 02:15:00+00:00,162.42692,162.43991,162.37589,162.38877
2026-07-08 02:30:00+00:00,162.38381,162.40688,162.37227,162.3886
2026-07-08 02:45:00+00:00,162.38347,162.38916,162.36007,162.36102
2026-07-08 03:00:00+00:00,162.36257,162.3715,162.29393,162.30657
2026-07-08 03:15:00+00:00,162.31426,162.32751,162.28896,162.30863
2026-07-08 03:30:00+00:00,162.31031,162.35524,162.30662,162.35333
2026-07-08 03:45:00+00:00,162.3478,162.35595,162.32624,162.35235
2026-07-08 04:00:00+00:00,162.35133,162.38415,162.33137,162.35441
2026-07-08 04:15:00+00:00,162.35796,162.39782,162.35796,162.39083
2026-07-08 04:30:00+00:00,162.38681,162.38992,162.36066,162.38653
2026-07-08 04:45:00+00:00,162.37478,162.40411,162.37478,162.37711
2026-07-08 05:00:00+00:00,162.37865,162.38286,162.346,162.34821
2026-07-08 05:15:00+00:00,162.35002,162.36274,162.32977,162.33521
2026-07-08 05:30:00+00:00,162.33776,162.33776,162.23733,162.24193
2026-07-08 05:45:00+00:00,162.24503,162.33733,162.24503,162.3352
2026-07-08 06:00:00+00:00,162.33006,162.33006,162.25188,162.26327
2026-07-08 06:15:00+00:00,162.26734,162.2832,162.18468,162.20367
2026-07-08 06:30:00+00:00,162.19908,162.20396,162.08712,162.15486
2026-07-08 06:45:00+00:00,162.15044,162.22024,162.13285,162.20671
2026-07-08 07:00:00+00:00,162.19852,162.2808,162.18049,162.23487
2026-07-08 07:15:00+00:00,162.24066,162.28365,162.20037,162.209
2026-07-08 07:30:00+00:00,162.21007,162.2219,162.18949,162.20737
2026-07-08 07:45:00+00:00,162.20544,162.24237,162.18935,162.20646
2026-07-08 08:00:00+00:00,162.20402,162.31627,162.20402,162.31115
2026-07-08 08:15:00+00:00,162.30264,162.44488,162.29503,162.40207
2026-07-08 08:30:00+00:00,162.39749,162.45735,162.36134,162.43767
2026-07-08 08:45:00+00:00,162.44027,162.495,162.39394,162.4912
2026-07-08 09:00:00+00:00,162.48695,162.53785,162.44825,162.53381
2026-07-08 09:15:00+00:00,162.53237,162.55276,162.46663,162.48949
2026-07-08 09:30:00+00:00,162.48972,162.50053,162.4417,162.4747
2026-07-08 09:45:00+00:00,162.47141,162.47141,162.39946,162.4624
2026-07-08 10:00:00+00:00,162.45907,162.47089,162.43147,162.44677
2026-07-08 10:15:00+00:00,162.44755,162.46642,162.42217,162.44873
2026-07-08 10:30:00+00:00,162.4473,162.44977,162.41161,162.41649
2026-07-08 10:45:00+00:00,162.41693,162.48311,162.41672,162.47562
2026-07-08 11:00:00+00:00,162.47133,162.50007,162.46849,162.49037
2026-07-08 11:15:00+00:00,162.48916,162.50527,162.47358,162.49317
2026-07-08 11:30:00+00:00,162.49005,162.55442,162.48672,162.49813
2026-07-08 11:45:00+00:00,162.51671,162.54822,162.46701,162.54732
2026-07-08 12:00:00+00:00,162.54136,162.54772,162.47589,162.49001
2026-07-08 12:15:00+00:00,162.48974,162.50809,162.4538,162.49802
2026-07-08 12:30:00+00:00,162.49668,162.5071,162.46928,162.47697
2026-07-08 12:45:00+00:00,162.48002,162.51873,162.45408,162.51784
2026-07-08 13:00:00+00:00,162.51272,162.54875,162.51111,162.51909
2026-07-08 13:15:00+00:00,162.52084,162.55187,162.50597,162.50753
2026-07-08 13:30:00+00:00,162.51257,162.54617,162.49377,162.53532
2026-07-08 13:45:00+00:00,162.5352,162.56888,162.52013,162.52648
2026-07-08 14:00:00+00:00,162.526,162.56004,162.5225,162.53801
2026-07-08 14:15:00+00:00,162.53445,162.55282,162.52497,162.54202
2026-07-08 14:30:00+00:00,162.54443,162.59954,162.54443,162.57266
2026-07-08 14:45:00+00:00,162.56777,162.61987,162.56777,162.61874
2026-07-08 15:00:00+00:00,162.61669,162.64563,162.60242,162.64292
2026-07-08 15:15:00+00:00,162.63719,162.69361,162.63719,162.6659
2026-07-08 15:30:00+00:00,162.66703,162.71291,162.65898,162.705
2026-07-08 15:45:00+00:00,162.70482,162.70482,162.66298,162.66642
2026-07-08 16:00:00+00:00,162.66735,162.67718,162.6396,162.65122
2026-07-08 16:15:00+00:00,162.64816,162.6603,162.61825,162.64117
2026-07-08 16:30:00+00:00,162.6426,162.65807,162.56401,162.5674
2026-07-08 16:45:00+00:00,162.57132,162.58994,162.50735,162.54306
2026-07-08 17:00:00+00:00,162.54162,162.54162,162.45934,162.46241
2026-07-08 17:15:00+00:00,162.46119,162.49038,162.42667,162.4736
2026-07-08 17:30:00+00:00,162.4698,162.53448,162.4627,162.52799
2026-07-08 17:45:00+00:00,162.51923,162.55697,162.51923,162.54361
2026-07-08 18:00:00+00:00,162.54558,162.54558,162.46216,162.46583
2026-07-08 18:15:00+00:00,162.46968,162.49693,162.45776,162.4688
2026-07-08 18:30:00+00:00,162.46872,162.49802,162.4447,162.45332
2026-07-08 18:45:00+00:00,162.45596,162.48675,162.45089,162.47855
2026-07-08 19:00:00+00:00,162.47869,162.48089,162.44313,162.45711
2026-07-08 19:15:00+00:00,162.45826,162.46811,162.43309,162.45149
2026-07-08 19:30:00+00:00,162.44806,162.49132,162.42541,162.48438
2026-07-08 19:45:00+00:00,162.47444,162.55694,162.47444,162.48164
2026-07-08 20:00:00+00:00,162.48378,162.51668,162.47449,162.51427
2026-07-08 20:15:00+00:00,162.50633,162.55698,162.497,162.55513
2026-07-08 20:30:00+00:00,162.54995,162.61734,162.53124,162.59684
2026-07-08 20:45:00+00:00,162.58983,162.64235,162.58983,162.64135
2026-07-08 21:00:00+00:00,162.6393,162.65599,162.52839,162.55453
2026-07-08 21:15:00+00:00,162.55289,162.60801,162.51681,162.55915
2026-07-08 21:30:00+00:00,162.56521,162.58358,162.56061,162.57384
2026-07-08 21:45:00+00:00,162.57531,162.58352,162.56213,162.56928
2026-07-08 22:00:00+00:00,162.56731,162.61781,162.56085,162.59875
2026-07-08 22:15:00+00:00,162.59667,162.60506,162.59322,162.60099
2026-07-08 22:30:00+00:00,162.59731,162.60532,162.57916,162.58355
2026-07-08 22:45:00+00:00,162.58222,162.58858,162.56733,162.56804
2026-07-08 23:00:00+00:00,162.56912,162.57206,162.54798,162.56004
2026-07-08 23:15:00+00:00,162.55688,162.57381,162.549,162.57103
2026-07-08 23:30:00+00:00,162.56679,162.58647,162.56159,162.56897
2026-07-08 23:45:00+00:00,162.56764,162.56764,162.5398,162.55017
2026-07-09 00:00:00+00:00,162.54737,162.55383,162.3779,162.39047
2026-07-09 00:15:00+00:00,162.39331,162.4334,162.36486,162.39989
2026-07-09 00:30:00+00:00,162.39622,162.43544,162.36882,162.43365
2026-07-09 00:45:00+00:00,162.42805,162.47474,162.40213,162.44913
2026-07-09 01:00:00+00:00,162.44264,162.50592,162.41479,162.49882
2026-07-09 01:15:00+00:00,162.49671,162.57504,162.48175,162.55863
2026-07-09 01:30:00+00:00,162.55913,162.5623,162.49525,162.50612
2026-07-09 01:45:00+00:00,162.5068,162.52329,162.46503,162.46861
2026-07-09 02:00:00+00:00,162.47355,162.48228,162.44212,162.47001
2026-07-09 02:15:00+00:00,162.46505,162.48027,162.44684,162.4602
2026-07-09 02:30:00+00:00,162.45966,162.50693,162.45966,162.50382
2026-07-09 02:45:00+00:00,162.50035,162.50035,162.46089,162.47565
2026-07-09 03:00:00+00:00,162.47645,162.48074,162.4538,162.47669
2026-07-09 03:15:00+00:00,162.47419,162.49953,162.46001,162.4625
2026-07-09 03:30:00+00:00,162.46548,162.46548,162.41114,162.44267
2026-07-09 03:45:00+00:00,162.43705,162.45804,162.43068,162.45361
2026-07-09 04:00:00+00:00,162.45075,162.47266,162.43645,162.44635
2026-07-09 04:15:00+00:00,162.444,162.444,162.41751,162.43216
2026-07-09 04:30:00+00:00,162.42905,162.45387,162.42392,162.45092
2026-07-09 04:45:00+00:00,162.44717,162.45226,162.41686,162.43647
2026-07-09 05:00:00+00:00,162.43233,162.44173,162.377,162.37926
2026-07-09 05:15:00+00:00,162.38584,162.41866,162.37589,162.37848
2026-07-09 05:30:00+00:00,162.38234,162.3976,162.34229,162.39603
2026-07-09 05:45:00+00:00,162.39291,162.39291,162.36223,162.37929
2026-07-09 06:00:00+00:00,162.37718,162.37998,162.32522,162.37047
2026-07-09 06:15:00+00:00,162.36521,162.37175,162.25791,162.28284
2026-07-09 06:30:00+00:00,162.27963,162.3386,162.25252,162.29581
2026-07-09 06:45:00+00:00,162.30718,162.31181,162.26018,162.30453
2026-07-09 07:00:00+00:00,162.30189,162.37467,162.29783,162.36825
2026-07-09 07:15:00+00:00,162.3673,162.402,162.35337,162.37773
2026-07-09 07:30:00+00:00,162.37273,162.37969,162.34192,162.35387
2026-07-09 07:45:00+00:00,162.35565,162.37697,162.32961,162.37401
2026-07-09 08:00:00+00:00,162.36716,162.3673,162.31638,162.34127
2026-07-09 08:15:00+00:00,162.33096,162.35325,162.31002,162.33254
2026-07-09 08:30:00+00:00,162.32826,162.37074,162.32746,162.36939
2026-07-09 08:45:00+00:00,162.3645,162.40881,162.35615,162.38273
2026-07-09 09:00:00+00:00,162.37703,162.42452,162.36748,162.42325
2026-07-09 09:15:00+00:00,162.42055,162.43988,162.4067,162.40787
2026-07-09 09:30:00+00:00,162.40906,162.44786,162.40841,162.43166
2026-07-09 09:45:00+00:00,162.43391,162.44956,162.40306,162.40648
2026-07-09 10:00:00+00:00,162.40945,162.42824,162.40484,162.42679
2026-07-09 10:15:00+00:00,162.42325,162.45552,162.41727,162.44231
2026-07-09 10:30:00+00:00,162.44568,162.45174,162.41602,162.43509
2026-07-09 10:45:00+00:00,162.4304,162.50552,162.4304,162.49238
2026-07-09 11:00:00+00:00,162.49757,162.50613,162.46867,162.47804
2026-07-09 11:15:00+00:00,162.47597,162.49948,162.4675,162.4856
2026-07-09 11:30:00+00:00,162.48881,162.50892,162.47224,162.49694
2026-07-09 11:45:00+00:00,162.49305,162.49518,162.45491,162.484
2026-07-09 12:00:00+00:00,162.48068,162.48068,162.40198,162.4106
2026-07-09 12:15:00+00:00,162.40845,162.43624,162.39889,162.43472
2026-07-09 12:30:00+00:00,162.43241,162.45695,162.41209,162.45331
2026-07-09 12:45:00+00:00,162.44688,162.4634,162.43533,162.44592
2026-07-09 13:00:00+00:00,162.44221,162.45542,162.41009,162.43711
2026-07-09 13:15:00+00:00,162.43298,162.43298,162.33599,162.37267
2026-07-09 13:30:00+00:00,162.37523,162.38113,162.31381,162.31672
2026-07-09 13:45:00+00:00,162.3241,162.36476,162.3241,162.34177
2026-07-09 14:00:00+00:00,162.33387,162.3937,162.28518,162.38958
2026-07-09 14:15:00+00:00,162.38657,162.40049,162.36268,162.38839
2026-07-09 14:30:00+00:00,162.38556,162.39038,162.33394,162.37443
2026-07-09 14:45:00+00:00,162.37767,162.42332,162.35446,162.3712
2026-07-09 15:00:00+00:00,162.37505,162.41515,162.36733,162.40468
2026-07-09 15:15:00+00:00,162.4007,162.41304,162.36781,162.37021
2026-07-09 15:30:00+00:00,162.36946,162.38947,162.33356,162.33433
2026-07-09 15:45:00+00:00,162.33556,162.33556,162.26185,162.3031
2026-07-09 16:00:00+00:00,162.30179,162.30179,162.27107,162.29808
2026-07-09 16:15:00+00:00,162.29467,162.3308,162.25668,162.30289
2026-07-09 16:30:00+00:00,162.30615,162.33098,162.28574,162.28632
2026-07-09 16:45:00+00:00,162.28915,162.31098,162.28151,162.30902
2026-07-09 17:00:00+00:00,162.30465,162.33221,162.30001,162.33015
2026-07-09 17:15:00+00:00,162.32631,162.32836,162.27613,162.29181
2026-07-09 17:30:00+00:00,162.28924,162.30962,162.27519,162.30609
2026-07-09 17:45:00+00:00,162.30112,162.30769,162.27726,162.28921
2026-07-09 18:00:00+00:00,162.28392,162.3222,162.28392,162.32139
2026-07-09 18:15:00+00:00,162.31721,162.37944,162.31175,162.37613
2026-07-09 18:30:00+00:00,162.37268,162.37775,162.33764,162.33852
2026-07-09 18:45:00+00:00,162.34128,162.35609,162.3356,162.33851
2026-07-09 19:00:00+00:00,162.3391,162.36761,162.33018,162.3671
2026-07-09 19:15:00+00:00,162.36457,162.39501,162.3491,162.39004
2026-07-09 19:30:00+00:00,162.38699,162.40948,162.36809,162.39258
2026-07-09 19:45:00+00:00,162.39081,162.41956,162.38297,162.399
2026-07-09 20:00:00+00:00,162.40357,162.40357,162.36777,162.3883
2026-07-09 20:15:00+00:00,162.38614,162.38896,162.37546,162.38531
2026-07-09 20:30:00+00:00,162.38228,162.40447,162.37633,162.40056
2026-07-09 20:45:00+00:00,162.39898,162.40647,162.39546,162.39925
2026-07-09 21:00:00+00:00,162.39699,162.40433,162.36985,162.3916
2026-07-09 21:15:00+00:00,162.38906,162.42182,162.38183,162.41791
2026-07-09 21:30:00+00:00,162.41326,162.43045,162.37178,162.38253
2026-07-09 21:45:00+00:00,162.38171,162.40376,162.37276,162.39066
2026-07-09 22:00:00+00:00,162.3883,162.42509,162.35726,162.38183
2026-07-09 22:15:00+00:00,162.37843,162.3797,162.36051,162.37187
2026-07-09 22:30:00+00:00,162.36817,162.37825,162.36122,162.36441
2026-07-09 22:45:00+00:00,162.36907,162.36907,162.35424,162.35444
2026-07-09 23:00:00+00:00,162.35634,162.36658,162.3423,162.35769
2026-07-09 23:15:00+00:00,162.35466,162.39031,162.34224,162.38832
2026-07-09 23:30:00+00:00,162.38488,162.39101,162.36487,162.36974
2026-07-09 23:45:00+00:00,162.36781,162.38703,162.35621,162.37494
2026-07-10 00:00:00+00:00,162.37596,162.41028,162.33357,162.40414
2026-07-10 00:15:00+00:00,162.39355,162.42617,162.3895,162.4219
2026-07-10 00:30:00+00:00,162.41844,162.42562,162.3117,162.3204
2026-07-10 00:45:00+00:00,162.33638,162.33638,161.8984,161.99834
2026-07-10 01:00:00+00:00,161.9695,162.09927,161.85963,161.89119
2026-07-10 01:15:00+00:00,161.88389,161.93517,161.71483,161.89518
2026-07-10 01:30:00+00:00,161.89078,161.91431,161.75969,161.8457
2026-07-10 01:45:00+00:00,161.83803,161.86806,161.68893,161.73187
2026-07-10 02:00:00+00:00,161.72732,161.78166,161.44627,161.46578
2026-07-10 02:15:00+00:00,161.46841,161.51354,161.31232,161.46445
2026-07-10 02:30:00+00:00,161.4529,161.55422,161.39579,161.40334
2026-07-10 02:45:00+00:00,161.40296,161.46455,161.35837,161.44673
2026-07-10 03:00:00+00:00,161.44235,161.50063,161.42446,161.4722
2026-07-10 03:15:00+00:00,161.46891,161.49464,161.3942,161.41025
2026-07-10 03:30:00+00:00,161.40835,161.43625,161.3426,161.43044
2026-07-10 03:45:00+00:00,161.41387,161.58779,161.41387,161.54942
2026-07-10 04:00:00+00:00,161.56848,161.56848,161.52927,161.56448
2026-07-10 04:15:00+00:00,161.55957,161.68839,161.55271,161.63299
2026-07-10 04:30:00+00:00,161.64058,161.66463,161.62583,161.66072
2026-07-10 04:45:00+00:00,161.64863,161.73082,161.64468,161.65258
2026-07-10 05:00:00+00:00,161.66685,161.66685,161.48433,161.53429
2026-07-10 05:15:00+00:00,161.53463,161.67394,161.50769,161.61421
2026-07-10 05:30:00+00:00,161.62166,161.6687,161.62095,161.63995
2026-07-10 05:45:00+00:00,161.63318,161.64365,161.51591,161.60362
2026-07-10 06:00:00+00:00,161.59723,161.60681,161.47441,161.51258
2026-07-10 06:15:00+00:00,161.51388,161.56027,161.42552,161.54891
2026-07-10 06:30:00+00:00,161.53368,161.58482,161.50991,161.55805
2026-07-10 06:45:00+00:00,161.5585,161.6147,161.5585,161.59164
2026-07-10 07:00:00+00:00,161.58741,161.68196,161.57408,161.6762
2026-07-10 07:15:00+00:00,161.67469,161.78387,161.65127,161.74253
2026-07-10 07:30:00+00:00,161.74546,161.78013,161.66213,161.68376
2026-07-10 07:45:00+00:00,161.67894,161.73888,161.65543,161.70716
2026-07-10 08:00:00+00:00,161.70285,161.70862,161.55977,161.64387
2026-07-10 08:15:00+00:00,161.63628,161.74802,161.63628,161.72834
2026-07-10 08:30:00+00:00,161.73,161.75627,161.58647,161.58999
2026-07-10 08:45:00+00:00,161.59706,161.69108,161.59471,161.69003
2026-07-10 09:00:00+00:00,161.68373,161.7256,161.64697,161.72121
2026-07-10 09:15:00+00:00,161.71934,161.7615,161.6762,161.75253
2026-07-10 09:30:00+00:00,161.74033,161.82949,161.74033,161.78375
2026-07-10 09:45:00+00:00,161.77608,161.86639,161.77608,161.8292
2026-07-10 10:00:00+00:00,161.82307,161.83964,161.76797,161.79394
2026-07-10 10:15:00+00:00,161.79157,161.79702,161.70638,161.71974
2026-07-10 10:30:00+00:00,161.71634,161.7551,161.69741,161.7512
2026-07-10 10:45:00+00:00,161.74491,161.79965,161.74491,161.74967
2026-07-10 11:00:00+00:00,161.75482,161.78638,161.74183,161.76735
2026-07-10 11:15:00+00:00,161.76336,161.84939,161.75101,161.81596
2026-07-10 11:30:00+00:00,161.82576,161.88736,161.79362,161.84613
2026-07-10 11:45:00+00:00,161.85052,161.86525,161.8337,161.85605
2026-07-10 12:00:00+00:00,161.8564,161.92466,161.75395,161.78501
2026-07-10 12:15:00+00:00,161.85361,161.85361,161.72212,161.83289
2026-07-10 12:30:00+00:00,161.82882,161.886,161.81294,161.81907
2026-07-10 12:45:00+00:00,161.82399,161.83919,161.78572,161.80862
2026-07-10 13:00:00+00:00,161.81392,161.85546,161.79742,161.80876
2026-07-10 13:15:00+00:00,161.81258,161.82061,161.75929,161.80173
2026-07-10 13:30:00+00:00,161.79751,161.83676,161.76096,161.76267
2026-07-10 13:45:00+00:00,161.76788,161.80333,161.74125,161.79777
2026-07-10 14:00:00+00:00,161.79657,161.83133,161.76963,161.78998
2026-07-10 14:15:00+00:00,161.80128,161.80787,161.77171,161.77475
2026-07-10 14:30:00+00:00,161.77908,161.83783,161.73445,161.80012
2026-07-10 14:45:00+00:00,161.81014,161.8768,161.81014,161.82382
2026-07-10 15:00:00+00:00,161.83134,161.83917,161.7311,161.75983
2026-07-10 15:15:00+00:00,161.75231,161.75803,161.46165,161.52787
2026-07-10 15:30:00+00:00,161.51455,161.54212,161.39522,161.44985
2026-07-10 15:45:00+00:00,161.44793,161.49914,161.30326,161.30851
2026-07-10 16:00:00+00:00,161.31713,161.4177,161.30183,161.36546
2026-07-10 16:15:00+00:00,161.36347,161.42138,161.30204,161.35012
2026-07-10 16:30:00+00:00,161.35375,161.44521,161.35171,161.44068
2026-07-10 16:45:00+00:00,161.43319,161.50725,161.43319,161.46825
2026-07-10 17:00:00+00:00,161.48349,161.55366,161.48349,161.54142
2026-07-10 17:15:00+00:00,161.53555,161.58953,161.51244,161.55899
2026-07-10 17:30:00+00:00,161.57377,161.58548,161.52999,161.57248
2026-07-10 17:45:00+00:00,161.57459,161.65089,161.56466,161.64395
2026-07-10 18:00:00+00:00,161.63423,161.69549,161.63423,161.69246
2026-07-10 18:15:00+00:00,161.69049,161.70501,161.67404,161.70151
2026-07-10 18:30:00+00:00,161.69792,161.73486,161.68674,161.72903
2026-07-10 18:45:00+00:00,161.72473,161.73886,161.66013,161.70738
2026-07-10 19:00:00+00:00,161.70447,161.7352,161.68755,161.73368
2026-07-10 19:15:00+00:00,161.73191,161.73414,161.68858,161.71091
2026-07-10 19:30:00+00:00,161.70782,161.7256,161.695,161.72205
2026-07-10 19:45:00+00:00,161.71425,161.75528,161.70397,161.70499
2026-07-10 20:00:00+00:00,161.7082,161.76336,161.70017,161.73866
2026-07-10 20:15:00+00:00,161.73486,161.73995,161.71093,161.72454
2026-07-10 20:30:00+00:00,161.72125,161.75455,161.71113,161.7369
2026-07-10 20:45:00+00:00,161.73483,161.75754,161.69599,161.69838
2026-07-10 21:00:00+00:00,161.70332,161.77776,161.6008,161.69652
2026-07-10 21:15:00+00:00,161.69275,161.70034,161.68143,161.69592
2026-07-10 21:30:00+00:00,161.69226,161.71942,161.67645,161.69584
2026-07-10 21:45:00+00:00,161.69252,161.70436,161.67632,161.69351
2026-07-10 22:00:00+00:00,161.69427,161.76245,161.66622,161.67837
2026-07-10 22:15:00+00:00,161.68462,161.69777,161.67466,161.6923
2026-07-10 22:30:00+00:00,161.68949,161.69799,161.66936,161.67792
2026-07-10 22:45:00+00:00,161.67784,161.6981,161.66954,161.69098
2026-07-10 23:00:00+00:00,161.68708,161.82535,161.62369,161.67271
2026-07-10 23:15:00+00:00,161.68065,161.69635,161.67306,161.69184
2026-07-10 23:30:00+00:00,161.68911,161.70006,161.66979,161.68221
2026-07-10 23:45:00+00:00,161.68207,161.70091,161.67444,161.69464
2026-07-11 00:00:00+00:00,161.69124,161.744,161.67078,161.73531
2026-07-11 00:15:00+00:00,161.73642,161.7441,161.72224,161.73841
2026-07-11 00:30:00+00:00,161.73591,161.74426,161.73458,161.74056
2026-07-11 00:45:00+00:00,161.737,161.74411,161.72495,161.73844
2026-07-11 01:00:00+00:00,161.73696,161.74422,161.728,161.73581
2026-07-11 01:15:00+00:00,161.737,161.74417,161.72519,161.73983
2026-07-11 01:30:00+00:00,161.73699,161.7441,161.69657,161.72975
2026-07-11 01:45:00+00:00,161.72409,161.74372,161.72409,161.73814
2026-07-11 02:00:00+00:00,161.73675,161.74377,161.723,161.7347
2026-07-11 02:15:00+00:00,161.73589,161.74394,161.73353,161.74032
2026-07-11 02:30:00+00:00,161.73693,161.74231,161.71936,161.74001
2026-07-11 02:45:00+00:00,161.73641,161.74385,161.72324,161.73351
2026-07-11 03:00:00+00:00,161.73143,161.74274,161.72361,161.73531
2026-07-11 03:15:00+00:00,161.73638,161.74355,161.68843,161.73816
2026-07-11 03:30:00+00:00,161.73432,161.74315,161.73357,161.73923
2026-07-11 03:45:00+00:00,161.73593,161.7449,161.72356,161.73866
2026-07-11 04:00:00+00:00,161.73606,161.74265,161.71792,161.72831
2026-07-11 04:15:00+00:00,161.73021,161.76919,161.73021,161.73728
2026-07-11 04:30:00+00:00,161.73779,161.74184,161.72223,161.73813
2026-07-11 04:45:00+00:00,161.73519,161.74346,161.73357,161.73904
2026-07-11 05:00:00+00:00,161.73597,161.74809,161.68715,161.73667
2026-07-11 05:15:00+00:00,161.73691,161.74427,161.72474,161.73966
2026-07-11 05:30:00+00:00,161.73495,161.74365,161.7343,161.73936
2026-07-11 05:45:00+00:00,161.73697,161.7439,161.71924,161.74012
2026-07-11 06:00:00+00:00,161.73671,161.74424,161.72838,161.73888
2026-07-11 06:15:00+00:00,161.737,161.74428,161.72476,161.73589
2026-07-11 06:30:00+00:00,161.737,161.74411,161.70327,161.73052
2026-07-11 06:45:00+00:00,161.72209,161.74399,161.72209,161.7406
2026-07-11 07:00:00+00:00,161.73699,161.74422,161.72327,161.73816
2026-07-11 07:15:00+00:00,161.73682,161.74426,161.73469,161.73578
2026-07-11 07:30:00+00:00,161.737,161.74426,161.72479,161.74002
2026-07-11 07:45:00+00:00,161.73699,161.74275,161.72222,161.73656
2026-07-11 08:00:00+00:00,161.73264,161.74421,161.73264,161.7386
2026-07-11 08:15:00+00:00,161.737,161.7442,161.70337,161.73544
2026-07-11 08:30:00+00:00,161.73662,161.74419,161.73458,161.74054
2026-07-11 08:45:00+00:00,161.737,161.74361,161.72268,161.74035
2026-07-11 09:00:00+00:00,161.73686,161.74581,161.72478,161.73397
2026-07-11 09:15:00+00:00,161.73158,161.74417,161.73158,161.736
2026-07-11 09:30:00+00:00,161.73693,161.74418,161.71828,161.73548
2026-07-11 09:45:00+00:00,161.73594,161.74394,161.73397,161.74003
2026-07-11 10:00:00+00:00,161.73684,161.74409,161.70281,161.73974
2026-07-11 10:15:00+00:00,161.73698,161.74425,161.72254,161.73678
2026-07-11 10:30:00+00:00,161.73314,161.74418,161.72526,161.73642
2026-07-11 10:45:00+00:00,161.73699,161.74579,161.72478,161.73959
2026-07-11 11:00:00+00:00,161.73684,161.74428,161.73457,161.74019
2026-07-11 11:15:00+00:00,161.737,161.74395,161.72249,161.73694
2026-07-11 11:30:00+00:00,161.73699,161.74417,161.69748,161.72811
2026-07-11 11:45:00+00:00,161.72082,161.744,161.72082,161.73917
2026-07-11 12:00:00+00:00,161.73698,161.74426,161.72151,161.72422
2026-07-11 12:15:00+00:00,161.72541,161.74415,161.72488,161.73866
2026-07-11 12:30:00+00:00,161.73698,161.74418,161.72294,161.73573
2026-07-11 12:45:00+00:00,161.73689,161.74421,161.71945,161.72204
2026-07-11 13:00:00+00:00,161.72517,161.74356,161.72517,161.7406
2026-07-11 13:15:00+00:00,161.73696,161.76149,161.69732,161.73589
2026-07-11 13:30:00+00:00,161.73415,161.74415,161.73415,161.73578
2026-07-11 13:45:00+00:00,161.73699,161.74411,161.71947,161.74004
2026-07-11 14:00:00+00:00,161.73679,161.7442,161.71374,161.71751
2026-07-11 14:15:00+00:00,161.71977,161.74421,161.71977,161.73879
2026-07-11 14:30:00+00:00,161.73698,161.74718,161.71986,161.73465
2026-07-11 14:45:00+00:00,161.73583,161.74411,161.7343,161.74069
2026-07-11 15:00:00+00:00,161.737,161.75228,161.6974,161.7401
2026-07-11 15:15:00+00:00,161.73667,161.7442,161.72052,161.72304
2026-07-11 15:30:00+00:00,161.72487,161.74405,161.72487,161.73617
2026-07-11 15:45:00+00:00,161.73699,161.7441,161.71956,161.7401
2026-07-11 16:00:00+00:00,161.7358,161.7441,161.72801,161.73012
2026-07-11 16:15:00+00:00,161.73065,161.74804,161.72025,161.73977
2026-07-11 16:30:00+00:00,161.73685,161.7442,161.69809,161.70227
2026-07-11 16:45:00+00:00,161.71165,161.74511,161.71165,161.72635
2026-07-11 17:00:00+00:00,161.72946,161.84718,161.71976,161.83528
2026-07-11 17:15:00+00:00,161.81367,161.81367,161.73491,161.74053
2026-07-11 17:30:00+00:00,161.73722,161.74376,161.7197,161.73859
2026-07-11 17:45:00+00:00,161.73649,161.74407,161.72985,161.73199
2026-07-11 18:00:00+00:00,161.73432,161.74299,161.71553,161.72943
2026-07-11 18:15:00+00:00,161.73032,161.74168,161.69184,161.72076
2026-07-11 18:30:00+00:00,161.71585,161.73071,161.70961,161.72491
2026-07-11 18:45:00+00:00,161.72346,161.73618,161.70686,161.71859
2026-07-11 19:00:00+00:00,161.72079,161.73389,161.71532,161.73202
2026-07-11 19:15:00+00:00,161.73048,161.73048,161.7112,161.72093
2026-07-11 19:30:00+00:00,161.71729,161.72457,161.70175,161.71912
2026-07-11 19:45:00+00:00,161.71769,161.72494,161.71536,161.71651
2026-07-11 20:00:00+00:00,161.71769,161.72938,161.68496,161.69839
2026-07-11 20:15:00+00:00,161.69494,161.70221,161.68742,161.69965
2026-07-11 20:30:00+00:00,161.69607,161.69622,161.68596,161.69106
2026-07-11 20:45:00+00:00,161.68895,161.69611,161.68182,161.68319
2026-07-11 21:00:00+00:00,161.68416,161.72258,161.6818,161.71921
2026-07-11 21:15:00+00:00,161.71536,161.71864,161.70052,161.70855
2026-07-11 21:30:00+00:00,161.70529,161.75992,161.70301,161.75279
2026-07-11 21:45:00+00:00,161.74001,161.79856,161.70017,161.75084
2026-07-11 22:00:00+00:00,161.75287,161.75287,161.71993,161.73966
2026-07-11 22:15:00+00:00,161.73515,161.74418,161.73458,161.7399
2026-07-11 22:30:00+00:00,161.737,161.74642,161.71943,161.73973
2026-07-11 22:45:00+00:00,161.73665,161.7441,161.73457,161.73676
2026-07-11 23:00:00+00:00,161.737,161.7447,161.7197,161.73614
2026-07-11 23:15:00+00:00,161.73697,161.74426,161.69893,161.73347
2026-07-11 23:30:00+00:00,161.72978,161.74419,161.72978,161.7404
2026-07-11 23:45:00+00:00,161.73699,161.74381,161.71943,161.73864
2026-07-12 00:00:00+00:00,161.73668,161.74424,161.73444,161.73585
2026-07-12 00:15:00+00:00,161.73695,161.74922,161.71951,161.73939
2026-07-12 00:30:00+00:00,161.73696,161.74426,161.71957,161.73753
2026-07-12 00:45:00+00:00,161.73371,161.74418,161.73371,161.73828
2026-07-12 01:00:00+00:00,161.737,161.74361,161.69732,161.7398
2026-07-12 01:15:00+00:00,161.7353,161.74419,161.72667,161.73999
2026-07-12 01:30:00+00:00,161.73698,161.7433,161.71955,161.74057
2026-07-12 01:45:00+00:00,161.73694,161.74977,161.71953,161.73552
2026-07-12 02:00:00+00:00,161.7339,161.74407,161.7339,161.73584
2026-07-12 02:15:00+00:00,161.737,161.74426,161.71944,161.74014
2026-07-12 02:30:00+00:00,161.7365,161.74426,161.73478,161.74049
2026-07-12 02:45:00+00:00,161.737,161.74406,161.69769,161.73912
2026-07-12 03:00:00+00:00,161.73692,161.7442,161.71959,161.7381
2026-07-12 03:15:00+00:00,161.73412,161.74425,161.72672,161.72788
2026-07-12 03:30:00+00:00,161.73036,161.74712,161.71933,161.73985
2026-07-12 03:45:00+00:00,161.73664,161.74422,161.73458,161.73975
2026-07-12 04:00:00+00:00,161.737,161.74345,161.71976,161.73639
2026-07-12 04:15:00+00:00,161.73695,161.76287,161.69856,161.71579
2026-07-12 04:30:00+00:00,161.72088,161.74406,161.72088,161.73972
2026-07-12 04:45:00+00:00,161.73697,161.7441,161.71959,161.73967
2026-07-12 05:00:00+00:00,161.73645,161.7441,161.73457,161.73694
2026-07-12 05:15:00+00:00,161.737,161.74415,161.71966,161.73601
2026-07-12 05:30:00+00:00,161.73694,161.7464,161.71965,161.73327
2026-07-12 05:45:00+00:00,161.72929,161.74409,161.72929,161.74047
2026-07-12 06:00:00+00:00,161.73698,161.75454,161.6972,161.73779
2026-07-12 06:15:00+00:00,161.73585,161.74426,161.7345,161.73585
2026-07-12 06:30:00+00:00,161.737,161.74399,161.71961,161.73957
2026-07-12 06:45:00+00:00,161.73694,161.7442,161.72003,161.73583
2026-07-12 07:00:00+00:00,161.73186,161.74407,161.73186,161.73815
2026-07-12 07:15:00+00:00,161.73699,161.75208,161.71566,161.73516
2026-07-12 07:30:00+00:00,161.73641,161.74426,161.73432,161.74019
2026-07-12 07:45:00+00:00,161.737,161.74283,161.69767,161.74041
2026-07-12 08:00:00+00:00,161.73679,161.74412,161.71975,161.734
2026-07-12 08:15:00+00:00,161.73212,161.74384,161.73212,161.73588
2026-07-12 08:30:00+00:00,161.73698,161.74427,161.71969,161.74017
2026-07-12 08:45:00+00:00,161.73648,161.74422,161.73467,161.74041
2026-07-12 09:00:00+00:00,161.737,161.74977,161.71984,161.73934
2026-07-12 09:15:00+00:00,161.73694,161.74426,161.69714,161.72722
2026-07-12 09:30:00+00:00,161.721,161.74423,161.721,161.73673
2026-07-12 09:45:00+00:00,161.73697,161.74987,161.71984,161.7388
2026-07-12 10:00:00+00:00,161.73567,161.7442,161.73456,161.7399
2026-07-12 10:15:00+00:00,161.737,161.7442,161.73462,161.73659
2026-07-12 10:30:00+00:00,161.737,161.74426,161.73458,161.73631
2026-07-12 10:45:00+00:00,161.737,161.74428,161.7348,161.73958
2026-07-12 11:00:00+00:00,161.737,161.74426,161.73458,161.7403
2026-07-12 11:15:00+00:00,161.737,161.7442,161.73461,161.73912
2026-07-12 11:30:00+00:00,161.737,162.23815,161.67089,161.84697
2026-07-12 11:45:00+00:00,161.86614,161.86614,161.7356,161.73933
2026-07-12 12:00:00+00:00,161.73717,161.91306,161.62536,161.74604
2026-07-12 12:15:00+00:00,161.74288,161.74635,161.73472,161.7385
2026-07-12 12:30:00+00:00,161.73701,161.91934,161.66968,161.72779
2026-07-12 12:45:00+00:00,161.73103,161.91444,161.72022,161.77887
2026-07-12 13:00:00+00:00,161.78854,161.78854,161.74718,161.75405
2026-07-12 13:15:00+00:00,161.75041,162.33901,161.67183,162.14794
2026-07-12 13:30:00+00:00,162.14611,162.1534,162.14368,162.14499
2026-07-12 13:45:00+00:00,162.14611,162.25246,162.08048,162.22021
2026-07-12 14:00:00+00:00,162.21789,162.22518,161.61626,161.85567
2026-07-12 14:15:00+00:00,161.87468,161.88192,161.87232,161.87635
2026-07-12 14:30:00+00:00,161.87468,162.06208,161.85296,161.99955
2026-07-12 14:45:00+00:00,162.00074,162.00795,161.77503,161.85126
2026-07-12 15:00:00+00:00,161.84761,162.22437,161.75262,161.76859
2026-07-12 15:15:00+00:00,161.76446,161.97641,161.72753,161.93349
2026-07-12 15:30:00+00:00,161.90945,161.90945,161.81444,161.84292
2026-07-12 15:45:00+00:00,161.84377,162.03684,161.77254,161.83728
2026-07-12 16:00:00+00:00,161.83749,161.83945,161.73733,161.74037
2026-07-12 16:15:00+00:00,161.73747,161.92267,161.6018,161.74097
2026-07-12 16:30:00+00:00,161.73797,162.24002,161.73459,161.84672
2026-07-12 16:45:00+00:00,161.89434,161.89434,161.73478,161.73639
2026-07-12 17:00:00+00:00,161.73719,161.91774,161.71277,161.74493
2026-07-12 17:15:00+00:00,161.74592,161.74592,161.72727,161.72945
2026-07-12 17:30:00+00:00,161.72966,161.92309,161.66812,161.72886
2026-07-12 17:45:00+00:00,161.73099,161.92334,161.62471,161.80259
2026-07-12 18:00:00+00:00,161.81157,161.81157,161.73467,161.73941
2026-07-12 18:15:00+00:00,161.737,162.22739,161.71896,161.72298
2026-07-12 18:30:00+00:00,161.72568,161.7442,161.72568,161.72981
2026-07-12 18:45:00+00:00,161.73133,161.88846,161.64823,161.74092
2026-07-12 19:00:00+00:00,161.74152,162.03066,161.46613,161.70785
2026-07-12 19:15:00+00:00,161.75633,161.86827,161.63327,161.7096
2026-07-12 19:30:00+00:00,161.69137,161.73109,161.61153,161.7168
2026-07-12 19:45:00+00:00,161.70775,161.7141,161.6485,161.71054
2026-07-12 20:00:00+00:00,161.70549,161.80936,161.62048,161.71559
2026-07-12 20:15:00+00:00,161.70951,161.74187,161.6055,161.65898
2026-07-12 20:30:00+00:00,161.6224,161.73273,161.60163,161.72745
2026-07-12 20:45:00+00:00,161.71398,161.75016,161.68609,161.7181
2026-07-12 21:00:00+00:00,161.71571,161.75733,161.66109,161.72106
2026-07-12 21:15:00+00:00,161.71933,161.74921,161.70021,161.73933
2026-07-12 21:30:00+00:00,161.7361,161.79448,161.71786,161.76167
2026-07-12 21:45:00+00:00,161.76383,161.79674,161.76104,161.78037
2026-07-12 22:00:00+00:00,161.77638,162.0248,161.69854,162.01843
2026-07-12 22:15:00+00:00,162.00729,162.02751,161.95021,161.95715
2026-07-12 22:30:00+00:00,161.96948,162.03083,161.93537,162.0274
2026-07-12 22:45:00+00:00,162.02334,162.06413,161.99474,162.03293
2026-07-12 23:00:00+00:00,162.0372,162.07217,162.02406,162.03237
2026-07-12 23:15:00+00:00,162.04068,162.04068,161.97198,161.98232
2026-07-12 23:30:00+00:00,161.97987,162.01707,161.96277,162.0063
2026-07-12 23:45:00+00:00,162.00206,162.02919,161.90918,161.91886
2026-07-13 00:00:00+00:00,161.93396,161.96968,161.88788,161.91524
2026-07-13 00:15:00+00:00,161.91927,161.99771,161.87833,161.95582
2026-07-13 00:30:00+00:00,161.94762,162.04956,161.93668,162.02178
2026-07-13 00:45:00+00:00,162.01869,162.10129,161.99379,162.05703
2026-07-13 01:00:00+00:00,162.06427,162.15205,162.06427,162.09966
2026-07-13 01:15:00+00:00,162.10677,162.11772,162.05277,162.05571
2026-07-13 01:30:00+00:00,162.05924,162.06512,162.01287,162.01601
2026-07-13 01:45:00+00:00,162.01879,162.01879,161.96032,161.98458
2026-07-13 02:00:00+00:00,161.98852,162.09449,161.96892,162.04664
2026-07-13 02:15:00+00:00,162.04817,162.06703,162.04145,162.06125
2026-07-13 02:30:00+00:00,162.05868,162.07159,162.0145,162.02461
2026-07-13 02:45:00+00:00,162.02054,162.07689,162.01484,162.07309
2026-07-13 03:00:00+00:00,162.07094,162.12933,162.07094,162.10833
2026-07-13 03:15:00+00:00,162.10885,162.11745,162.05754,162.09702
2026-07-13 03:30:00+00:00,162.09577,162.10512,162.0837,162.09824
2026-07-13 03:45:00+00:00,162.09541,162.09663,162.07567,162.07729
2026-07-13 04:00:00+00:00,162.07731,162.0959,162.07506,162.08386
2026-07-13 04:15:00+00:00,162.0839,162.08634,162.02167,162.02289
2026-07-13 04:30:00+00:00,162.0242,162.04325,161.99172,162.04224
2026-07-13 04:45:00+00:00,162.03623,162.05583,161.97281,161.97539
2026-07-13 05:00:00+00:00,161.97659,162.00398,161.95146,161.9539
2026-07-13 05:15:00+00:00,161.95847,162.0667,161.94821,162.06069
2026-07-13 05:30:00+00:00,162.05156,162.06425,162.03122,162.06264
2026-07-13 05:45:00+00:00,162.05754,162.32934,162.05325,162.25454
2026-07-13 06:00:00+00:00,162.2555,162.35623,162.2555,162.31532
2026-07-13 06:15:00+00:00,162.32382,162.37167,162.23608,162.29856
2026-07-13 06:30:00+00:00,162.29673,162.29811,162.21036,162.24359
2026-07-13 06:45:00+00:00,162.23861,162.26178,162.21606,162.24227
2026-07-13 07:00:00+00:00,162.23514,162.28204,161.91924,162.09348
2026-07-13 07:15:00+00:00,162.07953,162.17998,162.07953,162.12506
2026-07-13 07:30:00+00:00,162.13139,162.22183,162.12656,162.20032
2026-07-13 07:45:00+00:00,162.19228,162.23853,162.08866,162.12318
2026-07-13 08:00:00+00:00,162.1131,162.13359,162.02934,162.0329
2026-07-13 08:15:00+00:00,162.03827,162.12212,162.01687,162.09993
2026-07-13 08:30:00+00:00,162.1034,162.14243,162.10177,162.10743
2026-07-13 08:45:00+00:00,162.10961,162.12236,162.07229,162.08899
2026-07-13 09:00:00+00:00,162.08569,162.10707,162.05129,162.05708
2026-07-13 09:15:00+00:00,162.06675,162.06675,161.99242,162.0165
2026-07-13 09:30:00+00:00,162.01325,162.03319,161.98363,162.01942
2026-07-13 09:45:00+00:00,162.01554,162.02323,161.99044,162.00418
2026-07-13 10:00:00+00:00,162.00753,162.06385,161.99945,162.05937
2026-07-13 10:15:00+00:00,162.05692,162.12909,162.0527,162.12211
2026-07-13 10:30:00+00:00,162.11234,162.12995,162.08665,162.10921
2026-07-13 10:45:00+00:00,162.10959,162.12004,162.06389,162.08266
2026-07-13 11:00:00+00:00,162.08014,162.10278,162.03364,162.10061
2026-07-13 11:15:00+00:00,162.09646,162.14515,162.08678,162.10353
2026-07-13 11:30:00+00:00,162.10611,162.12076,162.06976,162.08566
2026-07-13 11:45:00+00:00,162.08886,162.1301,162.07173,162.12784
2026-07-13 12:00:00+00:00,162.12392,162.174,162.10715,162.16764
2026-07-13 12:15:00+00:00,162.16383,162.18914,162.16378,162.18089
2026-07-13 12:30:00+00:00,162.17893,162.18957,162.16281,162.18033
2026-07-13 12:45:00+00:00,162.17779,162.18119,162.11925,162.12864
2026-07-13 13:00:00+00:00,162.12706,162.1453,162.08935,162.14174
2026-07-13 13:15:00+00:00,162.1377,162.15495,162.11901,162.1327
2026-07-13 13:30:00+00:00,162.135,162.22443,162.11871,162.22156
2026-07-13 13:45:00+00:00,162.21732,162.2352,162.18479,162.20817
2026-07-13 14:00:00+00:00,162.21054,162.2746,162.20834,162.26187
2026-07-13 14:15:00+00:00,162.26531,162.35107,162.22549,162.32608
2026-07-13 14:30:00+00:00,162.32363,162.3927,162.28986,162.39072
2026-07-13 14:45:00+00:00,162.38716,162.40457,162.34795,162.40305
2026-07-13 15:00:00+00:00,162.39913,162.39913,162.34541,162.36608
2026-07-13 15:15:00+00:00,162.35849,162.37867,162.30982,162.32526
2026-07-13 15:30:00+00:00,162.32386,162.35022,162.32084,162.33378
2026-07-13 15:45:00+00:00,162.33585,162.38706,162.31356,162.31476
2026-07-13 16:00:00+00:00,162.31622,162.35041,162.31296,162.33514
2026-07-13 16:15:00+00:00,162.32814,162.40636,162.32814,162.40309
2026-07-13 16:30:00+00:00,162.39454,162.45203,162.39454,162.42095
2026-07-13 16:45:00+00:00,162.41961,162.46561,162.39604,162.46218
2026-07-13 17:00:00+00:00,162.45774,162.46744,162.43395,162.45107
2026-07-13 17:15:00+00:00,162.44808,162.46052,162.43297,162.44038
2026-07-13 17:30:00+00:00,162.44073,162.46509,162.43843,162.45961
2026-07-13 17:45:00+00:00,162.45693,162.47023,162.44713,162.45564
2026-07-13 18:00:00+00:00,162.45753,162.4669,162.4374,162.46539
2026-07-13 18:15:00+00:00,162.46269,162.48138,162.43782,162.44344
2026-07-13 18:30:00+00:00,162.45254,162.45254,162.40386,162.40721
2026-07-13 18:45:00+00:00,162.40791,162.42756,162.37557,162.37745
2026-07-13 19:00:00+00:00,162.37907,162.44509,162.35836,162.44498
2026-07-13 19:15:00+00:00,162.44195,162.4556,162.43546,162.44017
2026-07-13 19:30:00+00:00,162.4363,162.45355,162.42132,162.452
2026-07-13 19:45:00+00:00,162.44914,162.4691,162.44729,162.46755
2026-07-13 20:00:00+00:00,162.46408,162.47351,162.43215,162.47281
2026-07-13 20:15:00+00:00,162.46927,162.48481,162.45888,162.46745
2026-07-13 20:30:00+00:00,162.46439,162.47226,162.45328,162.46225
2026-07-13 20:45:00+00:00,162.46255,162.48761,162.45618,162.45909
2026-07-13 21:00:00+00:00,162.46078,162.47642,162.36599,162.46814
2026-07-13 21:15:00+00:00,162.45083,162.48364,162.41263,162.4614
2026-07-13 21:30:00+00:00,162.45716,162.47873,162.44336,162.44685
2026-07-13 21:45:00+00:00,162.44783,162.47032,162.44783,162.45195
2026-07-13 22:00:00+00:00,162.45441,162.48638,162.42393,162.44539
2026-07-13 22:15:00+00:00,162.44552,162.44751,162.4268,162.43703
2026-07-13 22:30:00+00:00,162.43329,162.44179,162.41706,162.42109
2026-07-13 22:45:00+00:00,162.42713,162.45369,162.4138,162.45094
2026-07-13 23:00:00+00:00,162.44699,162.45323,162.41543,162.43021
2026-07-13 23:15:00+00:00,162.42619,162.44463,162.41205,162.42289
2026-07-13 23:30:00+00:00,162.41909,162.43121,162.39281,162.4019
2026-07-13 23:45:00+00:00,162.39897,162.44291,162.39897,162.42801
2026-07-14 00:00:00+00:00,162.42971,162.44403,162.39481,162.4166
2026-07-14 00:15:00+00:00,162.4117,162.47004,162.40369,162.43982
2026-07-14 00:30:00+00:00,162.44326,162.45348,162.42108,162.45049
2026-07-14 00:45:00+00:00,162.44548,162.44548,162.29851,162.37056
2026-07-14 01:00:00+00:00,162.36445,162.38861,162.33848,162.35713
2026-07-14 01:15:00+00:00,162.34993,162.39464,162.33633,162.38931
2026-07-14 01:30:00+00:00,162.37565,162.43651,162.33758,162.40188
2026-07-14 01:45:00+00:00,162.39826,162.42463,162.37474,162.40131
2026-07-14 02:00:00+00:00,162.40372,162.41845,162.35754,162.35943
2026-07-14 02:15:00+00:00,162.36237,162.37026,162.34415,162.34548
2026-07-14 02:30:00+00:00,162.34624,162.37424,162.34624,162.35701
2026-07-14 02:45:00+00:00,162.35378,162.35378,162.31053,162.33119
2026-07-14 03:00:00+00:00,162.32999,162.36723,162.32402,162.3356
2026-07-14 03:15:00+00:00,162.3397,162.36615,162.32946,162.33083
2026-07-14 03:30:00+00:00,162.33243,162.33438,162.23907,162.27643
2026-07-14 03:45:00+00:00,162.27305,162.28827,162.2474,162.2858
2026-07-14 04:00:00+00:00,162.28164,162.31629,162.26403,162.30697
2026-07-14 04:15:00+00:00,162.30805,162.31981,162.2929,162.31637
2026-07-14 04:30:00+00:00,162.31006,162.32255,162.3,162.30918
2026-07-14 04:45:00+00:00,162.30574,162.34102,162.30482,162.32341
2026-07-14 05:00:00+00:00,162.32118,162.32808,162.29492,162.3058
2026-07-14 05:15:00+00:00,162.30666,162.31354,162.26974,162.30925
2026-07-14 05:30:00+00:00,162.30226,162.31152,162.27079,162.28234
2026-07-14 05:45:00+00:00,162.27975,162.30631,162.24974,162.30204
2026-07-14 06:00:00+00:00,162.29898,162.33647,162.28705,162.31582
2026-07-14 06:15:00+00:00,162.3109,162.37151,162.30629,162.34106
2026-07-14 06:30:00+00:00,162.35275,162.37117,162.30073,162.34251
2026-07-14 06:45:00+00:00,162.33684,162.37464,162.32026,162.34343
2026-07-14 07:00:00+00:00,162.35083,162.37228,162.32746,162.34532
2026-07-14 07:15:00+00:00,162.34737,162.37123,162.30465,162.32413
2026-07-14 07:30:00+00:00,162.31833,162.36668,162.31193,162.36649
2026-07-14 07:45:00+00:00,162.36452,162.36452,162.31999,162.34982
2026-07-14 08:00:00+00:00,162.3458,162.38458,162.3449,162.36138
2026-07-14 08:15:00+00:00,162.36056,162.37478,162.33868,162.34493
2026-07-14 08:30:00+00:00,162.34171,162.34645,162.2076,162.23004
2026-07-14 08:45:00+00:00,162.22799,162.28017,162.17924,162.27914
2026-07-14 09:00:00+00:00,162.27361,162.29378,162.21011,162.22265
2026-07-14 09:15:00+00:00,162.21935,162.25174,162.20552,162.22593
2026-07-14 09:30:00+00:00,162.22764,162.23397,162.21335,162.22119
2026-07-14 09:45:00+00:00,162.21794,162.21872,162.16433,162.19363
2026-07-14 10:00:00+00:00,162.18951,162.22128,162.16736,162.21704
2026-07-14 10:15:00+00:00,162.21429,162.22257,162.1985,162.21732
2026-07-14 10:30:00+00:00,162.21731,162.26066,162.20052,162.25717
2026-07-14 10:45:00+00:00,162.25115,162.26564,162.24046,162.2648
2026-07-14 11:00:00+00:00,162.26212,162.27978,162.23828,162.2518
2026-07-14 11:15:00+00:00,162.24935,162.26298,162.23722,162.24485
2026-07-14 11:30:00+00:00,162.23992,162.24701,162.2083,162.21127
2026-07-14 11:45:00+00:00,162.21526,162.22172,162.19731,162.20105
2026-07-14 12:00:00+00:00,162.19735,162.22497,162.1826,162.20488
2026-07-14 12:15:00+00:00,162.20502,162.23571,162.18837,162.18937
2026-07-14 12:30:00+00:00,162.19124,162.33167,161.64103,161.72985
2026-07-14 12:45:00+00:00,161.74094,161.95211,161.71076,161.94982
2026-07-14 13:00:00+00:00,161.94444,161.94468,161.84998,161.94031
2026-07-14 13:15:00+00:00,161.92628,161.95417,161.87126,161.87361
2026-07-14 13:30:00+00:00,161.87639,161.96774,161.86393,161.96574
2026-07-14 13:45:00+00:00,161.95992,161.96151,161.92154,161.93214
2026-07-14 14:00:00+00:00,161.92845,161.92991,161.85322,161.88254
2026-07-14 14:15:00+00:00,161.88959,161.99202,161.85177,161.98208
2026-07-14 14:30:00+00:00,161.97955,162.01112,161.91672,161.94772
2026-07-14 14:45:00+00:00,161.94118,161.97939,161.93217,161.96242
2026-07-14 15:00:00+00:00,161.96498,162.03382,161.919,161.95929
2026-07-14 15:15:00+00:00,161.95568,161.96757,161.9136,161.96439
2026-07-14 15:30:00+00:00,161.96124,162.09624,161.95282,162.0927
2026-07-14 15:45:00+00:00,162.08766,162.16873,162.05396,162.16281
2026-07-14 16:00:00+00:00,162.15269,162.19751,162.13924,162.15127
2026-07-14 16:15:00+00:00,162.14838,162.16696,162.13965,162.16453
2026-07-14 16:30:00+00:00,162.15918,162.1703,162.11614,162.13764
2026-07-14 16:45:00+00:00,162.13215,162.15462,162.12027,162.1224
2026-07-14 17:00:00+00:00,162.12448,162.19463,162.10786,162.19346
2026-07-14 17:15:00+00:00,162.18743,162.23774,162.18414,162.19115
2026-07-14 17:30:00+00:00,162.18816,162.20456,162.17846,162.17967
2026-07-14 17:45:00+00:00,162.18123,162.19713,162.15559,162.19266
2026-07-14 18:00:00+00:00,162.18594,162.20629,162.18594,162.19331
2026-07-14 18:15:00+00:00,162.19106,162.21975,162.16603,162.21585
2026-07-14 18:30:00+00:00,162.2127,162.27741,162.20739,162.2717
2026-07-14 18:45:00+00:00,162.27241,162.2749,162.20773,162.21248
2026-07-14 19:00:00+00:00,162.21825,162.21825,162.14389,162.14719
2026-07-14 19:15:00+00:00,162.15162,162.18548,162.13932,162.17219
2026-07-14 19:30:00+00:00,162.16874,162.19747,162.15762,162.17913
2026-07-14 19:45:00+00:00,162.1827,162.21441,162.14202,162.20798
2026-07-14 20:00:00+00:00,162.19923,162.23685,162.19923,162.22196
2026-07-14 20:15:00+00:00,162.21662,162.25329,162.21662,162.25056
2026-07-14 20:30:00+00:00,162.2469,162.25733,162.24066,162.24622
2026-07-14 20:45:00+00:00,162.24386,162.27524,162.24386,162.27224
2026-07-14 21:00:00+00:00,162.26797,162.28939,162.14805,162.19466
2026-07-14 21:15:00+00:00,162.19217,162.2093,162.18567,162.20443
2026-07-14 21:30:00+00:00,162.20062,162.22485,162.17619,162.21538
2026-07-14 21:45:00+00:00,162.21137,162.23038,162.21002,162.22802
2026-07-14 22:00:00+00:00,162.22459,162.2729,162.20109,162.25848
2026-07-14 22:15:00+00:00,162.25426,162.26442,162.23695,162.23928
2026-07-14 22:30:00+00:00,162.24041,162.24041,162.21117,162.23145
2026-07-14 22:45:00+00:00,162.22913,162.24456,162.22271,162.24007
2026-07-14 23:00:00+00:00,162.24029,162.24521,162.21733,162.21809
2026-07-14 23:15:00+00:00,162.21968,162.23257,162.19658,162.19966
2026-07-14 23:30:00+00:00,162.20235,162.20634,162.16778,162.17142
2026-07-14 23:45:00+00:00,162.17581,162.19635,162.16594,162.19291
2026-07-15 00:00:00+00:00,162.1873,162.24108,162.18273,162.21809
2026-07-15 00:15:00+00:00,162.2263,162.23873,162.12977,162.13289
2026-07-15 00:30:00+00:00,162.13626,162.22613,162.13626,162.22369
2026-07-15 00:45:00+00:00,162.21813,162.22548,162.08477,162.08751
2026-07-15 01:00:00+00:00,162.09213,162.11071,162.00217,162.01845
2026-07-15 01:15:00+00:00,162.02502,162.07052,161.96551,162.06722
2026-07-15 01:30:00+00:00,162.05964,162.10738,162.04641,162.10462
2026-07-15 01:45:00+00:00,162.09974,162.12925,162.09016,162.10819
2026-07-15 02:00:00+00:00,162.11308,162.11308,162.04716,162.10448
2026-07-15 02:15:00+00:00,162.09457,162.12701,162.09457,162.11894
2026-07-15 02:30:00+00:00,162.11469,162.11763,162.05631,162.06086
2026-07-15 02:45:00+00:00,162.06567,162.11458,162.06358,162.09505
2026-07-15 03:00:00+00:00,162.09488,162.15598,162.08847,162.13812
2026-07-15 03:15:00+00:00,162.14295,162.18154,162.1407,162.17035
2026-07-15 03:30:00+00:00,162.16916,162.17567,162.15478,162.17425
2026-07-15 03:45:00+00:00,162.171,162.18202,162.13316,162.144
2026-07-15 04:00:00+00:00,162.14134,162.16602,162.13545,162.16248
2026-07-15 04:15:00+00:00,162.15736,162.21886,162.15736,162.20549
2026-07-15 04:30:00+00:00,162.20638,162.22448,162.20128,162.22375
2026-07-15 04:45:00+00:00,162.2205,162.2267,162.20593,162.21492
2026-07-15 05:00:00+00:00,162.21208,162.23291,162.19436,162.19772
2026-07-15 05:15:00+00:00,162.19944,162.21519,162.17716,162.20728
2026-07-15 05:30:00+00:00,162.20794,162.21468,162.19401,162.20074
2026-07-15 05:45:00+00:00,162.19848,162.21181,162.17761,162.20777
2026-07-15 06:00:00+00:00,162.20489,162.21346,162.18077,162.19809
2026-07-15 06:15:00+00:00,162.19182,162.20214,162.15024,162.16675
2026-07-15 06:30:00+00:00,162.15928,162.20427,162.13688,162.14199
2026-07-15 06:45:00+00:00,162.15042,162.20911,162.12035,162.20669
2026-07-15 07:00:00+00:00,162.20059,162.24937,162.20059,162.22848
2026-07-15 07:15:00+00:00,162.22696,162.30993,162.22222,162.28349
2026-07-15 07:30:00+00:00,162.28718,162.30138,162.25628,162.26027
2026-07-15 07:45:00+00:00,162.26635,162.2969,162.25088,162.27511
2026-07-15 08:00:00+00:00,162.27092,162.3481,162.25493,162.34523
2026-07-15 08:15:00+00:00,162.33918,162.35027,162.29749,162.30047
2026-07-15 08:30:00+00:00,162.30274,162.3164,162.2795,162.29674
2026-07-15 08:45:00+00:00,162.29874,162.33321,162.29694,162.30298
2026-07-15 09:00:00+00:00,162.31,162.31743,162.27621,162.29378
2026-07-15 09:15:00+00:00,162.29481,162.32713,162.27893,162.32131
2026-07-15 09:30:00+00:00,162.31339,162.33868,162.31339,162.31855
2026-07-15 09:45:00+00:00,162.31941,162.36505,162.31941,162.3624
2026-07-15 10:00:00+00:00,162.35155,162.39681,162.35155,162.3818
2026-07-15 10:15:00+00:00,162.3875,162.42055,162.37176,162.41859
2026-07-15 10:30:00+00:00,162.41715,162.42303,162.39394,162.41893
2026-07-15 10:45:00+00:00,162.41727,162.42334,162.35445,162.36295
2026-07-15 11:00:00+00:00,162.37888,162.37888,162.31686,162.34725
2026-07-15 11:15:00+00:00,162.34325,162.38516,162.34325,162.38438
2026-07-15 11:30:00+00:00,162.38303,162.39391,162.35474,162.36391
2026-07-15 11:45:00+00:00,162.36533,162.37064,162.33776,162.34859
2026-07-15 12:00:00+00:00,162.35161,162.40566,162.33342,162.40129
2026-07-15 12:15:00+00:00,162.39244,162.39244,162.35933,162.37502
2026-07-15 12:30:00+00:00,162.37556,162.39538,162.25411,162.25762
2026-07-15 12:45:00+00:00,162.26376,162.27023,162.16311,162.17078
2026-07-15 13:00:00+00:00,162.18432,162.22233,162.14005,162.21882
2026-07-15 13:15:00+00:00,162.20562,162.27664,162.19613,162.27518
2026-07-15 13:30:00+00:00,162.27242,162.27678,162.21055,162.21424
2026-07-15 13:45:00+00:00,162.22444,162.27104,162.1718,162.17497
2026-07-15 14:00:00+00:00,162.17958,162.23042,162.17958,162.21002
2026-07-15 14:15:00+00:00,162.20559,162.23693,162.17214,162.23326
2026-07-15 14:30:00+00:00,162.23142,162.23423,162.17909,162.2056
2026-07-15 14:45:00+00:00,162.20389,162.20414,162.13335,162.13611
2026-07-15 15:00:00+00:00,162.14113,162.17237,162.11503,162.16827
2026-07-15 15:15:00+00:00,162.15402,162.22211,162.1005,162.10528
2026-07-15 15:30:00+00:00,162.11169,162.14738,162.07725,162.12073
2026-07-15 15:45:00+00:00,162.12256,162.14505,162.09988,162.13318
2026-07-15 16:00:00+00:00,162.13367,162.17431,162.13074,162.15847
2026-07-15 16:15:00+00:00,162.15918,162.16964,162.12995,162.1316
2026-07-15 16:30:00+00:00,162.13165,162.19552,162.12612,162.19118
2026-07-15 16:45:00+00:00,162.18477,162.22104,162.15567,162.17789
2026-07-15 17:00:00+00:00,162.17742,162.18149,162.07594,162.12119
2026-07-15 17:15:00+00:00,162.11316,162.1241,162.08783,162.09082
2026-07-15 17:30:00+00:00,162.09281,162.10911,161.99373,161.9972
2026-07-15 17:45:00+00:00,162.00384,162.06665,161.98093,161.99991
2026-07-15 18:00:00+00:00,161.9966,162.00209,161.89685,161.94611
2026-07-15 18:15:00+00:00,161.93509,161.95833,161.89723,161.91548
2026-07-15 18:30:00+00:00,161.91602,161.96848,161.89913,161.96542
2026-07-15 18:45:00+00:00,161.95893,162.05848,161.95893,162.04206
2026-07-15 19:00:00+00:00,162.04713,162.05739,162.01738,162.03994
2026-07-15 19:15:00+00:00,162.03688,162.09961,162.03542,162.09678
2026-07-15 19:30:00+00:00,162.09196,162.25442,162.08577,162.25231
2026-07-15 19:45:00+00:00,162.24762,162.27793,162.20869,162.21644
2026-07-15 20:00:00+00:00,162.21882,162.23847,162.20306,162.21952
2026-07-15 20:15:00+00:00,162.21994,162.22569,162.20462,162.21464
2026-07-15 20:30:00+00:00,162.21165,162.22889,162.20012,162.21371
2026-07-15 20:45:00+00:00,162.21204,162.21924,162.19604,162.19604
2026-07-15 21:00:00+00:00,162.19713,162.22009,162.14745,162.15394
2026-07-15 21:15:00+00:00,162.16733,162.20527,162.15328,162.17898
2026-07-15 21:30:00+00:00,162.17438,162.17438,162.14685,162.15664
2026-07-15 21:45:00+00:00,162.15408,162.17883,162.1306,162.13226
2026-07-15 22:00:00+00:00,162.13266,162.15981,162.125,162.14943
2026-07-15 22:15:00+00:00,162.14988,162.14988,162.08802,162.1106
2026-07-15 22:30:00+00:00,162.10803,162.13438,162.0993,162.12105
2026-07-15 22:45:00+00:00,162.11786,162.14319,162.10707,162.14187
2026-07-15 23:00:00+00:00,162.13856,162.13856,162.11239,162.11406
2026-07-15 23:15:00+00:00,162.11442,162.12688,162.06538,162.09613
2026-07-15 23:30:00+00:00,162.09314,162.10193,162.07756,162.09136
2026-07-15 23:45:00+00:00,162.08786,162.08786,162.04114,162.06169
2026-07-16 00:00:00+00:00,162.06664,162.12921,162.06664,162.08525
2026-07-16 00:15:00+00:00,162.08542,162.10664,162.06534,162.08207
2026-07-16 00:30:00+00:00,162.08032,162.12992,162.07561,162.0827
2026-07-16 00:45:00+00:00,162.08405,162.16111,162.02679,162.09351
2026-07-16 01:00:00+00:00,162.09601,162.10447,162.0707,162.0726
2026-07-16 01:15:00+00:00,162.07706,162.0979,162.03657,162.04969
2026-07-16 01:30:00+00:00,162.04154,162.08763,162.04154,162.07191
2026-07-16 01:45:00+00:00,162.06796,162.12257,162.06796,162.12088
2026-07-16 02:00:00+00:00,162.11625,162.16903,162.10762,162.16084
2026-07-16 02:15:00+00:00,162.14987,162.16952,162.11432,162.12158
2026-07-16 02:30:00+00:00,162.12064,162.1453,162.09336,162.12867
2026-07-16 02:45:00+00:00,162.13003,162.16871,162.12648,162.166
2026-07-16 03:00:00+00:00,162.16232,162.16352,162.11515,162.13205
2026-07-16 03:15:00+00:00,162.1261,162.13388,162.09153,162.09231
2026-07-16 03:30:00+00:00,162.09323,162.0993,162.07839,162.09688
2026-07-16 03:45:00+00:00,162.0931,162.11474,162.08976,162.11062
2026-07-16 04:00:00+00:00,162.10809,162.12086,162.09304,162.10721
2026-07-16 04:15:00+00:00,162.11068,162.14187,162.11068,162.13818
2026-07-16 04:30:00+00:00,162.13222,162.14891,162.11497,162.11671
2026-07-16 04:45:00+00:00,162.11683,162.1264,162.08772,162.09501
2026-07-16 05:00:00+00:00,162.09174,162.11289,162.08377,162.103
2026-07-16 05:15:00+00:00,162.10099,162.12762,162.09138,162.11003
2026-07-16 05:30:00+00:00,162.11551,162.14433,162.11551,162.12176
2026-07-16 05:45:00+00:00,162.12496,162.18352,162.11744,162.18136
2026-07-16 06:00:00+00:00,162.17673,162.17673,162.13525,162.15202
2026-07-16 06:15:00+00:00,162.15006,162.17646,162.14089,162.14796
2026-07-16 06:30:00+00:00,162.14933,162.1772,162.1449,162.16492
2026-07-16 06:45:00+00:00,162.16315,162.16504,162.11421,162.12383
2026-07-16 07:00:00+00:00,162.11962,162.13206,162.02353,162.05261
2026-07-16 07:15:00+00:00,162.06452,162.08652,162.00506,162.08069
2026-07-16 07:30:00+00:00,162.07277,162.10082,162.06259,162.07918
2026-07-16 07:45:00+00:00,162.08136,162.10262,162.01691,162.10046
2026-07-16 08:00:00+00:00,162.09327,162.15447,162.0783,162.14096
2026-07-16 08:15:00+00:00,162.14317,162.15257,162.09707,162.11475
2026-07-16 08:30:00+00:00,162.11757,162.14678,162.10002,162.14172
2026-07-16 08:45:00+00:00,162.13237,162.18096,162.13237,162.15045
2026-07-16 09:00:00+00:00,162.15652,162.17576,162.12451,162.12764
2026-07-16 09:15:00+00:00,162.13137,162.15301,162.11841,162.14268
2026-07-16 09:30:00+00:00,162.14489,162.20042,162.14489,162.18699
2026-07-16 09:45:00+00:00,162.18812,162.18893,162.15581,162.17606
2026-07-16 10:00:00+00:00,162.17033,162.20238,162.17033,162.18618
2026-07-16 10:15:00+00:00,162.18667,162.20206,162.16913,162.17035
2026-07-16 10:30:00+00:00,162.17413,162.19032,162.16994,162.17207
2026-07-16 10:45:00+00:00,162.17317,162.19002,162.13667,162.14022
2026-07-16 11:00:00+00:00,162.14231,162.16378,162.12718,162.15074
2026-07-16 11:15:00+00:00,162.14741,162.18857,162.13931,162.18452
2026-07-16 11:30:00+00:00,162.17799,162.19286,162.17147,162.17297
2026-07-16 11:45:00+00:00,162.17288,162.22673,162.1513,162.17271
2026-07-16 12:00:00+00:00,162.1776,162.2062,162.16249,162.20246
2026-07-16 12:15:00+00:00,162.19887,162.213,162.18691,162.20063
2026-07-16 12:30:00+00:00,162.19826,162.2889,162.19138,162.28141
2026-07-16 12:45:00+00:00,162.27101,162.3021,162.27101,162.29961
2026-07-16 13:00:00+00:00,162.29264,162.32002,162.23539,162.23917
2026-07-16 13:15:00+00:00,162.2424,162.27009,162.23417,162.23794
2026-07-16 13:30:00+00:00,162.23862,162.27621,162.21434,162.27404
2026-07-16 13:45:00+00:00,162.27078,162.34862,162.26754,162.34541
2026-07-16 14:00:00+00:00,162.3442,162.40731,162.31784,162.40314
2026-07-16 14:15:00+00:00,162.39465,162.39708,162.34712,162.39486
2026-07-16 14:30:00+00:00,162.39055,162.43537,162.3658,162.42941
2026-07-16 14:45:00+00:00,162.42131,162.45386,162.41668,162.45223
2026-07-16 15:00:00+00:00,162.44817,162.481,162.43276,162.4522
2026-07-16 15:15:00+00:00,162.44783,162.46398,162.42045,162.45969
2026-07-16 15:30:00+00:00,162.45795,162.46429,162.42903,162.42964
2026-07-16 15:45:00+00:00,162.43146,162.44084,162.41329,162.43287
2026-07-16 16:00:00+00:00,162.42908,162.4611,162.4206,162.45973
2026-07-16 16:15:00+00:00,162.45544,162.54807,162.44661,162.52405
2026-07-16 16:30:00+00:00,162.52685,162.53613,162.47927,162.50463
2026-07-16 16:45:00+00:00,162.5064,162.50723,162.46484,162.48824
2026-07-16 17:00:00+00:00,162.4793,162.51387,162.4793,162.50615
2026-07-16 17:15:00+00:00,162.50322,162.50955,162.48387,162.48742
2026-07-16 17:30:00+00:00,162.49196,162.49614,162.46878,162.48367
2026-07-16 17:45:00+00:00,162.4827,162.48808,162.40718,162.41701
2026-07-16 18:00:00+00:00,162.41275,162.43522,162.38699,162.3937
2026-07-16 18:15:00+00:00,162.39174,162.42235,162.36792,162.39318
2026-07-16 18:30:00+00:00,162.39477,162.41689,162.39024,162.39803
2026-07-16 18:45:00+00:00,162.39812,162.41376,162.3898,162.39098
2026-07-16 19:00:00+00:00,162.39179,162.41799,162.38129,162.40662
2026-07-16 19:15:00+00:00,162.40745,162.43963,162.40081,162.43659
2026-07-16 19:30:00+00:00,162.43333,162.43333,162.40693,162.41966
2026-07-16 19:45:00+00:00,162.41619,162.4217,162.39067,162.40251
2026-07-16 20:00:00+00:00,162.39776,162.40747,162.38541,162.39505
2026-07-16 20:15:00+00:00,162.38861,162.40454,162.38443,162.40261
2026-07-16 20:30:00+00:00,162.39715,162.39715,162.36709,162.37159
2026-07-16 20:45:00+00:00,162.36995,162.38628,162.36691,162.37882
2026-07-16 21:00:00+00:00,162.37441,162.45283,162.36965,162.38352
2026-07-16 21:15:00+00:00,162.38984,162.40083,162.38009,162.39095
2026-07-16 21:30:00+00:00,162.38765,162.41191,162.37864,162.41
2026-07-16 21:45:00+00:00,162.40552,162.40557,162.38,162.39343
2026-07-16 22:00:00+00:00,162.38817,162.40474,162.31654,162.32763
2026-07-16 22:15:00+00:00,162.33195,162.36761,162.33195,162.36244
2026-07-16 22:30:00+00:00,162.35916,162.36977,162.35526,162.36638
2026-07-16 22:45:00+00:00,162.362,162.38066,162.362,162.37314
2026-07-16 23:00:00+00:00,162.37388,162.38094,162.35124,162.36792
2026-07-16 23:15:00+00:00,162.36846,162.36846,162.34728,162.35218
2026-07-16 23:30:00+00:00,162.34971,162.34971,162.32602,162.33944
2026-07-16 23:45:00+00:00,162.3357,162.39444,162.33249,162.39222
2026-07-17 00:00:00+00:00,162.38855,162.42629,162.38307,162.40941
2026-07-17 00:15:00+00:00,162.41,162.43146,162.37915,162.39954
2026-07-17 00:30:00+00:00,162.39945,162.4196,162.36948,162.3904
2026-07-17 00:45:00+00:00,162.40023,162.4602,162.36174,162.42566
2026-07-17 01:00:00+00:00,162.42587,162.46756,162.41528,162.45825
2026-07-17 01:15:00+00:00,162.45778,162.45778,162.42513,162.44686
2026-07-17 01:30:00+00:00,162.44101,162.46587,162.43312,162.4498
2026-07-17 01:45:00+00:00,162.45235,162.47638,162.44111,162.47264
2026-07-17 02:00:00+00:00,162.47177,162.47214,162.4274,162.44815
2026-07-17 02:15:00+00:00,162.44607,162.44753,162.416,162.43469
2026-07-17 02:30:00+00:00,162.43018,162.44329,162.40907,162.42203
2026-07-17 02:45:00+00:00,162.41833,162.42517,162.34089,162.37068
2026-07-17 03:00:00+00:00,162.3633,162.38936,162.3633,162.38294
2026-07-17 03:15:00+00:00,162.37863,162.39358,162.36699,162.39155
2026-07-17 03:30:00+00:00,162.38737,162.40294,162.38112,162.40133
2026-07-17 03:45:00+00:00,162.39743,162.41666,162.39699,162.4036
2026-07-17 04:00:00+00:00,162.4015,162.41842,162.3742,162.41073
2026-07-17 04:15:00+00:00,162.41189,162.4356,162.40672,162.42709
2026-07-17 04:30:00+00:00,162.42779,162.43271,162.41894,162.42097
2026-07-17 04:45:00+00:00,162.42178,162.42747,162.40418,162.41935
2026-07-17 05:00:00+00:00,162.41617,162.44383,162.41617,162.44018
2026-07-17 05:15:00+00:00,162.43476,162.44864,162.42718,162.4285
2026-07-17 05:30:00+00:00,162.42863,162.42863,162.37261,162.38594
2026-07-17 05:45:00+00:00,162.38067,162.41644,162.3778,162.41233
2026-07-17 06:00:00+00:00,162.40906,162.42752,162.39127,162.41996
2026-07-17 06:15:00+00:00,162.41918,162.42519,162.3439,162.3538
2026-07-17 06:30:00+00:00,162.35554,162.40224,162.34385,162.39135
2026-07-17 06:45:00+00:00,162.39223,162.39223,162.16633,162.26019
2026-07-17 07:00:00+00:00,162.24393,162.28506,162.19179,162.20592
2026-07-17 07:15:00+00:00,162.21365,162.24252,162.16898,162.24072
2026-07-17 07:30:00+00:00,162.23802,162.25996,162.21256,162.25934
2026-07-17 07:45:00+00:00,162.25696,162.28294,162.23183,162.28013
2026-07-17 08:00:00+00:00,162.2685,162.37142,162.2685,162.36549
2026-07-17 08:15:00+00:00,162.35319,162.42377,162.34063,162.42223
2026-07-17 08:30:00+00:00,162.41951,162.41951,162.35397,162.37452
2026-07-17 08:45:00+00:00,162.36793,162.4059,162.36793,162.37584
2026-07-17 09:00:00+00:00,162.37939,162.44936,162.36124,162.44751
2026-07-17 09:15:00+00:00,162.4432,162.4527,162.42794,162.42957
2026-07-17 09:30:00+00:00,162.43076,162.45399,162.42739,162.43314
2026-07-17 09:45:00+00:00,162.43397,162.43397,162.3683,162.37397
2026-07-17 10:00:00+00:00,162.38322,162.38822,162.36354,162.38282
2026-07-17 10:15:00+00:00,162.38012,162.42565,162.37348,162.41858
2026-07-17 10:30:00+00:00,162.41954,162.42615,162.39516,162.40347
2026-07-17 10:45:00+00:00,162.3996,162.41532,162.36418,162.36726
2026-07-17 11:00:00+00:00,162.37035,162.37388,162.31497,162.3673
2026-07-17 11:15:00+00:00,162.36303,162.37031,162.33437,162.33542
2026-07-17 11:30:00+00:00,162.33738,162.35078,162.31736,162.32852
2026-07-17 11:45:00+00:00,162.32578,162.36778,162.31343,162.3644
2026-07-17 12:00:00+00:00,162.35445,162.37189,162.34306,162.36783
2026-07-17 12:15:00+00:00,162.36372,162.37455,162.32449,162.33014
2026-07-17 12:30:00+00:00,162.33894,162.39823,162.31297,162.39446
2026-07-17 12:45:00+00:00,162.38895,162.42082,162.38895,162.41575
2026-07-17 13:00:00+00:00,162.41212,162.43856,162.40614,162.41317
2026-07-17 13:15:00+00:00,162.4089,162.4497,162.4089,162.41818
2026-07-17 13:30:00+00:00,162.42184,162.44079,162.34828,162.35461
2026-07-17 13:45:00+00:00,162.35696,162.40501,162.35189,162.35464
2026-07-17 14:00:00+00:00,162.35849,162.38527,162.33446,162.35281
2026-07-17 14:15:00+00:00,162.34821,162.40409,162.34821,162.40102
2026-07-17 14:30:00+00:00,162.3985,162.40279,162.37399,162.37663
2026-07-17 14:45:00+00:00,162.37877,162.4155,162.36811,162.41335
2026-07-17 15:00:00+00:00,162.40868,162.41563,162.36497,162.39067
2026-07-17 15:15:00+00:00,162.3832,162.39623,162.35514,162.36559
2026-07-17 15:30:00+00:00,162.36009,162.42466,162.36009,162.419
2026-07-17 15:45:00+00:00,162.41975,162.44613,162.41232,162.44295
2026-07-17 16:00:00+00:00,162.43938,162.49841,162.43533,162.47455
2026-07-17 16:15:00+00:00,162.47078,162.49846,162.47007,162.47514
2026-07-17 16:30:00+00:00,162.48043,162.50455,162.4692,162.49523
2026-07-17 16:45:00+00:00,162.49034,162.52465,162.46754,162.46876
2026-07-17 17:00:00+00:00,162.47131,162.49578,162.41565,162.459
2026-07-17 17:15:00+00:00,162.45201,162.48146,162.45201,162.46082
2026-07-17 17:30:00+00:00,162.45785,162.47523,162.44667,162.46475
2026-07-17 17:45:00+00:00,162.46569,162.48089,162.45406,162.45875
2026-07-17 18:00:00+00:00,162.45882,162.46456,162.42138,162.44945
2026-07-17 18:15:00+00:00,162.44322,162.45988,162.43374,162.44259
2026-07-17 18:30:00+00:00,162.43975,162.45007,162.4343,162.44751
2026-07-17 18:45:00+00:00,162.44385,162.45428,162.43366,162.43641
2026-07-17 19:00:00+00:00,162.4396,162.45546,162.41848,162.45196
2026-07-17 19:15:00+00:00,162.44956,162.47333,162.44878,162.4713
2026-07-17 19:30:00+00:00,162.46736,162.47808,162.44956,162.45899
2026-07-17 19:45:00+00:00,162.45969,162.4745,162.38413,162.38749
2026-07-17 20:00:00+00:00,162.3941,162.41497,162.37305,162.40428
2026-07-17 20:15:00+00:00,162.40045,162.45345,162.40045,162.4525
2026-07-17 20:30:00+00:00,162.4484,162.4484,162.4219,162.42961
2026-07-17 20:45:00+00:00,162.42812,162.42813,162.39592,162.41068
2026-07-17 21:00:00+00:00,162.411,162.46649,162.36334,162.43971
2026-07-17 21:15:00+00:00,162.43775,162.45745,162.39208,162.44655
2026-07-17 21:30:00+00:00,162.4432,162.4524,162.43695,162.44213
2026-07-17 21:45:00+00:00,162.43996,162.45271,162.43652,162.44083
2026-07-17 22:00:00+00:00,162.44233,162.45348,162.40271,162.43957
2026-07-17 22:15:00+00:00,162.43775,162.44537,162.42687,162.43037
2026-07-17 22:30:00+00:00,162.43467,162.4453,162.40653,162.44181
2026-07-17 22:45:00+00:00,162.43875,162.44314,162.43107,162.43176
2026-07-17 23:00:00+00:00,162.43433,162.44635,162.40141,162.43981
2026-07-17 23:15:00+00:00,162.43763,162.44546,162.42238,162.43331
2026-07-17 23:30:00+00:00,162.43305,162.44551,162.42864,162.44237
2026-07-17 23:45:00+00:00,162.43892,162.45042,162.42966,162.43507
2026-07-18 00:00:00+00:00,162.436,162.44166,162.39046,162.40796
2026-07-18 00:15:00+00:00,162.4089,162.42347,162.40143,162.41205
2026-07-18 00:30:00+00:00,162.40985,162.45806,162.38735,162.41374
2026-07-18 00:45:00+00:00,162.41817,162.41943,162.40687,162.41074
2026-07-18 01:00:00+00:00,162.40903,162.41629,162.3789,162.40784
2026-07-18 01:15:00+00:00,162.409,162.42194,162.40303,162.41161
2026-07-18 01:30:00+00:00,162.409,162.42706,162.40328,162.41593
2026-07-18 01:45:00+00:00,162.41267,162.41715,162.40657,162.41015
2026-07-18 02:00:00+00:00,162.409,162.41632,162.37908,162.40781
2026-07-18 02:15:00+00:00,162.40899,162.41609,162.40539,162.41179
2026-07-18 02:30:00+00:00,162.40848,162.41807,162.40662,162.41118
2026-07-18 02:45:00+00:00,162.40737,162.42555,162.39851,162.40985
2026-07-18 03:00:00+00:00,162.4101,162.41388,162.37229,162.4066
2026-07-18 03:15:00+00:00,162.40766,162.42498,162.40524,162.41254
2026-07-18 03:30:00+00:00,162.40885,162.41487,162.40523,162.41145
2026-07-18 03:45:00+00:00,162.40813,162.42252,162.40507,162.40972
2026-07-18 04:00:00+00:00,162.40733,162.4214,162.38084,162.41132
2026-07-18 04:15:00+00:00,162.41175,162.41603,162.40607,162.40821
2026-07-18 04:30:00+00:00,162.40836,162.42236,162.39906,162.41256
2026-07-18 04:45:00+00:00,162.40965,162.41581,162.40497,162.4102
2026-07-18 05:00:00+00:00,162.40729,162.45545,162.40201,162.41528
2026-07-18 05:15:00+00:00,162.41572,162.42139,162.4073,162.40945
2026-07-18 05:30:00+00:00,162.4108,162.41488,162.40304,162.41062
2026-07-18 05:45:00+00:00,162.40801,162.41906,162.403,162.41251
2026-07-18 06:00:00+00:00,162.40922,162.41617,162.38066,162.41114
2026-07-18 06:15:00+00:00,162.409,162.41872,162.40348,162.40797
2026-07-18 06:30:00+00:00,162.40899,162.42795,162.40129,162.41617
2026-07-18 06:45:00+00:00,162.41742,162.41742,162.40658,162.41258
2026-07-18 07:00:00+00:00,162.40901,162.41945,162.38412,162.41056
2026-07-18 07:15:00+00:00,162.40908,162.41623,162.40661,162.40778
2026-07-18 07:30:00+00:00,162.40897,162.41693,162.40661,162.41181
2026-07-18 07:45:00+00:00,162.40901,162.41807,162.40658,162.41528
2026-07-18 08:00:00+00:00,162.41181,162.41715,162.40657,162.41036
2026-07-18 08:15:00+00:00,162.40901,162.42769,162.39761,162.40802
2026-07-18 08:30:00+00:00,162.4092,162.41626,162.40662,162.41237
2026-07-18 08:45:00+00:00,162.409,162.41949,162.40625,162.41259
2026-07-18 09:00:00+00:00,162.40902,162.41852,162.40429,162.41415
2026-07-18 09:15:00+00:00,162.41231,162.41687,162.40655,162.40798
2026-07-18 09:30:00+00:00,162.40902,162.41741,162.4067,162.4128
2026-07-18 09:45:00+00:00,162.40909,162.41488,162.40327,162.41231
2026-07-18 10:00:00+00:00,162.40898,162.42828,162.39587,162.41149
2026-07-18 10:15:00+00:00,162.40891,162.41806,162.40688,162.41019
2026-07-18 10:30:00+00:00,162.41136,162.41649,162.40675,162.40874
2026-07-18 10:45:00+00:00,162.40912,162.41933,162.40785,162.41204
2026-07-18 11:00:00+00:00,162.4091,162.41628,162.40662,162.41205
2026-07-18 11:15:00+00:00,162.409,162.41866,162.40672,162.40895
2026-07-18 11:30:00+00:00,162.4092,162.45795,162.40263,162.45225
2026-07-18 11:45:00+00:00,162.44046,162.44046,162.40694,162.41147
2026-07-18 12:00:00+00:00,162.40904,162.41815,162.4066,162.41305
2026-07-18 12:15:00+00:00,162.40969,162.41629,162.40668,162.41093
2026-07-18 12:30:00+00:00,162.409,162.42217,162.40259,162.40782
2026-07-18 12:45:00+00:00,162.40892,162.41798,162.40657,162.41759
2026-07-18 13:00:00+00:00,162.41513,162.41671,162.4066,162.41262
2026-07-18 13:15:00+00:00,162.40901,162.43455,162.40562,162.41086
2026-07-18 13:30:00+00:00,162.41082,162.41641,162.40687,162.40779
2026-07-18 13:45:00+00:00,162.40901,162.42015,162.40534,162.41213
2026-07-18 14:00:00+00:00,162.40917,162.41613,162.40658,162.41265
2026-07-18 14:15:00+00:00,162.409,162.41629,162.4066,162.41057
2026-07-18 14:30:00+00:00,162.409,162.41797,162.40661,162.40884
2026-07-18 14:45:00+00:00,162.40994,162.41655,162.40657,162.41253
2026-07-18 15:00:00+00:00,162.409,162.43011,162.40666,162.41291
2026-07-18 15:15:00+00:00,162.40942,162.42163,162.40333,162.41759
2026-07-18 15:30:00+00:00,162.41502,162.4172,162.40701,162.40807
2026-07-18 15:45:00+00:00,162.40902,162.4195,162.40623,162.40952
2026-07-18 16:00:00+00:00,162.40962,162.4141,162.39207,162.41202
2026-07-18 16:15:00+00:00,162.40879,162.41919,162.40329,162.40492
2026-07-18 16:30:00+00:00,162.40505,162.43013,162.40505,162.42747
2026-07-18 16:45:00+00:00,162.42236,162.42236,162.40663,162.40848
2026-07-18 17:00:00+00:00,162.40902,162.41876,162.39177,162.40528
2026-07-18 17:15:00+00:00,162.40564,162.4163,162.40564,162.41218
2026-07-18 17:30:00+00:00,162.409,162.4181,162.40758,162.40902
2026-07-18 17:45:00+00:00,162.4091,162.42224,162.4025,162.40446
2026-07-18 18:00:00+00:00,162.41005,162.41799,162.39422,162.4112
2026-07-18 18:15:00+00:00,162.40895,162.43002,162.40666,162.41486
2026-07-18 18:30:00+00:00,162.41153,162.41695,162.40682,162.41074
2026-07-18 18:45:00+00:00,162.40901,162.42213,162.40718,162.40811
2026-07-18 19:00:00+00:00,162.40925,162.41752,162.39261,162.41468
2026-07-18 19:15:00+00:00,162.40753,162.41766,162.40677,162.41274
2026-07-18 19:30:00+00:00,162.4091,162.42359,162.40117,162.41318
2026-07-18 19:45:00+00:00,162.41204,162.41755,162.40761,162.40784
2026-07-18 20:00:00+00:00,162.40905,162.43419,162.39171,162.41266
2026-07-18 20:15:00+00:00,162.40963,162.41633,162.4067,162.41386
2026-07-18 20:30:00+00:00,162.40755,162.42099,162.40423,162.4055
2026-07-18 20:45:00+00:00,162.40607,162.44628,162.40207,162.42568
2026-07-18 21:00:00+00:00,162.4268,162.43358,162.39561,162.41202
2026-07-18 21:15:00+00:00,162.40816,162.42325,162.4021,162.4194
2026-07-18 21:30:00+00:00,162.41596,162.42471,162.40667,162.42004
2026-07-18 21:45:00+00:00,162.40749,162.43404,162.40552,162.41364
2026-07-18 22:00:00+00:00,162.41459,162.41916,162.39229,162.40973
2026-07-18 22:15:00+00:00,162.40993,162.41613,162.40658,162.41209
2026-07-18 22:30:00+00:00,162.409,162.41789,162.4067,162.41207
2026-07-18 22:45:00+00:00,162.40918,162.41625,162.40662,162.40857
2026-07-18 23:00:00+00:00,162.409,162.42738,162.39463,162.40825
2026-07-18 23:15:00+00:00,162.40893,162.43364,162.39414,162.41602
2026-07-18 23:30:00+00:00,162.41358,162.41677,162.4067,162.41231
2026-07-18 23:45:00+00:00,162.40901,162.41989,162.40569,162.40918
2026-07-19 00:00:00+00:00,162.40916,162.41631,162.40669,162.408
2026-07-19 00:15:00+00:00,162.40902,162.41893,162.40668,162.4112
2026-07-19 00:30:00+00:00,162.40902,162.41811,162.40678,162.41414
2026-07-19 00:45:00+00:00,162.41069,162.41676,162.40671,162.41053
2026-07-19 01:00:00+00:00,162.409,162.43352,162.39089,162.40896
2026-07-19 01:15:00+00:00,162.41015,162.4163,162.4067,162.4118
2026-07-19 01:30:00+00:00,162.40901,162.41863,162.4061,162.41198
2026-07-19 01:45:00+00:00,162.40833,162.42079,162.40639,162.41195
2026-07-19 02:00:00+00:00,162.41199,162.41821,162.4083,162.4083
2026-07-19 02:15:00+00:00,162.4095,162.42119,162.4071,162.41636
2026-07-19 02:30:00+00:00,162.41302,162.41733,162.40734,162.41262
2026-07-19 02:45:00+00:00,162.40905,162.43402,162.39118,162.41103
2026-07-19 03:00:00+00:00,162.40905,162.41802,162.40657,162.40953
2026-07-19 03:15:00+00:00,162.41047,162.41671,162.4066,162.41282
2026-07-19 03:30:00+00:00,162.409,162.4201,162.40781,162.41251
2026-07-19 03:45:00+00:00,162.40918,162.41631,162.40657,162.41156
2026-07-19 04:00:00+00:00,162.409,162.41708,162.40709,162.4083
2026-07-19 04:15:00+00:00,162.40903,162.4341,162.40565,162.4116
2026-07-19 04:30:00+00:00,162.4134,162.41627,162.40668,162.41196
2026-07-19 04:45:00+00:00,162.40901,162.41976,162.40587,162.41269
2026-07-19 05:00:00+00:00,162.40968,162.41618,162.40658,162.40873
2026-07-19 05:15:00+00:00,162.409,162.42147,162.40355,162.40827
2026-07-19 05:30:00+00:00,162.40907,162.41718,162.4067,162.41391
2026-07-19 05:45:00+00:00,162.41155,162.41639,162.40662,162.41241
2026-07-19 06:00:00+00:00,162.40901,162.43341,162.40605,162.4097
2026-07-19 06:15:00+00:00,162.40972,162.41631,162.40662,162.40791
2026-07-19 06:30:00+00:00,162.409,162.42137,162.40368,162.41141
2026-07-19 06:45:00+00:00,162.40903,162.4199,162.40568,162.41507
2026-07-19 07:00:00+00:00,162.41164,162.41723,162.40663,162.41033
2026-07-19 07:15:00+00:00,162.409,162.41892,162.40667,162.40805
2026-07-19 07:30:00+00:00,162.40925,162.41631,162.40668,162.41199
2026-07-19 07:45:00+00:00,162.409,162.4341,162.40632,162.41172
2026-07-19 08:00:00+00:00,162.408,162.42221,162.40244,162.41654
2026-07-19 08:15:00+00:00,162.41506,162.41737,162.40763,162.40824
2026-07-19 08:30:00+00:00,162.40941,162.4202,162.40708,162.4156
2026-07-19 08:45:00+00:00,162.41209,162.41757,162.40763,162.41304
2026-07-19 09:00:00+00:00,162.40952,162.4213,162.40812,162.41617
2026-07-19 09:15:00+00:00,162.41414,162.42397,162.40971,162.41707
2026-07-19 09:30:00+00:00,162.41804,162.42529,162.41244,162.41477
2026-07-19 09:45:00+00:00,162.41478,162.42798,162.41307,162.42427
2026-07-19 10:00:00+00:00,162.42103,162.42833,162.41859,162.42373
2026-07-19 10:15:00+00:00,162.42103,162.42833,162.41874,162.42042
2026-07-19 10:30:00+00:00,162.42103,162.42828,162.41862,162.42052
2026-07-19 10:45:00+00:00,162.42103,162.4283,162.41453,162.41627
2026-07-19 11:00:00+00:00,162.4167,162.42401,162.41427,162.41986
2026-07-19 11:15:00+00:00,162.4167,162.4238,162.41426,162.41658
2026-07-19 11:30:00+00:00,162.4167,162.4758,162.40935,162.45534
2026-07-19 11:45:00+00:00,162.45619,162.46347,162.45385,162.45855
2026-07-19 12:00:00+00:00,162.45619,162.46344,162.45378,162.45964
2026-07-19 12:15:00+00:00,162.45619,162.46349,162.4539,162.45805
2026-07-19 12:30:00+00:00,162.45619,162.4635,162.45376,162.45507
2026-07-19 12:45:00+00:00,162.45619,162.46266,162.41134,162.41223
2026-07-19 13:00:00+00:00,162.41228,162.41679,162.40716,162.41318
2026-07-19 13:15:00+00:00,162.40954,162.4727,162.40474,162.4534
2026-07-19 13:30:00+00:00,162.45217,162.45947,162.44989,162.45096
2026-07-19 13:45:00+00:00,162.45217,162.45948,162.44974,162.45525
2026-07-19 14:00:00+00:00,162.45217,162.45914,162.36274,162.39638
2026-07-19 14:15:00+00:00,162.39276,162.40005,162.39037,162.39456
2026-07-19 14:30:00+00:00,162.39276,162.3999,162.39033,162.39166
2026-07-19 14:45:00+00:00,162.39276,162.44607,162.39055,162.44436
2026-07-19 15:00:00+00:00,162.44074,162.48652,162.4309,162.45482
2026-07-19 15:15:00+00:00,162.45798,162.46526,162.44193,162.44454
2026-07-19 15:30:00+00:00,162.4471,162.45436,162.44473,162.4462
2026-07-19 15:45:00+00:00,162.4471,162.4544,162.44469,162.44697
2026-07-19 16:00:00+00:00,162.4471,162.44897,162.40768,162.41218
2026-07-19 16:15:00+00:00,162.40908,162.41631,162.4066,162.41189
2026-07-19 16:30:00+00:00,162.409,162.45723,162.40662,162.42708
2026-07-19 16:45:00+00:00,162.43008,162.43008,162.40661,162.40836
2026-07-19 17:00:00+00:00,162.40903,162.41565,162.3874,162.41156
2026-07-19 17:15:00+00:00,162.40893,162.41611,162.40614,162.41141
2026-07-19 17:30:00+00:00,162.40806,162.4162,162.40658,162.40786
2026-07-19 17:45:00+00:00,162.40815,162.4161,162.40578,162.40711
2026-07-19 18:00:00+00:00,162.40817,162.41596,162.39298,162.41061
2026-07-19 18:15:00+00:00,162.40825,162.50263,162.3976,162.41218
2026-07-19 18:30:00+00:00,162.40897,162.74514,162.38204,162.41077
2026-07-19 18:45:00+00:00,162.40929,162.44066,162.3543,162.38461
2026-07-19 19:00:00+00:00,162.39405,162.4716,162.34403,162.40753
2026-07-19 19:15:00+00:00,162.41448,162.48877,162.37692,162.4124
2026-07-19 19:30:00+00:00,162.41548,162.52803,162.40759,162.47834
2026-07-19 19:45:00+00:00,162.45788,162.54575,162.44641,162.47017
2026-07-19 20:00:00+00:00,162.47302,162.48359,162.4131,162.42894
2026-07-19 20:15:00+00:00,162.42797,162.4758,162.42152,162.47361
2026-07-19 20:30:00+00:00,162.469,162.48464,162.37717,162.41344
2026-07-19 20:45:00+00:00,162.40454,162.49487,162.33032,162.44271
2026-07-19 21:00:00+00:00,162.43392,162.47755,162.40884,162.45328
2026-07-19 21:15:00+00:00,162.45176,162.46294,162.41458,162.42832
2026-07-19 21:30:00+00:00,162.42883,162.46838,162.36635,162.4148
2026-07-19 21:45:00+00:00,162.38999,162.4423,162.38999,162.41671
2026-07-19 22:00:00+00:00,162.42522,162.61312,162.34264,162.52239
2026-07-19 22:15:00+00:00,162.5153,162.53644,162.45747,162.53537
2026-07-19 22:30:00+00:00,162.53244,162.53244,162.50224,162.5079
2026-07-19 22:45:00+00:00,162.50732,162.52787,162.5063,162.50812
2026-07-19 23:00:00+00:00,162.51023,162.54318,162.49047,162.53918
2026-07-19 23:15:00+00:00,162.53294,162.54405,162.50583,162.53968
2026-07-19 23:30:00+00:00,162.53718,162.5469,162.52116,162.52452
2026-07-19 23:45:00+00:00,162.52817,162.54722,162.5154,162.54013
2026-07-20 00:00:00+00:00,162.5393,162.5393,162.50197,162.50281
2026-07-20 00:15:00+00:00,162.50369,162.5075,162.45953,162.46146
2026-07-20 00:30:00+00:00,162.46257,162.47247,162.40527,162.42609
2026-07-20 00:45:00+00:00,162.42153,162.43254,162.33561,162.34707
2026-07-20 01:00:00+00:00,162.34291,162.35643,162.31768,162.35312
2026-07-20 01:15:00+00:00,162.34841,162.41333,162.34662,162.40224
2026-07-20 01:30:00+00:00,162.3971,162.3971,162.34903,162.36796
2026-07-20 01:45:00+00:00,162.37992,162.39095,162.34762,162.36049
2026-07-20 02:00:00+00:00,162.36251,162.3731,162.34428,162.35583
2026-07-20 02:15:00+00:00,162.35325,162.35998,162.3446,162.34785
2026-07-20 02:30:00+00:00,162.34755,162.36561,162.33962,162.35585
2026-07-20 02:45:00+00:00,162.34919,162.37576,162.3481,162.37069
2026-07-20 03:00:00+00:00,162.36829,162.37781,162.35625,162.36959
2026-07-20 03:15:00+00:00,162.36281,162.38289,162.36281,162.37946
2026-07-20 03:30:00+00:00,162.37466,162.37904,162.35747,162.36886
2026-07-20 03:45:00+00:00,162.36637,162.37721,162.35601,162.37284
2026-07-20 04:00:00+00:00,162.36975,162.3905,162.36665,162.3812
2026-07-20 04:15:00+00:00,162.37815,162.38543,162.35983,162.37244
2026-07-20 04:30:00+00:00,162.36646,162.37374,162.34752,162.35992
2026-07-20 04:45:00+00:00,162.35705,162.36315,162.33668,162.34521
2026-07-20 05:00:00+00:00,162.3422,162.35241,162.32814,162.35132
2026-07-20 05:15:00+00:00,162.34924,162.37168,162.34477,162.36362
2026-07-20 05:30:00+00:00,162.36399,162.36495,162.33527,162.33735
2026-07-20 05:45:00+00:00,162.33847,162.38317,162.33847,162.37956
2026-07-20 06:00:00+00:00,162.37595,162.41328,162.36468,162.41156
2026-07-20 06:15:00+00:00,162.40783,162.40948,162.37705,162.39712
2026-07-20 06:30:00+00:00,162.39758,162.39846,162.37168,162.38183
2026-07-20 06:45:00+00:00,162.3776,162.42091,162.36706,162.41786
2026-07-20 07:00:00+00:00,162.41412,162.4493,162.39608,162.43763
2026-07-20 07:15:00+00:00,162.43874,162.45606,162.40966,162.4197
2026-07-20 07:30:00+00:00,162.41702,162.43748,162.32552,162.32791
2026-07-20 07:45:00+00:00,162.33138,162.37722,162.32411,162.37505
2026-07-20 08:00:00+00:00,162.37187,162.38499,162.36031,162.36294
2026-07-20 08:15:00+00:00,162.36624,162.38357,162.34211,162.37542
2026-07-20 08:30:00+00:00,162.37664,162.38084,162.35004,162.3567
2026-07-20 08:45:00+00:00,162.35821,162.3766,162.35111,162.37301
2026-07-20 09:00:00+00:00,162.36981,162.40854,162.36145,162.38583
2026-07-20 09:15:00+00:00,162.38609,162.40441,162.37793,162.40344
2026-07-20 09:30:00+00:00,162.40189,162.4252,162.39676,162.41636
2026-07-20 09:45:00+00:00,162.41667,162.43802,162.41536,162.43195
2026-07-20 10:00:00+00:00,162.42897,162.4344,162.39644,162.39833
2026-07-20 10:15:00+00:00,162.39831,162.4132,162.39406,162.40055
2026-07-20 10:30:00+00:00,162.40088,162.41291,162.39132,162.40852
2026-07-20 10:45:00+00:00,162.40179,162.41097,162.39242,162.40444
2026-07-20 11:00:00+00:00,162.40033,162.43438,162.39622,162.43274
2026-07-20 11:15:00+00:00,162.42818,162.42818,162.40584,162.40922
2026-07-20 11:30:00+00:00,162.40927,162.42087,162.26786,162.33072
2026-07-20 11:45:00+00:00,162.32416,162.35875,162.31572,162.35405
2026-07-20 12:00:00+00:00,162.3508,162.4056,162.3508,162.40213
2026-07-20 12:15:00+00:00,162.39848,162.43098,162.397,162.41099
2026-07-20 12:30:00+00:00,162.41275,162.42103,162.3909,162.41646
2026-07-20 12:45:00+00:00,162.41006,162.41969,162.39544,162.41171
2026-07-20 13:00:00+00:00,162.40861,162.42891,162.40171,162.42374
2026-07-20 13:15:00+00:00,162.4203,162.42787,162.40835,162.41457
2026-07-20 13:30:00+00:00,162.41513,162.42763,162.3941,162.41851
2026-07-20 13:45:00+00:00,162.41106,162.47015,162.39857,162.46346
2026-07-20 14:00:00+00:00,162.45047,162.55519,162.45047,162.53902
2026-07-20 14:15:00+00:00,162.54197,162.55426,162.52276,162.54635
2026-07-20 14:30:00+00:00,162.54301,162.59445,162.54301,162.58956
2026-07-20 14:45:00+00:00,162.58284,162.60294,162.51671,162.52295
2026-07-20 15:00:00+00:00,162.53398,162.57713,162.53193,162.57339
2026-07-20 15:15:00+00:00,162.57022,162.58073,162.54483,162.56049
2026-07-20 15:30:00+00:00,162.55816,162.58187,162.55575,162.57088
2026-07-20 15:45:00+00:00,162.57278,162.57795,162.5535,162.571
2026-07-20 16:00:00+00:00,162.56647,162.58618,162.53516,162.53999
2026-07-20 16:15:00+00:00,162.53676,162.55839,162.53531,162.54976
2026-07-20 16:30:00+00:00,162.55068,162.559,162.53238,162.54898
2026-07-20 16:45:00+00:00,162.54893,162.55604,162.53678,162.53814
2026-07-20 17:00:00+00:00,162.53824,162.54942,162.48346,162.50075
2026-07-20 17:15:00+00:00,162.4926,162.50629,162.4669,162.47276
2026-07-20 17:30:00+00:00,162.46717,162.49666,162.46717,162.47639
2026-07-20 17:45:00+00:00,162.47831,162.4845,162.46232,162.46344
2026-07-20 18:00:00+00:00,162.46604,162.47115,162.44445,162.44952
2026-07-20 18:15:00+00:00,162.44691,162.47632,162.41767,162.47288
2026-07-20 18:30:00+00:00,162.46944,162.49631,162.46768,162.49268
2026-07-20 18:45:00+00:00,162.49047,162.53203,162.48989,162.52012
2026-07-20 19:00:00+00:00,162.52031,162.52793,162.49162,162.5096
2026-07-20 19:15:00+00:00,162.50822,162.51075,162.47919,162.50676
2026-07-20 19:30:00+00:00,162.49854,162.49854,162.4648,162.49591
2026-07-20 19:45:00+00:00,162.49042,162.517,162.47623,162.5112
2026-07-20 20:00:00+00:00,162.50333,162.52159,162.49112,162.51133
2026-07-20 20:15:00+00:00,162.50776,162.53641,162.50723,162.51185
2026-07-20 20:30:00+00:00,162.50739,162.52464,162.5038,162.52092
2026-07-20 20:45:00+00:00,162.51721,162.53534,162.50172,162.50821
2026-07-20 21:00:00+00:00,162.50647,162.52098,162.47333,162.50692
2026-07-20 21:15:00+00:00,162.5083,162.5318,162.49903,162.53106
2026-07-20 21:30:00+00:00,162.52755,162.53218,162.50474,162.51187
2026-07-20 21:45:00+00:00,162.50924,162.5151,162.4951,162.49946
2026-07-20 22:00:00+00:00,162.5013,162.51334,162.49676,162.5034
2026-07-20 22:15:00+00:00,162.50354,162.50969,162.48511,162.49805
2026-07-20 22:30:00+00:00,162.49495,162.52219,162.49195,162.51968
2026-07-20 22:45:00+00:00,162.51576,162.51576,162.49034,162.50535
2026-07-20 23:00:00+00:00,162.50044,162.51615,162.49187,162.49362
2026-07-20 23:15:00+00:00,162.49855,162.51577,162.49402,162.50676
2026-07-20 23:30:00+00:00,162.50341,162.51538,162.49728,162.50846
2026-07-20 23:45:00+00:00,162.50492,162.51121,162.48795,162.48873
2026-07-21 00:00:00+00:00,162.49007,162.49759,162.45251,162.47185
2026-07-21 00:15:00+00:00,162.48098,162.51382,162.48098,162.50942
2026-07-21 00:30:00+00:00,162.5068,162.53676,162.50585,162.51945
2026-07-21 00:45:00+00:00,162.51539,162.54244,162.50746,162.52762
2026-07-21 01:00:00+00:00,162.52316,162.53397,162.50518,162.51477
2026-07-21 01:15:00+00:00,162.51537,162.52324,162.47627,162.48721
2026-07-21 01:30:00+00:00,162.50624,162.52603,162.45613,162.50348
2026-07-21 01:45:00+00:00,162.49928,162.52636,162.49721,162.51938
2026-07-21 02:00:00+00:00,162.51797,162.52671,162.50372,162.50807
2026-07-21 02:15:00+00:00,162.50914,162.52333,162.49828,162.50572
2026-07-21 02:30:00+00:00,162.50329,162.50812,162.49303,162.4986
2026-07-21 02:45:00+00:00,162.49464,162.50724,162.48866,162.49148
2026-07-21 03:00:00+00:00,162.49496,162.52168,162.48642,162.50424
2026-07-21 03:15:00+00:00,162.50855,162.51682,162.49639,162.50352
2026-07-21 03:30:00+00:00,162.50031,162.50689,162.48295,162.49052
2026-07-21 03:45:00+00:00,162.48792,162.49266,162.46007,162.48826
2026-07-21 04:00:00+00:00,162.48528,162.49906,162.47695,162.4886
2026-07-21 04:15:00+00:00,162.48499,162.49218,162.47405,162.48432
2026-07-21 04:30:00+00:00,162.48255,162.50501,162.47604,162.49055
2026-07-21 04:45:00+00:00,162.49164,162.50291,162.48642,162.49862
2026-07-21 05:00:00+00:00,162.49566,162.52212,162.48818,162.51887
2026-07-21 05:15:00+00:00,162.51361,162.5279,162.51361,162.51634
2026-07-21 05:30:00+00:00,162.51806,162.52248,162.4744,162.47701
2026-07-21 05:45:00+00:00,162.47979,162.52546,162.4765,162.52172
2026-07-21 06:00:00+00:00,162.51846,162.5301,162.49553,162.52722
2026-07-21 06:15:00+00:00,162.52191,162.53605,162.51664,162.52666
2026-07-21 06:30:00+00:00,162.52797,162.55698,162.51853,162.5521
2026-07-21 06:45:00+00:00,162.54794,162.55555,162.52618,162.5432
2026-07-21 07:00:00+00:00,162.53845,162.56273,162.52463,162.55991
2026-07-21 07:15:00+00:00,162.55796,162.59339,162.55308,162.58025
2026-07-21 07:30:00+00:00,162.58225,162.6041,162.56319,162.59168
2026-07-21 07:45:00+00:00,162.58773,162.62177,162.57949,162.61349
2026-07-21 08:00:00+00:00,162.60683,162.65432,162.59653,162.64849
2026-07-21 08:15:00+00:00,162.64695,162.67848,162.64398,162.66805
2026-07-21 08:30:00+00:00,162.66001,162.69838,162.66001,162.67898
2026-07-21 08:45:00+00:00,162.68073,162.70547,162.68073,162.69206
2026-07-21 09:00:00+00:00,162.68868,162.70199,162.67687,162.69195
2026-07-21 09:15:00+00:00,162.68858,162.70007,162.65438,162.68157
2026-07-21 09:30:00+00:00,162.67849,162.69572,162.66601,162.66824
2026-07-21 09:45:00+00:00,162.66975,162.6888,162.6602,162.68757
2026-07-21 10:00:00+00:00,162.68449,162.69357,162.65706,162.66723
2026-07-21 10:15:00+00:00,162.6644,162.68164,162.65723,162.66331
2026-07-21 10:30:00+00:00,162.66352,162.69878,162.65165,162.68897
2026-07-21 10:45:00+00:00,162.68977,162.7048,162.67207,162.67553
2026-07-21 11:00:00+00:00,162.67998,162.74081,162.66676,162.72991
2026-07-21 11:15:00+00:00,162.72661,162.75249,162.72661,162.7465
2026-07-21 11:30:00+00:00,162.74316,162.75386,162.73597,162.74185
2026-07-21 11:45:00+00:00,162.74252,162.75618,162.73708,162.75148
2026-07-21 12:00:00+00:00,162.74958,162.75407,162.71996,162.74875
2026-07-21 12:15:00+00:00,162.74504,162.79595,162.73958,162.79445
2026-07-21 12:30:00+00:00,162.79279,162.80526,162.77019,162.78895
2026-07-21 12:45:00+00:00,162.79164,162.8032,162.73055,162.73871
2026-07-21 13:00:00+00:00,162.73688,162.76863,162.73231,162.76076
2026-07-21 13:15:00+00:00,162.75705,162.81379,162.75437,162.79643
2026-07-21 13:30:00+00:00,162.79668,162.83326,162.78422,162.82759
2026-07-21 13:45:00+00:00,162.81973,162.90111,162.81973,162.87211
2026-07-21 14:00:00+00:00,162.87233,162.92308,162.85672,162.92137
2026-07-21 14:15:00+00:00,162.9161,162.93894,162.90242,162.93355
2026-07-21 14:30:00+00:00,162.92308,162.99205,162.92262,162.96239
2026-07-21 14:45:00+00:00,162.96431,163.03682,162.96386,163.00507
2026-07-21 15:00:00+00:00,163.00965,163.03019,162.9649,162.99319
2026-07-21 15:15:00+00:00,162.98814,162.98814,162.92613,162.9595
2026-07-21 15:30:00+00:00,162.95293,163.02055,162.95293,163.01652
2026-07-21 15:45:00+00:00,163.01092,163.04183,163.01092,163.03552
2026-07-21 16:00:00+00:00,163.03366,163.03366,163.00524,163.02195
2026-07-21 16:15:00+00:00,163.01834,163.02835,162.9932,163.00798
2026-07-21 16:30:00+00:00,163.00539,163.00842,162.97189,162.97258
2026-07-21 16:45:00+00:00,162.97415,163.01517,162.95785,163.01281
2026-07-21 17:00:00+00:00,163.00837,163.02207,162.9795,163.02089
2026-07-21 17:15:00+00:00,163.01745,163.02354,162.98104,162.9846
2026-07-21 17:30:00+00:00,162.9893,163.02247,162.97942,163.01522
2026-07-21 17:45:00+00:00,163.016,163.03694,163.00332,163.03358
2026-07-21 18:00:00+00:00,163.02803,163.21375,163.01534,163.13984
2026-07-21 18:15:00+00:00,163.13198,163.19512,163.13198,163.15649
2026-07-21 18:30:00+00:00,163.15187,163.23002,163.15187,163.22325
2026-07-21 18:45:00+00:00,163.22312,163.24264,163.20357,163.20497
2026-07-21 19:00:00+00:00,163.20649,163.21954,163.17442,163.21855
2026-07-21 19:15:00+00:00,163.21314,163.22412,163.17012,163.17679
2026-07-21 19:30:00+00:00,163.1717,163.2139,163.16536,163.20313
2026-07-21 19:45:00+00:00,163.20019,163.21576,163.18593,163.21252
2026-07-21 20:00:00+00:00,163.20758,163.23191,163.20758,163.22759
2026-07-21 20:15:00+00:00,163.22298,163.24554,163.22298,163.24175
2026-07-21 20:30:00+00:00,163.23864,163.24234,163.21186,163.21282
2026-07-21 20:45:00+00:00,163.21318,163.21867,163.1942,163.20868
2026-07-21 21:00:00+00:00,163.20844,163.21665,163.13372,163.17697
2026-07-21 21:15:00+00:00,163.17926,163.19389,163.16219,163.19084
2026-07-21 21:30:00+00:00,163.18613,163.19536,163.16444,163.17329
2026-07-21 21:45:00+00:00,163.1721,163.1782,163.15887,163.17495
2026-07-21 22:00:00+00:00,163.17034,163.19828,163.16952,163.18846
2026-07-21 22:15:00+00:00,163.18139,163.19955,163.17873,163.19727
2026-07-21 22:30:00+00:00,163.1937,163.20345,163.17634,163.19912
2026-07-21 22:45:00+00:00,163.19739,163.2163,163.19223,163.21315
2026-07-21 23:00:00+00:00,163.2087,163.22752,163.17394,163.21301
2026-07-21 23:15:00+00:00,163.21173,163.22784,163.20483,163.21372
2026-07-21 23:30:00+00:00,163.21024,163.22783,163.20177,163.22341
2026-07-21 23:45:00+00:00,163.22135,163.22503,163.1993,163.20126
2026-07-22 00:00:00+00:00,163.20368,163.20968,163.12935,163.13323
2026-07-22 00:15:00+00:00,163.1385,163.1385,163.03844,163.09915
2026-07-22 00:30:00+00:00,163.0947,163.14756,163.06141,163.12216
2026-07-22 00:45:00+00:00,163.12774,163.18875,163.11379,163.15233
2026-07-22 01:00:00+00:00,163.15766,163.16203,163.11533,163.14648
2026-07-22 01:15:00+00:00,163.13961,163.18624,163.13638,163.17969
2026-07-22 01:30:00+00:00,163.17721,163.20454,163.17204,163.1853
2026-07-22 01:45:00+00:00,163.18228,163.18502,163.16229,163.16363
2026-07-22 02:00:00+00:00,163.1642,163.18439,163.14053,163.17018
2026-07-22 02:15:00+00:00,163.16601,163.17528,163.08391,163.08616
2026-07-22 02:30:00+00:00,163.08868,163.11528,163.08194,163.0938
2026-07-22 02:45:00+00:00,163.08947,163.13091,163.08621,163.12019
2026-07-22 03:00:00+00:00,163.11828,163.15928,163.11813,163.15102
2026-07-22 03:15:00+00:00,163.15219,163.16219,163.13895,163.14052
2026-07-22 03:30:00+00:00,163.14215,163.14885,163.11908,163.14247
2026-07-22 03:45:00+00:00,163.13844,163.17218,163.13844,163.16305
2026-07-22 04:00:00+00:00,163.1584,163.20221,163.15431,163.19998
2026-07-22 04:15:00+00:00,163.1967,163.20614,163.1782,163.17963
2026-07-22 04:30:00+00:00,163.18078,163.18503,163.15676,163.16284
2026-07-22 04:45:00+00:00,163.15942,163.18071,163.15445,163.17793
2026-07-22 05:00:00+00:00,163.1737,163.18292,163.15705,163.15764
2026-07-22 05:15:00+00:00,163.15959,163.18149,163.15375,163.17549
2026-07-22 05:30:00+00:00,163.17418,163.1984,163.15294,163.15632
2026-07-22 05:45:00+00:00,163.16023,163.18436,163.09262,163.09513
2026-07-22 06:00:00+00:00,163.0974,163.09768,163.05981,163.086
2026-07-22 06:15:00+00:00,163.08299,163.13003,163.06743,163.12802
2026-07-22 06:30:00+00:00,163.12416,163.14502,163.09798,163.13409
2026-07-22 06:45:00+00:00,163.13157,163.14054,163.10185,163.1065
2026-07-22 07:00:00+00:00,163.11323,163.11729,163.077,163.07874
2026-07-22 07:15:00+00:00,163.08109,163.14474,163.08109,163.13916
2026-07-22 07:30:00+00:00,163.13101,163.31261,162.83745,162.92971
2026-07-22 07:45:00+00:00,162.92284,162.97842,162.91153,162.94119
2026-07-22 08:00:00+00:00,162.93069,163.05341,162.91062,163.0427
2026-07-22 08:15:00+00:00,163.04346,163.11458,163.04346,163.08433
2026-07-22 08:30:00+00:00,163.08033,163.09267,163.0001,163.02137
2026-07-22 08:45:00+00:00,163.02419,163.04294,162.96054,162.96586
2026-07-22 09:00:00+00:00,162.97347,162.99036,162.95174,162.98489
2026-07-22 09:15:00+00:00,162.9824,162.99364,162.96536,162.98666
2026-07-22 09:30:00+00:00,162.98105,163.02786,162.97673,163.00266
2026-07-22 09:45:00+00:00,163.00627,163.05409,162.99506,163.05235
2026-07-22 10:00:00+00:00,163.0492,163.07538,163.0274,163.07101
2026-07-22 10:15:00+00:00,163.06914,163.07858,163.04264,163.04332
2026-07-22 10:30:00+00:00,163.04589,163.05675,163.00857,163.04529
2026-07-22 10:45:00+00:00,163.0456,163.06827,163.01371,163.02042
2026-07-22 11:00:00+00:00,163.0317,163.03291,162.99911,163.0187
2026-07-22 11:15:00+00:00,163.01606,163.05026,163.01073,163.03975
2026-07-22 11:30:00+00:00,163.04203,163.06431,163.01869,163.06152
2026-07-22 11:45:00+00:00,163.05675,163.07887,163.04191,163.07631
2026-07-22 12:00:00+00:00,163.06688,163.08407,163.05495,163.06064
2026-07-22 12:15:00+00:00,163.05713,163.07712,163.05358,163.05804
2026-07-22 12:30:00+00:00,163.06293,163.07723,163.04358,163.04483
2026-07-22 12:45:00+00:00,163.04857,163.13397,163.04857,163.10297
2026-07-22 13:00:00+00:00,163.10642,163.11375,163.07479,163.10112
2026-07-22 13:15:00+00:00,163.09702,163.11022,163.06597,163.07738
2026-07-22 13:30:00+00:00,163.07169,163.08289,163.0187,163.02022
2026-07-22 13:45:00+00:00,163.02503,163.081,163.02503,163.07998
2026-07-22 14:00:00+00:00,163.07591,163.08371,163.0529,163.07762
2026-07-22 14:15:00+00:00,163.07449,163.08458,163.05198,163.08169
2026-07-22 14:30:00+00:00,163.08016,163.0831,163.05354,163.05407
2026-07-22 14:45:00+00:00,163.05632,163.10732,163.04727,163.10405
2026-07-22 15:00:00+00:00,163.10265,163.11865,163.0811,163.09968
2026-07-22 15:15:00+00:00,163.09593,163.12408,163.0869,163.11535
2026-07-22 15:30:00+00:00,163.11407,163.13409,163.10579,163.11364
2026-07-22 15:45:00+00:00,163.1091,163.11848,163.07766,163.0819
2026-07-22 16:00:00+00:00,163.08286,163.10937,163.07463,163.10732
2026-07-22 16:15:00+00:00,163.10405,163.12176,163.09424,163.09636
2026-07-22 16:30:00+00:00,163.09853,163.11781,163.08715,163.10819
2026-07-22 16:45:00+00:00,163.10932,163.12117,163.09499,163.10684
2026-07-22 17:00:00+00:00,163.10064,163.13233,163.10064,163.13105
2026-07-22 17:15:00+00:00,163.12689,163.15025,163.12175,163.13966
2026-07-22 17:30:00+00:00,163.14247,163.17707,163.13553,163.16974
2026-07-22 17:45:00+00:00,163.16973,163.17146,163.15024,163.15239
2026-07-22 18:00:00+00:00,163.15432,163.17646,163.15125,163.16105
2026-07-22 18:15:00+00:00,163.15798,163.17447,163.12678,163.14115
2026-07-22 18:30:00+00:00,163.13858,163.13858,163.11509,163.1308
2026-07-22 18:45:00+00:00,163.12944,163.14267,163.11406,163.13498
2026-07-22 19:00:00+00:00,163.1357,163.14915,163.11244,163.1488
2026-07-22 19:15:00+00:00,163.1456,163.15271,163.1359,163.14875
2026-07-22 19:30:00+00:00,163.1457,163.15823,163.13639,163.14886
2026-07-22 19:45:00+00:00,163.14951,163.16573,163.14678,163.14756
2026-07-22 20:00:00+00:00,163.1492,163.15566,163.14097,163.15094
2026-07-22 20:15:00+00:00,163.14898,163.15824,163.1454,163.15405
2026-07-22 20:30:00+00:00,163.15096,163.15867,163.14588,163.15319
2026-07-22 20:45:00+00:00,163.15224,163.17519,163.14528,163.16135
2026-07-22 21:00:00+00:00,163.16343,163.18655,163.11082,163.13805
2026-07-22 21:15:00+00:00,163.13103,163.14032,163.11309,163.12518
2026-07-22 21:30:00+00:00,163.12107,163.12854,163.11285,163.12261
2026-07-22 21:45:00+00:00,163.12002,163.12798,163.11255,163.12526
2026-07-22 22:00:00+00:00,163.12345,163.13636,163.08392,163.11492
2026-07-22 22:15:00+00:00,163.11045,163.11311,163.08927,163.10604
2026-07-22 22:30:00+00:00,163.102,163.15481,163.102,163.13999
2026-07-22 22:45:00+00:00,163.14158,163.14158,163.11418,163.12616
2026-07-22 23:00:00+00:00,163.12306,163.13752,163.10026,163.12423
2026-07-22 23:15:00+00:00,163.1218,163.12225,163.09703,163.11841
2026-07-22 23:30:00+00:00,163.11549,163.12162,163.09866,163.11086
2026-07-22 23:45:00+00:00,163.10708,163.11688,163.09722,163.10312
2026-07-23 00:00:00+00:00,163.10349,163.11123,163.07716,163.095
2026-07-23 00:15:00+00:00,163.09958,163.11334,163.08625,163.10122
2026-07-23 00:30:00+00:00,163.0986,163.11201,163.08703,163.09788
2026-07-23 00:45:00+00:00,163.09396,163.14012,163.06683,163.07458
2026-07-23 01:00:00+00:00,163.08634,163.08677,163.02844,163.06164
2026-07-23 01:15:00+00:00,163.04941,163.07753,163.04941,163.0709
2026-07-23 01:30:00+00:00,163.06852,163.06948,163.00538,163.02223
2026-07-23 01:45:00+00:00,163.01825,163.0639,163.00673,163.05976
2026-07-23 02:00:00+00:00,163.05206,163.0857,163.05206,163.0619
2026-07-23 02:15:00+00:00,163.06577,163.08115,163.05021,163.07759
2026-07-23 02:30:00+00:00,163.06908,163.09387,163.06358,163.08225
2026-07-23 02:45:00+00:00,163.07838,163.09029,163.06667,163.07049
2026-07-23 03:00:00+00:00,163.07108,163.09022,163.06509,163.08541
2026-07-23 03:15:00+00:00,163.0788,163.09096,163.0461,163.04746
2026-07-23 03:30:00+00:00,163.04917,163.06794,163.04514,163.05163
2026-07-23 03:45:00+00:00,163.05585,163.06364,163.0323,163.0506
2026-07-23 04:00:00+00:00,163.04718,163.06498,163.03543,163.0624
2026-07-23 04:15:00+00:00,163.05955,163.06657,163.05275,163.0536
2026-07-23 04:30:00+00:00,163.05445,163.06509,163.04585,163.06211
2026-07-23 04:45:00+00:00,163.05861,163.08867,163.05408,163.07855
2026-07-23 05:00:00+00:00,163.08217,163.09322,163.07316,163.08328
2026-07-23 05:15:00+00:00,163.08421,163.11668,163.08131,163.0969
2026-07-23 05:30:00+00:00,163.09937,163.09937,163.07292,163.0912
2026-07-23 05:45:00+00:00,163.08781,163.11569,163.08321,163.11132
2026-07-23 06:00:00+00:00,163.10821,163.11904,163.08068,163.08433
2026-07-23 06:15:00+00:00,163.08488,163.10247,163.07583,163.07706
2026-07-23 06:30:00+00:00,163.0782,163.10001,163.07427,163.08933
2026-07-23 06:45:00+00:00,163.0904,163.11886,163.08781,163.11481
2026-07-23 07:00:00+00:00,163.11099,163.1589,163.10703,163.14399
2026-07-23 07:15:00+00:00,163.14467,163.17879,163.13879,163.17507
2026-07-23 07:30:00+00:00,163.16951,163.25447,163.16864,163.24984
2026-07-23 07:45:00+00:00,163.2378,163.41754,163.22247,163.31303
2026-07-23 08:00:00+00:00,163.32428,163.39251,163.30303,163.38728
2026-07-23 08:15:00+00:00,163.37871,163.40553,163.36734,163.38515
2026-07-23 08:30:00+00:00,163.39211,163.43519,163.39211,163.43518
2026-07-23 08:45:00+00:00,163.43369,163.43369,163.34758,163.35531
2026-07-23 09:00:00+00:00,163.3626,163.3626,163.2989,163.35479
2026-07-23 09:15:00+00:00,163.34755,163.39772,163.34755,163.38728
2026-07-23 09:30:00+00:00,163.38866,163.39932,163.33673,163.33883
2026-07-23 09:45:00+00:00,163.34147,163.38268,163.32902,163.37981
2026-07-23 10:00:00+00:00,163.37563,163.38714,163.364,163.36619
2026-07-23 10:15:00+00:00,163.36747,163.37754,163.35385,163.36974
2026-07-23 10:30:00+00:00,163.36725,163.37847,163.35567,163.36169
2026-07-23 10:45:00+00:00,163.36393,163.38669,163.36184,163.37891
2026-07-23 11:00:00+00:00,163.37511,163.38595,163.36532,163.37152
2026-07-23 11:15:00+00:00,163.3697,163.42842,163.36646,163.4242
2026-07-23 11:30:00+00:00,163.41833,163.59899,163.41744,163.59818
2026-07-23 11:45:00+00:00,163.59586,163.59866,163.45519,163.49346
2026-07-23 12:00:00+00:00,163.48984,163.50913,163.45989,163.49516
2026-07-23 12:15:00+00:00,163.4914,163.58989,163.47682,163.57797
2026-07-23 12:30:00+00:00,163.58062,163.75213,163.57957,163.74851
2026-07-23 12:45:00+00:00,163.73986,163.73986,163.66119,163.67799
2026-07-23 13:00:00+00:00,163.66941,163.84016,163.66941,163.83725
2026-07-23 13:15:00+00:00,163.83384,163.83384,163.77952,163.78682
2026-07-23 13:30:00+00:00,163.79185,163.82838,163.74765,163.81619
2026-07-23 13:45:00+00:00,163.7963,163.95332,163.7963,163.94674
2026-07-23 14:00:00+00:00,163.94256,163.9748,163.89697,163.90151
2026-07-23 14:15:00+00:00,163.90817,163.95082,163.88685,163.94076
2026-07-23 14:30:00+00:00,163.93497,163.9531,163.90194,163.93741
2026-07-23 14:45:00+00:00,163.93099,163.98013,163.93099,163.95245
2026-07-23 15:00:00+00:00,163.96998,163.96998,163.85252,163.85674
2026-07-23 15:15:00+00:00,163.86205,163.89255,163.78955,163.84303
2026-07-23 15:30:00+00:00,163.83698,163.92002,163.80177,163.80386
2026-07-23 15:45:00+00:00,163.80973,163.84647,163.78997,163.82524
2026-07-23 16:00:00+00:00,163.82367,163.83649,163.79363,163.81238
2026-07-23 16:15:00+00:00,163.8078,163.826,163.76621,163.76779
2026-07-23 16:30:00+00:00,163.76983,163.80014,163.71996,163.75533
2026-07-23 16:45:00+00:00,163.7598,163.78089,163.75293,163.77465
2026-07-23 17:00:00+00:00,163.77241,163.8009,163.72493,163.76127
2026-07-23 17:15:00+00:00,163.75652,163.7898,163.73987,163.78586
2026-07-23 17:30:00+00:00,163.78459,163.80937,163.77821,163.80212
2026-07-23 17:45:00+00:00,163.79732,163.84676,163.79631,163.84413
2026-07-23 18:00:00+00:00,163.83818,163.85464,163.80527,163.81392
2026-07-23 18:15:00+00:00,163.81029,163.81802,163.79393,163.79711
2026-07-23 18:30:00+00:00,163.80156,163.81788,163.78028,163.80715
2026-07-23 18:45:00+00:00,163.8079,163.81872,163.79673,163.81658
2026-07-23 19:00:00+00:00,163.81226,163.81815,163.79379,163.81235
2026-07-23 19:15:00+00:00,163.80729,163.84292,163.80729,163.82007
2026-07-23 19:30:00+00:00,163.82701,163.84621,163.78071,163.84316
2026-07-23 19:45:00+00:00,163.83876,163.8562,163.81711,163.81821
2026-07-23 20:00:00+00:00,163.82078,163.83033,163.80531,163.82965
2026-07-23 20:15:00+00:00,163.82677,163.84749,163.8214,163.83927
2026-07-23 20:30:00+00:00,163.83678,163.88485,163.8317,163.883
2026-07-23 20:45:00+00:00,163.87935,163.88379,163.86083,163.87039
2026-07-23 21:00:00+00:00,163.8666,163.87769,163.82502,163.84309
2026-07-23 21:15:00+00:00,163.84521,163.87485,163.84266,163.86365
2026-07-23 21:30:00+00:00,163.86054,163.86109,163.81208,163.81405
2026-07-23 21:45:00+00:00,163.81723,163.819,163.7955,163.81469
2026-07-23 22:00:00+00:00,163.8102,163.84672,163.79599,163.83506
2026-07-23 22:15:00+00:00,163.83609,163.85403,163.83359,163.8504
2026-07-23 22:30:00+00:00,163.84675,163.85776,163.83103,163.83649
2026-07-23 22:45:00+00:00,163.83428,163.85538,163.82912,163.84796
2026-07-23 23:00:00+00:00,163.84892,163.85661,163.82807,163.8455
2026-07-23 23:15:00+00:00,163.84572,163.84572,163.81611,163.822
2026-07-23 23:30:00+00:00,163.81831,163.83823,163.81511,163.8347
2026-07-23 23:45:00+00:00,163.83149,163.87029,163.82912,163.85572
2026-07-24 00:00:00+00:00,163.85599,163.90689,163.81515,163.83905
2026-07-24 00:15:00+00:00,163.84126,163.88352,163.83287,163.85413
2026-07-24 00:30:00+00:00,163.85495,163.92675,163.84389,163.92214
2026-07-24 00:45:00+00:00,163.91138,163.94069,163.84801,163.85523
2026-07-24 01:00:00+00:00,163.86441,163.86441,163.81497,163.8564
2026-07-24 01:15:00+00:00,163.85441,163.85441,163.79333,163.82292
2026-07-24 01:30:00+00:00,163.82208,163.85451,163.72959,163.74351
2026-07-24 01:45:00+00:00,163.74093,163.7845,163.73825,163.77754
2026-07-24 02:00:00+00:00,163.77837,163.80053,163.76775,163.78361
2026-07-24 02:15:00+00:00,163.78434,163.7932,163.75252,163.77286
2026-07-24 02:30:00+00:00,163.77393,163.78817,163.73664,163.75988
2026-07-24 02:45:00+00:00,163.7557,163.79232,163.7557,163.77465
2026-07-24 03:00:00+00:00,163.7758,163.83384,163.7719,163.82809
2026-07-24 03:15:00+00:00,163.81954,163.87017,163.81954,163.86946
2026-07-24 03:30:00+00:00,163.86604,163.87329,163.816,163.82135
2026-07-24 03:45:00+00:00,163.8176,163.82817,163.80622,163.80967
2026-07-24 04:00:00+00:00,163.81397,163.82296,163.78382,163.80263
2026-07-24 04:15:00+00:00,163.80411,163.83997,163.8031,163.83714
2026-07-24 04:30:00+00:00,163.83372,163.84521,163.81884,163.83399
2026-07-24 04:45:00+00:00,163.83013,163.8545,163.82634,163.83019
2026-07-24 05:00:00+00:00,163.83265,163.83738,163.81321,163.81776
2026-07-24 05:15:00+00:00,163.81926,163.82827,163.80323,163.81216
2026-07-24 05:30:00+00:00,163.81322,163.83379,163.80608,163.81736
2026-07-24 05:45:00+00:00,163.81112,163.85149,163.80325,163.8434
2026-07-24 06:00:00+00:00,163.84358,163.85335,163.79019,163.8147
2026-07-24 06:15:00+00:00,163.81527,163.82036,163.77485,163.7761
2026-07-24 06:30:00+00:00,163.77791,163.80846,163.77791,163.78651
2026-07-24 06:45:00+00:00,163.78856,163.80212,163.77574,163.78214
2026-07-24 07:00:00+00:00,163.79076,163.79076,163.6624,163.6661
2026-07-24 07:15:00+00:00,163.67661,163.75097,163.67661,163.69609
2026-07-24 07:30:00+00:00,163.69852,163.79782,163.67518,163.79624
2026-07-24 07:45:00+00:00,163.79194,163.80305,163.76417,163.77845
2026-07-24 08:00:00+00:00,163.7661,163.81514,163.76194,163.77827
2026-07-24 08:15:00+00:00,163.77679,163.79257,163.74839,163.75788
2026-07-24 08:30:00+00:00,163.75352,163.78114,163.72911,163.78114
2026-07-24 08:45:00+00:00,163.77831,163.80278,163.74007,163.74568
2026-07-24 09:00:00+00:00,163.75459,163.76993,163.73564,163.75432
2026-07-24 09:15:00+00:00,163.75188,163.75801,163.73085,163.74776
2026-07-24 09:30:00+00:00,163.7476,163.76333,163.7291,163.74072
2026-07-24 09:45:00+00:00,163.74465,163.74688,163.68874,163.69225
2026-07-24 10:00:00+00:00,163.6959,163.74059,163.68636,163.73245
2026-07-24 10:15:00+00:00,163.73397,163.73397,163.70629,163.71506
2026-07-24 10:30:00+00:00,163.71792,163.76114,163.70961,163.75776
2026-07-24 10:45:00+00:00,163.74967,163.80748,163.74967,163.7922
2026-07-24 11:00:00+00:00,163.79392,163.8047,163.76918,163.77708
2026-07-24 11:15:00+00:00,163.77733,163.79275,163.7668,163.77227
2026-07-24 11:30:00+00:00,163.77946,163.8084,163.76256,163.80271
2026-07-24 11:45:00+00:00,163.79939,163.85003,163.78706,163.8086
2026-07-24 12:00:00+00:00,163.82991,163.8321,163.78854,163.82041
2026-07-24 12:15:00+00:00,163.8187,163.83874,163.80314,163.83393
2026-07-24 12:30:00+00:00,163.83421,163.85144,163.81692,163.84563
2026-07-24 12:45:00+00:00,163.84415,163.86481,163.82667,163.86312
2026-07-24 13:00:00+00:00,163.85987,163.89053,163.84058,163.84348
2026-07-24 13:15:00+00:00,163.8464,163.87434,163.8464,163.86814
2026-07-24 13:30:00+00:00,163.86818,163.8751,163.82092,163.84602
2026-07-24 13:45:00+00:00,163.84025,163.85818,163.79317,163.79736
2026-07-24 14:00:00+00:00,163.80333,163.83828,163.76198,163.83577
2026-07-24 14:15:00+00:00,163.83185,163.83185,163.79031,163.79962
2026-07-24 14:30:00+00:00,163.79836,163.80403,163.75916,163.76515
2026-07-24 14:45:00+00:00,163.76618,163.76958,163.70779,163.74318
2026-07-24 15:00:00+00:00,163.72969,163.77575,163.67844,163.7232
2026-07-24 15:15:00+00:00,163.71249,163.71455,163.65129,163.69537
2026-07-24 15:30:00+00:00,163.69671,163.74552,163.68576,163.74149
2026-07-24 15:45:00+00:00,163.73566,163.74485,163.72439,163.73446
2026-07-24 16:00:00+00:00,163.73284,163.74699,163.71322,163.71825
2026-07-24 16:15:00+00:00,163.71442,163.74029,163.7099,163.73038
2026-07-24 16:30:00+00:00,163.72949,163.75975,163.71667,163.75657
2026-07-24 16:45:00+00:00,163.752,163.78144,163.74913,163.78019
2026-07-24 17:00:00+00:00,163.77642,163.82529,163.77642,163.82113
2026-07-24 17:15:00+00:00,163.81766,163.83552,163.80906,163.81496
2026-07-24 17:30:00+00:00,163.81584,163.83678,163.81191,163.82637
2026-07-24 17:45:00+00:00,163.82833,163.84131,163.81246,163.81982
2026-07-24 18:00:00+00:00,163.81646,163.83661,163.81074,163.81893
2026-07-24 18:15:00+00:00,163.81482,163.83544,163.79815,163.83326
2026-07-24 18:30:00+00:00,163.82878,163.86255,163.82878,163.84632
2026-07-24 18:45:00+00:00,163.84732,163.85306,163.83408,163.83986
2026-07-24 19:00:00+00:00,163.84158,163.85054,163.81446,163.83206
2026-07-24 19:15:00+00:00,163.82817,163.86117,163.82732,163.84833
2026-07-24 19:30:00+00:00,163.84798,163.86045,163.82464,163.83431
2026-07-24 19:45:00+00:00,163.83035,163.85527,163.83035,163.85189
2026-07-24 20:00:00+00:00,163.84623,163.86367,163.84357,163.85916
2026-07-24 20:15:00+00:00,163.856,163.86695,163.85283,163.8617
2026-07-24 20:30:00+00:00,163.8584,163.87761,163.85805,163.86053
2026-07-24 20:45:00+00:00,163.86109,163.87088,163.85144,163.85393
2026-07-24 21:00:00+00:00,163.85468,163.85806,163.80288,163.84422
2026-07-24 21:15:00+00:00,163.84163,163.85359,163.83312,163.85122
2026-07-24 21:30:00+00:00,163.84719,163.85878,163.83552,163.8539
2026-07-24 21:45:00+00:00,163.84569,163.86102,163.84227,163.84366
2026-07-24 22:00:00+00:00,163.84471,163.86683,163.81096,163.84697
2026-07-24 22:15:00+00:00,163.84471,163.85208,163.84226,163.84832
2026-07-24 22:30:00+00:00,163.84471,163.85206,163.84236,163.84619
2026-07-24 22:45:00+00:00,163.84471,163.84952,163.83978,163.84042
2026-07-24 23:00:00+00:00,163.84163,163.84899,163.81481,163.84452
2026-07-24 23:15:00+00:00,163.84163,163.84882,163.83918,163.84532
2026-07-24 23:30:00+00:00,163.84163,163.84901,163.83919,163.84306
2026-07-24 23:45:00+00:00,163.84163,163.84898,163.83928,163.84043
2026-07-25 00:00:00+00:00,163.84163,163.85441,163.82034,163.85207
2026-07-25 00:15:00+00:00,163.84711,163.88329,163.84711,163.85711
2026-07-25 00:30:00+00:00,163.85348,163.86137,163.85142,163.85603
2026-07-25 00:45:00+00:00,163.854,163.86107,163.84992,163.85289
2026-07-25 01:00:00+00:00,163.85393,163.86778,163.83356,163.85785
2026-07-25 01:15:00+00:00,163.85396,163.86131,163.8516,163.85735
2026-07-25 01:30:00+00:00,163.854,163.86135,163.8384,163.85233
2026-07-25 01:45:00+00:00,163.84954,163.86027,163.84954,163.85321
2026-07-25 02:00:00+00:00,163.85392,163.86898,163.83374,163.85352
2026-07-25 02:15:00+00:00,163.85393,163.8613,163.85158,163.85695
2026-07-25 02:30:00+00:00,163.854,163.8614,163.85165,163.85714
2026-07-25 02:45:00+00:00,163.85405,163.8612,163.85155,163.85384
2026-07-25 03:00:00+00:00,163.85408,163.87164,163.83036,163.85269
2026-07-25 03:15:00+00:00,163.85353,163.85927,163.8387,163.85374
2026-07-25 03:30:00+00:00,163.85131,163.86128,163.84987,163.85743
2026-07-25 03:45:00+00:00,163.85398,163.86136,163.85167,163.85593
2026-07-25 04:00:00+00:00,163.854,163.86662,163.83368,163.85287
2026-07-25 04:15:00+00:00,163.85399,163.8612,163.85155,163.85644
2026-07-25 04:30:00+00:00,163.854,163.86135,163.8516,163.85767
2026-07-25 04:45:00+00:00,163.85403,163.86131,163.85159,163.8553
2026-07-25 05:00:00+00:00,163.854,163.86114,163.82433,163.85268
2026-07-25 05:15:00+00:00,163.85391,163.86137,163.85151,163.8571
2026-07-25 05:30:00+00:00,163.85407,163.86146,163.85155,163.85769
2026-07-25 05:45:00+00:00,163.85401,163.86136,163.85163,163.85562
2026-07-25 06:00:00+00:00,163.85401,163.86075,163.83441,163.85273
2026-07-25 06:15:00+00:00,163.85391,163.86133,163.85158,163.85759
2026-07-25 06:30:00+00:00,163.85401,163.86137,163.83877,163.85084
2026-07-25 06:45:00+00:00,163.84686,163.86133,163.84686,163.85622
2026-07-25 07:00:00+00:00,163.85399,163.86071,163.83354,163.85301
2026-07-25 07:15:00+00:00,163.85396,163.86135,163.85158,163.85394
2026-07-25 07:30:00+00:00,163.854,163.86123,163.85156,163.85723
2026-07-25 07:45:00+00:00,163.854,163.86137,163.85171,163.85689
2026-07-25 08:00:00+00:00,163.85411,163.86139,163.85169,163.85343
2026-07-25 08:15:00+00:00,163.854,163.8613,163.83836,163.85272
2026-07-25 08:30:00+00:00,163.85332,163.86135,163.85165,163.85679
2026-07-25 08:45:00+00:00,163.854,163.86137,163.85165,163.85723
2026-07-25 09:00:00+00:00,163.854,163.86127,163.85165,163.85405
2026-07-25 09:15:00+00:00,163.85411,163.86137,163.85158,163.85306
2026-07-25 09:30:00+00:00,163.854,163.86146,163.85169,163.85625
2026-07-25 09:45:00+00:00,163.85402,163.86135,163.85155,163.85753
2026-07-25 10:00:00+00:00,163.854,163.86106,163.83906,163.84572
2026-07-25 10:15:00+00:00,163.84403,163.85333,163.84158,163.84481
2026-07-25 10:30:00+00:00,163.84598,163.86097,163.84364,163.85652
2026-07-25 10:45:00+00:00,163.85381,163.86128,163.85156,163.85763
2026-07-25 11:00:00+00:00,163.85395,163.86132,163.85107,163.85491
2026-07-25 11:15:00+00:00,163.85372,163.86138,163.85179,163.85271
2026-07-25 11:30:00+00:00,163.85394,163.8632,163.83513,163.83763
2026-07-25 11:45:00+00:00,163.84133,163.84863,163.83892,163.84497
2026-07-25 12:00:00+00:00,163.84133,163.85142,163.83891,163.8459
2026-07-25 12:15:00+00:00,163.84406,163.85126,163.84161,163.84296
2026-07-25 12:30:00+00:00,163.84406,163.85346,163.84183,163.85
2026-07-25 12:45:00+00:00,163.84625,163.8536,163.84391,163.85145
2026-07-25 13:00:00+00:00,163.848,163.8553,163.84558,163.85043
2026-07-25 13:15:00+00:00,163.848,163.85787,163.83345,163.83746
2026-07-25 13:30:00+00:00,163.83828,163.84565,163.83582,163.83801
2026-07-25 13:45:00+00:00,163.83828,163.84901,163.83775,163.84488
2026-07-25 14:00:00+00:00,163.8418,163.86143,163.84077,163.85707
2026-07-25 14:15:00+00:00,163.85414,163.8613,163.85159,163.85358
2026-07-25 14:30:00+00:00,163.854,163.86135,163.85129,163.85318
2026-07-25 14:45:00+00:00,163.85389,163.86137,163.85176,163.85662
2026-07-25 15:00:00+00:00,163.854,163.86549,163.83887,163.85307
2026-07-25 15:15:00+00:00,163.84972,163.861,163.84825,163.8562
2026-07-25 15:30:00+00:00,163.85405,163.86138,163.85164,163.853
2026-07-25 15:45:00+00:00,163.85403,163.86142,163.85176,163.85644
2026-07-25 16:00:00+00:00,163.85422,163.86085,163.80895,163.85737
2026-07-25 16:15:00+00:00,163.85376,163.86137,163.85168,163.85552
2026-07-25 16:30:00+00:00,163.854,163.86129,163.85084,163.85152
2026-07-25 16:45:00+00:00,163.85193,163.86116,163.8388,163.85681
2026-07-25 17:00:00+00:00,163.85395,163.86044,163.80998,163.85766
2026-07-25 17:15:00+00:00,163.85397,163.86136,163.85155,163.85538
2026-07-25 17:30:00+00:00,163.854,163.86152,163.85177,163.8528
2026-07-25 17:45:00+00:00,163.85401,163.86156,163.85159,163.85763
2026-07-25 18:00:00+00:00,163.85411,163.85895,163.7987,163.85596
2026-07-25 18:15:00+00:00,163.85235,163.86001,163.83514,163.85076
2026-07-25 18:30:00+00:00,163.84873,163.85783,163.84802,163.84959
2026-07-25 18:45:00+00:00,163.85063,163.86039,163.84976,163.85696
2026-07-25 19:00:00+00:00,163.85309,163.85469,163.79987,163.83348
2026-07-25 19:15:00+00:00,163.82862,163.84195,163.82862,163.83723
2026-07-25 19:30:00+00:00,163.83459,163.84517,163.8309,163.83798
2026-07-25 19:45:00+00:00,163.83867,163.84602,163.83622,163.83824
2026-07-25 20:00:00+00:00,163.83867,163.86427,163.787,163.85581
2026-07-25 20:15:00+00:00,163.85279,163.86135,163.85147,163.85709
2026-07-25 20:30:00+00:00,163.85397,163.86121,163.85073,163.85619
2026-07-25 20:45:00+00:00,163.85353,163.86132,163.85157,163.8532
2026-07-25 21:00:00+00:00,163.85403,163.86618,163.80933,163.85621
2026-07-25 21:15:00+00:00,163.85377,163.86144,163.85156,163.85745
2026-07-25 21:30:00+00:00,163.854,163.86135,163.85166,163.85593
2026-07-25 21:45:00+00:00,163.854,163.86135,163.83857,163.85286
2026-07-25 22:00:00+00:00,163.85397,163.86295,163.80889,163.85679
2026-07-25 22:15:00+00:00,163.85447,163.86139,163.85158,163.85765
2026-07-25 22:30:00+00:00,163.854,163.86133,163.85161,163.85532
2026-07-25 22:45:00+00:00,163.854,163.86135,163.85166,163.85277
2026-07-25 23:00:00+00:00,163.854,163.8843,163.81368,163.85698
2026-07-25 23:15:00+00:00,163.85392,163.86119,163.83895,163.85494
2026-07-25 23:30:00+00:00,163.85106,163.86126,163.85054,163.85558
2026-07-25 23:45:00+00:00,163.85399,163.86146,163.85169,163.85287
2026-07-26 00:00:00+00:00,163.85404,163.86139,163.8516,163.8576
2026-07-26 00:15:00+00:00,163.85403,163.86151,163.8519,163.8576
2026-07-26 00:30:00+00:00,163.85406,163.86159,163.8516,163.85636
2026-07-26 00:45:00+00:00,163.85415,163.86266,163.85167,163.85577
2026-07-26 01:00:00+00:00,163.85673,163.86403,163.8386,163.84437
2026-07-26 01:15:00+00:00,163.84444,163.85164,163.84198,163.84766
2026-07-26 01:30:00+00:00,163.84444,163.85392,163.84255,163.84934
2026-07-26 01:45:00+00:00,163.84655,163.85659,163.84584,163.84981
2026-07-26 02:00:00+00:00,163.85039,163.85769,163.84797,163.84983
2026-07-26 02:15:00+00:00,163.85039,163.85866,163.84897,163.8541
2026-07-26 02:30:00+00:00,163.85131,163.86119,163.84886,163.85703
2026-07-26 02:45:00+00:00,163.8538,163.861,163.83861,163.85389
2026-07-26 03:00:00+00:00,163.85397,163.86135,163.85165,163.85313
2026-07-26 03:15:00+00:00,163.85406,163.8613,163.85159,163.85625
2026-07-26 03:30:00+00:00,163.854,163.86135,163.85155,163.85753
2026-07-26 03:45:00+00:00,163.85401,163.86137,163.85176,163.85573
2026-07-26 04:00:00+00:00,163.854,163.86136,163.85159,163.85284
2026-07-26 04:15:00+00:00,163.854,163.86291,163.83848,163.85329
2026-07-26 04:30:00+00:00,163.84957,163.861,163.84957,163.85767
2026-07-26 04:45:00+00:00,163.85399,163.86135,163.85158,163.85516
2026-07-26 05:00:00+00:00,163.85401,163.86145,163.85176,163.85334
2026-07-26 05:15:00+00:00,163.85453,163.86147,163.85168,163.85722
2026-07-26 05:30:00+00:00,163.854,163.86129,163.85158,163.85772
2026-07-26 05:45:00+00:00,163.85407,163.86135,163.85161,163.8558
2026-07-26 06:00:00+00:00,163.854,163.86549,163.83871,163.85242
2026-07-26 06:15:00+00:00,163.85357,163.86125,163.85154,163.85772
2026-07-26 06:30:00+00:00,163.854,163.86138,163.85168,163.85746
2026-07-26 06:45:00+00:00,163.854,163.86309,163.85158,163.85714
2026-07-26 07:00:00+00:00,163.85476,163.86136,163.85167,163.85316
2026-07-26 07:15:00+00:00,163.854,163.8615,163.85155,163.85385
2026-07-26 07:30:00+00:00,163.85408,163.86119,163.85155,163.85711
2026-07-26 07:45:00+00:00,163.854,163.86522,163.83789,163.85673
2026-07-26 08:00:00+00:00,163.85379,163.86129,163.85158,163.85577
2026-07-26 08:15:00+00:00,163.85609,163.86225,163.85179,163.85354
2026-07-26 08:30:00+00:00,163.85424,163.86427,163.85277,163.85909
2026-07-26 08:45:00+00:00,163.85646,163.86276,163.85232,163.85798
2026-07-26 09:00:00+00:00,163.85464,163.86291,163.8532,163.85778
2026-07-26 09:15:00+00:00,163.85562,163.86293,163.83895,163.84247
2026-07-26 09:30:00+00:00,163.84351,163.85071,163.84105,163.84574
2026-07-26 09:45:00+00:00,163.84351,163.85711,163.84128,163.85363
2026-07-26 10:00:00+00:00,163.85004,163.85739,163.8477,163.85155
2026-07-26 10:15:00+00:00,163.85004,163.85734,163.84762,163.84883
2026-07-26 10:30:00+00:00,163.85004,163.85763,163.84763,163.8543
2026-07-26 10:45:00+00:00,163.85146,163.85867,163.84901,163.85515
2026-07-26 11:00:00+00:00,163.85146,163.85884,163.84901,163.85284
2026-07-26 11:15:00+00:00,163.85146,163.85882,163.84913,163.85025
2026-07-26 11:30:00+00:00,163.85146,164.08805,163.5269,163.63803
2026-07-26 11:45:00+00:00,163.63424,163.64157,163.63187,163.63765
2026-07-26 12:00:00+00:00,163.63424,163.64155,163.63181,163.63673
2026-07-26 12:15:00+00:00,163.63424,163.6416,163.63194,163.63345
2026-07-26 12:30:00+00:00,163.63424,163.6416,163.63179,163.63394
2026-07-26 12:45:00+00:00,163.63424,163.64147,163.6318,163.63728
2026-07-26 13:00:00+00:00,163.63424,163.64157,163.63185,163.63724
2026-07-26 13:15:00+00:00,163.63424,163.99761,163.50063,163.59772
2026-07-26 13:30:00+00:00,163.598,163.60536,163.59555,163.5972
2026-07-26 13:45:00+00:00,163.598,163.60535,163.59569,163.60047
2026-07-26 14:00:00+00:00,163.598,163.86274,163.57872,163.83783
2026-07-26 14:15:00+00:00,163.83472,163.84191,163.83227,163.8345
2026-07-26 14:30:00+00:00,163.83472,163.8421,163.83227,163.83388
2026-07-26 14:45:00+00:00,163.83472,163.871,163.81431,163.86179
2026-07-26 15:00:00+00:00,163.85933,163.88105,163.59479,163.83935
2026-07-26 15:15:00+00:00,163.83414,163.85372,163.83414,163.84829
2026-07-26 15:30:00+00:00,163.84636,163.85825,163.84601,163.84977
2026-07-26 15:45:00+00:00,163.85087,163.85806,163.84842,163.8533
2026-07-26 16:00:00+00:00,163.85087,163.88341,163.8431,163.8599
2026-07-26 16:15:00+00:00,163.86267,163.8646,163.85163,163.85534
2026-07-26 16:30:00+00:00,163.85401,163.86135,163.59022,163.77046
2026-07-26 16:45:00+00:00,163.74776,163.8631,163.74776,163.85737
2026-07-26 17:00:00+00:00,163.85445,163.86379,163.80047,163.85734
2026-07-26 17:15:00+00:00,163.85364,163.86129,163.85158,163.85558
2026-07-26 17:30:00+00:00,163.854,163.86131,163.85159,163.85282
2026-07-26 17:45:00+00:00,163.854,163.86135,163.85155,163.85756
2026-07-26 18:00:00+00:00,163.854,163.86009,163.81002,163.85753
2026-07-26 18:15:00+00:00,163.85398,163.86118,163.58894,163.83171
2026-07-26 18:30:00+00:00,163.83469,163.86125,163.83469,163.85172
2026-07-26 18:45:00+00:00,163.85243,163.88515,163.48807,163.83764
2026-07-26 19:00:00+00:00,163.85934,163.89463,163.64809,163.81742
2026-07-26 19:15:00+00:00,163.81247,163.94872,163.63995,163.67478
2026-07-26 19:30:00+00:00,163.75094,163.87595,163.51028,163.68299
2026-07-26 19:45:00+00:00,163.73042,163.84044,163.60102,163.79329
2026-07-26 20:00:00+00:00,163.78395,163.83083,163.71242,163.72878
2026-07-26 20:15:00+00:00,163.74415,163.80775,163.6733,163.74844
2026-07-26 20:30:00+00:00,163.74288,163.80482,163.6996,163.7329
2026-07-26 20:45:00+00:00,163.74035,163.82329,163.61109,163.64056
2026-07-26 21:00:00+00:00,163.67026,163.73459,163.56792,163.64278
2026-07-26 21:15:00+00:00,163.64138,163.6908,163.6291,163.66863
2026-07-26 21:30:00+00:00,163.66467,163.67982,163.63788,163.67164
2026-07-26 21:45:00+00:00,163.67181,163.68797,163.61579,163.62795
2026-07-26 22:00:00+00:00,163.6354,163.67183,163.56192,163.66824
2026-07-26 22:15:00+00:00,163.66042,163.70845,163.66042,163.70583
2026-07-26 22:30:00+00:00,163.70175,163.70648,163.66921,163.68854
2026-07-26 22:45:00+00:00,163.68945,163.70878,163.67774,163.70603
2026-07-26 23:00:00+00:00,163.70208,163.70948,163.67951,163.6892
2026-07-26 23:15:00+00:00,163.68933,163.69363,163.67141,163.68925
2026-07-26 23:30:00+00:00,163.68522,163.69104,163.65399,163.66246
2026-07-26 23:45:00+00:00,163.66014,163.67119,163.6118,163.61439
2026-07-27 00:00:00+00:00,163.62052,163.63898,163.5453,163.54837
2026-07-27 00:15:00+00:00,163.55372,163.60488,163.54532,163.5607
2026-07-27 00:30:00+00:00,163.55801,163.59261,163.5278,163.57529
2026-07-27 00:45:00+00:00,163.57912,163.65083,163.57168,163.63762
2026-07-27 01:00:00+00:00,163.63896,163.65334,163.56704,163.56808
2026-07-27 01:15:00+00:00,163.56959,163.58735,163.55007,163.58112
2026-07-27 01:30:00+00:00,163.57934,163.58082,163.5352,163.56643
2026-07-27 01:45:00+00:00,163.56309,163.56488,163.49606,163.50212
2026-07-27 02:00:00+00:00,163.51158,163.55603,163.46107,163.54974
2026-07-27 02:15:00+00:00,163.54089,163.55625,163.52128,163.52403
2026-07-27 02:30:00+00:00,163.52229,163.54797,163.50631,163.54459
2026-07-27 02:45:00+00:00,163.54151,163.57931,163.53206,163.57667
2026-07-27 03:00:00+00:00,163.57487,163.59759,163.56271,163.59168
2026-07-27 03:15:00+00:00,163.58355,163.61145,163.58033,163.59258
2026-07-27 03:30:00+00:00,163.58633,163.62016,163.58633,163.5951
2026-07-27 03:45:00+00:00,163.58984,163.60678,163.5709,163.58027
2026-07-27 04:00:00+00:00,163.5789,163.58337,163.55649,163.56919
2026-07-27 04:15:00+00:00,163.56944,163.58595,163.55477,163.58291
2026-07-27 04:30:00+00:00,163.57953,163.59808,163.57585,163.58481
2026-07-27 04:45:00+00:00,163.58032,163.60284,163.57581,163.58214
2026-07-27 05:00:00+00:00,163.58026,163.60255,163.56726,163.56801
2026-07-27 05:15:00+00:00,163.56909,163.58811,163.55903,163.5752
2026-07-27 05:30:00+00:00,163.57567,163.60216,163.5659,163.60127
2026-07-27 05:45:00+00:00,163.59757,163.61268,163.58581,163.58805
2026-07-27 06:00:00+00:00,163.58957,163.59987,163.55029,163.56313
2026-07-27 06:15:00+00:00,163.55821,163.5797,163.52959,163.55265
2026-07-27 06:30:00+00:00,163.55708,163.58782,163.52609,163.52976
2026-07-27 06:45:00+00:00,163.5334,163.55229,163.51719,163.52222
2026-07-27 07:00:00+00:00,163.52981,163.53265,163.49367,163.52797
2026-07-27 07:15:00+00:00,163.52414,163.52414,163.36585,163.37084
2026-07-27 07:30:00+00:00,163.37694,163.46523,163.32908,163.46292
2026-07-27 07:45:00+00:00,163.45592,163.51397,163.44698,163.5096
2026-07-27 08:00:00+00:00,163.49457,163.53536,163.48818,163.5326
2026-07-27 08:15:00+00:00,163.52744,163.55171,163.52496,163.54914
2026-07-27 08:30:00+00:00,163.54623,163.55417,163.51057,163.5135
2026-07-27 08:45:00+00:00,163.51357,163.54659,163.5123,163.52277
2026-07-27 09:00:00+00:00,163.51914,163.5731,163.49783,163.57091
2026-07-27 09:15:00+00:00,163.56601,163.61728,163.54343,163.57103
2026-07-27 09:30:00+00:00,163.56064,163.58836,163.55704,163.55846
2026-07-27 09:45:00+00:00,163.55998,163.57223,163.50381,163.52908
2026-07-27 10:00:00+00:00,163.52251,163.5958,163.52249,163.57415
2026-07-27 10:15:00+00:00,163.57837,163.57837,163.53758,163.54882
2026-07-27 10:30:00+00:00,163.55018,163.58076,163.54701,163.55725
2026-07-27 10:45:00+00:00,163.55951,163.60159,163.55745,163.59985
2026-07-27 11:00:00+00:00,163.59584,163.64243,163.58815,163.63808
2026-07-27 11:15:00+00:00,163.63556,163.64062,163.61182,163.62212
2026-07-27 11:30:00+00:00,163.62294,163.64244,163.59285,163.60427
2026-07-27 11:45:00+00:00,163.5993,163.65003,163.5993,163.64898
2026-07-27 12:00:00+00:00,163.64504,163.68744,163.617,163.68395
2026-07-27 12:15:00+00:00,163.68037,163.68461,163.65716,163.65819
2026-07-27 12:30:00+00:00,163.65936,163.70589,163.65936,163.70225
2026-07-27 12:45:00+00:00,163.69905,163.70103,163.68069,163.69313
2026-07-27 13:00:00+00:00,163.6903,163.70225,163.65687,163.66031
2026-07-27 13:15:00+00:00,163.66304,163.71608,163.66304,163.7102
2026-07-27 13:30:00+00:00,163.7012,163.72719,163.68538,163.70559
2026-07-27 13:45:00+00:00,163.70627,163.75458,163.69894,163.75345
2026-07-27 14:00:00+00:00,163.74839,163.76717,163.72099,163.72296
2026-07-27 14:15:00+00:00,163.72243,163.75939,163.72243,163.75228
2026-07-27 14:30:00+00:00,163.75058,163.76493,163.73074,163.76083
2026-07-27 14:45:00+00:00,163.75606,163.7638,163.72373,163.72753
2026-07-27 15:00:00+00:00,163.73264,163.73264,163.69311,163.72801
2026-07-27 15:15:00+00:00,163.72237,163.72237,163.66609,163.66722
2026-07-27 15:30:00+00:00,163.66828,163.70503,163.66296,163.69232
2026-07-27 15:45:00+00:00,163.68828,163.7059,163.67583,163.70372
2026-07-27 16:00:00+00:00,163.69836,163.71994,163.69633,163.70296
2026-07-27 16:15:00+00:00,163.69908,163.70366,163.61859,163.62411
2026-07-27 16:30:00+00:00,163.62431,163.63528,163.59513,163.61671
2026-07-27 16:45:00+00:00,163.6191,163.66371,163.61604,163.64772
2026-07-27 17:00:00+00:00,163.64941,163.69836,163.64941,163.69655
2026-07-27 17:15:00+00:00,163.69366,163.72004,163.6806,163.7113
2026-07-27 17:30:00+00:00,163.70933,163.73196,163.69636,163.72905
2026-07-27 17:45:00+00:00,163.72488,163.74192,163.7223,163.73119
2026-07-27 18:00:00+00:00,163.7256,163.72999,163.70537,163.71468
2026-07-27 18:15:00+00:00,163.71169,163.74802,163.7065,163.74423
2026-07-27 18:30:00+00:00,163.74142,163.74662,163.71764,163.73668
2026-07-27 18:45:00+00:00,163.72837,163.79283,163.72837,163.7863
2026-07-27 19:00:00+00:00,163.77599,163.7978,163.75216,163.76316
2026-07-27 19:15:00+00:00,163.76013,163.76706,163.7331,163.73667
2026-07-27 19:30:00+00:00,163.74096,163.74096,163.7044,163.71822
2026-07-27 19:45:00+00:00,163.71581,163.7412,163.70569,163.73559
2026-07-27 20:00:00+00:00,163.72736,163.75406,163.72736,163.74936
2026-07-27 20:15:00+00:00,163.74697,163.75248,163.72801,163.73948
2026-07-27 20:30:00+00:00,163.73507,163.77325,163.73507,163.77055
2026-07-27 20:45:00+00:00,163.76567,163.77736,163.7426,163.74729
2026-07-27 21:00:00+00:00,163.7486,163.76461,163.65696,163.73063
2026-07-27 21:15:00+00:00,163.72579,163.73641,163.71678,163.72902
2026-07-27 21:30:00+00:00,163.72468,163.74375,163.72468,163.73384
2026-07-27 21:45:00+00:00,163.73383,163.74643,163.72543,163.72749
2026-07-27 22:00:00+00:00,163.73388,163.76771,163.73018,163.76187
2026-07-27 22:15:00+00:00,163.76037,163.76462,163.74321,163.76207
2026-07-27 22:30:00+00:00,163.75849,163.76666,163.74422,163.75214
2026-07-27 22:45:00+00:00,163.75063,163.75992,163.74488,163.75345
2026-07-27 23:00:00+00:00,163.75435,163.76797,163.72649,163.72809
2026-07-27 23:15:00+00:00,163.72827,163.74443,163.7201,163.73576
2026-07-27 23:30:00+00:00,163.73155,163.76257,163.73112,163.75168
2026-07-27 23:45:00+00:00,163.74946,163.78965,163.73443,163.77744
2026-07-28 00:00:00+00:00,163.77853,163.83514,163.76491,163.8244
2026-07-28 00:15:00+00:00,163.8211,163.82179,163.76366,163.77545
2026-07-28 00:30:00+00:00,163.77155,163.79601,163.76295,163.78409
2026-07-28 00:45:00+00:00,163.78144,163.81792,163.76366,163.76852
2026-07-28 01:00:00+00:00,163.77202,163.77202,163.71944,163.75132
2026-07-28 01:15:00+00:00,163.75371,163.76635,163.74129,163.76031
2026-07-28 01:30:00+00:00,163.75808,163.78189,163.74438,163.77901
2026-07-28 01:45:00+00:00,163.77532,163.79087,163.75941,163.77542
2026-07-28 02:00:00+00:00,163.77665,163.79303,163.76606,163.78879
2026-07-28 02:15:00+00:00,163.78316,163.78981,163.7457,163.75889
2026-07-28 02:30:00+00:00,163.76013,163.77346,163.74385,163.74862
2026-07-28 02:45:00+00:00,163.7554,163.7554,163.67996,163.71838
2026-07-28 03:00:00+00:00,163.71641,163.74654,163.70551,163.73086
2026-07-28 03:15:00+00:00,163.73547,163.74839,163.72378,163.72555
2026-07-28 03:30:00+00:00,163.7273,163.76501,163.71591,163.76196
2026-07-28 03:45:00+00:00,163.75746,163.77419,163.75269,163.76718
2026-07-28 04:00:00+00:00,163.76533,163.78378,163.76417,163.7698
2026-07-28 04:15:00+00:00,163.77359,163.78656,163.76159,163.77594
2026-07-28 04:30:00+00:00,163.77608,163.78523,163.75703,163.76153
2026-07-28 04:45:00+00:00,163.7574,163.76815,163.74662,163.75621
2026-07-28 05:00:00+00:00,163.75449,163.77235,163.7495,163.75182
2026-07-28 05:15:00+00:00,163.75891,163.77626,163.73674,163.73794
2026-07-28 05:30:00+00:00,163.73938,163.75444,163.72653,163.75127
2026-07-28 05:45:00+00:00,163.7445,163.76731,163.73166,163.74123
2026-07-28 06:00:00+00:00,163.73848,163.74593,163.70236,163.70316
2026-07-28 06:15:00+00:00,163.70553,163.72946,163.68526,163.70926
2026-07-28 06:30:00+00:00,163.70892,163.72415,163.67337,163.68659
2026-07-28 06:45:00+00:00,163.6817,163.70734,163.67269,163.69881
2026-07-28 07:00:00+00:00,163.68984,163.75488,163.68984,163.74097
2026-07-28 07:15:00+00:00,163.73603,163.77215,163.72726,163.77022
2026-07-28 07:30:00+00:00,163.76697,163.77327,163.74828,163.77308
2026-07-28 07:45:00+00:00,163.77011,163.79882,163.76646,163.79052
2026-07-28 08:00:00+00:00,163.78735,163.80176,163.77148,163.79757
2026-07-28 08:15:00+00:00,163.79244,163.84583,163.79244,163.84143
2026-07-28 08:30:00+00:00,163.83495,163.85365,163.82472,163.85242
2026-07-28 08:45:00+00:00,163.85007,163.85007,163.81528,163.83081
2026-07-28 09:00:00+00:00,163.82702,163.83638,163.81369,163.82184
2026-07-28 09:15:00+00:00,163.82276,163.83709,163.81523,163.82736
2026-07-28 09:30:00+00:00,163.82882,163.85651,163.823,163.84106
2026-07-28 09:45:00+00:00,163.83558,163.89133,163.83558,163.88962
2026-07-28 10:00:00+00:00,163.88501,163.90394,163.8714,163.8956
2026-07-28 10:15:00+00:00,163.89456,163.94036,163.89273,163.93706
2026-07-28 10:30:00+00:00,163.93234,163.94378,163.91685,163.94135
2026-07-28 10:45:00+00:00,163.93562,163.95369,163.92653,163.94059
2026-07-28 11:00:00+00:00,163.9363,163.94666,163.92283,163.93902
2026-07-28 11:15:00+00:00,163.93745,163.9396,163.91452,163.92193
2026-07-28 11:30:00+00:00,163.92302,163.93668,163.9171,163.93116
2026-07-28 11:45:00+00:00,163.92555,163.94453,163.92555,163.93578
2026-07-28 12:00:00+00:00,163.93292,163.9422,163.92276,163.93064
2026-07-28 12:15:00+00:00,163.92843,163.9294,163.88683,163.88736
2026-07-28 12:30:00+00:00,163.8892,163.90486,163.88758,163.89128
2026-07-28 12:45:00+00:00,163.89137,163.89169,163.8533,163.88954
2026-07-28 13:00:00+00:00,163.88676,163.88996,163.85526,163.87907
2026-07-28 13:15:00+00:00,163.87606,163.88271,163.84461,163.87766
2026-07-28 13:30:00+00:00,163.87408,163.88227,163.85552,163.85626
2026-07-28 13:45:00+00:00,163.85836,163.86293,163.82834,163.83525
2026-07-28 14:00:00+00:00,163.83676,163.86175,163.83141,163.85831
2026-07-28 14:15:00+00:00,163.85397,163.86564,163.8423,163.84276
2026-07-28 14:30:00+00:00,163.84262,163.86287,163.83875,163.84415
2026-07-28 14:45:00+00:00,163.84574,163.8809,163.84543,163.8782
2026-07-28 15:00:00+00:00,163.87658,163.87658,163.75906,163.76443
2026-07-28 15:15:00+00:00,163.77258,163.77258,163.67068,163.71496
2026-07-28 15:30:00+00:00,163.71111,163.71382,163.65573,163.66877
2026-07-28 15:45:00+00:00,163.67365,163.71602,163.66444,163.66994
2026-07-28 16:00:00+00:00,163.67371,163.69225,163.65255,163.68716
2026-07-28 16:15:00+00:00,163.68282,163.69391,163.66482,163.67644
2026-07-28 16:30:00+00:00,163.67084,163.70243,163.67084,163.6905
2026-07-28 16:45:00+00:00,163.69316,163.75403,163.68711,163.75031
2026-07-28 17:00:00+00:00,163.7473,163.75661,163.71953,163.75278
2026-07-28 17:15:00+00:00,163.74877,163.78157,163.74266,163.77483
2026-07-28 17:30:00+00:00,163.77467,163.79505,163.76387,163.7915
2026-07-28 17:45:00+00:00,163.78647,163.81852,163.77737,163.81594
2026-07-28 18:00:00+00:00,163.81436,163.82603,163.78721,163.79515
2026-07-28 18:15:00+00:00,163.78803,163.8214,163.78272,163.81694
2026-07-28 18:30:00+00:00,163.81394,163.83414,163.81394,163.82919
2026-07-28 18:45:00+00:00,163.82974,163.86703,163.82792,163.86283
2026-07-28 19:00:00+00:00,163.85603,163.86437,163.82779,163.8447
2026-07-28 19:15:00+00:00,163.83169,163.86088,163.83169,163.85314
2026-07-28 19:30:00+00:00,163.85031,163.85104,163.83359,163.83852
2026-07-28 19:45:00+00:00,163.83929,163.86663,163.83199,163.86279
2026-07-28 20:00:00+00:00,163.85694,163.87886,163.8511,163.857
2026-07-28 20:15:00+00:00,163.85454,163.87467,163.84125,163.87075
2026-07-28 20:30:00+00:00,163.86728,163.88595,163.85902,163.87064
2026-07-28 20:45:00+00:00,163.87182,163.87768,163.84366,163.86954
2026-07-28 21:00:00+00:00,163.86113,163.87573,163.74754,163.84543
2026-07-28 21:15:00+00:00,163.83651,163.86141,163.8193,163.83432
2026-07-28 21:30:00+00:00,163.82965,163.82965,163.80097,163.81231
2026-07-28 21:45:00+00:00,163.8108,163.83717,163.80539,163.82598
2026-07-28 22:00:00+00:00,163.82671,163.84134,163.82131,163.8347
2026-07-28 22:15:00+00:00,163.82992,163.87806,163.82992,163.85316
2026-07-28 22:30:00+00:00,163.85413,163.87387,163.85064,163.86644
2026-07-28 22:45:00+00:00,163.86472,163.87895,163.85238,163.85247
2026-07-28 23:00:00+00:00,163.85412,163.87261,163.84834,163.86605
2026-07-28 23:15:00+00:00,163.86228,163.88173,163.85822,163.86785
2026-07-28 23:30:00+00:00,163.86389,163.87678,163.86141,163.87168
2026-07-28 23:45:00+00:00,163.86954,163.87489,163.85259,163.87251
2026-07-29 00:00:00+00:00,163.86905,163.88915,163.85596,163.87792
2026-07-29 00:15:00+00:00,163.87884,163.88088,163.80166,163.81996
2026-07-29 00:30:00+00:00,163.81702,163.82244,163.76423,163.76775
2026-07-29 00:45:00+00:00,163.77178,163.81093,163.6863,163.69888
2026-07-29 01:00:00+00:00,163.70284,163.74634,163.68996,163.74408
2026-07-29 01:15:00+00:00,163.74038,163.76264,163.71928,163.74631
2026-07-29 01:30:00+00:00,163.74955,163.78284,163.73952,163.7794
2026-07-29 01:45:00+00:00,163.77615,163.77924,163.71136,163.72292
2026-07-29 02:00:00+00:00,163.71814,163.75354,163.69942,163.70214
2026-07-29 02:15:00+00:00,163.70934,163.7274,163.6972,163.71158
2026-07-29 02:30:00+00:00,163.70681,163.72247,163.67205,163.70066
2026-07-29 02:45:00+00:00,163.69678,163.73932,163.68947,163.71904
2026-07-29 03:00:00+00:00,163.71985,163.72409,163.69638,163.69851
2026-07-29 03:15:00+00:00,163.69946,163.70418,163.67014,163.6792
2026-07-29 03:30:00+00:00,163.67691,163.69689,163.63451,163.65474
2026-07-29 03:45:00+00:00,163.64878,163.64878,163.57969,163.62873
2026-07-29 04:00:00+00:00,163.62585,163.63071,163.54864,163.55029
2026-07-29 04:15:00+00:00,163.55514,163.57204,163.47842,163.51235
2026-07-29 04:30:00+00:00,163.49628,163.52668,163.30992,163.33308
2026-07-29 04:45:00+00:00,163.3302,163.47902,163.28612,163.43335
2026-07-29 05:00:00+00:00,163.44746,163.45598,163.40279,163.43006
2026-07-29 05:15:00+00:00,163.43022,163.43022,163.34466,163.38752
2026-07-29 05:30:00+00:00,163.38886,163.47943,163.38636,163.41993
2026-07-29 05:45:00+00:00,163.41367,163.48351,163.41165,163.48093
2026-07-29 06:00:00+00:00,163.47513,163.56617,163.46353,163.53153
2026-07-29 06:15:00+00:00,163.5379,163.55666,163.48322,163.55517
2026-07-29 06:30:00+00:00,163.55256,163.59029,163.48214,163.50134
2026-07-29 06:45:00+00:00,163.4974,163.55562,163.48976,163.52782
2026-07-29 07:00:00+00:00,163.5295,163.56005,163.52191,163.55818
2026-07-29 07:15:00+00:00,163.55418,163.59163,163.49951,163.58501
2026-07-29 07:30:00+00:00,163.57566,163.61032,163.55876,163.59122
2026-07-29 07:45:00+00:00,163.57485,163.69695,163.57485,163.69319
2026-07-29 08:00:00+00:00,163.68996,163.69644,163.66073,163.66544
2026-07-29 08:15:00+00:00,163.67138,163.67138,163.61274,163.6138
2026-07-29 08:30:00+00:00,163.61723,163.64206,163.59689,163.59773
2026-07-29 08:45:00+00:00,163.5977,163.60381,163.56128,163.59767
2026-07-29 09:00:00+00:00,163.59351,163.62582,163.54559,163.5472
2026-07-29 09:15:00+00:00,163.54879,163.56717,163.52774,163.54719
2026-07-29 09:30:00+00:00,163.54783,163.57774,163.50542,163.57673
2026-07-29 09:45:00+00:00,163.57402,163.61201,163.56074,163.61026
2026-07-29 10:00:00+00:00,163.6051,163.64855,163.60392,163.63683
2026-07-29 10:15:00+00:00,163.6379,163.66998,163.62835,163.66775
2026-07-29 10:30:00+00:00,163.66449,163.69871,163.64973,163.69085
2026-07-29 10:45:00+00:00,163.69069,163.69595,163.66399,163.66805
2026-07-29 11:00:00+00:00,163.67339,163.6913,163.6486,163.68177
2026-07-29 11:15:00+00:00,163.67897,163.69133,163.66482,163.66531
2026-07-29 11:30:00+00:00,163.66572,163.68409,163.63858,163.67265
2026-07-29 11:45:00+00:00,163.6749,163.68294,163.66263,163.67059
2026-07-29 12:00:00+00:00,163.66818,163.69523,163.63948,163.69351
2026-07-29 12:15:00+00:00,163.68683,163.76452,163.68683,163.76051
2026-07-29 12:30:00+00:00,163.75481,163.79339,163.74148,163.78032
2026-07-29 12:45:00+00:00,163.78069,163.81859,163.76975,163.81835
2026-07-29 13:00:00+00:00,163.8154,163.81548,163.77814,163.78645
2026-07-29 13:15:00+00:00,163.7876,163.7876,163.73548,163.73785
2026-07-29 13:30:00+00:00,163.7387,163.78321,163.73076,163.73337
2026-07-29 13:45:00+00:00,163.73701,163.77175,163.73587,163.76818
2026-07-29 14:00:00+00:00,163.76647,163.78156,163.74659,163.77781
2026-07-29 14:15:00+00:00,163.77334,163.79578,163.7552,163.7608
2026-07-29 14:30:00+00:00,163.75967,163.83661,163.75406,163.83056
2026-07-29 14:45:00+00:00,163.82211,163.88079,163.82211,163.8795
2026-07-29 15:00:00+00:00,163.87497,163.89146,163.83311,163.84324
2026-07-29 15:15:00+00:00,163.83957,163.88041,163.83605,163.85475
2026-07-29 15:30:00+00:00,163.85634,163.87045,163.84932,163.86675
2026-07-29 15:45:00+00:00,163.86152,163.87273,163.84469,163.87178
2026-07-29 16:00:00+00:00,163.86872,163.91096,163.86739,163.90821
2026-07-29 16:15:00+00:00,163.90162,163.90162,163.87231,163.88602
2026-07-29 16:30:00+00:00,163.88387,163.90401,163.87451,163.87825
2026-07-29 16:45:00+00:00,163.87934,163.90109,163.87642,163.89778
2026-07-29 17:00:00+00:00,163.89113,163.90116,163.85642,163.86674
2026-07-29 17:15:00+00:00,163.86363,163.86363,163.8264,163.84578
2026-07-29 17:30:00+00:00,163.83872,163.86097,163.8283,163.83116
2026-07-29 17:45:00+00:00,163.83475,163.83475,163.77717,163.79309
2026-07-29 18:00:00+00:00,163.79296,163.89746,163.47601,163.53208
2026-07-29 18:15:00+00:00,163.54058,163.60603,163.48339,163.56692
2026-07-29 18:30:00+00:00,163.57792,163.65171,163.45645,163.50568
2026-07-29 18:45:00+00:00,163.49859,163.49859,163.32813,163.35639
2026-07-29 19:00:00+00:00,163.35807,163.44541,163.24769,163.38949
2026-07-29 19:15:00+00:00,163.38855,163.43938,163.2246,163.40004
2026-07-29 19:30:00+00:00,163.39646,163.49615,163.37157,163.41527
2026-07-29 19:45:00+00:00,163.40699,163.52034,163.40699,163.51216
2026-07-29 20:00:00+00:00,163.50107,163.55651,163.4918,163.5329
2026-07-29 20:15:00+00:00,163.53563,163.55737,163.52776,163.53884
2026-07-29 20:30:00+00:00,163.53714,163.55716,163.48052,163.48231
2026-07-29 20:45:00+00:00,163.48432,163.48432,163.43683,163.43712
2026-07-29 21:00:00+00:00,163.43786,163.50776,163.36897,163.41625
2026-07-29 21:15:00+00:00,163.40933,163.42156,163.40374,163.40972
2026-07-29 21:30:00+00:00,163.4057,163.42309,163.40281,163.41379
2026-07-29 21:45:00+00:00,163.41157,163.42603,163.40141,163.42362
2026-07-29 22:00:00+00:00,163.42011,163.43473,163.39383,163.42572
2026-07-29 22:15:00+00:00,163.42553,163.45865,163.41541,163.45783
2026-07-29 22:30:00+00:00,163.45433,163.45463,163.41935,163.42135
2026-07-29 22:45:00+00:00,163.42255,163.42255,163.38771,163.38844
2026-07-29 23:00:00+00:00,163.39025,163.39506,163.30123,163.34373
2026-07-29 23:15:00+00:00,163.35228,163.39249,163.35228,163.37982
2026-07-29 23:30:00+00:00,163.37985,163.39243,163.36372,163.37635
2026-07-29 23:45:00+00:00,163.37216,163.39505,163.26741,163.32748
2026-07-30 00:00:00+00:00,163.32477,163.33382,163.21507,163.25408
2026-07-30 00:15:00+00:00,163.25956,163.51362,163.25956,163.50457
2026-07-30 00:30:00+00:00,163.48505,163.50871,163.45463,163.45767
2026-07-30 00:45:00+00:00,163.46038,163.4933,163.42054,163.48769
2026-07-30 01:00:00+00:00,163.47807,163.49707,163.41835,163.43329
2026-07-30 01:15:00+00:00,163.42806,163.53974,163.4271,163.50623
2026-07-30 01:30:00+00:00,163.50523,163.50523,163.41489,163.46528
2026-07-30 01:45:00+00:00,163.46492,163.51428,163.45389,163.50892
2026-07-30 02:00:00+00:00,163.50614,163.51126,163.45801,163.48027
2026-07-30 02:15:00+00:00,163.47573,163.51056,163.47526,163.49895
2026-07-30 02:30:00+00:00,163.49325,163.4995,163.46589,163.48314
2026-07-30 02:45:00+00:00,163.47901,163.48694,163.46225,163.48104
2026-07-30 03:00:00+00:00,163.47672,163.53789,163.47672,163.5365
2026-07-30 03:15:00+00:00,163.53432,163.55197,163.50204,163.52329
2026-07-30 03:30:00+00:00,163.51916,163.556,163.51443,163.52166
2026-07-30 03:45:00+00:00,163.5185,163.52274,163.49285,163.50477
2026-07-30 04:00:00+00:00,163.50258,163.5249,163.48741,163.48756
2026-07-30 04:15:00+00:00,163.48865,163.49366,163.46392,163.48976
2026-07-30 04:30:00+00:00,163.48603,163.4895,163.46688,163.48777
2026-07-30 04:45:00+00:00,163.48382,163.51635,163.48222,163.51193
2026-07-30 05:00:00+00:00,163.50952,163.51396,163.47517,163.48563
2026-07-30 05:15:00+00:00,163.48224,163.49935,163.46217,163.49521
2026-07-30 05:30:00+00:00,163.48867,163.52751,163.48867,163.52161
2026-07-30 05:45:00+00:00,163.51886,163.5463,163.49985,163.54206
2026-07-30 06:00:00+00:00,163.53888,163.60445,163.53299,163.60014
2026-07-30 06:15:00+00:00,163.59346,163.63237,163.59346,163.60229
2026-07-30 06:30:00+00:00,163.59767,163.62247,163.56021,163.58744
2026-07-30 06:45:00+00:00,163.58521,163.64215,163.57264,163.63319
2026-07-30 07:00:00+00:00,163.62876,163.64548,163.57167,163.61246
2026-07-30 07:15:00+00:00,163.60806,163.65721,163.60437,163.65242
2026-07-30 07:30:00+00:00,163.64553,163.70523,163.64553,163.69798
2026-07-30 07:45:00+00:00,163.69622,163.74131,163.68298,163.73418
2026-07-30 08:00:00+00:00,163.73033,163.73922,163.63154,163.63409
2026-07-30 08:15:00+00:00,163.63837,163.66975,163.62786,163.62965
2026-07-30 08:30:00+00:00,163.62931,163.65546,163.6071,163.62731
2026-07-30 08:45:00+00:00,163.6286,163.6638,163.61671,163.66031
2026-07-30 09:00:00+00:00,163.65652,163.65941,163.49562,163.53457
2026-07-30 09:15:00+00:00,163.52842,163.53698,163.4683,163.47942
2026-07-30 09:30:00+00:00,163.4796,163.48576,163.39731,163.40433
2026-07-30 09:45:00+00:00,163.40608,163.41093,163.28624,163.30232
2026-07-30 10:00:00+00:00,163.29848,163.32907,163.02572,163.04994
2026-07-30 10:15:00+00:00,163.10205,163.10205,162.61708,162.83932
2026-07-30 10:30:00+00:00,162.81958,162.86352,162.74359,162.74482
2026-07-30 10:45:00+00:00,162.74606,162.85478,162.70738,162.8354
2026-07-30 11:00:00+00:00,162.83797,162.85055,162.72301,162.82238
2026-07-30 11:15:00+00:00,162.81249,162.96607,162.78016,162.96158
2026-07-30 11:30:00+00:00,162.95311,163.03094,162.95005,163.01175
2026-07-30 11:45:00+00:00,163.01776,163.01776,162.88582,162.89211
2026-07-30 12:00:00+00:00,162.89713,162.95449,162.87093,162.87873
2026-07-30 12:15:00+00:00,162.89283,162.93219,162.84888,162.89516
2026-07-30 12:30:00+00:00,162.89302,162.9298,162.7606,162.79064
2026-07-30 12:45:00+00:00,162.7831,162.95404,162.71167,162.94796
2026-07-30 13:00:00+00:00,162.93635,162.98088,162.86651,162.87216
2026-07-30 13:15:00+00:00,162.87569,162.90414,162.73944,162.79743
2026-07-30 13:30:00+00:00,162.79362,162.99952,160.38309,160.48515
2026-07-30 13:45:00+00:00,160.72305,161.06265,159.91889,159.97605
2026-07-30 14:00:00+00:00,160.09077,160.13789,158.86085,159.01441
2026-07-30 14:15:00+00:00,158.988,159.25437,157.94708,158.80945
2026-07-30 14:30:00+00:00,159.03012,159.62385,159.03012,159.61401
2026-07-30 14:45:00+00:00,159.59988,159.67845,159.29895,159.31368
2026-07-30 15:00:00+00:00,159.34107,159.61291,159.07821,159.46724
2026-07-30 15:15:00+00:00,159.49296,159.50898,159.40282,159.43388
2026-07-30 15:30:00+00:00,159.42958,159.4839,159.32229,159.3281
2026-07-30 15:45:00+00:00,159.32893,159.48713,159.3174,159.44265
2026-07-30 16:00:00+00:00,159.42182,159.50564,159.4043,159.44018
2026-07-30 16:15:00+00:00,159.43611,159.48103,159.37912,159.42218
2026-07-30 16:30:00+00:00,159.42706,159.59512,159.41256,159.5905
2026-07-30 16:45:00+00:00,159.57985,159.68069,159.57194,159.61022
2026-07-30 17:00:00+00:00,159.62128,159.68829,159.57233,159.65846
2026-07-30 17:15:00+00:00,159.66299,159.84755,159.66299,159.79507
2026-07-30 17:30:00+00:00,159.79899,160.01557,158.33974,159.21651
2026-07-30 17:45:00+00:00,159.12703,159.13964,158.78657,159.04253
2026-07-30 18:00:00+00:00,159.05046,159.06205,158.84908,158.92633
2026-07-30 18:15:00+00:00,158.91695,159.09283,158.87185,159.03062
2026-07-30 18:30:00+00:00,159.03929,159.11952,158.95644,159.02906
2026-07-30 18:45:00+00:00,159.03745,159.07889,158.96199,159.03966
2026-07-30 19:00:00+00:00,159.03249,159.22838,158.92869,159.21803
2026-07-30 19:15:00+00:00,159.20079,159.32557,159.12912,159.31384
2026-07-30 19:30:00+00:00,159.29643,159.44421,159.29643,159.39268
2026-07-30 19:45:00+00:00,159.39831,159.41947,159.30126,159.32558
2026-07-30 20:00:00+00:00,159.30984,159.40488,159.30984,159.40254
2026-07-30 20:15:00+00:00,159.39466,159.52599,159.38547,159.49799
2026-07-30 20:30:00+00:00,159.50331,159.54801,159.44605,159.51352
2026-07-30 20:45:00+00:00,159.50525,159.60199,159.50525,159.54396
2026-07-30 21:00:00+00:00,159.57659,159.57659,159.45752,159.50507
2026-07-30 21:15:00+00:00,159.50097,159.5362,159.49849,159.51561
2026-07-30 21:30:00+00:00,159.51727,159.6093,159.51727,159.60636
2026-07-30 21:45:00+00:00,159.60193,159.63839,159.58245,159.61545
2026-07-30 22:00:00+00:00,159.61684,159.68709,159.50408,159.64388
2026-07-30 22:15:00+00:00,159.64838,159.78731,159.64279,159.75234
2026-07-30 22:30:00+00:00,159.75744,159.75784,159.43987,159.63092
2026-07-30 22:45:00+00:00,159.6227,159.71013,159.56303,159.70484
2026-07-30 23:00:00+00:00,159.70353,159.85232,159.59415,159.84757
2026-07-30 23:15:00+00:00,159.83466,159.90433,159.79005,159.89837
2026-07-30 23:30:00+00:00,159.89078,160.18999,159.89078,160.17698
2026-07-30 23:45:00+00:00,160.15889,160.19848,160.13891,160.17454
2026-07-31 00:00:00+00:00,160.17596,160.41609,160.1726,160.31302
2026-07-31 00:15:00+00:00,160.29162,160.33545,160.16182,160.26915
2026-07-31 00:30:00+00:00,160.2553,160.5294,160.2553,160.5277
2026-07-31 00:45:00+00:00,160.52444,160.67171,160.44203,160.50827
2026-07-31 01:00:00+00:00,160.48955,160.65236,160.48955,160.59363
2026-07-31 01:15:00+00:00,160.5767,160.5767,160.4351,160.48169
2026-07-31 01:30:00+00:00,160.46203,160.61488,160.43455,160.61019
2026-07-31 01:45:00+00:00,160.60347,160.7424,160.59889,160.73653
2026-07-31 02:00:00+00:00,160.7219,160.76796,160.55664,160.56211
2026-07-31 02:15:00+00:00,160.57061,160.63423,160.50791,160.54926
2026-07-31 02:30:00+00:00,160.55827,160.62436,160.48382,160.60647
2026-07-31 02:45:00+00:00,160.61235,160.64913,160.47309,160.55943
2026-07-31 03:00:00+00:00,160.55576,160.89204,160.48887,160.72768
2026-07-31 03:15:00+00:00,160.75814,160.85172,160.7009,160.79608
2026-07-31 03:30:00+00:00,160.79946,160.85426,160.68339,160.72096
2026-07-31 03:45:00+00:00,160.72625,160.74294,160.54892,160.60466
2026-07-31 04:00:00+00:00,160.61019,160.68328,160.57248,160.68236
2026-07-31 04:15:00+00:00,160.67766,160.74156,160.62852,160.73896
2026-07-31 04:30:00+00:00,160.73305,160.75528,160.69656,160.70971
2026-07-31 04:45:00+00:00,160.71487,160.8064,160.67041,160.67352
2026-07-31 05:00:00+00:00,160.67917,160.71094,160.59709,160.66089
2026-07-31 05:15:00+00:00,160.64541,160.72789,160.5972,160.70954
2026-07-31 05:30:00+00:00,160.69912,160.74025,160.60793,160.65786
2026-07-31 05:45:00+00:00,160.66686,160.6984,160.59669,160.59947
2026-07-31 06:00:00+00:00,160.60408,160.6046,160.36205,160.45534
2026-07-31 06:15:00+00:00,160.44647,160.53253,160.27308,160.31127
2026-07-31 06:30:00+00:00,160.30629,160.52848,160.23773,160.50911
2026-07-31 06:45:00+00:00,160.49456,160.49456,160.02199,160.25312
2026-07-31 07:00:00+00:00,160.23755,160.43308,160.23755,160.39005
2026-07-31 07:15:00+00:00,160.38636,160.50522,160.33126,160.48349
2026-07-31 07:30:00+00:00,160.47769,160.60274,160.447,160.59462
2026-07-31 07:45:00+00:00,160.58062,160.63263,160.26294,160.36336
2026-07-31 08:00:00+00:00,160.34616,160.44585,160.22752,160.44419
2026-07-31 08:15:00+00:00,160.43993,160.43993,160.17931,160.26176
2026-07-31 08:30:00+00:00,160.23542,160.28793,159.95363,159.96623
2026-07-31 08:45:00+00:00,159.98582,160.12462,158.59166,158.64483
2026-07-31 09:00:00+00:00,158.74774,159.51718,158.4852,159.3767
2026-07-31 09:15:00+00:00,159.44626,159.82252,159.44626,159.81708
2026-07-31 09:30:00+00:00,159.80208,159.98657,159.63849,159.88645
2026-07-31 09:45:00+00:00,159.89585,160.05722,159.84082,160.0464
2026-07-31 10:00:00+00:00,160.0285,160.05354,159.90059,159.96299
2026-07-31 10:15:00+00:00,159.96066,160.12675,159.94406,160.03668
2026-07-31 10:30:00+00:00,160.03076,160.0457,159.91809,159.97531
2026-07-31 10:45:00+00:00,159.97135,160.0126,159.94407,160.00996
2026-07-31 11:00:00+00:00,160.00536,160.10246,159.97587,160.02927
2026-07-31 11:15:00+00:00,160.02229,160.15786,160.00679,160.09938
2026-07-31 11:30:00+00:00,160.06233,160.24446,160.06233,160.17452
2026-07-31 11:45:00+00:00,160.16434,160.24588,160.14451,160.20536
2026-07-31 12:00:00+00:00,160.19857,160.2645,160.17614,160.26049
2026-07-31 12:15:00+00:00,160.25466,160.37954,160.21414,160.33967
2026-07-31 12:30:00+00:00,160.33994,160.44035,160.31511,160.42303
2026-07-31 12:45:00+00:00,160.42531,160.45267,160.34014,160.35264
2026-07-31 13:00:00+00:00,160.36054,160.43331,160.29791,160.40427
2026-07-31 13:15:00+00:00,160.41599,160.51318,159.49915,159.52228
2026-07-31 13:30:00+00:00,159.57322,159.70001,159.17185,159.49671
2026-07-31 13:45:00+00:00,159.44298,159.76132,159.34129,159.49686
2026-07-31 14:00:00+00:00,159.48882,159.51282,158.86386,159.39036
2026-07-31 14:15:00+00:00,159.37919,159.479,159.21446,159.25258
2026-07-31 14:30:00+00:00,159.24348,159.48437,159.22292,159.41015
2026-07-31 14:45:00+00:00,159.41398,159.52239,159.2086,159.2295
2026-07-31 15:00:00+00:00,159.23741,159.3149,158.79344,159.18308
2026-07-31 15:15:00+00:00,159.18588,159.34727,159.11802,159.32866
2026-07-31 15:30:00+00:00,159.3041,159.40708,159.19957,159.23344
2026-07-31 15:45:00+00:00,159.22888,159.25657,159.14847,159.17933
2026-07-31 16:00:00+00:00,159.18927,159.26934,159.13889,159.22591
2026-07-31 16:15:00+00:00,159.23451,159.28061,159.20906,159.23827
2026-07-31 16:30:00+00:00,159.23304,159.26708,159.19776,159.26064
2026-07-31 16:45:00+00:00,159.24868,159.34823,159.24868,159.34269
2026-07-31 17:00:00+00:00,159.33448,159.50774,159.32407,159.43497
2026-07-31 17:15:00+00:00,159.45303,159.50039,158.63905,158.71065
2026-07-31 17:30:00+00:00,158.83971,158.85972,158.21753,158.22703
2026-07-31 17:45:00+00:00,158.24086,158.92231,157.78609,158.45822
2026-07-31 18:00:00+00:00,158.39574,158.86773,158.33368,158.63971
2026-07-31 18:15:00+00:00,158.6504,158.82701,158.5455,158.80368
2026-07-31 18:30:00+00:00,158.76564,158.89352,158.76564,158.88708
2026-07-31 18:45:00+00:00,158.87795,159.12826,158.87795,158.92325
2026-07-31 19:00:00+00:00,158.93972,159.00469,158.8742,158.97468
2026-07-31 19:15:00+00:00,158.95872,159.1092,158.95872,159.06491
2026-07-31 19:30:00+00:00,159.05755,159.23604,159.02302,159.09783
2026-07-31 19:45:00+00:00,159.10782,159.1467,158.99584,159.12776
2026-07-31 20:00:00+00:00,159.09466,159.21101,158.6501,158.92001
2026-07-31 20:15:00+00:00,158.89389,158.94421,157.76785,158.38598
2026-07-31 20:30:00+00:00,158.31112,158.31112,157.67077,157.68189
2026-07-31 20:45:00+00:00,157.70119,157.89585,157.42088,157.46124
2026-07-31 21:00:00+00:00,157.51272,157.78233,157.35571,157.48142
2026-07-31 21:15:00+00:00,157.47937,157.50775,157.46377,157.48782
2026-07-31 21:30:00+00:00,157.484,157.4848,157.43285,157.4376
2026-07-31 21:45:00+00:00,157.44249,157.47085,157.4422,157.46256
2026-07-31 22:00:00+00:00,157.46383,158.23485,157.28939,157.44702
2026-07-31 22:15:00+00:00,157.4621,157.51646,157.44316,157.50861
2026-07-31 22:30:00+00:00,157.49626,157.5241,157.39122,157.45272
2026-07-31 22:45:00+00:00,157.45682,157.52329,157.42607,157.49879
2026-07-31 23:00:00+00:00,157.48485,158.13356,157.37129,157.442
2026-07-31 23:15:00+00:00,157.46286,157.50938,157.44415,157.50368
2026-07-31 23:30:00+00:00,157.49483,157.51412,157.43334,157.45065
2026-07-31 23:45:00+00:00,157.45547,157.5231,157.42622,157.49927
2026-08-01 00:00:00+00:00,157.48586,158.2862,156.94215,157.65609
2026-08-01 00:15:00+00:00,157.65633,157.66567,157.59926,157.65437
2026-08-01 00:30:00+00:00,157.65125,157.70395,157.58359,157.65835
2026-08-01 00:45:00+00:00,157.65544,157.66128,157.60091,157.655
2026-08-01 01:00:00+00:00,157.65532,158.33771,157.2712,157.65479
2026-08-01 01:15:00+00:00,157.65553,157.66135,157.60113,157.65787
2026-08-01 01:30:00+00:00,157.65543,157.70502,157.51429,157.63888
2026-08-01 01:45:00+00:00,157.62636,157.66185,157.59965,157.65741
2026-08-01 02:00:00+00:00,157.65544,158.03619,157.48264,157.6541
2026-08-01 02:15:00+00:00,157.65517,157.66195,157.5999,157.65773
2026-08-01 02:30:00+00:00,157.65548,157.67832,157.57114,157.65891
2026-08-01 02:45:00+00:00,157.65542,157.66251,157.6117,157.65146
2026-08-01 03:00:00+00:00,157.64779,158.17897,157.57904,157.65484
2026-08-01 03:15:00+00:00,157.65596,157.66228,157.48045,157.65694
2026-08-01 03:30:00+00:00,157.65411,157.66227,157.65303,157.65896
2026-08-01 03:45:00+00:00,157.65545,157.68977,157.60717,157.65616
2026-08-01 04:00:00+00:00,157.65473,158.21813,157.58457,157.63116
2026-08-01 04:15:00+00:00,157.63892,157.66193,157.63892,157.65877
2026-08-01 04:30:00+00:00,157.65538,157.66184,157.61198,157.65865
2026-08-01 04:45:00+00:00,157.65518,157.66259,157.65311,157.65754
2026-08-01 05:00:00+00:00,157.6555,157.98978,157.65461,157.65461
2026-08-01 05:15:00+00:00,157.65556,157.68767,157.6124,157.65333
2026-08-01 05:30:00+00:00,157.64798,157.66246,157.64798,157.65868
2026-08-01 05:45:00+00:00,157.65551,157.66256,157.60213,157.65782
2026-08-01 06:00:00+00:00,157.65522,158.27532,157.65521,157.65521
2026-08-01 06:15:00+00:00,157.6558,157.66258,157.61316,157.65505
2026-08-01 06:30:00+00:00,157.65551,157.66281,157.53077,157.62408
2026-08-01 06:45:00+00:00,157.59816,157.66267,157.59816,157.65862
2026-08-01 07:00:00+00:00,157.65558,158.27235,157.60569,157.65758
2026-08-01 07:15:00+00:00,157.65501,157.66275,157.65332,157.65492
2026-08-01 07:30:00+00:00,157.65576,157.66873,157.61181,157.65826
2026-08-01 07:45:00+00:00,157.65604,157.68965,157.59709,157.64876
2026-08-01 08:00:00+00:00,157.63983,157.66259,157.63983,157.65731
2026-08-01 08:15:00+00:00,157.65551,157.66166,157.53239,157.65861
2026-08-01 08:30:00+00:00,157.65414,157.66255,157.65298,157.65796
2026-08-01 08:45:00+00:00,157.65555,157.66205,157.60266,157.65902
2026-08-01 09:00:00+00:00,157.65549,157.68016,157.61186,157.64492
2026-08-01 09:15:00+00:00,157.63667,157.6625,157.63667,157.65439
2026-08-01 09:30:00+00:00,157.65556,157.67785,157.60176,157.65787
2026-08-01 09:45:00+00:00,157.65485,157.66246,157.65313,157.65903
2026-08-01 10:00:00+00:00,157.6555,157.66255,157.53072,157.65712
2026-08-01 10:15:00+00:00,157.65548,157.66247,157.60283,157.64803
2026-08-01 10:30:00+00:00,157.6419,157.66235,157.6419,157.659
2026-08-01 10:45:00+00:00,157.65549,157.68685,157.61106,157.65833
2026-08-01 11:00:00+00:00,157.65493,157.66249,157.59643,157.6575
2026-08-01 11:15:00+00:00,157.65525,157.66179,157.60284,157.65461
2026-08-01 11:30:00+00:00,157.65548,157.66235,157.51226,157.61089
2026-08-01 11:45:00+00:00,157.59477,157.65745,157.56927,157.65678
2026-08-01 12:00:00+00:00,157.65363,157.66521,157.60548,157.6544
2026-08-01 12:15:00+00:00,157.65146,157.66249,157.65146,157.65501
2026-08-01 12:30:00+00:00,157.6555,157.66206,157.60324,157.65448
2026-08-01 12:45:00+00:00,157.65511,157.66258,157.6017,157.60887
2026-08-01 13:00:00+00:00,157.61812,157.66252,157.61812,157.65859
2026-08-01 13:15:00+00:00,157.65543,157.76416,157.51678,157.64489
2026-08-01 13:30:00+00:00,157.63945,157.66253,157.63945,157.65452
2026-08-01 13:45:00+00:00,157.65547,157.66129,157.60628,157.65704
2026-08-01 14:00:00+00:00,157.65484,157.66252,157.60273,157.60985
2026-08-01 14:15:00+00:00,157.61716,157.66233,157.61716,157.65703
2026-08-01 14:30:00+00:00,157.65546,157.67135,157.60219,157.65674
2026-08-01 14:45:00+00:00,157.65192,157.66253,157.65164,157.65813
2026-08-01 15:00:00+00:00,157.6555,157.7499,157.51292,157.6579
2026-08-01 15:15:00+00:00,157.65428,157.66237,157.60327,157.60944
2026-08-01 15:30:00+00:00,157.61953,157.66221,157.61953,157.65428
2026-08-01 15:45:00+00:00,157.65546,157.66246,157.60214,157.65574
2026-08-01 16:00:00+00:00,157.65169,158.03992,157.65169,157.65977
2026-08-01 16:15:00+00:00,157.65633,157.68546,157.60181,157.65692
2026-08-01 16:30:00+00:00,157.65508,157.71751,157.5091,157.52531
2026-08-01 16:45:00+00:00,157.56293,157.66228,157.56293,157.65905
2026-08-01 17:00:00+00:00,157.65538,158.03155,157.60732,157.6559
2026-08-01 17:15:00+00:00,157.65244,157.66248,157.65244,157.65791
2026-08-01 17:30:00+00:00,157.6555,157.68073,157.60198,157.6541
2026-08-01 17:45:00+00:00,157.65489,157.66259,157.62594,157.63616
2026-08-01 18:00:00+00:00,157.6508,158.02912,157.5201,157.66023
2026-08-01 18:15:00+00:00,157.65741,157.66286,157.51437,157.6282
2026-08-01 18:30:00+00:00,157.61831,157.66066,157.61831,157.65476
2026-08-01 18:45:00+00:00,157.65509,157.69223,157.60187,157.65812
2026-08-01 19:00:00+00:00,157.65392,158.03318,157.48575,157.64938
2026-08-01 19:15:00+00:00,157.64644,157.65804,157.59994,157.65425
2026-08-01 19:30:00+00:00,157.6507,157.6613,157.58931,157.64598
2026-08-01 19:45:00+00:00,157.64378,157.65553,157.54094,157.55421
2026-08-01 20:00:00+00:00,157.58074,158.02404,157.54435,157.65727
2026-08-01 20:15:00+00:00,157.65504,157.70371,157.60705,157.68802
2026-08-01 20:30:00+00:00,157.66404,157.66404,157.59103,157.63873
2026-08-01 20:45:00+00:00,157.6374,157.65097,157.58295,157.62017
2026-08-01 21:00:00+00:00,157.62134,158.06968,157.57179,157.65873
2026-08-01 21:15:00+00:00,157.65884,157.66129,157.60329,157.6584
2026-08-01 21:30:00+00:00,157.65481,157.69907,157.55686,157.6844
2026-08-01 21:45:00+00:00,157.65945,157.65997,157.50913,157.65212
2026-08-01 22:00:00+00:00,157.64672,158.01224,157.60148,157.65472
2026-08-01 22:15:00+00:00,157.65019,157.66244,157.65019,157.65893
2026-08-01 22:30:00+00:00,157.65549,157.71498,157.56051,157.64272
2026-08-01 22:45:00+00:00,157.63798,157.66216,157.63798,157.65451
2026-08-01 23:00:00+00:00,157.65548,158.0288,157.32143,157.65645
2026-08-01 23:15:00+00:00,157.65659,157.66254,157.50786,157.63633
2026-08-01 23:30:00+00:00,157.62796,157.6623,157.62796,157.65803
2026-08-01 23:45:00+00:00,157.65545,157.66064,157.58986,157.65014
2026-08-02 00:00:00+00:00,157.65076,157.66152,157.65012,157.65898
2026-08-02 00:15:00+00:00,157.65475,157.68212,157.6049,157.65221
2026-08-02 00:30:00+00:00,157.64915,157.68022,157.60215,157.63752
2026-08-02 00:45:00+00:00,157.63109,157.6599,157.63109,157.65723
2026-08-02 01:00:00+00:00,157.65485,157.66233,157.47774,157.61579
2026-08-02 01:15:00+00:00,157.626,157.65431,157.58706,157.62709
2026-08-02 01:30:00+00:00,157.62489,157.63471,157.56795,157.63078
2026-08-02 01:45:00+00:00,157.62741,157.66555,157.59791,157.6121
2026-08-02 02:00:00+00:00,157.61043,157.63402,157.60596,157.62554
2026-08-02 02:15:00+00:00,157.62665,157.63607,157.57098,157.62511
2026-08-02 02:30:00+00:00,157.61195,157.66085,157.61195,157.65781
2026-08-02 02:45:00+00:00,157.6542,157.66147,157.51786,157.65645
2026-08-02 03:00:00+00:00,157.6552,157.66257,157.60278,157.65235
2026-08-02 03:15:00+00:00,157.64677,157.66255,157.64677,157.6585
2026-08-02 03:30:00+00:00,157.65549,157.69484,157.60175,157.65802
2026-08-02 03:45:00+00:00,157.65442,157.66254,157.65295,157.65712
2026-08-02 04:00:00+00:00,157.6555,157.67088,157.562,157.64642
2026-08-02 04:15:00+00:00,157.63994,157.76438,157.5083,157.62798
2026-08-02 04:30:00+00:00,157.61589,157.66145,157.61589,157.65882
2026-08-02 04:45:00+00:00,157.65545,157.69525,157.55961,157.63244
2026-08-02 05:00:00+00:00,157.62702,157.66085,157.62179,157.6543
2026-08-02 05:15:00+00:00,157.65519,157.66134,157.59223,157.6586
2026-08-02 05:30:00+00:00,157.6547,157.66218,157.52495,157.60056
2026-08-02 05:45:00+00:00,157.57842,157.63301,157.57842,157.62837
2026-08-02 06:00:00+00:00,157.62558,157.74516,157.51289,157.65502
2026-08-02 06:15:00+00:00,157.65148,157.66248,157.65148,157.6549
2026-08-02 06:30:00+00:00,157.6555,157.6608,157.59207,157.65792
2026-08-02 06:45:00+00:00,157.65529,157.66235,157.59303,157.64235
2026-08-02 07:00:00+00:00,157.6371,157.66234,157.6371,157.65766
2026-08-02 07:15:00+00:00,157.65548,157.68768,157.59213,157.65832
2026-08-02 07:30:00+00:00,157.65376,157.66246,157.65242,157.65757
2026-08-02 07:45:00+00:00,157.65549,157.71996,157.51966,157.65266
2026-08-02 08:00:00+00:00,157.64881,157.66154,157.58605,157.621
2026-08-02 08:15:00+00:00,157.60932,157.65025,157.60932,157.64205
2026-08-02 08:30:00+00:00,157.64319,157.64974,157.59813,157.61442
2026-08-02 08:45:00+00:00,157.61171,157.65036,157.60964,157.64756
2026-08-02 09:00:00+00:00,157.64402,157.6892,157.58006,157.60155
2026-08-02 09:15:00+00:00,157.60022,157.65812,157.49299,157.53247
2026-08-02 09:30:00+00:00,157.5336,157.54066,157.53125,157.537
2026-08-02 09:45:00+00:00,157.5336,157.55618,157.50135,157.51528
2026-08-02 10:00:00+00:00,157.51188,157.51895,157.50953,157.51402
2026-08-02 10:15:00+00:00,157.51188,157.5189,157.50956,157.51097
2026-08-02 10:30:00+00:00,157.51188,157.5189,157.47544,157.48601
2026-08-02 10:45:00+00:00,157.48612,157.49301,157.48376,157.48919
2026-08-02 11:00:00+00:00,157.48612,157.4932,157.48377,157.48884
2026-08-02 11:15:00+00:00,157.48612,157.49318,157.48385,157.48561
2026-08-02 11:30:00+00:00,157.48612,157.85673,157.43463,157.74387
2026-08-02 11:45:00+00:00,157.74399,157.75088,157.74163,157.74706
2026-08-02 12:00:00+00:00,157.74399,157.75109,157.74164,157.74673
2026-08-02 12:15:00+00:00,157.74399,157.75106,157.74171,157.7435
2026-08-02 12:30:00+00:00,157.74399,157.75104,157.74165,157.7434
2026-08-02 12:45:00+00:00,157.74399,157.75108,157.74177,157.74662
2026-08-02 13:00:00+00:00,157.74399,157.75109,157.74163,157.74714
2026-08-02 13:15:00+00:00,157.74399,157.96756,157.65631,157.87544
2026-08-02 13:30:00+00:00,157.87569,157.8828,157.87333,157.87491
2026-08-02 13:45:00+00:00,157.87569,157.88279,157.87346,157.87806
2026-08-02 14:00:00+00:00,157.87569,158.02781,157.47057,157.55616
2026-08-02 14:15:00+00:00,157.55264,157.55969,157.5503,157.5538
2026-08-02 14:30:00+00:00,157.55264,157.55973,157.55044,157.55146
2026-08-02 14:45:00+00:00,157.55264,157.55951,157.45816,157.49021
2026-08-02 15:00:00+00:00,157.48706,157.85907,157.32949,157.73094
2026-08-02 15:15:00+00:00,157.7274,157.73449,157.72503,157.72864
2026-08-02 15:30:00+00:00,157.7274,157.73449,157.7252,157.72622
2026-08-02 15:45:00+00:00,157.7274,157.73445,157.72505,157.7306
2026-08-02 16:00:00+00:00,157.7274,158.15371,157.6551,157.66071
2026-08-02 16:15:00+00:00,157.65739,157.66311,157.65332,157.65752
2026-08-02 16:30:00+00:00,157.6555,157.89747,157.61776,157.73831
2026-08-02 16:45:00+00:00,157.75187,157.75187,157.65351,157.65562
2026-08-02 17:00:00+00:00,157.65562,157.88603,157.62462,157.65941
2026-08-02 17:15:00+00:00,157.65627,157.66271,157.65314,157.65807
2026-08-02 17:30:00+00:00,157.6555,157.66259,157.65332,157.65486
2026-08-02 17:45:00+00:00,157.6555,157.66256,157.65315,157.65506
2026-08-02 18:00:00+00:00,157.6555,158.03909,157.53092,157.54463
2026-08-02 18:15:00+00:00,157.56337,157.89201,157.56337,157.66142
2026-08-02 18:30:00+00:00,157.65867,157.68689,157.60302,157.65496
2026-08-02 18:45:00+00:00,157.65184,157.66242,157.42527,157.44285
2026-08-02 19:00:00+00:00,157.48503,157.75799,157.23434,157.26315
2026-08-02 19:15:00+00:00,157.26195,157.4776,157.11723,157.25895
2026-08-02 19:30:00+00:00,157.26315,157.43177,157.21161,157.30647
2026-08-02 19:45:00+00:00,157.32775,157.34072,157.19755,157.2087
2026-08-02 20:00:00+00:00,157.21249,157.28773,157.11557,157.22781
2026-08-02 20:15:00+00:00,157.20464,157.25025,157.04877,157.14344
2026-08-02 20:30:00+00:00,157.10749,157.29084,157.02617,157.15756
2026-08-02 20:45:00+00:00,157.15076,157.22634,157.09528,157.22446
2026-08-02 21:00:00+00:00,157.22112,157.46096,157.08888,157.45059
2026-08-02 21:15:00+00:00,157.43199,157.58954,157.43199,157.49939
2026-08-02 21:30:00+00:00,157.50773,157.53264,157.45369,157.48541
2026-08-02 21:45:00+00:00,157.4872,157.56464,157.47874,157.51307
2026-08-02 22:00:00+00:00,157.49988,157.53468,156.99952,157.00766
2026-08-02 22:15:00+00:00,157.01104,157.50924,156.98749,157.48371
2026-08-02 22:30:00+00:00,157.45038,157.45038,157.18454,157.2819
2026-08-02 22:45:00+00:00,157.2715,157.30449,157.10348,157.28957
2026-08-02 23:00:00+00:00,157.26715,157.59163,157.18324,157.57609
2026-08-02 23:15:00+00:00,157.55206,157.86859,157.55206,157.74397
2026-08-02 23:30:00+00:00,157.81224,157.87141,157.65369,157.86768
2026-08-02 23:45:00+00:00,157.85977,157.85977,157.6091,157.61112
2026-08-03 00:00:00+00:00,157.61412,157.84174,157.5985,157.83264
2026-08-03 00:15:00+00:00,157.81841,157.8552,156.75323,156.86933
2026-08-03 00:30:00+00:00,157.06802,157.06802,155.44971,155.49885
2026-08-03 00:45:00+00:00,155.58775,156.19075,155.25118,156.16913
2026-08-03 01:00:00+00:00,156.12187,156.37865,155.46131,156.15727
2026-08-03 01:15:00+00:00,156.13512,156.30832,156.04059,156.29315
2026-08-03 01:30:00+00:00,156.27159,156.46436,156.2174,156.3467
2026-08-03 01:45:00+00:00,156.3495,156.38435,156.2498,156.36246
2026-08-03 02:00:00+00:00,156.35852,156.62392,156.33782,156.55399
2026-08-03 02:15:00+00:00,156.56088,156.56841,156.38248,156.52192
2026-08-03 02:30:00+00:00,156.51354,156.51354,156.26477,156.3836
2026-08-03 02:45:00+00:00,156.3568,156.51516,156.3568,156.44063
2026-08-03 03:00:00+00:00,156.45239,156.64626,156.40114,156.57319
2026-08-03 03:15:00+00:00,156.58624,156.59874,156.46756,156.54763
2026-08-03 03:30:00+00:00,156.54043,156.57695,156.48065,156.5161
2026-08-03 03:45:00+00:00,156.51801,156.60297,156.51801,156.52974
2026-08-03 04:00:00+00:00,156.5451,156.5451,156.40752,156.50436
2026-08-03 04:15:00+00:00,156.49683,156.55008,156.4273,156.51676
2026-08-03 04:30:00+00:00,156.52073,156.54486,156.40623,156.4455
2026-08-03 04:45:00+00:00,156.45321,156.54289,156.38384,156.4713
2026-08-03 05:00:00+00:00,156.47615,156.50492,156.39238,156.49378
2026-08-03 05:15:00+00:00,156.49029,156.50742,156.42702,156.48496
2026-08-03 05:30:00+00:00,156.48118,156.50978,156.41011,156.43637
2026-08-03 05:45:00+00:00,156.4439,156.45688,156.39046,156.40095
2026-08-03 06:00:00+00:00,156.398,156.46629,156.36,156.44049
2026-08-03 06:15:00+00:00,156.43758,156.69862,156.42881,156.64511
2026-08-03 06:30:00+00:00,156.65,156.77625,156.58848,156.76117
2026-08-03 06:45:00+00:00,156.75396,156.84129,156.74824,156.80978
2026-08-03 07:00:00+00:00,156.81611,156.81611,156.57185,156.58152
2026-08-03 07:15:00+00:00,156.5969,156.73786,156.5609,156.59488
2026-08-03 07:30:00+00:00,156.60025,156.73159,156.50162,156.72676
2026-08-03 07:45:00+00:00,156.72166,156.79423,156.7107,156.79179
2026-08-03 08:00:00+00:00,156.78668,156.79434,156.64038,156.71738
2026-08-03 08:15:00+00:00,156.7011,156.80839,156.69344,156.80451
2026-08-03 08:30:00+00:00,156.79873,156.89498,156.68311,156.88717
2026-08-03 08:45:00+00:00,156.87511,156.98531,156.87511,156.98219
2026-08-03 09:00:00+00:00,156.97375,157.02892,156.93618,156.97285
2026-08-03 09:15:00+00:00,156.9881,157.00991,156.90277,156.96888
2026-08-03 09:30:00+00:00,156.97576,157.12803,156.96963,157.12486
2026-08-03 09:45:00+00:00,157.11689,157.11689,156.90923,157.06639
2026-08-03 10:00:00+00:00,157.04932,157.08869,156.94174,156.96734
2026-08-03 10:15:00+00:00,156.98011,157.00717,156.93117,156.94611
2026-08-03 10:30:00+00:00,156.95139,156.96839,156.89317,156.962
2026-08-03 10:45:00+00:00,156.95303,157.02189,156.78316,156.82621
2026-08-03 11:00:00+00:00,156.83053,156.87133,156.77367,156.83783
2026-08-03 11:15:00+00:00,156.83305,156.95228,156.76687,156.94463
2026-08-03 11:30:00+00:00,156.93042,156.98973,156.92395,156.93739
2026-08-03 11:45:00+00:00,156.94262,156.94967,156.68107,156.69232
2026-08-03 12:00:00+00:00,156.71122,156.72799,156.65048,156.65428
2026-08-03 12:15:00+00:00,156.65402,156.73028,156.62267,156.72585
2026-08-03 12:30:00+00:00,156.71717,156.88415,156.68189,156.87785
2026-08-03 12:45:00+00:00,156.86824,156.92496,156.76893,156.77241
2026-08-03 13:00:00+00:00,156.77956,156.88876,156.77956,156.80953
2026-08-03 13:15:00+00:00,156.80285,156.80395,156.48574,156.60804
2026-08-03 13:30:00+00:00,156.58824,156.58824,156.32609,156.36173
2026-08-03 13:45:00+00:00,156.35787,156.5191,156.34475,156.51123
2026-08-03 14:00:00+00:00,156.50644,156.59929,156.44685,156.59518
2026-08-03 14:15:00+00:00,156.58324,156.70506,156.39103,156.53314
2026-08-03 14:30:00+00:00,156.53457,156.69125,156.48731,156.67882
2026-08-03 14:45:00+00:00,156.65965,156.76952,156.52696,156.53321
2026-08-03 15:00:00+00:00,156.54892,156.77874,156.54892,156.76095
2026-08-03 15:15:00+00:00,156.75465,156.86308,156.75465,156.80633
2026-08-03 15:30:00+00:00,156.82028,156.84482,156.74022,156.83268
2026-08-03 15:45:00+00:00,156.81321,157.04153,156.81321,156.96446
2026-08-03 16:00:00+00:00,156.96816,156.98295,156.87813,156.91515
2026-08-03 16:15:00+00:00,156.91319,156.91319,156.82573,156.85169
2026-08-03 16:30:00+00:00,156.84782,157.00164,156.81649,156.89106
2026-08-03 16:45:00+00:00,156.89696,156.91016,156.87083,156.87284
2026-08-03 17:00:00+00:00,156.87891,156.97478,156.87891,156.95062
2026-08-03 17:15:00+00:00,156.95281,156.99833,156.94957,156.99363
2026-08-03 17:30:00+00:00,156.98907,157.01074,156.94281,156.96598
2026-08-03 17:45:00+00:00,156.96306,157.04192,156.92896,157.03562
2026-08-03 18:00:00+00:00,157.02705,157.0671,156.95424,156.95667
2026-08-03 18:15:00+00:00,156.96006,156.96353,156.87028,156.90169
2026-08-03 18:30:00+00:00,156.89711,156.92755,156.82509,156.83121
2026-08-03 18:45:00+00:00,156.8406,156.91052,156.73055,156.73596
2026-08-03 19:00:00+00:00,156.74298,156.8562,156.71349,156.84764
2026-08-03 19:15:00+00:00,156.833,156.88578,156.833,156.85754
2026-08-03 19:30:00+00:00,156.86092,156.90535,156.84105,156.90136
2026-08-03 19:45:00+00:00,156.899,156.9671,156.89106,156.95113
2026-08-03 20:00:00+00:00,156.95386,157.05123,156.95386,157.04456
2026-08-03 20:15:00+00:00,157.03331,157.20625,157.03331,157.19947
2026-08-03 20:30:00+00:00,157.18131,157.20149,157.05429,157.15091
2026-08-03 20:45:00+00:00,157.13981,157.20593,157.13981,157.20071
2026-08-03 21:00:00+00:00,157.19512,157.20804,157.15058,157.19769
2026-08-03 21:15:00+00:00,157.19008,157.20795,157.18812,157.19351
2026-08-03 21:30:00+00:00,157.18845,157.21189,157.18845,157.19857
2026-08-03 21:45:00+00:00,157.19615,157.21299,157.18946,157.19678
2026-08-03 22:00:00+00:00,157.20011,157.4443,157.14772,157.41556
2026-08-03 22:15:00+00:00,157.40234,157.42601,157.37404,157.40182
2026-08-03 22:30:00+00:00,157.39874,157.42443,157.31397,157.37988
2026-08-03 22:45:00+00:00,157.38778,157.3915,157.34659,157.36554
2026-08-03 23:00:00+00:00,157.3644,157.37555,157.31241,157.34981
2026-08-03 23:15:00+00:00,157.34662,157.38192,157.28191,157.36831
2026-08-03 23:30:00+00:00,157.35947,157.54093,157.35947,157.5369
2026-08-03 23:45:00+00:00,157.53369,157.65677,157.53179,157.56146
2026-08-04 00:00:00+00:00,157.5683,157.5683,157.35056,157.37416
2026-08-04 00:15:00+00:00,157.39421,157.4446,157.21442,157.32583
2026-08-04 00:30:00+00:00,157.32116,157.44266,157.30028,157.43813
2026-08-04 00:45:00+00:00,157.42664,157.59835,157.38931,157.48717
2026-08-04 01:00:00+00:00,157.48383,157.61669,157.48151,157.56435
2026-08-04 01:15:00+00:00,157.56904,157.58724,157.47013,157.52356
2026-08-04 01:30:00+00:00,157.51403,157.54282,157.40133,157.44456
2026-08-04 01:45:00+00:00,157.44004,157.58753,157.42858,157.58439
2026-08-04 02:00:00+00:00,157.57782,157.74476,157.57782,157.64368
2026-08-04 02:15:00+00:00,157.6506,157.74132,157.6154,157.74
2026-08-04 02:30:00+00:00,157.73659,157.73659,157.66085,157.70782
2026-08-04 02:45:00+00:00,157.69406,157.7328,157.63502,157.72792
2026-08-04 03:00:00+00:00,157.72671,157.72858,157.64785,157.67604
2026-08-04 03:15:00+00:00,157.6659,157.6876,157.56822,157.60826
2026-08-04 03:30:00+00:00,157.60181,157.70476,157.54066,157.60877
2026-08-04 03:45:00+00:00,157.60473,157.66801,157.60473,157.66484
2026-08-04 04:00:00+00:00,157.65692,157.67184,157.59138,157.65136
2026-08-04 04:15:00+00:00,157.64802,157.68061,157.61175,157.62423
2026-08-04 04:30:00+00:00,157.62054,157.62269,157.4917,157.49411
2026-08-04 04:45:00+00:00,157.49253,157.57389,157.49253,157.54897
2026-08-04 05:00:00+00:00,157.54647,157.58665,157.50811,157.58163
2026-08-04 05:15:00+00:00,157.5742,157.62962,157.54677,157.59485
2026-08-04 05:30:00+00:00,157.59106,157.70439,157.57216,157.70159
2026-08-04 05:45:00+00:00,157.69197,157.73323,157.69197,157.70971
2026-08-04 06:00:00+00:00,157.70392,157.75212,157.65362,157.70327
2026-08-04 06:15:00+00:00,157.71315,157.71315,157.58839,157.60195
2026-08-04 06:30:00+00:00,157.63415,157.74398,157.62384,157.73948
2026-08-04 06:45:00+00:00,157.72708,157.76412,157.64892,157.68527
2026-08-04 07:00:00+00:00,157.67922,157.74908,157.65794,157.70685
2026-08-04 07:15:00+00:00,157.70999,157.76678,157.63271,157.67404
2026-08-04 07:30:00+00:00,157.66437,157.83884,157.6286,157.8354
2026-08-04 07:45:00+00:00,157.82633,157.83793,157.7654,157.81694
2026-08-04 08:00:00+00:00,157.81325,157.82206,157.78967,157.81001
2026-08-04 08:15:00+00:00,157.80812,157.81576,157.7468,157.75849
2026-08-04 08:30:00+00:00,157.76058,157.81548,157.7471,157.74856
2026-08-04 08:45:00+00:00,157.7499,157.82051,157.7499,157.81162
2026-08-04 09:00:00+00:00,157.80793,157.93949,157.79969,157.92761
2026-08-04 09:15:00+00:00,157.92332,157.92332,157.86005,157.87577
2026-08-04 09:30:00+00:00,157.87405,157.91662,157.8379,157.91362
2026-08-04 09:45:00+00:00,157.90698,157.96897,157.90698,157.92257
2026-08-04 10:00:00+00:00,157.91883,157.95779,157.88676,157.93762
2026-08-04 10:15:00+00:00,157.92863,157.95013,157.88508,157.88802
2026-08-04 10:30:00+00:00,157.89459,157.91063,157.84682,157.85815
2026-08-04 10:45:00+00:00,157.8761,157.8761,157.7813,157.8218
2026-08-04 11:00:00+00:00,157.8249,157.85984,157.76339,157.76783
2026-08-04 11:15:00+00:00,157.77389,157.78714,157.7011,157.71587
2026-08-04 11:30:00+00:00,157.71299,157.77978,157.55628,157.6194
2026-08-04 11:45:00+00:00,157.61208,157.6553,157.46495,157.48453
2026-08-04 12:00:00+00:00,157.5048,157.5048,157.31527,157.43449
2026-08-04 12:15:00+00:00,157.43491,157.61117,157.40495,157.56908
2026-08-04 12:30:00+00:00,157.55639,157.58239,157.44938,157.47798
2026-08-04 12:45:00+00:00,157.47164,157.5056,157.41214,157.50078
2026-08-04 13:00:00+00:00,157.48943,157.5577,157.48943,157.53417
2026-08-04 13:15:00+00:00,157.52972,157.56236,157.38879,157.42705
2026-08-04 13:30:00+00:00,157.42594,157.42594,157.2254,157.31916
2026-08-04 13:45:00+00:00,157.3068,157.45211,157.28892,157.42791
2026-08-04 14:00:00+00:00,157.43146,157.44947,157.3063,157.37326
2026-08-04 14:15:00+00:00,157.36694,157.48821,157.32498,157.4483
2026-08-04 14:30:00+00:00,157.45098,157.58259,157.45098,157.55536
2026-08-04 14:45:00+00:00,157.5476,157.62282,157.5476,157.58154
2026-08-04 15:00:00+00:00,157.59573,157.61414,157.52324,157.54739
2026-08-04 15:15:00+00:00,157.54253,157.61277,157.53077,157.57006
2026-08-04 15:30:00+00:00,157.57388,157.57388,157.4228,157.43826
2026-08-04 15:45:00+00:00,157.43537,157.45765,157.38017,157.43501
2026-08-04 16:00:00+00:00,157.43788,157.52817,157.43534,157.48796
2026-08-04 16:15:00+00:00,157.49247,157.50708,157.44605,157.47995
2026-08-04 16:30:00+00:00,157.47295,157.60008,157.46991,157.59549
2026-08-04 16:45:00+00:00,157.58885,157.63572,157.58362,157.59078
2026-08-04 17:00:00+00:00,157.59398,157.62143,157.53573,157.60651
2026-08-04 17:15:00+00:00,157.60099,157.6515,157.56281,157.60832
2026-08-04 17:30:00+00:00,157.60989,157.63562,157.58345,157.58579
2026-08-04 17:45:00+00:00,157.58972,157.61221,157.57802,157.60543
2026-08-04 18:00:00+00:00,157.59554,157.65232,157.59554,157.6505
2026-08-04 18:15:00+00:00,157.64676,157.68591,157.63874,157.66688
2026-08-04 18:30:00+00:00,157.65937,157.68283,157.6513,157.67533
2026-08-04 18:45:00+00:00,157.6762,157.69052,157.62796,157.65652
2026-08-04 19:00:00+00:00,157.64596,157.79088,157.64596,157.78344
2026-08-04 19:15:00+00:00,157.76551,157.79978,157.76551,157.78344
2026-08-04 19:30:00+00:00,157.78482,157.79392,157.76033,157.78865
2026-08-04 19:45:00+00:00,157.78411,157.83475,157.74349,157.74871
2026-08-04 20:00:00+00:00,157.75901,157.78102,157.74366,157.74911
2026-08-04 20:15:00+00:00,157.74761,157.75269,157.68875,157.72155
2026-08-04 20:30:00+00:00,157.7124,157.75973,157.7124,157.75137
2026-08-04 20:45:00+00:00,157.75324,157.76459,157.72723,157.73525
2026-08-04 21:00:00+00:00,157.74145,157.81261,157.7183,157.81176
2026-08-04 21:15:00+00:00,157.80912,157.80933,157.73456,157.73849
2026-08-04 21:30:00+00:00,157.73906,157.79065,157.73209,157.78868
2026-08-04 21:45:00+00:00,157.78339,157.81379,157.72366,157.74472
2026-08-04 22:00:00+00:00,157.74583,157.75805,157.70002,157.73082
2026-08-04 22:15:00+00:00,157.7234,157.76188,157.71799,157.75578
2026-08-04 22:30:00+00:00,157.75029,157.77485,157.73405,157.73803
2026-08-04 22:45:00+00:00,157.74385,157.74957,157.72102,157.73004
2026-08-04 23:00:00+00:00,157.73121,157.79808,157.71702,157.79346
2026-08-04 23:15:00+00:00,157.78582,157.79755,157.77148,157.78332
2026-08-04 23:30:00+00:00,157.77454,157.81286,157.77365,157.8079
2026-08-04 23:45:00+00:00,157.80534,157.8072,157.71646,157.72471
2026-08-05 00:00:00+00:00,157.73679,157.75555,157.66985,157.70224
2026-08-05 00:15:00+00:00,157.70427,157.70427,157.56223,157.63444
2026-08-05 00:30:00+00:00,157.62512,157.65449,157.59749,157.64622
2026-08-05 00:45:00+00:00,157.6408,157.67739,157.47374,157.55209
2026-08-05 01:00:00+00:00,157.53798,157.62441,157.53572,157.57195
2026-08-05 01:15:00+00:00,157.56633,157.65304,157.52015,157.63706
2026-08-05 01:30:00+00:00,157.63847,157.67863,157.61032,157.65369
2026-08-05 01:45:00+00:00,157.66598,157.66598,157.60662,157.6449
2026-08-05 02:00:00+00:00,157.64203,157.70926,157.59826,157.60628
2026-08-05 02:15:00+00:00,157.61617,157.61683,157.40224,157.42012
2026-08-05 02:30:00+00:00,157.43506,157.49023,157.32941,157.34935
2026-08-05 02:45:00+00:00,157.34603,157.44863,157.31747,157.43835
2026-08-05 03:00:00+00:00,157.42896,157.4614,157.36857,157.38282
2026-08-05 03:15:00+00:00,157.38405,157.44276,157.36451,157.43868
2026-08-05 03:30:00+00:00,157.43167,157.51632,157.43167,157.49458
2026-08-05 03:45:00+00:00,157.49652,157.49829,157.4218,157.42695
2026-08-05 04:00:00+00:00,157.43484,157.43484,157.37199,157.40587
2026-08-05 04:15:00+00:00,157.40412,157.42431,157.37865,157.39718
2026-08-05 04:30:00+00:00,157.40101,157.5607,157.40101,157.55879
2026-08-05 04:45:00+00:00,157.55103,157.67675,157.54993,157.65052
2026-08-05 05:00:00+00:00,157.63661,157.70928,157.63661,157.66325
2026-08-05 05:15:00+00:00,157.66682,157.6806,157.62301,157.65577
2026-08-05 05:30:00+00:00,157.64426,157.67496,157.60553,157.61615
2026-08-05 05:45:00+00:00,157.61981,157.66993,157.58808,157.64722
2026-08-05 06:00:00+00:00,157.64226,157.67743,157.61765,157.65861
2026-08-05 06:15:00+00:00,157.65033,157.76287,157.64683,157.71699
2026-08-05 06:30:00+00:00,157.70862,157.73369,157.59294,157.62815
2026-08-05 06:45:00+00:00,157.61812,157.66411,157.59757,157.62717
2026-08-05 07:00:00+00:00,157.64395,157.69236,157.57576,157.691
2026-08-05 07:15:00+00:00,157.68846,157.71264,157.61892,157.66548
2026-08-05 07:30:00+00:00,157.65495,157.72359,157.65495,157.71457
2026-08-05 07:45:00+00:00,157.71042,157.75719,157.70312,157.71587
2026-08-05 08:00:00+00:00,157.71184,157.77831,157.71141,157.76298
2026-08-05 08:15:00+00:00,157.75862,157.79852,157.74932,157.79023
2026-08-05 08:30:00+00:00,157.78005,157.8688,157.77256,157.84393
2026-08-05 08:45:00+00:00,157.84773,157.86359,157.8132,157.81931
2026-08-05 09:00:00+00:00,157.81406,157.86593,157.7994,157.85757
2026-08-05 09:15:00+00:00,157.85257,157.85257,157.74307,157.79283
2026-08-05 09:30:00+00:00,157.78382,157.82466,157.72481,157.72827
2026-08-05 09:45:00+00:00,157.73367,157.7703,157.70704,157.74999
2026-08-05 10:00:00+00:00,157.74318,157.8141,157.74318,157.81251
2026-08-05 10:15:00+00:00,157.80735,157.81156,157.74339,157.75996
2026-08-05 10:30:00+00:00,157.75706,157.77999,157.73446,157.77017
2026-08-05 10:45:00+00:00,157.76218,157.77693,157.69978,157.71034
2026-08-05 11:00:00+00:00,157.70694,157.71057,157.59083,157.59726
2026-08-05 11:15:00+00:00,157.60825,157.60972,157.49848,157.52429
2026-08-05 11:30:00+00:00,157.53197,157.57306,157.52841,157.54407
2026-08-05 11:45:00+00:00,157.54978,157.60475,157.53664,157.56406
2026-08-05 12:00:00+00:00,157.56583,157.60613,157.54678,157.58142
2026-08-05 12:15:00+00:00,157.58338,157.58338,157.43783,157.50371
2026-08-05 12:30:00+00:00,157.49794,157.59214,157.48849,157.58422
2026-08-05 12:45:00+00:00,157.57332,157.63236,157.57073,157.62138
2026-08-05 13:00:00+00:00,157.62197,157.62261,157.55014,157.57006
2026-08-05 13:15:00+00:00,157.55888,157.64238,157.5577,157.56345
2026-08-05 13:30:00+00:00,157.5729,157.5729,157.46466,157.48526
2026-08-05 13:45:00+00:00,157.48983,157.55756,157.46647,157.55608
2026-08-05 14:00:00+00:00,157.55224,157.55224,157.33173,157.4112
2026-08-05 14:15:00+00:00,157.40661,157.46901,157.35403,157.45715
2026-08-05 14:30:00+00:00,157.46255,157.53348,157.44798,157.49291
2026-08-05 14:45:00+00:00,157.49854,157.60304,157.48218,157.49495
2026-08-05 15:00:00+00:00,157.50596,157.55092,157.40822,157.54878
2026-08-05 15:15:00+00:00,157.54032,157.59441,157.52464,157.56329
2026-08-05 15:30:00+00:00,157.56983,157.61418,157.55755,157.56784
2026-08-05 15:45:00+00:00,157.56899,157.66572,157.56223,157.66139
2026-08-05 16:00:00+00:00,157.65384,157.67756,157.62207,157.63574
2026-08-05 16:15:00+00:00,157.63192,157.66128,157.61076,157.63968
2026-08-05 16:30:00+00:00,157.63713,157.6925,157.63028,157.6916
2026-08-05 16:45:00+00:00,157.68996,157.7562,157.67388,157.75174
2026-08-05 17:00:00+00:00,157.74444,157.7871,157.72157,157.78387
2026-08-05 17:15:00+00:00,157.7808,157.78499,157.70974,157.71386
2026-08-05 17:30:00+00:00,157.71919,157.73389,157.67834,157.70251
2026-08-05 17:45:00+00:00,157.70475,157.71182,157.66384,157.68523
2026-08-05 18:00:00+00:00,157.6772,157.70984,157.64104,157.66177
2026-08-05 18:15:00+00:00,157.65243,157.70216,157.62976,157.63303
2026-08-05 18:30:00+00:00,157.63608,157.68791,157.6288,157.68371
2026-08-05 18:45:00+00:00,157.67638,157.68989,157.64753,157.65253
2026-08-05 19:00:00+00:00,157.6604,157.73055,157.65608,157.70354
2026-08-05 19:15:00+00:00,157.70472,157.75498,157.70322,157.74527
2026-08-05 19:30:00+00:00,157.74061,157.75055,157.69073,157.71458
2026-08-05 19:45:00+00:00,157.71042,157.74678,157.70843,157.733
2026-08-05 20:00:00+00:00,157.729,157.77655,157.69217,157.77244
2026-08-05 20:15:00+00:00,157.76325,157.81657,157.76325,157.79127
2026-08-05 20:30:00+00:00,157.79508,157.80993,157.75402,157.76809
2026-08-05 20:45:00+00:00,157.7681,157.78087,157.75804,157.77151
2026-08-05 21:00:00+00:00,157.77244,157.78215,157.73291,157.73511
2026-08-05 21:15:00+00:00,157.73589,157.74522,157.72818,157.74335
2026-08-05 21:30:00+00:00,157.73972,157.751,157.7197,157.72354
2026-08-05 21:45:00+00:00,157.72135,157.73774,157.68609,157.68861
2026-08-05 22:00:00+00:00,157.69608,157.72316,157.69497,157.72159
2026-08-05 22:15:00+00:00,157.7185,157.71997,157.70465,157.71067
2026-08-05 22:30:00+00:00,157.70757,157.71328,157.69874,157.70624
2026-08-05 22:45:00+00:00,157.7036,157.71009,157.67549,157.6769
2026-08-05 23:00:00+00:00,157.67876,157.67876,157.63331,157.63462
2026-08-05 23:15:00+00:00,157.63752,157.65713,157.63541,157.65692
2026-08-05 23:30:00+00:00,157.65352,157.6648,157.61825,157.62291
2026-08-05 23:45:00+00:00,157.62972,157.63418,157.55979,157.61497
2026-08-06 00:00:00+00:00,157.61862,157.70579,157.6046,157.70244
2026-08-06 00:15:00+00:00,157.69738,157.71766,157.67029,157.69179
2026-08-06 00:30:00+00:00,157.68076,157.70846,157.6692,157.69634
2026-08-06 00:45:00+00:00,157.69347,157.74977,157.64668,157.72292
2026-08-06 01:00:00+00:00,157.72455,157.73943,157.70172,157.73256
2026-08-06 01:15:00+00:00,157.73293,157.74884,157.66631,157.6826
2026-08-06 01:30:00+00:00,157.67619,157.69545,157.60439,157.62942
2026-08-06 01:45:00+00:00,157.62592,157.67205,157.61794,157.66891
2026-08-06 02:00:00+00:00,157.66704,157.68975,157.60372,157.63486
2026-08-06 02:15:00+00:00,157.63872,157.68983,157.63872,157.67124
2026-08-06 02:30:00+00:00,157.6729,157.67909,157.64664,157.65263
2026-08-06 02:45:00+00:00,157.64926,157.68127,157.64571,157.65867
2026-08-06 03:00:00+00:00,157.6607,157.72776,157.6607,157.70841
2026-08-06 03:15:00+00:00,157.71153,157.74377,157.71124,157.73291
2026-08-06 03:30:00+00:00,157.73365,157.74329,157.69947,157.7417
2026-08-06 03:45:00+00:00,157.73771,157.75516,157.72218,157.75077
2026-08-06 04:00:00+00:00,157.74815,157.74815,157.71547,157.72407
2026-08-06 04:15:00+00:00,157.72591,157.7387,157.71552,157.73571
2026-08-06 04:30:00+00:00,157.73051,157.74823,157.72999,157.73785
2026-08-06 04:45:00+00:00,157.73441,157.75267,157.72996,157.7419
2026-08-06 05:00:00+00:00,157.7392,157.77951,157.73473,157.76121
2026-08-06 05:15:00+00:00,157.76443,157.77651,157.75737,157.76781
2026-08-06 05:30:00+00:00,157.76891,157.77287,157.73635,157.74073
2026-08-06 05:45:00+00:00,157.73837,157.76331,157.71481,157.75941
2026-08-06 06:00:00+00:00,157.75672,157.79326,157.73007,157.78899
2026-08-06 06:15:00+00:00,157.78214,157.8552,157.78048,157.83532
2026-08-06 06:30:00+00:00,157.83685,157.85613,157.80387,157.84902
2026-08-06 06:45:00+00:00,157.84742,157.84759,157.81132,157.8423
2026-08-06 07:00:00+00:00,157.83919,157.83919,157.75849,157.77966
2026-08-06 07:15:00+00:00,157.76315,157.79817,157.74668,157.77448
2026-08-06 07:30:00+00:00,157.76972,157.8687,157.7682,157.85653
2026-08-06 07:45:00+00:00,157.85709,157.9,157.85297,157.85636
2026-08-06 08:00:00+00:00,157.856,157.88719,157.82409,157.8552
2026-08-06 08:15:00+00:00,157.8428,157.88423,157.8428,157.86281
2026-08-06 08:30:00+00:00,157.86526,157.86526,157.82536,157.83232
2026-08-06 08:45:00+00:00,157.82694,157.84524,157.80573,157.8428
2026-08-06 09:00:00+00:00,157.83912,157.85781,157.82519,157.83578
2026-08-06 09:15:00+00:00,157.83996,157.86499,157.82916,157.85878
2026-08-06 09:30:00+00:00,157.85382,157.88204,157.84618,157.87269
2026-08-06 09:45:00+00:00,157.86888,157.88377,157.85838,157.87343
2026-08-06 10:00:00+00:00,157.86947,157.88792,157.84947,157.88461
2026-08-06 10:15:00+00:00,157.87556,157.8946,157.86213,157.86356
2026-08-06 10:30:00+00:00,157.86593,157.87261,157.83654,157.87004
2026-08-06 10:45:00+00:00,157.86857,157.88051,157.83962,157.87305
2026-08-06 11:00:00+00:00,157.87306,157.93295,157.86436,157.92908
2026-08-06 11:15:00+00:00,157.92563,157.93951,157.88229,157.88471
2026-08-06 11:30:00+00:00,157.88923,157.93699,157.88413,157.93398
2026-08-06 11:45:00+00:00,157.93071,157.93898,157.86486,157.86719
2026-08-06 12:00:00+00:00,157.86845,157.87231,157.82975,157.8691
2026-08-06 12:15:00+00:00,157.86402,157.87737,157.84599,157.8719
2026-08-06 12:30:00+00:00,157.87086,157.9314,157.85806,157.90984
2026-08-06 12:45:00+00:00,157.91236,157.91758,157.89373,157.9008
2026-08-06 13:00:00+00:00,157.90022,157.9321,157.86799,157.92394
2026-08-06 13:15:00+00:00,157.91971,157.93122,157.88588,157.88776
2026-08-06 13:30:00+00:00,157.89113,157.94205,157.88969,157.93639
2026-08-06 13:45:00+00:00,157.92845,157.93857,157.82789,157.86046
2026-08-06 14:00:00+00:00,157.84882,158.25013,157.84882,158.23425
2026-08-06 14:15:00+00:00,158.20961,158.20992,158.12597,158.20183
2026-08-06 14:30:00+00:00,158.19733,158.24776,158.16794,158.1919
2026-08-06 14:45:00+00:00,158.19585,158.285,158.17281,158.22782
2026-08-06 15:00:00+00:00,158.23048,158.39209,158.21758,158.38728
2026-08-06 15:15:00+00:00,158.37133,158.46795,158.37133,158.41657
2026-08-06 15:30:00+00:00,158.412,158.43689,158.3961,158.39697
2026-08-06 15:45:00+00:00,158.39691,158.46393,158.38845,158.43665
2026-08-06 16:00:00+00:00,158.43865,158.50284,158.43865,158.49658
2026-08-06 16:15:00+00:00,158.49235,158.54377,158.41599,158.46989
2026-08-06 16:30:00+00:00,158.46892,158.5318,158.46355,158.5062
2026-08-06 16:45:00+00:00,158.51621,158.53186,158.48707,158.52501
2026-08-06 17:00:00+00:00,158.52294,158.52294,158.45107,158.47622
2026-08-06 17:15:00+00:00,158.46888,158.48755,158.42085,158.4395
2026-08-06 17:30:00+00:00,158.43671,158.45988,158.42311,158.44467
2026-08-06 17:45:00+00:00,158.44681,158.46476,158.39458,158.41321
2026-08-06 18:00:00+00:00,158.40974,158.41849,158.36923,158.38896
2026-08-06 18:15:00+00:00,158.38878,158.40881,158.38077,158.4012
2026-08-06 18:30:00+00:00,158.3978,158.40624,158.38392,158.38897
2026-08-06 18:45:00+00:00,158.3911,158.3938,158.33714,158.33848
2026-08-06 19:00:00+00:00,158.33898,158.37062,158.30487,158.36912
2026-08-06 19:15:00+00:00,158.36219,158.4822,158.34708,158.4683
2026-08-06 19:30:00+00:00,158.46522,158.4707,158.42596,158.45559
2026-08-06 19:45:00+00:00,158.45454,158.47924,158.39201,158.41959
2026-08-06 20:00:00+00:00,158.41951,158.46642,158.39214,158.46143
2026-08-06 20:15:00+00:00,158.45868,158.50645,158.45359,158.47859
2026-08-06 20:30:00+00:00,158.48961,158.48961,158.4551,158.47106
2026-08-06 20:45:00+00:00,158.46919,158.48569,158.45482,158.47131
2026-08-06 21:00:00+00:00,158.4738,158.49602,158.3992,158.4384
2026-08-06 21:15:00+00:00,158.43612,158.50735,158.43031,158.4605
2026-08-06 21:30:00+00:00,158.45693,158.46505,158.45416,158.46195
2026-08-06 21:45:00+00:00,158.46091,158.49102,158.43355,158.4839
2026-08-06 22:00:00+00:00,158.48208,158.51686,158.46761,158.4945
2026-08-06 22:15:00+00:00,158.49657,158.50328,158.46746,158.48357
2026-08-06 22:30:00+00:00,158.47983,158.4839,158.45149,158.45972
2026-08-06 22:45:00+00:00,158.45858,158.48087,158.44325,158.47202
2026-08-06 23:00:00+00:00,158.4729,158.48061,158.41777,158.41995
2026-08-06 23:15:00+00:00,158.41981,158.43206,158.3972,158.42996
2026-08-06 23:30:00+00:00,158.42615,158.43347,158.39071,158.39454
2026-08-06 23:45:00+00:00,158.39946,158.42506,158.39576,158.40839
2026-08-07 00:00:00+00:00,158.41366,158.50199,158.41366,158.5004
2026-08-07 00:15:00+00:00,158.49702,158.53402,158.4856,158.51192
2026-08-07 00:30:00+00:00,158.5087,158.53353,158.5003,158.52336
2026-08-07 00:45:00+00:00,158.51923,158.57867,158.45876,158.52738
2026-08-07 01:00:00+00:00,158.52343,158.54275,158.42268,158.4263
2026-08-07 01:15:00+00:00,158.4312,158.44127,158.37288,158.41338
2026-08-07 01:30:00+00:00,158.4077,158.41763,158.23823,158.2536
2026-08-07 01:45:00+00:00,158.24768,158.33236,158.24049,158.33066
2026-08-07 02:00:00+00:00,158.32777,158.37759,158.31853,158.34415
2026-08-07 02:15:00+00:00,158.34578,158.37643,158.32746,158.34636
2026-08-07 02:30:00+00:00,158.34227,158.36003,158.33481,158.3509
2026-08-07 02:45:00+00:00,158.34584,158.38589,158.32974,158.38267
2026-08-07 03:00:00+00:00,158.37688,158.42547,158.37384,158.42143
2026-08-07 03:15:00+00:00,158.41559,158.42802,158.40203,158.40857
2026-08-07 03:30:00+00:00,158.40252,158.44563,158.39565,158.44423
2026-08-07 03:45:00+00:00,158.43696,158.45152,158.38973,158.42072
2026-08-07 04:00:00+00:00,158.4156,158.42694,158.38088,158.42575
2026-08-07 04:15:00+00:00,158.42357,158.42652,158.40208,158.41489
2026-08-07 04:30:00+00:00,158.41539,158.43283,158.37242,158.43054
2026-08-07 04:45:00+00:00,158.42467,158.42467,158.38053,158.38588
2026-08-07 05:00:00+00:00,158.38686,158.39247,158.3544,158.35515
2026-08-07 05:15:00+00:00,158.35733,158.39731,158.3528,158.38241
2026-08-07 05:30:00+00:00,158.37835,158.38762,158.35602,158.37136
2026-08-07 05:45:00+00:00,158.36779,158.36946,158.33298,158.33718
2026-08-07 06:00:00+00:00,158.34355,158.36118,158.31556,158.33301
2026-08-07 06:15:00+00:00,158.33499,158.34177,158.29566,158.32329
2026-08-07 06:30:00+00:00,158.32407,158.3548,158.30009,158.31181
2026-08-07 06:45:00+00:00,158.31664,158.3679,158.31356,158.34391
2026-08-07 07:00:00+00:00,158.32986,158.37031,158.32986,158.33916
2026-08-07 07:15:00+00:00,158.34272,158.3969,158.33392,158.38805
2026-08-07 07:30:00+00:00,158.38823,158.42524,158.38479,158.40439
2026-08-07 07:45:00+00:00,158.39792,158.4668,158.39792,158.46153
2026-08-07 08:00:00+00:00,158.45148,158.46749,158.40082,158.45386
2026-08-07 08:15:00+00:00,158.45674,158.48347,158.43841,158.45483
2026-08-07 08:30:00+00:00,158.44714,158.46315,158.37761,158.39182
2026-08-07 08:45:00+00:00,158.3896,158.41092,158.34822,158.39303
2026-08-07 09:00:00+00:00,158.38843,158.40221,158.35821,158.35912
2026-08-07 09:15:00+00:00,158.3606,158.38213,158.35856,158.3598
2026-08-07 09:30:00+00:00,158.3637,158.36889,158.32867,158.35124
2026-08-07 09:45:00+00:00,158.34682,158.37058,158.32991,158.36891
2026-08-07 10:00:00+00:00,158.36163,158.39737,158.35787,158.38858
2026-08-07 10:15:00+00:00,158.38751,158.41744,158.38493,158.40651
2026-08-07 10:30:00+00:00,158.40792,158.41145,158.25384,158.29443
2026-08-07 10:45:00+00:00,158.28194,158.33662,158.28194,158.30866
2026-08-07 11:00:00+00:00,158.31359,158.32537,158.26155,158.31291
2026-08-07 11:15:00+00:00,158.30641,158.36849,158.30641,158.36454
2026-08-07 11:30:00+00:00,158.35903,158.38044,158.31748,158.33503
2026-08-07 11:45:00+00:00,158.3324,158.34153,158.3118,158.34076
2026-08-07 12:00:00+00:00,158.33726,158.34944,158.29982,158.32829
2026-08-07 12:15:00+00:00,158.32179,158.40639,158.32094,158.35306
2026-08-07 12:30:00+00:00,158.34922,158.3929,156.75879,157.12636
2026-08-07 12:45:00+00:00,157.16128,157.38291,157.10412,157.37301
2026-08-07 13:00:00+00:00,157.35421,157.49866,157.27633,157.2956
2026-08-07 13:15:00+00:00,157.33754,157.42469,157.25671,157.40206
2026-08-07 13:30:00+00:00,157.3889,157.60621,157.3889,157.53193
2026-08-07 13:45:00+00:00,157.52718,157.75955,157.50248,157.75332
2026-08-07 14:00:00+00:00,157.74059,157.79832,157.72302,157.7259
2026-08-07 14:15:00+00:00,157.72387,157.77939,157.65735,157.76457
2026-08-07 14:30:00+00:00,157.76548,157.84411,157.73905,157.82632
2026-08-07 14:45:00+00:00,157.803,157.93985,157.803,157.93937
2026-08-07 15:00:00+00:00,157.93737,157.9725,157.82629,157.90802
2026-08-07 15:15:00+00:00,157.89492,157.89492,157.68093,157.69627
2026-08-07 15:30:00+00:00,157.69252,157.74202,157.43615,157.44649
2026-08-07 15:45:00+00:00,157.47499,157.59645,157.47499,157.55635
2026-08-07 16:00:00+00:00,157.54847,157.57237,157.44299,157.46019
2026-08-07 16:15:00+00:00,157.47176,157.50474,157.33188,157.35627
2026-08-07 16:30:00+00:00,157.34189,157.4124,157.34189,157.40063
2026-08-07 16:45:00+00:00,157.39706,157.46782,157.33539,157.46425
2026-08-07 17:00:00+00:00,157.45893,157.50215,157.42954,157.4326
2026-08-07 17:15:00+00:00,157.43669,157.45256,157.38923,157.39183
2026-08-07 17:30:00+00:00,157.39184,157.44969,157.39184,157.44763
2026-08-07 17:45:00+00:00,157.44345,157.49061,157.43506,157.4751
2026-08-07 18:00:00+00:00,157.47975,157.59476,157.47968,157.58761
2026-08-07 18:15:00+00:00,157.57142,157.61836,157.55897,157.60089
2026-08-07 18:30:00+00:00,157.59808,157.62723,157.54948,157.56483
2026-08-07 18:45:00+00:00,157.55961,157.56891,157.51484,157.51883
2026-08-07 19:00:00+00:00,157.5298,157.61099,157.52002,157.60674
2026-08-07 19:15:00+00:00,157.59755,157.61825,157.51171,157.51548
2026-08-07 19:30:00+00:00,157.51907,157.51907,157.46508,157.51296
2026-08-07 19:45:00+00:00,157.50811,157.57163,157.46757,157.5657
2026-08-07 20:00:00+00:00,157.55765,157.68189,157.53949,157.67808
2026-08-07 20:15:00+00:00,157.67046,157.77611,157.67046,157.75884
2026-08-07 20:30:00+00:00,157.75484,157.86829,157.74205,157.80837
2026-08-07 20:45:00+00:00,157.81244,157.87852,157.78272,157.79433
2026-08-07 21:00:00+00:00,157.79916,157.88922,157.75543,157.81055
2026-08-07 21:15:00+00:00,157.8084,157.81486,157.79864,157.80716
2026-08-07 21:30:00+00:00,157.80377,157.81556,157.7969,157.80682
2026-08-07 21:45:00+00:00,157.80312,157.81286,157.79942,157.80352
2026-08-07 22:00:00+00:00,157.80428,157.97945,157.70482,157.80313
2026-08-07 22:15:00+00:00,157.80534,157.81122,157.8028,157.81038
2026-08-07 22:30:00+00:00,157.80778,157.8144,157.80101,157.80285
2026-08-07 22:45:00+00:00,157.8025,157.81318,157.79937,157.80683
2026-08-07 23:00:00+00:00,157.80564,157.95307,157.77485,157.80059
2026-08-07 23:15:00+00:00,157.80336,157.81086,157.8011,157.80875
2026-08-07 23:30:00+00:00,157.80651,157.81303,157.79947,157.80602
2026-08-07 23:45:00+00:00,157.80236,157.81308,157.79944,157.80689
2026-08-08 00:00:00+00:00,157.80577,157.98248,157.70663,157.82317
2026-08-08 00:15:00+00:00,157.82402,157.83053,157.81997,157.82503
2026-08-08 00:30:00+00:00,157.82286,157.83057,157.82114,157.8269
2026-08-08 00:45:00+00:00,157.8235,157.83031,157.81915,157.82514
2026-08-08 01:00:00+00:00,157.82349,157.94131,157.81361,157.82237
2026-08-08 01:15:00+00:00,157.8235,157.83052,157.82017,157.82605
2026-08-08 01:30:00+00:00,157.8235,157.83053,157.79938,157.82276
2026-08-08 01:45:00+00:00,157.81871,157.83043,157.81871,157.82465
2026-08-08 02:00:00+00:00,157.82353,157.93881,157.8172,157.82232
2026-08-08 02:15:00+00:00,157.82351,157.83059,157.82114,157.82662
2026-08-08 02:30:00+00:00,157.82351,157.83021,157.81746,157.82701
2026-08-08 02:45:00+00:00,157.8235,157.83074,157.8201,157.82467
2026-08-08 03:00:00+00:00,157.82292,157.93811,157.802,157.82286
2026-08-08 03:15:00+00:00,157.82404,157.83087,157.79921,157.82746
2026-08-08 03:30:00+00:00,157.82386,157.83059,157.82126,157.82683
2026-08-08 03:45:00+00:00,157.8235,157.83053,157.81883,157.82591
2026-08-08 04:00:00+00:00,157.82358,157.9628,157.81936,157.82204
2026-08-08 04:15:00+00:00,157.82291,157.83061,157.82109,157.82328
2026-08-08 04:30:00+00:00,157.82351,157.82983,157.81963,157.82646
2026-08-08 04:45:00+00:00,157.82347,157.83257,157.82126,157.82838
2026-08-08 05:00:00+00:00,157.82565,157.93084,157.79073,157.82316
2026-08-08 05:15:00+00:00,157.82356,157.83059,157.81924,157.8268
2026-08-08 05:30:00+00:00,157.82241,157.83061,157.82135,157.82603
2026-08-08 05:45:00+00:00,157.82342,157.83076,157.82077,157.82689
2026-08-08 06:00:00+00:00,157.82368,157.94832,157.81891,157.82559
2026-08-08 06:15:00+00:00,157.82353,157.83059,157.81884,157.82251
2026-08-08 06:30:00+00:00,157.8235,157.83046,157.80355,157.82027
2026-08-08 06:45:00+00:00,157.81439,157.83045,157.81439,157.82696
2026-08-08 07:00:00+00:00,157.82349,157.95753,157.81292,157.82494
2026-08-08 07:15:00+00:00,157.82347,157.83282,157.8217,157.82237
2026-08-08 07:30:00+00:00,157.82353,157.83058,157.82005,157.82625
2026-08-08 07:45:00+00:00,157.8235,157.83348,157.82087,157.82716
2026-08-08 08:00:00+00:00,157.82362,157.83064,157.81251,157.82486
2026-08-08 08:15:00+00:00,157.82353,157.8306,157.80827,157.82215
2026-08-08 08:30:00+00:00,157.82333,157.83055,157.82114,157.8268
2026-08-08 08:45:00+00:00,157.82351,157.83039,157.81931,157.82702
2026-08-08 09:00:00+00:00,157.82356,157.83111,157.81972,157.82381
2026-08-08 09:15:00+00:00,157.8218,157.83046,157.82118,157.82251
2026-08-08 09:30:00+00:00,157.82352,157.8306,157.81937,157.82721
2026-08-08 09:45:00+00:00,157.82346,157.83054,157.82119,157.82675
2026-08-08 10:00:00+00:00,157.82352,157.83042,157.80726,157.82601
2026-08-08 10:15:00+00:00,157.8235,157.83058,157.81924,157.82565
2026-08-08 10:30:00+00:00,157.82241,157.8306,157.82107,157.82312
2026-08-08 10:45:00+00:00,157.82351,157.82938,157.81707,157.82628
2026-08-08 11:00:00+00:00,157.82343,157.83059,157.82118,157.82648
2026-08-08 11:15:00+00:00,157.82351,157.83029,157.82004,157.82327
2026-08-08 11:30:00+00:00,157.82351,157.83061,157.81641,157.81704
2026-08-08 11:45:00+00:00,157.81906,157.83053,157.81906,157.82584
2026-08-08 12:00:00+00:00,157.82349,157.83052,157.81925,157.82651
2026-08-08 12:15:00+00:00,157.82317,157.83058,157.82123,157.82536
2026-08-08 12:30:00+00:00,157.8235,157.83052,157.81829,157.82231
2026-08-08 12:45:00+00:00,157.82338,157.82966,157.81512,157.82008
2026-08-08 13:00:00+00:00,157.82017,157.83006,157.81985,157.82692
2026-08-08 13:15:00+00:00,157.82341,157.83043,157.81672,157.82327
2026-08-08 13:30:00+00:00,157.82158,157.83026,157.82074,157.82211
2026-08-08 13:45:00+00:00,157.82329,157.83017,157.81828,157.82571
2026-08-08 14:00:00+00:00,157.82256,157.83027,157.8186,157.82414
2026-08-08 14:15:00+00:00,157.8206,157.82934,157.81835,157.82385
2026-08-08 14:30:00+00:00,157.82231,157.83005,157.818,157.82481
2026-08-08 14:45:00+00:00,157.82101,157.82928,157.81876,157.82629
2026-08-08 15:00:00+00:00,157.82285,157.82789,157.81643,157.82398
2026-08-08 15:15:00+00:00,157.82057,157.82766,157.81638,157.81758
2026-08-08 15:30:00+00:00,157.81766,157.8221,157.81071,157.8127
2026-08-08 15:45:00+00:00,157.81361,157.83062,157.80329,157.82302
2026-08-08 16:00:00+00:00,157.81917,157.86561,157.8108,157.82675
2026-08-08 16:15:00+00:00,157.82364,157.83031,157.81435,157.82606
2026-08-08 16:30:00+00:00,157.82338,157.83111,157.82159,157.82299
2026-08-08 16:45:00+00:00,157.82284,157.83091,157.81662,157.82321
2026-08-08 17:00:00+00:00,157.82373,157.86004,157.81031,157.82581
2026-08-08 17:15:00+00:00,157.8231,157.8306,157.82107,157.8266
2026-08-08 17:30:00+00:00,157.8235,157.8297,157.8193,157.82554
2026-08-08 17:45:00+00:00,157.82321,157.83046,157.82115,157.82257
2026-08-08 18:00:00+00:00,157.82298,157.86766,157.79654,157.82874
2026-08-08 18:15:00+00:00,157.82657,157.83446,157.81563,157.8309
2026-08-08 18:30:00+00:00,157.82751,157.83461,157.82535,157.82918
2026-08-08 18:45:00+00:00,157.82751,157.83433,157.82084,157.82226
2026-08-08 19:00:00+00:00,157.82338,157.86705,157.79418,157.83769
2026-08-08 19:15:00+00:00,157.83631,157.83713,157.82726,157.83363
2026-08-08 19:30:00+00:00,157.83009,157.83716,157.82291,157.82638
2026-08-08 19:45:00+00:00,157.82527,157.83237,157.82311,157.82345
2026-08-08 20:00:00+00:00,157.82463,157.86124,157.81966,157.8293
2026-08-08 20:15:00+00:00,157.82621,157.83323,157.82033,157.83
2026-08-08 20:30:00+00:00,157.827,157.8292,157.81222,157.81729
2026-08-08 20:45:00+00:00,157.81553,157.82944,157.81354,157.8219
2026-08-08 21:00:00+00:00,157.82301,157.86052,157.79555,157.82717
2026-08-08 21:15:00+00:00,157.82362,157.82946,157.81927,157.82678
2026-08-08 21:30:00+00:00,157.82345,157.83053,157.82116,157.82582
2026-08-08 21:45:00+00:00,157.8235,157.83001,157.80428,157.82265
2026-08-08 22:00:00+00:00,157.82346,157.8604,157.79677,157.82696
2026-08-08 22:15:00+00:00,157.82288,157.83042,157.82112,157.82649
2026-08-08 22:30:00+00:00,157.8235,157.83059,157.81925,157.82625
2026-08-08 22:45:00+00:00,157.82342,157.8304,157.82109,157.82308
2026-08-08 23:00:00+00:00,157.82349,157.85281,157.81995,157.82289
2026-08-08 23:15:00+00:00,157.82356,157.8306,157.80405,157.82261
2026-08-08 23:30:00+00:00,157.81994,157.83058,157.81994,157.82671
2026-08-08 23:45:00+00:00,157.8235,157.83004,157.81938,157.82551
2026-08-09 00:00:00+00:00,157.82342,157.8305,157.81962,157.8221
2026-08-09 00:15:00+00:00,157.82312,157.83032,157.81854,157.82563
2026-08-09 00:30:00+00:00,157.82349,157.8306,157.81929,157.82622
2026-08-09 00:45:00+00:00,157.8227,157.83058,157.82125,157.82496
2026-08-09 01:00:00+00:00,157.8235,157.8303,157.80397,157.82197
2026-08-09 01:15:00+00:00,157.82316,157.83058,157.82103,157.82623
2026-08-09 01:30:00+00:00,157.8235,157.8301,157.81927,157.82704
2026-08-09 01:45:00+00:00,157.82349,157.8306,157.81829,157.82366
2026-08-09 02:00:00+00:00,157.82233,157.83054,157.82121,157.82233
2026-08-09 02:15:00+00:00,157.8235,157.83052,157.81918,157.8267
2026-08-09 02:30:00+00:00,157.82341,157.8343,157.81946,157.8275
2026-08-09 02:45:00+00:00,157.82406,157.83051,157.80427,157.8254
2026-08-09 03:00:00+00:00,157.82346,157.83042,157.81932,157.82133
2026-08-09 03:15:00+00:00,157.82241,157.83052,157.82101,157.82722
2026-08-09 03:30:00+00:00,157.8235,157.82921,157.81833,157.82654
2026-08-09 03:45:00+00:00,157.82329,157.83053,157.82114,157.826
2026-08-09 04:00:00+00:00,157.8235,157.8303,157.81925,157.82277
2026-08-09 04:15:00+00:00,157.82347,157.83957,157.80031,157.8226
2026-08-09 04:30:00+00:00,157.81734,157.83045,157.81734,157.82634
2026-08-09 04:45:00+00:00,157.82349,157.83053,157.8193,157.82634
2026-08-09 05:00:00+00:00,157.82337,157.83044,157.82114,157.82325
2026-08-09 05:15:00+00:00,157.8235,157.8304,157.81926,157.82268
2026-08-09 05:30:00+00:00,157.82347,157.83059,157.81933,157.82469
2026-08-09 05:45:00+00:00,157.82229,157.83053,157.82097,157.82681
2026-08-09 06:00:00+00:00,157.82349,157.83318,157.80409,157.82469
2026-08-09 06:15:00+00:00,157.82263,157.8306,157.82099,157.82243
2026-08-09 06:30:00+00:00,157.8235,157.8303,157.81935,157.8258
2026-08-09 06:45:00+00:00,157.82345,157.83058,157.81925,157.82584
2026-08-09 07:00:00+00:00,157.82225,157.83052,157.82117,157.82477
2026-08-09 07:15:00+00:00,157.8235,157.83058,157.81868,157.82201
2026-08-09 07:30:00+00:00,157.82322,157.8306,157.82101,157.82641
2026-08-09 07:45:00+00:00,157.8235,157.82935,157.80403,157.82689
2026-08-09 08:00:00+00:00,157.82334,157.83049,157.81946,157.82386
2026-08-09 08:15:00+00:00,157.82232,157.83041,157.8211,157.82236
2026-08-09 08:30:00+00:00,157.82349,157.83058,157.81921,157.82672
2026-08-09 08:45:00+00:00,157.82329,157.83059,157.82132,157.82691
2026-08-09 09:00:00+00:00,157.8235,157.83054,157.81988,157.82561
2026-08-09 09:15:00+00:00,157.82348,157.83052,157.81925,157.82549
2026-08-09 09:30:00+00:00,157.82179,157.83058,157.82088,157.82346
2026-08-09 09:45:00+00:00,157.8235,157.83045,157.81829,157.82632
2026-08-09 10:00:00+00:00,157.82318,157.83052,157.82113,157.82616
2026-08-09 10:15:00+00:00,157.8235,157.83059,157.82126,157.82294
2026-08-09 10:30:00+00:00,157.8235,157.8305,157.81992,157.82295
2026-08-09 10:45:00+00:00,157.82348,157.83058,157.82124,157.8262
2026-08-09 11:00:00+00:00,157.8235,157.8306,157.82114,157.8266
2026-08-09 11:15:00+00:00,157.8235,157.83042,157.82114,157.82342
2026-08-09 11:30:00+00:00,157.8235,157.84359,157.82104,157.82782
2026-08-09 11:45:00+00:00,157.82867,157.83139,157.82125,157.82569
2026-08-09 12:00:00+00:00,157.82351,157.83058,157.82114,157.82689
2026-08-09 12:15:00+00:00,157.8235,157.8306,157.82134,157.82518
2026-08-09 12:30:00+00:00,157.8235,157.83059,157.82114,157.82238
2026-08-09 12:45:00+00:00,157.8235,157.83052,157.82117,157.82603
2026-08-09 13:00:00+00:00,157.8235,157.83054,157.82118,157.82704
2026-08-09 13:15:00+00:00,157.8235,157.84706,157.82153,157.84121
2026-08-09 13:30:00+00:00,157.84009,157.84719,157.8379,157.8389
2026-08-09 13:45:00+00:00,157.84009,157.84718,157.83772,157.84315
2026-08-09 14:00:00+00:00,157.84009,157.84248,157.83286,157.839
2026-08-09 14:15:00+00:00,157.83548,157.84525,157.82209,157.8282
2026-08-09 14:30:00+00:00,157.82648,157.83344,157.82413,157.8254
2026-08-09 14:45:00+00:00,157.82648,157.83359,157.81823,157.82431
2026-08-09 15:00:00+00:00,157.82073,157.83973,157.81711,157.82879
2026-08-09 15:15:00+00:00,157.82545,157.83249,157.82312,157.82776
2026-08-09 15:30:00+00:00,157.82545,157.83253,157.82318,157.82463
2026-08-09 15:45:00+00:00,157.82545,157.83255,157.82309,157.82525
2026-08-09 16:00:00+00:00,157.82545,157.87033,157.82504,157.84261
2026-08-09 16:15:00+00:00,157.83958,157.84667,157.83724,157.84237
2026-08-09 16:30:00+00:00,157.83958,157.85038,157.83727,157.84547
2026-08-09 16:45:00+00:00,157.84593,157.85299,157.84357,157.8453
2026-08-09 17:00:00+00:00,157.84593,157.88443,157.77076,157.82485
2026-08-09 17:15:00+00:00,157.82227,157.83034,157.82075,157.82591
2026-08-09 17:30:00+00:00,157.82265,157.83051,157.82116,157.82559
2026-08-09 17:45:00+00:00,157.8235,157.83058,157.82118,157.82251
2026-08-09 18:00:00+00:00,157.8235,157.85912,157.81981,157.82563
2026-08-09 18:15:00+00:00,157.8235,157.93797,157.79394,157.83093
2026-08-09 18:30:00+00:00,157.82792,157.94834,157.72942,157.82689
2026-08-09 18:45:00+00:00,157.8293,157.87832,157.64177,157.6784
2026-08-09 19:00:00+00:00,157.73276,157.87525,157.55408,157.75596
2026-08-09 19:15:00+00:00,157.76313,157.83632,157.75196,157.7633
2026-08-09 19:30:00+00:00,157.76184,157.85973,157.76184,157.81215
2026-08-09 19:45:00+00:00,157.81873,157.85671,157.80246,157.82153
2026-08-09 20:00:00+00:00,157.81773,157.93986,157.73109,157.77429
2026-08-09 20:15:00+00:00,157.76496,157.77982,157.68951,157.73085
2026-08-09 20:30:00+00:00,157.71741,157.78407,157.71527,157.7529
2026-08-09 20:45:00+00:00,157.75282,157.76606,157.71862,157.7481
2026-08-09 21:00:00+00:00,157.74836,157.81233,157.67157,157.73597
2026-08-09 21:15:00+00:00,157.72909,157.73678,157.70183,157.70813
2026-08-09 21:30:00+00:00,157.70723,157.72622,157.70452,157.71485
2026-08-09 21:45:00+00:00,157.71161,157.71683,157.69771,157.70915
2026-08-09 22:00:00+00:00,157.71037,157.8817,157.69552,157.87509
2026-08-09 22:15:00+00:00,157.87407,157.89466,157.85397,157.89401
2026-08-09 22:30:00+00:00,157.88925,157.93011,157.87954,157.92605
2026-08-09 22:45:00+00:00,157.91355,157.95167,157.89383,157.92887
2026-08-09 23:00:00+00:00,157.92973,157.95261,157.86388,157.89201
2026-08-09 23:15:00+00:00,157.89965,157.89965,157.83919,157.84261
2026-08-09 23:30:00+00:00,157.84282,157.89497,157.83893,157.88476
2026-08-09 23:45:00+00:00,157.87886,157.92047,157.86725,157.91335
2026-08-10 00:00:00+00:00,157.90892,157.92228,157.83057,157.87838
2026-08-10 00:15:00+00:00,157.8853,157.9298,157.85407,157.9163
2026-08-10 00:30:00+00:00,157.91737,157.93994,157.91263,157.93369
2026-08-10 00:45:00+00:00,157.92932,157.95619,157.90262,157.9397
2026-08-10 01:00:00+00:00,157.9421,158.10497,157.93753,158.07878
2026-08-10 01:15:00+00:00,158.07641,158.12682,158.02799,158.11405
2026-08-10 01:30:00+00:00,158.11621,158.22888,158.10537,158.21161
2026-08-10 01:45:00+00:00,158.20872,158.30786,158.17246,158.30598
2026-08-10 02:00:00+00:00,158.30172,158.30552,158.2403,158.29782
2026-08-10 02:15:00+00:00,158.2903,158.30049,158.25778,158.25929
2026-08-10 02:30:00+00:00,158.26066,158.27233,158.22776,158.26241
2026-08-10 02:45:00+00:00,158.25865,158.27285,158.24571,158.26095
2026-08-10 03:00:00+00:00,158.25836,158.25836,158.18775,158.20669
2026-08-10 03:15:00+00:00,158.19928,158.21297,158.1621,158.17477
2026-08-10 03:30:00+00:00,158.17545,158.22625,158.16614,158.22496
2026-08-10 03:45:00+00:00,158.22053,158.22053,158.17677,158.20785
2026-08-10 04:00:00+00:00,158.20598,158.26959,158.19875,158.25917
2026-08-10 04:15:00+00:00,158.25915,158.28492,158.24015,158.25475
2026-08-10 04:30:00+00:00,158.25646,158.28561,158.25646,158.27798
2026-08-10 04:45:00+00:00,158.27426,158.32831,158.23954,158.31896
2026-08-10 05:00:00+00:00,158.29695,158.37803,158.29695,158.37061
2026-08-10 05:15:00+00:00,158.3604,158.39007,158.35157,158.35394
2026-08-10 05:30:00+00:00,158.35736,158.36731,158.31577,158.36536
2026-08-10 05:45:00+00:00,158.35876,158.37473,158.3242,158.35132
2026-08-10 06:00:00+00:00,158.34711,158.41758,158.33283,158.40408
2026-08-10 06:15:00+00:00,158.38482,158.44843,158.38482,158.44726
2026-08-10 06:30:00+00:00,158.44443,158.44815,158.41129,158.41877
2026-08-10 06:45:00+00:00,158.43243,158.43243,158.3667,158.37635
2026-08-10 07:00:00+00:00,158.37791,158.46143,158.36185,158.45642
2026-08-10 07:15:00+00:00,158.44985,158.48467,158.42605,158.46694
2026-08-10 07:30:00+00:00,158.46673,158.52095,158.45322,158.48418
2026-08-10 07:45:00+00:00,158.482,158.51514,158.43817,158.49997
2026-08-10 08:00:00+00:00,158.49694,158.50128,158.46613,158.47278
2026-08-10 08:15:00+00:00,158.47555,158.50145,158.46406,158.49634
2026-08-10 08:30:00+00:00,158.48907,158.57965,158.48907,158.56253
2026-08-10 08:45:00+00:00,158.55851,158.68877,158.52178,158.68654
2026-08-10 09:00:00+00:00,158.68265,158.73603,158.67286,158.68256
2026-08-10 09:15:00+00:00,158.6818,158.70017,158.65212,158.68096
2026-08-10 09:30:00+00:00,158.67387,158.78728,158.67347,158.76075
2026-08-10 09:45:00+00:00,158.76068,158.85945,158.76068,158.85347
2026-08-10 10:00:00+00:00,158.84972,158.88911,158.8345,158.8592
2026-08-10 10:15:00+00:00,158.85854,158.87066,158.77991,158.81768
2026-08-10 10:30:00+00:00,158.81513,158.83559,158.77928,158.79969
2026-08-10 10:45:00+00:00,158.80355,158.80355,158.74736,158.78848
2026-08-10 11:00:00+00:00,158.78281,158.83415,158.7547,158.83146
2026-08-10 11:15:00+00:00,158.82874,158.83219,158.77773,158.78387
2026-08-10 11:30:00+00:00,158.78812,158.83312,158.78812,158.82884
2026-08-10 11:45:00+00:00,158.82607,158.87577,158.82504,158.83587
2026-08-10 12:00:00+00:00,158.84415,158.84415,158.52965,158.72607
2026-08-10 12:15:00+00:00,158.71727,158.78686,158.65309,158.74818
2026-08-10 12:30:00+00:00,158.75284,158.85986,158.74713,158.83647
2026-08-10 12:45:00+00:00,158.84139,158.94728,158.84139,158.94575
2026-08-10 13:00:00+00:00,158.94232,158.98206,158.90598,158.92266
2026-08-10 13:15:00+00:00,158.92043,158.95374,158.9125,158.95133
2026-08-10 13:30:00+00:00,158.94683,158.98964,158.90333,158.98679
2026-08-10 13:45:00+00:00,158.98497,159.06215,158.96619,158.97661
2026-08-10 14:00:00+00:00,158.97332,159.01981,158.92553,158.93544
2026-08-10 14:15:00+00:00,158.95421,158.95421,158.87465,158.88982
2026-08-10 14:30:00+00:00,158.89538,158.95555,158.89188,158.91153
2026-08-10 14:45:00+00:00,158.91634,158.96679,158.87762,158.96637
2026-08-10 15:00:00+00:00,158.96363,159.00469,158.90113,158.99432
2026-08-10 15:15:00+00:00,158.98847,158.98847,158.86592,158.9412
2026-08-10 15:30:00+00:00,158.93923,158.95593,158.90599,158.93368
2026-08-10 15:45:00+00:00,158.93641,158.94022,158.90695,158.93794
2026-08-10 16:00:00+00:00,158.93667,158.94154,158.89053,158.93986
2026-08-10 16:15:00+00:00,158.93129,158.95638,158.9284,158.94249
2026-08-10 16:30:00+00:00,158.94142,159.00489,158.92515,158.99932
2026-08-10 16:45:00+00:00,158.99157,159.05134,158.97945,159.04848
2026-08-10 17:00:00+00:00,159.04156,159.15862,159.01368,159.14791
2026-08-10 17:15:00+00:00,159.13891,159.14657,159.10532,159.11321
2026-08-10 17:30:00+00:00,159.1159,159.1159,159.07406,159.10448
2026-08-10 17:45:00+00:00,159.09915,159.15078,159.09719,159.14175
2026-08-10 18:00:00+00:00,159.14205,159.14692,159.10624,159.1442
2026-08-10 18:15:00+00:00,159.14042,159.19133,159.13856,159.17029
2026-08-10 18:30:00+00:00,159.17181,159.17429,159.10705,159.16948
2026-08-10 18:45:00+00:00,159.16561,159.32633,159.16301,159.26472
2026-08-10 19:00:00+00:00,159.26324,159.26327,159.22463,159.2544
2026-08-10 19:15:00+00:00,159.25153,159.28227,159.24172,159.27876
2026-08-10 19:30:00+00:00,159.27634,159.3653,159.27634,159.29858
2026-08-10 19:45:00+00:00,159.30538,159.32618,159.28369,159.29637
2026-08-10 20:00:00+00:00,159.29648,159.32478,159.25429,159.31455
2026-08-10 20:15:00+00:00,159.30714,159.34856,159.30714,159.34427
2026-08-10 20:30:00+00:00,159.34193,159.35507,159.3127,159.31298
2026-08-10 20:45:00+00:00,159.31482,159.32521,159.30245,159.31691
2026-08-10 21:00:00+00:00,159.31153,159.3192,159.16672,159.29017
2026-08-10 21:15:00+00:00,159.28783,159.31348,159.25902,159.27036
2026-08-10 21:30:00+00:00,159.26531,159.28463,159.23788,159.28081
2026-08-10 21:45:00+00:00,159.2782,159.29004,159.25795,159.2684
2026-08-10 22:00:00+00:00,159.26484,159.31383,159.24955,159.31263
2026-08-10 22:15:00+00:00,159.30974,159.31555,159.26726,159.29341
2026-08-10 22:30:00+00:00,159.28997,159.30125,159.2517,159.25361
2026-08-10 22:45:00+00:00,159.25542,159.26983,159.24393,159.26489
2026-08-10 23:00:00+00:00,159.25777,159.28352,159.21899,159.26591
2026-08-10 23:15:00+00:00,159.2664,159.2784,159.25177,159.27513
2026-08-10 23:30:00+00:00,159.27128,159.2922,159.26758,159.28272
2026-08-10 23:45:00+00:00,159.28176,159.28663,159.13666,159.13963
2026-08-11 00:00:00+00:00,159.14637,159.18825,159.13561,159.1592
2026-08-11 00:15:00+00:00,159.15745,159.19818,159.15502,159.19421
2026-08-11 00:30:00+00:00,159.19012,159.21132,158.96128,158.97201
2026-08-11 00:45:00+00:00,158.9881,159.15356,158.9881,159.14637
2026-08-11 01:00:00+00:00,159.1367,159.17102,159.08716,159.13735
2026-08-11 01:15:00+00:00,159.1342,159.1342,159.07913,159.08716
2026-08-11 01:30:00+00:00,159.08946,159.14284,159.07386,159.14054
2026-08-11 01:45:00+00:00,159.13614,159.18334,159.10757,159.17399
2026-08-11 02:00:00+00:00,159.1612,159.24897,159.1612,159.24792
2026-08-11 02:15:00+00:00,159.24561,159.30031,159.22224,159.26518
2026-08-11 02:30:00+00:00,159.2627,159.309,159.2627,159.28891
2026-08-11 02:45:00+00:00,159.28465,159.30327,159.26868,159.27178
2026-08-11 03:00:00+00:00,159.27585,159.27585,159.22943,159.24747
2026-08-11 03:15:00+00:00,159.24453,159.24453,159.17855,159.188
2026-08-11 03:30:00+00:00,159.18544,159.20016,159.1544,159.19871
2026-08-11 03:45:00+00:00,159.19156,159.21301,159.16929,159.20892
2026-08-11 04:00:00+00:00,159.20244,159.21231,159.18509,159.19814
2026-08-11 04:15:00+00:00,159.19878,159.19878,159.17087,159.17977
2026-08-11 04:30:00+00:00,159.17747,159.2458,159.1695,159.24285
2026-08-11 04:45:00+00:00,159.23945,159.25308,159.20475,159.20654
2026-08-11 05:00:00+00:00,159.20928,159.21643,159.18594,159.20213
2026-08-11 05:15:00+00:00,159.20259,159.2143,159.19103,159.20038
2026-08-11 05:30:00+00:00,159.19838,159.20606,159.16139,159.17731
2026-08-11 05:45:00+00:00,159.1724,159.23157,159.16015,159.20848
2026-08-11 06:00:00+00:00,159.20975,159.23542,159.18503,159.20822
2026-08-11 06:15:00+00:00,159.21905,159.24437,159.20357,159.21998
2026-08-11 06:30:00+00:00,159.21368,159.24289,159.20724,159.22032
2026-08-11 06:45:00+00:00,159.21446,159.23437,159.20572,159.21301
2026-08-11 07:00:00+00:00,159.2077,159.32355,159.2077,159.29797
2026-08-11 07:15:00+00:00,159.30053,159.31724,159.27183,159.27301
2026-08-11 07:30:00+00:00,159.27432,159.32732,159.26786,159.32657
2026-08-11 07:45:00+00:00,159.32237,159.37308,159.29697,159.36877
2026-08-11 08:00:00+00:00,159.35822,159.38026,159.31856,159.35739
2026-08-11 08:15:00+00:00,159.3549,159.36165,159.3133,159.31651
2026-08-11 08:30:00+00:00,159.32104,159.32104,159.28883,159.31076
2026-08-11 08:45:00+00:00,159.30714,159.36322,159.29299,159.35821
2026-08-11 09:00:00+00:00,159.34466,159.39136,159.34466,159.38104
2026-08-11 09:15:00+00:00,159.37746,159.37746,159.33552,159.33656
2026-08-11 09:30:00+00:00,159.33871,159.34273,159.31374,159.32218
2026-08-11 09:45:00+00:00,159.31937,159.32624,159.27844,159.29426
2026-08-11 10:00:00+00:00,159.29165,159.32024,159.28619,159.31699
2026-08-11 10:15:00+00:00,159.31321,159.33569,159.20818,159.21636
2026-08-11 10:30:00+00:00,159.23629,159.28621,159.23515,159.25619
2026-08-11 10:45:00+00:00,159.25644,159.28283,159.21741,159.22367
2026-08-11 11:00:00+00:00,159.23366,159.27936,159.07129,159.09231
2026-08-11 11:15:00+00:00,159.0938,159.19114,159.0938,159.18394
2026-08-11 11:30:00+00:00,159.17413,159.2116,159.17355,159.20574
2026-08-11 11:45:00+00:00,159.19287,159.25473,159.19287,159.25172
2026-08-11 12:00:00+00:00,159.24748,159.28486,159.1901,159.26491
2026-08-11 12:15:00+00:00,159.25129,159.36388,159.25129,159.31621
2026-08-11 12:30:00+00:00,159.32144,159.33416,159.26708,159.2759
2026-08-11 12:45:00+00:00,159.27476,159.30505,159.25135,159.26963
2026-08-11 13:00:00+00:00,159.26571,159.27413,159.17772,159.21486
2026-08-11 13:15:00+00:00,159.2075,159.25082,159.19914,159.22283
2026-08-11 13:30:00+00:00,159.22027,159.25639,159.19905,159.22952
2026-08-11 13:45:00+00:00,159.23234,159.24549,159.19659,159.23139
2026-08-11 14:00:00+00:00,159.23066,159.28694,159.23066,159.28029
2026-08-11 14:15:00+00:00,159.27736,159.27736,159.22877,159.25982
2026-08-11 14:30:00+00:00,159.25118,159.26723,159.20391,159.23615
2026-08-11 14:45:00+00:00,159.23629,159.2552,159.21964,159.25212
2026-08-11 15:00:00+00:00,159.24965,159.24965,159.2047,159.24642
2026-08-11 15:15:00+00:00,159.23957,159.27105,159.23957,159.26359
2026-08-11 15:30:00+00:00,159.26062,159.32882,159.25876,159.31395
2026-08-11 15:45:00+00:00,159.31796,159.32446,159.26195,159.27204
2026-08-11 16:00:00+00:00,159.26974,159.26974,159.22358,159.24457
2026-08-11 16:15:00+00:00,159.24156,159.25623,159.21609,159.24006
2026-08-11 16:30:00+00:00,159.24214,159.2579,159.23459,159.23736
2026-08-11 16:45:00+00:00,159.2385,159.27198,159.23217,159.26911
2026-08-11 17:00:00+00:00,159.26425,159.31243,159.26425,159.30886
2026-08-11 17:15:00+00:00,159.30483,159.35131,159.30194,159.34213
2026-08-11 17:30:00+00:00,159.34548,159.35398,159.3162,159.31712
2026-08-11 17:45:00+00:00,159.31823,159.32138,159.29252,159.31827
2026-08-11 18:00:00+00:00,159.31308,159.33831,159.31308,159.33531
2026-08-11 18:15:00+00:00,159.33223,159.34758,159.31911,159.33854
2026-08-11 18:30:00+00:00,159.33718,159.33718,159.28782,159.29545
2026-08-11 18:45:00+00:00,159.29597,159.29597,159.26323,159.27846
2026-08-11 19:00:00+00:00,159.27166,159.29409,159.25885,159.26707
2026-08-11 19:15:00+00:00,159.26348,159.29825,159.25742,159.29297
2026-08-11 19:30:00+00:00,159.29129,159.29129,159.26347,159.27781
2026-08-11 19:45:00+00:00,159.27379,159.30262,159.25093,159.2974
2026-08-11 20:00:00+00:00,159.29561,159.3101,159.27357,159.28686
2026-08-11 20:15:00+00:00,159.28151,159.29842,159.28151,159.29017
2026-08-11 20:30:00+00:00,159.28775,159.37008,159.28775,159.36787
2026-08-11 20:45:00+00:00,159.36463,159.36797,159.30149,159.30255
2026-08-11 21:00:00+00:00,159.30271,159.30271,159.27527,159.29669
2026-08-11 21:15:00+00:00,159.2875,159.30407,159.27371,159.28034
2026-08-11 21:30:00+00:00,159.27769,159.28715,159.27127,159.27536
2026-08-11 21:45:00+00:00,159.27573,159.29823,159.2689,159.2899
2026-08-11 22:00:00+00:00,159.29046,159.30333,159.28055,159.30288
2026-08-11 22:15:00+00:00,159.29917,159.30575,159.29357,159.29925
2026-08-11 22:30:00+00:00,159.29602,159.30376,159.27369,159.27837
2026-08-11 22:45:00+00:00,159.27843,159.28181,159.26197,159.2711
2026-08-11 23:00:00+00:00,159.26553,159.28608,159.26553,159.27144
2026-08-11 23:15:00+00:00,159.27148,159.30313,159.27148,159.29588
2026-08-11 23:30:00+00:00,159.29231,159.30581,159.27603,159.27718
2026-08-11 23:45:00+00:00,159.27842,159.28749,159.27369,159.27668
2026-08-12 00:00:00+00:00,159.27779,159.30967,159.20298,159.23914
2026-08-12 00:15:00+00:00,159.23118,159.24266,159.21186,159.23149
2026-08-12 00:30:00+00:00,159.23056,159.28232,159.22091,159.26918
2026-08-12 00:45:00+00:00,159.26666,159.35986,159.26666,159.33874
2026-08-12 01:00:00+00:00,159.34113,159.37937,159.34018,159.34787
2026-08-12 01:15:00+00:00,159.34785,159.34785,159.31811,159.33265
2026-08-12 01:30:00+00:00,159.33171,159.35694,159.30903,159.32127
2026-08-12 01:45:00+00:00,159.31833,159.34416,159.29569,159.3332
2026-08-12 02:00:00+00:00,159.3357,159.37485,159.32913,159.36599
2026-08-12 02:15:00+00:00,159.35635,159.43518,159.35635,159.39694
2026-08-12 02:30:00+00:00,159.3978,159.42324,159.38148,159.41092
2026-08-12 02:45:00+00:00,159.41615,159.41615,159.3972,159.40116
2026-08-12 03:00:00+00:00,159.40202,159.43633,159.39971,159.43223
2026-08-12 03:15:00+00:00,159.42861,159.4576,159.42776,159.45542
2026-08-12 03:30:00+00:00,159.44996,159.46404,159.43355,159.44728
2026-08-12 03:45:00+00:00,159.44401,159.45406,159.42524,159.43152
2026-08-12 04:00:00+00:00,159.43291,159.44814,159.42391,159.44423
2026-08-12 04:15:00+00:00,159.43814,159.46446,159.43814,159.44911
2026-08-12 04:30:00+00:00,159.44647,159.45577,159.3794,159.38378
2026-08-12 04:45:00+00:00,159.38933,159.4208,159.37389,159.41851
2026-08-12 05:00:00+00:00,159.41451,159.44182,159.40977,159.41698
2026-08-12 05:15:00+00:00,159.41906,159.43587,159.40381,159.43043
2026-08-12 05:30:00+00:00,159.42779,159.44427,159.37944,159.40259
2026-08-12 05:45:00+00:00,159.3961,159.42365,159.38816,159.42224
2026-08-12 06:00:00+00:00,159.41891,159.43095,159.38825,159.4059
2026-08-12 06:15:00+00:00,159.40621,159.40828,159.3549,159.4002
2026-08-12 06:30:00+00:00,159.40027,159.43101,159.373,159.37776
2026-08-12 06:45:00+00:00,159.37358,159.40179,159.36638,159.38251
2026-08-12 07:00:00+00:00,159.38118,159.38828,159.33815,159.38053
2026-08-12 07:15:00+00:00,159.37014,159.40021,159.36877,159.38082
2026-08-12 07:30:00+00:00,159.37708,159.37938,159.3461,159.36328
2026-08-12 07:45:00+00:00,159.36043,159.38616,159.35243,159.36876
2026-08-12 08:00:00+00:00,159.36879,159.37956,159.33512,159.33626
2026-08-12 08:15:00+00:00,159.33752,159.35411,159.31816,159.35257
2026-08-12 08:30:00+00:00,159.34953,159.3611,159.31263,159.32411
2026-08-12 08:45:00+00:00,159.31998,159.36396,159.30729,159.3282
2026-08-12 09:00:00+00:00,159.34612,159.34612,159.27742,159.28503
2026-08-12 09:15:00+00:00,159.28208,159.29901,158.77493,159.05051
2026-08-12 09:30:00+00:00,159.04198,159.11754,159.02925,159.07249
2026-08-12 09:45:00+00:00,159.06366,159.15645,159.06366,159.1527
2026-08-12 10:00:00+00:00,159.14833,159.20943,159.14698,159.17446
2026-08-12 10:15:00+00:00,159.17567,159.19693,159.13795,159.14961
2026-08-12 10:30:00+00:00,159.15857,159.18975,159.1204,159.12545
2026-08-12 10:45:00+00:00,159.13379,159.19406,159.0909,159.18045
2026-08-12 11:00:00+00:00,159.16607,159.1952,159.12599,159.12961
2026-08-12 11:15:00+00:00,159.13516,159.15213,159.11942,159.12517
2026-08-12 11:30:00+00:00,159.12741,159.12741,159.07642,159.09468
2026-08-12 11:45:00+00:00,159.09099,159.10184,159.0627,159.09172
2026-08-12 12:00:00+00:00,159.08767,159.10912,159.03218,159.05092
2026-08-12 12:15:00+00:00,159.04631,159.09407,159.02986,159.03478
2026-08-12 12:30:00+00:00,159.03644,159.19117,158.76633,158.81224
2026-08-12 12:45:00+00:00,158.79346,158.98769,158.79346,158.88032
2026-08-12 13:00:00+00:00,158.91599,158.91599,158.73433,158.87199
2026-08-12 13:15:00+00:00,158.85964,158.9045,158.8116,158.86648
2026-08-12 13:30:00+00:00,158.86528,159.00027,158.8273,158.9909
2026-08-12 13:45:00+00:00,158.9763,159.02129,158.94192,159.00294
2026-08-12 14:00:00+00:00,158.993,159.12606,158.98961,159.11439
2026-08-12 14:15:00+00:00,159.11187,159.15186,159.05588,159.09012
2026-08-12 14:30:00+00:00,159.07763,159.19793,159.05159,159.19285
2026-08-12 14:45:00+00:00,159.18486,159.23543,159.16849,159.22774
2026-08-12 15:00:00+00:00,159.22541,159.25098,159.19175,159.20237
2026-08-12 15:15:00+00:00,159.2064,159.24853,159.1981,159.24154
2026-08-12 15:30:00+00:00,159.23083,159.29066,159.23083,159.27584
2026-08-12 15:45:00+00:00,159.27718,159.28944,159.2283,159.23533
2026-08-12 16:00:00+00:00,159.23771,159.31109,159.21433,159.30605
2026-08-12 16:15:00+00:00,159.29629,159.33772,159.26914,159.3175
2026-08-12 16:30:00+00:00,159.31927,159.36918,159.31927,159.34197
2026-08-12 16:45:00+00:00,159.35018,159.40632,159.35018,159.39207
2026-08-12 17:00:00+00:00,159.3932,159.40103,159.36186,159.39743
2026-08-12 17:15:00+00:00,159.39378,159.43715,159.37751,159.42513
2026-08-12 17:30:00+00:00,159.42525,159.50565,159.42303,159.50029
2026-08-12 17:45:00+00:00,159.49274,159.52229,159.47034,159.50047
2026-08-12 18:00:00+00:00,159.49809,159.54195,159.469,159.47195
2026-08-12 18:15:00+00:00,159.47191,159.50231,159.43588,159.45967
2026-08-12 18:30:00+00:00,159.45352,159.49719,159.44542,159.4822
2026-08-12 18:45:00+00:00,159.47826,159.50241,159.46577,159.50112
2026-08-12 19:00:00+00:00,159.49846,159.51865,159.47352,159.49902
2026-08-12 19:15:00+00:00,159.49613,159.50265,159.46505,159.4873
2026-08-12 19:30:00+00:00,159.48308,159.51487,159.47232,159.49683
2026-08-12 19:45:00+00:00,159.49943,159.51488,159.49118,159.51348
2026-08-12 20:00:00+00:00,159.50991,159.50991,159.47031,159.4977
2026-08-12 20:15:00+00:00,159.49389,159.51043,159.4638,159.46537
2026-08-12 20:30:00+00:00,159.46595,159.47459,159.42059,159.43499
2026-08-12 20:45:00+00:00,159.43605,159.44442,159.40259,159.43154
2026-08-12 21:00:00+00:00,159.43219,159.44812,159.39584,159.44027
2026-08-12 21:15:00+00:00,159.43668,159.44871,159.42745,159.43692
2026-08-12 21:30:00+00:00,159.43389,159.43877,159.42279,159.42808
2026-08-12 21:45:00+00:00,159.42908,159.44119,159.41999,159.43432
2026-08-12 22:00:00+00:00,159.43042,159.46003,159.42803,159.4441
2026-08-12 22:15:00+00:00,159.4413,159.44684,159.43346,159.44264
2026-08-12 22:30:00+00:00,159.43972,159.43972,159.41184,159.41243
2026-08-12 22:45:00+00:00,159.413,159.413,159.39797,159.39953
2026-08-12 23:00:00+00:00,159.39971,159.40798,159.36863,159.38208
2026-08-12 23:15:00+00:00,159.37973,159.3837,159.3234,159.3473
2026-08-12 23:30:00+00:00,159.34431,159.39048,159.33539,159.38689
2026-08-12 23:45:00+00:00,159.38597,159.38597,159.3281,159.32917
2026-08-13 00:00:00+00:00,159.33167,159.35737,159.2992,159.3497
2026-08-13 00:15:00+00:00,159.34972,159.38532,159.3158,159.33041
2026-08-13 00:30:00+00:00,159.32185,159.33819,159.25288,159.25564
2026-08-13 00:45:00+00:00,159.25926,159.35017,159.25167,159.34366
2026-08-13 01:00:00+00:00,159.34054,159.34054,159.30549,159.30704
2026-08-13 01:15:00+00:00,159.30937,159.32724,159.28441,159.3225
2026-08-13 01:30:00+00:00,159.31868,159.33551,159.2909,159.31728
2026-08-13 01:45:00+00:00,159.31309,159.37004,159.31309,159.36628
2026-08-13 02:00:00+00:00,159.36099,159.40573,159.34349,159.40288
2026-08-13 02:15:00+00:00,159.39891,159.44279,159.39891,159.44152
2026-08-13 02:30:00+00:00,159.43815,159.47915,159.43001,159.44915
2026-08-13 02:45:00+00:00,159.45287,159.46337,159.42828,159.44242
2026-08-13 03:00:00+00:00,159.44266,159.44608,159.41037,159.4388
2026-08-13 03:15:00+00:00,159.43896,159.48779,159.43751,159.47616
2026-08-13 03:30:00+00:00,159.47324,159.48319,159.43196,159.44687
2026-08-13 03:45:00+00:00,159.44222,159.46495,159.43113,159.44261
2026-08-13 04:00:00+00:00,159.43913,159.47516,159.43211,159.47199
2026-08-13 04:15:00+00:00,159.46703,159.48284,159.45255,159.45482
2026-08-13 04:30:00+00:00,159.45707,159.48291,159.43779,159.47996
2026-08-13 04:45:00+00:00,159.47651,159.47651,159.19134,159.20066
2026-08-13 05:00:00+00:00,159.21751,159.33529,159.21751,159.31913
2026-08-13 05:15:00+00:00,159.32003,159.34434,159.27292,159.33334
2026-08-13 05:30:00+00:00,159.33389,159.3741,159.33389,159.36749
2026-08-13 05:45:00+00:00,159.3643,159.36872,159.27197,159.28837
2026-08-13 06:00:00+00:00,159.28538,159.4114,159.28055,159.40747
2026-08-13 06:15:00+00:00,159.3999,159.40864,159.3647,159.4056
2026-08-13 06:30:00+00:00,159.39874,159.44748,159.39637,159.44564
2026-08-13 06:45:00+00:00,159.44048,159.44048,159.36594,159.38709
2026-08-13 07:00:00+00:00,159.38428,159.40576,159.36196,159.40173
2026-08-13 07:15:00+00:00,159.39614,159.42172,159.37888,159.38358
2026-08-13 07:30:00+00:00,159.38024,159.39878,159.34687,159.35752
2026-08-13 07:45:00+00:00,159.35325,159.37352,159.32428,159.37068
2026-08-13 08:00:00+00:00,159.36696,159.40718,159.35147,159.37166
2026-08-13 08:15:00+00:00,159.37279,159.3984,159.36995,159.39625
2026-08-13 08:30:00+00:00,159.3923,159.4116,159.37647,159.39604
2026-08-13 08:45:00+00:00,159.39769,159.41221,159.38498,159.40775
2026-08-13 09:00:00+00:00,159.40318,159.43747,159.39708,159.39756
2026-08-13 09:15:00+00:00,159.39804,159.39804,159.37234,159.39204
2026-08-13 09:30:00+00:00,159.38745,159.40224,159.35518,159.3672
2026-08-13 09:45:00+00:00,159.37019,159.37019,159.32632,159.33803
2026-08-13 10:00:00+00:00,159.33287,159.36695,159.3318,159.34742
2026-08-13 10:15:00+00:00,159.34809,159.36278,159.32367,159.32547
2026-08-13 10:30:00+00:00,159.33076,159.34857,159.3217,159.33561
2026-08-13 10:45:00+00:00,159.33366,159.35737,159.32882,159.35522
2026-08-13 11:00:00+00:00,159.35136,159.35324,159.29485,159.29646
2026-08-13 11:15:00+00:00,159.29871,159.32086,159.28392,159.29997
2026-08-13 11:30:00+00:00,159.29268,159.31149,159.28921,159.29428
2026-08-13 11:45:00+00:00,159.29528,159.34839,159.29035,159.34555
2026-08-13 12:00:00+00:00,159.34117,159.35841,159.32318,159.35463
2026-08-13 12:15:00+00:00,159.35238,159.37662,159.34766,159.3602
2026-08-13 12:30:00+00:00,159.36109,159.3978,159.27518,159.29955
2026-08-13 12:45:00+00:00,159.28978,159.30451,159.18774,159.19377
2026-08-13 13:00:00+00:00,159.20256,159.2362,159.16922,159.21315
2026-08-13 13:15:00+00:00,159.20979,159.29148,159.19261,159.28902
2026-08-13 13:30:00+00:00,159.28545,159.3331,159.28393,159.31062
2026-08-13 13:45:00+00:00,159.30515,159.31303,159.26294,159.28872
2026-08-13 14:00:00+00:00,159.28532,159.31358,159.0523,159.05846
2026-08-13 14:15:00+00:00,159.06547,159.11048,159.03591,159.10625
2026-08-13 14:30:00+00:00,159.09977,159.16813,159.09977,159.14714
2026-08-13 14:45:00+00:00,159.14253,159.21325,159.14192,159.14735
2026-08-13 15:00:00+00:00,159.14798,159.29262,159.14798,159.28804
2026-08-13 15:15:00+00:00,159.27379,159.35799,159.27379,159.34464
2026-08-13 15:30:00+00:00,159.32461,159.38225,159.29487,159.33089
2026-08-13 15:45:00+00:00,159.33191,159.37005,159.31806,159.35767
2026-08-13 16:00:00+00:00,159.34884,159.42366,159.34884,159.41821
2026-08-13 16:15:00+00:00,159.4014,159.46822,159.4014,159.46442
2026-08-13 16:30:00+00:00,159.4582,159.49268,159.43876,159.44588
2026-08-13 16:45:00+00:00,159.45061,159.49587,159.45061,159.49355
2026-08-13 17:00:00+00:00,159.48638,159.5169,159.47043,159.49828
2026-08-13 17:15:00+00:00,159.49104,159.52554,159.48306,159.51995
2026-08-13 17:30:00+00:00,159.51015,159.56158,159.50383,159.51203
2026-08-13 17:45:00+00:00,159.51373,159.53887,159.51199,159.52298
2026-08-13 18:00:00+00:00,159.52608,159.54722,159.44952,159.45347
2026-08-13 18:15:00+00:00,159.4581,159.50597,159.4369,159.49216
2026-08-13 18:30:00+00:00,159.49022,159.51439,159.47013,159.47277
2026-08-13 18:45:00+00:00,159.48054,159.51449,159.48054,159.51349
2026-08-13 19:00:00+00:00,159.51059,159.52263,159.49811,159.51237
2026-08-13 19:15:00+00:00,159.50866,159.51819,159.49681,159.49995
2026-08-13 19:30:00+00:00,159.49821,159.53318,159.49297,159.51841
2026-08-13 19:45:00+00:00,159.52271,159.54522,159.50109,159.51318
2026-08-13 20:00:00+00:00,159.51484,159.54586,159.49583,159.53656
2026-08-13 20:15:00+00:00,159.53343,159.56557,159.52756,159.55675
2026-08-13 20:30:00+00:00,159.5539,159.56639,159.54553,159.55806
2026-08-13 20:45:00+00:00,159.55939,159.56954,159.49799,159.52336
2026-08-13 21:00:00+00:00,159.51949,159.53044,159.45773,159.49666
2026-08-13 21:15:00+00:00,159.49741,159.51927,159.49316,159.49886
2026-08-13 21:30:00+00:00,159.49589,159.51417,159.48649,159.5126
2026-08-13 21:45:00+00:00,159.51009,159.53979,159.49801,159.52988
2026-08-13 22:00:00+00:00,159.52631,159.54679,159.48293,159.51108
2026-08-13 22:15:00+00:00,159.50868,159.51855,159.48946,159.51457
2026-08-13 22:30:00+00:00,159.5108,159.52163,159.49548,159.50027
2026-08-13 22:45:00+00:00,159.50011,159.50259,159.47297,159.47346
2026-08-13 23:00:00+00:00,159.4747,159.47662,159.44753,159.46461
2026-08-13 23:15:00+00:00,159.46276,159.48618,159.45991,159.48277
2026-08-13 23:30:00+00:00,159.47938,159.48569,159.45582,159.458
2026-08-13 23:45:00+00:00,159.46139,159.46628,159.43413,159.43563
2026-08-14 00:00:00+00:00,159.43694,159.50369,159.41931,159.48717
2026-08-14 00:15:00+00:00,159.48937,159.48937,159.41047,159.44466
2026-08-14 00:30:00+00:00,159.43467,159.43467,159.39487,159.42044
2026-08-14 00:45:00+00:00,159.419,159.44526,159.36151,159.37603
2026-08-14 01:00:00+00:00,159.37841,159.43541,159.36105,159.43014
2026-08-14 01:15:00+00:00,159.42019,159.46034,159.41155,159.44235
2026-08-14 01:30:00+00:00,159.43941,159.45405,159.41384,159.44565
2026-08-14 01:45:00+00:00,159.44326,159.45834,159.42535,159.45412
2026-08-14 02:00:00+00:00,159.44822,159.45963,159.43203,159.44021
2026-08-14 02:15:00+00:00,159.43538,159.43866,159.3952,159.39725
2026-08-14 02:30:00+00:00,159.39765,159.41006,159.38172,159.3937
2026-08-14 02:45:00+00:00,159.3909,159.43443,159.3909,159.42097
2026-08-14 03:00:00+00:00,159.4211,159.42547,159.37279,159.38861
2026-08-14 03:15:00+00:00,159.38983,159.39104,159.33721,159.34308
2026-08-14 03:30:00+00:00,159.34837,159.37396,159.3317,159.36273
2026-08-14 03:45:00+00:00,159.35832,159.41307,159.35832,159.38882
2026-08-14 04:00:00+00:00,159.3899,159.39284,159.34514,159.36154
2026-08-14 04:15:00+00:00,159.35986,159.37613,159.34752,159.37327
2026-08-14 04:30:00+00:00,159.36508,159.37837,159.34391,159.36185
2026-08-14 04:45:00+00:00,159.3585,159.37327,159.3534,159.3599
2026-08-14 05:00:00+00:00,159.35806,159.36089,159.32632,159.33363
2026-08-14 05:15:00+00:00,159.33022,159.3366,159.30833,159.32049
2026-08-14 05:30:00+00:00,159.32242,159.32942,159.24003,159.2851
2026-08-14 05:45:00+00:00,159.28004,159.30871,159.25931,159.27327
2026-08-14 06:00:00+00:00,159.27905,159.27905,159.15808,159.19308
2026-08-14 06:15:00+00:00,159.1835,159.2857,159.1835,159.26018
2026-08-14 06:30:00+00:00,159.26305,159.28441,159.25745,159.28211
2026-08-14 06:45:00+00:00,159.27645,159.27645,159.22167,159.25884
2026-08-14 07:00:00+00:00,159.25637,159.26659,159.22274,159.26112
2026-08-14 07:15:00+00:00,159.25355,159.31047,159.25355,159.29757
2026-08-14 07:30:00+00:00,159.2928,159.2964,159.24854,159.26395
2026-08-14 07:45:00+00:00,159.25949,159.26701,159.20556,159.21647
2026-08-14 08:00:00+00:00,159.22273,159.22273,159.16911,159.17124
2026-08-14 08:15:00+00:00,159.17758,159.23222,159.12838,159.13116
2026-08-14 08:30:00+00:00,159.13348,159.14965,159.07352,159.13358
2026-08-14 08:45:00+00:00,159.12819,159.18629,159.11859,159.17421
2026-08-14 09:00:00+00:00,159.17117,159.19058,159.1339,159.14077
2026-08-14 09:15:00+00:00,159.14281,159.17417,159.11908,159.16745
2026-08-14 09:30:00+00:00,159.1579,159.19901,159.14574,159.16151
2026-08-14 09:45:00+00:00,159.15977,159.16581,159.12658,159.16416
2026-08-14 10:00:00+00:00,159.15996,159.16158,159.09805,159.09891
2026-08-14 10:15:00+00:00,159.10074,159.18365,159.10074,159.16986
2026-08-14 10:30:00+00:00,159.17166,159.18235,159.14996,159.18171
2026-08-14 10:45:00+00:00,159.17909,159.19171,159.15852,159.18983
2026-08-14 11:00:00+00:00,159.18435,159.19383,159.17418,159.18943
2026-08-14 11:15:00+00:00,159.18772,159.18772,159.11781,159.15452
2026-08-14 11:30:00+00:00,159.14991,159.16113,159.05651,159.05867
2026-08-14 11:45:00+00:00,159.06246,159.13309,159.06246,159.13162
2026-08-14 12:00:00+00:00,159.12848,159.12848,158.96968,159.0522
2026-08-14 12:15:00+00:00,159.04746,159.05694,158.80614,158.80952
2026-08-14 12:30:00+00:00,158.81393,158.90122,158.63325,158.86515
2026-08-14 12:45:00+00:00,158.87279,158.96095,158.85235,158.91857
2026-08-14 13:00:00+00:00,158.93008,159.04948,158.8965,159.04727
2026-08-14 13:15:00+00:00,159.03925,159.0926,158.95009,158.9772
2026-08-14 13:30:00+00:00,158.97356,159.01222,158.84444,158.85512
2026-08-14 13:45:00+00:00,158.86935,158.98846,158.8126,158.95857
2026-08-14 14:00:00+00:00,158.95632,159.03355,158.92876,159.00593
2026-08-14 14:15:00+00:00,159.0061,159.06905,158.93452,158.95451
2026-08-14 14:30:00+00:00,158.95082,159.03626,158.95082,159.00228
2026-08-14 14:45:00+00:00,159.00664,159.0633,158.96759,159.05928
2026-08-14 15:00:00+00:00,159.04932,159.06352,158.95797,159.06146
2026-08-14 15:15:00+00:00,159.0521,159.18102,159.02743,159.12071
2026-08-14 15:30:00+00:00,159.12828,159.18915,159.09942,159.18642
2026-08-14 15:45:00+00:00,159.18423,159.20645,159.16453,159.20349
2026-08-14 16:00:00+00:00,159.19542,159.28211,159.19542,159.27245
2026-08-14 16:15:00+00:00,159.26684,159.33491,159.25256,159.32648
2026-08-14 16:30:00+00:00,159.32687,159.3495,159.26817,159.2958
2026-08-14 16:45:00+00:00,159.31445,159.37679,159.31445,159.3693
2026-08-14 17:00:00+00:00,159.36928,159.39624,159.35593,159.3804
2026-08-14 17:15:00+00:00,159.38212,159.40518,159.37665,159.39224
2026-08-14 17:30:00+00:00,159.38996,159.39673,159.34768,159.37371
2026-08-14 17:45:00+00:00,159.3701,159.38302,159.36359,159.36626
2026-08-14 18:00:00+00:00,159.3665,159.38325,159.34763,159.38132
2026-08-14 18:15:00+00:00,159.37193,159.39836,159.36821,159.37278
2026-08-14 18:30:00+00:00,159.3713,159.3954,159.36636,159.37626
2026-08-14 18:45:00+00:00,159.37749,159.39221,159.35913,159.39071
2026-08-14 19:00:00+00:00,159.38735,159.39554,159.36743,159.37872
2026-08-14 19:15:00+00:00,159.37319,159.3951,159.36998,159.3728
2026-08-14 19:30:00+00:00,159.37419,159.39358,159.37019,159.39159
2026-08-14 19:45:00+00:00,159.38864,159.4051,159.36515,159.37583
2026-08-14 20:00:00+00:00,159.37076,159.37852,159.33337,159.36263
2026-08-14 20:15:00+00:00,159.35638,159.37015,159.33383,159.3364
2026-08-14 20:30:00+00:00,159.33878,159.35731,159.31901,159.33801
2026-08-14 20:45:00+00:00,159.33851,159.34284,159.31925,159.3206
2026-08-14 21:00:00+00:00,159.32164,159.3552,159.26073,159.29535
2026-08-14 21:15:00+00:00,159.28736,159.30089,159.26992,159.29143
2026-08-14 21:30:00+00:00,159.28817,159.29712,159.2604,159.29072
2026-08-14 21:45:00+00:00,159.28745,159.29669,159.27973,159.28758
2026-08-14 22:00:00+00:00,159.2886,159.30151,159.23808,159.2892
2026-08-14 22:15:00+00:00,159.28936,159.30139,159.2847,159.29915
2026-08-14 22:30:00+00:00,159.29542,159.30148,159.2846,159.28851
2026-08-14 22:45:00+00:00,159.28989,159.30157,159.28449,159.29693
2026-08-14 23:00:00+00:00,159.29479,159.30284,159.23765,159.29023
2026-08-14 23:15:00+00:00,159.29103,159.30202,159.28696,159.30009
2026-08-14 23:30:00+00:00,159.29661,159.30286,159.28607,159.29009
2026-08-14 23:45:00+00:00,159.29109,159.30801,159.274,159.29677
2026-08-15 00:00:00+00:00,159.29341,159.32696,159.27937,159.32367
2026-08-15 00:15:00+00:00,159.3204,159.32762,159.31735,159.32344
2026-08-15 00:30:00+00:00,159.31987,159.32766,159.31803,159.32237
2026-08-15 00:45:00+00:00,159.3205,159.35068,159.31403,159.32459
2026-08-15 01:00:00+00:00,159.32827,159.32942,159.29657,159.32419
2026-08-15 01:15:00+00:00,159.32049,159.32752,159.31724,159.3238
2026-08-15 01:30:00+00:00,159.32049,159.32762,159.28738,159.31707
2026-08-15 01:45:00+00:00,159.31425,159.32766,159.31425,159.31974
2026-08-15 02:00:00+00:00,159.32049,159.33321,159.3,159.32015
2026-08-15 02:15:00+00:00,159.32047,159.32756,159.31814,159.32344
2026-08-15 02:30:00+00:00,159.32049,159.32761,159.31588,159.32342
2026-08-15 02:45:00+00:00,159.32048,159.32754,159.31726,159.3231
2026-08-15 03:00:00+00:00,159.32052,159.3276,159.29515,159.31985
2026-08-15 03:15:00+00:00,159.3206,159.32575,159.29404,159.32313
2026-08-15 03:30:00+00:00,159.32068,159.32762,159.31813,159.3238
2026-08-15 03:45:00+00:00,159.32049,159.32762,159.3173,159.32247
2026-08-15 04:00:00+00:00,159.32049,159.32737,159.30017,159.31875
2026-08-15 04:15:00+00:00,159.31987,159.32753,159.31813,159.32277
2026-08-15 04:30:00+00:00,159.3205,159.32766,159.31724,159.32402
2026-08-15 04:45:00+00:00,159.3205,159.32762,159.31818,159.32187
2026-08-15 05:00:00+00:00,159.3205,159.32753,159.26538,159.31929
2026-08-15 05:15:00+00:00,159.32048,159.32766,159.31618,159.32291
2026-08-15 05:30:00+00:00,159.3199,159.32742,159.31808,159.32445
2026-08-15 05:45:00+00:00,159.32086,159.3278,159.31785,159.32192
2026-08-15 06:00:00+00:00,159.32047,159.32711,159.29493,159.31934
2026-08-15 06:15:00+00:00,159.3205,159.32762,159.31589,159.3239
2026-08-15 06:30:00+00:00,159.32049,159.32957,159.28339,159.31085
2026-08-15 06:45:00+00:00,159.30261,159.37599,159.29552,159.32263
2026-08-15 07:00:00+00:00,159.32057,159.32636,159.29528,159.31948
2026-08-15 07:15:00+00:00,159.32045,159.32762,159.31817,159.32433
2026-08-15 07:30:00+00:00,159.32049,159.32739,159.31727,159.3237
2026-08-15 07:45:00+00:00,159.3205,159.32766,159.31542,159.32201
2026-08-15 08:00:00+00:00,159.31934,159.32766,159.31828,159.31987
2026-08-15 08:15:00+00:00,159.32049,159.32806,159.28282,159.32429
2026-08-15 08:30:00+00:00,159.32007,159.32761,159.31818,159.32329
2026-08-15 08:45:00+00:00,159.3205,159.32766,159.31664,159.32357
2026-08-15 09:00:00+00:00,159.32049,159.32744,159.31721,159.32201
2026-08-15 09:15:00+00:00,159.31917,159.32771,159.31813,159.31964
2026-08-15 09:30:00+00:00,159.32053,159.32683,159.31474,159.32273
2026-08-15 09:45:00+00:00,159.32046,159.32762,159.31812,159.32388
2026-08-15 10:00:00+00:00,159.32049,159.32737,159.28281,159.32226
2026-08-15 10:15:00+00:00,159.32048,159.32784,159.31811,159.31966
2026-08-15 10:30:00+00:00,159.32075,159.32754,159.31812,159.32297
2026-08-15 10:45:00+00:00,159.3205,159.34632,159.2715,159.32414
2026-08-15 11:00:00+00:00,159.32058,159.32793,159.31819,159.32168
2026-08-15 11:15:00+00:00,159.32051,159.33399,159.319,159.31932
2026-08-15 11:30:00+00:00,159.32051,159.33549,159.28883,159.2927
2026-08-15 11:45:00+00:00,159.29896,159.34477,159.29896,159.3241
2026-08-15 12:00:00+00:00,159.32054,159.32764,159.3166,159.32187
2026-08-15 12:15:00+00:00,159.32021,159.32754,159.31812,159.31939
2026-08-15 12:30:00+00:00,159.3205,159.32766,159.31648,159.32402
2026-08-15 12:45:00+00:00,159.32047,159.32766,159.31648,159.32122
2026-08-15 13:00:00+00:00,159.31764,159.32762,159.31742,159.32275
2026-08-15 13:15:00+00:00,159.3205,159.33837,159.2936,159.32235
2026-08-15 13:30:00+00:00,159.31869,159.32766,159.31781,159.32036
2026-08-15 13:45:00+00:00,159.3205,159.32715,159.31658,159.32355
2026-08-15 14:00:00+00:00,159.32047,159.32766,159.31656,159.3206
2026-08-15 14:15:00+00:00,159.31769,159.32758,159.31769,159.32001
2026-08-15 14:30:00+00:00,159.3205,159.32951,159.31698,159.31967
2026-08-15 14:45:00+00:00,159.32029,159.32766,159.31827,159.32313
2026-08-15 15:00:00+00:00,159.3205,159.34032,159.2935,159.32319
2026-08-15 15:15:00+00:00,159.31996,159.32754,159.31562,159.31618
2026-08-15 15:30:00+00:00,159.31732,159.32762,159.31732,159.31953
2026-08-15 15:45:00+00:00,159.32049,159.32636,159.31568,159.32229
2026-08-15 16:00:00+00:00,159.32014,159.35885,159.23933,159.32371
2026-08-15 16:15:00+00:00,159.32022,159.32748,159.31658,159.32205
2026-08-15 16:30:00+00:00,159.32047,159.32755,159.30961,159.31302
2026-08-15 16:45:00+00:00,159.31694,159.32749,159.29404,159.32304
2026-08-15 17:00:00+00:00,159.32037,159.32606,159.2245,159.32323
2026-08-15 17:15:00+00:00,159.31959,159.32744,159.31811,159.32173
2026-08-15 17:30:00+00:00,159.3205,159.32726,159.31571,159.31924
2026-08-15 17:45:00+00:00,159.32043,159.32763,159.31808,159.32197
2026-08-15 18:00:00+00:00,159.32042,159.32711,159.2399,159.32301
2026-08-15 18:15:00+00:00,159.31941,159.32714,159.28827,159.3214
2026-08-15 18:30:00+00:00,159.31954,159.32733,159.31795,159.31943
2026-08-15 18:45:00+00:00,159.32048,159.32765,159.31558,159.32384
2026-08-15 19:00:00+00:00,159.32015,159.32324,159.23816,159.32002
2026-08-15 19:15:00+00:00,159.31717,159.3265,159.31196,159.32188
2026-08-15 19:30:00+00:00,159.3194,159.32755,159.3155,159.322
2026-08-15 19:45:00+00:00,159.31846,159.32678,159.31672,159.3193
2026-08-15 20:00:00+00:00,159.31965,159.32405,159.23821,159.29787
2026-08-15 20:15:00+00:00,159.29496,159.31129,159.29314,159.30736
2026-08-15 20:30:00+00:00,159.30338,159.32276,159.30338,159.31565
2026-08-15 20:45:00+00:00,159.31597,159.32562,159.31097,159.32258
2026-08-15 21:00:00+00:00,159.31783,159.32734,159.23874,159.32472
2026-08-15 21:15:00+00:00,159.32232,159.3276,159.31669,159.32375
2026-08-15 21:30:00+00:00,159.32045,159.32762,159.31818,159.32249
2026-08-15 21:45:00+00:00,159.3205,159.32993,159.29399,159.32138
2026-08-15 22:00:00+00:00,159.32229,159.32505,159.24066,159.32207
2026-08-15 22:15:00+00:00,159.31957,159.3276,159.31813,159.32402
2026-08-15 22:30:00+00:00,159.3205,159.33175,159.31543,159.32234
2026-08-15 22:45:00+00:00,159.32238,159.32771,159.31831,159.31932
2026-08-15 23:00:00+00:00,159.3205,159.32564,159.23937,159.32286
2026-08-15 23:15:00+00:00,159.31986,159.32741,159.29476,159.32227
2026-08-15 23:30:00+00:00,159.31856,159.32754,159.31781,159.32194
2026-08-15 23:45:00+00:00,159.3205,159.32701,159.31647,159.31922
2026-08-16 00:00:00+00:00,159.32038,159.3275,159.31801,159.32385
2026-08-16 00:15:00+00:00,159.32045,159.32748,159.31649,159.32397
2026-08-16 00:30:00+00:00,159.32049,159.32745,159.31571,159.32185
2026-08-16 00:45:00+00:00,159.31978,159.32753,159.31811,159.31953
2026-08-16 01:00:00+00:00,159.3205,159.32763,159.28205,159.32377
2026-08-16 01:15:00+00:00,159.31979,159.32754,159.31812,159.32371
2026-08-16 01:30:00+00:00,159.3205,159.32743,159.31648,159.3231
2026-08-16 01:45:00+00:00,159.32049,159.32767,159.31654,159.31916
2026-08-16 02:00:00+00:00,159.31984,159.33878,159.31801,159.3245
2026-08-16 02:15:00+00:00,159.32534,159.32697,159.31658,159.32313
2026-08-16 02:30:00+00:00,159.32032,159.32766,159.31811,159.32356
2026-08-16 02:45:00+00:00,159.3205,159.32689,159.27704,159.32024
2026-08-16 03:00:00+00:00,159.32041,159.32766,159.31655,159.31854
2026-08-16 03:15:00+00:00,159.31947,159.3276,159.31808,159.32278
2026-08-16 03:30:00+00:00,159.32049,159.32762,159.31654,159.3236
2026-08-16 03:45:00+00:00,159.32021,159.32765,159.31825,159.32228
2026-08-16 04:00:00+00:00,159.32049,159.32764,159.31663,159.31935
2026-08-16 04:15:00+00:00,159.32045,159.35466,159.26724,159.29532
2026-08-16 04:30:00+00:00,159.28381,159.32324,159.28381,159.32017
2026-08-16 04:45:00+00:00,159.31633,159.33123,159.31159,159.32294
2026-08-16 05:00:00+00:00,159.32302,159.32832,159.31885,159.31948
2026-08-16 05:15:00+00:00,159.32067,159.32682,159.31566,159.323
2026-08-16 05:30:00+00:00,159.31996,159.32862,159.31778,159.32627
2026-08-16 05:45:00+00:00,159.3227,159.32983,159.31949,159.32272
2026-08-16 06:00:00+00:00,159.32108,159.35337,159.27598,159.31807
2026-08-16 06:15:00+00:00,159.31928,159.33636,159.31113,159.32381
2026-08-16 06:30:00+00:00,159.32425,159.32746,159.31706,159.3239
2026-08-16 06:45:00+00:00,159.32049,159.32754,159.31647,159.32165
2026-08-16 07:00:00+00:00,159.31937,159.3276,159.31815,159.31962
2026-08-16 07:15:00+00:00,159.3205,159.32756,159.31649,159.32025
2026-08-16 07:30:00+00:00,159.32039,159.32745,159.31811,159.32359
2026-08-16 07:45:00+00:00,159.3205,159.35149,159.27602,159.32313
2026-08-16 08:00:00+00:00,159.32035,159.32763,159.31656,159.32246
2026-08-16 08:15:00+00:00,159.31946,159.32756,159.31799,159.31989
2026-08-16 08:30:00+00:00,159.3205,159.32693,159.31558,159.32296
2026-08-16 08:45:00+00:00,159.32031,159.32767,159.31809,159.32369
2026-08-16 09:00:00+00:00,159.3205,159.32742,159.31665,159.32269
2026-08-16 09:15:00+00:00,159.32048,159.32763,159.31646,159.32348
2026-08-16 09:30:00+00:00,159.31889,159.32754,159.31789,159.32259
2026-08-16 09:45:00+00:00,159.3205,159.33489,159.3165,159.32768
2026-08-16 10:00:00+00:00,159.32447,159.32894,159.31831,159.32209
2026-08-16 10:15:00+00:00,159.3205,159.32763,159.31812,159.31935
2026-08-16 10:30:00+00:00,159.3205,159.32762,159.31818,159.32315
2026-08-16 10:45:00+00:00,159.3205,159.32756,159.31813,159.32408
2026-08-16 11:00:00+00:00,159.3205,159.32766,159.31811,159.32172
2026-08-16 11:15:00+00:00,159.3205,159.32767,159.31829,159.31931
2026-08-16 11:30:00+00:00,159.3205,159.34194,159.31798,159.32566
2026-08-16 11:45:00+00:00,159.32637,159.32779,159.31844,159.32404
2026-08-16 12:00:00+00:00,159.32051,159.32766,159.31814,159.32235
2026-08-16 12:15:00+00:00,159.3205,159.32746,159.31811,159.31944
2026-08-16 12:30:00+00:00,159.3205,159.32767,159.31812,159.32419
2026-08-16 12:45:00+00:00,159.3205,159.32763,159.31819,159.32382
2026-08-16 13:00:00+00:00,159.3205,159.32762,159.31813,159.32293
2026-08-16 13:15:00+00:00,159.3205,159.34178,159.31701,159.33384
2026-08-16 13:30:00+00:00,159.33463,159.34179,159.33224,159.33436
2026-08-16 13:45:00+00:00,159.33463,159.34165,159.33224,159.33761
2026-08-16 14:00:00+00:00,159.33463,159.34387,159.30622,159.31933
2026-08-16 14:15:00+00:00,159.3164,159.32346,159.31403,159.31607
2026-08-16 14:30:00+00:00,159.3164,159.32356,159.31401,159.31566
2026-08-16 14:45:00+00:00,159.3164,159.32802,159.3011,159.31012
2026-08-16 15:00:00+00:00,159.30767,159.34632,159.30412,159.34245
2026-08-16 15:15:00+00:00,159.33917,159.34628,159.33684,159.34122
2026-08-16 15:30:00+00:00,159.33917,159.34633,159.33682,159.33815
2026-08-16 15:45:00+00:00,159.33917,159.34616,159.33679,159.34138
2026-08-16 16:00:00+00:00,159.33917,159.39575,159.24134,159.32346
2026-08-16 16:15:00+00:00,159.3199,159.33556,159.31118,159.32191
2026-08-16 16:30:00+00:00,159.32052,159.33803,159.31166,159.32641
2026-08-16 16:45:00+00:00,159.32756,159.3349,159.31929,159.32361
2026-08-16 17:00:00+00:00,159.32085,159.36768,159.23762,159.32255
2026-08-16 17:15:00+00:00,159.31886,159.38047,159.31789,159.32306
2026-08-16 17:30:00+00:00,159.32164,159.33235,159.301,159.31944
2026-08-16 17:45:00+00:00,159.3206,159.32765,159.31814,159.32388
2026-08-16 18:00:00+00:00,159.3205,159.32611,159.25688,159.32397
2026-08-16 18:15:00+00:00,159.32049,159.32767,159.31811,159.32255
2026-08-16 18:30:00+00:00,159.3205,159.32753,159.31812,159.31952
2026-08-16 18:45:00+00:00,159.32049,159.33427,159.1872,159.31017
2026-08-16 19:00:00+00:00,159.29693,159.34873,159.21611,159.34088
2026-08-16 19:15:00+00:00,159.3217,159.36361,159.26065,159.32789
2026-08-16 19:30:00+00:00,159.32866,159.38018,159.22474,159.33981
2026-08-16 19:45:00+00:00,159.31531,159.38208,159.22514,159.33795
2026-08-16 20:00:00+00:00,159.30399,159.38946,159.2597,159.31561
2026-08-16 20:15:00+00:00,159.31282,159.31282,159.29147,159.29985
2026-08-16 20:30:00+00:00,159.30011,159.32436,159.28754,159.32081
2026-08-16 20:45:00+00:00,159.31332,159.33763,159.28093,159.31991
2026-08-16 21:00:00+00:00,159.31442,159.327,159.29411,159.29808
2026-08-16 21:15:00+00:00,159.30079,159.36433,159.28798,159.34572
2026-08-16 21:30:00+00:00,159.34845,159.38919,159.33669,159.33851
2026-08-16 21:45:00+00:00,159.34101,159.34101,159.31297,159.32294
2026-08-16 22:00:00+00:00,159.32066,159.40183,159.31298,159.39939
2026-08-16 22:15:00+00:00,159.39765,159.39765,159.30968,159.32258
2026-08-16 22:30:00+00:00,159.3193,159.3193,159.22863,159.27168
2026-08-16 22:45:00+00:00,159.27055,159.27239,159.16725,159.17048
2026-08-16 23:00:00+00:00,159.17427,159.20663,159.1436,159.20231
2026-08-16 23:15:00+00:00,159.19379,159.24521,159.19379,159.2266
2026-08-16 23:30:00+00:00,159.22317,159.22777,159.16891,159.1822
2026-08-16 23:45:00+00:00,159.17832,159.2478,159.16807,159.22838
2026-08-17 00:00:00+00:00,159.23081,159.2468,159.13696,159.15138
2026-08-17 00:15:00+00:00,159.14536,159.15156,159.04492,159.07188
2026-08-17 00:30:00+00:00,159.0645,159.11908,159.04314,159.0607
2026-08-17 00:45:00+00:00,159.06083,159.10083,159.01542,159.05874
2026-08-17 01:00:00+00:00,159.05283,159.07671,158.99584,159.05207
2026-08-17 01:15:00+00:00,159.05038,159.06622,159.02899,159.04772
2026-08-17 01:30:00+00:00,159.04505,159.11069,159.02585,159.10778
2026-08-17 01:45:00+00:00,159.10428,159.10428,159.06334,159.06987
2026-08-17 02:00:00+00:00,159.07159,159.07159,159.04078,159.05332
2026-08-17 02:15:00+00:00,159.05443,159.06459,158.9597,159.00294
2026-08-17 02:30:00+00:00,158.99836,159.05108,158.99836,159.03488
2026-08-17 02:45:00+00:00,159.02985,159.05129,159.02668,159.04334
2026-08-17 03:00:00+00:00,159.04061,159.09254,159.04002,159.08431
2026-08-17 03:15:00+00:00,159.08457,159.09907,159.06383,159.09655
2026-08-17 03:30:00+00:00,159.09007,159.13961,159.08465,159.13385
2026-08-17 03:45:00+00:00,159.12741,159.14701,159.09485,159.09832
2026-08-17 04:00:00+00:00,159.1036,159.10564,159.05972,159.0611
2026-08-17 04:15:00+00:00,159.06328,159.10971,159.06299,159.08956
2026-08-17 04:30:00+00:00,159.09143,159.11636,159.05365,159.06761
2026-08-17 04:45:00+00:00,159.06335,159.12296,159.05647,159.11902
2026-08-17 05:00:00+00:00,159.10951,159.1292,159.1005,159.12227
2026-08-17 05:15:00+00:00,159.11694,159.12721,159.03678,159.0547
2026-08-17 05:30:00+00:00,159.04551,159.07161,158.99991,159.02034
2026-08-17 05:45:00+00:00,159.01651,159.09502,159.00493,159.09068
2026-08-17 06:00:00+00:00,159.08861,159.11145,159.03787,159.10797
2026-08-17 06:15:00+00:00,159.10296,159.11155,159.04391,159.04573
2026-08-17 06:30:00+00:00,159.04791,159.06046,159.02596,159.05904
2026-08-17 06:45:00+00:00,159.05532,159.05532,158.95071,158.95497
2026-08-17 07:00:00+00:00,158.95508,158.99955,158.89608,158.91467
2026-08-17 07:15:00+00:00,158.91772,158.9623,158.85596,158.9378
2026-08-17 07:30:00+00:00,158.94259,158.94569,158.85226,158.86401
2026-08-17 07:45:00+00:00,158.86331,158.98889,158.86331,158.96808
2026-08-17 08:00:00+00:00,158.97512,158.9999,158.95722,158.9755
2026-08-17 08:15:00+00:00,158.9802,159.01542,158.96193,158.96281
2026-08-17 08:30:00+00:00,158.96375,159.07487,158.94151,159.06533
2026-08-17 08:45:00+00:00,159.04395,159.14291,159.04395,159.12925
2026-08-17 09:00:00+00:00,159.12976,159.17809,159.11679,159.12028
2026-08-17 09:15:00+00:00,159.12559,159.14314,159.08397,159.13871
2026-08-17 09:30:00+00:00,159.1362,159.15115,159.1118,159.11338
2026-08-17 09:45:00+00:00,159.1148,159.18541,159.1148,159.18394
2026-08-17 10:00:00+00:00,159.17997,159.21302,159.16997,159.17392
2026-08-17 10:15:00+00:00,159.17668,159.19885,159.16966,159.1976
2026-08-17 10:30:00+00:00,159.19225,159.22189,159.10831,159.14965
2026-08-17 10:45:00+00:00,159.15,159.20163,159.14986,159.19916
2026-08-17 11:00:00+00:00,159.19599,159.21498,159.16337,159.19616
2026-08-17 11:15:00+00:00,159.19046,159.2507,159.19046,159.22695
2026-08-17 11:30:00+00:00,159.23514,159.26267,159.21822,159.2593
2026-08-17 11:45:00+00:00,159.25281,159.28233,159.23609,159.2449
2026-08-17 12:00:00+00:00,159.24792,159.24904,159.20237,159.23418
2026-08-17 12:15:00+00:00,159.22698,159.2832,159.22096,159.24509
2026-08-17 12:30:00+00:00,159.25183,159.28621,159.25183,159.2713
2026-08-17 12:45:00+00:00,159.2714,159.28126,159.24675,159.26072
2026-08-17 13:00:00+00:00,159.2583,159.26913,159.23521,159.26263
2026-08-17 13:15:00+00:00,159.25804,159.28537,159.24919,159.28305
2026-08-17 13:30:00+00:00,159.27951,159.35004,159.27893,159.34232
2026-08-17 13:45:00+00:00,159.33041,159.38072,159.26421,159.2677
2026-08-17 14:00:00+00:00,159.27181,159.28616,159.24004,159.26463
2026-08-17 14:15:00+00:00,159.25956,159.2621,159.1944,159.26046
2026-08-17 14:30:00+00:00,159.25758,159.26719,159.22029,159.22256
2026-08-17 14:45:00+00:00,159.22894,159.31161,159.22132,159.29789
2026-08-17 15:00:00+00:00,159.29591,159.34022,159.28356,159.31864
2026-08-17 15:15:00+00:00,159.32166,159.37313,159.31295,159.35175
2026-08-17 15:30:00+00:00,159.35488,159.40515,159.34031,159.39824
2026-08-17 15:45:00+00:00,159.38861,159.40343,159.34748,159.36197
2026-08-17 16:00:00+00:00,159.35932,159.39405,159.35338,159.3618
2026-08-17 16:15:00+00:00,159.36583,159.37659,159.32679,159.36334
2026-08-17 16:30:00+00:00,159.36347,159.37569,159.35488,159.36132
2026-08-17 16:45:00+00:00,159.36211,159.38069,159.3525,159.36981
2026-08-17 17:00:00+00:00,159.36768,159.37497,159.35102,159.37245
2026-08-17 17:15:00+00:00,159.36923,159.45377,159.35786,159.43775
2026-08-17 17:30:00+00:00,159.44427,159.50224,159.42646,159.4765
2026-08-17 17:45:00+00:00,159.47881,159.50378,159.45088,159.50261
2026-08-17 18:00:00+00:00,159.49955,159.53016,159.48747,159.50106
2026-08-17 18:15:00+00:00,159.51089,159.58798,159.49111,159.57747
2026-08-17 18:30:00+00:00,159.57834,159.59372,159.54817,159.56394
2026-08-17 18:45:00+00:00,159.55826,159.59935,159.55826,159.58357
2026-08-17 19:00:00+00:00,159.58702,159.59772,159.50603,159.51648
2026-08-17 19:15:00+00:00,159.53711,159.53711,159.44738,159.45394
2026-08-17 19:30:00+00:00,159.45167,159.45782,159.42403,159.43075
2026-08-17 19:45:00+00:00,159.43135,159.47736,159.42916,159.46639
2026-08-17 20:00:00+00:00,159.46776,159.50676,159.4482,159.50459
2026-08-17 20:15:00+00:00,159.49619,159.51115,159.47266,159.48197
2026-08-17 20:30:00+00:00,159.47917,159.49409,159.47248,159.47415
2026-08-17 20:45:00+00:00,159.47489,159.49308,159.45529,159.4692
2026-08-17 21:00:00+00:00,159.4717,159.49547,159.42631,159.43656
2026-08-17 21:15:00+00:00,159.43825,159.45007,159.40021,159.41228
2026-08-17 21:30:00+00:00,159.40799,159.43628,159.40799,159.42798
2026-08-17 21:45:00+00:00,159.42853,159.4496,159.41604,159.42947
2026-08-17 22:00:00+00:00,159.42435,159.48096,159.42311,159.47391
2026-08-17 22:15:00+00:00,159.47384,159.47621,159.40512,159.42738
2026-08-17 22:30:00+00:00,159.4244,159.44026,159.41667,159.43748
2026-08-17 22:45:00+00:00,159.43542,159.43542,159.4147,159.41622
2026-08-17 23:00:00+00:00,159.41739,159.42347,159.36402,159.39109
2026-08-17 23:15:00+00:00,159.38821,159.39259,159.36782,159.37888
2026-08-17 23:30:00+00:00,159.37549,159.37551,159.33182,159.33735
2026-08-17 23:45:00+00:00,159.34651,159.35788,159.31713,159.33947
2026-08-18 00:00:00+00:00,159.3407,159.39531,159.30593,159.39351
2026-08-18 00:15:00+00:00,159.38948,159.43271,159.37139,159.43109
2026-08-18 00:30:00+00:00,159.42704,159.488,159.41707,159.4847
2026-08-18 00:45:00+00:00,159.47566,159.52872,159.43782,159.44387
2026-08-18 01:00:00+00:00,159.44531,159.48882,159.40361,159.40611
2026-08-18 01:15:00+00:00,159.40691,159.46834,159.40236,159.43672
2026-08-18 01:30:00+00:00,159.43824,159.45829,159.41207,159.43167
2026-08-18 01:45:00+00:00,159.42916,159.50493,159.42334,159.49972
2026-08-18 02:00:00+00:00,159.49215,159.54164,159.48882,159.5232
2026-08-18 02:15:00+00:00,159.52458,159.52819,159.4766,159.4944
2026-08-18 02:30:00+00:00,159.49085,159.50652,159.474,159.50277
2026-08-18 02:45:00+00:00,159.49848,159.5144,159.46643,159.46702
2026-08-18 03:00:00+00:00,159.46767,159.50332,159.45515,159.49691
2026-08-18 03:15:00+00:00,159.49239,159.5185,159.49136,159.514
2026-08-18 03:30:00+00:00,159.51178,159.5638,159.50648,159.56144
2026-08-18 03:45:00+00:00,159.55157,159.57228,159.53567,159.53734
2026-08-18 04:00:00+00:00,159.54099,159.69579,159.54099,159.69157
2026-08-18 04:15:00+00:00,159.68458,159.72858,159.6674,159.69959
2026-08-18 04:30:00+00:00,159.69278,159.75501,159.69132,159.69545
2026-08-18 04:45:00+00:00,159.70081,159.71086,159.6771,159.69758
2026-08-18 05:00:00+00:00,159.69315,159.72923,159.68359,159.72128
2026-08-18 05:15:00+00:00,159.72234,159.73455,159.67019,159.67174
2026-08-18 05:30:00+00:00,159.67294,159.70132,159.67294,159.70014
2026-08-18 05:45:00+00:00,159.69566,159.69566,159.62969,159.656
2026-08-18 06:00:00+00:00,159.65149,159.73374,159.65149,159.68533
2026-08-18 06:15:00+00:00,159.6879,159.77347,159.68342,159.73855
2026-08-18 06:30:00+00:00,159.74207,159.78217,159.69855,159.76212
2026-08-18 06:45:00+00:00,159.75914,159.76911,159.73513,159.74727
2026-08-18 07:00:00+00:00,159.74526,159.75268,159.69564,159.73327
2026-08-18 07:15:00+00:00,159.73991,159.7637,159.71331,159.73672
2026-08-18 07:30:00+00:00,159.72767,159.75695,159.70802,159.72826
2026-08-18 07:45:00+00:00,159.72534,159.72534,159.68505,159.7013
2026-08-18 08:00:00+00:00,159.70133,159.73576,159.70133,159.72779
2026-08-18 08:15:00+00:00,159.72289,159.74308,159.72279,159.74159
2026-08-18 08:30:00+00:00,159.73874,159.74183,159.66969,159.68794
2026-08-18 08:45:00+00:00,159.68415,159.68415,159.62305,159.66316
2026-08-18 09:00:00+00:00,159.65165,159.69507,159.65165,159.6719
2026-08-18 09:15:00+00:00,159.67368,159.68294,159.61822,159.61957
2026-08-18 09:30:00+00:00,159.62036,159.63668,159.59296,159.62681
2026-08-18 09:45:00+00:00,159.62709,159.63119,159.59126,159.60586
2026-08-18 10:00:00+00:00,159.60199,159.66654,159.59699,159.6652
2026-08-18 10:15:00+00:00,159.66325,159.71034,159.6616,159.68334
2026-08-18 10:30:00+00:00,159.68595,159.69241,159.65702,159.68044
2026-08-18 10:45:00+00:00,159.67698,159.71652,159.6762,159.70837
2026-08-18 11:00:00+00:00,159.70486,159.74375,159.69667,159.73435
2026-08-18 11:15:00+00:00,159.73285,159.74505,159.72171,159.74211
2026-08-18 11:30:00+00:00,159.73784,159.74616,159.71093,159.72988
2026-08-18 11:45:00+00:00,159.72855,159.73915,159.6972,159.70733
2026-08-18 12:00:00+00:00,159.70415,159.71204,159.6701,159.68923
2026-08-18 12:15:00+00:00,159.69097,159.69169,159.6397,159.67858
2026-08-18 12:30:00+00:00,159.6747,159.7255,159.66157,159.70671
2026-08-18 12:45:00+00:00,159.71466,159.71466,159.64476,159.64762
2026-08-18 13:00:00+00:00,159.64821,159.67409,159.61914,159.63244
2026-08-18 13:15:00+00:00,159.63035,159.6855,159.62665,159.66159
2026-08-18 13:30:00+00:00,159.66389,159.69119,159.57553,159.61536
2026-08-18 13:45:00+00:00,159.6069,159.62782,159.57322,159.5836
2026-08-18 14:00:00+00:00,159.58928,159.58928,159.49961,159.51099
2026-08-18 14:15:00+00:00,159.51344,159.53869,159.45533,159.49023
2026-08-18 14:30:00+00:00,159.4847,159.56049,159.48136,159.52033
2026-08-18 14:45:00+00:00,159.51382,159.57198,159.40948,159.54958
2026-08-18 15:00:00+00:00,159.55145,159.59484,159.4973,159.59235
2026-08-18 15:15:00+00:00,159.58253,159.62903,159.54558,159.61772
2026-08-18 15:30:00+00:00,159.6184,159.63779,159.59289,159.59416
2026-08-18 15:45:00+00:00,159.59817,159.6045,159.54303,159.59446
2026-08-18 16:00:00+00:00,159.59056,159.59787,159.55932,159.56565
2026-08-18 16:15:00+00:00,159.56168,159.602,159.55122,159.60008
2026-08-18 16:30:00+00:00,159.59619,159.63839,159.58706,159.58771
2026-08-18 16:45:00+00:00,159.58847,159.5944,159.55696,159.58916
2026-08-18 17:00:00+00:00,159.58786,159.60776,159.56393,159.60484
2026-08-18 17:15:00+00:00,159.60155,159.61868,159.59156,159.61532
2026-08-18 17:30:00+00:00,159.6136,159.63857,159.60149,159.62113
2026-08-18 17:45:00+00:00,159.61683,159.62684,159.60655,159.60797
2026-08-18 18:00:00+00:00,159.60945,159.61725,159.58439,159.6011
2026-08-18 18:15:00+00:00,159.59827,159.59827,159.57255,159.58697
2026-08-18 18:30:00+00:00,159.5843,159.63506,159.5843,159.63231
2026-08-18 18:45:00+00:00,159.62838,159.63703,159.60575,159.60663
2026-08-18 19:00:00+00:00,159.60814,159.63387,159.59049,159.60462
2026-08-18 19:15:00+00:00,159.60198,159.61354,159.58104,159.60975
2026-08-18 19:30:00+00:00,159.60642,159.62071,159.58934,159.60363
2026-08-18 19:45:00+00:00,159.59662,159.65199,159.59662,159.64978
2026-08-18 20:00:00+00:00,159.64626,159.67981,159.64517,159.66352
2026-08-18 20:15:00+00:00,159.66928,159.66928,159.65235,159.65644
2026-08-18 20:30:00+00:00,159.6536,159.6633,159.64579,159.65185
2026-08-18 20:45:00+00:00,159.65327,159.66969,159.62224,159.62429
2026-08-18 21:00:00+00:00,159.6287,159.64739,159.59547,159.63442
2026-08-18 21:15:00+00:00,159.63488,159.65469,159.62578,159.62998
2026-08-18 21:30:00+00:00,159.63091,159.64386,159.59554,159.60075
2026-08-18 21:45:00+00:00,159.60234,159.62173,159.5983,159.60622
2026-08-18 22:00:00+00:00,159.61075,159.64162,159.58704,159.63983
2026-08-18 22:15:00+00:00,159.63408,159.64489,159.62613,159.63131
2026-08-18 22:30:00+00:00,159.62724,159.63567,159.59374,159.61146
2026-08-18 22:45:00+00:00,159.60871,159.61947,159.59338,159.59611
2026-08-18 23:00:00+00:00,159.59718,159.60182,159.54313,159.56037
2026-08-18 23:15:00+00:00,159.55299,159.58354,159.55116,159.58042
2026-08-18 23:30:00+00:00,159.56811,159.60847,159.56811,159.60153
2026-08-18 23:45:00+00:00,159.60221,159.60896,159.5492,159.55246
2026-08-19 00:00:00+00:00,159.55407,159.56392,159.44434,159.44802
2026-08-19 00:15:00+00:00,159.45379,159.49346,159.44,159.48189
2026-08-19 00:30:00+00:00,159.48027,159.52126,159.44228,159.47314
2026-08-19 00:45:00+00:00,159.46142,159.4862,159.41607,159.46804
2026-08-19 01:00:00+00:00,159.46927,159.50357,159.45664,159.49542
2026-08-19 01:15:00+00:00,159.48807,159.52282,159.48807,159.50194
2026-08-19 01:30:00+00:00,159.50134,159.50855,159.45046,159.46007
2026-08-19 01:45:00+00:00,159.45667,159.49517,159.45097,159.4527
2026-08-19 02:00:00+00:00,159.45459,159.48428,159.40633,159.40737
2026-08-19 02:15:00+00:00,159.40918,159.41558,159.32472,159.37288
2026-08-19 02:30:00+00:00,159.3669,159.40678,159.3162,159.34971
2026-08-19 02:45:00+00:00,159.33929,159.37763,159.30286,159.37619
2026-08-19 03:00:00+00:00,159.37417,159.40382,159.34781,159.39694
2026-08-19 03:15:00+00:00,159.38734,159.40352,159.37694,159.3889
2026-08-19 03:30:00+00:00,159.38502,159.44616,159.38502,159.42581
2026-08-19 03:45:00+00:00,159.43523,159.44173,159.41443,159.43255
2026-08-19 04:00:00+00:00,159.43335,159.43335,159.39226,159.39265
2026-08-19 04:15:00+00:00,159.39397,159.40098,159.35197,159.37181
2026-08-19 04:30:00+00:00,159.36966,159.3816,159.29624,159.37906
2026-08-19 04:45:00+00:00,159.37541,159.37592,159.30127,159.3306
2026-08-19 05:00:00+00:00,159.32005,159.34205,159.29732,159.32881
2026-08-19 05:15:00+00:00,159.3274,159.33698,159.24284,159.29306
2026-08-19 05:30:00+00:00,159.29041,159.2948,159.22716,159.25528
2026-08-19 05:45:00+00:00,159.24231,159.3312,159.23618,159.29528
2026-08-19 06:00:00+00:00,159.29989,159.30963,159.21911,159.24158
2026-08-19 06:15:00+00:00,159.23495,159.24877,159.15788,159.18424
2026-08-19 06:30:00+00:00,159.18057,159.20317,159.1224,159.2013
2026-08-19 06:45:00+00:00,159.19416,159.2524,159.19265,159.25059
2026-08-19 07:00:00+00:00,159.24356,159.2585,159.1717,159.22176
2026-08-19 07:15:00+00:00,159.21798,159.26467,159.18122,159.19837
2026-08-19 07:30:00+00:00,159.19043,159.20938,159.12862,159.14827
2026-08-19 07:45:00+00:00,159.14891,159.19947,159.14033,159.18894
2026-08-19 08:00:00+00:00,159.18102,159.18666,159.08936,159.09056
2026-08-19 08:15:00+00:00,159.09258,159.13283,159.05294,159.13137
2026-08-19 08:30:00+00:00,159.1272,159.13147,159.07207,159.07427
2026-08-19 08:45:00+00:00,159.07664,159.16919,159.07102,159.16702
2026-08-19 09:00:00+00:00,159.16101,159.23616,159.15756,159.22523
2026-08-19 09:15:00+00:00,159.22652,159.26147,159.16914,159.20908
2026-08-19 09:30:00+00:00,159.20239,159.20239,159.11733,159.13821
2026-08-19 09:45:00+00:00,159.1311,159.14062,159.08183,159.09546
2026-08-19 10:00:00+00:00,159.0893,159.1131,159.0359,159.04498
2026-08-19 10:15:00+00:00,159.0613,159.06487,159.01003,159.04523
2026-08-19 10:30:00+00:00,159.05194,159.09143,159.04373,159.0642
2026-08-19 10:45:00+00:00,159.06642,159.11439,159.04404,159.10425
2026-08-19 11:00:00+00:00,159.10051,159.15666,159.08245,159.12697
2026-08-19 11:15:00+00:00,159.12868,159.13369,159.09736,159.11985
2026-08-19 11:30:00+00:00,159.11463,159.18745,159.09789,159.18263
2026-08-19 11:45:00+00:00,159.18113,159.18113,159.0987,159.13948
2026-08-19 12:00:00+00:00,159.13576,159.16931,159.07629,159.11115
2026-08-19 12:15:00+00:00,159.1062,159.11408,158.98368,159.04401
2026-08-19 12:30:00+00:00,159.03342,159.06178,158.28157,158.56583
2026-08-19 12:45:00+00:00,158.55267,158.62283,158.42443,158.53332
2026-08-19 13:00:00+00:00,158.4856,158.59315,158.3526,158.36651
2026-08-19 13:15:00+00:00,158.39557,158.53322,158.32841,158.44713
2026-08-19 13:30:00+00:00,158.46678,158.51841,158.33415,158.4846
2026-08-19 13:45:00+00:00,158.48615,158.55119,158.42439,158.44024
2026-08-19 14:00:00+00:00,158.44798,158.49028,158.27212,158.28331
2026-08-19 14:15:00+00:00,158.29918,158.36734,158.23174,158.29212
2026-08-19 14:30:00+00:00,158.29539,158.29539,158.05538,158.11097
2026-08-19 14:45:00+00:00,158.12077,158.39634,158.12077,158.38942
2026-08-19 15:00:00+00:00,158.37385,158.4872,158.34131,158.42191
2026-08-19 15:15:00+00:00,158.43142,158.52747,158.36781,158.50462
2026-08-19 15:30:00+00:00,158.4986,158.51798,158.41461,158.41839
2026-08-19 15:45:00+00:00,158.42237,158.48669,158.36878,158.47888
2026-08-19 16:00:00+00:00,158.479,158.4873,158.40175,158.42001
2026-08-19 16:15:00+00:00,158.41727,158.44937,158.37406,158.42138
2026-08-19 16:30:00+00:00,158.40993,158.43372,158.3938,158.39637
2026-08-19 16:45:00+00:00,158.4005,158.4005,158.33019,158.38628
2026-08-19 17:00:00+00:00,158.37457,158.51229,158.34694,158.50662
2026-08-19 17:15:00+00:00,158.50477,158.52625,158.45074,158.5224
2026-08-19 17:30:00+00:00,158.51428,158.55737,158.49222,158.53845
2026-08-19 17:45:00+00:00,158.53139,158.61586,158.53139,158.60434
2026-08-19 18:00:00+00:00,158.59677,158.60726,158.36802,158.36988
2026-08-19 18:15:00+00:00,158.37192,158.50151,158.36886,158.48873
2026-08-19 18:30:00+00:00,158.48906,158.50697,158.28023,158.30673
2026-08-19 18:45:00+00:00,158.2965,158.33678,158.27957,158.31175
2026-08-19 19:00:00+00:00,158.30355,158.36269,158.27099,158.30529
2026-08-19 19:15:00+00:00,158.29726,158.30941,158.15228,158.15916
2026-08-19 19:30:00+00:00,158.17136,158.26374,158.1358,158.23272
2026-08-19 19:45:00+00:00,158.2217,158.29501,158.10346,158.11162
2026-08-19 20:00:00+00:00,158.12854,158.17786,158.09601,158.17049
2026-08-19 20:15:00+00:00,158.16911,158.21678,158.15651,158.21497
2026-08-19 20:30:00+00:00,158.20722,158.22915,158.14466,158.14939
2026-08-19 20:45:00+00:00,158.15655,158.17667,158.13819,158.15784
2026-08-19 21:00:00+00:00,158.15919,158.26464,158.04125,158.10306
2026-08-19 21:15:00+00:00,158.11281,158.13575,158.11281,158.12978
2026-08-19 21:30:00+00:00,158.12649,158.14147,158.12057,158.13768
2026-08-19 21:45:00+00:00,158.13457,158.14188,158.11912,158.1243
2026-08-19 22:00:00+00:00,158.12696,158.1336,158.03631,158.08216
2026-08-19 22:15:00+00:00,158.0791,158.08239,158.05003,158.07762
2026-08-19 22:30:00+00:00,158.07442,158.14441,158.07387,158.14236
2026-08-19 22:45:00+00:00,158.13862,158.19791,158.12981,158.18059
2026-08-19 23:00:00+00:00,158.18218,158.24446,158.18218,158.22171
2026-08-19 23:15:00+00:00,158.22265,158.24052,158.20732,158.23952
2026-08-19 23:30:00+00:00,158.23615,158.26647,158.22114,158.24935
2026-08-19 23:45:00+00:00,158.23687,158.28665,158.23687,158.28444
2026-08-20 00:00:00+00:00,158.27914,158.37626,158.16624,158.34682
2026-08-20 00:15:00+00:00,158.34647,158.36801,158.26764,158.34495
2026-08-20 00:30:00+00:00,158.34669,158.3614,158.28576,158.35896
2026-08-20 00:45:00+00:00,158.35451,158.44607,158.34654,158.37036
2026-08-20 01:00:00+00:00,158.37209,158.51734,158.37209,158.46658
2026-08-20 01:15:00+00:00,158.47057,158.48845,158.38881,158.3946
2026-08-20 01:30:00+00:00,158.40371,158.47454,158.34253,158.46976
2026-08-20 01:45:00+00:00,158.45373,158.56412,158.45373,158.54186
2026-08-20 02:00:00+00:00,158.52846,158.55595,158.40373,158.5009
2026-08-20 02:15:00+00:00,158.50464,158.5079,158.44896,158.45103
2026-08-20 02:30:00+00:00,158.45475,158.4565,158.40025,158.42166
2026-08-20 02:45:00+00:00,158.40787,158.47326,158.40787,158.46119
2026-08-20 03:00:00+00:00,158.45605,158.49234,158.40669,158.41025
2026-08-20 03:15:00+00:00,158.41618,158.44313,158.35307,158.44111
2026-08-20 03:30:00+00:00,158.43762,158.48263,158.43256,158.47183
2026-08-20 03:45:00+00:00,158.46888,158.47199,158.41847,158.44032
2026-08-20 04:00:00+00:00,158.43745,158.44873,158.42645,158.44603
2026-08-20 04:15:00+00:00,158.44433,158.47494,158.42282,158.44753
2026-08-20 04:30:00+00:00,158.45738,158.53651,158.45738,158.53556
2026-08-20 04:45:00+00:00,158.53079,158.62311,158.52912,158.58065
2026-08-20 05:00:00+00:00,158.57262,158.61057,158.55029,158.59047
2026-08-20 05:15:00+00:00,158.59377,158.67884,158.56868,158.67111
2026-08-20 05:30:00+00:00,158.66004,158.72825,158.65539,158.72308
2026-08-20 05:45:00+00:00,158.70949,158.74386,158.61604,158.61918
2026-08-20 06:00:00+00:00,158.62065,158.65857,158.54609,158.55099
2026-08-20 06:15:00+00:00,158.55877,158.57072,158.47425,158.50695
2026-08-20 06:30:00+00:00,158.51181,158.552,158.46622,158.48565
2026-08-20 06:45:00+00:00,158.48899,158.48899,158.37256,158.38132
2026-08-20 07:00:00+00:00,158.39794,158.4234,158.34492,158.38885
2026-08-20 07:15:00+00:00,158.39813,158.54365,158.37614,158.54037
2026-08-20 07:30:00+00:00,158.53569,158.54875,158.4092,158.45329
2026-08-20 07:45:00+00:00,158.43083,158.50449,158.43083,158.48038
2026-08-20 08:00:00+00:00,158.47021,158.48515,158.41728,158.4312
2026-08-20 08:15:00+00:00,158.42712,158.49556,158.38103,158.48657
2026-08-20 08:30:00+00:00,158.47426,158.51788,158.44849,158.50158
2026-08-20 08:45:00+00:00,158.49312,158.53895,158.4905,158.51211
2026-08-20 09:00:00+00:00,158.51934,158.51934,158.39315,158.39567
2026-08-20 09:15:00+00:00,158.39605,158.42129,158.22377,158.30031
2026-08-20 09:30:00+00:00,158.29249,158.35769,158.26919,158.30813
2026-08-20 09:45:00+00:00,158.31239,158.37975,158.2982,158.37866
2026-08-20 10:00:00+00:00,158.37587,158.38946,158.24817,158.266
2026-08-20 10:15:00+00:00,158.25937,158.3228,158.25243,158.2997
2026-08-20 10:30:00+00:00,158.29742,158.37054,158.26602,158.36295
2026-08-20 10:45:00+00:00,158.35233,158.52118,158.35233,158.51879
2026-08-20 11:00:00+00:00,158.5132,158.60716,158.48444,158.6033
2026-08-20 11:15:00+00:00,158.59981,158.63685,158.53348,158.57893
2026-08-20 11:30:00+00:00,158.57269,158.63352,158.54223,158.63028
2026-08-20 11:45:00+00:00,158.62547,158.71037,158.62168,158.64378
2026-08-20 12:00:00+00:00,158.64346,158.80492,158.64346,158.76031
2026-08-20 12:15:00+00:00,158.75159,158.75159,158.64712,158.65957
2026-08-20 12:30:00+00:00,158.66122,158.77964,158.66106,158.70876
2026-08-20 12:45:00+00:00,158.69857,158.69857,158.61122,158.64664
2026-08-20 13:00:00+00:00,158.64942,158.64942,158.55729,158.63466
2026-08-20 13:15:00+00:00,158.63028,158.65882,158.56906,158.63701
2026-08-20 13:30:00+00:00,158.63998,158.71491,158.61321,158.66757
2026-08-20 13:45:00+00:00,158.67173,158.82643,158.65753,158.81333
2026-08-20 14:00:00+00:00,158.78774,158.88392,158.78774,158.83631
2026-08-20 14:15:00+00:00,158.83903,158.88613,158.75261,158.81871
2026-08-20 14:30:00+00:00,158.81007,158.81007,158.75355,158.77645
2026-08-20 14:45:00+00:00,158.78128,158.78722,158.72119,158.73842
2026-08-20 15:00:00+00:00,158.74366,158.82296,158.59902,158.77858
2026-08-20 15:15:00+00:00,158.79999,158.86047,158.75611,158.80621
2026-08-20 15:30:00+00:00,158.82493,158.97457,158.76499,158.96203
2026-08-20 15:45:00+00:00,158.94526,158.98221,158.86301,158.86708
2026-08-20 16:00:00+00:00,158.8734,158.9578,158.85367,158.95608
2026-08-20 16:15:00+00:00,158.94787,159.07765,158.94602,159.0709
2026-08-20 16:30:00+00:00,159.05451,159.08911,159.0303,159.07432
2026-08-20 16:45:00+00:00,159.06827,159.08036,158.99283,159.0172
2026-08-20 17:00:00+00:00,159.0179,159.03143,158.9611,159.0293
2026-08-20 17:15:00+00:00,159.02072,159.0629,159.01382,159.06013
2026-08-20 17:30:00+00:00,159.05374,159.10126,159.03463,159.07902
2026-08-20 17:45:00+00:00,159.08153,159.08758,159.04006,159.0667
2026-08-20 18:00:00+00:00,159.06778,159.14486,159.04182,159.14419
2026-08-20 18:15:00+00:00,159.14056,159.17103,159.12565,159.16948
2026-08-20 18:30:00+00:00,159.16323,159.17523,159.12046,159.13834
2026-08-20 18:45:00+00:00,159.13325,159.16531,159.11128,159.15129
2026-08-20 19:00:00+00:00,159.14513,159.17568,159.1315,159.13442
2026-08-20 19:15:00+00:00,159.13823,159.13823,159.1151,159.1343
2026-08-20 19:30:00+00:00,159.12894,159.14827,159.1122,159.13544
2026-08-20 19:45:00+00:00,159.13154,159.14838,159.11917,159.12548
2026-08-20 20:00:00+00:00,159.1265,159.13994,159.10147,159.11807
2026-08-20 20:15:00+00:00,159.11195,159.14572,159.11195,159.13371
2026-08-20 20:30:00+00:00,159.13038,159.13151,159.0871,159.09822
2026-08-20 20:45:00+00:00,159.09595,159.09595,159.07259,159.07472
2026-08-20 21:00:00+00:00,159.07528,159.10945,158.9755,159.08112
2026-08-20 21:15:00+00:00,159.07853,159.08935,159.05187,159.06517
2026-08-20 21:30:00+00:00,159.06232,159.08398,159.04806,159.07982
2026-08-20 21:45:00+00:00,159.07811,159.07949,159.06255,159.06255
2026-08-20 22:00:00+00:00,159.06226,159.08696,159.02485,159.03145
2026-08-20 22:15:00+00:00,159.03151,159.03956,158.97867,158.99064
2026-08-20 22:30:00+00:00,158.98589,159.01598,158.98589,159.00067
2026-08-20 22:45:00+00:00,158.99827,159.00735,158.95045,158.9658
2026-08-20 23:00:00+00:00,158.96636,158.96779,158.91374,158.91706
2026-08-20 23:15:00+00:00,158.92136,158.92136,158.87626,158.87874
2026-08-20 23:30:00+00:00,158.87906,158.95066,158.86709,158.90671
2026-08-20 23:45:00+00:00,158.9031,158.93371,158.87942,158.91831
2026-08-21 00:00:00+00:00,158.9197,159.01893,158.8685,158.97468
2026-08-21 00:15:00+00:00,158.97622,159.01894,158.92212,159.01503
2026-08-21 00:30:00+00:00,159.00452,159.0951,159.00354,159.09212
2026-08-21 00:45:00+00:00,159.0874,159.13344,159.07639,159.10756
2026-08-21 01:00:00+00:00,159.10536,159.14371,159.06875,159.07126
2026-08-21 01:15:00+00:00,159.07675,159.079,158.95912,158.9615
2026-08-21 01:30:00+00:00,158.964,158.98544,158.9222,158.98274
2026-08-21 01:45:00+00:00,158.97152,159.00323,158.94823,158.96047
2026-08-21 02:00:00+00:00,158.96706,159.02143,158.93361,158.98599
2026-08-21 02:15:00+00:00,158.9829,159.02567,158.95723,158.96946
2026-08-21 02:30:00+00:00,158.97215,158.99231,158.90412,158.94857
2026-08-21 02:45:00+00:00,158.94451,158.9649,158.88769,158.96272
2026-08-21 03:00:00+00:00,158.95687,158.99633,158.94343,158.95733
2026-08-21 03:15:00+00:00,158.95867,159.01316,158.93653,159.01027
2026-08-21 03:30:00+00:00,159.00449,159.08852,159.00449,159.06675
2026-08-21 03:45:00+00:00,159.06227,159.06913,158.998,159.01166
2026-08-21 04:00:00+00:00,159.00914,159.01649,158.95627,158.99876
2026-08-21 04:15:00+00:00,158.99705,159.03402,158.97364,159.03087
2026-08-21 04:30:00+00:00,159.02843,159.061,159.01699,159.04385
2026-08-21 04:45:00+00:00,159.05038,159.06214,159.00312,159.00574
2026-08-21 05:00:00+00:00,159.00834,159.03708,158.99806,159.01544
2026-08-21 05:15:00+00:00,159.00803,159.03246,159.00802,159.02606
2026-08-21 05:30:00+00:00,159.02463,159.02496,158.90428,158.91071
2026-08-21 05:45:00+00:00,158.92201,158.92201,158.82634,158.84804
2026-08-21 06:00:00+00:00,158.84125,158.9251,158.80084,158.90382
2026-08-21 06:15:00+00:00,158.90618,158.9814,158.89156,158.96198
2026-08-21 06:30:00+00:00,158.96665,158.98649,158.89346,158.94175
2026-08-21 06:45:00+00:00,158.94982,158.95478,158.88345,158.90001
2026-08-21 07:00:00+00:00,158.90952,158.93456,158.84869,158.90599
2026-08-21 07:15:00+00:00,158.90619,158.91072,158.86775,158.892
2026-08-21 07:30:00+00:00,158.89192,158.89192,158.77256,158.81183
2026-08-21 07:45:00+00:00,158.79222,158.85094,158.74617,158.8288
2026-08-21 08:00:00+00:00,158.81959,158.87054,158.77847,158.83907
2026-08-21 08:15:00+00:00,158.83439,158.84675,158.74012,158.75598
2026-08-21 08:30:00+00:00,158.76194,158.76952,158.57002,158.59465
2026-08-21 08:45:00+00:00,158.58831,158.63498,158.53458,158.55724
2026-08-21 09:00:00+00:00,158.55251,158.55251,158.3743,158.42873
2026-08-21 09:15:00+00:00,158.42312,158.51503,158.4085,158.51163
2026-08-21 09:30:00+00:00,158.50403,158.55219,158.44763,158.54707
2026-08-21 09:45:00+00:00,158.53913,158.60316,158.53545,158.59877
2026-08-21 10:00:00+00:00,158.5857,158.65488,158.56404,158.65212
2026-08-21 10:15:00+00:00,158.64773,158.64816,158.53156,158.53399
2026-08-21 10:30:00+00:00,158.53856,158.61245,158.52877,158.61086
2026-08-21 10:45:00+00:00,158.60729,158.72903,158.59262,158.72773
2026-08-21 11:00:00+00:00,158.72489,158.76688,158.68511,158.72419
2026-08-21 11:15:00+00:00,158.7229,158.73898,158.5837,158.58647
2026-08-21 11:30:00+00:00,158.59074,158.68531,158.55671,158.6566
2026-08-21 11:45:00+00:00,158.65346,158.72529,158.62335,158.69062
2026-08-21 12:00:00+00:00,158.68514,158.71352,158.64746,158.71013
2026-08-21 12:15:00+00:00,158.70602,158.75057,158.67359,158.69681
2026-08-21 12:30:00+00:00,158.69884,158.84342,158.69884,158.758
2026-08-21 12:45:00+00:00,158.76375,158.82216,158.74073,158.74627
2026-08-21 13:00:00+00:00,158.7551,158.82615,158.73183,158.78778
2026-08-21 13:15:00+00:00,158.78842,158.87257,158.78842,158.8536
2026-08-21 13:30:00+00:00,158.85151,158.88671,158.81853,158.84426
2026-08-21 13:45:00+00:00,158.84034,158.90392,158.76452,158.78417
2026-08-21 14:00:00+00:00,158.7858,158.87951,158.78457,158.87266
2026-08-21 14:15:00+00:00,158.86523,158.88841,158.83825,158.88104
2026-08-21 14:30:00+00:00,158.86981,158.99532,158.86981,158.93321
2026-08-21 14:45:00+00:00,158.94536,158.99406,158.91689,158.96783
2026-08-21 15:00:00+00:00,158.97115,159.02855,158.92685,159.02469
2026-08-21 15:15:00+00:00,159.01215,159.04758,158.96899,158.9763
2026-08-21 15:30:00+00:00,158.9891,158.9891,158.91819,158.92745
2026-08-21 15:45:00+00:00,158.92877,158.96066,158.91569,158.92604
2026-08-21 16:00:00+00:00,158.92929,158.98678,158.90856,158.94809
2026-08-21 16:15:00+00:00,158.94995,158.97337,158.88723,158.96709
2026-08-21 16:30:00+00:00,158.96419,158.97097,158.93517,158.96862
2026-08-21 16:45:00+00:00,158.96437,158.97228,158.9314,158.97037
2026-08-21 17:00:00+00:00,158.96701,159.04094,158.96495,159.0404
2026-08-21 17:15:00+00:00,159.03762,159.04687,158.98031,158.99188
2026-08-21 17:30:00+00:00,159.01462,159.01462,158.96865,159.00923
2026-08-21 17:45:00+00:00,159.00452,159.04267,159.00452,159.01585
2026-08-21 18:00:00+00:00,159.01849,159.02159,158.98989,159.01353
2026-08-21 18:15:00+00:00,159.01116,159.04048,159.00581,159.02179
2026-08-21 18:30:00+00:00,159.01777,159.03827,159.01491,159.03306
2026-08-21 18:45:00+00:00,159.02915,159.05431,159.02197,159.03656
2026-08-21 19:00:00+00:00,159.03743,159.04309,159.01467,159.0299
2026-08-21 19:15:00+00:00,159.03059,159.0445,159.02405,159.03956
2026-08-21 19:30:00+00:00,159.03505,159.04437,158.99773,159.01223
2026-08-21 19:45:00+00:00,159.00976,159.01514,158.96534,159.01113
2026-08-21 20:00:00+00:00,159.00601,159.01653,158.99589,159.00008
2026-08-21 20:15:00+00:00,159.00096,159.00698,158.98137,159.00273
2026-08-21 20:30:00+00:00,158.99533,159.02355,158.98388,158.98644
2026-08-21 20:45:00+00:00,158.98984,159.00048,158.97818,158.97932
2026-08-21 21:00:00+00:00,158.98351,159.0171,158.93812,159.01299
2026-08-21 21:15:00+00:00,159.01014,159.01955,159.00421,159.0136
2026-08-21 21:30:00+00:00,159.0097,159.02022,158.98789,159.01639
2026-08-21 21:45:00+00:00,159.01372,159.01961,158.97605,159.01716
2026-08-21 22:00:00+00:00,159.01361,159.01727,158.92419,158.98272
2026-08-21 22:15:00+00:00,158.98308,158.99004,158.98121,158.98675
2026-08-21 22:30:00+00:00,158.98368,158.98999,158.97855,158.98568
2026-08-21 22:45:00+00:00,158.98295,158.99158,158.92369,158.98656
2026-08-21 23:00:00+00:00,158.98358,158.99745,158.94818,158.99478
2026-08-21 23:15:00+00:00,158.99099,158.99822,158.9881,158.9921
2026-08-21 23:30:00+00:00,158.98929,158.99684,158.98699,158.99278
2026-08-21 23:45:00+00:00,158.98975,158.9962,158.9873,158.98899
2026-08-22 00:00:00+00:00,158.98925,158.99339,158.94151,158.98519
2026-08-22 00:15:00+00:00,158.98612,158.99534,158.9842,158.98897
2026-08-22 00:30:00+00:00,158.98676,158.99366,158.98407,158.98998
2026-08-22 00:45:00+00:00,158.98659,158.9939,158.98454,158.98817
2026-08-22 01:00:00+00:00,158.98643,158.99366,158.95591,158.98539
2026-08-22 01:15:00+00:00,158.98651,158.99476,158.98427,158.98912
2026-08-22 01:30:00+00:00,158.98664,158.99362,158.97842,158.98864
2026-08-22 01:45:00+00:00,158.98489,158.99357,158.98416,158.98764
2026-08-22 02:00:00+00:00,158.98651,158.99349,158.94926,158.98539
2026-08-22 02:15:00+00:00,158.98658,158.99373,158.98416,158.9896
2026-08-22 02:30:00+00:00,158.98652,158.99344,158.98419,158.98924
2026-08-22 02:45:00+00:00,158.98561,159.00417,158.96345,158.98326
2026-08-22 03:00:00+00:00,158.98017,158.99211,158.93739,158.98467
2026-08-22 03:15:00+00:00,158.98576,158.99309,158.96428,158.98817
2026-08-22 03:30:00+00:00,158.98459,158.99181,158.97984,158.98862
2026-08-22 03:45:00+00:00,158.98525,158.99444,158.98339,158.98776
2026-08-22 04:00:00+00:00,158.98546,158.99192,158.94007,158.98509
2026-08-22 04:15:00+00:00,158.98585,158.9931,158.95865,158.9857
2026-08-22 04:30:00+00:00,158.98599,158.99467,158.98447,158.98909
2026-08-22 04:45:00+00:00,158.98604,158.99306,158.98385,158.98855
2026-08-22 05:00:00+00:00,158.98574,158.99952,158.94371,158.98408
2026-08-22 05:15:00+00:00,158.98457,158.99533,158.98337,158.98608
2026-08-22 05:30:00+00:00,158.98679,158.99268,158.98341,158.9882
2026-08-22 05:45:00+00:00,158.98563,158.99426,158.98322,158.98867
2026-08-22 06:00:00+00:00,158.98546,158.9935,158.93976,158.98865
2026-08-22 06:15:00+00:00,158.9865,158.99451,158.98437,158.98569
2026-08-22 06:30:00+00:00,158.98665,158.99374,158.98005,158.98698
2026-08-22 06:45:00+00:00,158.98355,158.99364,158.98355,158.98981
2026-08-22 07:00:00+00:00,158.98632,158.99493,158.95524,158.9881
2026-08-22 07:15:00+00:00,158.98661,158.99361,158.98415,158.98535
2026-08-22 07:30:00+00:00,158.98651,158.9935,158.98388,158.9892
2026-08-22 07:45:00+00:00,158.98649,158.99418,158.98416,158.9914
2026-08-22 08:00:00+00:00,158.98792,158.99361,158.98397,158.98734
2026-08-22 08:15:00+00:00,158.98606,158.99306,158.97689,158.9843
2026-08-22 08:30:00+00:00,158.98548,158.99343,158.98363,158.98884
2026-08-22 08:45:00+00:00,158.98576,158.99246,158.98304,158.98986
2026-08-22 09:00:00+00:00,158.98634,158.99343,158.98168,158.9857
2026-08-22 09:15:00+00:00,158.98375,158.99315,158.98375,158.98423
2026-08-22 09:30:00+00:00,158.98526,158.99284,158.98224,158.98935
2026-08-22 09:45:00+00:00,158.98527,158.99272,158.98372,158.98941
2026-08-22 10:00:00+00:00,158.98612,158.99348,158.96719,158.98907
2026-08-22 10:15:00+00:00,158.98661,158.99366,158.98375,158.98915
2026-08-22 10:30:00+00:00,158.98593,158.99381,158.98409,158.98626
2026-08-22 10:45:00+00:00,158.98662,158.99327,158.98261,158.98944
2026-08-22 11:00:00+00:00,158.98653,158.99363,158.98419,158.98946
2026-08-22 11:15:00+00:00,158.98651,158.99348,158.98371,158.98604
2026-08-22 11:30:00+00:00,158.98634,159.01515,158.94772,158.95189
2026-08-22 11:45:00+00:00,158.96199,158.99085,158.96199,158.98611
2026-08-22 12:00:00+00:00,158.9837,158.99268,158.98118,158.98682
2026-08-22 12:15:00+00:00,158.9835,158.99062,158.9812,158.98544
2026-08-22 12:30:00+00:00,158.9835,158.99265,158.98029,158.98444
2026-08-22 12:45:00+00:00,158.98549,158.99244,158.98257,158.9835
2026-08-22 13:00:00+00:00,158.9834,158.99054,158.98104,158.98692
2026-08-22 13:15:00+00:00,158.9834,159.01301,158.93899,158.95463
2026-08-22 13:30:00+00:00,158.95338,158.96051,158.95111,158.95219
2026-08-22 13:45:00+00:00,158.95338,158.96631,158.9507,158.96211
2026-08-22 14:00:00+00:00,158.95916,158.99063,158.95303,158.9881
2026-08-22 14:15:00+00:00,158.98438,158.99354,158.98375,158.98798
2026-08-22 14:30:00+00:00,158.9865,158.99251,158.96533,158.98478
2026-08-22 14:45:00+00:00,158.98593,158.99352,158.98384,158.98992
2026-08-22 15:00:00+00:00,158.9865,159.00439,158.94792,158.98922
2026-08-22 15:15:00+00:00,158.98577,158.99364,158.98379,158.98673
2026-08-22 15:30:00+00:00,158.98458,158.99347,158.98401,158.98554
2026-08-22 15:45:00+00:00,158.98649,158.9936,158.98305,158.98973
2026-08-22 16:00:00+00:00,158.9859,158.99338,158.98404,158.98967
2026-08-22 16:15:00+00:00,158.98649,158.99365,158.98252,158.98912
2026-08-22 16:30:00+00:00,158.98648,158.99365,158.94746,158.9518
2026-08-22 16:45:00+00:00,158.96182,158.99355,158.96182,158.98597
2026-08-22 17:00:00+00:00,158.98647,158.99359,158.98267,158.98895
2026-08-22 17:15:00+00:00,158.98617,158.99364,158.9841,158.98957
2026-08-22 17:30:00+00:00,158.98649,159.00094,158.95509,158.9877
2026-08-22 17:45:00+00:00,158.98506,158.99349,158.98411,158.98562
2026-08-22 18:00:00+00:00,158.98617,158.99352,158.98354,158.9887
2026-08-22 18:15:00+00:00,158.98646,158.99361,158.93984,158.97711
2026-08-22 18:30:00+00:00,158.97272,158.99027,158.97272,158.98563
2026-08-22 18:45:00+00:00,158.98319,158.99199,158.98008,158.9828
2026-08-22 19:00:00+00:00,158.9841,158.99143,158.98202,158.98677
2026-08-22 19:15:00+00:00,158.98522,158.9909,158.98079,158.98789
2026-08-22 19:30:00+00:00,158.98433,158.99145,158.98155,158.98505
2026-08-22 19:45:00+00:00,158.98392,158.99176,158.98172,158.98366
2026-08-22 20:00:00+00:00,158.98485,158.99659,158.9394,158.95741
2026-08-22 20:15:00+00:00,158.95427,158.95663,158.95427,158.95663
