datetime,open,high,low,close
2026-07-01 16:45:00+00:00,4075.37557,4075.9762,4071.30706,4071.71746
2026-07-01 17:00:00+00:00,4072.59276,4072.98794,4067.76351,4070.09797
2026-07-01 17:15:00+00:00,4069.0944,4071.99283,4068.77327,4069.05503
2026-07-01 17:30:00+00:00,4069.61976,4073.54173,4067.96963,4071.7136
2026-07-01 17:45:00+00:00,4072.03395,4072.51758,4067.52085,4067.67016
2026-07-01 18:00:00+00:00,4068.00898,4070.34196,4066.22031,4069.58682
2026-07-01 18:15:00+00:00,4067.67913,4071.16395,4062.9468,4063.13932
2026-07-01 18:30:00+00:00,4063.48774,4065.70174,4061.73842,4062.52268
2026-07-01 18:45:00+00:00,4062.28574,4062.78496,4058.11217,4062.24508
2026-07-01 19:00:00+00:00,4062.02052,4068.34825,4062.02052,4065.60323
2026-07-01 19:15:00+00:00,4065.18182,4066.24093,4055.77626,4059.24765
2026-07-01 19:30:00+00:00,4058.87213,4059.75966,4053.93122,4054.03734
2026-07-01 19:45:00+00:00,4054.19918,4054.19918,4035.34966,4038.58819
2026-07-01 20:00:00+00:00,4037.86443,4039.50248,4029.65828,4034.10639
2026-07-01 20:15:00+00:00,4034.49655,4039.09847,4034.17226,4039.02895
2026-07-01 20:30:00+00:00,4038.85066,4038.88764,4033.55921,4034.49723
2026-07-01 20:45:00+00:00,4034.40528,4035.05567,4030.47036,4031.56804
2026-07-01 21:00:00+00:00,4031.38647,4031.84249,4030.79528,4030.88964
2026-07-01 21:15:00+00:00,4030.97372,4031.30061,4030.47036,4031.05979
2026-07-01 21:30:00+00:00,4031.00197,4031.27226,4030.8831,4031.16834
2026-07-01 21:45:00+00:00,4031.09378,4031.51328,4030.74673,4031.13515
2026-07-01 22:00:00+00:00,4031.143,4041.62741,4031.11607,4036.45435
2026-07-01 22:15:00+00:00,4036.83473,4039.50557,4035.2528,4039.36396
2026-07-01 22:30:00+00:00,4039.10292,4040.40404,4037.63072,4040.35598
2026-07-01 22:45:00+00:00,4040.20056,4044.80032,4039.58796,4044.58166
2026-07-01 23:00:00+00:00,4044.29628,4044.81657,4038.67021,4039.20871
2026-07-01 23:15:00+00:00,4040.19591,4040.19591,4034.16858,4036.44105
2026-07-01 23:30:00+00:00,4035.57525,4040.42544,4035.18683,4035.8745
2026-07-01 23:45:00+00:00,4036.03557,4036.81576,4034.04736,4035.59478
2026-07-02 00:00:00+00:00,4035.79995,4044.22146,4028.94876,4042.4097
2026-07-02 00:15:00+00:00,4043.05336,4048.2552,4040.65308,4044.64374
2026-07-02 00:30:00+00:00,4044.74534,4047.08837,4038.44601,4038.67874
2026-07-02 00:45:00+00:00,4039.20016,4052.35645,4039.20016,4050.71499
2026-07-02 01:00:00+00:00,4050.60546,4067.85177,4050.14841,4065.78914
2026-07-02 01:15:00+00:00,4066.33596,4066.33596,4051.20726,4051.3572
2026-07-02 01:30:00+00:00,4051.55771,4056.64578,4045.79844,4050.40163
2026-07-02 01:45:00+00:00,4050.94376,4056.9911,4045.43817,4050.94022
2026-07-02 02:00:00+00:00,4052.62785,4052.62785,4041.52849,4045.21143
2026-07-02 02:15:00+00:00,4044.1832,4054.328,4044.1832,4052.14551
2026-07-02 02:30:00+00:00,4051.90866,4056.53159,4048.2552,4056.31063
2026-07-02 02:45:00+00:00,4055.68459,4060.7488,4054.15446,4060.54234
2026-07-02 03:00:00+00:00,4059.89288,4059.89288,4056.03539,4056.27374
2026-07-02 03:15:00+00:00,4056.87104,4066.1977,4056.87104,4065.79358
2026-07-02 03:30:00+00:00,4065.58254,4067.35541,4062.06841,4067.30804
2026-07-02 03:45:00+00:00,4067.07459,4074.31551,4063.66023,4070.66679
2026-07-02 04:00:00+00:00,4071.38814,4072.98794,4068.51377,4068.70828
2026-07-02 04:15:00+00:00,4069.05541,4070.54811,4064.73846,4066.21942
2026-07-02 04:30:00+00:00,4065.76832,4065.76832,4061.73842,4064.18385
2026-07-02 04:45:00+00:00,4063.71624,4065.37117,4061.45214,4061.92557
2026-07-02 05:00:00+00:00,4062.28772,4062.28772,4055.15004,4055.49674
2026-07-02 05:15:00+00:00,4056.11601,4061.73842,4055.46373,4058.70042
2026-07-02 05:30:00+00:00,4059.15856,4067.21029,4053.99927,4061.33349
2026-07-02 05:45:00+00:00,4061.79968,4067.02456,4060.01398,4066.80046
2026-07-02 06:00:00+00:00,4066.68202,4074.89735,4066.68202,4069.02944
2026-07-02 06:15:00+00:00,4069.49839,4079.80091,4068.34825,4076.24891
2026-07-02 06:30:00+00:00,4076.89946,4076.89946,4066.03237,4066.30634
2026-07-02 06:45:00+00:00,4066.98269,4076.3085,4066.98269,4075.11156
2026-07-02 07:00:00+00:00,4075.6282,4075.6282,4067.35541,4067.76469
2026-07-02 07:15:00+00:00,4068.47911,4068.52313,4061.07993,4063.1351
2026-07-02 07:30:00+00:00,4062.79039,4075.14569,4060.83644,4074.85873
2026-07-02 07:45:00+00:00,4074.62617,4075.01947,4064.53819,4065.81237
2026-07-02 08:00:00+00:00,4066.10581,4073.48568,4061.21423,4070.9563
2026-07-02 08:15:00+00:00,4071.64736,4078.31488,4069.15807,4075.06236
2026-07-02 08:30:00+00:00,4074.87608,4077.30572,4072.65619,4077.23055
2026-07-02 08:45:00+00:00,4077.05272,4079.80091,4072.44982,4077.06992
2026-07-02 09:00:00+00:00,4077.78157,4077.78157,4070.16973,4072.51022
2026-07-02 09:15:00+00:00,4072.21723,4074.20467,4066.03237,4067.09388
2026-07-02 09:30:00+00:00,4067.02183,4071.3297,4064.71019,4071.04839
2026-07-02 09:45:00+00:00,4070.51747,4072.15865,4064.71019,4066.95913
2026-07-02 10:00:00+00:00,4066.73329,4067.6882,4062.89359,4063.30173
2026-07-02 10:15:00+00:00,4063.82416,4067.52085,4062.56348,4066.17026
2026-07-02 10:30:00+00:00,4066.48685,4069.50718,4063.71912,4065.73186
2026-07-02 10:45:00+00:00,4067.55467,4067.55467,4061.70424,4066.54479
2026-07-02 11:00:00+00:00,4065.81171,4069.66552,4057.8438,4062.33265
2026-07-02 11:15:00+00:00,4061.64497,4066.36304,4061.48134,4065.42084
2026-07-02 11:30:00+00:00,4065.47284,4071.23802,4063.55398,4070.55075
2026-07-02 11:45:00+00:00,4068.92699,4072.58816,4066.48924,4066.99731
2026-07-02 12:00:00+00:00,4067.73357,4073.15384,4063.29773,4067.44532
2026-07-02 12:15:00+00:00,4068.46924,4069.50718,4059.82169,4069.21606
2026-07-02 12:30:00+00:00,4068.63093,4139.75824,4059.98264,4135.38961
2026-07-02 12:45:00+00:00,4137.9478,4137.9478,4117.29122,4117.95763
2026-07-02 13:00:00+00:00,4118.8628,4129.60626,4114.04122,4123.27822
2026-07-02 13:15:00+00:00,4121.378,4125.41254,4110.82792,4111.21172
2026-07-02 13:30:00+00:00,4112.37769,4136.22305,4108.91012,4135.10638
2026-07-02 13:45:00+00:00,4134.00888,4142.39852,4128.13738,4135.01759
2026-07-02 14:00:00+00:00,4135.45635,4138.90154,4126.26367,4126.45441
2026-07-02 14:15:00+00:00,4126.73772,4133.93964,4117.25366,4118.67951
2026-07-02 14:30:00+00:00,4121.70533,4125.10344,4115.05699,4117.3429
2026-07-02 14:45:00+00:00,4117.949,4128.15799,4116.26019,4128.00873
2026-07-02 15:00:00+00:00,4127.55292,4131.37781,4118.27314,4129.77657
2026-07-02 15:15:00+00:00,4129.62201,4129.62201,4122.18146,4125.70651
2026-07-02 15:30:00+00:00,4126.49342,4130.73686,4122.59258,4126.73811
2026-07-02 15:45:00+00:00,4126.60111,4129.50116,4124.52076,4128.15099
2026-07-02 16:00:00+00:00,4127.22324,4129.33064,4122.18146,4123.15417
2026-07-02 16:15:00+00:00,4123.08166,4123.34578,4115.73445,4117.5956
2026-07-02 16:30:00+00:00,4117.54462,4117.54462,4100.37723,4115.8698
2026-07-02 16:45:00+00:00,4115.4544,4119.97363,4114.10402,4118.55277
2026-07-02 17:00:00+00:00,4118.36272,4119.29478,4113.96758,4116.0835
2026-07-02 17:15:00+00:00,4116.62168,4119.54591,4112.86406,4114.54384
2026-07-02 17:30:00+00:00,4114.77501,4114.77501,4107.66411,4107.92956
2026-07-02 17:45:00+00:00,4108.27483,4110.15208,4105.71324,4107.07121
2026-07-02 18:00:00+00:00,4107.45901,4124.07395,4105.35636,4119.6149
2026-07-02 18:15:00+00:00,4119.86925,4122.76895,4116.22815,4122.23539
2026-07-02 18:30:00+00:00,4121.53154,4125.92318,4121.53154,4122.79593
2026-07-02 18:45:00+00:00,4123.39999,4123.8814,4119.9374,4122.427
2026-07-02 19:00:00+00:00,4122.12588,4124.05147,4113.70274,4113.91603
2026-07-02 19:15:00+00:00,4114.1022,4115.41307,4108.08332,4112.70489
2026-07-02 19:30:00+00:00,4111.7051,4114.54905,4111.7051,4113.63372
2026-07-02 19:45:00+00:00,4113.50464,4123.83744,4113.24093,4120.94459
2026-07-02 20:00:00+00:00,4121.6046,4122.35139,4117.22954,4120.07649
2026-07-02 20:15:00+00:00,4120.19817,4125.5886,4118.75608,4123.12201
2026-07-02 20:30:00+00:00,4123.35204,4125.07219,4120.73478,4121.41818
2026-07-02 20:45:00+00:00,4121.56794,4123.94117,4119.1251,4123.87904
2026-07-02 21:00:00+00:00,4123.72424,4124.22155,4122.69129,4124.0266
2026-07-02 21:15:00+00:00,4123.94113,4124.25122,4123.8814,4124.08604
2026-07-02 21:30:00+00:00,4123.97195,4124.15508,4123.71134,4124.13256
2026-07-02 21:45:00+00:00,4124.06155,4124.25601,4123.8814,4124.08834
2026-07-02 22:00:00+00:00,4124.01405,4127.96698,4122.47647,4124.8229
2026-07-02 22:15:00+00:00,4124.99222,4125.24236,4123.01538,4123.92799
2026-07-02 22:30:00+00:00,4123.62604,4126.09341,4122.69129,4123.54353
2026-07-02 22:45:00+00:00,4123.22723,4126.26367,4123.22723,4124.17879
2026-07-02 23:00:00+00:00,4124.37085,4127.67229,4124.37085,4126.56133
2026-07-02 23:15:00+00:00,4126.40834,4130.35397,4124.61347,4129.70583
2026-07-02 23:30:00+00:00,4129.84498,4130.96431,4120.90817,4124.63913
2026-07-02 23:45:00+00:00,4122.55111,4130.6952,4122.55111,4126.56116
2026-07-03 00:00:00+00:00,4126.72023,4135.49375,4123.62183,4133.70285
2026-07-03 00:15:00+00:00,4129.46592,4139.92962,4129.46592,4138.02027
2026-07-03 00:30:00+00:00,4138.25683,4139.24417,4133.51761,4134.0556
2026-07-03 00:45:00+00:00,4135.05039,4150.23864,4135.05039,4149.28341
2026-07-03 01:00:00+00:00,4149.33156,4179.02963,4145.21895,4178.65839
2026-07-03 01:15:00+00:00,4177.5784,4191.46617,4173.7969,4191.25632
2026-07-03 01:30:00+00:00,4190.89768,4195.33479,4180.20088,4180.69731
2026-07-03 01:45:00+00:00,4181.47071,4183.22527,4174.98248,4183.0552
2026-07-03 02:00:00+00:00,4182.71575,4183.70078,4177.28393,4179.1515
2026-07-03 02:15:00+00:00,4179.21169,4180.53742,4176.58606,4177.72746
2026-07-03 02:30:00+00:00,4177.71881,4186.90337,4177.71881,4181.44361
2026-07-03 02:45:00+00:00,4182.14212,4186.55279,4179.22325,4184.86959
2026-07-03 03:00:00+00:00,4185.0047,4185.76991,4180.07775,4183.20201
2026-07-03 03:15:00+00:00,4182.61676,4183.92536,4179.55362,4182.18232
2026-07-03 03:30:00+00:00,4181.90361,4183.05261,4177.7301,4178.16867
2026-07-03 03:45:00+00:00,4179.05402,4180.72833,4175.60067,4176.49801
2026-07-03 04:00:00+00:00,4176.2845,4178.339,4173.7969,4177.99492
2026-07-03 04:15:00+00:00,4178.01042,4182.35048,4177.28393,4178.57593
2026-07-03 04:30:00+00:00,4178.7895,4179.53336,4175.53969,4177.68252
2026-07-03 04:45:00+00:00,4177.33672,4178.9406,4174.66811,4178.78315
2026-07-03 05:00:00+00:00,4178.56546,4180.77679,4177.45843,4178.31242
2026-07-03 05:15:00+00:00,4178.14742,4179.37894,4173.05334,4175.76696
2026-07-03 05:30:00+00:00,4175.37616,4181.47606,4173.67552,4174.92904
2026-07-03 05:45:00+00:00,4175.07772,4176.32309,4169.96789,4171.07495
2026-07-03 06:00:00+00:00,4171.23355,4171.91412,4164.22876,4164.87584
2026-07-03 06:15:00+00:00,4165.76356,4166.57398,4161.98443,4163.48715
2026-07-03 06:30:00+00:00,4163.98267,4173.1002,4163.98267,4170.18873
2026-07-03 06:45:00+00:00,4170.14971,4174.31959,4169.58794,4173.51379
2026-07-03 07:00:00+00:00,4172.78317,4180.77679,4172.22964,4176.32653
2026-07-03 07:15:00+00:00,4177.60553,4177.60553,4170.48962,4174.54127
2026-07-03 07:30:00+00:00,4174.26426,4179.02963,4173.97112,4177.45213
2026-07-03 07:45:00+00:00,4177.93351,4180.77679,4175.73305,4175.93561
2026-07-03 08:00:00+00:00,4176.30227,4186.20228,4171.33617,4184.20064
2026-07-03 08:15:00+00:00,4183.81644,4185.17297,4182.17557,4182.21446
2026-07-03 08:30:00+00:00,4182.33245,4186.90337,4180.95158,4183.10836
2026-07-03 08:45:00+00:00,4182.62653,4185.38755,4177.24487,4182.18452
2026-07-03 09:00:00+00:00,4181.85026,4181.85026,4176.06281,4179.36554
2026-07-03 09:15:00+00:00,4179.0608,4180.07534,4171.70748,4174.19074
2026-07-03 09:30:00+00:00,4173.64115,4173.64115,4168.92483,4170.7164
2026-07-03 09:45:00+00:00,4170.47037,4175.01351,4170.47037,4173.2602
2026-07-03 10:00:00+00:00,4173.16731,4180.77679,4171.05605,4180.65255
2026-07-03 10:15:00+00:00,4180.36491,4182.19681,4178.6782,4179.46436
2026-07-03 10:30:00+00:00,4180.69932,4180.69932,4175.92723,4177.54444
2026-07-03 10:45:00+00:00,4176.95611,4178.33117,4175.19101,4177.4701
2026-07-03 11:00:00+00:00,4177.50838,4183.10943,4176.07673,4182.53996
2026-07-03 11:15:00+00:00,4181.39837,4186.55279,4181.39837,4184.51732
2026-07-03 11:30:00+00:00,4184.22116,4185.67661,4183.0044,4185.48826
2026-07-03 11:45:00+00:00,4185.40824,4186.27472,4178.50577,4178.66879
2026-07-03 12:00:00+00:00,4179.15536,4182.87531,4177.98203,4178.92542
2026-07-03 12:15:00+00:00,4179.08482,4179.69536,4173.27435,4174.01696
2026-07-03 12:30:00+00:00,4173.51922,4177.63295,4172.88074,4174.07236
2026-07-03 12:45:00+00:00,4174.29754,4177.93314,4172.40372,4172.57735
2026-07-03 13:00:00+00:00,4173.24474,4179.47649,4164.97828,4165.28261
2026-07-03 13:15:00+00:00,4166.06819,4172.05557,4166.06819,4171.96264
2026-07-03 13:30:00+00:00,4171.80405,4173.65694,4164.31343,4167.06999
2026-07-03 13:45:00+00:00,4166.94926,4169.89688,4164.41094,4164.86232
2026-07-03 14:00:00+00:00,4165.78884,4169.13641,4156.27598,4162.74648
2026-07-03 14:15:00+00:00,4162.47793,4166.57646,4161.88209,4166.35391
2026-07-03 14:30:00+00:00,4165.97909,4166.66667,4164.01995,4165.27342
2026-07-03 14:45:00+00:00,4165.69873,4170.66059,4163.33062,4170.12903
2026-07-03 15:00:00+00:00,4168.99852,4174.31959,4168.99852,4172.95282
2026-07-03 15:15:00+00:00,4173.20459,4174.31959,4167.18757,4167.4153
2026-07-03 15:30:00+00:00,4167.79717,4169.02568,4166.07076,4168.4563
2026-07-03 15:45:00+00:00,4168.16638,4169.5888,4164.23753,4164.72353
2026-07-03 16:00:00+00:00,4164.89225,4165.45174,4163.71737,4164.48798
2026-07-03 16:15:00+00:00,4164.66269,4168.27982,4162.17553,4166.51569
2026-07-03 16:30:00+00:00,4166.57876,4169.79401,4166.57876,4168.04856
2026-07-03 16:45:00+00:00,4168.50799,4176.41163,4168.50799,4174.47128
2026-07-03 17:00:00+00:00,4174.93694,4176.1049,4174.66811,4174.87315
2026-07-03 17:15:00+00:00,4175.06278,4175.71405,4174.8424,4174.97862
2026-07-03 17:30:00+00:00,4174.88678,4175.13257,4174.66811,4175.03774
2026-07-03 17:45:00+00:00,4174.96741,4175.19101,4174.58316,4175.03314
2026-07-03 18:00:00+00:00,4174.97105,4175.124,4174.79277,4174.86575
2026-07-03 18:15:00+00:00,4174.92183,4175.19693,4174.66811,4175.0425
2026-07-03 18:30:00+00:00,4174.97426,4175.10626,4174.64785,4175.03989
2026-07-03 18:45:00+00:00,4174.93623,4175.15759,4174.58789,4174.96813
2026-07-03 19:00:00+00:00,4174.90845,4175.50293,4174.59324,4174.87642
2026-07-03 19:15:00+00:00,4174.97079,4175.10286,4174.66811,4174.96729
2026-07-03 19:30:00+00:00,4174.9194,4175.1191,4174.66811,4174.83034
2026-07-03 19:45:00+00:00,4174.69231,4175.10172,4174.66811,4174.94163
2026-07-03 20:00:00+00:00,4174.89499,4175.11982,4174.80934,4174.86262
2026-07-03 20:15:00+00:00,4174.9282,4175.15851,4174.8424,4174.96719
2026-07-03 20:30:00+00:00,4174.8908,4175.42551,4174.60578,4175.3664
2026-07-03 20:45:00+00:00,4175.21055,4175.21055,4174.76324,4174.93638
2026-07-03 21:00:00+00:00,4174.90346,4175.10346,4174.84061,4174.85524
2026-07-03 21:15:00+00:00,4174.91072,4175.1001,4174.8424,4174.99363
2026-07-03 21:30:00+00:00,4174.91212,4175.09592,4174.8424,4175.00354
2026-07-03 21:45:00+00:00,4174.90969,4175.0967,4174.8424,4174.95414
2026-07-03 22:00:00+00:00,4174.90863,4175.10336,4174.8424,4174.85795
2026-07-03 22:15:00+00:00,4174.91594,4175.10171,4174.8424,4175.00701
2026-07-03 22:30:00+00:00,4174.91374,4175.10143,4174.8424,4175.00041
2026-07-03 22:45:00+00:00,4174.91275,4175.09421,4174.8424,4174.96789
2026-07-03 23:00:00+00:00,4174.90672,4175.10095,4174.8424,4174.8597
2026-07-03 23:15:00+00:00,4174.91445,4175.10147,4174.8424,4175.01913
2026-07-03 23:30:00+00:00,4174.91694,4175.09671,4174.8424,4174.98806
2026-07-03 23:45:00+00:00,4174.9089,4175.09615,4174.8424,4174.9813
2026-07-04 00:00:00+00:00,4174.90665,4175.09665,4174.8424,4174.90071
2026-07-04 00:15:00+00:00,4174.91236,4175.10101,4174.8424,4174.86136
2026-07-04 00:30:00+00:00,4174.91359,4175.09997,4174.8424,4174.97972
2026-07-04 00:45:00+00:00,4174.91192,4175.09969,4174.8424,4174.99682
2026-07-04 01:00:00+00:00,4174.91212,4175.09423,4174.8424,4174.96768
2026-07-04 01:15:00+00:00,4174.91212,4175.09843,4174.8424,4174.85647
2026-07-04 01:30:00+00:00,4174.90863,4175.09605,4174.8424,4174.96468
2026-07-04 01:45:00+00:00,4174.90863,4175.09649,4174.8424,4175.00011
2026-07-04 02:00:00+00:00,4174.90863,4175.09618,4174.8424,4174.94792
2026-07-04 02:15:00+00:00,4174.90863,4175.09489,4174.84686,4174.87801
2026-07-04 02:30:00+00:00,4174.90863,4175.09926,4174.8424,4174.98373
2026-07-04 02:45:00+00:00,4174.91212,4175.09628,4174.8424,4175.00604
2026-07-04 03:00:00+00:00,4174.91212,4175.09997,4174.8424,4174.94308
2026-07-04 03:15:00+00:00,4174.90863,4175.09618,4174.8424,4174.87774
2026-07-04 03:30:00+00:00,4174.90863,4175.09838,4174.8424,4174.99578
2026-07-04 03:45:00+00:00,4174.91199,4175.09582,4174.8424,4175.00064
2026-07-04 04:00:00+00:00,4174.90863,4175.09649,4174.8424,4174.95937
2026-07-04 04:15:00+00:00,4174.90863,4175.09492,4174.8424,4174.85559
2026-07-04 04:30:00+00:00,4174.90721,4175.09757,4174.8424,4175.0101
2026-07-04 04:45:00+00:00,4174.91212,4175.09845,4174.8424,4174.99981
2026-07-04 05:00:00+00:00,4174.91417,4175.09925,4174.8424,4174.97759
2026-07-04 05:15:00+00:00,4174.91212,4175.09474,4174.8424,4174.89332
2026-07-04 05:30:00+00:00,4174.91212,4175.10144,4174.8424,4174.86351
2026-07-04 05:45:00+00:00,4174.91234,4175.09751,4174.8424,4174.98987
2026-07-04 06:00:00+00:00,4174.91411,4175.09583,4174.8424,4174.98667
2026-07-04 06:15:00+00:00,4174.90811,4175.09266,4174.8424,4174.86251
2026-07-04 06:30:00+00:00,4174.9071,4175.09996,4174.8424,4174.8916
2026-07-04 06:45:00+00:00,4174.91212,4175.10148,4174.8424,4174.977
2026-07-04 07:00:00+00:00,4174.91368,4175.09929,4174.8424,4174.9994
2026-07-04 07:15:00+00:00,4174.91181,4175.09576,4174.8424,4174.95871
2026-07-04 07:30:00+00:00,4174.90863,4175.09474,4174.8424,4174.88061
2026-07-04 07:45:00+00:00,4174.9083,4175.09158,4174.8424,4174.97319
2026-07-04 08:00:00+00:00,4174.91212,4175.09971,4174.8424,4175.00653
2026-07-04 08:15:00+00:00,4174.91352,4175.102,4174.8424,4174.94909
2026-07-04 08:30:00+00:00,4174.91556,4175.10093,4174.8424,4174.85466
2026-07-04 08:45:00+00:00,4174.90828,4175.09996,4174.8424,4174.98864
2026-07-04 09:00:00+00:00,4174.91212,4175.09487,4174.8424,4175.00767
2026-07-04 09:15:00+00:00,4174.91351,4175.10148,4174.8424,4174.95349
2026-07-04 09:30:00+00:00,4174.91391,4175.09493,4174.8424,4174.87861
2026-07-04 09:45:00+00:00,4174.90863,4175.09579,4174.84625,4174.99902
2026-07-04 10:00:00+00:00,4174.90863,4175.09648,4174.85129,4174.99907
2026-07-04 10:15:00+00:00,4174.90863,4175.0962,4174.84605,4174.96444
2026-07-04 10:30:00+00:00,4174.90863,4175.09416,4174.8424,4174.857
2026-07-04 10:45:00+00:00,4174.90832,4175.09923,4174.8424,4174.86537
2026-07-04 11:00:00+00:00,4174.90863,4175.0914,4174.8424,4174.99521
2026-07-04 11:15:00+00:00,4174.91212,4175.10169,4174.8424,4174.97869
2026-07-04 11:30:00+00:00,4174.90863,4175.09444,4174.8424,4174.89175
2026-07-04 11:45:00+00:00,4174.90689,4175.09317,4174.8451,4174.89322
2026-07-04 12:00:00+00:00,4174.90689,4175.09406,4174.84686,4174.97869
2026-07-04 12:15:00+00:00,4174.90689,4175.09474,4174.8445,4174.98855
2026-07-04 12:30:00+00:00,4174.90689,4175.08979,4174.84431,4174.90438
2026-07-04 12:45:00+00:00,4174.90689,4175.09445,4174.8451,4174.88337
2026-07-04 13:00:00+00:00,4174.90689,4175.09317,4174.84568,4174.96476
2026-07-04 13:15:00+00:00,4174.90689,4175.09406,4174.84451,4174.99655
2026-07-04 13:30:00+00:00,4174.90689,4175.09474,4174.84957,4174.95161
2026-07-04 13:45:00+00:00,4174.90689,4175.09445,4174.84431,4174.87736
2026-07-04 14:00:00+00:00,4174.90689,4175.09239,4174.84509,4174.97344
2026-07-04 14:15:00+00:00,4174.90689,4175.09318,4174.84568,4175.00047
2026-07-04 14:30:00+00:00,4174.90689,4175.09405,4174.84451,4174.93599
2026-07-04 14:45:00+00:00,4174.90689,4175.09474,4174.84956,4174.8756
2026-07-04 15:00:00+00:00,4174.90689,4175.09445,4174.84431,4174.9884
2026-07-04 15:15:00+00:00,4174.90689,4175.09238,4174.84509,4175.00004
2026-07-04 15:30:00+00:00,4174.90689,4175.09405,4174.84569,4174.95218
2026-07-04 15:45:00+00:00,4174.90689,4175.09096,4174.84451,4174.87822
2026-07-04 16:00:00+00:00,4174.90689,4175.09474,4174.84431,4175.00127
2026-07-04 16:15:00+00:00,4174.90689,4175.09446,4174.84785,4174.99528
2026-07-04 16:30:00+00:00,4174.90689,4175.09319,4174.84508,4174.96769
2026-07-04 16:45:00+00:00,4174.90689,4175.09404,4174.84683,4174.88503
2026-07-04 17:00:00+00:00,4174.90689,4175.09474,4174.84451,4174.90167
2026-07-04 17:15:00+00:00,4174.90689,4175.08973,4174.84431,4174.98653
2026-07-04 17:30:00+00:00,4174.90689,4175.09446,4174.84508,4174.98114
2026-07-04 17:45:00+00:00,4174.90689,4175.0932,4174.8457,4174.89556
2026-07-04 18:00:00+00:00,4174.90689,4175.09404,4174.84452,4174.88962
2026-07-04 18:15:00+00:00,4174.90689,4175.09474,4174.84952,4174.97441
2026-07-04 18:30:00+00:00,4174.90689,4175.09446,4174.84431,4174.99158
2026-07-04 18:45:00+00:00,4174.90689,4175.09236,4174.84507,4174.96247
2026-07-04 19:00:00+00:00,4174.90689,4175.09403,4174.84571,4174.88096
2026-07-04 19:15:00+00:00,4174.90689,4175.09099,4174.84452,4174.96271
2026-07-04 19:30:00+00:00,4174.90689,4175.09474,4174.8443,4174.9983
2026-07-04 19:45:00+00:00,4174.90689,4175.09446,4174.84788,4174.9464
2026-07-04 20:00:00+00:00,4174.90689,4175.09322,4174.84507,4174.8763
2026-07-04 20:15:00+00:00,4174.90689,4175.09403,4174.84572,4174.9785
2026-07-04 20:30:00+00:00,4174.90689,4175.091,4174.84452,4175.00081
2026-07-04 20:45:00+00:00,4174.90689,4175.09474,4174.8443,4174.94111
2026-07-04 21:00:00+00:00,4174.90689,4175.09447,4174.84789,4174.87598
2026-07-04 21:15:00+00:00,4174.90689,4175.09322,4174.84506,4174.99288
2026-07-04 21:30:00+00:00,4174.90689,4175.09402,4174.84679,4174.99895
2026-07-04 21:45:00+00:00,4174.90689,4175.09474,4174.84453,4174.9574
2026-07-04 22:00:00+00:00,4174.90689,4175.08968,4174.8443,4174.88
2026-07-04 22:15:00+00:00,4174.90689,4175.09447,4174.84506,4175.00486
2026-07-04 22:30:00+00:00,4174.90689,4175.09323,4167.47444,4169.29623
2026-07-04 22:45:00+00:00,4174.90689,4175.09402,4174.84453,4174.97235
2026-07-04 23:00:00+00:00,4174.90689,4175.09474,4174.84947,4174.88809
2026-07-04 23:15:00+00:00,4174.90689,4175.09447,4174.8443,4174.89741
2026-07-04 23:30:00+00:00,4174.90689,4175.09232,4174.84505,4174.98291
2026-07-04 23:45:00+00:00,4174.90689,4175.09401,4174.84574,4174.98492
2026-07-05 00:00:00+00:00,4174.90689,4175.09103,4174.84453,4174.89968
2026-07-05 00:15:00+00:00,4174.90689,4175.09473,4174.8443,4174.88638
2026-07-05 00:30:00+00:00,4174.90689,4175.09448,4174.84792,4174.96985
2026-07-05 00:45:00+00:00,4174.90689,4175.09324,4174.84505,4174.99421
2026-07-05 01:00:00+00:00,4174.90689,4175.09401,4174.84676,4174.95719
2026-07-05 01:15:00+00:00,4174.90689,4175.09473,4174.84453,4174.87898
2026-07-05 01:30:00+00:00,4174.90689,4175.08965,4174.8443,4174.96795
2026-07-05 01:45:00+00:00,4174.90689,4175.09448,4174.84504,4174.9996
2026-07-05 02:00:00+00:00,4174.90689,4175.09325,4174.84575,4174.94128
2026-07-05 02:15:00+00:00,4174.90689,4175.094,4174.84676,4174.87571
2026-07-05 02:30:00+00:00,4174.90689,4175.09473,4174.84454,4174.9834
2026-07-05 02:45:00+00:00,4174.90689,4175.08963,4174.8443,4175.00069
2026-07-05 03:00:00+00:00,4174.90689,4175.09448,4174.84504,4174.94651
2026-07-05 03:15:00+00:00,4174.90689,4175.09326,4174.84576,4174.87682
2026-07-05 03:30:00+00:00,4174.90689,4175.094,4174.84454,4174.9971
2026-07-05 03:45:00+00:00,4174.90689,4175.09473,4174.84941,4174.99741
2026-07-05 04:00:00+00:00,4174.90689,4175.09449,4174.8443,4174.96249
2026-07-05 04:15:00+00:00,4174.90689,4175.09229,4174.84503,4174.88221
2026-07-05 04:30:00+00:00,4174.90689,4175.09399,4174.84577,4174.9065
2026-07-05 04:45:00+00:00,4174.90689,4175.09108,4174.84454,4174.98999
2026-07-05 05:00:00+00:00,4174.90689,4175.09473,4174.8443,4174.97677
2026-07-05 05:15:00+00:00,4174.90689,4175.09449,4174.84797,4174.89152
2026-07-05 05:30:00+00:00,4174.90689,4175.09327,4174.84503,4174.89345
2026-07-05 05:45:00+00:00,4174.90689,4175.09399,4174.84673,4174.97895
2026-07-05 06:00:00+00:00,4174.90689,4175.09473,4174.84455,4174.98835
2026-07-05 06:15:00+00:00,4174.90689,4175.08959,4174.84429,4174.9041
2026-07-05 06:30:00+00:00,4174.90689,4175.09449,4174.84502,4174.88353
2026-07-05 06:45:00+00:00,4174.90689,4175.09328,4174.84578,4174.96506
2026-07-05 07:00:00+00:00,4174.90689,4175.09398,4174.84455,4174.99643
2026-07-05 07:15:00+00:00,4174.90689,4175.09473,4174.84938,4174.95193
2026-07-05 07:30:00+00:00,4174.90689,4175.0945,4174.84429,4174.87744
2026-07-05 07:45:00+00:00,4174.90689,4175.09226,4174.84502,4174.97312
2026-07-05 08:00:00+00:00,4174.90689,4175.09329,4174.84579,4175.00043
2026-07-05 08:15:00+00:00,4174.90689,4175.09398,4174.84455,4174.9363
2026-07-05 08:30:00+00:00,4174.90689,4175.09473,4174.84936,4174.87559
2026-07-05 08:45:00+00:00,4174.90689,4175.0945,4174.84429,4174.98811
2026-07-05 09:00:00+00:00,4174.90689,4175.09225,4174.84501,4175.00009
2026-07-05 09:15:00+00:00,4174.90689,4175.09397,4174.84579,4174.95185
2026-07-05 09:30:00+00:00,4174.90689,4175.09112,4174.84456,4174.87812
2026-07-05 09:45:00+00:00,4174.90689,4175.09473,4174.84429,4175.00104
2026-07-05 10:00:00+00:00,4174.90689,4175.0945,4174.84801,4174.99542
2026-07-05 10:15:00+00:00,4174.90689,4175.0933,4174.84501,4174.96739
2026-07-05 10:30:00+00:00,4174.90689,4175.09397,4174.84669,4174.88485
2026-07-05 10:45:00+00:00,4174.90689,4175.09473,4174.84456,4174.90195
2026-07-05 11:00:00+00:00,4174.90689,4175.08954,4174.84429,4174.98675
2026-07-05 11:15:00+00:00,4174.90689,4175.0945,4174.845,4174.98089
2026-07-05 11:30:00+00:00,4174.90689,4175.09331,4174.84581,4174.89531
2026-07-05 11:45:00+00:00,4174.90689,4175.09396,4174.84456,4174.88983
2026-07-05 12:00:00+00:00,4174.90689,4175.09472,4174.84933,4174.97468
2026-07-05 12:15:00+00:00,4174.90689,4175.09451,4174.84429,4174.9914
2026-07-05 12:30:00+00:00,4174.90689,4175.09222,4174.845,4174.96279
2026-07-05 12:45:00+00:00,4174.90689,4175.09396,4174.84582,4174.8811
2026-07-05 13:00:00+00:00,4174.90689,4175.09115,4174.84456,4174.96238
2026-07-05 13:15:00+00:00,4174.90689,4175.09472,4174.84429,4174.9982
2026-07-05 13:30:00+00:00,4174.90689,4175.09451,4174.84804,4174.94672
2026-07-05 13:45:00+00:00,4174.90689,4175.09332,4174.84499,4174.87636
2026-07-05 14:00:00+00:00,4174.90689,4175.09395,4174.84582,4174.97818
2026-07-05 14:15:00+00:00,4174.90689,4175.09116,4174.84457,4175.0008
2026-07-05 14:30:00+00:00,4174.90689,4175.09472,4174.84429,4174.94077
2026-07-05 14:45:00+00:00,4174.90689,4175.09451,4174.84805,4174.87594
2026-07-05 15:00:00+00:00,4174.90689,4175.09333,4174.84499,4174.9926
2026-07-05 15:15:00+00:00,4174.90689,4175.09395,4174.84666,4174.99903
2026-07-05 15:30:00+00:00,4174.90689,4175.09472,4174.84457,4174.95708
2026-07-05 15:45:00+00:00,4174.90689,4175.08949,4174.84429,4174.87987
2026-07-05 16:00:00+00:00,4174.90689,4175.09452,4174.84498,4175.00464
2026-07-05 16:15:00+00:00,4174.90689,4175.09333,4174.84584,4174.993
2026-07-05 16:30:00+00:00,4174.90689,4175.09394,4174.84457,4174.97207
2026-07-05 16:45:00+00:00,4174.90689,4175.09472,4174.84927,4174.88788
2026-07-05 17:00:00+00:00,4174.90689,4175.09452,4174.84429,4174.89767
2026-07-05 17:15:00+00:00,4174.90689,4175.09219,4174.84498,4174.98315
2026-07-05 17:30:00+00:00,4174.90689,4175.09394,4174.84584,4174.98469
2026-07-05 17:45:00+00:00,4174.90689,4175.0912,4174.84458,4174.89941
2026-07-05 18:00:00+00:00,4174.90689,4175.09298,4174.82691,4174.86853
2026-07-05 18:15:00+00:00,4174.88946,4175.08752,4174.8424,4174.96657
2026-07-05 18:30:00+00:00,4174.90323,4175.09222,4174.84223,4174.98719
2026-07-05 18:45:00+00:00,4174.89929,4175.10249,4174.8424,4174.96636
2026-07-05 19:00:00+00:00,4174.91254,4175.09992,4174.8424,4174.88617
2026-07-05 19:15:00+00:00,4174.91353,4175.09281,4174.8424,4174.95874
2026-07-05 19:30:00+00:00,4174.9001,4175.09635,4174.8424,4174.99951
2026-07-05 19:45:00+00:00,4174.90655,4175.09335,4174.8424,4174.94638
2026-07-05 20:00:00+00:00,4174.91042,4175.08573,4173.27435,4174.85101
2026-07-05 20:15:00+00:00,4174.89887,4175.0982,4174.83582,4174.99344
2026-07-05 20:30:00+00:00,4174.9191,4175.08956,4174.8408,4175.0077
2026-07-05 20:45:00+00:00,4174.91421,4175.1096,4174.66811,4175.01112
2026-07-05 21:00:00+00:00,4174.96346,4175.08106,4174.66811,4174.85502
2026-07-05 21:15:00+00:00,4174.90863,4175.09307,4174.66811,4174.99851
2026-07-05 21:30:00+00:00,4174.90863,4175.90264,4174.75186,4175.80265
2026-07-05 21:45:00+00:00,4175.7161,4175.89085,4175.61507,4175.75615
2026-07-05 22:00:00+00:00,4175.70533,4185.15108,4174.8424,4182.08544
2026-07-05 22:15:00+00:00,4181.83087,4185.28177,4176.93497,4184.73177
2026-07-05 22:30:00+00:00,4183.86129,4190.93919,4183.86129,4186.87277
2026-07-05 22:45:00+00:00,4187.29271,4189.71007,4183.57528,4189.45192
2026-07-05 23:00:00+00:00,4189.01736,4191.6576,4187.09282,4189.8433
2026-07-05 23:15:00+00:00,4189.46889,4202.03378,4183.10562,4200.9093
2026-07-05 23:30:00+00:00,4198.77359,4201.85722,4194.10309,4198.61731
2026-07-05 23:45:00+00:00,4198.43737,4200.95556,4176.7605,4184.07633
2026-07-06 00:00:00+00:00,4184.25234,4184.25234,4171.10027,4177.22893
2026-07-06 00:15:00+00:00,4176.59194,4181.82579,4170.84922,4175.50033
2026-07-06 00:30:00+00:00,4174.81461,4186.72807,4173.88644,4186.56936
2026-07-06 00:45:00+00:00,4186.29685,4189.09736,4178.1566,4179.03467
2026-07-06 01:00:00+00:00,4180.66557,4191.81757,4174.31959,4187.08463
2026-07-06 01:15:00+00:00,4186.03403,4192.69632,4181.82579,4188.33137
2026-07-06 01:30:00+00:00,4187.78248,4200.79815,4187.08891,4200.35802
2026-07-06 01:45:00+00:00,4199.4824,4201.28023,4186.98194,4188.02043
2026-07-06 02:00:00+00:00,4190.38932,4190.38932,4177.28393,4180.89564
2026-07-06 02:15:00+00:00,4180.62336,4185.67661,4176.41163,4179.42082
2026-07-06 02:30:00+00:00,4178.89351,4178.89351,4169.27246,4173.67352
2026-07-06 02:45:00+00:00,4174.28613,4176.41163,4170.72498,4171.304
2026-07-06 03:00:00+00:00,4172.23908,4175.77315,4166.64254,4167.29997
2026-07-06 03:15:00+00:00,4168.7304,4168.7304,4163.00123,4165.84329
2026-07-06 03:30:00+00:00,4164.87445,4169.4463,4161.98443,4162.23031
2026-07-06 03:45:00+00:00,4162.661,4167.70859,4160.57367,4165.47242
2026-07-06 04:00:00+00:00,4165.49721,4166.75287,4161.15956,4162.76263
2026-07-06 04:15:00+00:00,4163.04059,4164.23753,4160.25294,4163.37519
2026-07-06 04:30:00+00:00,4162.93538,4162.93538,4158.00416,4160.85206
2026-07-06 04:45:00+00:00,4160.64432,4161.11851,4158.17706,4160.21239
2026-07-06 05:00:00+00:00,4160.36688,4160.66078,4152.08245,4152.46594
2026-07-06 05:15:00+00:00,4152.95674,4153.96833,4151.10004,4153.84229
2026-07-06 05:30:00+00:00,4153.42202,4159.90682,4150.92773,4157.38117
2026-07-06 05:45:00+00:00,4157.18334,4157.2608,4148.1039,4149.00222
2026-07-06 06:00:00+00:00,4150.28516,4151.62679,4146.28079,4151.39434
2026-07-06 06:15:00+00:00,4151.06211,4156.11205,4148.34481,4156.06498
2026-07-06 06:30:00+00:00,4155.96546,4159.55035,4154.37664,4154.47038
2026-07-06 06:45:00+00:00,4154.8076,4156.10324,4149.20543,4149.7756
2026-07-06 07:00:00+00:00,4149.60294,4154.33573,4147.15082,4147.35417
2026-07-06 07:15:00+00:00,4147.55731,4154.37664,4146.74683,4154.04397
2026-07-06 07:30:00+00:00,4153.65368,4163.849,4151.9618,4163.17559
2026-07-06 07:45:00+00:00,4161.92114,4165.79879,4161.92114,4164.28588
2026-07-06 08:00:00+00:00,4164.25605,4165.1069,4157.13989,4158.95061
2026-07-06 08:15:00+00:00,4158.7365,4159.26869,4153.6864,4154.56903
2026-07-06 08:30:00+00:00,4154.80671,4155.72913,4149.41367,4150.20472
2026-07-06 08:45:00+00:00,4150.69869,4152.82392,4148.00066,4151.96933
2026-07-06 09:00:00+00:00,4151.67666,4151.67666,4148.42006,4150.02203
2026-07-06 09:15:00+00:00,4149.87981,4149.88071,4142.59523,4142.91923
2026-07-06 09:30:00+00:00,4143.58451,4144.11461,4136.70206,4141.02387
2026-07-06 09:45:00+00:00,4140.72531,4144.56233,4139.41551,4144.46081
2026-07-06 10:00:00+00:00,4144.20322,4147.34951,4142.50207,4147.06452
2026-07-06 10:15:00+00:00,4146.69411,4150.92773,4146.69411,4149.63703
2026-07-06 10:30:00+00:00,4149.45373,4155.58511,4148.01899,4155.46946
2026-07-06 10:45:00+00:00,4155.23836,4155.23976,4152.65147,4154.82792
2026-07-06 11:00:00+00:00,4154.71509,4155.41242,4151.77752,4154.28247
2026-07-06 11:15:00+00:00,4153.8406,4160.62992,4153.8406,4156.34189
2026-07-06 11:30:00+00:00,4157.1587,4158.34997,4153.75531,4154.99092
2026-07-06 11:45:00+00:00,4154.63723,4155.58511,4152.30661,4154.26417
2026-07-06 12:00:00+00:00,4154.52661,4158.51057,4154.31743,4155.05456
2026-07-06 12:15:00+00:00,4155.1137,4156.79937,4145.24954,4145.55536
2026-07-06 12:30:00+00:00,4146.12203,4146.46372,4131.80986,4132.07039
2026-07-06 12:45:00+00:00,4132.60561,4142.50207,4132.60561,4140.68503
2026-07-06 13:00:00+00:00,4141.64589,4148.50137,4139.5077,4147.5318
2026-07-06 13:15:00+00:00,4145.37483,4148.17273,4139.14185,4143.17496
2026-07-06 13:30:00+00:00,4143.73889,4152.01491,4142.24015,4144.73151
2026-07-06 13:45:00+00:00,4145.48634,4150.4664,4140.33372,4140.92288
2026-07-06 14:00:00+00:00,4142.24853,4145.59323,4132.74373,4143.10192
2026-07-06 14:15:00+00:00,4142.49245,4144.76965,4133.42702,4137.41869
2026-07-06 14:30:00+00:00,4136.65611,4141.21018,4131.23809,4132.63927
2026-07-06 14:45:00+00:00,4135.05695,4137.36036,4129.33064,4137.17957
2026-07-06 15:00:00+00:00,4136.92103,4146.28079,4136.92103,4139.72957
2026-07-06 15:15:00+00:00,4140.80451,4149.47455,4137.64816,4148.25716
2026-07-06 15:30:00+00:00,4145.39266,4151.4447,4145.39266,4149.61696
2026-07-06 15:45:00+00:00,4149.68541,4150.23864,4145.42138,4148.46859
2026-07-06 16:00:00+00:00,4148.34357,4148.68901,4141.98733,4142.13937
2026-07-06 16:15:00+00:00,4142.42473,4145.59323,4140.78675,4144.81752
2026-07-06 16:30:00+00:00,4144.90647,4150.12897,4143.7304,4150.05692
2026-07-06 16:45:00+00:00,4149.8956,4156.44873,4148.20062,4156.1832
2026-07-06 17:00:00+00:00,4155.65877,4155.93051,4152.70379,4154.55997
2026-07-06 17:15:00+00:00,4154.2656,4159.28006,4150.58316,4156.17513
2026-07-06 17:30:00+00:00,4157.1842,4159.42407,4154.57678,4157.88477
2026-07-06 17:45:00+00:00,4157.97039,4161.53859,4156.4918,4161.39063
2026-07-06 18:00:00+00:00,4161.12854,4161.58112,4155.45336,4157.84716
2026-07-06 18:15:00+00:00,4157.02459,4163.02402,4157.02193,4161.61292
2026-07-06 18:30:00+00:00,4161.86067,4167.80418,4160.42603,4163.95723
2026-07-06 18:45:00+00:00,4164.08432,4165.30551,4162.50416,4164.16293
2026-07-06 19:00:00+00:00,4163.97695,4165.10475,4159.21474,4159.31693
2026-07-06 19:15:00+00:00,4159.38623,4163.11488,4158.81838,4162.83846
2026-07-06 19:30:00+00:00,4162.1264,4163.92691,4159.90682,4160.88268
2026-07-06 19:45:00+00:00,4160.65335,4164.87699,4160.65335,4162.63055
2026-07-06 20:00:00+00:00,4162.43197,4164.58437,4161.63802,4161.83533
2026-07-06 20:15:00+00:00,4161.8117,4163.19734,4161.04262,4163.06879
2026-07-06 20:30:00+00:00,4162.99789,4164.93128,4162.97111,4163.42921
2026-07-06 20:45:00+00:00,4163.47377,4165.42664,4163.25364,4165.12051
2026-07-06 21:00:00+00:00,4164.60827,4165.62526,4164.58437,4165.29294
2026-07-06 21:15:00+00:00,4165.21119,4165.36428,4164.93128,4164.99772
2026-07-06 21:30:00+00:00,4165.04066,4165.36488,4165.04066,4165.12577
2026-07-06 21:45:00+00:00,4165.18135,4165.79879,4164.96517,4165.73819
2026-07-06 22:00:00+00:00,4165.59701,4169.44182,4163.54401,4165.71879
2026-07-06 22:15:00+00:00,4165.74814,4167.39111,4165.27824,4165.66209
2026-07-06 22:30:00+00:00,4165.47989,4168.14719,4165.47989,4167.34867
2026-07-06 22:45:00+00:00,4167.34146,4167.45532,4164.09127,4164.76966
2026-07-06 23:00:00+00:00,4164.82131,4165.60047,4163.54401,4164.98225
2026-07-06 23:15:00+00:00,4164.18993,4165.70478,4163.39918,4163.55284
2026-07-06 23:30:00+00:00,4163.81057,4164.95606,4161.11851,4162.11719
2026-07-06 23:45:00+00:00,4161.84768,4163.71737,4156.6215,4156.89039
2026-07-07 00:00:00+00:00,4157.39553,4158.09352,4152.30661,4155.2294
2026-07-07 00:15:00+00:00,4154.60409,4161.08781,4152.1109,4158.12392
2026-07-07 00:30:00+00:00,4158.10609,4162.87064,4148.86114,4149.04695
2026-07-07 00:45:00+00:00,4149.17055,4153.81456,4147.24474,4148.54209
2026-07-07 01:00:00+00:00,4149.39924,4149.39924,4138.90154,4141.49216
2026-07-07 01:15:00+00:00,4140.68313,4145.54438,4126.94482,4127.32214
2026-07-07 01:30:00+00:00,4128.60459,4140.56232,4128.60459,4139.27836
2026-07-07 01:45:00+00:00,4139.42612,4145.59323,4139.42612,4141.43325
2026-07-07 02:00:00+00:00,4141.74175,4143.53095,4138.04519,4143.35917
2026-07-07 02:15:00+00:00,4143.08022,4145.07772,4138.04519,4142.46163
2026-07-07 02:30:00+00:00,4143.3595,4144.587,4135.9914,4139.17501
2026-07-07 02:45:00+00:00,4140.00716,4140.16581,4131.88993,4135.5545
2026-07-07 03:00:00+00:00,4135.9428,4139.99148,4134.79429,4137.69173
2026-07-07 03:15:00+00:00,4137.63882,4138.6909,4130.18338,4133.09304
2026-07-07 03:30:00+00:00,4133.22701,4134.96527,4127.96698,4128.22743
2026-07-07 03:45:00+00:00,4128.81248,4131.88993,4125.92318,4131.5241
2026-07-07 04:00:00+00:00,4130.68982,4140.27243,4129.77527,4140.20073
2026-07-07 04:15:00+00:00,4139.86621,4139.86621,4131.37781,4132.79005
2026-07-07 04:30:00+00:00,4133.53767,4133.53767,4129.33064,4129.53631
2026-07-07 04:45:00+00:00,4129.8697,4131.37781,4125.92318,4126.13408
2026-07-07 05:00:00+00:00,4126.46794,4131.80975,4123.03125,4124.48528
2026-07-07 05:15:00+00:00,4125.59507,4128.81916,4121.15447,4127.33576
2026-07-07 05:30:00+00:00,4127.22467,4128.60282,4117.59862,4120.42784
2026-07-07 05:45:00+00:00,4119.38359,4126.94482,4118.05914,4124.55368
2026-07-07 06:00:00+00:00,4124.8111,4129.41627,4122.01154,4123.34443
2026-07-07 06:15:00+00:00,4122.83383,4129.50116,4122.44563,4126.94082
2026-07-07 06:30:00+00:00,4127.19397,4131.88993,4125.34407,4131.47336
2026-07-07 06:45:00+00:00,4131.27121,4133.34143,4128.75645,4130.36793
2026-07-07 07:00:00+00:00,4130.67199,4130.67824,4124.90203,4129.89614
2026-07-07 07:15:00+00:00,4129.24577,4132.40217,4126.43394,4128.86756
2026-07-07 07:30:00+00:00,4128.73344,4130.80977,4126.26367,4130.32965
2026-07-07 07:45:00+00:00,4129.72651,4136.3173,4124.90203,4125.7453
2026-07-07 08:00:00+00:00,4125.62271,4138.38768,4125.54409,4138.01528
2026-07-07 08:15:00+00:00,4137.54977,4138.55895,4134.62334,4138.32151
2026-07-07 08:30:00+00:00,4138.19035,4139.00873,4129.67169,4129.97164
2026-07-07 08:45:00+00:00,4130.51091,4130.52458,4121.61615,4126.7824
2026-07-07 09:00:00+00:00,4126.57319,4129.37246,4125.24236,4127.39325
2026-07-07 09:15:00+00:00,4127.6335,4130.81196,4121.56587,4122.22418
2026-07-07 09:30:00+00:00,4123.34415,4133.11945,4120.82252,4130.35202
2026-07-07 09:45:00+00:00,4131.3999,4133.42702,4126.09341,4131.87029
2026-07-07 10:00:00+00:00,4131.57832,4134.39629,4131.03648,4134.10543
2026-07-07 10:15:00+00:00,4133.72785,4138.55895,4131.88993,4137.28964
2026-07-07 10:30:00+00:00,4137.41849,4137.53155,4134.43431,4136.06737
2026-07-07 10:45:00+00:00,4136.16542,4137.01804,4133.76876,4135.05611
2026-07-07 11:00:00+00:00,4135.20209,4136.02174,4131.81084,4133.96558
2026-07-07 11:15:00+00:00,4133.72417,4145.24954,4132.30015,4143.45599
2026-07-07 11:30:00+00:00,4143.57317,4148.34481,4139.41551,4145.9334
2026-07-07 11:45:00+00:00,4145.58553,4154.73945,4145.58553,4154.17915
2026-07-07 12:00:00+00:00,4153.39444,4172.13478,4153.39444,4171.43663
2026-07-07 12:15:00+00:00,4170.47457,4174.49384,4163.46386,4167.60956
2026-07-07 12:30:00+00:00,4166.26599,4168.75104,4162.67743,4166.27221
2026-07-07 12:45:00+00:00,4165.42304,4171.93874,4164.38437,4171.12205
2026-07-07 13:00:00+00:00,4169.07716,4175.36534,4160.47484,4168.97318
2026-07-07 13:15:00+00:00,4167.11629,4171.88152,4164.06771,4167.06412
2026-07-07 13:30:00+00:00,4167.1478,4179.37894,4162.71,4178.92291
2026-07-07 13:45:00+00:00,4178.81378,4178.81378,4158.1111,4158.53665
2026-07-07 14:00:00+00:00,4159.37611,4166.47967,4152.65147,4154.20243
2026-07-07 14:15:00+00:00,4154.90785,4159.04176,4151.61705,4156.37258
2026-07-07 14:30:00+00:00,4155.49173,4158.17706,4145.7651,4150.37338
2026-07-07 14:45:00+00:00,4149.37045,4156.7428,4149.37045,4155.36994
2026-07-07 15:00:00+00:00,4155.43415,4156.09566,4149.49109,4149.89821
2026-07-07 15:15:00+00:00,4150.12193,4150.40975,4142.33048,4142.71722
2026-07-07 15:30:00+00:00,4143.41891,4148.17273,4142.67368,4148.05527
2026-07-07 15:45:00+00:00,4147.80338,4147.80338,4136.33355,4138.43581
2026-07-07 16:00:00+00:00,4138.19967,4144.21881,4137.87396,4141.85577
2026-07-07 16:15:00+00:00,4141.58195,4146.88272,4140.43694,4146.73941
2026-07-07 16:30:00+00:00,4146.54216,4147.41506,4143.1886,4144.54379
2026-07-07 16:45:00+00:00,4144.43923,4146.45271,4140.78675,4143.54141
2026-07-07 17:00:00+00:00,4144.04506,4146.7966,4143.04332,4143.25764
2026-07-07 17:15:00+00:00,4143.52544,4145.96501,4141.47271,4145.7207
2026-07-07 17:30:00+00:00,4145.37559,4148.01393,4144.69007,4147.54939
2026-07-07 17:45:00+00:00,4147.33316,4147.33316,4143.53195,4144.694
2026-07-07 18:00:00+00:00,4144.60335,4144.90591,4141.47271,4142.42314
2026-07-07 18:15:00+00:00,4142.29401,4144.56233,4139.69058,4142.45991
2026-07-07 18:30:00+00:00,4142.37721,4143.33365,4136.67577,4141.22078
2026-07-07 18:45:00+00:00,4140.55958,4144.83659,4125.58274,4130.07576
2026-07-07 19:00:00+00:00,4129.45655,4129.45655,4103.57421,4107.42212
2026-07-07 19:15:00+00:00,4106.71196,4109.28299,4093.9768,4106.16008
2026-07-07 19:30:00+00:00,4105.31601,4114.54905,4105.09031,4108.39761
2026-07-07 19:45:00+00:00,4109.01145,4117.59862,4105.81011,4115.19232
2026-07-07 20:00:00+00:00,4115.82623,4115.82623,4112.88106,4113.50557
2026-07-07 20:15:00+00:00,4113.97728,4113.97728,4106.60753,4109.75048
2026-07-07 20:30:00+00:00,4110.12042,4110.82792,4105.09031,4106.22946
2026-07-07 20:45:00+00:00,4106.02774,4106.77618,4103.50415,4106.14352
2026-07-07 21:00:00+00:00,4106.19217,4107.2179,4105.59593,4107.14101
2026-07-07 21:15:00+00:00,4107.01121,4107.51691,4107.01121,4107.39528
2026-07-07 21:30:00+00:00,4107.30587,4107.72345,4107.20777,4107.44383
2026-07-07 21:45:00+00:00,4107.37239,4107.68265,4106.935,4107.50068
2026-07-07 22:00:00+00:00,4107.52684,4116.23045,4094.10785,4103.71662
2026-07-07 22:15:00+00:00,4103.52953,4104.18093,4100.88129,4101.19044
2026-07-07 22:30:00+00:00,4101.79446,4102.5641,4099.3687,4102.46073
2026-07-07 22:45:00+00:00,4102.25503,4102.25503,4096.10502,4096.45772
2026-07-07 23:00:00+00:00,4096.65876,4106.77618,4094.35376,4106.59504
2026-07-07 23:15:00+00:00,4106.48877,4106.48877,4101.55449,4106.20899
2026-07-07 23:30:00+00:00,4105.74628,4106.44556,4098.41759,4098.98949
2026-07-07 23:45:00+00:00,4099.89293,4100.88778,4096.58956,4097.09556
2026-07-08 00:00:00+00:00,4097.22139,4104.15324,4097.18523,4103.77003
2026-07-08 00:15:00+00:00,4102.75248,4106.94484,4099.8729,4106.73377
2026-07-08 00:30:00+00:00,4106.63853,4125.75295,4104.07945,4121.77114
2026-07-08 00:45:00+00:00,4122.85424,4125.41254,4112.9567,4113.87042
2026-07-08 01:00:00+00:00,4115.82963,4117.42908,4099.3687,4109.94317
2026-07-08 01:15:00+00:00,4109.0415,4110.65894,4103.88171,4104.63374
2026-07-08 01:30:00+00:00,4106.16596,4106.16596,4097.18523,4104.9257
2026-07-08 01:45:00+00:00,4104.58565,4114.08475,4101.72272,4111.66887
2026-07-08 02:00:00+00:00,4111.28344,4117.59862,4105.93307,4113.6511
2026-07-08 02:15:00+00:00,4114.25828,4124.56177,4112.34939,4121.39805
2026-07-08 02:30:00+00:00,4122.4537,4122.4537,4116.26939,4119.5303
2026-07-08 02:45:00+00:00,4118.90069,4121.74754,4113.87198,4114.97377
2026-07-08 03:00:00+00:00,4114.84059,4129.67169,4114.84059,4128.63411
2026-07-08 03:15:00+00:00,4128.99425,4130.52458,4125.07219,4130.4613
2026-07-08 03:30:00+00:00,4130.33802,4130.6952,4125.75295,4126.28542
2026-07-08 03:45:00+00:00,4126.22071,4128.98964,4123.32995,4123.54059
2026-07-08 04:00:00+00:00,4123.87474,4129.33064,4122.18146,4124.97977
2026-07-08 04:15:00+00:00,4125.79432,4128.30781,4121.50188,4126.24651
2026-07-08 04:30:00+00:00,4126.20224,4127.6262,4122.52133,4122.77305
2026-07-08 04:45:00+00:00,4123.30899,4127.34641,4123.30899,4125.6744
2026-07-08 05:00:00+00:00,4125.9147,4134.11055,4124.71595,4126.86434
2026-07-08 05:15:00+00:00,4127.00298,4129.91745,4122.52133,4123.89679
2026-07-08 05:30:00+00:00,4124.27214,4131.03648,4123.31219,4130.92617
2026-07-08 05:45:00+00:00,4130.61422,4130.61422,4124.75718,4128.45329
2026-07-08 06:00:00+00:00,4128.35187,4131.20306,4122.69961,4130.39788
2026-07-08 06:15:00+00:00,4128.43519,4132.40217,4128.43519,4130.06565
2026-07-08 06:30:00+00:00,4130.11706,4130.6952,4125.41254,4127.22973
2026-07-08 06:45:00+00:00,4126.86043,4127.6262,4124.31918,4124.56102
2026-07-08 07:00:00+00:00,4124.64604,4124.64604,4117.59862,4117.73534
2026-07-08 07:15:00+00:00,4117.81329,4120.82252,4114.39922,4120.72315
2026-07-08 07:30:00+00:00,4120.431,4126.09341,4117.86731,4125.1326
2026-07-08 07:45:00+00:00,4123.47024,4127.28548,4119.63418,4121.04222
2026-07-08 08:00:00+00:00,4121.07356,4121.45689,4116.92054,4117.16738
2026-07-08 08:15:00+00:00,4117.38249,4120.31314,4078.6361,4089.65421
2026-07-08 08:30:00+00:00,4089.65894,4091.83662,4061.57345,4064.06189
2026-07-08 08:45:00+00:00,4063.69311,4079.41422,4055.15004,4055.46482
2026-07-08 09:00:00+00:00,4055.74994,4055.86722,4051.04314,4054.67371
2026-07-08 09:15:00+00:00,4053.8437,4060.91371,4053.43084,4056.56996
2026-07-08 09:30:00+00:00,4057.08477,4058.48406,4045.30744,4045.98153
2026-07-08 09:45:00+00:00,4047.12821,4052.7759,4042.7698,4043.64125
2026-07-08 10:00:00+00:00,4045.00584,4048.48332,4041.5471,4044.6897
2026-07-08 10:15:00+00:00,4044.10953,4055.80792,4041.88475,4050.05639
2026-07-08 10:30:00+00:00,4050.07766,4057.94749,4050.07766,4057.76981
2026-07-08 10:45:00+00:00,4057.39278,4058.08989,4052.70893,4054.22101
2026-07-08 11:00:00+00:00,4054.53909,4057.12431,4048.583,4049.81188
2026-07-08 11:15:00+00:00,4049.79557,4054.16363,4048.4262,4050.53597
2026-07-08 11:30:00+00:00,4050.77963,4060.93636,4042.36397,4056.09077
2026-07-08 11:45:00+00:00,4046.18611,4071.03429,4046.18611,4061.6802
2026-07-08 12:00:00+00:00,4061.48049,4072.65619,4060.25417,4072.44212
2026-07-08 12:15:00+00:00,4072.27187,4077.13948,4067.05007,4071.6898
2026-07-08 12:30:00+00:00,4071.31465,4077.9708,4067.99483,4077.69234
2026-07-08 12:45:00+00:00,4077.15238,4085.90878,4073.63455,4074.60396
2026-07-08 13:00:00+00:00,4075.95516,4081.3298,4072.32448,4074.75275
2026-07-08 13:15:00+00:00,4073.97647,4075.27378,4069.71772,4070.78358
2026-07-08 13:30:00+00:00,4072.73254,4082.01487,4067.85177,4072.56713
2026-07-08 13:45:00+00:00,4073.25836,4077.9708,4069.1909,4071.06487
2026-07-08 14:00:00+00:00,4071.22468,4071.26939,4060.53427,4062.82392
2026-07-08 14:15:00+00:00,4062.106,4064.39151,4051.44226,4062.94782
2026-07-08 14:30:00+00:00,4062.59715,4062.59715,4038.83122,4040.08179
2026-07-08 14:45:00+00:00,4041.76326,4045.30744,4035.83824,4042.1276
2026-07-08 15:00:00+00:00,4042.29646,4043.8624,4035.80889,4036.3343
2026-07-08 15:15:00+00:00,4037.02677,4038.13066,4027.98874,4030.90415
2026-07-08 15:30:00+00:00,4030.28136,4031.93291,4022.20256,4031.15617
2026-07-08 15:45:00+00:00,4031.26552,4037.4677,4030.86239,4034.0089
2026-07-08 16:00:00+00:00,4033.51391,4042.03719,4032.67826,4041.73671
2026-07-08 16:15:00+00:00,4041.58566,4043.97068,4037.90822,4043.77065
2026-07-08 16:30:00+00:00,4043.40782,4053.88751,4034.98895,4053.03331
2026-07-08 16:45:00+00:00,4051.15249,4064.21459,4051.15249,4063.41711
2026-07-08 17:00:00+00:00,4063.16669,4069.83843,4059.75966,4069.31454
2026-07-08 17:15:00+00:00,4068.61771,4073.31976,4063.78283,4073.13551
2026-07-08 17:30:00+00:00,4072.695,4075.9762,4069.6728,4070.76131
2026-07-08 17:45:00+00:00,4070.53922,4070.53922,4065.2059,4065.89036
2026-07-08 18:00:00+00:00,4065.2657,4075.22764,4065.2657,4074.57327
2026-07-08 18:15:00+00:00,4073.52048,4075.9762,4067.57995,4071.33886
2026-07-08 18:30:00+00:00,4071.0723,4078.9552,4067.03253,4078.16025
2026-07-08 18:45:00+00:00,4076.67328,4091.31822,4076.67328,4084.01382
2026-07-08 19:00:00+00:00,4083.40572,4090.64878,4082.50542,4087.30089
2026-07-08 19:15:00+00:00,4087.04505,4087.80607,4084.17576,4086.56546
2026-07-08 19:30:00+00:00,4086.6908,4092.4117,4083.79957,4084.0123
2026-07-08 19:45:00+00:00,4084.08387,4085.4746,4079.46804,4081.44974
2026-07-08 20:00:00+00:00,4081.68149,4083.46605,4076.3085,4078.70129
2026-07-08 20:15:00+00:00,4078.76254,4079.60642,4074.81358,4075.05791
2026-07-08 20:30:00+00:00,4075.00424,4078.80246,4071.98194,4075.63708
2026-07-08 20:45:00+00:00,4075.55242,4080.13383,4074.31551,4077.27796
2026-07-08 21:00:00+00:00,4077.44095,4078.12604,4075.10594,4078.0559
2026-07-08 21:15:00+00:00,4077.96415,4078.1814,4077.90877,4078.00291
2026-07-08 21:30:00+00:00,4077.96914,4078.14558,4077.63823,4077.93234
2026-07-08 21:45:00+00:00,4077.96348,4078.15443,4077.26408,4078.05657
2026-07-08 22:00:00+00:00,4077.97246,4080.85187,4072.98794,4077.45033
2026-07-08 22:15:00+00:00,4077.96345,4079.0899,4073.20352,4073.4638
2026-07-08 22:30:00+00:00,4074.01439,4079.22039,4074.01439,4076.97536
2026-07-08 22:45:00+00:00,4077.25604,4079.63446,4076.30109,4077.06534
2026-07-08 23:00:00+00:00,4077.08712,4078.23499,4074.45361,4077.13604
2026-07-08 23:15:00+00:00,4076.82251,4077.56212,4075.20394,4077.43682
2026-07-08 23:30:00+00:00,4077.04483,4077.80451,4074.31551,4074.54262
2026-07-08 23:45:00+00:00,4074.39516,4078.02032,4072.12524,4076.47837
2026-07-09 00:00:00+00:00,4076.68833,4086.52596,4075.81007,4085.91722
2026-07-09 00:15:00+00:00,4084.74001,4088.99157,4072.95512,4073.68011
2026-07-09 00:30:00+00:00,4074.53183,4081.46606,4074.53183,4076.40516
2026-07-09 00:45:00+00:00,4076.49859,4077.80451,4070.83249,4073.57622
2026-07-09 01:00:00+00:00,4073.6447,4080.34681,4065.2059,4074.10618
2026-07-09 01:15:00+00:00,4074.69144,4076.79017,4068.46184,4068.79046
2026-07-09 01:30:00+00:00,4069.21803,4075.27916,4059.77346,4072.36179
2026-07-09 01:45:00+00:00,4072.75978,4075.31176,4069.5185,4072.11417
2026-07-09 02:00:00+00:00,4071.55843,4078.96884,4071.55843,4075.94362
2026-07-09 02:15:00+00:00,4076.69346,4082.46581,4076.69346,4081.40245
2026-07-09 02:30:00+00:00,4081.67787,4082.51324,4070.91547,4072.02408
2026-07-09 02:45:00+00:00,4072.02405,4072.02405,4065.49779,4065.77665
2026-07-09 03:00:00+00:00,4066.1283,4069.32077,4056.13694,4056.48739
2026-07-09 03:15:00+00:00,4057.31944,4060.7488,4054.06488,4058.12629
2026-07-09 03:30:00+00:00,4058.75183,4063.05867,4056.4663,4060.92147
2026-07-09 03:45:00+00:00,4060.74117,4063.05867,4060.74117,4062.78764
2026-07-09 04:00:00+00:00,4062.28016,4063.88426,4059.1005,4063.33907
2026-07-09 04:15:00+00:00,4063.20894,4063.20894,4057.74328,4060.04472
2026-07-09 04:30:00+00:00,4059.83875,4064.52468,4057.38517,4057.78611
2026-07-09 04:45:00+00:00,4058.61991,4063.59881,4056.95971,4063.4864
2026-07-09 05:00:00+00:00,4063.15682,4074.7142,4062.92106,4074.42877
2026-07-09 05:15:00+00:00,4073.94203,4073.94203,4067.16517,4071.82998
2026-07-09 05:30:00+00:00,4071.41183,4076.64085,4065.2059,4073.90894
2026-07-09 05:45:00+00:00,4074.53724,4084.46677,4074.53724,4084.23697
2026-07-09 06:00:00+00:00,4083.87493,4099.34825,4076.36394,4091.76078
2026-07-09 06:15:00+00:00,4090.9026,4102.05923,4090.9026,4101.94648
2026-07-09 06:30:00+00:00,4101.75046,4106.7895,4096.17827,4101.07361
2026-07-09 06:45:00+00:00,4099.96533,4106.87129,4099.96533,4106.67382
2026-07-09 07:00:00+00:00,4106.10594,4109.81424,4103.15199,4103.86192
2026-07-09 07:15:00+00:00,4104.41176,4108.93656,4102.36772,4107.94775
2026-07-09 07:30:00+00:00,4106.12313,4110.65894,4103.57421,4109.0948
2026-07-09 07:45:00+00:00,4109.48535,4111.23491,4104.7533,4106.84859
2026-07-09 08:00:00+00:00,4105.44031,4110.15208,4105.39178,4106.37151
2026-07-09 08:15:00+00:00,4107.36427,4116.41214,4102.81812,4114.73706
2026-07-09 08:30:00+00:00,4114.78209,4115.56507,4110.15208,4113.51728
2026-07-09 08:45:00+00:00,4113.77949,4113.96785,4108.46343,4108.86306
2026-07-09 09:00:00+00:00,4108.9413,4109.47645,4106.10167,4109.23785
2026-07-09 09:15:00+00:00,4109.1066,4112.04925,4107.27188,4108.42065
2026-07-09 09:30:00+00:00,4108.51303,4108.80105,4104.10152,4104.77581
2026-07-09 09:45:00+00:00,4104.63302,4108.08671,4103.57421,4107.84538
2026-07-09 10:00:00+00:00,4107.32969,4109.96544,4105.1823,4105.64581
2026-07-09 10:15:00+00:00,4106.02866,4106.27027,4104.51968,4105.44502
2026-07-09 10:30:00+00:00,4105.18695,4106.28586,4102.45721,4103.79344
2026-07-09 10:45:00+00:00,4103.76318,4104.07945,4094.83641,4098.30464
2026-07-09 11:00:00+00:00,4097.50335,4104.9218,4097.41435,4104.67067
2026-07-09 11:15:00+00:00,4104.19201,4107.35806,4099.53675,4099.6553
2026-07-09 11:30:00+00:00,4100.00414,4108.8718,4098.25149,4107.24666
2026-07-09 11:45:00+00:00,4107.50769,4111.03321,4104.88296,4108.20014
2026-07-09 12:00:00+00:00,4108.23132,4120.14338,4105.76449,4116.18132
2026-07-09 12:15:00+00:00,4116.34336,4116.34336,4105.739,4105.81575
2026-07-09 12:30:00+00:00,4105.77254,4124.16757,4105.64959,4114.31916
2026-07-09 12:45:00+00:00,4115.28828,4115.28828,4108.26582,4108.91023
2026-07-09 13:00:00+00:00,4110.32011,4120.61322,4107.45092,4119.49328
2026-07-09 13:15:00+00:00,4116.79377,4126.90813,4116.79377,4126.16976
2026-07-09 13:30:00+00:00,4125.60874,4127.53958,4120.99233,4125.75901
2026-07-09 13:45:00+00:00,4124.79996,4127.6262,4119.1251,4120.92721
2026-07-09 14:00:00+00:00,4119.84885,4136.3357,4117.3347,4122.20907
2026-07-09 14:15:00+00:00,4122.32617,4124.7317,4114.17376,4124.29871
2026-07-09 14:30:00+00:00,4123.83934,4126.07894,4121.97444,4123.29294
2026-07-09 14:45:00+00:00,4123.00063,4127.30425,4119.63418,4126.64619
2026-07-09 15:00:00+00:00,4125.20468,4129.91408,4125.20468,4126.06069
2026-07-09 15:15:00+00:00,4125.97879,4130.0128,4125.52621,4128.82944
2026-07-09 15:30:00+00:00,4129.13885,4130.39965,4126.94482,4130.22495
2026-07-09 15:45:00+00:00,4129.82944,4132.67267,4126.26367,4127.4198
2026-07-09 16:00:00+00:00,4127.79172,4130.80529,4125.70727,4130.44062
2026-07-09 16:15:00+00:00,4129.9343,4133.42702,4129.16013,4131.55081
2026-07-09 16:30:00+00:00,4130.48085,4137.70275,4130.28929,4133.82306
2026-07-09 16:45:00+00:00,4133.6543,4133.93964,4128.98964,4129.2448
2026-07-09 17:00:00+00:00,4129.68779,4129.68779,4126.09341,4126.85686
2026-07-09 17:15:00+00:00,4126.77653,4130.84731,4125.24236,4129.72428
2026-07-09 17:30:00+00:00,4127.37326,4134.11055,4127.37326,4132.84994
2026-07-09 17:45:00+00:00,4132.99329,4137.70275,4131.28524,4136.11988
2026-07-09 18:00:00+00:00,4135.35727,4137.01804,4127.11515,4127.90777
2026-07-09 18:15:00+00:00,4128.02485,4129.16013,4123.71134,4124.82671
2026-07-09 18:30:00+00:00,4124.65335,4125.41254,4121.53693,4124.97858
2026-07-09 18:45:00+00:00,4124.86621,4125.41254,4123.20125,4125.08635
2026-07-09 19:00:00+00:00,4125.06352,4127.37652,4123.37127,4123.46346
2026-07-09 19:15:00+00:00,4123.67177,4125.66463,4121.07463,4121.20354
2026-07-09 19:30:00+00:00,4121.14971,4122.52133,4119.63418,4119.68661
2026-07-09 19:45:00+00:00,4119.83543,4123.20125,4119.83543,4122.44908
2026-07-09 20:00:00+00:00,4122.23351,4124.08024,4120.99233,4121.08985
2026-07-09 20:15:00+00:00,4121.1462,4122.40774,4120.48292,4121.08928
2026-07-09 20:30:00+00:00,4120.8457,4125.75295,4120.8457,4124.30318
2026-07-09 20:45:00+00:00,4124.38313,4124.39165,4123.37127,4123.6425
2026-07-09 21:00:00+00:00,4123.75241,4125.08314,4123.37127,4124.98214
2026-07-09 21:15:00+00:00,4124.84295,4126.18106,4124.83207,4126.16997
2026-07-09 21:30:00+00:00,4126.04925,4127.90217,4121.50188,4121.68763
2026-07-09 21:45:00+00:00,4121.61448,4121.80827,4121.50188,4121.61518
2026-07-09 22:00:00+00:00,4121.61909,4127.28548,4121.30676,4123.12865
2026-07-09 22:15:00+00:00,4122.81712,4124.91743,4122.52133,4123.35588
2026-07-09 22:30:00+00:00,4123.4389,4124.39165,4122.86127,4123.4461
2026-07-09 22:45:00+00:00,4123.24992,4124.05147,4121.94219,4122.68719
2026-07-09 23:00:00+00:00,4122.64656,4124.86742,4121.51302,4124.29765
2026-07-09 23:15:00+00:00,4124.08912,4124.90203,4121.84164,4123.00277
2026-07-09 23:30:00+00:00,4122.91897,4123.10906,4121.04276,4122.77603
2026-07-09 23:45:00+00:00,4122.79193,4124.43659,4120.76382,4123.26351
2026-07-10 00:00:00+00:00,4123.30394,4125.75295,4120.0704,4121.87952
2026-07-10 00:15:00+00:00,4121.87046,4123.37131,4117.65586,4117.81575
2026-07-10 00:30:00+00:00,4118.22214,4123.37127,4114.96673,4123.03253
2026-07-10 00:45:00+00:00,4122.57486,4127.6262,4121.03399,4126.1633
2026-07-10 01:00:00+00:00,4126.36849,4129.33064,4119.8039,4125.12679
2026-07-10 01:15:00+00:00,4124.88943,4127.25928,4120.99233,4121.57005
2026-07-10 01:30:00+00:00,4121.99686,4123.37127,4110.48997,4110.9732
2026-07-10 01:45:00+00:00,4111.46475,4120.48292,4109.81424,4118.14461
2026-07-10 02:00:00+00:00,4119.01134,4128.37831,4116.58159,4125.20369
2026-07-10 02:15:00+00:00,4125.81551,4127.90196,4122.18146,4125.97953
2026-07-10 02:30:00+00:00,4125.78395,4128.13738,4122.0226,4125.74407
2026-07-10 02:45:00+00:00,4125.33755,4128.64869,4124.22155,4126.98167
2026-07-10 03:00:00+00:00,4126.75442,4133.93964,4126.75442,4127.71091
2026-07-10 03:15:00+00:00,4127.93354,4128.27279,4121.15393,4124.95539
2026-07-10 03:30:00+00:00,4125.25211,4127.28548,4121.16217,4122.82578
2026-07-10 03:45:00+00:00,4122.73465,4122.73465,4119.29478,4120.39899
2026-07-10 04:00:00+00:00,4120.32379,4120.48292,4117.26089,4119.80525
2026-07-10 04:15:00+00:00,4119.55715,4121.74375,4112.18028,4115.49272
2026-07-10 04:30:00+00:00,4113.90446,4120.09942,4113.90446,4119.24177
2026-07-10 04:45:00+00:00,4118.98397,4119.33072,4114.88766,4115.54884
2026-07-10 05:00:00+00:00,4115.56569,4116.23716,4113.53353,4113.87024
2026-07-10 05:15:00+00:00,4114.08558,4117.41978,4112.68764,4114.86915
2026-07-10 05:30:00+00:00,4114.62129,4116.33919,4109.64534,4112.37045
2026-07-10 05:45:00+00:00,4111.66825,4116.58159,4109.30758,4116.36039
2026-07-10 06:00:00+00:00,4116.05856,4118.48772,4115.87204,4115.97545
2026-07-10 06:15:00+00:00,4116.11616,4119.97363,4114.1124,4115.27148
2026-07-10 06:30:00+00:00,4115.64274,4116.016,4112.01271,4112.13832
2026-07-10 06:45:00+00:00,4112.28833,4114.37976,4111.01474,4112.37953
2026-07-10 07:00:00+00:00,4112.72667,4113.24029,4109.98315,4111.43498
2026-07-10 07:15:00+00:00,4110.84593,4115.3957,4109.47645,4112.88015
2026-07-10 07:30:00+00:00,4112.93196,4114.54905,4106.62235,4107.85083
2026-07-10 07:45:00+00:00,4109.61289,4109.61289,4104.41635,4108.07895
2026-07-10 08:00:00+00:00,4107.16648,4109.33184,4104.5702,4106.31615
2026-07-10 08:15:00+00:00,4106.1631,4108.3464,4104.07945,4104.82596
2026-07-10 08:30:00+00:00,4104.69503,4105.09031,4100.041,4101.76239
2026-07-10 08:45:00+00:00,4101.40389,4102.05923,4095.17179,4097.30507
2026-07-10 09:00:00+00:00,4097.21222,4100.1957,4095.17179,4099.66741
2026-07-10 09:15:00+00:00,4098.29157,4103.43012,4098.29157,4102.18626
2026-07-10 09:30:00+00:00,4102.35081,4104.01016,4099.53675,4103.83204
2026-07-10 09:45:00+00:00,4103.5144,4105.59593,4102.42543,4105.21774
2026-07-10 10:00:00+00:00,4105.06233,4108.70614,4103.90859,4106.53616
2026-07-10 10:15:00+00:00,4106.6217,4111.84211,4106.10167,4109.37966
2026-07-10 10:30:00+00:00,4109.07624,4110.32102,4106.4389,4108.50494
2026-07-10 10:45:00+00:00,4108.23898,4109.32851,4105.86955,4106.05107
2026-07-10 11:00:00+00:00,4106.29068,4108.39191,4104.63961,4106.70398
2026-07-10 11:15:00+00:00,4106.96211,4107.78837,4102.73242,4102.83681
2026-07-10 11:30:00+00:00,4103.01564,4106.10167,4097.01737,4105.64017
2026-07-10 11:45:00+00:00,4104.91651,4107.61963,4102.22751,4102.42886
2026-07-10 12:00:00+00:00,4102.7721,4113.74056,4095.80549,4110.61712
2026-07-10 12:15:00+00:00,4102.97278,4117.42908,4102.97278,4103.94485
2026-07-10 12:30:00+00:00,4104.0639,4107.35886,4098.1927,4099.32694
2026-07-10 12:45:00+00:00,4099.53029,4106.38173,4098.96265,4101.31759
2026-07-10 13:00:00+00:00,4100.73262,4105.59593,4098.69661,4104.84977
2026-07-10 13:15:00+00:00,4104.22015,4106.77618,4087.4719,4088.20519
2026-07-10 13:30:00+00:00,4089.52175,4100.92089,4087.08347,4100.63638
2026-07-10 13:45:00+00:00,4100.26315,4107.21037,4099.20066,4099.76164
2026-07-10 14:00:00+00:00,4099.80939,4102.22751,4099.20066,4101.83774
2026-07-10 14:15:00+00:00,4101.38964,4106.94484,4099.15512,4106.78206
2026-07-10 14:30:00+00:00,4106.32829,4125.6944,4076.64085,4099.58667
2026-07-10 14:45:00+00:00,4098.68411,4106.75668,4091.82045,4092.77043
2026-07-10 15:00:00+00:00,4092.95356,4099.70482,4089.75593,4099.63145
2026-07-10 15:15:00+00:00,4099.48306,4107.67586,4098.13933,4101.90597
2026-07-10 15:30:00+00:00,4102.51732,4106.41143,4101.55449,4104.51489
2026-07-10 15:45:00+00:00,4104.50425,4112.57168,4104.31253,4112.09646
2026-07-10 16:00:00+00:00,4111.49227,4113.19513,4107.61963,4110.1615
2026-07-10 16:15:00+00:00,4109.84794,4114.04122,4107.95711,4113.86861
2026-07-10 16:30:00+00:00,4113.79547,4115.96748,4110.18733,4110.61916
2026-07-10 16:45:00+00:00,4111.44331,4111.44331,4105.21698,4105.54582
2026-07-10 17:00:00+00:00,4106.15029,4106.15029,4102.61156,4103.6107
2026-07-10 17:15:00+00:00,4103.96689,4106.94484,4102.94064,4105.98891
2026-07-10 17:30:00+00:00,4105.69463,4107.02169,4103.57421,4104.82189
2026-07-10 17:45:00+00:00,4104.57024,4104.9218,4101.21806,4101.31341
2026-07-10 18:00:00+00:00,4101.43401,4104.68277,4100.43464,4104.26063
2026-07-10 18:15:00+00:00,4104.32666,4104.7533,4102.73242,4103.73535
2026-07-10 18:30:00+00:00,4103.66518,4103.66518,4098.86461,4098.94535
2026-07-10 18:45:00+00:00,4098.97809,4101.89097,4098.52863,4100.4625
2026-07-10 19:00:00+00:00,4100.71689,4102.5641,4097.18533,4100.65505
2026-07-10 19:15:00+00:00,4099.49585,4103.0691,4099.49585,4102.31273
2026-07-10 19:30:00+00:00,4102.22595,4103.57421,4100.5348,4103.48609
2026-07-10 19:45:00+00:00,4103.21413,4108.69358,4102.3958,4108.40211
2026-07-10 20:00:00+00:00,4107.95106,4113.53353,4107.95106,4112.11108
2026-07-10 20:15:00+00:00,4111.92391,4113.1304,4110.51031,4110.90696
2026-07-10 20:30:00+00:00,4111.109,4112.51851,4110.99692,4111.65247
2026-07-10 20:45:00+00:00,4111.88329,4120.82252,4111.25188,4119.32483
2026-07-10 21:00:00+00:00,4119.46069,4120.42164,4110.97947,4111.3918
2026-07-10 21:15:00+00:00,4111.29225,4111.63145,4111.29225,4111.41633
2026-07-10 21:30:00+00:00,4111.44515,4111.63473,4111.38525,4111.5092
2026-07-10 21:45:00+00:00,4111.44834,4111.63566,4111.38488,4111.53671
2026-07-10 22:00:00+00:00,4111.44482,4111.63406,4111.3889,4111.48117
2026-07-10 22:15:00+00:00,4111.44826,4111.6364,4111.39045,4111.41907
2026-07-10 22:30:00+00:00,4111.44989,4111.63486,4111.38824,4111.52802
2026-07-10 22:45:00+00:00,4111.44989,4111.63314,4111.39025,4111.54537
2026-07-10 23:00:00+00:00,4111.45361,4111.63746,4111.39319,4111.50033
2026-07-10 23:15:00+00:00,4111.45152,4111.63576,4111.39061,4111.42099
2026-07-10 23:30:00+00:00,4111.44989,4111.6347,4111.38993,4111.54381
2026-07-10 23:45:00+00:00,4111.45169,4111.63656,4111.39648,4111.54135
2026-07-11 00:00:00+00:00,4111.45359,4111.6358,4111.39191,4111.50904
2026-07-11 00:15:00+00:00,4111.45144,4111.63692,4111.39146,4111.42545
2026-07-11 00:30:00+00:00,4111.4482,4111.63469,4111.38722,4111.44682
2026-07-11 00:45:00+00:00,4111.44989,4111.63135,4111.39162,4111.53164
2026-07-11 01:00:00+00:00,4111.45158,4111.63825,4111.38688,4111.51954
2026-07-11 01:15:00+00:00,4111.4482,4111.63235,4111.38877,4111.43532
2026-07-11 01:30:00+00:00,4111.4482,4111.6319,4111.38718,4111.43275
2026-07-11 01:45:00+00:00,4111.4482,4111.63301,4111.39042,4111.52187
2026-07-11 02:00:00+00:00,4111.45348,4111.63486,4111.38824,4111.53201
2026-07-11 02:15:00+00:00,4111.45018,4111.62983,4111.38688,4111.50526
2026-07-11 02:30:00+00:00,4111.4482,4111.63581,4111.39145,4111.42707
2026-07-11 02:45:00+00:00,4111.45098,4111.62881,4111.38716,4111.5025
2026-07-11 03:00:00+00:00,4111.4482,4111.63806,4111.39162,4111.54078
2026-07-11 03:15:00+00:00,4111.45127,4111.63318,4111.39302,4111.48941
2026-07-11 03:30:00+00:00,4111.4482,4111.63236,4111.38687,4111.41849
2026-07-11 03:45:00+00:00,4111.4482,4111.63189,4111.38816,4111.51649
2026-07-11 04:00:00+00:00,4111.4482,4111.63059,4111.38719,4111.54061
2026-07-11 04:15:00+00:00,4111.4482,4111.63301,4111.38993,4111.49712
2026-07-11 04:30:00+00:00,4111.45328,4111.63657,4111.39315,4111.42089
2026-07-11 04:45:00+00:00,4111.45192,4111.63478,4111.3902,4111.53461
2026-07-11 05:00:00+00:00,4111.45323,4111.63689,4111.39143,4111.54285
2026-07-11 05:15:00+00:00,4111.45125,4111.63637,4111.39202,4111.50278
2026-07-11 05:30:00+00:00,4111.45337,4111.63146,4111.39162,4111.42088
2026-07-11 05:45:00+00:00,4111.4482,4111.63317,4111.3835,4111.54103
2026-07-11 06:00:00+00:00,4111.44496,4111.63573,4111.39226,4111.53741
2026-07-11 06:15:00+00:00,4111.45189,4111.63519,4111.39062,4111.51553
2026-07-11 06:30:00+00:00,4111.45345,4111.63468,4111.39201,4111.42992
2026-07-11 06:45:00+00:00,4111.44989,4111.63487,4111.38824,4111.44249
2026-07-11 07:00:00+00:00,4111.44989,4111.63476,4111.3902,4111.52831
2026-07-11 07:15:00+00:00,4111.45133,4111.63583,4111.38979,4111.52503
2026-07-11 07:30:00+00:00,4111.44989,4111.63235,4111.38891,4111.44085
2026-07-11 07:45:00+00:00,4111.44989,4111.633,4111.39042,4111.43459
2026-07-11 08:00:00+00:00,4111.453,4111.63825,4111.39493,4111.5159
2026-07-11 08:15:00+00:00,4111.4514,4111.63412,4111.39055,4111.53473
2026-07-11 08:30:00+00:00,4111.44989,4111.63515,4111.39314,4111.50187
2026-07-11 08:45:00+00:00,4111.44989,4111.63634,4111.38892,4111.42669
2026-07-11 09:00:00+00:00,4111.45296,4111.62969,4111.38824,4111.50762
2026-07-11 09:15:00+00:00,4111.44989,4111.63487,4111.38853,4111.54065
2026-07-11 09:30:00+00:00,4111.44989,4111.63584,4111.39398,4111.49266
2026-07-11 09:45:00+00:00,4111.45164,4111.63686,4111.39141,4111.4228
2026-07-11 10:00:00+00:00,4111.45294,4111.63804,4111.39232,4111.52345
2026-07-11 10:15:00+00:00,4111.4516,4111.6297,4111.38824,4111.54238
2026-07-11 10:30:00+00:00,4111.44989,4111.63487,4111.38516,4111.49669
2026-07-11 10:45:00+00:00,4111.44648,4111.63577,4111.3923,4111.41983
2026-07-11 11:00:00+00:00,4111.44989,4111.63517,4111.38893,4111.53682
2026-07-11 11:15:00+00:00,4111.44989,4111.63467,4111.39197,4111.53811
2026-07-11 11:30:00+00:00,4111.44788,4111.62808,4111.38148,4111.49595
2026-07-11 11:45:00+00:00,4111.44313,4111.62482,4111.38182,4111.41793
2026-07-11 12:00:00+00:00,4111.44313,4111.62725,4111.38314,4111.54161
2026-07-11 12:15:00+00:00,4111.44313,4111.62546,4111.38208,4111.52611
2026-07-11 12:30:00+00:00,4111.44313,4111.62796,4111.38147,4111.51028
2026-07-11 12:45:00+00:00,4111.44313,4111.62809,4111.38618,4111.42663
2026-07-11 13:00:00+00:00,4111.44313,4111.62725,4111.38182,4111.43139
2026-07-11 13:15:00+00:00,4111.44313,4111.62686,4111.38313,4111.51566
2026-07-11 13:30:00+00:00,4111.44313,4111.62795,4111.38209,4111.52207
2026-07-11 13:45:00+00:00,4111.44313,4111.62274,4111.38147,4111.43865
2026-07-11 14:00:00+00:00,4111.44313,4111.62809,4111.38182,4111.42118
2026-07-11 14:15:00+00:00,4111.44313,4111.62726,4111.38367,4111.50229
2026-07-11 14:30:00+00:00,4111.44313,4111.62685,4111.38209,4111.53051
2026-07-11 14:45:00+00:00,4111.44313,4111.62795,4111.38538,4111.48951
2026-07-11 15:00:00+00:00,4111.44313,4111.62809,4111.38147,4111.41467
2026-07-11 15:15:00+00:00,4111.44313,4111.62479,4111.38181,4111.50638
2026-07-11 15:30:00+00:00,4111.44313,4111.62727,4111.38312,4111.53499
2026-07-11 15:45:00+00:00,4111.44313,4111.62684,4111.3821,4111.474
2026-07-11 16:00:00+00:00,4111.44313,4111.62795,4111.38537,4111.4123
2026-07-11 16:15:00+00:00,4111.44313,4111.62809,4111.38147,4111.52133
2026-07-11 16:30:00+00:00,4111.44313,4111.62477,4111.38181,4111.5352
2026-07-11 16:45:00+00:00,4111.44313,4111.62727,4111.38311,4111.48536
2026-07-11 17:00:00+00:00,4111.44313,4111.62549,4111.3821,4111.41425
2026-07-11 17:15:00+00:00,4111.44313,4111.62794,4111.38147,4111.53437
2026-07-11 17:30:00+00:00,4111.44313,4111.62809,4107.55154,4111.53113
2026-07-11 17:45:00+00:00,4111.44313,4111.62728,4111.38181,4111.50085
2026-07-11 18:00:00+00:00,4111.44313,4111.62683,4111.3831,4111.42036
2026-07-11 18:15:00+00:00,4111.44313,4111.62794,4111.38211,4111.43999
2026-07-11 18:30:00+00:00,4111.44313,4111.62279,4111.38147,4111.52307
2026-07-11 18:45:00+00:00,4111.44313,4111.62809,4111.3818,4111.51445
2026-07-11 19:00:00+00:00,4111.44313,4111.62728,4111.3837,4111.43023
2026-07-11 19:15:00+00:00,4111.44313,4111.62682,4111.38211,4111.42769
2026-07-11 19:30:00+00:00,4111.44313,4111.62794,4111.38534,4111.51158
2026-07-11 19:45:00+00:00,4111.44313,4111.62809,4111.38147,4111.52523
2026-07-11 20:00:00+00:00,4111.44313,4111.62474,4111.3818,4111.50021
2026-07-11 20:15:00+00:00,4111.44313,4111.62729,4111.38309,4111.41862
2026-07-11 20:30:00+00:00,4111.44313,4111.62552,4111.38211,4111.49745
2026-07-11 20:45:00+00:00,4111.44313,4111.62794,4111.38147,4111.53243
2026-07-11 21:00:00+00:00,4111.44313,4111.6281,4111.38627,4111.48436
2026-07-11 21:15:00+00:00,4111.44313,4111.62729,4111.3818,4111.41343
2026-07-11 21:30:00+00:00,4111.44313,4111.62681,4111.38308,4111.5114
2026-07-11 21:45:00+00:00,4111.44313,4111.62553,4111.38212,4111.53722
2026-07-11 22:00:00+00:00,4111.44482,4111.62961,4111.38317,4111.476
2026-07-11 22:15:00+00:00,4111.44482,4111.62979,4111.38803,4111.41415
2026-07-11 22:30:00+00:00,4111.44482,4111.62901,4111.38347,4111.52744
2026-07-11 22:45:00+00:00,4111.44482,4111.62846,4111.38473,4111.53605
2026-07-11 23:00:00+00:00,4111.44482,4111.62961,4111.38384,4111.49215
2026-07-11 23:15:00+00:00,4111.44482,4111.62459,4111.38317,4111.41746
2026-07-11 23:30:00+00:00,4111.44482,4111.62979,4111.38347,4111.53967
2026-07-11 23:45:00+00:00,4111.44482,4111.62902,4111.38547,4111.53066
2026-07-12 00:00:00+00:00,4111.44482,4111.62846,4111.38384,4111.50715
2026-07-12 00:15:00+00:00,4111.44482,4111.62961,4111.38693,4111.42483
2026-07-12 00:30:00+00:00,4111.44482,4111.6298,4111.38317,4111.43744
2026-07-12 00:45:00+00:00,4111.44482,4111.62634,4111.38346,4111.52142
2026-07-12 01:00:00+00:00,4111.44482,4111.62902,4111.38472,4111.51994
2026-07-12 01:15:00+00:00,4111.44482,4111.62729,4111.38385,4111.43577
2026-07-12 01:30:00+00:00,4111.44482,4111.6296,4111.38317,4111.42609
2026-07-12 01:45:00+00:00,4111.44482,4111.6298,4111.38807,4111.50899
2026-07-12 02:00:00+00:00,4111.44482,4111.62903,4111.38346,4111.52964
2026-07-12 02:15:00+00:00,4111.44482,4111.62844,4111.38471,4111.49682
2026-07-12 02:30:00+00:00,4111.44482,4111.6296,4111.38385,4111.41821
2026-07-12 02:45:00+00:00,4111.44482,4111.62463,4111.38317,4111.50252
2026-07-12 03:00:00+00:00,4111.44482,4111.6298,4111.38346,4111.53557
2026-07-12 03:15:00+00:00,4111.44482,4111.62903,4111.38549,4111.48107
2026-07-12 03:30:00+00:00,4111.44482,4111.62844,4111.3847,4111.41434
2026-07-12 03:45:00+00:00,4111.44482,4111.6296,4111.38386,4111.5179
2026-07-12 04:00:00+00:00,4111.44482,4111.62464,4111.38317,4111.53731
2026-07-12 04:15:00+00:00,4111.44482,4111.6298,4111.38345,4111.48133
2026-07-12 04:30:00+00:00,4111.44482,4111.62904,4111.3855,4111.41476
2026-07-12 04:45:00+00:00,4111.44482,4111.62843,4111.38386,4111.53173
2026-07-12 05:00:00+00:00,4111.44482,4111.6296,4111.38689,4111.53474
2026-07-12 05:15:00+00:00,4111.44482,4111.6298,4111.38317,4111.49723
2026-07-12 05:30:00+00:00,4111.44482,4111.6263,4111.38345,4111.41944
2026-07-12 05:45:00+00:00,4111.44482,4111.62904,4111.38469,4111.54303
2026-07-12 06:00:00+00:00,4111.44482,4111.62733,4111.38386,4111.52804
2026-07-12 06:15:00+00:00,4111.44482,4111.62959,4111.38317,4111.51161
2026-07-12 06:30:00+00:00,4111.44482,4111.6298,4111.38812,4111.42804
2026-07-12 06:45:00+00:00,4111.44482,4111.62905,4111.38345,4111.4334
2026-07-12 07:00:00+00:00,4111.44482,4111.62842,4111.38468,4111.51767
2026-07-12 07:15:00+00:00,4111.44482,4111.62959,4111.38387,4111.52349
2026-07-12 07:30:00+00:00,4111.44482,4111.62468,4111.38318,4111.43998
2026-07-12 07:45:00+00:00,4111.44482,4111.6298,4111.38344,4111.4231
2026-07-12 08:00:00+00:00,4111.44482,4111.62905,4111.38553,4111.50437
2026-07-12 08:15:00+00:00,4111.44482,4111.62841,4111.38387,4111.53202
2026-07-12 08:30:00+00:00,4111.44482,4111.62959,4111.38686,4111.49163
2026-07-12 08:45:00+00:00,4111.44482,4111.6298,4111.38318,4111.41648
2026-07-12 09:00:00+00:00,4111.44482,4111.62627,4111.38344,4111.50765
2026-07-12 09:15:00+00:00,4111.44482,4111.62906,4111.38467,4111.53661
2026-07-12 09:30:00+00:00,4111.44482,4111.6284,4111.38388,4111.47609
2026-07-12 09:45:00+00:00,4111.44482,4111.62958,4111.38684,4111.414
2026-07-12 10:00:00+00:00,4111.44482,4111.62981,4111.38318,4111.52264
2026-07-12 10:15:00+00:00,4111.44482,4111.62626,4111.38344,4111.53694
2026-07-12 10:30:00+00:00,4111.44482,4111.62906,4111.38466,4111.48662
2026-07-12 10:45:00+00:00,4111.44482,4111.62736,4111.38388,4111.41583
2026-07-12 11:00:00+00:00,4111.44482,4111.62958,4111.38318,4111.53574
2026-07-12 11:15:00+00:00,4111.44482,4111.62981,4111.38817,4111.53299
2026-07-12 11:30:00+00:00,4111.44482,4111.62907,4111.38344,4111.50214
2026-07-12 11:45:00+00:00,4111.44482,4111.62839,4111.38465,4111.42184
2026-07-12 12:00:00+00:00,4111.44482,4111.62958,4111.38389,4111.44205
2026-07-12 12:15:00+00:00,4111.44482,4111.62473,4111.38318,4111.52503
2026-07-12 12:30:00+00:00,4111.44482,4111.62981,4111.38343,4111.51581
2026-07-12 12:45:00+00:00,4111.44482,4111.62907,4111.38556,4111.43161
2026-07-12 13:00:00+00:00,4111.44482,4111.62838,4111.38389,4111.42967
2026-07-12 13:15:00+00:00,4111.44482,4111.62958,4111.38681,4111.51361
2026-07-12 13:30:00+00:00,4111.44482,4111.62981,4111.38318,4111.52668
2026-07-12 13:45:00+00:00,4111.44482,4111.62623,4111.38343,4111.44447
2026-07-12 14:00:00+00:00,4111.44482,4111.62908,4111.38464,4111.42051
2026-07-12 14:15:00+00:00,4111.44482,4111.62739,4111.3839,4111.49955
2026-07-12 14:30:00+00:00,4111.44482,4111.62957,4111.38318,4111.53397
2026-07-12 14:45:00+00:00,4111.44482,4111.62981,4111.38821,4111.48647
2026-07-12 15:00:00+00:00,4111.44482,4111.62908,4111.38343,4111.4152
2026-07-12 15:15:00+00:00,4111.44482,4111.62837,4111.38463,4111.51269
2026-07-12 15:30:00+00:00,4111.44482,4111.6274,4111.3839,4111.5372
2026-07-12 15:45:00+00:00,4111.44482,4111.62957,4111.38318,4111.47566
2026-07-12 16:00:00+00:00,4111.44482,4111.62981,4111.38822,4111.41412
2026-07-12 16:15:00+00:00,4111.44482,4111.62909,4111.38342,4111.52717
2026-07-12 16:30:00+00:00,4111.44482,4111.62836,4111.38463,4111.53611
2026-07-12 16:45:00+00:00,4111.44482,4111.62957,4111.38391,4111.49183
2026-07-12 17:00:00+00:00,4111.44482,4111.62478,4111.38318,4111.41735
2026-07-12 17:15:00+00:00,4111.44482,4111.62981,4111.38342,4111.53946
2026-07-12 17:30:00+00:00,4111.44482,4111.62909,4111.3856,4111.53081
2026-07-12 17:45:00+00:00,4111.44482,4111.62835,4111.38391,4111.50686
2026-07-12 18:00:00+00:00,4111.44482,4111.63628,4111.39169,4111.43281
2026-07-12 18:15:00+00:00,4111.45328,4111.63659,4111.38997,4111.44488
2026-07-12 18:30:00+00:00,4111.45179,4111.62628,4111.38004,4111.51481
2026-07-12 18:45:00+00:00,4111.43731,4111.62841,4111.38123,4111.51986
2026-07-12 19:00:00+00:00,4111.44531,4111.63431,4111.39078,4111.43865
2026-07-12 19:15:00+00:00,4111.44843,4111.63626,4111.38827,4111.43142
2026-07-12 19:30:00+00:00,4111.44935,4111.6315,4111.38832,4111.50935
2026-07-12 19:45:00+00:00,4111.44464,4111.64438,4111.3851,4111.54428
2026-07-12 20:00:00+00:00,4111.46033,4111.74068,4111.36101,4111.50001
2026-07-12 20:15:00+00:00,4111.44666,4111.6329,4111.39073,4111.42348
2026-07-12 20:30:00+00:00,4111.44958,4111.63182,4111.38997,4111.50651
2026-07-12 20:45:00+00:00,4111.4481,4111.63659,4111.38677,4111.53882
2026-07-12 21:00:00+00:00,4111.4482,4111.67304,4110.48997,4111.63194
2026-07-12 21:15:00+00:00,4111.53795,4111.713,4111.33495,4111.35494
2026-07-12 21:30:00+00:00,4111.39751,4111.62785,4111.16593,4111.52033
2026-07-12 21:45:00+00:00,4111.4465,4111.70108,4111.33495,4111.55762
2026-07-12 22:00:00+00:00,4111.46511,4112.96916,4082.63248,4082.99413
2026-07-12 22:15:00+00:00,4083.57387,4088.47459,4081.63265,4086.25126
2026-07-12 22:30:00+00:00,4085.80477,4086.80371,4078.96884,4079.10223
2026-07-12 22:45:00+00:00,4079.32715,4080.79984,4074.81358,4077.63716
2026-07-12 23:00:00+00:00,4077.70634,4080.56671,4068.8842,4070.80399
2026-07-12 23:15:00+00:00,4070.70153,4074.71882,4069.12502,4074.27613
2026-07-12 23:30:00+00:00,4073.68146,4078.80246,4072.20439,4077.08072
2026-07-12 23:45:00+00:00,4077.30822,4084.29995,4074.15516,4084.0945
2026-07-13 00:00:00+00:00,4083.76858,4091.41147,4082.02834,4086.52612
2026-07-13 00:15:00+00:00,4086.9048,4087.37021,4075.64395,4076.52759
2026-07-13 00:30:00+00:00,4076.40058,4076.40058,4065.53645,4072.43094
2026-07-13 00:45:00+00:00,4072.27196,4076.97326,4070.16973,4076.90982
2026-07-13 01:00:00+00:00,4077.14875,4080.63331,4066.64117,4079.04593
2026-07-13 01:15:00+00:00,4079.01098,4080.79984,4070.83249,4077.52509
2026-07-13 01:30:00+00:00,4077.41246,4088.64175,4077.41246,4084.0357
2026-07-13 01:45:00+00:00,4084.47124,4087.49757,4069.50718,4073.52891
2026-07-13 02:00:00+00:00,4072.64975,4074.48152,4071.16395,4072.44604
2026-07-13 02:15:00+00:00,4073.24372,4073.65162,4067.35541,4067.56225
2026-07-13 02:30:00+00:00,4067.73943,4077.63823,4066.82699,4072.12745
2026-07-13 02:45:00+00:00,4072.34721,4072.82941,4069.17599,4070.44738
2026-07-13 03:00:00+00:00,4070.31343,4070.31343,4053.01342,4056.41985
2026-07-13 03:15:00+00:00,4055.67552,4062.12488,4055.67552,4061.66378
2026-07-13 03:30:00+00:00,4061.05408,4062.72853,4056.51393,4058.15465
2026-07-13 03:45:00+00:00,4058.5881,4060.68751,4057.78283,4059.40809
2026-07-13 04:00:00+00:00,4059.80404,4060.73375,4053.77601,4056.50331
2026-07-13 04:15:00+00:00,4055.55621,4057.8775,4051.20726,4054.35952
2026-07-13 04:30:00+00:00,4054.70632,4057.45354,4053.34122,4054.6175
2026-07-13 04:45:00+00:00,4054.49336,4058.73562,4053.17769,4058.53438
2026-07-13 05:00:00+00:00,4058.19737,4070.99821,4054.61057,4070.24143
2026-07-13 05:15:00+00:00,4070.2459,4070.2459,4058.401,4062.42993
2026-07-13 05:30:00+00:00,4061.44766,4064.87541,4052.6849,4062.80809
2026-07-13 05:45:00+00:00,4062.97203,4065.13396,4054.2917,4054.61334
2026-07-13 06:00:00+00:00,4055.03267,4055.32427,4044.81657,4051.57793
2026-07-13 06:15:00+00:00,4051.14751,4059.68099,4050.59529,4057.68762
2026-07-13 06:30:00+00:00,4058.10482,4063.54609,4058.10482,4060.98304
2026-07-13 06:45:00+00:00,4060.56624,4062.30422,4052.84182,4052.84182
2026-07-13 07:00:00+00:00,4053.13903,4060.58391,4049.07479,4055.72472
2026-07-13 07:15:00+00:00,4056.27057,4059.45719,4054.42527,4056.64426
2026-07-13 07:30:00+00:00,4057.47457,4062.23342,4056.13694,4059.56946
2026-07-13 07:45:00+00:00,4060.77731,4064.20881,4056.30146,4063.94247
2026-07-13 08:00:00+00:00,4063.19893,4073.65162,4062.60464,4073.56208
2026-07-13 08:15:00+00:00,4073.34518,4080.83602,4073.04648,4075.13536
2026-07-13 08:30:00+00:00,4075.08568,4076.01948,4072.15865,4075.71572
2026-07-13 08:45:00+00:00,4075.25866,4078.01849,4072.28791,4074.80337
2026-07-13 09:00:00+00:00,4074.9291,4077.75682,4072.72176,4072.88885
2026-07-13 09:15:00+00:00,4073.14502,4075.81007,4071.47535,4073.29218
2026-07-13 09:30:00+00:00,4073.97852,4073.97852,4069.64808,4072.1658
2026-07-13 09:45:00+00:00,4071.35486,4073.81757,4068.63755,4069.97134
2026-07-13 10:00:00+00:00,4069.62028,4070.17555,4067.18998,4067.2626
2026-07-13 10:15:00+00:00,4067.36971,4069.01042,4065.04065,4065.25248
2026-07-13 10:30:00+00:00,4065.3514,4068.27022,4048.2552,4055.25746
2026-07-13 10:45:00+00:00,4054.70233,4061.3124,4048.11596,4061.07949
2026-07-13 11:00:00+00:00,4060.77497,4065.86705,4059.1005,4064.45265
2026-07-13 11:15:00+00:00,4064.646,4064.646,4058.27686,4063.45625
2026-07-13 11:30:00+00:00,4063.24368,4068.34825,4062.56348,4067.40191
2026-07-13 11:45:00+00:00,4066.4504,4066.4504,4054.9856,4056.76908
2026-07-13 12:00:00+00:00,4056.86059,4060.12775,4054.16363,4057.37142
2026-07-13 12:15:00+00:00,4056.70873,4063.55398,4055.97242,4060.82067
2026-07-13 12:30:00+00:00,4060.91082,4063.76435,4059.1005,4062.06278
2026-07-13 12:45:00+00:00,4062.39312,4067.98971,4062.39312,4066.08214
2026-07-13 13:00:00+00:00,4064.99213,4067.52481,4059.57029,4061.99531
2026-07-13 13:15:00+00:00,4061.42564,4064.71019,4058.46089,4064.48875
2026-07-13 13:30:00+00:00,4064.0486,4064.0486,4053.34198,4053.9569
2026-07-13 13:45:00+00:00,4054.73657,4060.45393,4044.43826,4048.44624
2026-07-13 14:00:00+00:00,4051.32598,4051.32598,4031.44527,4036.12604
2026-07-13 14:15:00+00:00,4036.50459,4043.82651,4004.48502,4015.74754
2026-07-13 14:30:00+00:00,4017.00136,4020.98454,4002.72185,4004.34782
2026-07-13 14:45:00+00:00,4003.69346,4012.90314,4003.69346,4012.56192
2026-07-13 15:00:00+00:00,4012.09584,4017.25253,4011.87515,4015.45135
2026-07-13 15:15:00+00:00,4015.89402,4019.13106,4011.79715,4016.78204
2026-07-13 15:30:00+00:00,4016.27752,4017.19359,4013.98973,4014.11464
2026-07-13 15:45:00+00:00,4014.2654,4014.66496,4010.21338,4012.94101
2026-07-13 16:00:00+00:00,4013.35386,4017.51637,4012.89692,4013.94456
2026-07-13 16:15:00+00:00,4014.59744,4014.59744,4003.79945,4004.73923
2026-07-13 16:30:00+00:00,4006.11745,4006.11745,3991.82248,3999.90492
2026-07-13 16:45:00+00:00,3999.47324,4002.71601,3986.60501,3992.42364
2026-07-13 17:00:00+00:00,3991.94425,3998.56052,3990.99362,3998.17948
2026-07-13 17:15:00+00:00,3998.02112,4001.59304,3996.5835,3998.83435
2026-07-13 17:30:00+00:00,3998.72632,4000.6401,3996.80256,3997.53357
2026-07-13 17:45:00+00:00,3997.67241,3998.72041,3992.97237,3993.40267
2026-07-13 18:00:00+00:00,3993.69229,3995.51743,3990.58223,3992.62156
2026-07-13 18:15:00+00:00,3991.72672,3996.64282,3986.92289,3995.69268
2026-07-13 18:30:00+00:00,3996.12123,4000.48006,3994.56739,3999.73979
2026-07-13 18:45:00+00:00,3999.76996,4005.28698,3999.04023,3999.3276
2026-07-13 19:00:00+00:00,3999.84188,4004.32467,3998.08092,3998.67088
2026-07-13 19:15:00+00:00,3998.76121,4000.16001,3997.52527,3999.09172
2026-07-13 19:30:00+00:00,3999.16833,4000.50288,3994.08875,3998.44831
2026-07-13 19:45:00+00:00,3997.40038,4002.01836,3996.04263,4001.92332
2026-07-13 20:00:00+00:00,4001.77161,4006.09555,3999.82623,3999.97186
2026-07-13 20:15:00+00:00,4000.14944,4000.14944,3997.54582,3999.82587
2026-07-13 20:30:00+00:00,3999.17957,4000.56374,3997.41501,3999.85665
2026-07-13 20:45:00+00:00,3999.48754,4002.08108,3997.92108,4001.23284
2026-07-13 21:00:00+00:00,4001.38582,4002.01058,4001.28041,4001.91261
2026-07-13 21:15:00+00:00,4001.84043,4002.02802,4001.58231,4001.83268
2026-07-13 21:30:00+00:00,4001.75341,4002.02887,4001.44052,4001.78708
2026-07-13 21:45:00+00:00,4001.82961,4002.08523,4001.60064,4001.81595
2026-07-13 22:00:00+00:00,4001.84405,4006.57078,4001.60064,4003.96335
2026-07-13 22:15:00+00:00,4003.64989,4005.76831,4003.64989,4004.52185
2026-07-13 22:30:00+00:00,4004.59638,4004.79512,4003.26637,4003.41041
2026-07-13 22:45:00+00:00,4003.7513,4005.29128,4001.76077,4001.9196
2026-07-13 23:00:00+00:00,4001.99019,4003.04231,4000.53632,4000.7022
2026-07-13 23:15:00+00:00,4000.9052,4000.9052,3997.26603,3998.16808
2026-07-13 23:30:00+00:00,3998.54868,3998.54868,3994.08875,3996.07299
2026-07-13 23:45:00+00:00,3996.27835,4000.81795,3993.13181,4000.59789
2026-07-14 00:00:00+00:00,4000.21282,4004.004,3988.51308,3991.73024
2026-07-14 00:15:00+00:00,3993.32002,3996.20397,3985.81051,3995.3577
2026-07-14 00:30:00+00:00,3993.22837,4006.24975,3993.22837,4001.88936
2026-07-14 00:45:00+00:00,4001.42349,4007.89225,3995.51583,4007.35985
2026-07-14 01:00:00+00:00,4006.51607,4006.51607,3993.13181,3997.42712
2026-07-14 01:15:00+00:00,3996.77933,4004.48502,3996.16368,3996.75749
2026-07-14 01:30:00+00:00,3997.20458,4004.92202,3994.24828,4001.82348
2026-07-14 01:45:00+00:00,4001.21114,4011.35956,3999.04023,4010.55104
2026-07-14 02:00:00+00:00,4008.70559,4015.68547,4005.78011,4015.23295
2026-07-14 02:15:00+00:00,4014.29654,4019.18853,4013.86567,4017.55866
2026-07-14 02:30:00+00:00,4017.05777,4018.32356,4011.07055,4011.3154
2026-07-14 02:45:00+00:00,4011.68782,4013.32424,4009.6231,4013.16784
2026-07-14 03:00:00+00:00,4012.76237,4016.87086,4011.92526,4013.73417
2026-07-14 03:15:00+00:00,4014.11948,4018.16209,4011.71421,4018.02541
2026-07-14 03:30:00+00:00,4017.74608,4018.80802,4014.15352,4015.42201
2026-07-14 03:45:00+00:00,4015.17292,4018.00064,4014.70055,4014.96345
2026-07-14 04:00:00+00:00,4015.61451,4018.00064,4012.92088,4015.20572
2026-07-14 04:15:00+00:00,4014.3311,4017.35497,4014.29088,4016.06503
2026-07-14 04:30:00+00:00,4016.2801,4024.15476,4016.22555,4021.1571
2026-07-14 04:45:00+00:00,4021.24662,4021.24662,4016.87086,4020.73075
2026-07-14 05:00:00+00:00,4020.37456,4023.49722,4020.1005,4022.94748
2026-07-14 05:15:00+00:00,4023.05425,4024.49545,4019.61572,4022.4335
2026-07-14 05:30:00+00:00,4022.42327,4032.88848,4019.6916,4032.45399
2026-07-14 05:45:00+00:00,4031.39697,4033.39652,4029.65828,4031.9021
2026-07-14 06:00:00+00:00,4031.76183,4032.78201,4028.84237,4031.9444
2026-07-14 06:15:00+00:00,4031.74322,4031.74322,4024.28088,4025.47756
2026-07-14 06:30:00+00:00,4025.47478,4026.08906,4022.52615,4023.05442
2026-07-14 06:45:00+00:00,4023.63551,4026.08906,4023.63551,4024.38814
2026-07-14 07:00:00+00:00,4024.21631,4029.1346,4021.39382,4025.73669
2026-07-14 07:15:00+00:00,4026.87478,4029.49591,4024.46877,4028.51567
2026-07-14 07:30:00+00:00,4028.43652,4029.00886,4023.33535,4023.49807
2026-07-14 07:45:00+00:00,4023.80666,4026.71015,4020.55488,4020.80157
2026-07-14 08:00:00+00:00,4021.2803,4022.06069,4015.58045,4017.60117
2026-07-14 08:15:00+00:00,4017.41128,4022.84979,4016.97925,4022.81206
2026-07-14 08:30:00+00:00,4022.63408,4023.84005,4018.71252,4019.76471
2026-07-14 08:45:00+00:00,4020.01821,4020.49792,4016.38686,4016.46269
2026-07-14 09:00:00+00:00,4016.59484,4024.90597,4014.93556,4020.46781
2026-07-14 09:15:00+00:00,4021.1047,4021.39382,4016.90855,4019.18783
2026-07-14 09:30:00+00:00,4018.88651,4018.88651,4013.96861,4017.61515
2026-07-14 09:45:00+00:00,4017.46904,4023.17348,4016.8615,4021.64272
2026-07-14 10:00:00+00:00,4021.43554,4021.55554,4016.87086,4017.11847
2026-07-14 10:15:00+00:00,4017.41595,4019.7773,4015.56242,4017.38696
2026-07-14 10:30:00+00:00,4016.71883,4019.61572,4014.93556,4018.535
2026-07-14 10:45:00+00:00,4018.82062,4022.41914,4017.78715,4022.03352
2026-07-14 11:00:00+00:00,4021.3342,4023.01163,4015.41921,4021.34255
2026-07-14 11:15:00+00:00,4020.69081,4027.54843,4020.39447,4025.13613
2026-07-14 11:30:00+00:00,4025.43311,4030.81898,4025.25073,4030.40531
2026-07-14 11:45:00+00:00,4029.7757,4031.68508,4026.08906,4031.45772
2026-07-14 12:00:00+00:00,4031.07946,4034.8612,4025.44079,4027.66397
2026-07-14 12:15:00+00:00,4027.61853,4030.39933,4024.26982,4030.17815
2026-07-14 12:30:00+00:00,4029.53922,4099.20066,4012.54715,4092.60422
2026-07-14 12:45:00+00:00,4092.0183,4094.11193,4070.3354,4070.41345
2026-07-14 13:00:00+00:00,4071.30265,4084.08211,4071.16395,4073.22238
2026-07-14 13:15:00+00:00,4073.89705,4085.63491,4073.31976,4085.47288
2026-07-14 13:30:00+00:00,4084.94073,4087.80607,4076.14234,4084.20245
2026-07-14 13:45:00+00:00,4084.2406,4087.16694,4074.31551,4077.5519
2026-07-14 14:00:00+00:00,4077.46163,4084.46677,4074.31551,4083.93849
2026-07-14 14:15:00+00:00,4082.94787,4083.79957,4071.66124,4075.85405
2026-07-14 14:30:00+00:00,4076.0301,4081.24488,4075.14569,4079.71147
2026-07-14 14:45:00+00:00,4079.66466,4086.80371,4078.6361,4086.44327
2026-07-14 15:00:00+00:00,4085.77284,4097.88226,4079.63446,4092.62606
2026-07-14 15:15:00+00:00,4092.54748,4092.54748,4083.6328,4084.48345
2026-07-14 15:30:00+00:00,4084.34306,4085.80184,4068.3246,4068.97449
2026-07-14 15:45:00+00:00,4069.90565,4075.21288,4065.7997,4068.05449
2026-07-14 16:00:00+00:00,4068.01457,4068.01457,4058.21606,4063.94889
2026-07-14 16:15:00+00:00,4063.68862,4064.94864,4058.45781,4060.29128
2026-07-14 16:30:00+00:00,4060.33483,4063.05867,4057.94749,4062.76761
2026-07-14 16:45:00+00:00,4062.18617,4063.11366,4058.44156,4061.23401
2026-07-14 17:00:00+00:00,4060.84973,4063.88426,4057.21296,4058.71234
2026-07-14 17:15:00+00:00,4058.22722,4063.05867,4055.47895,4063.03397
2026-07-14 17:30:00+00:00,4062.90305,4064.23825,4059.75966,4059.8895
2026-07-14 17:45:00+00:00,4060.07775,4063.56627,4058.44156,4062.66448
2026-07-14 18:00:00+00:00,4062.98907,4064.604,4060.08932,4060.92063
2026-07-14 18:15:00+00:00,4060.94419,4063.78954,4056.95971,4058.18278
2026-07-14 18:30:00+00:00,4058.24623,4059.01074,4044.45843,4045.099
2026-07-14 18:45:00+00:00,4046.41643,4054.26087,4043.17543,4053.67487
2026-07-14 19:00:00+00:00,4052.17086,4057.28892,4052.17086,4057.07093
2026-07-14 19:15:00+00:00,4056.69618,4057.19367,4051.69969,4051.86219
2026-07-14 19:30:00+00:00,4052.10966,4052.49334,4049.06978,4051.95674
2026-07-14 19:45:00+00:00,4051.26559,4057.28892,4051.26559,4055.73594
2026-07-14 20:00:00+00:00,4055.88311,4056.30146,4054.16363,4054.89403
2026-07-14 20:15:00+00:00,4054.86973,4054.86973,4052.45683,4053.06063
2026-07-14 20:30:00+00:00,4053.11698,4053.55453,4050.19623,4050.53289
2026-07-14 20:45:00+00:00,4051.19555,4053.07222,4049.13699,4052.83213
2026-07-14 21:00:00+00:00,4052.82,4054.07513,4052.6849,4053.98965
2026-07-14 21:15:00+00:00,4053.87927,4055.326,4053.87927,4055.23462
2026-07-14 21:30:00+00:00,4055.10413,4055.70317,4055.10413,4055.60421
2026-07-14 21:45:00+00:00,4055.54326,4055.80792,4055.35359,4055.58304
2026-07-14 22:00:00+00:00,4055.4879,4055.67726,4049.22568,4049.41953
2026-07-14 22:15:00+00:00,4049.97967,4052.02804,4049.73069,4050.85089
2026-07-14 22:30:00+00:00,4050.38178,4053.08756,4049.23874,4049.44109
2026-07-14 22:45:00+00:00,4049.55813,4051.12474,4048.91084,4049.28584
2026-07-14 23:00:00+00:00,4049.44647,4050.28025,4047.59977,4047.67321
2026-07-14 23:15:00+00:00,4047.7184,4052.52067,4046.81431,4050.9701
2026-07-14 23:30:00+00:00,4050.8919,4056.13694,4050.8919,4054.09953
2026-07-14 23:45:00+00:00,4054.49415,4055.15004,4052.52067,4052.87981
2026-07-15 00:00:00+00:00,4053.08282,4056.46601,4051.74397,4052.16154
2026-07-15 00:15:00+00:00,4052.60495,4057.84285,4051.37139,4057.53406
2026-07-15 00:30:00+00:00,4056.84665,4058.11217,4052.84915,4053.30767
2026-07-15 00:45:00+00:00,4053.77803,4060.25534,4053.77803,4059.95052
2026-07-15 01:00:00+00:00,4059.45165,4060.41904,4056.19187,4058.40725
2026-07-15 01:15:00+00:00,4058.14766,4058.14766,4053.34198,4056.22261
2026-07-15 01:30:00+00:00,4055.97266,4057.207,4037.1417,4037.40853
2026-07-15 01:45:00+00:00,4037.8072,4042.52739,4036.00113,4036.23531
2026-07-15 02:00:00+00:00,4036.44799,4042.16012,4035.19212,4036.06215
2026-07-15 02:15:00+00:00,4036.42867,4038.00686,4029.92298,4032.28969
2026-07-15 02:30:00+00:00,4032.42594,4041.5471,4032.42594,4041.25689
2026-07-15 02:45:00+00:00,4040.74088,4041.5471,4034.8612,4037.34129
2026-07-15 03:00:00+00:00,4038.96404,4040.78877,4034.46209,4034.92743
2026-07-15 03:15:00+00:00,4035.76549,4035.76549,4030.79528,4031.98526
2026-07-15 03:30:00+00:00,4031.65889,4035.9834,4028.52194,4029.8102
2026-07-15 03:45:00+00:00,4029.70303,4033.39652,4029.63721,4031.66482
2026-07-15 04:00:00+00:00,4031.80894,4033.23385,4030.19658,4032.74322
2026-07-15 04:15:00+00:00,4032.6876,4035.12281,4031.12025,4034.99392
2026-07-15 04:30:00+00:00,4034.7492,4035.75857,4029.47419,4029.62795
2026-07-15 04:45:00+00:00,4029.84259,4034.58112,4029.00886,4032.88851
2026-07-15 05:00:00+00:00,4032.61231,4036.35055,4026.25116,4027.79574
2026-07-15 05:15:00+00:00,4027.63904,4029.41914,4025.26728,4025.81671
2026-07-15 05:30:00+00:00,4026.03594,4036.99679,4023.37974,4032.24747
2026-07-15 05:45:00+00:00,4033.82674,4035.02401,4027.87288,4034.01094
2026-07-15 06:00:00+00:00,4033.9136,4034.18573,4027.87288,4028.44808
2026-07-15 06:15:00+00:00,4028.58353,4029.39135,4022.07251,4026.30508
2026-07-15 06:30:00+00:00,4026.64634,4032.06886,4023.33535,4029.85583
2026-07-15 06:45:00+00:00,4030.76528,4033.55921,4029.21542,4032.16442
2026-07-15 07:00:00+00:00,4031.77916,4034.37286,4029.23406,4029.46771
2026-07-15 07:15:00+00:00,4029.86799,4029.86799,4020.5854,4023.75994
2026-07-15 07:30:00+00:00,4023.11404,4026.41327,4019.9389,4021.77803
2026-07-15 07:45:00+00:00,4021.5201,4027.58581,4020.78303,4024.07981
2026-07-15 08:00:00+00:00,4024.25418,4025.95806,4018.61221,4019.47254
2026-07-15 08:15:00+00:00,4021.4781,4026.33161,4016.65246,4025.84163
2026-07-15 08:30:00+00:00,4025.22563,4028.9193,4024.63074,4028.10697
2026-07-15 08:45:00+00:00,4027.52651,4033.22234,4027.52651,4032.94625
2026-07-15 09:00:00+00:00,4032.41248,4034.3469,4029.98307,4030.07786
2026-07-15 09:15:00+00:00,4030.21239,4032.58327,4028.0601,4028.13988
2026-07-15 09:30:00+00:00,4028.25702,4028.68423,4025.92697,4027.64922
2026-07-15 09:45:00+00:00,4027.47024,4029.4164,4026.31618,4028.88853
2026-07-15 10:00:00+00:00,4028.18848,4033.88356,4028.18848,4033.15547
2026-07-15 10:15:00+00:00,4032.10406,4035.67537,4026.90942,4027.22107
2026-07-15 10:30:00+00:00,4027.7484,4034.59738,4027.7484,4030.39383
2026-07-15 10:45:00+00:00,4030.67941,4033.48934,4027.06186,4027.77252
2026-07-15 11:00:00+00:00,4027.81049,4032.84884,4026.82708,4031.54273
2026-07-15 11:15:00+00:00,4032.16366,4032.16366,4028.19738,4030.47605
2026-07-15 11:30:00+00:00,4030.10421,4039.58796,4029.41637,4039.40604
2026-07-15 11:45:00+00:00,4038.93863,4040.92238,4034.02008,4038.20054
2026-07-15 12:00:00+00:00,4036.48028,4042.36397,4036.48028,4036.71724
2026-07-15 12:15:00+00:00,4036.87521,4040.79629,4036.82757,4039.13829
2026-07-15 12:30:00+00:00,4038.67105,4065.04065,4038.67105,4061.79282
2026-07-15 12:45:00+00:00,4061.20705,4070.50108,4061.08452,4069.78762
2026-07-15 13:00:00+00:00,4068.58416,4077.62508,4062.94462,4063.2765
2026-07-15 13:15:00+00:00,4063.93176,4065.86705,4054.328,4056.43083
2026-07-15 13:30:00+00:00,4055.99542,4062.23342,4053.36087,4061.63521
2026-07-15 13:45:00+00:00,4061.67732,4065.2059,4055.60445,4064.8337
2026-07-15 14:00:00+00:00,4064.08095,4065.42054,4060.56604,4065.33046
2026-07-15 14:15:00+00:00,4065.14739,4065.93068,4055.78374,4058.18367
2026-07-15 14:30:00+00:00,4057.8272,4063.05867,4057.8272,4058.45515
2026-07-15 14:45:00+00:00,4059.02761,4061.07862,4054.12354,4060.07434
2026-07-15 15:00:00+00:00,4059.93504,4061.57345,4046.61507,4047.68335
2026-07-15 15:15:00+00:00,4049.97179,4049.97179,4039.111,4048.12681
2026-07-15 15:30:00+00:00,4047.34377,4049.8947,4045.30744,4049.45971
2026-07-15 15:45:00+00:00,4049.47147,4050.38681,4046.94456,4047.11899
2026-07-15 16:00:00+00:00,4047.33909,4048.60189,4038.17117,4038.24039
2026-07-15 16:15:00+00:00,4038.33489,4040.2408,4033.23385,4033.59821
2026-07-15 16:30:00+00:00,4034.46144,4036.32694,4027.86277,4028.30519
2026-07-15 16:45:00+00:00,4028.95008,4037.95679,4025.78664,4032.79937
2026-07-15 17:00:00+00:00,4031.56814,4039.09847,4031.56814,4037.9531
2026-07-15 17:15:00+00:00,4037.69156,4044.18177,4033.5114,4042.36378
2026-07-15 17:30:00+00:00,4037.88176,4062.54399,4037.88176,4062.00012
2026-07-15 17:45:00+00:00,4060.65079,4065.86705,4060.65079,4063.7926
2026-07-15 18:00:00+00:00,4063.252,4069.16879,4062.56348,4066.198
2026-07-15 18:15:00+00:00,4066.48638,4072.70447,4066.48638,4072.10423
2026-07-15 18:30:00+00:00,4071.68668,4080.34808,4068.41632,4068.62093
2026-07-15 18:45:00+00:00,4068.9961,4069.15252,4058.91325,4059.15012
2026-07-15 19:00:00+00:00,4059.54381,4063.05867,4057.31644,4059.98287
2026-07-15 19:15:00+00:00,4060.34551,4060.71256,4053.99927,4057.64783
2026-07-15 19:30:00+00:00,4057.21842,4057.45354,4048.27017,4052.51707
2026-07-15 19:45:00+00:00,4052.45175,4055.74344,4050.56073,4055.08475
2026-07-15 20:00:00+00:00,4053.63008,4058.60627,4053.63008,4057.60738
2026-07-15 20:15:00+00:00,4057.41746,4062.39844,4056.91195,4060.97614
2026-07-15 20:30:00+00:00,4061.1429,4062.94879,4060.41904,4061.07572
2026-07-15 20:45:00+00:00,4061.30344,4062.56348,4060.08932,4060.42611
2026-07-15 21:00:00+00:00,4060.34917,4061.07862,4060.3279,4060.82868
2026-07-15 21:15:00+00:00,4060.77054,4061.02105,4060.71281,4060.76391
2026-07-15 21:30:00+00:00,4060.82473,4062.39844,4058.60627,4058.8644
2026-07-15 21:45:00+00:00,4058.81095,4058.98295,4058.44156,4058.52417
2026-07-15 22:00:00+00:00,4058.57552,4068.67931,4058.07259,4063.7689
2026-07-15 22:15:00+00:00,4063.83161,4063.88426,4061.80317,4062.00061
2026-07-15 22:30:00+00:00,4062.03544,4062.06841,4059.36982,4059.49402
2026-07-15 22:45:00+00:00,4059.84052,4061.25236,4058.771,4061.13239
2026-07-15 23:00:00+00:00,4060.87389,4062.41556,4059.42442,4060.31089
2026-07-15 23:15:00+00:00,4060.22779,4060.67626,4057.12431,4057.93579
2026-07-15 23:30:00+00:00,4058.47241,4059.39038,4055.75279,4058.14591
2026-07-15 23:45:00+00:00,4057.80248,4060.08932,4056.79513,4059.23147
2026-07-16 00:00:00+00:00,4059.03319,4059.32753,4055.15004,4056.40382
2026-07-16 00:15:00+00:00,4055.95916,4060.60477,4055.80792,4058.52881
2026-07-16 00:30:00+00:00,4058.4709,4060.91371,4055.24929,4055.69807
2026-07-16 00:45:00+00:00,4056.37779,4060.27361,4047.11839,4048.12745
2026-07-16 01:00:00+00:00,4049.6637,4049.6637,4040.87975,4042.99332
2026-07-16 01:15:00+00:00,4043.78683,4046.51917,4034.8612,4035.13043
2026-07-16 01:30:00+00:00,4035.89464,4045.30744,4035.89464,4042.21743
2026-07-16 01:45:00+00:00,4042.80276,4043.67165,4038.11985,4038.90313
2026-07-16 02:00:00+00:00,4039.11554,4040.11648,4032.09548,4032.33829
2026-07-16 02:15:00+00:00,4032.67913,4034.53801,4029.33355,4033.82367
2026-07-16 02:30:00+00:00,4032.91255,4036.45042,4025.44079,4027.13562
2026-07-16 02:45:00+00:00,4026.13357,4032.25806,4025.44079,4032.19872
2026-07-16 03:00:00+00:00,4032.00068,4032.58327,4030.13385,4031.48853
2026-07-16 03:15:00+00:00,4031.25641,4033.88463,4027.40832,4033.80905
2026-07-16 03:30:00+00:00,4033.59422,4036.01248,4032.7459,4035.88262
2026-07-16 03:45:00+00:00,4035.70614,4036.65811,4034.37286,4036.05901
2026-07-16 04:00:00+00:00,4036.14774,4036.69003,4032.7459,4036.30375
2026-07-16 04:15:00+00:00,4035.2718,4037.3047,4032.90853,4032.99387
2026-07-16 04:30:00+00:00,4033.13375,4036.2457,4031.93291,4033.22398
2026-07-16 04:45:00+00:00,4033.57155,4035.51251,4032.90853,4033.83753
2026-07-16 05:00:00+00:00,4034.01986,4035.09719,4029.82067,4030.25035
2026-07-16 05:15:00+00:00,4030.14043,4032.90853,4027.33266,4027.64777
2026-07-16 05:30:00+00:00,4028.20674,4031.4009,4027.06186,4029.04925
2026-07-16 05:45:00+00:00,4029.45097,4032.25806,4026.25116,4027.38673
2026-07-16 06:00:00+00:00,4027.73167,4036.00113,4027.73167,4032.08073
2026-07-16 06:15:00+00:00,4032.27083,4032.58327,4028.60834,4031.72448
2026-07-16 06:30:00+00:00,4031.61003,4032.09973,4023.08457,4026.36033
2026-07-16 06:45:00+00:00,4026.2326,4031.28275,4025.92697,4031.20165
2026-07-16 07:00:00+00:00,4031.17128,4031.17128,4027.05526,4027.27103
2026-07-16 07:15:00+00:00,4027.57888,4027.57888,4024.14487,4026.03157
2026-07-16 07:30:00+00:00,4025.85317,4028.68423,4023.17348,4026.80321
2026-07-16 07:45:00+00:00,4026.84665,4031.12025,4026.72738,4030.88973
2026-07-16 08:00:00+00:00,4030.60194,4033.72192,4026.41327,4028.53827
2026-07-16 08:15:00+00:00,4028.13695,4033.23385,4026.01674,4032.39009
2026-07-16 08:30:00+00:00,4032.288,4035.02401,4031.72512,4033.45573
2026-07-16 08:45:00+00:00,4033.09907,4036.00113,4033.09907,4035.25028
2026-07-16 09:00:00+00:00,4035.05478,4037.17937,4035.05478,4037.05716
2026-07-16 09:15:00+00:00,4036.68089,4037.6351,4031.60781,4033.39765
2026-07-16 09:30:00+00:00,4033.1586,4034.8612,4030.59449,4034.51266
2026-07-16 09:45:00+00:00,4033.82255,4036.21782,4032.04833,4032.68642
2026-07-16 10:00:00+00:00,4032.86643,4032.86643,4029.82067,4032.34498
2026-07-16 10:15:00+00:00,4032.11652,4034.43188,4031.24558,4031.77101
2026-07-16 10:30:00+00:00,4032.20138,4034.74129,4031.76154,4033.38694
2026-07-16 10:45:00+00:00,4033.41932,4033.41932,4029.42856,4030.01941
2026-07-16 11:00:00+00:00,4030.93807,4030.93807,4027.57242,4027.98729
2026-07-16 11:15:00+00:00,4028.69807,4028.69807,4022.1713,4027.30152
2026-07-16 11:30:00+00:00,4026.80692,4034.80032,4022.67335,4034.20207
2026-07-16 11:45:00+00:00,4032.74296,4043.0788,4028.84654,4037.74715
2026-07-16 12:00:00+00:00,4038.22918,4045.84468,4027.60852,4028.23797
2026-07-16 12:15:00+00:00,4029.26888,4031.77035,4014.93556,4024.36148
2026-07-16 12:30:00+00:00,4022.90573,4030.42463,4003.81744,4005.07522
2026-07-16 12:45:00+00:00,4007.98987,4007.98987,3991.85661,3992.13856
2026-07-16 13:00:00+00:00,3992.71319,3996.04724,3975.98505,3992.22876
2026-07-16 13:15:00+00:00,3991.19032,4004.58309,3991.19032,4004.11614
2026-07-16 13:30:00+00:00,4003.18541,4007.90802,3983.42894,3986.83182
2026-07-16 13:45:00+00:00,3986.47935,3996.36333,3986.17943,3989.70765
2026-07-16 14:00:00+00:00,3989.70092,3997.38176,3987.19792,3989.24656
2026-07-16 14:15:00+00:00,3989.33839,3999.63013,3988.99039,3999.40251
2026-07-16 14:30:00+00:00,3998.75258,4004.96616,3995.07477,4003.26525
2026-07-16 14:45:00+00:00,4002.90896,4005.44741,3993.92107,3998.3223
2026-07-16 15:00:00+00:00,3997.81226,3998.12323,3991.591,3991.89261
2026-07-16 15:15:00+00:00,3992.23967,4016.70951,3991.06003,4013.07915
2026-07-16 15:30:00+00:00,4013.80803,4016.21837,4008.43154,4013.40968
2026-07-16 15:45:00+00:00,4013.14523,4013.14523,4006.08926,4006.72557
2026-07-16 16:00:00+00:00,4006.63051,4007.3671,3991.53794,3991.88934
2026-07-16 16:15:00+00:00,3992.4266,3992.90955,3984.06375,3985.99994
2026-07-16 16:30:00+00:00,3986.27937,3992.11795,3985.49281,3991.21273
2026-07-16 16:45:00+00:00,3990.76691,3996.48309,3989.4678,3993.54817
2026-07-16 17:00:00+00:00,3994.28818,3994.28818,3985.81051,3986.53102
2026-07-16 17:15:00+00:00,3986.31135,3988.67217,3984.06375,3987.38943
2026-07-16 17:30:00+00:00,3986.81636,3989.53735,3980.5748,3980.76268
2026-07-16 17:45:00+00:00,3981.04502,3987.83733,3981.04502,3984.20953
2026-07-16 18:00:00+00:00,3984.26907,3988.99039,3983.74632,3986.94755
2026-07-16 18:15:00+00:00,3987.28437,3990.58223,3983.74632,3987.04853
2026-07-16 18:30:00+00:00,3986.94825,3986.94825,3977.09195,3983.13032
2026-07-16 18:45:00+00:00,3982.64209,3984.69876,3979.7827,3979.9166
2026-07-16 19:00:00+00:00,3980.11146,3985.65165,3979.46596,3979.48309
2026-07-16 19:15:00+00:00,3979.54488,3983.58762,3978.35773,3979.67385
2026-07-16 19:30:00+00:00,3979.51568,3980.54837,3968.99714,3976.90673
2026-07-16 19:45:00+00:00,3976.81758,3982.61853,3973.6152,3979.44878
2026-07-16 20:00:00+00:00,3978.95475,3980.86471,3974.48443,3975.87142
2026-07-16 20:15:00+00:00,3976.1753,3976.1753,3972.19464,3974.63908
2026-07-16 20:30:00+00:00,3974.75462,3976.44658,3973.92412,3975.89269
2026-07-16 20:45:00+00:00,3975.61358,3976.93378,3974.40483,3976.78276
2026-07-16 21:00:00+00:00,3976.51091,3976.85049,3973.7731,3974.0743
2026-07-16 21:15:00+00:00,3974.04102,3974.19868,3973.7731,3974.05579
2026-07-16 21:30:00+00:00,3973.95436,3974.15009,3972.51023,3972.69933
2026-07-16 21:45:00+00:00,3972.76291,3976.14314,3971.39551,3975.95003
2026-07-16 22:00:00+00:00,3975.56084,3980.31738,3975.03677,3976.68441
2026-07-16 22:15:00+00:00,3976.78018,3977.09195,3975.03677,3975.41957
2026-07-16 22:30:00+00:00,3975.29254,3976.99,3974.83727,3975.13236
2026-07-16 22:45:00+00:00,3975.7221,3978.26932,3973.14156,3977.783
2026-07-16 23:00:00+00:00,3976.97903,3980.04226,3976.77563,3979.8885
2026-07-16 23:15:00+00:00,3979.55743,3980.95972,3977.93081,3979.35488
2026-07-16 23:30:00+00:00,3979.8265,3982.06364,3975.37755,3981.93463
2026-07-16 23:45:00+00:00,3981.69169,3985.49731,3975.58245,3984.94251
2026-07-17 00:00:00+00:00,3983.80174,3987.68409,3983.80174,3987.03055
2026-07-17 00:15:00+00:00,3985.89384,3990.90075,3983.11161,3986.22303
2026-07-17 00:30:00+00:00,3986.05785,3986.05785,3980.89172,3981.95046
2026-07-17 00:45:00+00:00,3981.80902,3990.94636,3980.00159,3990.47174
2026-07-17 01:00:00+00:00,3989.78174,3993.92923,3987.8415,3992.42704
2026-07-17 01:15:00+00:00,3992.13703,3996.004,3988.67217,3991.05415
2026-07-17 01:30:00+00:00,3990.30395,3995.84432,3989.11246,3994.0443
2026-07-17 01:45:00+00:00,3993.25272,3993.25765,3979.7827,3982.42126
2026-07-17 02:00:00+00:00,3982.1521,3986.76394,3979.7827,3980.90508
2026-07-17 02:15:00+00:00,3980.90158,3983.85539,3980.38767,3980.82465
2026-07-17 02:30:00+00:00,3981.56948,3983.69933,3971.5636,3975.62108
2026-07-17 02:45:00+00:00,3975.01063,3979.9411,3972.58509,3979.56604
2026-07-17 03:00:00+00:00,3979.26428,3991.21932,3976.97442,3988.78611
2026-07-17 03:15:00+00:00,3989.06854,4008.6587,3989.06854,4000.16004
2026-07-17 03:30:00+00:00,4000.45267,4000.96023,3996.48309,3996.66859
2026-07-17 03:45:00+00:00,3996.67864,3998.24077,3991.06003,3991.80371
2026-07-17 04:00:00+00:00,3991.70714,3992.40304,3988.03589,3988.08834
2026-07-17 04:15:00+00:00,3988.31572,3990.35487,3985.81842,3986.48498
2026-07-17 04:30:00+00:00,3986.43244,3988.67431,3980.0995,3981.18078
2026-07-17 04:45:00+00:00,3981.11892,3983.74632,3980.73325,3981.91131
2026-07-17 05:00:00+00:00,3981.82187,3982.4771,3977.43892,3980.36396
2026-07-17 05:15:00+00:00,3980.17649,3981.54397,3976.30124,3981.2324
2026-07-17 05:30:00+00:00,3980.94541,3989.4678,3980.34742,3987.47444
2026-07-17 05:45:00+00:00,3987.87692,3990.90075,3982.44167,3986.57915
2026-07-17 06:00:00+00:00,3987.68063,3999.56793,3984.85754,3999.43896
2026-07-17 06:15:00+00:00,3999.01664,4004.48502,3998.88031,4000.87977
2026-07-17 06:30:00+00:00,4001.55283,4006.73131,3996.64282,3998.31336
2026-07-17 06:45:00+00:00,3998.51134,4001.6168,3996.004,4001.29116
2026-07-17 07:00:00+00:00,4000.6526,4002.08108,3994.08875,3995.25653
2026-07-17 07:15:00+00:00,3995.09707,3999.3601,3994.40783,3996.7574
2026-07-17 07:30:00+00:00,3997.46681,3998.24077,3993.73984,3994.14193
2026-07-17 07:45:00+00:00,3994.41177,3997.76125,3993.13181,3993.19323
2026-07-17 08:00:00+00:00,3993.28201,3998.88031,3991.69727,3992.4807
2026-07-17 08:15:00+00:00,3992.62014,3995.04614,3989.94534,3990.42249
2026-07-17 08:30:00+00:00,3990.99374,3993.3674,3987.88105,3991.85143
2026-07-17 08:45:00+00:00,3990.97557,3998.71687,3990.97557,3997.44105
2026-07-17 09:00:00+00:00,3997.8025,3997.8025,3993.45074,3997.14662
2026-07-17 09:15:00+00:00,3996.62117,4002.40144,3995.60045,3999.45926
2026-07-17 09:30:00+00:00,3999.97804,3999.97804,3995.57868,3996.70031
2026-07-17 09:45:00+00:00,3997.6987,3998.72041,3994.58148,3997.38353
2026-07-17 10:00:00+00:00,3997.25647,3998.08092,3995.04614,3997.78418
2026-07-17 10:15:00+00:00,3997.38528,3998.40064,3993.16516,3996.70729
2026-07-17 10:30:00+00:00,3996.38684,3997.50465,3994.88655,3996.2324
2026-07-17 10:45:00+00:00,3995.92853,3997.42056,3991.37862,3991.48421
2026-07-17 11:00:00+00:00,3991.65198,3994.52605,3991.16536,3992.82636
2026-07-17 11:15:00+00:00,3992.53163,3996.51575,3991.06003,3995.52423
2026-07-17 11:30:00+00:00,3995.21843,3995.93993,3991.85661,3992.13813
2026-07-17 11:45:00+00:00,3992.61814,3998.07815,3991.85661,3994.50153
2026-07-17 12:00:00+00:00,3995.10833,3995.36538,3988.99039,3991.19149
2026-07-17 12:15:00+00:00,3991.9701,3992.36834,3984.09566,3984.47178
2026-07-17 12:30:00+00:00,3984.70382,3988.30218,3965.10706,3966.42049
2026-07-17 12:45:00+00:00,3968.91308,3974.40102,3965.10706,3966.45036
2026-07-17 13:00:00+00:00,3967.59091,3974.57487,3961.80817,3969.74991
2026-07-17 13:15:00+00:00,3967.43474,3976.24668,3967.43474,3970.26402
2026-07-17 13:30:00+00:00,3970.46914,3998.88031,3962.22777,3984.48536
2026-07-17 13:45:00+00:00,3985.26629,3995.43869,3983.42698,3994.79235
2026-07-17 14:00:00+00:00,3993.48929,4001.08302,3990.10468,3998.8529
2026-07-17 14:15:00+00:00,3998.4352,4003.04231,3994.88655,4002.60799
2026-07-17 14:30:00+00:00,4002.80388,4002.80388,3992.17534,3995.74834
2026-07-17 14:45:00+00:00,3996.18609,4001.12172,3993.92923,4000.16303
2026-07-17 15:00:00+00:00,3999.82818,4014.29088,3995.69345,4005.24994
2026-07-17 15:15:00+00:00,4005.96572,4011.8899,4002.63215,4011.4998
2026-07-17 15:30:00+00:00,4010.60426,4017.39858,4007.54764,4014.71751
2026-07-17 15:45:00+00:00,4013.96732,4021.07041,4013.96732,4017.91484
2026-07-17 16:00:00+00:00,4018.05391,4019.9389,4012.94772,4019.64813
2026-07-17 16:15:00+00:00,4019.37927,4022.84979,4017.67778,4020.50375
2026-07-17 16:30:00+00:00,4019.99336,4019.99336,4013.6464,4016.79748
2026-07-17 16:45:00+00:00,4015.90959,4020.68659,4015.06289,4015.41378
2026-07-17 17:00:00+00:00,4015.87362,4018.48503,4013.6464,4013.90776
2026-07-17 17:15:00+00:00,4014.34227,4015.43293,4012.32347,4015.08725
2026-07-17 17:30:00+00:00,4015.0446,4015.0446,4010.26628,4010.49768
2026-07-17 17:45:00+00:00,4010.59319,4012.92322,4008.58367,4009.85791
2026-07-17 18:00:00+00:00,4009.33493,4013.17769,4008.6587,4010.27182
2026-07-17 18:15:00+00:00,4010.55018,4014.05922,4008.61577,4013.56069
2026-07-17 18:30:00+00:00,4012.28847,4016.54818,4007.94764,4008.13918
2026-07-17 18:45:00+00:00,4008.42984,4012.03611,4007.36342,4011.89199
2026-07-17 19:00:00+00:00,4011.57426,4012.55763,4005.28698,4005.2997
2026-07-17 19:15:00+00:00,4005.34666,4006.7433,4002.87485,4005.22217
2026-07-17 19:30:00+00:00,4005.08809,4009.83594,4005.08809,4009.47229
2026-07-17 19:45:00+00:00,4008.96992,4016.38686,4008.96992,4015.59571
2026-07-17 20:00:00+00:00,4015.95076,4015.95076,4012.35806,4013.06869
2026-07-17 20:15:00+00:00,4012.83831,4012.89769,4008.93607,4010.29749
2026-07-17 20:30:00+00:00,4010.10197,4011.72118,4008.72489,4011.72118
2026-07-17 20:45:00+00:00,4011.65981,4017.83921,4010.15673,4016.97584
2026-07-17 21:00:00+00:00,4016.96818,4018.00997,4010.49423,4010.62079
2026-07-17 21:15:00+00:00,4010.55775,4015.58045,4010.42711,4010.58353
2026-07-17 21:30:00+00:00,4010.60007,4010.73599,4010.40238,4010.54453
2026-07-17 21:45:00+00:00,4010.55396,4010.73097,4010.4933,4010.61839
2026-07-17 22:00:00+00:00,4010.54613,4010.73569,4010.47727,4010.63121
2026-07-17 22:15:00+00:00,4010.55627,4010.72745,4010.49418,4010.53831
2026-07-17 22:30:00+00:00,4010.54511,4010.72983,4010.4893,4010.52899
2026-07-17 22:45:00+00:00,4010.54854,4010.73262,4010.49077,4010.60762
2026-07-17 23:00:00+00:00,4010.54726,4010.72797,4010.48553,4010.63376
2026-07-17 23:15:00+00:00,4010.55022,4010.73086,4010.49518,4010.60053
2026-07-17 23:30:00+00:00,4010.5512,4010.7337,4010.49422,4010.52544
2026-07-17 23:45:00+00:00,4010.55165,4010.72717,4010.48444,4010.60756
2026-07-18 00:00:00+00:00,4010.54429,4010.72133,4010.48532,4010.63863
2026-07-18 00:15:00+00:00,4010.5503,4010.72815,4010.49357,4010.58358
2026-07-18 00:30:00+00:00,4010.54943,4010.7325,4010.49187,4010.5258
2026-07-18 00:45:00+00:00,4010.55578,4010.73465,4010.49052,4010.62535
2026-07-18 01:00:00+00:00,4010.54775,4010.72373,4010.49091,4010.63936
2026-07-18 01:15:00+00:00,4010.55031,4010.72938,4010.48748,4010.58744
2026-07-18 01:30:00+00:00,4010.5476,4010.73131,4010.49042,4010.52867
2026-07-18 01:45:00+00:00,4010.55613,4010.72922,4010.48937,4010.63884
2026-07-18 02:00:00+00:00,4010.54953,4010.73625,4010.50247,4010.64405
2026-07-18 02:15:00+00:00,4010.5589,4010.72785,4010.48925,4010.6018
2026-07-18 02:30:00+00:00,4010.54736,4010.72793,4010.48373,4010.52619
2026-07-18 02:45:00+00:00,4010.54849,4010.72327,4010.49029,4010.53738
2026-07-18 03:00:00+00:00,4010.54198,4010.72092,4010.48932,4010.6336
2026-07-18 03:15:00+00:00,4010.55444,4010.73964,4010.49569,4010.63097
2026-07-18 03:30:00+00:00,4010.56383,4010.73591,4010.49733,4010.54143
2026-07-18 03:45:00+00:00,4010.55555,4010.73246,4010.49362,4010.5393
2026-07-18 04:00:00+00:00,4010.55303,4010.72768,4010.49052,4010.61912
2026-07-18 04:15:00+00:00,4010.55218,4010.72661,4010.4813,4010.62531
2026-07-18 04:30:00+00:00,4010.54744,4010.71907,4010.48607,4010.60722
2026-07-18 04:45:00+00:00,4010.54935,4010.73256,4010.49166,4010.52823
2026-07-18 05:00:00+00:00,4010.55152,4010.72982,4010.49523,4010.60951
2026-07-18 05:15:00+00:00,4010.55417,4010.73407,4010.49097,4010.63726
2026-07-18 05:30:00+00:00,4010.55096,4010.73465,4010.49456,4010.59686
2026-07-18 05:45:00+00:00,4010.55417,4010.72535,4010.48929,4010.52078
2026-07-18 06:00:00+00:00,4010.54841,4010.72462,4010.48417,4010.61122
2026-07-18 06:15:00+00:00,4010.54779,4010.73298,4010.49208,4010.64088
2026-07-18 06:30:00+00:00,4010.55032,4010.73081,4010.48292,4010.58006
2026-07-18 06:45:00+00:00,4010.53649,4010.72821,4010.49788,4010.51769
2026-07-18 07:00:00+00:00,4010.54871,4010.7286,4010.48765,4010.62579
2026-07-18 07:15:00+00:00,4010.55239,4010.72475,4010.48047,4010.63554
2026-07-18 07:30:00+00:00,4010.54518,4010.7309,4010.48864,4010.59814
2026-07-18 07:45:00+00:00,4010.55432,4010.73086,4010.491,4010.51712
2026-07-18 08:00:00+00:00,4010.54575,4010.72982,4010.48929,4010.63718
2026-07-18 08:15:00+00:00,4010.549,4010.7294,4010.48271,4010.63085
2026-07-18 08:30:00+00:00,4010.54526,4010.73299,4010.48887,4010.61139
2026-07-18 08:45:00+00:00,4010.55272,4010.73559,4010.49977,4010.53483
2026-07-18 09:00:00+00:00,4010.55606,4010.73413,4010.49508,4010.54364
2026-07-18 09:15:00+00:00,4010.54877,4010.72547,4010.48444,4010.61411
2026-07-18 09:30:00+00:00,4010.53686,4010.73096,4010.48999,4010.62402
2026-07-18 09:45:00+00:00,4010.55212,4010.73634,4010.49859,4010.54657
2026-07-18 10:00:00+00:00,4010.55739,4010.73719,4010.49746,4010.54074
2026-07-18 10:15:00+00:00,4010.55739,4010.73625,4010.49391,4010.61221
2026-07-18 10:30:00+00:00,4010.54737,4010.72612,4010.48104,4010.62813
2026-07-18 10:45:00+00:00,4010.54752,4010.72448,4010.49178,4010.54646
2026-07-18 11:00:00+00:00,4010.54657,4010.72969,4010.49205,4010.52559
2026-07-18 11:15:00+00:00,4010.54888,4010.72743,4010.47973,4010.59832
2026-07-18 11:30:00+00:00,4010.53756,4010.71052,4010.47006,4010.61832
2026-07-18 11:45:00+00:00,4010.53005,4010.70995,4010.47258,4010.56635
2026-07-18 12:00:00+00:00,4010.53005,4010.70883,4010.4711,4010.50043
2026-07-18 12:15:00+00:00,4010.53005,4010.71014,4010.47081,4010.60041
2026-07-18 12:30:00+00:00,4010.53005,4010.70602,4010.46996,4010.62028
2026-07-18 12:45:00+00:00,4010.53005,4010.71052,4010.47006,4010.56465
2026-07-18 13:00:00+00:00,4010.53005,4010.70995,4010.47259,4010.50057
2026-07-18 13:15:00+00:00,4010.53005,4010.70883,4010.47081,4010.61403
2026-07-18 13:30:00+00:00,4010.53005,4010.71014,4010.47306,4010.61804
2026-07-18 13:45:00+00:00,4010.53005,4010.71052,4010.46997,4010.58021
2026-07-18 14:00:00+00:00,4010.53005,4010.70657,4010.47006,4010.50488
2026-07-18 14:15:00+00:00,4010.53005,4010.70996,4010.47109,4010.62524
2026-07-18 14:30:00+00:00,4010.53005,4010.70846,4010.47082,4010.61175
2026-07-18 14:45:00+00:00,4010.53005,4010.71014,4010.46997,4010.59437
2026-07-18 15:00:00+00:00,4010.53005,4010.71052,4010.47532,4010.51305
2026-07-18 15:15:00+00:00,4010.53005,4010.70996,4010.47006,4010.51964
2026-07-18 15:30:00+00:00,4010.53005,4010.70881,4010.47108,4010.60184
2026-07-18 15:45:00+00:00,4010.53005,4010.71013,4010.47082,4010.60614
2026-07-18 16:00:00+00:00,4010.53005,4010.70605,4010.46997,4010.52451
2026-07-18 16:15:00+00:00,4010.53005,4010.71052,4010.47005,4010.5094
2026-07-18 16:30:00+00:00,4010.53005,4010.70997,4010.47262,4010.58903
2026-07-18 16:45:00+00:00,4010.53005,4010.7088,4010.47083,4010.61469
2026-07-18 17:00:00+00:00,4010.53005,4010.71013,4010.47303,4010.57669
2026-07-18 17:15:00+00:00,4010.53005,4010.71052,4010.46997,4010.5027
2026-07-18 17:30:00+00:00,4010.53005,4010.70654,4010.47005,4010.59037
2026-07-18 17:45:00+00:00,4010.53005,4010.70997,4010.47107,4010.61942
2026-07-18 18:00:00+00:00,4010.53005,4010.7088,4010.47084,4010.56148
2026-07-18 18:15:00+00:00,4010.53005,4010.71013,4010.47302,4010.50001
2026-07-18 18:30:00+00:00,4010.53005,4010.71052,4010.46997,4010.60507
2026-07-18 18:45:00+00:00,4010.53005,4010.70653,4010.47005,4010.62001
2026-07-18 19:00:00+00:00,4010.53005,4010.70997,4010.47106,4010.56982
2026-07-18 19:15:00+00:00,4010.53005,4010.70849,4010.47084,4010.50153
2026-07-18 19:30:00+00:00,4010.53005,4010.71012,4010.46997,4010.618
2026-07-18 19:45:00+00:00,4010.53005,4010.71052,4010.47537,4010.61641
2026-07-18 20:00:00+00:00,4010.53005,4010.70998,4010.47005,4010.58504
2026-07-18 20:15:00+00:00,4010.53005,4010.70878,4010.47106,4010.50714
2026-07-18 20:30:00+00:00,4010.53005,4010.71012,4010.47085,4010.52819
2026-07-18 20:45:00+00:00,4010.53005,4010.7061,4010.46998,4010.60888
2026-07-18 21:00:00+00:00,4010.53005,4010.71052,4010.47004,4010.59852
2026-07-18 21:15:00+00:00,4010.53005,4010.70998,4010.47266,4010.51646
2026-07-18 21:30:00+00:00,4010.53005,4010.70877,4010.47085,4010.51595
2026-07-18 21:45:00+00:00,4010.53005,4010.71012,4010.47299,4010.60467
2026-07-18 22:00:00+00:00,4010.53648,4010.71696,4010.47644,4010.61553
2026-07-18 22:15:00+00:00,4010.53648,4010.71273,4010.47644,4010.53494
2026-07-18 22:30:00+00:00,4010.53648,4010.71649,4010.47737,4010.5134
2026-07-18 22:45:00+00:00,4010.53648,4010.71509,4010.47739,4010.59114
2026-07-18 23:00:00+00:00,4010.53648,4010.71648,4010.47644,4010.62297
2026-07-18 23:15:00+00:00,4010.53648,4010.71696,4010.48202,4010.57845
2026-07-18 23:30:00+00:00,4010.53648,4010.7165,4010.47644,4010.50788
2026-07-18 23:45:00+00:00,4010.53648,4010.71506,4010.47737,4010.60137
2026-07-19 00:00:00+00:00,4010.53648,4010.7151,4010.4774,4010.62648
2026-07-19 00:15:00+00:00,4010.53648,4010.71648,4010.47645,4010.56517
2026-07-19 00:30:00+00:00,4010.53648,4010.71696,4010.48201,4010.50646
2026-07-19 00:45:00+00:00,4010.53648,4010.7165,4010.47644,4010.61564
2026-07-19 01:00:00+00:00,4010.53648,4010.71505,4010.47736,4010.62579
2026-07-19 01:15:00+00:00,4010.53648,4010.71647,4010.4774,4010.58098
2026-07-19 01:30:00+00:00,4010.53648,4010.71279,4010.47645,4010.50924
2026-07-19 01:45:00+00:00,4010.53648,4010.71696,4010.47643,4010.62785
2026-07-19 02:00:00+00:00,4010.53648,4010.7165,4010.4793,4010.62097
2026-07-19 02:15:00+00:00,4010.53648,4010.71511,4010.47736,4010.59578
2026-07-19 02:30:00+00:00,4010.53648,4010.71647,4010.47921,4010.51603
2026-07-19 02:45:00+00:00,4010.53648,4010.71696,4010.47645,4010.53065
2026-07-19 03:00:00+00:00,4010.53648,4010.71268,4010.47643,4010.61234
2026-07-19 03:15:00+00:00,4010.53648,4010.71651,4010.47735,4010.60854
2026-07-19 03:30:00+00:00,4010.53648,4010.71512,4010.47741,4010.52635
2026-07-19 03:45:00+00:00,4010.53648,4010.71646,4010.47645,4010.51925
2026-07-19 04:00:00+00:00,4010.53648,4010.71696,4010.48197,4010.60051
2026-07-19 04:15:00+00:00,4010.53648,4010.71651,4010.47643,4010.61837
2026-07-19 04:30:00+00:00,4010.53648,4010.71503,4010.47735,4010.58888
2026-07-19 04:45:00+00:00,4010.53648,4010.71646,4010.47742,4010.51117
2026-07-19 05:00:00+00:00,4010.53648,4010.71282,4010.47645,4010.5911
2026-07-19 05:15:00+00:00,4010.53648,4010.71696,4010.47643,4010.62457
2026-07-19 05:30:00+00:00,4010.53648,4010.71651,4010.47933,4010.57346
2026-07-19 05:45:00+00:00,4010.53648,4010.71514,4010.47734,4010.50695
2026-07-19 06:00:00+00:00,4010.53648,4010.71646,4010.47743,4010.6062
2026-07-19 06:15:00+00:00,4010.53648,4010.71283,4010.47646,4010.62672
2026-07-19 06:30:00+00:00,4010.53648,4010.71696,4010.47643,4010.57037
2026-07-19 06:45:00+00:00,4010.53648,4010.71652,4010.47934,4010.50691
2026-07-19 07:00:00+00:00,4010.53648,4010.71514,4010.47733,4010.6199
2026-07-19 07:15:00+00:00,4010.53648,4010.71645,4010.47917,4010.62466
2026-07-19 07:30:00+00:00,4010.53648,4010.71696,4010.47646,4010.58597
2026-07-19 07:45:00+00:00,4010.53648,4010.71264,4010.47642,4010.51103
2026-07-19 08:00:00+00:00,4010.53648,4010.71652,4010.47733,4010.63124
2026-07-19 08:15:00+00:00,4010.53648,4010.71515,4010.47744,4010.61854
2026-07-19 08:30:00+00:00,4010.53648,4010.71645,4010.47646,4010.60022
2026-07-19 08:45:00+00:00,4010.53648,4010.71696,4010.48192,4010.51904
2026-07-19 09:00:00+00:00,4010.53648,4010.71653,4010.47642,4010.52661
2026-07-19 09:15:00+00:00,4010.53648,4010.715,4010.47732,4010.60879
2026-07-19 09:30:00+00:00,4010.53648,4010.71644,4010.47744,4010.61211
2026-07-19 09:45:00+00:00,4010.53648,4010.71286,4010.47646,4010.53037
2026-07-19 10:00:00+00:00,4010.53648,4010.71696,4010.47642,4010.51622
2026-07-19 10:15:00+00:00,4010.53648,4010.71653,4010.47936,4010.59608
2026-07-19 10:30:00+00:00,4010.53648,4010.71517,4010.47732,4010.62082
2026-07-19 10:45:00+00:00,4010.53648,4010.71644,4010.47915,4010.58381
2026-07-19 11:00:00+00:00,4010.53648,4010.71696,4010.47647,4010.50935
2026-07-19 11:15:00+00:00,4010.53648,4010.7126,4010.47642,4010.59612
2026-07-19 11:30:00+00:00,4010.53648,4010.71653,4010.47731,4010.62573
2026-07-19 11:45:00+00:00,4010.53648,4010.71517,4010.47746,4010.56857
2026-07-19 12:00:00+00:00,4010.53648,4010.71644,4010.47914,4010.50647
2026-07-19 12:15:00+00:00,4010.53648,4010.71696,4010.47647,4010.61087
2026-07-19 12:30:00+00:00,4010.53648,4010.71259,4010.47642,4010.62651
2026-07-19 12:45:00+00:00,4010.53648,4010.71654,4010.47731,4010.57555
2026-07-19 13:00:00+00:00,4010.53648,4010.71518,4010.47746,4010.5078
2026-07-19 13:15:00+00:00,4010.53648,4010.71643,4010.47647,4010.6239
2026-07-19 13:30:00+00:00,4010.53648,4010.71696,4010.48187,4010.62309
2026-07-19 13:45:00+00:00,4010.53648,4010.71654,4010.47642,4010.59083
2026-07-19 14:00:00+00:00,4010.53648,4010.71497,4010.4773,4010.51324
2026-07-19 14:15:00+00:00,4010.53648,4010.71643,4010.47747,4010.53523
2026-07-19 14:30:00+00:00,4010.53648,4010.71291,4010.47647,4010.61573
2026-07-19 14:45:00+00:00,4010.53648,4010.71696,4010.47641,4010.6044
2026-07-19 15:00:00+00:00,4010.53648,4010.71654,4010.4794,4010.52241
2026-07-19 15:15:00+00:00,4010.53648,4010.7152,4010.4773,4010.52287
2026-07-19 15:30:00+00:00,4010.53648,4010.71642,4010.47911,4010.60493
2026-07-19 15:45:00+00:00,4010.53648,4010.71696,4010.47647,4010.61534
2026-07-19 16:00:00+00:00,4010.53648,4010.71256,4010.47641,4010.53466
2026-07-19 16:15:00+00:00,4010.53648,4010.71655,4010.47729,4010.51356
2026-07-19 16:30:00+00:00,4010.53648,4010.7152,4010.47748,4010.59144
2026-07-19 16:45:00+00:00,4010.53648,4010.71642,4010.47648,4010.62286
2026-07-19 17:00:00+00:00,4010.53648,4010.71696,4010.48183,4010.57877
2026-07-19 17:15:00+00:00,4010.53648,4010.71655,4010.47641,4010.50795
2026-07-19 17:30:00+00:00,4010.53648,4010.71494,4010.47728,4010.60107
2026-07-19 17:45:00+00:00,4010.53648,4010.71521,4010.47749,4010.62645
2026-07-19 18:00:00+00:00,4010.53648,4010.73116,4010.48765,4010.58304
2026-07-19 18:15:00+00:00,4010.54613,4010.73302,4010.49412,4010.52251
2026-07-19 18:30:00+00:00,4010.5516,4010.73274,4010.49114,4010.62929
2026-07-19 18:45:00+00:00,4010.54783,4010.72437,4010.48677,4010.63883
2026-07-19 19:00:00+00:00,4010.54967,4010.73152,4010.48582,4010.58792
2026-07-19 19:15:00+00:00,4010.54424,4010.73416,4010.49433,4010.52813
2026-07-19 19:30:00+00:00,4010.55547,4010.73461,4010.47796,4010.53362
2026-07-19 19:45:00+00:00,4010.53555,4010.72311,4010.49249,4010.63417
2026-07-19 20:00:00+00:00,4010.55023,4010.7324,4010.48672,4010.60286
2026-07-19 20:15:00+00:00,4010.54407,4010.77281,4010.26628,4010.64515
2026-07-19 20:30:00+00:00,4010.4703,4010.74881,4009.94466,4010.45955
2026-07-19 20:45:00+00:00,4010.52693,4010.71852,4010.42422,4010.6058
2026-07-19 21:00:00+00:00,4010.53029,4010.71973,4009.94466,4010.6046
2026-07-19 21:15:00+00:00,4010.53128,4010.72826,4010.42711,4010.55582
2026-07-19 21:30:00+00:00,4010.49505,4010.71233,4010.24059,4010.6212
2026-07-19 21:45:00+00:00,4010.50305,4010.71691,4010.40016,4010.59064
2026-07-19 22:00:00+00:00,4010.52683,4010.52683,3995.27856,3997.83415
2026-07-19 22:15:00+00:00,3997.47941,3999.83175,3995.34046,3996.29039
2026-07-19 22:30:00+00:00,3996.0005,3999.44661,3994.40783,3997.41583
2026-07-19 22:45:00+00:00,3997.64248,3998.24077,3995.5231,3995.76207
2026-07-19 23:00:00+00:00,3996.08879,3996.56673,3991.23524,3991.52918
2026-07-19 23:15:00+00:00,3992.12359,3994.08875,3989.30042,3992.19016
2026-07-19 23:30:00+00:00,3992.63248,3995.07945,3990.26376,3992.49133
2026-07-19 23:45:00+00:00,3991.92195,3996.52333,3989.78615,3995.1783
2026-07-20 00:00:00+00:00,3995.08525,3998.3855,3983.42894,3996.72209
2026-07-20 00:15:00+00:00,3994.82047,4005.28698,3994.82047,4004.66912
2026-07-20 00:30:00+00:00,4004.08733,4004.80577,3999.04023,4001.28964
2026-07-20 00:45:00+00:00,4003.02398,4004.91542,3998.72041,4001.4705
2026-07-20 01:00:00+00:00,4001.50626,4018.43901,4001.50626,4011.07567
2026-07-20 01:15:00+00:00,4012.51221,4012.51221,4000.48006,4000.92253
2026-07-20 01:30:00+00:00,4001.40971,4006.06203,3996.96231,3997.33538
2026-07-20 01:45:00+00:00,3997.9604,4004.48502,3997.12207,4002.26511
2026-07-20 02:00:00+00:00,4001.68247,4009.46233,4001.68247,4005.85353
2026-07-20 02:15:00+00:00,4005.96966,4009.38395,4004.16433,4008.46493
2026-07-20 02:30:00+00:00,4008.07265,4015.39593,4006.73131,4015.26586
2026-07-20 02:45:00+00:00,4014.92555,4026.89969,4014.92555,4023.20138
2026-07-20 03:00:00+00:00,4023.04895,4024.10137,4018.80802,4023.41215
2026-07-20 03:15:00+00:00,4022.85654,4026.25116,4022.24877,4022.90699
2026-07-20 03:30:00+00:00,4022.90771,4027.87288,4019.13106,4027.68324
2026-07-20 03:45:00+00:00,4027.29981,4027.56781,4023.12538,4023.15936
2026-07-20 04:00:00+00:00,4023.24791,4026.08906,4021.71727,4021.94401
2026-07-20 04:15:00+00:00,4022.34369,4024.95067,4021.71727,4024.72633
2026-07-20 04:30:00+00:00,4024.39463,4025.63283,4021.76426,4023.03489
2026-07-20 04:45:00+00:00,4023.11877,4024.32082,4018.64652,4019.04179
2026-07-20 05:00:00+00:00,4019.31178,4021.07041,4012.03611,4012.23876
2026-07-20 05:15:00+00:00,4012.75242,4014.9147,4011.04631,4011.8234
2026-07-20 05:30:00+00:00,4012.53874,4013.48531,4008.33734,4010.29594
2026-07-20 05:45:00+00:00,4010.61929,4010.88506,4005.66791,4009.18332
2026-07-20 06:00:00+00:00,4009.28804,4011.87989,4007.74879,4008.05585
2026-07-20 06:15:00+00:00,4008.56939,4009.32551,4004.96616,4005.07205
2026-07-20 06:30:00+00:00,4005.20513,4006.60285,4002.52786,4004.37709
2026-07-20 06:45:00+00:00,4004.74216,4008.15034,4003.68339,4003.8707
2026-07-20 07:00:00+00:00,4004.16387,4006.57078,4001.80978,4003.89968
2026-07-20 07:15:00+00:00,4003.98969,4008.33734,4003.20256,4004.17986
2026-07-20 07:30:00+00:00,4004.31761,4019.94194,4003.7351,4019.76527
2026-07-20 07:45:00+00:00,4019.47827,4021.39382,4015.06502,4017.46306
2026-07-20 08:00:00+00:00,4017.61484,4025.9682,4017.19359,4023.05294
2026-07-20 08:15:00+00:00,4021.38721,4030.83017,4021.38721,4023.09824
2026-07-20 08:30:00+00:00,4024.09969,4024.95472,4019.3324,4022.19877
2026-07-20 08:45:00+00:00,4022.75643,4022.75643,4017.38922,4019.41516
2026-07-20 09:00:00+00:00,4019.4626,4021.39382,4015.41921,4021.17563
2026-07-20 09:15:00+00:00,4020.73527,4022.8769,4016.22555,4016.48534
2026-07-20 09:30:00+00:00,4016.94664,4020.90873,4015.09676,4020.7225
2026-07-20 09:45:00+00:00,4020.48985,4022.84979,4017.83214,4020.32787
2026-07-20 10:00:00+00:00,4019.96827,4022.53664,4018.32356,4021.10624
2026-07-20 10:15:00+00:00,4020.98044,4023.17348,4019.13106,4022.92132
2026-07-20 10:30:00+00:00,4022.88903,4024.1408,4021.55554,4022.50183
2026-07-20 10:45:00+00:00,4022.41512,4025.7649,4020.20508,4024.01898
2026-07-20 11:00:00+00:00,4023.87905,4027.02218,4020.42375,4021.39309
2026-07-20 11:15:00+00:00,4021.07114,4023.98294,4020.5854,4023.07899
2026-07-20 11:30:00+00:00,4022.58231,4039.42479,4021.55868,4030.11494
2026-07-20 11:45:00+00:00,4030.44282,4031.77035,4026.21895,4026.61614
2026-07-20 12:00:00+00:00,4027.11735,4027.11735,4012.25273,4012.67588
2026-07-20 12:15:00+00:00,4013.45684,4014.32551,4007.64802,4011.871
2026-07-20 12:30:00+00:00,4011.631,4014.44523,4006.73131,4007.05614
2026-07-20 12:45:00+00:00,4007.70065,4015.00123,4007.69477,4010.37329
2026-07-20 13:00:00+00:00,4009.82157,4013.16318,4006.95335,4010.49781
2026-07-20 13:15:00+00:00,4010.33555,4012.19708,4007.8554,4009.90705
2026-07-20 13:30:00+00:00,4010.20674,4016.54818,4007.13059,4014.22041
2026-07-20 13:45:00+00:00,4014.42414,4014.87851,4007.56169,4007.89942
2026-07-20 14:00:00+00:00,4008.44979,4008.44979,3999.20016,4000.9564
2026-07-20 14:15:00+00:00,4000.83363,4005.76831,3998.72041,4005.31393
2026-07-20 14:30:00+00:00,4005.23085,4010.10547,4005.06277,4008.57837
2026-07-20 14:45:00+00:00,4008.91664,4012.84109,4006.33949,4006.84781
2026-07-20 15:00:00+00:00,4006.6758,4019.13106,4005.15545,4014.01829
2026-07-20 15:15:00+00:00,4013.7763,4016.02539,4011.59951,4015.93836
2026-07-20 15:30:00+00:00,4015.81702,4016.26955,4010.90967,4011.62229
2026-07-20 15:45:00+00:00,4011.08437,4015.8302,4011.08437,4013.22536
2026-07-20 16:00:00+00:00,4013.27952,4018.48503,4011.51374,4013.94461
2026-07-20 16:15:00+00:00,4015.16628,4015.16628,4011.71421,4012.26035
2026-07-20 16:30:00+00:00,4012.30729,4012.77847,4005.52854,4009.32654
2026-07-20 16:45:00+00:00,4008.83735,4010.23887,4007.69477,4010.01187
2026-07-20 17:00:00+00:00,4009.75295,4012.71084,4008.48866,4010.60373
2026-07-20 17:15:00+00:00,4010.9055,4013.32424,4009.46233,4011.66397
2026-07-20 17:30:00+00:00,4011.8419,4012.84109,4008.90499,4009.19722
2026-07-20 17:45:00+00:00,4009.56635,4009.99649,4003.84369,4004.77693
2026-07-20 18:00:00+00:00,4004.65207,4011.06046,4002.12251,4009.43956
2026-07-20 18:15:00+00:00,4009.24918,4013.79985,4004.32467,4006.91231
2026-07-20 18:30:00+00:00,4006.21494,4007.53416,4004.48502,4006.84386
2026-07-20 18:45:00+00:00,4006.47653,4008.49802,4005.92877,4006.64812
2026-07-20 19:00:00+00:00,4006.87549,4007.99787,4004.59496,4004.77646
2026-07-20 19:15:00+00:00,4004.9938,4011.14476,4004.20282,4008.31924
2026-07-20 19:30:00+00:00,4007.33207,4016.54818,4005.70795,4007.94421
2026-07-20 19:45:00+00:00,4010.33772,4010.33772,4005.28698,4006.72388
2026-07-20 20:00:00+00:00,4006.98049,4009.14084,4005.76831,4007.40373
2026-07-20 20:15:00+00:00,4007.01036,4009.14084,4007.01036,4008.95107
2026-07-20 20:30:00+00:00,4008.82766,4009.53296,4008.33734,4008.85745
2026-07-20 20:45:00+00:00,4008.91531,4008.91531,4007.53416,4008.3034
2026-07-20 21:00:00+00:00,4008.18295,4008.44682,4007.69477,4008.25066
2026-07-20 21:15:00+00:00,4008.16243,4008.45312,4008.1542,4008.33055
2026-07-20 21:30:00+00:00,4008.23256,4008.66688,4006.41026,4006.61735
2026-07-20 21:45:00+00:00,4006.99121,4006.99121,4005.92877,4006.48828
2026-07-20 22:00:00+00:00,4006.43273,4011.39235,4004.82907,4006.27699
2026-07-20 22:15:00+00:00,4006.49739,4010.27887,4005.44741,4009.50318
2026-07-20 22:30:00+00:00,4009.15026,4009.94466,4003.04231,4004.5566
2026-07-20 22:45:00+00:00,4004.19667,4005.12656,3999.73871,4001.40174
2026-07-20 23:00:00+00:00,4001.19571,4009.6231,3999.8857,4003.3494
2026-07-20 23:15:00+00:00,4003.2427,4007.53416,4002.00266,4004.35607
2026-07-20 23:30:00+00:00,4004.3255,4008.01603,4002.73449,4007.52851
2026-07-20 23:45:00+00:00,4007.03506,4009.37359,4005.44741,4009.17417
2026-07-21 00:00:00+00:00,4008.90482,4011.83054,4004.28643,4011.08401
2026-07-21 00:15:00+00:00,4009.93315,4017.67778,4008.50784,4017.32126
2026-07-21 00:30:00+00:00,4017.12603,4024.30681,4014.61319,4021.98911
2026-07-21 00:45:00+00:00,4022.17087,4027.70487,4021.7734,4024.52544
2026-07-21 01:00:00+00:00,4024.39212,4029.49324,4018.96954,4028.5774
2026-07-21 01:15:00+00:00,4027.57668,4034.8612,4027.38623,4029.6043
2026-07-21 01:30:00+00:00,4029.77016,4030.47164,4023.65912,4025.87028
2026-07-21 01:45:00+00:00,4025.71761,4028.54337,4022.36435,4022.48982
2026-07-21 02:00:00+00:00,4022.75592,4026.73754,4022.48355,4024.26155
2026-07-21 02:15:00+00:00,4024.9859,4029.09691,4022.04078,4028.42757
2026-07-21 02:30:00+00:00,4026.77256,4040.73056,4026.77256,4037.02367
2026-07-21 02:45:00+00:00,4037.6671,4038.11985,4031.44527,4037.92339
2026-07-21 03:00:00+00:00,4037.40336,4041.5471,4036.58506,4039.05066
2026-07-21 03:15:00+00:00,4039.60274,4049.8947,4037.3047,4045.269
2026-07-21 03:30:00+00:00,4045.8026,4049.07479,4042.20057,4042.32846
2026-07-21 03:45:00+00:00,4042.54997,4046.9384,4042.20057,4046.78657
2026-07-21 04:00:00+00:00,4046.56069,4051.20726,4045.4711,4046.54961
2026-07-21 04:15:00+00:00,4046.34406,4047.32877,4043.05334,4044.6386
2026-07-21 04:30:00+00:00,4044.42444,4047.92746,4044.22349,4047.66921
2026-07-21 04:45:00+00:00,4047.13045,4048.96502,4045.79844,4048.90574
2026-07-21 05:00:00+00:00,4048.8062,4051.41507,4047.0168,4051.02985
2026-07-21 05:15:00+00:00,4050.36063,4056.46601,4048.17481,4053.98184
2026-07-21 05:30:00+00:00,4054.12855,4066.1977,4051.75574,4066.04311
2026-07-21 05:45:00+00:00,4065.66994,4067.85177,4061.90341,4062.03827
2026-07-21 06:00:00+00:00,4062.25592,4071.40634,4061.73842,4071.20575
2026-07-21 06:15:00+00:00,4070.93204,4073.81757,4069.17599,4072.2973
2026-07-21 06:30:00+00:00,4072.19525,4081.46606,4071.82766,4077.1604
2026-07-21 06:45:00+00:00,4077.69689,4085.13447,4077.5401,4078.94312
2026-07-21 07:00:00+00:00,4079.22185,4079.80479,4072.15865,4072.24257
2026-07-21 07:15:00+00:00,4072.4587,4072.84586,4068.84485,4069.98826
2026-07-21 07:30:00+00:00,4069.71162,4074.81358,4067.23059,4072.29956
2026-07-21 07:45:00+00:00,4072.84984,4072.84984,4070.16973,4070.80117
2026-07-21 08:00:00+00:00,4070.41815,4073.03463,4066.1977,4068.04023
2026-07-21 08:15:00+00:00,4067.37507,4068.51377,4063.38887,4064.27582
2026-07-21 08:30:00+00:00,4064.02977,4065.08932,4061.57345,4062.74149
2026-07-21 08:45:00+00:00,4062.8457,4063.38887,4058.48986,4061.8255
2026-07-21 09:00:00+00:00,4062.31221,4067.02456,4062.31221,4065.35737
2026-07-21 09:15:00+00:00,4065.37637,4068.3923,4063.89508,4064.16185
2026-07-21 09:30:00+00:00,4064.57855,4064.71019,4061.4085,4061.45143
2026-07-21 09:45:00+00:00,4061.61861,4069.83843,4061.61861,4067.36391
2026-07-21 10:00:00+00:00,4067.63022,4069.55442,4061.90341,4066.85759
2026-07-21 10:15:00+00:00,4066.87618,4069.17599,4065.98895,4067.4112
2026-07-21 10:30:00+00:00,4067.97421,4070.00407,4066.85916,4067.74542
2026-07-21 10:45:00+00:00,4067.79413,4067.85438,4062.72853,4062.91701
2026-07-21 11:00:00+00:00,4063.24147,4063.24147,4055.57243,4058.73564
2026-07-21 11:15:00+00:00,4058.62001,4060.08932,4056.46601,4059.92336
2026-07-21 11:30:00+00:00,4059.50625,4060.91371,4055.80792,4056.03445
2026-07-21 11:45:00+00:00,4056.14598,4058.82504,4054.128,4055.62957
2026-07-21 12:00:00+00:00,4055.80974,4061.07862,4055.80792,4059.29948
2026-07-21 12:15:00+00:00,4059.00739,4064.71019,4054.85259,4061.21441
2026-07-21 12:30:00+00:00,4061.38206,4063.22376,4053.23598,4053.78781
2026-07-21 12:45:00+00:00,4054.80927,4061.73842,4052.52067,4054.76949
2026-07-21 13:00:00+00:00,4054.63366,4059.92449,4054.37854,4057.67532
2026-07-21 13:15:00+00:00,4057.59559,4061.07862,4051.14158,4051.53674
2026-07-21 13:30:00+00:00,4052.35223,4056.95971,4046.69801,4047.47981
2026-07-21 13:45:00+00:00,4048.80039,4052.58234,4044.48998,4052.03711
2026-07-21 14:00:00+00:00,4051.18074,4064.71019,4051.18074,4064.47429
2026-07-21 14:15:00+00:00,4063.84662,4067.66749,4062.23342,4067.41729
2026-07-21 14:30:00+00:00,4066.97305,4072.65619,4063.22376,4066.29867
2026-07-21 14:45:00+00:00,4065.51895,4070.00407,4065.51895,4069.97768
2026-07-21 15:00:00+00:00,4069.78841,4072.65619,4066.3353,4072.26133
2026-07-21 15:15:00+00:00,4072.00695,4077.80451,4071.75031,4077.27552
2026-07-21 15:30:00+00:00,4077.17194,4082.84483,4076.97326,4077.4929
2026-07-21 15:45:00+00:00,4077.95049,4078.37832,4073.9943,4074.79723
2026-07-21 16:00:00+00:00,4075.04681,4078.80246,4074.05823,4078.65801
2026-07-21 16:15:00+00:00,4078.28755,4078.80246,4074.48152,4075.32547
2026-07-21 16:30:00+00:00,4074.9203,4076.19257,4071.49546,4072.36751
2026-07-21 16:45:00+00:00,4072.68273,4073.48568,4070.3354,4071.53533
2026-07-21 17:00:00+00:00,4071.5814,4071.99283,4069.6728,4071.78342
2026-07-21 17:15:00+00:00,4071.63019,4072.32448,4069.28853,4071.35826
2026-07-21 17:30:00+00:00,4071.43828,4072.32448,4066.85916,4067.85949
2026-07-21 17:45:00+00:00,4067.22722,4068.93722,4066.85916,4067.85856
2026-07-21 18:00:00+00:00,4067.33864,4072.32448,4066.9659,4071.91074
2026-07-21 18:15:00+00:00,4071.98587,4086.6367,4071.50904,4084.30895
2026-07-21 18:30:00+00:00,4084.60114,4086.05241,4081.63265,4083.39115
2026-07-21 18:45:00+00:00,4083.22318,4083.46605,4079.80091,4082.05484
2026-07-21 19:00:00+00:00,4082.22167,4085.60315,4080.30031,4080.70755
2026-07-21 19:15:00+00:00,4080.85506,4085.1342,4080.66711,4084.51748
2026-07-21 19:30:00+00:00,4084.73227,4084.80046,4081.83545,4083.40868
2026-07-21 19:45:00+00:00,4083.61282,4085.1342,4083.15157,4085.04691
2026-07-21 20:00:00+00:00,4084.8827,4086.91226,4083.96635,4084.07153
2026-07-21 20:15:00+00:00,4084.16151,4085.15074,4082.46581,4082.73742
2026-07-21 20:30:00+00:00,4082.77903,4084.85749,4080.96637,4081.02081
2026-07-21 20:45:00+00:00,4081.04401,4081.14293,4076.8335,4077.82773
2026-07-21 21:00:00+00:00,4077.84891,4078.12194,4077.47197,4078.02891
2026-07-21 21:15:00+00:00,4077.93022,4078.12693,4077.88404,4078.03016
2026-07-21 21:30:00+00:00,4077.94419,4078.20759,4077.80451,4077.98218
2026-07-21 21:45:00+00:00,4077.92119,4078.47413,4076.5295,4078.30843
2026-07-21 22:00:00+00:00,4078.18552,4081.29949,4075.31176,4078.23308
2026-07-21 22:15:00+00:00,4078.30322,4082.62409,4077.80828,4081.95539
2026-07-21 22:30:00+00:00,4082.1123,4085.30109,4082.1123,4084.69182
2026-07-21 22:45:00+00:00,4084.65947,4084.65947,4078.80246,4081.02072
2026-07-21 23:00:00+00:00,4080.93959,4081.79926,4079.43087,4081.60215
2026-07-21 23:15:00+00:00,4081.52296,4082.79917,4081.29949,4081.97469
2026-07-21 23:30:00+00:00,4082.00438,4082.6334,4079.63446,4079.75485
2026-07-21 23:45:00+00:00,4080.01834,4082.13251,4079.80091,4080.48317
2026-07-22 00:00:00+00:00,4079.96427,4092.07136,4076.64085,4091.89222
2026-07-22 00:15:00+00:00,4091.35989,4099.18717,4091.11192,4098.19217
2026-07-22 00:30:00+00:00,4097.98664,4100.88169,4090.64878,4093.20847
2026-07-22 00:45:00+00:00,4093.49952,4097.85682,4092.3228,4096.42423
2026-07-22 01:00:00+00:00,4095.64207,4119.44812,4095.64207,4118.68599
2026-07-22 01:15:00+00:00,4117.30483,4120.48292,4112.34939,4115.98661
2026-07-22 01:30:00+00:00,4115.53471,4122.86127,4113.36432,4122.677
2026-07-22 01:45:00+00:00,4122.29601,4123.75596,4118.04952,4121.80557
2026-07-22 02:00:00+00:00,4121.42109,4123.03125,4119.63418,4120.69534
2026-07-22 02:15:00+00:00,4121.4334,4125.92318,4119.71193,4125.82665
2026-07-22 02:30:00+00:00,4125.57556,4130.35397,4123.37127,4125.91636
2026-07-22 02:45:00+00:00,4125.89815,4129.88181,4125.89815,4129.10479
2026-07-22 03:00:00+00:00,4128.41645,4140.27243,4128.41645,4137.26984
2026-07-22 03:15:00+00:00,4136.80787,4140.78675,4136.80787,4138.15359
2026-07-22 03:30:00+00:00,4138.59319,4138.59319,4132.42649,4133.33191
2026-07-22 03:45:00+00:00,4133.29847,4133.93964,4130.92009,4131.36101
2026-07-22 04:00:00+00:00,4131.29502,4131.29502,4125.74572,4127.07343
2026-07-22 04:15:00+00:00,4127.11689,4129.50116,4126.23205,4128.42556
2026-07-22 04:30:00+00:00,4128.22495,4128.94162,4125.58274,4127.00792
2026-07-22 04:45:00+00:00,4127.03427,4127.38378,4125.24236,4126.9772
2026-07-22 05:00:00+00:00,4126.883,4130.0128,4125.11199,4128.42334
2026-07-22 05:15:00+00:00,4128.43943,4128.4869,4123.20125,4124.37765
2026-07-22 05:30:00+00:00,4124.63325,4133.59788,4122.19154,4132.36093
2026-07-22 05:45:00+00:00,4131.86046,4133.14448,4128.43335,4128.6622
2026-07-22 06:00:00+00:00,4129.31748,4134.79429,4129.31748,4130.52312
2026-07-22 06:15:00+00:00,4131.37522,4131.93166,4115.3957,4116.35894
2026-07-22 06:30:00+00:00,4116.40125,4120.48292,4115.05699,4119.51505
2026-07-22 06:45:00+00:00,4119.01608,4120.31314,4114.71835,4114.93717
2026-07-22 07:00:00+00:00,4114.96624,4116.58159,4112.68764,4116.20573
2026-07-22 07:15:00+00:00,4115.77214,4122.01154,4115.20029,4120.0465
2026-07-22 07:30:00+00:00,4119.84094,4122.52133,4111.67304,4111.94803
2026-07-22 07:45:00+00:00,4112.20129,4114.82971,4109.81424,4110.21163
2026-07-22 08:00:00+00:00,4110.97569,4115.73445,4109.14544,4115.44103
2026-07-22 08:15:00+00:00,4114.93574,4118.3179,4114.04122,4116.96893
2026-07-22 08:30:00+00:00,4116.47324,4118.78578,4115.08301,4115.36585
2026-07-22 08:45:00+00:00,4115.86346,4119.63418,4113.19513,4118.6392
2026-07-22 09:00:00+00:00,4118.61493,4121.84164,4118.27999,4121.79667
2026-07-22 09:15:00+00:00,4121.68361,4122.60734,4119.08983,4119.42624
2026-07-22 09:30:00+00:00,4120.11344,4120.11344,4115.05699,4118.81929
2026-07-22 09:45:00+00:00,4118.70047,4118.70047,4112.65172,4114.27953
2026-07-22 10:00:00+00:00,4114.99591,4119.08844,4113.60556,4117.90446
2026-07-22 10:15:00+00:00,4117.58932,4121.67175,4117.42908,4119.4758
2026-07-22 10:30:00+00:00,4119.76614,4119.76614,4116.58159,4117.24688
2026-07-22 10:45:00+00:00,4117.12632,4120.14338,4116.28874,4117.81648
2026-07-22 11:00:00+00:00,4117.56361,4120.82252,4115.22634,4119.45365
2026-07-22 11:15:00+00:00,4119.80143,4123.37127,4116.82637,4118.62895
2026-07-22 11:30:00+00:00,4118.34154,4120.48317,4114.04122,4114.35235
2026-07-22 11:45:00+00:00,4114.93688,4122.86127,4114.86703,4122.81229
2026-07-22 12:00:00+00:00,4122.63096,4126.43394,4121.16819,4126.27241
2026-07-22 12:15:00+00:00,4125.84733,4133.25618,4125.75295,4132.80593
2026-07-22 12:30:00+00:00,4131.81397,4133.76876,4124.57235,4127.77174
2026-07-22 12:45:00+00:00,4127.29675,4129.05891,4109.64534,4114.72956
2026-07-22 13:00:00+00:00,4114.03932,4124.73189,4113.19513,4124.17448
2026-07-22 13:15:00+00:00,4123.93968,4134.13422,4123.93968,4133.92523
2026-07-22 13:30:00+00:00,4133.73239,4144.56233,4129.77614,4142.53054
2026-07-22 13:45:00+00:00,4142.67747,4149.8824,4141.32283,4148.82111
2026-07-22 14:00:00+00:00,4147.09317,4162.85072,4147.09317,4157.56746
2026-07-22 14:15:00+00:00,4157.36928,4157.54718,4146.10888,4146.22388
2026-07-22 14:30:00+00:00,4146.40467,4152.30661,4145.96584,4151.2263
2026-07-22 14:45:00+00:00,4150.85026,4152.7455,4145.12269,4148.94485
2026-07-22 15:00:00+00:00,4148.31227,4157.79392,4148.31227,4157.49399
2026-07-22 15:15:00+00:00,4156.90272,4161.81122,4154.20405,4158.06666
2026-07-22 15:30:00+00:00,4158.45193,4160.59913,4156.44873,4160.13009
2026-07-22 15:45:00+00:00,4160.05293,4165.68194,4158.69583,4159.86927
2026-07-22 16:00:00+00:00,4159.765,4159.765,4154.03149,4154.16829
2026-07-22 16:15:00+00:00,4154.38044,4155.56023,4148.68901,4149.07198
2026-07-22 16:30:00+00:00,4149.24449,4151.39121,4145.24954,4148.18568
2026-07-22 16:45:00+00:00,4148.99958,4149.54717,4145.24954,4149.23868
2026-07-22 17:00:00+00:00,4148.70344,4148.70344,4143.70364,4145.46441
2026-07-22 17:15:00+00:00,4145.21451,4146.14776,4143.1886,4146.02985
2026-07-22 17:30:00+00:00,4145.64633,4147.78469,4138.90154,4140.92891
2026-07-22 17:45:00+00:00,4140.68349,4143.70364,4140.68349,4143.36648
2026-07-22 18:00:00+00:00,4143.18467,4144.74193,4136.51473,4138.56039
2026-07-22 18:15:00+00:00,4138.55962,4140.62691,4134.58682,4135.64296
2026-07-22 18:30:00+00:00,4135.89501,4136.79946,4132.74373,4135.75455
2026-07-22 18:45:00+00:00,4135.2703,4138.73024,4134.98946,4136.58515
2026-07-22 19:00:00+00:00,4137.37957,4137.37957,4133.08535,4134.69071
2026-07-22 19:15:00+00:00,4135.21898,4135.56966,4131.25466,4134.0539
2026-07-22 19:30:00+00:00,4133.81661,4136.27197,4132.32967,4135.46964
2026-07-22 19:45:00+00:00,4135.39692,4135.91582,4129.50116,4131.98345
2026-07-22 20:00:00+00:00,4131.47703,4134.62334,4131.01961,4134.11215
2026-07-22 20:15:00+00:00,4133.13304,4137.87396,4133.13304,4137.77564
2026-07-22 20:30:00+00:00,4137.51255,4137.8723,4130.86583,4131.1122
2026-07-22 20:45:00+00:00,4131.53346,4131.53875,4128.82304,4130.28998
2026-07-22 21:00:00+00:00,4130.23041,4130.7394,4129.2872,4130.60338
2026-07-22 21:15:00+00:00,4130.54943,4130.88788,4130.48255,4130.77869
2026-07-22 21:30:00+00:00,4130.62915,4130.84703,4130.49422,4130.52574
2026-07-22 21:45:00+00:00,4130.56043,4130.81641,4130.47593,4130.69826
2026-07-22 22:00:00+00:00,4130.6133,4130.98953,4117.8653,4122.25723
2026-07-22 22:15:00+00:00,4122.11981,4128.13738,4119.91174,4127.7955
2026-07-22 22:30:00+00:00,4127.69469,4129.84224,4119.97363,4122.46063
2026-07-22 22:45:00+00:00,4123.14756,4127.72916,4121.16217,4123.65999
2026-07-22 23:00:00+00:00,4123.41128,4124.97773,4114.00879,4123.12006
2026-07-22 23:15:00+00:00,4121.35468,4124.56177,4119.1251,4119.36975
2026-07-22 23:30:00+00:00,4119.82648,4123.86245,4119.49918,4123.59641
2026-07-22 23:45:00+00:00,4123.25158,4133.25618,4123.25158,4133.11138
2026-07-23 00:00:00+00:00,4132.86457,4134.18909,4126.77451,4126.94399
2026-07-23 00:15:00+00:00,4126.98603,4133.83294,4126.60422,4131.43712
2026-07-23 00:30:00+00:00,4132.54106,4133.07915,4127.79658,4127.8795
2026-07-23 00:45:00+00:00,4127.95042,4131.88113,4125.07219,4131.05388
2026-07-23 01:00:00+00:00,4128.98187,4138.90154,4127.40772,4136.76302
2026-07-23 01:15:00+00:00,4136.52072,4141.06315,4134.06935,4137.5023
2026-07-23 01:30:00+00:00,4138.01272,4139.46541,4123.82654,4125.05774
2026-07-23 01:45:00+00:00,4125.2663,4127.00845,4114.76621,4117.48579
2026-07-23 02:00:00+00:00,4116.37504,4118.61614,4112.73283,4117.86182
2026-07-23 02:15:00+00:00,4117.6957,4119.10511,4114.37976,4116.36438
2026-07-23 02:30:00+00:00,4116.2125,4121.77432,4114.6064,4121.48141
2026-07-23 02:45:00+00:00,4120.67599,4128.30781,4120.35857,4128.13922
2026-07-23 03:00:00+00:00,4127.80526,4128.30781,4124.90203,4125.27747
2026-07-23 03:15:00+00:00,4125.30663,4132.74373,4125.30663,4130.09639
2026-07-23 03:30:00+00:00,4130.1604,4130.6952,4126.26367,4126.50014
2026-07-23 03:45:00+00:00,4126.58264,4128.98964,4124.73706,4125.95761
2026-07-23 04:00:00+00:00,4125.62506,4127.28548,4122.63077,4127.01084
2026-07-23 04:15:00+00:00,4126.5754,4129.16013,4125.07219,4128.42268
2026-07-23 04:30:00+00:00,4128.62485,4130.12929,4123.5413,4124.01853
2026-07-23 04:45:00+00:00,4123.95108,4124.48234,4120.06451,4121.3255
2026-07-23 05:00:00+00:00,4121.12226,4124.74946,4119.8039,4124.6814
2026-07-23 05:15:00+00:00,4124.4172,4124.90203,4120.14338,4123.8539
2026-07-23 05:30:00+00:00,4123.39437,4128.47824,4120.98057,4125.20371
2026-07-23 05:45:00+00:00,4125.74967,4130.18338,4120.65271,4122.75166
2026-07-23 06:00:00+00:00,4122.19557,4127.45584,4121.50188,4123.60441
2026-07-23 06:15:00+00:00,4123.43847,4128.08674,4121.92009,4123.64395
2026-07-23 06:30:00+00:00,4123.08424,4123.20125,4117.25955,4120.44762
2026-07-23 06:45:00+00:00,4119.66342,4122.52133,4118.27691,4118.45002
2026-07-23 07:00:00+00:00,4118.7622,4119.04189,4101.7614,4102.30108
2026-07-23 07:15:00+00:00,4103.32284,4111.84211,4103.32284,4108.66067
2026-07-23 07:30:00+00:00,4108.93734,4110.82085,4092.15534,4092.77328
2026-07-23 07:45:00+00:00,4094.01123,4096.51387,4091.48562,4094.0472
2026-07-23 08:00:00+00:00,4094.35043,4098.92355,4089.47777,4092.54993
2026-07-23 08:15:00+00:00,4093.48539,4093.48539,4089.25726,4091.47548
2026-07-23 08:30:00+00:00,4091.37077,4093.49544,4089.14332,4092.21295
2026-07-23 08:45:00+00:00,4091.63414,4094.66874,4088.39628,4094.30708
2026-07-23 09:00:00+00:00,4094.16574,4098.86461,4092.75917,4097.10892
2026-07-23 09:15:00+00:00,4097.25532,4098.15293,4089.47777,4091.19906
2026-07-23 09:30:00+00:00,4090.99324,4092.49574,4087.46845,4092.46489
2026-07-23 09:45:00+00:00,4092.34459,4094.44493,4089.10568,4089.25259
2026-07-23 10:00:00+00:00,4089.4997,4091.65303,4087.80152,4090.63128
2026-07-23 10:15:00+00:00,4090.57037,4092.11399,4086.60852,4088.5368
2026-07-23 10:30:00+00:00,4088.78483,4092.3228,4086.80371,4088.9806
2026-07-23 10:45:00+00:00,4089.00856,4095.0041,4086.59148,4092.7374
2026-07-23 11:00:00+00:00,4092.85674,4093.62368,4087.4719,4087.63659
2026-07-23 11:15:00+00:00,4087.90263,4089.55391,4082.29915,4082.59884
2026-07-23 11:30:00+00:00,4082.87288,4084.56404,4073.81757,4078.03122
2026-07-23 11:45:00+00:00,4077.37308,4085.96878,4077.37308,4085.48588
2026-07-23 12:00:00+00:00,4084.74424,4086.4697,4081.60374,4082.17478
2026-07-23 12:15:00+00:00,4083.06469,4083.06469,4071.16395,4076.51283
2026-07-23 12:30:00+00:00,4076.27333,4076.44504,4064.94528,4066.82236
2026-07-23 12:45:00+00:00,4067.9383,4073.21339,4062.76609,4063.71004
2026-07-23 13:00:00+00:00,4064.9536,4064.9536,4041.5471,4043.58342
2026-07-23 13:15:00+00:00,4043.18582,4057.94749,4041.22045,4057.47606
2026-07-23 13:30:00+00:00,4056.39664,4066.5284,4053.52545,4060.89869
2026-07-23 13:45:00+00:00,4060.07554,4061.75023,4045.1438,4045.74581
2026-07-23 14:00:00+00:00,4046.83027,4049.73069,4041.38377,4048.50716
2026-07-23 14:15:00+00:00,4047.61463,4054.21257,4042.03719,4053.98748
2026-07-23 14:30:00+00:00,4053.68573,4058.97551,4053.01342,4057.38015
2026-07-23 14:45:00+00:00,4057.519,4061.4085,4055.43798,4058.69958
2026-07-23 15:00:00+00:00,4058.59171,4058.66184,4048.583,4053.40074
2026-07-23 15:15:00+00:00,4052.78409,4056.72578,4047.10834,4048.82889
2026-07-23 15:30:00+00:00,4048.95366,4052.35645,4043.40923,4051.801
2026-07-23 15:45:00+00:00,4051.97845,4051.97845,4046.94456,4047.52112
2026-07-23 16:00:00+00:00,4047.50814,4050.96629,4046.6881,4049.46601
2026-07-23 16:15:00+00:00,4049.97168,4050.91362,4046.49795,4050.62452
2026-07-23 16:30:00+00:00,4050.40055,4051.20726,4047.0577,4050.6798
2026-07-23 16:45:00+00:00,4050.54216,4051.66715,4048.583,4051.55323
2026-07-23 17:00:00+00:00,4051.39477,4054.90257,4047.27214,4048.11245
2026-07-23 17:15:00+00:00,4048.00711,4050.88761,4046.28955,4047.96737
2026-07-23 17:30:00+00:00,4047.91945,4048.91084,4043.12382,4045.42368
2026-07-23 17:45:00+00:00,4045.1404,4045.1404,4042.15925,4043.09202
2026-07-23 18:00:00+00:00,4042.81299,4043.91663,4041.05714,4042.93353
2026-07-23 18:15:00+00:00,4043.14547,4044.93903,4040.2681,4044.81907
2026-07-23 18:30:00+00:00,4044.44488,4047.76361,4044.21849,4046.24845
2026-07-23 18:45:00+00:00,4046.14023,4048.41909,4045.06729,4045.16898
2026-07-23 19:00:00+00:00,4045.45382,4048.74691,4043.01771,4043.1392
2026-07-23 19:15:00+00:00,4043.36016,4048.91084,4042.66587,4047.93644
2026-07-23 19:30:00+00:00,4047.90807,4050.16949,4046.63068,4046.7428
2026-07-23 19:45:00+00:00,4046.898,4050.71876,4044.43429,4050.67866
2026-07-23 20:00:00+00:00,4050.57949,4050.57949,4048.583,4049.23344
2026-07-23 20:15:00+00:00,4049.3267,4050.71495,4047.18616,4050.58637
2026-07-23 20:30:00+00:00,4050.33899,4050.59505,4049.23874,4049.62416
2026-07-23 20:45:00+00:00,4049.3298,4050.11058,4047.38566,4049.51576
2026-07-23 21:00:00+00:00,4049.28375,4052.32916,4044.98018,4048.84945
2026-07-23 21:15:00+00:00,4048.78789,4048.97151,4048.73258,4048.76991
2026-07-23 21:30:00+00:00,4048.78953,4048.97168,4048.72882,4048.78217
2026-07-23 21:45:00+00:00,4048.78953,4048.96834,4048.56159,4048.89386
2026-07-23 22:00:00+00:00,4048.8155,4050.22276,4047.8432,4049.29788
2026-07-23 22:15:00+00:00,4049.36325,4050.33844,4049.23874,4049.4449
2026-07-23 22:30:00+00:00,4049.56603,4050.38681,4049.23874,4049.31627
2026-07-23 22:45:00+00:00,4049.43466,4050.79554,4049.07479,4049.70998
2026-07-23 23:00:00+00:00,4049.57662,4050.092,4047.59977,4048.13081
2026-07-23 23:15:00+00:00,4047.63091,4049.73069,4047.14431,4049.51073
2026-07-23 23:30:00+00:00,4049.3973,4050.47039,4047.27214,4047.83709
2026-07-23 23:45:00+00:00,4047.94925,4049.9834,4046.95051,4048.12535
2026-07-24 00:00:00+00:00,4048.02849,4049.72523,4042.57222,4044.16548
2026-07-24 00:15:00+00:00,4044.13836,4047.27214,4041.5471,4044.97233
2026-07-24 00:30:00+00:00,4045.14266,4050.22276,4045.14266,4050.04701
2026-07-24 00:45:00+00:00,4049.72151,4050.38681,4048.57989,4050.35203
2026-07-24 01:00:00+00:00,4050.18834,4050.46945,4040.89385,4041.85227
2026-07-24 01:15:00+00:00,4041.55845,4045.4711,4041.55845,4045.08831
2026-07-24 01:30:00+00:00,4044.79474,4049.35973,4041.6576,4048.659
2026-07-24 01:45:00+00:00,4047.74523,4050.22276,4041.87381,4042.11243
2026-07-24 02:00:00+00:00,4042.44289,4045.76912,4041.38377,4045.61854
2026-07-24 02:15:00+00:00,4045.41687,4049.08487,4043.46339,4048.66116
2026-07-24 02:30:00+00:00,4047.94625,4047.94625,4041.5471,4041.67951
2026-07-24 02:45:00+00:00,4041.93854,4042.49591,4023.81048,4024.22131
2026-07-24 03:00:00+00:00,4024.89677,4032.09548,4022.1065,4031.82605
2026-07-24 03:15:00+00:00,4031.24646,4033.02236,4027.54148,4030.6477
2026-07-24 03:30:00+00:00,4030.51958,4032.98103,4028.28668,4031.40375
2026-07-24 03:45:00+00:00,4031.61584,4032.92573,4028.40326,4029.40087
2026-07-24 04:00:00+00:00,4029.04422,4030.14549,4027.38623,4028.91974
2026-07-24 04:15:00+00:00,4028.73791,4030.2454,4028.03512,4030.19544
2026-07-24 04:30:00+00:00,4030.05956,4030.30792,4026.51776,4027.01893
2026-07-24 04:45:00+00:00,4026.9143,4028.35965,4025.92697,4028.05877
2026-07-24 05:00:00+00:00,4028.02514,4032.96233,4026.08906,4029.20367
2026-07-24 05:15:00+00:00,4029.81571,4029.81571,4022.84979,4025.93792
2026-07-24 05:30:00+00:00,4026.27091,4030.97082,4024.63074,4024.9824
2026-07-24 05:45:00+00:00,4025.57238,4030.07286,4022.20256,4022.53918
2026-07-24 06:00:00+00:00,4022.59471,4031.44527,4022.09051,4031.20519
2026-07-24 06:15:00+00:00,4030.6712,4037.95679,4028.3128,4035.52316
2026-07-24 06:30:00+00:00,4036.09424,4036.48987,4033.87288,4034.48115
2026-07-24 06:45:00+00:00,4035.372,4037.81847,4031.77035,4037.62127
2026-07-24 07:00:00+00:00,4037.24081,4047.59977,4036.97873,4046.42659
2026-07-24 07:15:00+00:00,4046.34107,4050.56564,4044.48938,4050.4146
2026-07-24 07:30:00+00:00,4050.17531,4053.34198,4046.28955,4046.41839
2026-07-24 07:45:00+00:00,4046.3416,4049.40271,4046.3416,4048.87456
2026-07-24 08:00:00+00:00,4048.9782,4049.36048,4045.1438,4046.3821
2026-07-24 08:15:00+00:00,4046.50818,4050.67512,4044.56265,4050.03503
2026-07-24 08:30:00+00:00,4048.80289,4055.05515,4048.80289,4054.91469
2026-07-24 08:45:00+00:00,4054.55865,4057.97551,4052.00469,4057.62641
2026-07-24 09:00:00+00:00,4056.7881,4059.59485,4053.50628,4053.76394
2026-07-24 09:15:00+00:00,4054.00786,4056.33632,4053.34198,4054.23344
2026-07-24 09:30:00+00:00,4054.68887,4055.97242,4052.19224,4055.52795
2026-07-24 09:45:00+00:00,4055.62828,4059.59485,4053.92679,4059.54427
2026-07-24 10:00:00+00:00,4059.33471,4060.91371,4058.44156,4058.61859
2026-07-24 10:15:00+00:00,4058.75284,4064.54497,4057.94749,4064.18629
2026-07-24 10:30:00+00:00,4063.49696,4064.73079,4058.96517,4059.06092
2026-07-24 10:45:00+00:00,4059.20507,4060.41904,4057.78283,4060.2983
2026-07-24 11:00:00+00:00,4059.98602,4063.05867,4058.89711,4060.73355
2026-07-24 11:15:00+00:00,4060.84673,4062.28139,4059.43006,4059.88831
2026-07-24 11:30:00+00:00,4059.79996,4060.64287,4055.80792,4055.97586
2026-07-24 11:45:00+00:00,4056.25606,4058.69671,4051.69969,4056.71947
2026-07-24 12:00:00+00:00,4052.15746,4061.4085,4052.15746,4056.18127
2026-07-24 12:15:00+00:00,4056.23921,4060.25417,4054.54582,4058.88359
2026-07-24 12:30:00+00:00,4059.22832,4060.58855,4052.19224,4053.93178
2026-07-24 12:45:00+00:00,4052.88826,4056.30146,4051.20726,4053.86688
2026-07-24 13:00:00+00:00,4052.57313,4058.44156,4045.79844,4048.07295
2026-07-24 13:15:00+00:00,4048.08735,4048.91084,4045.1438,4048.1742
2026-07-24 13:30:00+00:00,4047.8892,4055.97242,4045.61171,4052.46484
2026-07-24 13:45:00+00:00,4052.59643,4066.91471,4050.63901,4064.94942
2026-07-24 14:00:00+00:00,4060.27437,4069.50718,4057.61818,4060.08035
2026-07-24 14:15:00+00:00,4060.36628,4068.52091,4056.35799,4065.40215
2026-07-24 14:30:00+00:00,4065.77304,4067.18998,4060.7488,4060.77948
2026-07-24 14:45:00+00:00,4060.7362,4066.69378,4059.59485,4064.89724
2026-07-24 15:00:00+00:00,4065.14481,4074.31551,4061.89634,4066.31982
2026-07-24 15:15:00+00:00,4067.9778,4080.69327,4066.8939,4075.48065
2026-07-24 15:30:00+00:00,4075.11546,4079.65122,4073.23525,4073.68114
2026-07-24 15:45:00+00:00,4074.51344,4077.18165,4071.82703,4076.91471
2026-07-24 16:00:00+00:00,4076.52053,4077.38132,4074.64754,4074.793
2026-07-24 16:15:00+00:00,4075.07072,4078.17791,4073.7058,4074.77454
2026-07-24 16:30:00+00:00,4075.4094,4075.4094,4067.18998,4067.98069
2026-07-24 16:45:00+00:00,4067.88144,4068.69765,4064.09022,4067.37724
2026-07-24 17:00:00+00:00,4067.07741,4068.18274,4063.55398,4063.76228
2026-07-24 17:15:00+00:00,4063.82472,4069.50718,4063.82472,4068.26446
2026-07-24 17:30:00+00:00,4068.40847,4069.93399,4066.92911,4067.16742
2026-07-24 17:45:00+00:00,4067.54018,4068.53655,4063.22376,4064.98988
2026-07-24 18:00:00+00:00,4064.88103,4065.65946,4061.0756,4062.71259
2026-07-24 18:15:00+00:00,4062.58951,4062.89359,4055.71591,4055.90331
2026-07-24 18:30:00+00:00,4056.15989,4056.46601,4051.97968,4052.10629
2026-07-24 18:45:00+00:00,4052.31065,4055.80792,4051.38016,4055.39138
2026-07-24 19:00:00+00:00,4055.21253,4056.13694,4052.52067,4053.18707
2026-07-24 19:15:00+00:00,4053.8951,4053.8951,4049.40271,4051.50725
2026-07-24 19:30:00+00:00,4051.00669,4057.93481,4051.00669,4057.76488
2026-07-24 19:45:00+00:00,4057.46464,4057.46464,4052.6849,4053.80079
2026-07-24 20:00:00+00:00,4053.30694,4055.31449,4052.69543,4053.61021
2026-07-24 20:15:00+00:00,4053.36045,4054.78353,4051.89825,4053.67709
2026-07-24 20:30:00+00:00,4053.66268,4055.88425,4052.02804,4055.64356
2026-07-24 20:45:00+00:00,4055.13333,4057.07211,4052.52067,4053.47211
2026-07-24 21:00:00+00:00,4053.37645,4056.07961,4053.34198,4055.96426
2026-07-24 21:15:00+00:00,4055.92322,4056.11101,4055.86934,4055.90012
2026-07-24 21:30:00+00:00,4055.92965,4056.11118,4055.8706,4055.99812
2026-07-24 21:45:00+00:00,4055.92965,4056.10906,4055.86923,4056.02086
2026-07-24 22:00:00+00:00,4055.92965,4056.11207,4055.86881,4055.96171
2026-07-24 22:15:00+00:00,4055.92965,4056.11202,4055.87292,4055.89949
2026-07-24 22:30:00+00:00,4055.92965,4056.11102,4055.86934,4056.01223
2026-07-24 22:45:00+00:00,4055.92965,4056.11117,4055.87081,4056.01936
2026-07-24 23:00:00+00:00,4055.92965,4056.11207,4055.86924,4055.97759
2026-07-24 23:15:00+00:00,4055.92965,4056.10654,4055.86881,4055.9031
2026-07-24 23:30:00+00:00,4055.92965,4056.11202,4055.86933,4056.02407
2026-07-24 23:45:00+00:00,4055.92965,4056.11102,4055.87062,4056.01372
2026-07-25 00:00:00+00:00,4055.92965,4056.11117,4055.86924,4055.99225
2026-07-25 00:15:00+00:00,4055.92965,4056.11207,4055.87321,4055.91068
2026-07-25 00:30:00+00:00,4055.92965,4056.11202,4055.86881,4055.92134
2026-07-25 00:45:00+00:00,4055.92965,4056.10931,4055.86933,4056.00432
2026-07-25 01:00:00+00:00,4055.92965,4056.11116,4055.87062,4056.00466
2026-07-25 01:15:00+00:00,4055.92965,4056.10909,4055.86924,4055.92172
2026-07-25 01:30:00+00:00,4055.92965,4056.11207,4055.86881,4055.9104
2026-07-25 01:45:00+00:00,4055.92965,4056.11203,4055.87295,4055.99183
2026-07-25 02:00:00+00:00,4055.92965,4056.11104,4055.86933,4056.01395
2026-07-25 02:15:00+00:00,4055.92965,4056.11115,4055.87079,4055.97967
2026-07-25 02:30:00+00:00,4055.92965,4056.11207,4055.86925,4055.90293
2026-07-25 02:45:00+00:00,4055.92965,4056.10651,4055.86881,4055.98783
2026-07-25 03:00:00+00:00,4055.92965,4056.11203,4055.86932,4056.01947
2026-07-25 03:15:00+00:00,4055.92965,4056.11104,4055.87064,4055.96417
2026-07-25 03:30:00+00:00,4055.92965,4056.11115,4055.87078,4055.89945
2026-07-25 03:45:00+00:00,4055.92965,4056.11206,4055.86925,4056.00292
2026-07-25 04:00:00+00:00,4055.92965,4056.10649,4055.86881,4056.02084
2026-07-25 04:15:00+00:00,4055.92965,4056.11203,4055.86932,4055.96697
2026-07-25 04:30:00+00:00,4055.92965,4056.11105,4055.87065,4055.90021
2026-07-25 04:45:00+00:00,4055.92965,4056.11114,4055.86925,4056.01639
2026-07-25 05:00:00+00:00,4055.92965,4056.11206,4055.87316,4056.01796
2026-07-25 05:15:00+00:00,4055.92965,4056.11203,4055.86881,4055.98257
2026-07-25 05:30:00+00:00,4055.92965,4056.10927,4055.86931,4055.90516
2026-07-25 05:45:00+00:00,4055.92965,4056.11114,4055.87065,4056.02731
2026-07-25 06:00:00+00:00,4055.92965,4056.10913,4055.86926,4056.01103
2026-07-25 06:15:00+00:00,4055.92965,4056.11206,4055.86881,4055.99659
2026-07-25 06:30:00+00:00,4055.92965,4056.11203,4055.873,4055.91394
2026-07-25 06:45:00+00:00,4055.92965,4056.11106,4055.86931,4055.91743
2026-07-25 07:00:00+00:00,4055.92965,4056.11113,4055.87076,4056.00054
2026-07-25 07:15:00+00:00,4055.92965,4056.11206,4055.86926,4056.00807
2026-07-25 07:30:00+00:00,4055.92965,4056.10645,4055.86881,4055.92595
2026-07-25 07:45:00+00:00,4055.92965,4056.11204,4055.86931,4055.90754
2026-07-25 08:00:00+00:00,4055.92965,4056.11106,4055.87067,4055.98723
2026-07-25 08:15:00+00:00,4055.92965,4056.11113,4055.86927,4056.01619
2026-07-25 08:30:00+00:00,4055.92965,4056.11206,4055.87313,4055.97455
2026-07-25 08:45:00+00:00,4055.92965,4056.11204,4055.86881,4055.90133
2026-07-25 09:00:00+00:00,4055.92965,4056.10924,4055.8693,4055.99287
2026-07-25 09:15:00+00:00,4055.92965,4056.11107,4055.87068,4056.02038
2026-07-25 09:30:00+00:00,4055.92965,4056.11112,4055.86927,4055.95929
2026-07-25 09:45:00+00:00,4055.92965,4056.11205,4055.87312,4055.89923
2026-07-25 10:00:00+00:00,4055.92965,4056.11204,4055.86881,4056.00754
2026-07-25 10:15:00+00:00,4055.92965,4056.10923,4055.8693,4056.02036
2026-07-25 10:30:00+00:00,4055.92965,4056.11108,4055.85622,4055.96915
2026-07-25 10:45:00+00:00,4055.91992,4056.09579,4055.86092,4055.88835
2026-07-25 11:00:00+00:00,4055.91744,4056.10716,4055.8606,4056.00658
2026-07-25 11:15:00+00:00,4055.91637,4056.10707,4055.86631,4056.00112
2026-07-25 11:30:00+00:00,4055.91363,4056.10272,4055.86116,4055.97959
2026-07-25 11:45:00+00:00,4055.92142,4056.10301,4055.86268,4055.89966
2026-07-25 12:00:00+00:00,4055.92142,4056.10386,4055.86097,4055.91718
2026-07-25 12:15:00+00:00,4055.92142,4056.09847,4055.86059,4055.99943
2026-07-25 12:30:00+00:00,4055.92142,4056.10377,4055.86116,4055.99281
2026-07-25 12:45:00+00:00,4055.92142,4056.10273,4055.8623,4055.90968
2026-07-25 13:00:00+00:00,4055.92142,4056.103,4055.86097,4055.90529
2026-07-25 13:15:00+00:00,4055.92142,4056.10386,4055.86512,4055.98784
2026-07-25 13:30:00+00:00,4055.92142,4056.10377,4055.86059,4056.00317
2026-07-25 13:45:00+00:00,4055.92142,4056.10119,4055.86115,4055.97639
2026-07-25 14:00:00+00:00,4055.92142,4056.103,4055.86231,4055.89665
2026-07-25 14:15:00+00:00,4055.92142,4056.10075,4055.86098,4055.97468
2026-07-25 14:30:00+00:00,4055.92142,4056.10386,4055.86059,4056.00993
2026-07-25 14:45:00+00:00,4055.92142,4056.10377,4055.86459,4055.96077
2026-07-25 15:00:00+00:00,4055.92142,4056.10274,4055.86115,4055.89187
2026-07-25 15:15:00+00:00,4055.92142,4056.10299,4055.86232,4055.99005
2026-07-25 15:30:00+00:00,4055.92142,4056.10076,4055.86098,4056.01264
2026-07-25 15:45:00+00:00,4055.92142,4056.10386,4055.86059,4055.95366
2026-07-25 16:00:00+00:00,4055.92142,4056.10378,4055.8646,4055.89128
2026-07-25 16:15:00+00:00,4055.92142,4056.10274,4055.86115,4056.00414
2026-07-25 16:30:00+00:00,4055.92142,4056.10299,4055.86265,4056.0111
2026-07-25 16:45:00+00:00,4055.92142,4056.10386,4055.86098,4055.96953
2026-07-25 17:00:00+00:00,4055.92142,4056.09842,4055.86059,4055.89493
2026-07-25 17:15:00+00:00,4055.92142,4056.10378,4055.86114,4056.01596
2026-07-25 17:30:00+00:00,4055.92142,4056.10275,4055.86233,4056.00541
2026-07-25 17:45:00+00:00,4055.92142,4056.10298,4055.86099,4055.98417
2026-07-25 18:00:00+00:00,4055.92142,4056.10386,4055.86508,4055.90256
2026-07-25 18:15:00+00:00,4055.92142,4056.10378,4055.86059,4055.91298
2026-07-25 18:30:00+00:00,4055.92142,4056.10116,4055.86114,4055.99598
2026-07-25 18:45:00+00:00,4055.92142,4056.10298,4055.86234,4055.99655
2026-07-25 19:00:00+00:00,4055.92142,4056.10079,4055.86099,4055.91363
2026-07-25 19:15:00+00:00,4055.92142,4056.10386,4055.86059,4055.90207
2026-07-25 19:30:00+00:00,4055.92142,4056.10378,4055.86464,4055.98346
2026-07-25 19:45:00+00:00,4055.92142,4056.10276,4055.86113,4056.0058
2026-07-25 20:00:00+00:00,4055.92142,4056.10297,4055.86263,4055.97128
2026-07-25 20:15:00+00:00,4055.92142,4056.10385,4055.86099,4055.89464
2026-07-25 20:30:00+00:00,4055.92142,4056.09838,4055.86059,4055.97977
2026-07-25 20:45:00+00:00,4055.92142,4056.10379,4055.86113,4056.01128
2026-07-25 21:00:00+00:00,4055.92142,4056.10277,4055.86236,4055.95578
2026-07-25 21:15:00+00:00,4055.92142,4056.10297,4055.86262,4055.89121
2026-07-25 21:30:00+00:00,4055.92142,4056.10385,4055.861,4055.99484
2026-07-25 21:45:00+00:00,4055.92142,4056.09837,4055.86059,4056.01425
2026-07-25 22:00:00+00:00,4055.92307,4056.10544,4055.86275,4055.96045
2026-07-25 22:15:00+00:00,4055.92307,4056.10445,4055.86404,4055.89364
2026-07-25 22:30:00+00:00,4055.92307,4056.10458,4055.86266,4056.00986
2026-07-25 22:45:00+00:00,4055.92307,4056.10549,4055.86662,4056.01136
2026-07-25 23:00:00+00:00,4055.92307,4056.10544,4055.86223,4055.97605
2026-07-25 23:15:00+00:00,4055.92307,4056.10272,4055.86275,4055.89861
2026-07-25 23:30:00+00:00,4055.92307,4056.10457,4055.86405,4056.02077
2026-07-25 23:45:00+00:00,4055.92307,4056.10252,4055.86267,4056.00441
2026-07-26 00:00:00+00:00,4055.92307,4056.10549,4055.86223,4055.99007
2026-07-26 00:15:00+00:00,4055.92307,4056.10545,4055.86638,4055.90741
2026-07-26 00:30:00+00:00,4055.92307,4056.10446,4055.86274,4055.9108
2026-07-26 00:45:00+00:00,4055.92307,4056.10457,4055.8642,4055.99391
2026-07-26 01:00:00+00:00,4055.92307,4056.10548,4055.86267,4056.00153
2026-07-26 01:15:00+00:00,4055.92307,4056.09991,4055.86223,4055.91943
2026-07-26 01:30:00+00:00,4055.92307,4056.10545,4055.86274,4055.90093
2026-07-26 01:45:00+00:00,4055.92307,4056.10447,4055.86406,4055.98058
2026-07-26 02:00:00+00:00,4055.92307,4056.10456,4055.86267,4056.00963
2026-07-26 02:15:00+00:00,4055.92307,4056.10548,4055.86658,4055.9679
2026-07-26 02:30:00+00:00,4055.92307,4056.10545,4055.86223,4055.89473
2026-07-26 02:45:00+00:00,4055.92307,4056.10269,4055.86273,4055.98636
2026-07-26 03:00:00+00:00,4055.92307,4056.10447,4055.86407,4056.01381
2026-07-26 03:15:00+00:00,4055.92307,4056.10456,4055.86268,4055.95265
2026-07-26 03:30:00+00:00,4055.92307,4056.10548,4055.86657,4055.89265
2026-07-26 03:45:00+00:00,4055.92307,4056.10545,4055.86223,4056.00102
2026-07-26 04:00:00+00:00,4055.92307,4056.10268,4055.86273,4056.01377
2026-07-26 04:15:00+00:00,4055.92307,4056.10455,4055.86408,4055.96566
2026-07-26 04:30:00+00:00,4055.92307,4056.10256,4055.86268,4055.89481
2026-07-26 04:45:00+00:00,4055.92307,4056.10548,4055.86223,4056.01374
2026-07-26 05:00:00+00:00,4055.92307,4056.10546,4055.86643,4056.00952
2026-07-26 05:15:00+00:00,4055.92307,4056.10448,4055.86273,4055.98085
2026-07-26 05:30:00+00:00,4055.92307,4056.10455,4055.86417,4055.90108
2026-07-26 05:45:00+00:00,4055.92307,4056.10548,4055.86268,4055.91918
2026-07-26 06:00:00+00:00,4055.92307,4056.09986,4055.86223,4056.00135
2026-07-26 06:15:00+00:00,4055.92307,4056.10546,4055.86272,4055.99414
2026-07-26 06:30:00+00:00,4055.92307,4056.10449,4055.8641,4055.91101
2026-07-26 06:45:00+00:00,4055.92307,4056.10454,4055.86269,4055.90721
2026-07-26 07:00:00+00:00,4055.92307,4056.10547,4055.86654,4055.98983
2026-07-26 07:15:00+00:00,4055.92307,4056.10546,4055.86223,4056.00458
2026-07-26 07:30:00+00:00,4055.92307,4056.10265,4055.86272,4055.97845
2026-07-26 07:45:00+00:00,4055.92307,4056.10453,4055.8641,4055.89848
2026-07-26 08:00:00+00:00,4055.92307,4056.10259,4055.86269,4055.9759
2026-07-26 08:15:00+00:00,4055.92307,4056.10547,4055.86223,4056.01145
2026-07-26 08:30:00+00:00,4055.92307,4056.10546,4055.86646,4055.96283
2026-07-26 08:45:00+00:00,4055.92307,4056.1045,4055.86271,4055.89359
2026-07-26 09:00:00+00:00,4055.92307,4056.10453,4055.86411,4055.9913
2026-07-26 09:15:00+00:00,4055.92307,4056.1026,4055.8627,4056.01427
2026-07-26 09:30:00+00:00,4055.92307,4056.10547,4055.86223,4055.95487
2026-07-26 09:45:00+00:00,4055.92307,4056.10546,4055.86647,4055.89289
2026-07-26 10:00:00+00:00,4055.92307,4056.10451,4055.86271,4056.00544
2026-07-26 10:15:00+00:00,4055.92307,4056.10452,4055.86414,4056.01284
2026-07-26 10:30:00+00:00,4055.92307,4056.10547,4055.8627,4055.97076
2026-07-26 10:45:00+00:00,4055.92307,4056.09981,4055.86223,4055.89643
2026-07-26 11:00:00+00:00,4055.92307,4056.10547,4055.86271,4056.01733
2026-07-26 11:15:00+00:00,4055.92307,4056.10451,4055.86413,4056.00726
2026-07-26 11:30:00+00:00,4055.92307,4056.10452,4055.8627,4055.98545
2026-07-26 11:45:00+00:00,4055.92307,4056.10547,4055.86649,4055.90395
2026-07-26 12:00:00+00:00,4055.92307,4056.10547,4055.86223,4055.91496
2026-07-26 12:15:00+00:00,4055.92307,4056.10262,4055.8627,4055.99792
2026-07-26 12:30:00+00:00,4055.92307,4056.10452,4055.86412,4055.9979
2026-07-26 12:45:00+00:00,4055.92307,4056.10263,4055.86271,4055.91494
2026-07-26 13:00:00+00:00,4055.92307,4056.10546,4055.86223,4055.90397
2026-07-26 13:15:00+00:00,4055.92307,4056.10547,4055.86651,4055.98547
2026-07-26 13:30:00+00:00,4055.92307,4056.10452,4055.8627,4056.00724
2026-07-26 13:45:00+00:00,4055.92307,4056.10451,4055.86412,4055.97334
2026-07-26 14:00:00+00:00,4055.92307,4056.10546,4055.86271,4055.89644
2026-07-26 14:15:00+00:00,4055.92307,4056.09982,4055.86223,4055.981
2026-07-26 14:30:00+00:00,4055.92307,4056.10547,4055.8627,4056.01283
2026-07-26 14:45:00+00:00,4055.92307,4056.10453,4055.86415,4055.95783
2026-07-26 15:00:00+00:00,4055.92307,4056.1045,4055.86411,4055.89289
2026-07-26 15:15:00+00:00,4055.92307,4056.10546,4055.86272,4055.9961
2026-07-26 15:30:00+00:00,4055.92307,4056.09984,4055.86223,4056.01427
2026-07-26 15:45:00+00:00,4055.92307,4056.10547,4055.86269,4055.96013
2026-07-26 16:00:00+00:00,4055.92307,4056.10454,4055.86416,4055.89358
2026-07-26 16:15:00+00:00,4055.92307,4056.10449,4055.86272,4056.00961
2026-07-26 16:30:00+00:00,4055.92307,4056.10546,4055.86645,4056.01146
2026-07-26 16:45:00+00:00,4055.92307,4056.10547,4055.86223,4055.97574
2026-07-26 17:00:00+00:00,4055.92307,4056.10258,4055.86269,4055.89846
2026-07-26 17:15:00+00:00,4055.92307,4056.10454,4055.86409,4056.02058
2026-07-26 17:30:00+00:00,4055.92307,4056.10267,4055.86272,4056.00459
2026-07-26 17:45:00+00:00,4055.92307,4056.10546,4055.86223,4055.98981
2026-07-26 18:00:00+00:00,4055.92307,4056.08728,4055.8479,4055.89771
2026-07-26 18:15:00+00:00,4055.9132,4056.10586,4055.86239,4055.90932
2026-07-26 18:30:00+00:00,4055.92142,4056.10297,4055.8559,4055.98586
2026-07-26 18:45:00+00:00,4055.91396,4056.10548,4055.861,4056.00157
2026-07-26 19:00:00+00:00,4055.92411,4057.12431,4055.76439,4056.99277
2026-07-26 19:15:00+00:00,4056.69989,4056.69989,4055.86111,4055.89925
2026-07-26 19:30:00+00:00,4055.92057,4057.61818,4055.08427,4055.98755
2026-07-26 19:45:00+00:00,4055.93009,4056.10944,4055.85952,4056.01616
2026-07-26 20:00:00+00:00,4055.93147,4056.10051,4055.86806,4055.96229
2026-07-26 20:15:00+00:00,4055.91659,4056.10879,4055.85565,4055.89981
2026-07-26 20:30:00+00:00,4055.92769,4056.09952,4055.78455,4055.96151
2026-07-26 20:45:00+00:00,4055.91107,4056.09444,4055.64343,4056.01212
2026-07-26 21:00:00+00:00,4055.9211,4056.10612,4055.80792,4055.96422
2026-07-26 21:15:00+00:00,4055.92314,4056.25672,4055.69221,4055.99
2026-07-26 21:30:00+00:00,4056.03429,4056.16776,4055.80792,4055.99275
2026-07-26 21:45:00+00:00,4055.91806,4056.11218,4055.78354,4056.00718
2026-07-26 22:00:00+00:00,4055.91649,4116.24269,4012.26194,4087.17774
2026-07-26 22:15:00+00:00,4087.22482,4089.97955,4084.01518,4086.0431
2026-07-26 22:30:00+00:00,4086.15186,4092.9928,4085.76368,4090.58123
2026-07-26 22:45:00+00:00,4090.80585,4093.16033,4089.14332,4090.79485
2026-07-26 23:00:00+00:00,4090.75602,4090.90891,4085.44418,4086.05723
2026-07-26 23:15:00+00:00,4085.8876,4086.49132,4084.29995,4084.75517
2026-07-26 23:30:00+00:00,4084.92792,4089.14332,4084.19098,4088.9916
2026-07-26 23:45:00+00:00,4088.73205,4096.40637,4088.42675,4095.19246
2026-07-27 00:00:00+00:00,4094.64624,4116.41214,4092.89508,4115.44935
2026-07-27 00:15:00+00:00,4115.26932,4116.42784,4090.81612,4091.11856
2026-07-27 00:30:00+00:00,4091.95241,4102.22751,4091.95241,4101.26682
2026-07-27 00:45:00+00:00,4101.00117,4108.63224,4099.3687,4102.20248
2026-07-27 01:00:00+00:00,4104.8633,4113.98775,4095.69545,4107.10754
2026-07-27 01:15:00+00:00,4107.65385,4109.28625,4097.18523,4100.06777
2026-07-27 01:30:00+00:00,4099.7919,4104.45868,4098.08797,4102.65391
2026-07-27 01:45:00+00:00,4102.72539,4109.06881,4102.10644,4108.61103
2026-07-27 02:00:00+00:00,4107.79101,4110.15208,4104.2479,4104.90661
2026-07-27 02:15:00+00:00,4104.94352,4106.79026,4101.60315,4103.47099
2026-07-27 02:30:00+00:00,4103.52609,4103.97296,4095.67497,4095.88961
2026-07-27 02:45:00+00:00,4096.07122,4097.97902,4094.83641,4096.16123
2026-07-27 03:00:00+00:00,4095.89991,4095.89991,4090.14684,4091.92989
2026-07-27 03:15:00+00:00,4091.80052,4093.49544,4085.91034,4086.49602
2026-07-27 03:30:00+00:00,4087.81512,4090.64878,4085.1342,4090.62641
2026-07-27 03:45:00+00:00,4090.49982,4091.31822,4088.59927,4091.1567
2026-07-27 04:00:00+00:00,4090.83272,4092.49028,4089.14332,4090.38656
2026-07-27 04:15:00+00:00,4090.24678,4091.82839,4087.13778,4087.97871
2026-07-27 04:30:00+00:00,4088.17757,4092.4754,4088.17757,4091.1563
2026-07-27 04:45:00+00:00,4091.86186,4091.86186,4089.47777,4090.63644
2026-07-27 05:00:00+00:00,4090.48688,4094.66874,4088.44287,4094.50238
2026-07-27 05:15:00+00:00,4094.02201,4094.83641,4086.14794,4088.03261
2026-07-27 05:30:00+00:00,4087.79519,4089.64502,4086.45549,4088.36216
2026-07-27 05:45:00+00:00,4088.07281,4093.32788,4084.14467,4092.99326
2026-07-27 06:00:00+00:00,4092.43118,4096.17827,4092.19142,4094.09066
2026-07-27 06:15:00+00:00,4094.67618,4096.43565,4091.65303,4095.48577
2026-07-27 06:30:00+00:00,4095.6539,4099.16575,4094.33344,4096.90699
2026-07-27 06:45:00+00:00,4096.71564,4098.69661,4094.83641,4097.40446
2026-07-27 07:00:00+00:00,4097.19212,4101.20291,4095.5029,4100.98047
2026-07-27 07:15:00+00:00,4100.33482,4105.59593,4100.33482,4103.45412
2026-07-27 07:30:00+00:00,4103.55137,4104.07392,4096.01049,4096.23639
2026-07-27 07:45:00+00:00,4096.50061,4099.20066,4090.79851,4091.20831
2026-07-27 08:00:00+00:00,4092.07299,4092.1677,4088.41798,4091.90229
2026-07-27 08:15:00+00:00,4091.71823,4092.3228,4089.64502,4091.56737
2026-07-27 08:30:00+00:00,4091.68805,4092.82528,4087.4719,4091.1598
2026-07-27 08:45:00+00:00,4091.36851,4096.90233,4091.31424,4096.79104
2026-07-27 09:00:00+00:00,4096.57079,4098.96264,4093.9982,4095.99224
2026-07-27 09:15:00+00:00,4095.42765,4096.41298,4092.06281,4092.83694
2026-07-27 09:30:00+00:00,4094.27808,4094.4075,4090.9451,4094.02771
2026-07-27 09:45:00+00:00,4093.47216,4100.37723,4093.47216,4097.58599
2026-07-27 10:00:00+00:00,4098.58365,4098.58365,4087.80607,4090.67739
2026-07-27 10:15:00+00:00,4090.12843,4094.33344,4089.99719,4093.08595
2026-07-27 10:30:00+00:00,4093.1867,4102.22751,4092.8221,4101.91697
2026-07-27 10:45:00+00:00,4101.28737,4102.3958,4099.66071,4099.84925
2026-07-27 11:00:00+00:00,4100.11423,4104.2479,4097.60092,4102.63332
2026-07-27 11:15:00+00:00,4103.37735,4103.37735,4100.041,4100.30709
2026-07-27 11:30:00+00:00,4100.20062,4100.37723,4096.17827,4096.34813
2026-07-27 11:45:00+00:00,4096.62405,4096.99677,4094.16581,4094.65665
2026-07-27 12:00:00+00:00,4094.46538,4097.6889,4087.63898,4087.94199
2026-07-27 12:15:00+00:00,4088.44097,4089.41005,4082.96587,4088.66645
2026-07-27 12:30:00+00:00,4088.39535,4088.39535,4083.46605,4086.74611
2026-07-27 12:45:00+00:00,4085.99948,4087.80607,4081.96587,4085.16371
2026-07-27 13:00:00+00:00,4084.85005,4088.56303,4081.7849,4087.08104
2026-07-27 13:15:00+00:00,4086.60324,4086.6367,4077.14875,4078.59898
2026-07-27 13:30:00+00:00,4081.4956,4088.64175,4075.64395,4086.22397
2026-07-27 13:45:00+00:00,4086.67136,4089.33304,4071.99283,4072.39119
2026-07-27 14:00:00+00:00,4073.07587,4078.6361,4072.26015,4076.36368
2026-07-27 14:15:00+00:00,4075.78011,4078.69426,4069.49822,4070.30006
2026-07-27 14:30:00+00:00,4072.11717,4072.11717,4064.73676,4065.35173
2026-07-27 14:45:00+00:00,4065.98042,4075.04539,4065.98042,4074.80995
2026-07-27 15:00:00+00:00,4074.41251,4075.64395,4072.82206,4074.62124
2026-07-27 15:15:00+00:00,4073.90946,4078.75858,4073.90946,4075.95158
2026-07-27 15:30:00+00:00,4075.7948,4077.87164,4072.98794,4074.93492
2026-07-27 15:45:00+00:00,4075.00474,4078.97685,4074.98174,4078.89051
2026-07-27 16:00:00+00:00,4078.82353,4084.63361,4078.01057,4081.59433
2026-07-27 16:15:00+00:00,4081.87204,4086.97074,4078.65747,4086.77927
2026-07-27 16:30:00+00:00,4086.31683,4094.60524,4083.96635,4088.31753
2026-07-27 16:45:00+00:00,4088.92149,4088.92149,4081.2075,4082.13877
2026-07-27 17:00:00+00:00,4082.12489,4082.50097,4070.50108,4073.52169
2026-07-27 17:15:00+00:00,4072.75357,4076.88013,4072.75357,4074.8711
2026-07-27 17:30:00+00:00,4074.98603,4075.81007,4072.65619,4073.91423
2026-07-27 17:45:00+00:00,4074.0456,4076.8244,4074.03777,4076.75807
2026-07-27 18:00:00+00:00,4076.66263,4078.99062,4076.44442,4076.96038
2026-07-27 18:15:00+00:00,4076.99166,4077.47197,4074.05095,4076.56824
2026-07-27 18:30:00+00:00,4076.49975,4079.13522,4073.15384,4076.9462
2026-07-27 18:45:00+00:00,4077.17683,4079.469,4074.96491,4077.74729
2026-07-27 19:00:00+00:00,4077.95847,4081.79926,4076.3085,4080.15025
2026-07-27 19:15:00+00:00,4080.45151,4088.97612,4079.64916,4084.92538
2026-07-27 19:30:00+00:00,4084.22743,4087.30483,4084.13314,4085.13161
2026-07-27 19:45:00+00:00,4085.78294,4089.80554,4082.46581,4082.80335
2026-07-27 20:00:00+00:00,4083.42639,4083.79957,4081.59089,4081.97306
2026-07-27 20:15:00+00:00,4082.06934,4082.33828,4079.1846,4079.99394
2026-07-27 20:30:00+00:00,4079.98621,4079.98621,4076.14234,4077.19532
2026-07-27 20:45:00+00:00,4077.12807,4077.55934,4075.81007,4076.96247
2026-07-27 21:00:00+00:00,4076.90987,4077.13948,4076.47466,4076.69688
2026-07-27 21:15:00+00:00,4076.6249,4076.97326,4076.47466,4076.95354
2026-07-27 21:30:00+00:00,4076.8746,4076.88552,4076.49179,4076.71583
2026-07-27 21:45:00+00:00,4076.63882,4076.84394,4076.47448,4076.69468
2026-07-27 22:00:00+00:00,4076.66245,4081.46606,4076.66152,4077.59722
2026-07-27 22:15:00+00:00,4077.51908,4078.11348,4070.99821,4072.30299
2026-07-27 22:30:00+00:00,4072.35612,4074.97963,4071.2602,4074.87574
2026-07-27 22:45:00+00:00,4074.77463,4074.84678,4073.71045,4074.16776
2026-07-27 23:00:00+00:00,4074.21564,4074.81358,4071.99283,4074.58268
2026-07-27 23:15:00+00:00,4074.36266,4074.81358,4071.92389,4072.93619
2026-07-27 23:30:00+00:00,4072.73064,4073.65162,4072.03178,4072.51918
2026-07-27 23:45:00+00:00,4072.47544,4073.00201,4070.10839,4072.87644
2026-07-28 00:00:00+00:00,4072.69503,4073.30747,4062.39844,4066.64003
2026-07-28 00:15:00+00:00,4066.72843,4067.27778,4058.59629,4062.63917
2026-07-28 00:30:00+00:00,4062.15119,4065.86705,4061.05624,4065.76716
2026-07-28 00:45:00+00:00,4065.54243,4066.3759,4058.44156,4059.05246
2026-07-28 01:00:00+00:00,4059.84612,4059.92449,4054.65677,4056.48886
2026-07-28 01:15:00+00:00,4056.68891,4058.97131,4047.66079,4049.30468
2026-07-28 01:30:00+00:00,4048.95513,4050.70827,4044.48938,4047.86369
2026-07-28 01:45:00+00:00,4048.02378,4049.12911,4042.49891,4045.08006
2026-07-28 02:00:00+00:00,4044.87602,4047.63059,4042.85426,4046.38151
2026-07-28 02:15:00+00:00,4046.5152,4049.06795,4045.788,4046.32344
2026-07-28 02:30:00+00:00,4046.3773,4047.59977,4041.76562,4042.05559
2026-07-28 02:45:00+00:00,4042.81682,4045.15486,4040.73056,4043.42602
2026-07-28 03:00:00+00:00,4042.92783,4047.43595,4041.05636,4046.49316
2026-07-28 03:15:00+00:00,4046.56865,4049.40271,4045.56858,4047.90179
2026-07-28 03:30:00+00:00,4047.75891,4050.87904,4047.36719,4047.97551
2026-07-28 03:45:00+00:00,4048.02137,4050.90449,4047.72448,4048.26765
2026-07-28 04:00:00+00:00,4048.73374,4049.5667,4044.01371,4044.23901
2026-07-28 04:15:00+00:00,4044.66675,4047.89573,4043.83517,4046.29927
2026-07-28 04:30:00+00:00,4046.43147,4047.27214,4043.83517,4047.0236
2026-07-28 04:45:00+00:00,4046.8619,4048.09132,4042.52357,4042.611
2026-07-28 05:00:00+00:00,4042.71192,4043.56036,4040.34907,4041.71455
2026-07-28 05:15:00+00:00,4041.8763,4043.67165,4040.5673,4041.62543
2026-07-28 05:30:00+00:00,4041.48541,4043.43571,4036.04074,4042.11166
2026-07-28 05:45:00+00:00,4041.61629,4046.28955,4039.66577,4046.10673
2026-07-28 06:00:00+00:00,4045.63715,4047.27214,4043.67165,4045.74874
2026-07-28 06:15:00+00:00,4045.439,4047.93289,4043.65644,4047.78975
2026-07-28 06:30:00+00:00,4047.43419,4051.69969,4047.20548,4051.59582
2026-07-28 06:45:00+00:00,4051.30755,4052.41609,4048.41253,4048.48748
2026-07-28 07:00:00+00:00,4048.59446,4050.71495,4047.57611,4049.26748
2026-07-28 07:15:00+00:00,4049.59186,4052.19224,4049.06024,4051.8531
2026-07-28 07:30:00+00:00,4051.78263,4051.78263,4049.37325,4049.53103
2026-07-28 07:45:00+00:00,4049.73796,4050.05873,4046.78079,4046.96283
2026-07-28 08:00:00+00:00,4047.24168,4054.56028,4043.50815,4044.78949
2026-07-28 08:15:00+00:00,4044.68033,4051.37139,4042.78949,4049.74235
2026-07-28 08:30:00+00:00,4049.56604,4049.56604,4042.69082,4042.75283
2026-07-28 08:45:00+00:00,4043.02148,4045.63476,4042.21763,4044.19307
2026-07-28 09:00:00+00:00,4043.68018,4046.51752,4041.56277,4042.80674
2026-07-28 09:15:00+00:00,4042.50001,4044.16225,4040.24411,4040.61072
2026-07-28 09:30:00+00:00,4041.0812,4041.20525,4032.09548,4033.77557
2026-07-28 09:45:00+00:00,4033.49381,4035.83621,4018.00064,4019.11394
2026-07-28 10:00:00+00:00,4020.92688,4027.72567,4020.92688,4023.47897
2026-07-28 10:15:00+00:00,4023.03585,4026.10906,4017.67784,4020.05947
2026-07-28 10:30:00+00:00,4019.46196,4023.73205,4016.74475,4022.46064
2026-07-28 10:45:00+00:00,4022.27244,4029.28235,4022.16724,4028.8896
2026-07-28 11:00:00+00:00,4028.19086,4028.73164,4024.16344,4024.51696
2026-07-28 11:15:00+00:00,4025.0053,4031.44527,4023.49722,4027.13547
2026-07-28 11:30:00+00:00,4027.37335,4031.12025,4026.33328,4027.66755
2026-07-28 11:45:00+00:00,4027.90431,4028.26055,4023.65912,4027.20663
2026-07-28 12:00:00+00:00,4026.29616,4028.19738,4023.04716,4027.56935
2026-07-28 12:15:00+00:00,4026.82285,4034.38642,4025.86737,4034.27656
2026-07-28 12:30:00+00:00,4034.12207,4034.81835,4028.03512,4033.90999
2026-07-28 12:45:00+00:00,4033.69647,4037.3047,4028.84654,4029.10709
2026-07-28 13:00:00+00:00,4029.53001,4035.34966,4027.93797,4033.60761
2026-07-28 13:15:00+00:00,4033.3953,4035.86136,4029.84735,4030.24695
2026-07-28 13:30:00+00:00,4030.86383,4032.25806,4021.51347,4022.27806
2026-07-28 13:45:00+00:00,4022.38436,4027.54843,4022.37197,4022.62237
2026-07-28 14:00:00+00:00,4023.10856,4031.22714,4021.12495,4028.08274
2026-07-28 14:15:00+00:00,4030.01055,4030.01055,4012.44894,4020.11108
2026-07-28 14:30:00+00:00,4019.45786,4024.46877,4019.45786,4021.54359
2026-07-28 14:45:00+00:00,4021.29116,4028.52194,4021.29116,4026.09191
2026-07-28 15:00:00+00:00,4026.24116,4033.39652,4022.35583,4032.29134
2026-07-28 15:15:00+00:00,4032.0492,4040.2408,4032.0492,4037.51373
2026-07-28 15:30:00+00:00,4038.31069,4041.42554,4033.88463,4041.05232
2026-07-28 15:45:00+00:00,4040.48864,4046.78079,4040.48864,4046.66413
2026-07-28 16:00:00+00:00,4046.43713,4046.8378,4042.52739,4044.43902
2026-07-28 16:15:00+00:00,4044.65991,4045.63476,4042.76813,4043.47902
2026-07-28 16:30:00+00:00,4043.30275,4044.05793,4040.89385,4041.94474
2026-07-28 16:45:00+00:00,4041.72847,4041.92902,4036.97873,4037.01457
2026-07-28 17:00:00+00:00,4037.03356,4041.22045,4035.83824,4036.03269
2026-07-28 17:15:00+00:00,4036.38476,4040.89385,4035.67537,4038.51827
2026-07-28 17:30:00+00:00,4038.55529,4038.77221,4028.19738,4028.40059
2026-07-28 17:45:00+00:00,4028.69576,4029.64081,4026.41327,4027.95494
2026-07-28 18:00:00+00:00,4027.69222,4030.14549,4027.57019,4028.80243
2026-07-28 18:15:00+00:00,4028.58698,4030.14549,4026.08906,4026.88269
2026-07-28 18:30:00+00:00,4026.37839,4028.00294,4023.26901,4024.76237
2026-07-28 18:45:00+00:00,4024.65457,4026.31061,4021.27995,4022.59441
2026-07-28 19:00:00+00:00,4022.68214,4025.92697,4022.52615,4024.38511
2026-07-28 19:15:00+00:00,4024.28179,4024.95472,4021.79613,4023.13358
2026-07-28 19:30:00+00:00,4022.81761,4027.71065,4022.81761,4025.03009
2026-07-28 19:45:00+00:00,4025.01398,4027.87288,4024.11534,4027.65454
2026-07-28 20:00:00+00:00,4027.4325,4027.74892,4022.84979,4024.25512
2026-07-28 20:15:00+00:00,4024.02622,4027.87288,4024.02622,4027.75981
2026-07-28 20:30:00+00:00,4027.44689,4030.30792,4027.23542,4030.15954
2026-07-28 20:45:00+00:00,4029.90857,4030.47036,4026.5754,4028.58082
2026-07-28 21:00:00+00:00,4028.68301,4029.49591,4028.4055,4028.79124
2026-07-28 21:15:00+00:00,4028.70501,4028.93993,4028.35965,4028.81627
2026-07-28 21:30:00+00:00,4028.75021,4028.8983,4028.35965,4028.70401
2026-07-28 21:45:00+00:00,4028.75752,4028.98698,4028.46512,4028.56155
2026-07-28 22:00:00+00:00,4028.67948,4029.33355,4025.55416,4026.04959
2026-07-28 22:15:00+00:00,4026.44615,4026.44615,4017.35497,4020.45516
2026-07-28 22:30:00+00:00,4019.85669,4021.52758,4013.93883,4018.61483
2026-07-28 22:45:00+00:00,4018.53684,4020.04889,4014.96701,4019.85146
2026-07-28 23:00:00+00:00,4019.51908,4022.56836,4016.54818,4022.44861
2026-07-28 23:15:00+00:00,4022.1356,4022.99158,4015.54127,4018.23618
2026-07-28 23:30:00+00:00,4018.51146,4022.03111,4016.70151,4021.06333
2026-07-28 23:45:00+00:00,4019.14001,4026.25116,4018.98194,4026.09803
2026-07-29 00:00:00+00:00,4025.76084,4026.2778,4018.00064,4021.28181
2026-07-29 00:15:00+00:00,4021.11321,4027.54843,4021.11321,4022.93659
2026-07-29 00:30:00+00:00,4023.53379,4027.22403,4022.04078,4025.65518
2026-07-29 00:45:00+00:00,4025.42421,4026.04966,4020.90873,4021.76694
2026-07-29 01:00:00+00:00,4021.47326,4024.04886,4009.78989,4013.06013
2026-07-29 01:15:00+00:00,4013.52475,4018.9374,4012.35806,4018.67919
2026-07-29 01:30:00+00:00,4018.32997,4029.65828,4015.90298,4027.23084
2026-07-29 01:45:00+00:00,4027.41027,4027.87288,4022.64505,4025.38218
2026-07-29 02:00:00+00:00,4025.1075,4028.84654,4022.84979,4028.03079
2026-07-29 02:15:00+00:00,4027.77772,4034.76676,4026.44911,4031.18932
2026-07-29 02:30:00+00:00,4031.70818,4037.95679,4030.95776,4034.68936
2026-07-29 02:45:00+00:00,4034.9087,4035.02401,4029.33476,4030.93109
2026-07-29 03:00:00+00:00,4031.68917,4032.25806,4027.99888,4028.12995
2026-07-29 03:15:00+00:00,4028.28784,4028.68423,4025.95085,4026.95244
2026-07-29 03:30:00+00:00,4027.0586,4029.33355,4025.11673,4025.57208
2026-07-29 03:45:00+00:00,4025.65409,4026.79587,4023.49722,4023.53011
2026-07-29 04:00:00+00:00,4023.58498,4023.65912,4021.78837,4022.8908
2026-07-29 04:15:00+00:00,4022.61889,4025.53657,4020.90873,4025.14234
2026-07-29 04:30:00+00:00,4024.92759,4027.12711,4023.17348,4026.1756
2026-07-29 04:45:00+00:00,4026.32832,4028.43012,4022.73837,4026.47127
2026-07-29 05:00:00+00:00,4026.39184,4032.18651,4026.39184,4031.91394
2026-07-29 05:15:00+00:00,4031.44139,4031.44527,4027.01631,4030.57446
2026-07-29 05:30:00+00:00,4030.46392,4036.87135,4027.49814,4036.40687
2026-07-29 05:45:00+00:00,4035.71218,4039.09847,4032.42066,4033.89322
2026-07-29 06:00:00+00:00,4033.0193,4038.11985,4033.0193,4036.42927
2026-07-29 06:15:00+00:00,4036.44769,4042.03719,4035.20343,4041.26524
2026-07-29 06:30:00+00:00,4041.2236,4044.16225,4041.16465,4042.69855
2026-07-29 06:45:00+00:00,4042.53632,4042.85426,4040.2408,4041.94494
2026-07-29 07:00:00+00:00,4041.75014,4046.28955,4040.89385,4046.00829
2026-07-29 07:15:00+00:00,4045.91308,4047.76361,4044.65297,4045.07731
2026-07-29 07:30:00+00:00,4045.25939,4047.51484,4045.10288,4046.69059
2026-07-29 07:45:00+00:00,4046.90467,4047.10794,4042.84499,4043.64549
2026-07-29 08:00:00+00:00,4043.71881,4044.22541,4039.26162,4040.38996
2026-07-29 08:15:00+00:00,4040.34653,4041.87381,4036.00619,4037.79932
2026-07-29 08:30:00+00:00,4037.43933,4039.09847,4035.79265,4038.98438
2026-07-29 08:45:00+00:00,4038.81021,4039.75115,4037.63072,4037.91849
2026-07-29 09:00:00+00:00,4038.26985,4038.26985,4036.00113,4036.2278
2026-07-29 09:15:00+00:00,4036.33623,4038.18085,4033.55921,4033.75103
2026-07-29 09:30:00+00:00,4033.8543,4034.8612,4031.24455,4034.69492
2026-07-29 09:45:00+00:00,4034.63423,4036.32694,4032.58327,4033.1117
2026-07-29 10:00:00+00:00,4033.06851,4033.55921,4031.60781,4031.70815
2026-07-29 10:15:00+00:00,4031.85326,4032.90853,4030.41474,4032.59507
2026-07-29 10:30:00+00:00,4032.2452,4034.20979,4027.06186,4027.20501
2026-07-29 10:45:00+00:00,4027.47461,4028.79492,4025.92697,4027.02247
2026-07-29 11:00:00+00:00,4026.89221,4029.33355,4025.44079,4029.22214
2026-07-29 11:15:00+00:00,4028.9976,4033.23385,4027.35383,4032.87335
2026-07-29 11:30:00+00:00,4032.5723,4033.23385,4030.30792,4031.51038
2026-07-29 11:45:00+00:00,4031.80644,4035.79926,4030.95776,4031.43542
2026-07-29 12:00:00+00:00,4031.88884,4032.58327,4027.58725,4027.89782
2026-07-29 12:15:00+00:00,4028.52944,4029.12236,4015.09676,4015.41536
2026-07-29 12:30:00+00:00,4015.68728,4021.39382,4010.58795,4020.80859
2026-07-29 12:45:00+00:00,4020.51554,4023.33535,4019.35991,4022.05859
2026-07-29 13:00:00+00:00,4022.34351,4025.44079,4015.41921,4015.60886
2026-07-29 13:15:00+00:00,4015.91164,4022.84979,4014.93556,4017.38868
2026-07-29 13:30:00+00:00,4018.41569,4019.28236,4011.98709,4014.7259
2026-07-29 13:45:00+00:00,4014.55865,4015.52947,4004.96616,4005.05123
2026-07-29 14:00:00+00:00,4005.37829,4006.99326,3996.32338,3996.69894
2026-07-29 14:15:00+00:00,3997.3779,4010.82921,3997.3779,4004.36404
2026-07-29 14:30:00+00:00,4004.88079,4008.6587,4000.82119,4001.34345
2026-07-29 14:45:00+00:00,4002.36184,4005.12656,3999.64414,4003.80684
2026-07-29 15:00:00+00:00,4003.8815,4008.82772,4003.66079,4006.82804
2026-07-29 15:15:00+00:00,4006.98754,4010.61162,4003.23067,4010.41058
2026-07-29 15:30:00+00:00,4010.14703,4013.39857,4008.01603,4008.43899
2026-07-29 15:45:00+00:00,4008.8925,4013.66741,4008.8925,4009.11848
2026-07-29 16:00:00+00:00,4009.30043,4016.06426,4008.01603,4010.85057
2026-07-29 16:15:00+00:00,4011.01494,4016.74431,4008.33734,4016.50943
2026-07-29 16:30:00+00:00,4016.19606,4019.22337,4014.60283,4016.44685
2026-07-29 16:45:00+00:00,4016.55762,4031.60781,4015.90298,4028.01696
2026-07-29 17:00:00+00:00,4028.81066,4049.8947,4026.73754,4049.02155
2026-07-29 17:15:00+00:00,4047.34919,4049.61418,4038.61644,4039.61584
2026-07-29 17:30:00+00:00,4041.77754,4046.14657,4036.65281,4045.76561
2026-07-29 17:45:00+00:00,4045.15118,4047.76361,4042.20057,4042.26289
2026-07-29 18:00:00+00:00,4042.22297,4086.4697,4034.02762,4080.98685
2026-07-29 18:15:00+00:00,4082.65124,4083.13258,4064.00533,4065.93093
2026-07-29 18:30:00+00:00,4065.66612,4085.23214,4051.69969,4083.28374
2026-07-29 18:45:00+00:00,4080.74066,4108.98797,4080.43116,4108.25897
2026-07-29 19:00:00+00:00,4106.83651,4114.04122,4092.9928,4100.86719
2026-07-29 19:15:00+00:00,4100.17911,4104.41635,4081.79926,4084.08945
2026-07-29 19:30:00+00:00,4083.52224,4087.54547,4066.36304,4069.90829
2026-07-29 19:45:00+00:00,4071.66498,4071.66498,4046.50268,4047.97756
2026-07-29 20:00:00+00:00,4049.91172,4056.82531,4040.72178,4056.08115
2026-07-29 20:15:00+00:00,4054.67124,4055.7296,4045.1438,4054.36116
2026-07-29 20:30:00+00:00,4052.60789,4068.31112,4052.60789,4067.93665
2026-07-29 20:45:00+00:00,4067.30472,4071.82987,4064.04942,4066.93415
2026-07-29 21:00:00+00:00,4066.17292,4068.55761,4065.70174,4066.30452
2026-07-29 21:15:00+00:00,4066.24009,4066.47495,4066.03237,4066.29657
2026-07-29 21:30:00+00:00,4066.21412,4066.39213,4065.37117,4066.31255
2026-07-29 21:45:00+00:00,4066.21584,4066.44847,4064.77066,4065.84109
2026-07-29 22:00:00+00:00,4066.06402,4077.47197,4064.54497,4077.07005
2026-07-29 22:15:00+00:00,4076.30841,4077.47197,4072.68972,4073.515
2026-07-29 22:30:00+00:00,4073.68735,4080.07973,4073.68735,4079.70996
2026-07-29 22:45:00+00:00,4079.23997,4090.64878,4079.23997,4087.01395
2026-07-29 23:00:00+00:00,4087.51378,4099.3687,4086.10926,4091.79598
2026-07-29 23:15:00+00:00,4093.21965,4094.80438,4090.31414,4093.11126
2026-07-29 23:30:00+00:00,4093.4735,4095.29816,4090.16162,4090.49835
2026-07-29 23:45:00+00:00,4091.19551,4092.55859,4085.29297,4085.42413
2026-07-30 00:00:00+00:00,4085.58152,4086.2954,4079.16181,4082.43288
2026-07-30 00:15:00+00:00,4082.06506,4083.48316,4073.31976,4074.17145
2026-07-30 00:30:00+00:00,4074.49591,4076.85751,4065.95037,4066.44908
2026-07-30 00:45:00+00:00,4067.48255,4071.51666,4065.04065,4071.0237
2026-07-30 01:00:00+00:00,4070.19925,4093.31423,4070.19925,4078.48592
2026-07-30 01:15:00+00:00,4079.19735,4083.96635,4073.65162,4083.8432
2026-07-30 01:30:00+00:00,4083.38412,4089.97955,4080.30031,4088.62814
2026-07-30 01:45:00+00:00,4088.74537,4089.97955,4084.46677,4085.30117
2026-07-30 02:00:00+00:00,4085.79498,4089.81228,4083.59474,4083.89274
2026-07-30 02:15:00+00:00,4084.30319,4085.06005,4079.93984,4082.24333
2026-07-30 02:30:00+00:00,4081.68035,4083.80157,4073.33167,4073.88985
2026-07-30 02:45:00+00:00,4074.90963,4076.97326,4065.84121,4066.24464
2026-07-30 03:00:00+00:00,4066.9253,4069.82503,4060.91371,4061.09248
2026-07-30 03:15:00+00:00,4061.07463,4063.8349,4052.84915,4053.23895
2026-07-30 03:30:00+00:00,4053.91544,4054.9856,4050.65593,4053.61466
2026-07-30 03:45:00+00:00,4053.309,4059.64184,4051.27782,4057.07295
2026-07-30 04:00:00+00:00,4057.3985,4060.57271,4053.17769,4054.33502
2026-07-30 04:15:00+00:00,4054.21223,4055.31449,4051.86386,4053.96313
2026-07-30 04:30:00+00:00,4054.16449,4054.16449,4047.59977,4049.30997
2026-07-30 04:45:00+00:00,4048.67475,4051.04314,4045.79844,4045.92137
2026-07-30 05:00:00+00:00,4046.04247,4047.10834,4042.52739,4045.25828
2026-07-30 05:15:00+00:00,4045.10245,4046.94456,4038.28292,4046.68781
2026-07-30 05:30:00+00:00,4046.26761,4051.69969,4029.82067,4035.91556
2026-07-30 05:45:00+00:00,4035.59529,4037.63072,4030.32798,4032.99485
2026-07-30 06:00:00+00:00,4033.28733,4039.42479,4031.77035,4031.9815
2026-07-30 06:15:00+00:00,4032.2656,4039.65532,4029.1712,4029.79429
2026-07-30 06:30:00+00:00,4031.05705,4037.1417,4031.05705,4036.96298
2026-07-30 06:45:00+00:00,4036.91816,4040.89385,4035.00817,4035.86226
2026-07-30 07:00:00+00:00,4035.95156,4047.43595,4035.95156,4047.30052
2026-07-30 07:15:00+00:00,4047.09518,4051.02981,4043.67165,4044.38916
2026-07-30 07:30:00+00:00,4044.81897,4046.3071,4037.61661,4045.34508
2026-07-30 07:45:00+00:00,4043.5732,4047.59977,4038.44601,4038.96472
2026-07-30 08:00:00+00:00,4038.7194,4054.49238,4038.08636,4054.07917
2026-07-30 08:15:00+00:00,4053.88713,4067.35541,4053.47613,4065.37594
2026-07-30 08:30:00+00:00,4065.75182,4072.65619,4062.051,4065.56037
2026-07-30 08:45:00+00:00,4064.74903,4070.66678,4059.54774,4061.34024
2026-07-30 09:00:00+00:00,4060.96414,4068.18274,4060.96414,4065.22931
2026-07-30 09:15:00+00:00,4065.87368,4072.43941,4065.2059,4070.88914
2026-07-30 09:30:00+00:00,4071.18905,4071.18905,4060.27162,4065.62853
2026-07-30 09:45:00+00:00,4065.47557,4072.49033,4063.90194,4064.35922
2026-07-30 10:00:00+00:00,4065.12585,4077.35073,4062.26269,4067.37165
2026-07-30 10:15:00+00:00,4066.67118,4077.47197,4066.67118,4076.40897
2026-07-30 10:30:00+00:00,4076.13827,4081.63265,4076.13827,4081.14302
2026-07-30 10:45:00+00:00,4080.7554,4083.05003,4078.6361,4079.52049
2026-07-30 11:00:00+00:00,4079.34113,4082.74734,4078.01978,4079.30663
2026-07-30 11:15:00+00:00,4079.94448,4082.12048,4076.47466,4077.0364
2026-07-30 11:30:00+00:00,4077.11869,4079.13522,4076.97326,4079.04772
2026-07-30 11:45:00+00:00,4078.81695,4080.30031,4076.3085,4077.3533
2026-07-30 12:00:00+00:00,4077.71508,4082.68574,4074.81358,4077.5699
2026-07-30 12:15:00+00:00,4076.21408,4081.17105,4072.32448,4078.67896
2026-07-30 12:30:00+00:00,4079.33409,4087.95633,4072.49033,4076.35526
2026-07-30 12:45:00+00:00,4077.15291,4079.39531,4068.01725,4073.11716
2026-07-30 13:00:00+00:00,4072.35882,4076.3085,4062.78838,4075.54938
2026-07-30 13:15:00+00:00,4074.83959,4083.29931,4073.0175,4075.69457
2026-07-30 13:30:00+00:00,4075.96605,4097.85682,4075.47785,4093.63626
2026-07-30 13:45:00+00:00,4093.30834,4109.92491,4088.30744,4107.91581
2026-07-30 14:00:00+00:00,4103.34053,4117.93774,4092.3228,4097.98129
2026-07-30 14:15:00+00:00,4098.54081,4099.44002,4087.25785,4095.08657
2026-07-30 14:30:00+00:00,4093.67583,4109.67247,4093.67583,4109.02756
2026-07-30 14:45:00+00:00,4108.20881,4110.48997,4097.35311,4099.30837
2026-07-30 15:00:00+00:00,4098.6825,4100.041,4083.6328,4083.94619
2026-07-30 15:15:00+00:00,4084.36962,4096.51387,4081.24046,4094.26034
2026-07-30 15:30:00+00:00,4094.18835,4101.89603,4092.9928,4101.5825
2026-07-30 15:45:00+00:00,4100.99612,4109.47645,4097.19944,4108.13816
2026-07-30 16:00:00+00:00,4108.29996,4116.07327,4107.61963,4115.58107
2026-07-30 16:15:00+00:00,4114.62204,4119.46447,4113.87198,4116.46047
2026-07-30 16:30:00+00:00,4116.6744,4117.08399,4109.00083,4109.32869
2026-07-30 16:45:00+00:00,4109.83982,4110.99692,4106.94484,4109.17571
2026-07-30 17:00:00+00:00,4109.45777,4111.07569,4106.28305,4106.61582
2026-07-30 17:15:00+00:00,4107.09325,4108.98169,4101.49525,4102.76765
2026-07-30 17:30:00+00:00,4105.48704,4108.29465,4099.53675,4103.84823
2026-07-30 17:45:00+00:00,4104.52466,4108.80105,4102.22751,4102.66525
2026-07-30 18:00:00+00:00,4102.85985,4106.77618,4102.73242,4106.58929
2026-07-30 18:15:00+00:00,4106.53971,4106.74695,4100.71352,4102.87027
2026-07-30 18:30:00+00:00,4101.99049,4107.09364,4101.99049,4104.74597
2026-07-30 18:45:00+00:00,4104.51544,4105.25884,4099.03263,4099.16782
2026-07-30 19:00:00+00:00,4099.2736,4105.59593,4099.15967,4105.39205
2026-07-30 19:15:00+00:00,4104.90669,4114.88766,4103.57421,4114.16848
2026-07-30 19:30:00+00:00,4113.89019,4115.05699,4111.50399,4113.23674
2026-07-30 19:45:00+00:00,4112.85246,4113.53353,4109.64534,4111.91463
2026-07-30 20:00:00+00:00,4110.52359,4116.75793,4109.71877,4113.91419
2026-07-30 20:15:00+00:00,4113.96801,4114.71835,4112.51851,4112.65695
2026-07-30 20:30:00+00:00,4112.87523,4114.58525,4102.90075,4103.33019
2026-07-30 20:45:00+00:00,4104.07703,4104.07703,4099.20066,4103.49754
2026-07-30 21:00:00+00:00,4103.37557,4103.73826,4103.16403,4103.64173
2026-07-30 21:15:00+00:00,4103.58263,4103.94939,4103.30116,4103.69871
2026-07-30 21:30:00+00:00,4103.61118,4103.94962,4103.36249,4103.61979
2026-07-30 21:45:00+00:00,4103.58115,4103.76929,4103.40583,4103.55714
2026-07-30 22:00:00+00:00,4103.58768,4107.23086,4102.22751,4106.88598
2026-07-30 22:15:00+00:00,4106.35143,4108.29465,4106.35143,4107.65213
2026-07-30 22:30:00+00:00,4107.71271,4110.48997,4107.45092,4110.29959
2026-07-30 22:45:00+00:00,4110.23716,4111.68859,4109.47645,4109.68321
2026-07-30 23:00:00+00:00,4109.75098,4112.01118,4106.94484,4107.05054
2026-07-30 23:15:00+00:00,4107.23152,4107.51284,4104.62723,4104.8408
2026-07-30 23:30:00+00:00,4105.23863,4107.45092,4103.23745,4105.08971
2026-07-30 23:45:00+00:00,4105.51829,4110.15208,4105.51829,4106.29518
2026-07-31 00:00:00+00:00,4106.71503,4106.71503,4101.04987,4101.57866
2026-07-31 00:15:00+00:00,4101.61752,4104.09421,4096.56152,4097.1886
2026-07-31 00:30:00+00:00,4098.42221,4098.42221,4090.81612,4091.87971
2026-07-31 00:45:00+00:00,4092.02771,4095.17505,4090.92094,4093.69405
2026-07-31 01:00:00+00:00,4093.40878,4101.21806,4090.74082,4091.78373
2026-07-31 01:15:00+00:00,4093.34699,4094.83641,4088.30744,4094.05573
2026-07-31 01:30:00+00:00,4094.41438,4094.41438,4084.29995,4086.03715
2026-07-31 01:45:00+00:00,4086.2823,4090.98755,4082.33207,4086.20253
2026-07-31 02:00:00+00:00,4086.28907,4089.64502,4081.96587,4089.26352
2026-07-31 02:15:00+00:00,4089.41775,4089.41775,4081.79926,4082.76204
2026-07-31 02:30:00+00:00,4082.63332,4083.79957,4076.27254,4076.54011
2026-07-31 02:45:00+00:00,4076.98306,4078.16899,4073.87457,4077.93559
2026-07-31 03:00:00+00:00,4077.57182,4077.57182,4072.9132,4073.02589
2026-07-31 03:15:00+00:00,4073.18566,4075.24042,4072.49033,4074.85962
2026-07-31 03:30:00+00:00,4074.1751,4079.46804,4074.1751,4075.71833
2026-07-31 03:45:00+00:00,4075.98688,4077.67959,4074.5706,4074.67355
2026-07-31 04:00:00+00:00,4074.84001,4076.37508,4073.9242,4075.78276
2026-07-31 04:15:00+00:00,4074.4528,4079.96736,4073.02641,4079.84579
2026-07-31 04:30:00+00:00,4079.54074,4081.46606,4078.94665,4079.72767
2026-07-31 04:45:00+00:00,4080.09375,4080.09375,4074.48152,4079.38138
2026-07-31 05:00:00+00:00,4078.97774,4082.83011,4078.97774,4079.84336
2026-07-31 05:15:00+00:00,4080.20657,4082.63248,4079.68687,4081.27722
2026-07-31 05:30:00+00:00,4081.1597,4081.29949,4076.9528,4077.27155
2026-07-31 05:45:00+00:00,4077.78903,4077.78903,4073.55754,4074.73353
2026-07-31 06:00:00+00:00,4074.49697,4082.63248,4073.15384,4081.70999
2026-07-31 06:15:00+00:00,4081.65837,4088.52621,4081.46606,4086.27105
2026-07-31 06:30:00+00:00,4085.85023,4085.85023,4077.62959,4078.085
2026-07-31 06:45:00+00:00,4078.20133,4081.63265,4076.40558,4079.01362
2026-07-31 07:00:00+00:00,4078.85183,4078.85183,4075.08301,4077.16951
2026-07-31 07:15:00+00:00,4077.00548,4079.42146,4074.38094,4074.62694
2026-07-31 07:30:00+00:00,4075.1017,4075.1017,4068.51377,4073.7039
2026-07-31 07:45:00+00:00,4073.3791,4073.65162,4069.83843,4070.4629
2026-07-31 08:00:00+00:00,4070.51518,4070.81363,4061.24355,4061.47008
2026-07-31 08:15:00+00:00,4061.85284,4067.35541,4058.60627,4059.11195
2026-07-31 08:30:00+00:00,4059.13633,4060.71149,4055.47895,4059.99015
2026-07-31 08:45:00+00:00,4059.77739,4064.11302,4058.11217,4063.94295
2026-07-31 09:00:00+00:00,4063.72802,4064.09033,4056.46601,4057.69372
2026-07-31 09:15:00+00:00,4057.40673,4057.40673,4052.02804,4052.29326
2026-07-31 09:30:00+00:00,4052.40122,4053.50628,4050.32851,4052.67188
2026-07-31 09:45:00+00:00,4052.36997,4056.79513,4052.30941,4053.99402
2026-07-31 10:00:00+00:00,4054.23189,4057.94749,4053.83493,4056.90584
2026-07-31 10:15:00+00:00,4056.74048,4056.74048,4052.6849,4052.97491
2026-07-31 10:30:00+00:00,4053.05212,4056.46601,4053.01342,4054.71703
2026-07-31 10:45:00+00:00,4054.2764,4057.12431,4053.86495,4054.32586
2026-07-31 11:00:00+00:00,4054.5264,4058.93575,4052.35645,4057.55259
2026-07-31 11:15:00+00:00,4058.09719,4060.67965,4054.328,4058.94132
2026-07-31 11:30:00+00:00,4059.41055,4059.41055,4051.38838,4051.4647
2026-07-31 11:45:00+00:00,4051.70201,4055.59741,4051.53664,4055.43147
2026-07-31 12:00:00+00:00,4055.1924,4058.94503,4052.57943,4058.40706
2026-07-31 12:15:00+00:00,4057.82604,4060.42099,4049.80008,4050.00104
2026-07-31 12:30:00+00:00,4050.36432,4050.92343,4042.52739,4042.73574
2026-07-31 12:45:00+00:00,4042.94921,4046.28955,4041.2066,4041.52452
2026-07-31 13:00:00+00:00,4042.17359,4043.18427,4035.85845,4036.06259
2026-07-31 13:15:00+00:00,4036.37681,4044.99383,4035.34966,4042.77662
2026-07-31 13:30:00+00:00,4042.39853,4043.01771,4022.52615,4023.20989
2026-07-31 13:45:00+00:00,4024.30582,4031.9609,4023.82102,4028.85385
2026-07-31 14:00:00+00:00,4030.39643,4031.77035,4021.07041,4030.06639
2026-07-31 14:15:00+00:00,4029.53931,4039.91435,4029.53931,4039.32522
2026-07-31 14:30:00+00:00,4039.16573,4042.52739,4037.79375,4041.64712
2026-07-31 14:45:00+00:00,4041.80849,4049.73069,4040.67722,4049.47086
2026-07-31 15:00:00+00:00,4048.8852,4049.73069,4043.83517,4045.868
2026-07-31 15:15:00+00:00,4045.12101,4051.60436,4041.93964,4042.13079
2026-07-31 15:30:00+00:00,4042.37293,4043.18786,4037.63072,4041.03619
2026-07-31 15:45:00+00:00,4041.4032,4046.45328,4039.88871,4045.72025
2026-07-31 16:00:00+00:00,4045.5834,4046.43931,4041.46505,4046.18023
2026-07-31 16:15:00+00:00,4045.51373,4048.74691,4043.18117,4046.18377
2026-07-31 16:30:00+00:00,4046.64037,4050.25153,4042.36397,4042.61568
2026-07-31 16:45:00+00:00,4042.93092,4045.28731,4042.20057,4043.59633
2026-07-31 17:00:00+00:00,4043.37403,4045.983,4041.71045,4044.13272
2026-07-31 17:15:00+00:00,4043.15724,4050.39974,4043.15724,4049.5241
2026-07-31 17:30:00+00:00,4047.99429,4052.84915,4047.99429,4051.23008
2026-07-31 17:45:00+00:00,4050.82168,4054.49238,4050.82168,4053.54071
2026-07-31 18:00:00+00:00,4053.58704,4054.49238,4047.90609,4048.02328
2026-07-31 18:15:00+00:00,4048.18926,4051.60782,4047.698,4050.8013
2026-07-31 18:30:00+00:00,4050.60658,4051.48153,4048.2552,4051.33433
2026-07-31 18:45:00+00:00,4051.0619,4051.20726,4048.17458,4049.7796
2026-07-31 19:00:00+00:00,4049.75513,4052.52019,4047.27214,4048.08528
2026-07-31 19:15:00+00:00,4047.9884,4050.55387,4047.26287,4049.7476
2026-07-31 19:30:00+00:00,4050.05554,4053.65467,4049.23874,4052.84717
2026-07-31 19:45:00+00:00,4051.76172,4055.64343,4050.22276,4052.30418
2026-07-31 20:00:00+00:00,4052.20325,4052.86075,4045.4711,4047.33885
2026-07-31 20:15:00+00:00,4047.007,4048.65514,4046.42479,4047.24616
2026-07-31 20:30:00+00:00,4047.12354,4052.6849,4046.80976,4051.33735
2026-07-31 20:45:00+00:00,4051.74178,4055.12765,4043.34465,4045.25141
2026-07-31 21:00:00+00:00,4044.91865,4044.91865,4042.03719,4042.75959
2026-07-31 21:15:00+00:00,4042.67774,4042.86044,4042.61945,4042.73601
2026-07-31 21:30:00+00:00,4042.68249,4042.86214,4042.61191,4042.65447
2026-07-31 21:45:00+00:00,4042.67967,4042.86116,4042.62397,4042.73765
2026-07-31 22:00:00+00:00,4042.68428,4042.87431,4042.62528,4042.77256
2026-07-31 22:15:00+00:00,4042.68397,4042.86762,4042.62753,4042.72045
2026-07-31 22:30:00+00:00,4042.68257,4042.86655,4042.6259,4042.65479
2026-07-31 22:45:00+00:00,4042.6846,4042.86531,4042.6253,4042.75341
2026-07-31 23:00:00+00:00,4042.68594,4042.86121,4042.62234,4042.7752
2026-07-31 23:15:00+00:00,4042.68395,4042.86613,4042.62365,4042.71834
2026-07-31 23:30:00+00:00,4042.68592,4042.87261,4042.63096,4042.65587
2026-07-31 23:45:00+00:00,4042.68656,4042.86843,4042.62361,4042.76542
2026-08-01 00:00:00+00:00,4042.68264,4042.8735,4042.62574,4042.77861
2026-08-01 00:15:00+00:00,4042.68854,4042.87429,4042.63221,4042.7405
2026-08-01 00:30:00+00:00,4042.69274,4042.86354,4042.62691,4042.65795
2026-08-01 00:45:00+00:00,4042.68458,4042.86826,4042.62755,4042.78437
2026-08-01 01:00:00+00:00,4042.69218,4042.87318,4042.63035,4042.77284
2026-08-01 01:15:00+00:00,4042.68947,4042.8653,4042.62401,4042.74871
2026-08-01 01:30:00+00:00,4042.68609,4042.86613,4042.62991,4042.66711
2026-08-01 01:45:00+00:00,4042.68644,4042.86734,4042.62528,4042.67556
2026-08-01 02:00:00+00:00,4042.68407,4042.86519,4042.62423,4042.75845
2026-08-01 02:15:00+00:00,4042.68404,4042.87344,4042.62692,4042.7674
2026-08-01 02:30:00+00:00,4042.69317,4042.86642,4042.62729,4042.67644
2026-08-01 02:45:00+00:00,4042.6851,4042.87103,4042.62855,4042.66978
2026-08-01 03:00:00+00:00,4042.68864,4042.87256,4042.62936,4042.74774
2026-08-01 03:15:00+00:00,4042.68557,4042.86655,4042.62533,4042.77015
2026-08-01 03:30:00+00:00,4042.6862,4042.86529,4042.62742,4042.7347
2026-08-01 03:45:00+00:00,4042.68441,4042.86613,4042.62401,4042.65912
2026-08-01 04:00:00+00:00,4042.6856,4042.86497,4042.62527,4042.74557
2026-08-01 04:15:00+00:00,4042.68228,4042.87259,4042.62101,4042.77068
2026-08-01 04:30:00+00:00,4042.68101,4042.865,4042.62857,4042.7203
2026-08-01 04:45:00+00:00,4042.68437,4042.86694,4042.6257,4042.65577
2026-08-01 05:00:00+00:00,4042.68559,4042.86451,4042.62503,4042.75619
2026-08-01 05:15:00+00:00,4042.68264,4042.85925,4042.62202,4042.77023
2026-08-01 05:30:00+00:00,4042.67937,4042.86108,4042.62101,4042.71877
2026-08-01 05:45:00+00:00,4042.68097,4042.86163,4042.62198,4042.65179
2026-08-01 06:00:00+00:00,4042.68101,4042.86205,4042.61906,4042.76642
2026-08-01 06:15:00+00:00,4042.67937,4042.86613,4042.62987,4042.77049
2026-08-01 06:30:00+00:00,4042.68264,4042.86274,4042.62038,4042.73429
2026-08-01 06:45:00+00:00,4042.68089,4042.86033,4042.62098,4042.65848
2026-08-01 07:00:00+00:00,4042.68264,4042.86529,4042.62365,4042.68269
2026-08-01 07:15:00+00:00,4042.68264,4042.86133,4042.62236,4042.76176
2026-08-01 07:30:00+00:00,4042.68101,4042.8645,4042.62038,4042.74819
2026-08-01 07:45:00+00:00,4042.68081,4042.86436,4042.62425,4042.66743
2026-08-01 08:00:00+00:00,4042.6824,4042.86164,4042.61936,4042.66835
2026-08-01 08:15:00+00:00,4042.68101,4042.86207,4042.62256,4042.75117
2026-08-01 08:30:00+00:00,4042.68101,4042.86124,4042.62071,4042.75801
2026-08-01 08:45:00+00:00,4042.67937,4042.85927,4042.62038,4042.67943
2026-08-01 09:00:00+00:00,4042.68264,4042.86438,4042.61938,4042.65696
2026-08-01 09:15:00+00:00,4042.67937,4042.86165,4042.62363,4042.73943
2026-08-01 09:30:00+00:00,4042.68279,4042.86045,4042.61907,4042.76592
2026-08-01 09:45:00+00:00,4042.67937,4042.86613,4042.62656,4042.72754
2026-08-01 10:00:00+00:00,4042.68417,4042.86109,4042.62365,4042.65096
2026-08-01 10:15:00+00:00,4042.67937,4042.8603,4042.62099,4042.74312
2026-08-01 10:30:00+00:00,4042.67937,4042.85999,4042.62034,4042.76991
2026-08-01 10:45:00+00:00,4042.67937,4042.86045,4042.62072,4042.70995
2026-08-01 11:00:00+00:00,4042.68101,4042.8645,4042.62655,4042.65396
2026-08-01 11:15:00+00:00,4042.6846,4042.86109,4042.62255,4042.75767
2026-08-01 11:30:00+00:00,4042.67937,4042.8587,4042.61937,4042.76968
2026-08-01 11:45:00+00:00,4042.67937,4042.86044,4042.62034,4042.72251
2026-08-01 12:00:00+00:00,4042.67937,4042.85796,4042.61907,4042.6514
2026-08-01 12:15:00+00:00,4042.67937,4042.86124,4042.61875,4042.77025
2026-08-01 12:30:00+00:00,4042.67937,4042.86109,4042.62256,4042.76527
2026-08-01 12:45:00+00:00,4042.67937,4042.86,4042.61937,4042.73759
2026-08-01 13:00:00+00:00,4042.67937,4042.86044,4042.62093,4042.65782
2026-08-01 13:15:00+00:00,4042.67937,4042.86124,4042.61908,4042.67492
2026-08-01 13:30:00+00:00,4042.67937,4042.85601,4042.61875,4042.75696
2026-08-01 13:45:00+00:00,4042.67937,4042.8611,4042.61936,4042.75073
2026-08-01 14:00:00+00:00,4042.67937,4042.86001,4042.62036,4042.66786
2026-08-01 14:15:00+00:00,4042.67937,4042.86043,4042.61908,4042.66312
2026-08-01 14:30:00+00:00,4042.67937,4042.86124,4042.62341,4042.74535
2026-08-01 14:45:00+00:00,4042.67937,4042.8611,4042.61874,4042.761
2026-08-01 15:00:00+00:00,4042.67937,4042.85867,4042.61936,4042.7339
2026-08-01 15:15:00+00:00,4042.67937,4042.86042,4042.62037,4042.65457
2026-08-01 15:30:00+00:00,4042.67937,4042.85799,4042.61908,4042.73271
2026-08-01 15:45:00+00:00,4042.67937,4042.86124,4042.61874,4042.76768
2026-08-01 16:00:00+00:00,4042.67937,4042.8611,4042.62259,4042.71834
2026-08-01 16:15:00+00:00,4042.67937,4042.86002,4042.61935,4042.64987
2026-08-01 16:30:00+00:00,4042.67937,4042.86042,4042.62037,4042.74803
2026-08-01 16:45:00+00:00,4042.67937,4042.858,4042.61909,4042.7703
2026-08-01 17:00:00+00:00,4042.67937,4042.86124,4042.61874,4042.71178
2026-08-01 17:15:00+00:00,4042.67937,4042.8611,4042.62261,4042.64936
2026-08-01 17:30:00+00:00,4042.67937,4042.86003,4042.61935,4042.76205
2026-08-01 17:45:00+00:00,4042.67937,4042.86041,4042.62089,4042.76869
2026-08-01 18:00:00+00:00,4042.67937,4042.86123,4042.61909,4042.72759
2026-08-01 18:15:00+00:00,4042.67937,4042.85596,4042.61874,4042.65307
2026-08-01 18:30:00+00:00,4042.67937,4042.86111,4042.61934,4042.77378
2026-08-01 18:45:00+00:00,4042.67937,4042.86003,4042.62039,4042.76296
2026-08-01 19:00:00+00:00,4042.67937,4042.86041,4042.61909,4042.74215
2026-08-01 19:15:00+00:00,4042.67937,4042.86123,4042.62336,4042.66073
2026-08-01 19:30:00+00:00,4042.67937,4042.86111,4042.61874,4042.67076
2026-08-01 19:45:00+00:00,4042.67937,4042.85864,4042.61934,4042.7535
2026-08-01 20:00:00+00:00,4042.67937,4042.8604,4042.62039,4042.75444
2026-08-01 20:15:00+00:00,4042.67937,4042.85803,4042.6191,4042.67182
2026-08-01 20:30:00+00:00,4042.67937,4042.86123,4042.61874,4042.65993
2026-08-01 20:45:00+00:00,4042.67937,4042.86111,4042.62264,4042.74098
2026-08-01 21:00:00+00:00,4042.67937,4042.86005,4042.61933,4042.7636
2026-08-01 21:15:00+00:00,4042.67937,4042.8604,4042.62087,4042.7288
2026-08-01 21:30:00+00:00,4042.67937,4042.86123,4042.6191,4042.65259
2026-08-01 21:45:00+00:00,4042.67937,4042.85592,4042.61874,4042.73779
2026-08-01 22:00:00+00:00,4042.67937,4042.86111,4042.61933,4042.769
2026-08-01 22:15:00+00:00,4042.67937,4042.86005,4042.62041,4042.71337
2026-08-01 22:30:00+00:00,4042.67937,4042.86039,4042.62086,4042.64924
2026-08-01 22:45:00+00:00,4042.67937,4042.86123,4042.6191,4042.7528
2026-08-01 23:00:00+00:00,4042.67937,4042.8559,4042.61874,4042.77024
2026-08-01 23:15:00+00:00,4042.67937,4042.86112,4042.61933,4042.71701
2026-08-01 23:30:00+00:00,4042.67937,4042.86006,4042.62042,4042.65011
2026-08-01 23:45:00+00:00,4042.67937,4042.86039,4042.61911,4042.76617
2026-08-02 00:00:00+00:00,4042.67937,4042.86123,4042.62331,4042.76726
2026-08-02 00:15:00+00:00,4042.67937,4042.86112,4042.61874,4042.73253
2026-08-02 00:30:00+00:00,4042.67937,4042.8586,4042.61932,4042.65515
2026-08-02 00:45:00+00:00,4042.67937,4042.86038,4042.62042,4042.77697
2026-08-02 01:00:00+00:00,4042.67937,4042.85807,4042.61911,4042.76025
2026-08-02 01:15:00+00:00,4042.67937,4042.86123,4042.61874,4042.74645
2026-08-02 01:30:00+00:00,4042.67937,4042.86112,4042.62268,4042.66401
2026-08-02 01:45:00+00:00,4042.67937,4042.86007,4042.61932,4042.66688
2026-08-02 02:00:00+00:00,4042.67937,4042.86038,4042.62084,4042.74971
2026-08-02 02:15:00+00:00,4042.67937,4042.86122,4042.61911,4042.75781
2026-08-02 02:30:00+00:00,4042.67937,4042.85587,4042.61874,4042.67606
2026-08-02 02:45:00+00:00,4042.67937,4042.86112,4042.61931,4042.65712
2026-08-02 03:00:00+00:00,4042.67937,4042.86008,4042.62044,4042.73637
2026-08-02 03:15:00+00:00,4042.67937,4042.86037,4042.61912,4042.7658
2026-08-02 03:30:00+00:00,4042.67937,4042.86122,4042.62328,4042.7237
2026-08-02 03:45:00+00:00,4042.67937,4042.86113,4042.61874,4042.65104
2026-08-02 04:00:00+00:00,4042.67937,4042.85857,4042.61931,4042.74281
2026-08-02 04:15:00+00:00,4042.67937,4042.86008,4042.62045,4042.76987
2026-08-02 04:30:00+00:00,4042.67937,4042.86037,4042.61912,4042.70852
2026-08-02 04:45:00+00:00,4042.67937,4042.86122,4042.62326,4042.64906
2026-08-02 05:00:00+00:00,4042.67937,4042.86113,4042.61874,4042.75739
2026-08-02 05:15:00+00:00,4042.67937,4042.85856,4042.6193,4042.76973
2026-08-02 05:30:00+00:00,4042.67937,4042.86036,4042.62045,4042.72219
2026-08-02 05:45:00+00:00,4042.67937,4042.85811,4042.61912,4042.65131
2026-08-02 06:00:00+00:00,4042.67937,4042.86122,4042.61874,4042.77002
2026-08-02 06:15:00+00:00,4042.67937,4042.86113,4042.62273,4042.7654
2026-08-02 06:30:00+00:00,4042.67937,4042.8601,4042.6193,4042.7373
2026-08-02 06:45:00+00:00,4042.67937,4042.86036,4042.6208,4042.65765
2026-08-02 07:00:00+00:00,4042.67937,4042.86122,4042.61913,4042.67519
2026-08-02 07:15:00+00:00,4042.67937,4042.85581,4042.61874,4042.75717
2026-08-02 07:30:00+00:00,4042.67937,4042.86113,4042.6193,4042.75049
2026-08-02 07:45:00+00:00,4042.67937,4042.8601,4042.62047,4042.66763
2026-08-02 08:00:00+00:00,4042.67937,4042.86035,4042.61913,4042.66333
2026-08-02 08:15:00+00:00,4042.67937,4042.86122,4042.62323,4042.74562
2026-08-02 08:30:00+00:00,4042.67937,4042.86114,4042.61874,4042.76082
2026-08-02 08:45:00+00:00,4042.67937,4042.85854,4042.61929,4042.73422
2026-08-02 09:00:00+00:00,4042.67937,4042.86034,4042.62048,4042.65471
2026-08-02 09:15:00+00:00,4042.67937,4042.85814,4042.61913,4042.7324
2026-08-02 09:30:00+00:00,4042.67937,4042.86121,4042.61874,4042.76758
2026-08-02 09:45:00+00:00,4042.67937,4042.86114,4042.62276,4042.71865
2026-08-02 10:00:00+00:00,4042.67937,4042.86011,4042.61929,4042.64993
2026-08-02 10:15:00+00:00,4042.67937,4042.86034,4042.62048,4042.74773
2026-08-02 10:30:00+00:00,4042.67937,4042.85815,4042.61914,4042.77029
2026-08-02 10:45:00+00:00,4042.67937,4042.86121,4042.61874,4042.71145
2026-08-02 11:00:00+00:00,4042.67937,4042.86114,4042.62277,4042.64933
2026-08-02 11:15:00+00:00,4042.67937,4042.86012,4042.61928,4042.76177
2026-08-02 11:30:00+00:00,4042.67937,4042.86033,4042.62077,4042.76877
2026-08-02 11:45:00+00:00,4042.67937,4042.86121,4042.61914,4042.72727
2026-08-02 12:00:00+00:00,4042.67937,4042.85576,4042.61874,4042.65295
2026-08-02 12:15:00+00:00,4042.67937,4042.86114,4042.61928,4042.77357
2026-08-02 12:30:00+00:00,4042.67937,4042.86013,4042.6205,4042.76311
2026-08-02 12:45:00+00:00,4042.67937,4042.86033,4042.61915,4042.74187
2026-08-02 13:00:00+00:00,4042.67937,4042.86121,4042.62318,4042.66054
2026-08-02 13:15:00+00:00,4042.67937,4042.86114,4042.61874,4042.67101
2026-08-02 13:30:00+00:00,4042.67937,4042.8585,4042.61928,4042.75373
2026-08-02 13:45:00+00:00,4042.67937,4042.86032,4042.62051,4042.75421
2026-08-02 14:00:00+00:00,4042.67937,4042.85818,4042.61915,4042.67156
2026-08-02 14:15:00+00:00,4042.67937,4042.86121,4042.61874,4042.66012
2026-08-02 14:30:00+00:00,4042.67937,4042.86115,4042.62281,4042.74126
2026-08-02 14:45:00+00:00,4042.67937,4042.86014,4042.61927,4042.76345
2026-08-02 15:00:00+00:00,4042.67937,4042.86032,4042.62075,4042.72912
2026-08-02 15:15:00+00:00,4042.67937,4042.86121,4042.61915,4042.6527
2026-08-02 15:30:00+00:00,4042.67937,4042.85572,4042.61874,4042.73748
2026-08-02 15:45:00+00:00,4042.67937,4042.86115,4042.61927,4042.76893
2026-08-02 16:00:00+00:00,4042.67937,4042.86015,4042.62052,4042.71368
2026-08-02 16:15:00+00:00,4042.67937,4042.86031,4042.62074,4042.64927
2026-08-02 16:30:00+00:00,4042.67937,4042.8612,4042.61916,4042.75251
2026-08-02 16:45:00+00:00,4042.67937,4042.85571,4042.61874,4042.77026
2026-08-02 17:00:00+00:00,4042.67937,4042.86115,4042.61926,4042.71668
2026-08-02 17:15:00+00:00,4042.67937,4042.86015,4042.62053,4042.65005
2026-08-02 17:30:00+00:00,4042.67937,4042.86031,4042.61916,4042.76592
2026-08-02 17:45:00+00:00,4042.67937,4042.8612,4042.62313,4042.76736
2026-08-02 18:00:00+00:00,4042.67937,4042.87265,4042.62527,4042.74302
2026-08-02 18:15:00+00:00,4042.69082,4042.86005,4042.62088,4042.65342
2026-08-02 18:30:00+00:00,4042.67774,4042.85869,4042.61887,4042.77521
2026-08-02 18:45:00+00:00,4042.67774,4042.85654,4042.61751,4042.75869
2026-08-02 19:00:00+00:00,4042.67801,4043.50815,4042.61991,4042.75887
2026-08-02 19:15:00+00:00,4042.69303,4042.84648,4042.60769,4042.64483
2026-08-02 19:30:00+00:00,4042.66025,4042.85176,4042.6073,4042.65369
2026-08-02 19:45:00+00:00,4042.66699,4042.86351,4042.62388,4042.75359
2026-08-02 20:00:00+00:00,4042.68199,4042.86163,4042.36397,4042.55934
2026-08-02 20:15:00+00:00,4042.46404,4042.80847,4042.20057,4042.69282
2026-08-02 20:30:00+00:00,4042.69932,4042.88569,4042.6225,4042.66061
2026-08-02 20:45:00+00:00,4042.68236,4043.18117,4042.35989,4042.7451
2026-08-02 21:00:00+00:00,4042.68784,4042.8634,4042.52739,4042.73347
2026-08-02 21:15:00+00:00,4042.64456,4043.99871,4041.38377,4042.69722
2026-08-02 21:30:00+00:00,4042.69844,4042.86692,4042.51669,4042.64288
2026-08-02 21:45:00+00:00,4042.67184,4043.99871,4042.47299,4043.20594
2026-08-02 22:00:00+00:00,4043.13867,4088.47459,4022.31329,4077.015
2026-08-02 22:15:00+00:00,4076.81523,4079.16155,4064.04942,4065.62329
2026-08-02 22:30:00+00:00,4065.15396,4067.18998,4064.04942,4067.13553
2026-08-02 22:45:00+00:00,4067.01789,4067.01789,4063.55398,4063.98869
2026-08-02 23:00:00+00:00,4064.12722,4065.74575,4062.39844,4065.404
2026-08-02 23:15:00+00:00,4064.89657,4071.21146,4064.89657,4071.13746
2026-08-02 23:30:00+00:00,4070.97485,4071.16395,4067.35541,4068.20364
2026-08-02 23:45:00+00:00,4067.93591,4073.32628,4066.85916,4072.0959
2026-08-03 00:00:00+00:00,4072.61578,4078.71416,4070.16973,4070.29229
2026-08-03 00:15:00+00:00,4070.64179,4072.12088,4061.98463,4065.3291
2026-08-03 00:30:00+00:00,4064.60968,4069.85967,4057.28892,4057.47163
2026-08-03 00:45:00+00:00,4057.78087,4060.27646,4056.13694,4056.35969
2026-08-03 01:00:00+00:00,4056.75851,4061.4782,4052.52634,4053.40545
2026-08-03 01:15:00+00:00,4053.90739,4054.9856,4047.93559,4053.42424
2026-08-03 01:30:00+00:00,4053.53163,4056.9536,4047.92746,4048.20798
2026-08-03 01:45:00+00:00,4048.60051,4056.46601,4048.60051,4055.72557
2026-08-03 02:00:00+00:00,4054.72257,4060.41904,4053.6706,4054.94761
2026-08-03 02:15:00+00:00,4054.76295,4060.25417,4052.52067,4058.57403
2026-08-03 02:30:00+00:00,4057.91555,4059.75966,4051.557,4059.58168
2026-08-03 02:45:00+00:00,4059.10215,4065.70174,4058.05866,4062.88456
2026-08-03 03:00:00+00:00,4062.83258,4064.37978,4061.07862,4063.86627
2026-08-03 03:15:00+00:00,4063.7718,4066.85916,4061.57345,4063.03983
2026-08-03 03:30:00+00:00,4063.32692,4064.21459,4060.85553,4061.74881
2026-08-03 03:45:00+00:00,4061.77636,4066.36304,4059.43006,4064.47766
2026-08-03 04:00:00+00:00,4064.37979,4067.85177,4063.63652,4065.92178
2026-08-03 04:15:00+00:00,4065.73479,4070.52811,4065.61538,4067.61301
2026-08-03 04:30:00+00:00,4067.65898,4070.53612,4066.75221,4068.85723
2026-08-03 04:45:00+00:00,4068.89054,4071.66124,4064.88641,4065.18093
2026-08-03 05:00:00+00:00,4065.77708,4065.77708,4056.30146,4057.14753
2026-08-03 05:15:00+00:00,4057.04606,4060.91371,4054.49238,4059.71897
2026-08-03 05:30:00+00:00,4059.9056,4063.63322,4054.78221,4063.25295
2026-08-03 05:45:00+00:00,4062.76359,4069.23493,4059.26527,4068.71028
2026-08-03 06:00:00+00:00,4067.90581,4069.6728,4066.17404,4066.22806
2026-08-03 06:15:00+00:00,4066.29353,4070.99821,4064.61922,4068.25776
2026-08-03 06:30:00+00:00,4067.41161,4069.01042,4062.06841,4064.93885
2026-08-03 06:45:00+00:00,4065.15022,4066.69238,4062.56348,4065.8129
2026-08-03 07:00:00+00:00,4065.41199,4065.41199,4059.66841,4063.23824
2026-08-03 07:15:00+00:00,4063.00891,4063.24761,4052.84915,4058.27154
2026-08-03 07:30:00+00:00,4058.31162,4060.91371,4055.51044,4058.82887
2026-08-03 07:45:00+00:00,4058.58391,4063.28275,4057.68618,4061.51378
2026-08-03 08:00:00+00:00,4061.51322,4061.85544,4059.22471,4060.15721
2026-08-03 08:15:00+00:00,4060.87935,4062.06841,4055.61632,4056.01559
2026-08-03 08:30:00+00:00,4056.83933,4060.15426,4055.31449,4059.86716
2026-08-03 08:45:00+00:00,4059.60153,4060.6627,4058.11217,4058.77361
2026-08-03 09:00:00+00:00,4058.93993,4061.90341,4057.2295,4061.68891
2026-08-03 09:15:00+00:00,4061.35276,4062.21195,4052.52067,4052.59515
2026-08-03 09:30:00+00:00,4052.79889,4054.10486,4045.56467,4051.23108
2026-08-03 09:45:00+00:00,4052.19117,4057.99494,4052.19117,4055.85168
2026-08-03 10:00:00+00:00,4056.88545,4056.95971,4053.64019,4056.85553
2026-08-03 10:15:00+00:00,4056.62063,4056.62063,4052.6849,4054.22359
2026-08-03 10:30:00+00:00,4054.02519,4054.27424,4049.17855,4049.32449
2026-08-03 10:45:00+00:00,4049.55838,4050.22276,4046.04716,4047.9521
2026-08-03 11:00:00+00:00,4047.45628,4052.84915,4047.22776,4048.38955
2026-08-03 11:15:00+00:00,4048.93083,4050.03854,4045.78323,4049.55522
2026-08-03 11:30:00+00:00,4049.46568,4055.15004,4048.2552,4054.95867
2026-08-03 11:45:00+00:00,4054.5753,4062.72853,4053.01342,4062.36448
2026-08-03 12:00:00+00:00,4062.07967,4064.21459,4055.31449,4055.64429
2026-08-03 12:15:00+00:00,4056.10485,4056.29729,4047.57433,4052.62903
2026-08-03 12:30:00+00:00,4052.22406,4053.18934,4043.01771,4043.2903
2026-08-03 12:45:00+00:00,4043.33232,4048.65813,4042.80435,4048.52703
2026-08-03 13:00:00+00:00,4048.27683,4051.53553,4040.09758,4040.75361
2026-08-03 13:15:00+00:00,4042.23939,4042.23939,4032.25806,4033.15221
2026-08-03 13:30:00+00:00,4033.48476,4034.8612,4022.04078,4032.76416
2026-08-03 13:45:00+00:00,4032.81145,4034.36439,4028.19738,4032.21434
2026-08-03 14:00:00+00:00,4031.9135,4035.51251,4027.38623,4031.75685
2026-08-03 14:15:00+00:00,4030.03328,4035.67537,4030.03328,4034.75404
2026-08-03 14:30:00+00:00,4034.88245,4037.95679,4032.25806,4036.87763
2026-08-03 14:45:00+00:00,4036.80698,4038.77221,4034.69841,4037.0648
2026-08-03 15:00:00+00:00,4037.94783,4037.94783,4030.46641,4032.93454
2026-08-03 15:15:00+00:00,4033.19497,4039.74759,4031.44527,4031.87993
2026-08-03 15:30:00+00:00,4032.69059,4038.07245,4030.6256,4037.95003
2026-08-03 15:45:00+00:00,4037.54451,4039.75115,4035.83824,4037.22433
2026-08-03 16:00:00+00:00,4036.96789,4037.63072,4035.02401,4036.33901
2026-08-03 16:15:00+00:00,4036.2551,4038.6091,4035.10828,4037.49738
2026-08-03 16:30:00+00:00,4037.54139,4038.93534,4036.22436,4038.47448
2026-08-03 16:45:00+00:00,4038.40168,4039.26162,4035.95216,4037.17526
2026-08-03 17:00:00+00:00,4036.68133,4037.79375,4033.55921,4034.60331
2026-08-03 17:15:00+00:00,4034.51988,4037.4677,4033.86558,4034.72074
2026-08-03 17:30:00+00:00,4035.03567,4036.67407,4034.35353,4035.59886
2026-08-03 17:45:00+00:00,4035.79281,4036.32694,4030.61437,4031.21233
2026-08-03 18:00:00+00:00,4031.02941,4038.77221,4029.79402,4036.84424
2026-08-03 18:15:00+00:00,4036.61042,4038.77221,4035.34966,4036.9547
2026-08-03 18:30:00+00:00,4037.23265,4039.79322,4036.65281,4039.56655
2026-08-03 18:45:00+00:00,4039.05668,4044.65297,4039.05668,4043.431
2026-08-03 19:00:00+00:00,4043.77754,4048.74691,4041.96527,4046.84902
2026-08-03 19:15:00+00:00,4047.17975,4054.61557,4046.44807,4053.16243
2026-08-03 19:30:00+00:00,4053.93743,4055.80792,4050.70481,4053.22384
2026-08-03 19:45:00+00:00,4053.33757,4055.73811,4052.02804,4052.25382
2026-08-03 20:00:00+00:00,4052.35143,4053.0401,4050.38681,4052.77239
2026-08-03 20:15:00+00:00,4052.5271,4055.97242,4050.55327,4054.34773
2026-08-03 20:30:00+00:00,4054.52789,4057.94749,4053.91924,4056.7003
2026-08-03 20:45:00+00:00,4056.78282,4057.01359,4054.37214,4055.3131
2026-08-03 21:00:00+00:00,4055.25693,4055.27787,4053.34198,4053.52444
2026-08-03 21:15:00+00:00,4053.45535,4053.65531,4053.17769,4053.50082
2026-08-03 21:30:00+00:00,4053.39226,4053.65266,4053.17769,4053.55094
2026-08-03 21:45:00+00:00,4053.51841,4053.7875,4053.10741,4053.26607
2026-08-03 22:00:00+00:00,4053.29434,4054.49238,4049.40271,4051.10165
2026-08-03 22:15:00+00:00,4051.20807,4053.01366,4050.48056,4052.13717
2026-08-03 22:30:00+00:00,4051.88639,4053.50628,4051.63591,4053.41765
2026-08-03 22:45:00+00:00,4053.26735,4053.50628,4050.65192,4053.4173
2026-08-03 23:00:00+00:00,4053.22317,4055.00573,4050.71495,4051.56459
2026-08-03 23:15:00+00:00,4051.66635,4054.05471,4051.04314,4052.28706
2026-08-03 23:30:00+00:00,4052.08989,4052.52067,4051.04317,4052.2515
2026-08-03 23:45:00+00:00,4051.96565,4054.40637,4051.67614,4053.32326
2026-08-04 00:00:00+00:00,4053.13634,4069.34158,4053.13634,4064.5172
2026-08-04 00:15:00+00:00,4065.34368,4065.34368,4058.44156,4060.9819
2026-08-04 00:30:00+00:00,4060.57497,4060.7488,4056.13694,4056.23935
2026-08-04 00:45:00+00:00,4056.29436,4058.39936,4049.84213,4050.49752
2026-08-04 01:00:00+00:00,4051.77759,4051.77759,4042.61423,4048.47695
2026-08-04 01:15:00+00:00,4048.13817,4050.55516,4046.78079,4049.76234
2026-08-04 01:30:00+00:00,4049.63023,4059.46291,4048.11187,4058.60894
2026-08-04 01:45:00+00:00,4056.45928,4061.57345,4056.45928,4059.91879
2026-08-04 02:00:00+00:00,4059.90327,4059.90327,4056.07309,4058.48151
2026-08-04 02:15:00+00:00,4058.25715,4059.43006,4056.30146,4056.41507
2026-08-04 02:30:00+00:00,4056.79225,4065.04065,4055.97242,4061.24451
2026-08-04 02:45:00+00:00,4061.57183,4063.9954,4058.81644,4059.06043
2026-08-04 03:00:00+00:00,4059.5292,4060.58391,4056.79513,4058.26952
2026-08-04 03:15:00+00:00,4058.53154,4061.90653,4057.5541,4058.73937
2026-08-04 03:30:00+00:00,4058.67553,4059.89208,4053.05696,4053.28473
2026-08-04 03:45:00+00:00,4053.71456,4055.31449,4052.84915,4053.24424
2026-08-04 04:00:00+00:00,4053.7758,4055.45424,4051.53553,4055.13552
2026-08-04 04:15:00+00:00,4054.49757,4061.12897,4054.49757,4061.00901
2026-08-04 04:30:00+00:00,4060.62652,4064.57501,4060.54209,4062.97392
2026-08-04 04:45:00+00:00,4062.97506,4066.28922,4061.90688,4065.8081
2026-08-04 05:00:00+00:00,4064.93627,4064.93627,4057.61818,4057.75029
2026-08-04 05:15:00+00:00,4057.92011,4064.37978,4057.61171,4063.13696
2026-08-04 05:30:00+00:00,4062.96218,4067.02456,4059.70781,4062.29785
2026-08-04 05:45:00+00:00,4061.89107,4063.97811,4058.60627,4061.60119
2026-08-04 06:00:00+00:00,4060.95253,4066.58882,4060.95253,4064.17224
2026-08-04 06:15:00+00:00,4063.9659,4065.04065,4060.49885,4060.9812
2026-08-04 06:30:00+00:00,4061.84937,4061.84937,4056.63056,4059.04648
2026-08-04 06:45:00+00:00,4058.9235,4062.72853,4058.771,4062.00585
2026-08-04 07:00:00+00:00,4061.3658,4065.8301,4061.3658,4061.75994
2026-08-04 07:15:00+00:00,4062.24218,4065.53645,4060.7488,4063.45351
2026-08-04 07:30:00+00:00,4063.52274,4066.50667,4061.90341,4062.56057
2026-08-04 07:45:00+00:00,4062.84752,4065.53645,4062.72853,4065.50262
2026-08-04 08:00:00+00:00,4065.35699,4072.65619,4064.22702,4069.38871
2026-08-04 08:15:00+00:00,4069.72164,4069.72164,4060.7488,4062.41627
2026-08-04 08:30:00+00:00,4061.12872,4064.37978,4058.771,4058.968
2026-08-04 08:45:00+00:00,4059.09334,4059.48256,4054.9856,4055.44756
2026-08-04 09:00:00+00:00,4055.36481,4055.36481,4048.2552,4050.29204
2026-08-04 09:15:00+00:00,4049.80731,4051.69969,4049.33271,4051.18008
2026-08-04 09:30:00+00:00,4051.07348,4051.20726,4046.48706,4049.82654
2026-08-04 09:45:00+00:00,4049.54236,4051.18498,4047.65,4049.54053
2026-08-04 10:00:00+00:00,4049.35514,4050.2152,4046.91725,4048.88516
2026-08-04 10:15:00+00:00,4048.5784,4049.73069,4046.28955,4049.59681
2026-08-04 10:30:00+00:00,4049.51876,4051.53553,4047.76361,4047.99149
2026-08-04 10:45:00+00:00,4048.12678,4060.41904,4045.56485,4053.93407
2026-08-04 11:00:00+00:00,4053.96032,4058.20612,4052.89129,4057.85593
2026-08-04 11:15:00+00:00,4056.95173,4060.91371,4055.17473,4060.69303
2026-08-04 11:30:00+00:00,4060.36843,4065.77012,4060.04899,4064.46119
2026-08-04 11:45:00+00:00,4062.58801,4084.01032,4062.58801,4072.76497
2026-08-04 12:00:00+00:00,4070.88083,4077.33294,4061.90341,4062.01981
2026-08-04 12:15:00+00:00,4062.2176,4069.01042,4061.90341,4067.59207
2026-08-04 12:30:00+00:00,4067.72661,4084.01137,4067.64586,4083.1447
2026-08-04 12:45:00+00:00,4081.40795,4081.40795,4070.60897,4070.9014
2026-08-04 13:00:00+00:00,4071.28831,4071.53287,4062.50782,4063.62545
2026-08-04 13:15:00+00:00,4063.75206,4087.30483,4063.22376,4078.68524
2026-08-04 13:30:00+00:00,4079.04613,4089.85805,4076.14234,4086.61149
2026-08-04 13:45:00+00:00,4087.91021,4093.66301,4079.86994,4084.75837
2026-08-04 14:00:00+00:00,4084.95314,4090.75003,4083.72213,4090.66913
2026-08-04 14:15:00+00:00,4090.49714,4091.14949,4081.63265,4085.79592
2026-08-04 14:30:00+00:00,4085.43461,4088.45903,4076.3085,4077.21506
2026-08-04 14:45:00+00:00,4077.96577,4084.36627,4077.96577,4084.18787
2026-08-04 15:00:00+00:00,4083.89592,4085.96878,4080.79984,4084.97697
2026-08-04 15:15:00+00:00,4084.86846,4086.69636,4075.9762,4077.43863
2026-08-04 15:30:00+00:00,4077.24776,4086.6367,4076.6586,4084.36297
2026-08-04 15:45:00+00:00,4084.45751,4088.47459,4082.7483,4087.8135
2026-08-04 16:00:00+00:00,4087.75988,4087.75988,4084.80046,4086.73463
2026-08-04 16:15:00+00:00,4086.42134,4089.64502,4083.40065,4089.55533
2026-08-04 16:30:00+00:00,4089.35908,4089.35908,4084.93151,4088.73478
2026-08-04 16:45:00+00:00,4088.02132,4093.74217,4088.02132,4093.62954
2026-08-04 17:00:00+00:00,4093.40369,4105.94294,4091.72927,4099.94056
2026-08-04 17:15:00+00:00,4100.1045,4101.92794,4095.49519,4096.14447
2026-08-04 17:30:00+00:00,4097.4998,4097.4998,4092.3228,4095.16639
2026-08-04 17:45:00+00:00,4094.52506,4096.35931,4087.09702,4087.40955
2026-08-04 18:00:00+00:00,4088.04835,4088.79349,4085.37829,4088.1716
2026-08-04 18:15:00+00:00,4087.97095,4088.30744,4084.63361,4084.80463
2026-08-04 18:30:00+00:00,4085.05042,4085.46799,4076.97326,4077.10973
2026-08-04 18:45:00+00:00,4077.29257,4081.14033,4075.86501,4080.08181
2026-08-04 19:00:00+00:00,4080.31708,4084.46677,4079.30117,4083.4477
2026-08-04 19:15:00+00:00,4083.68198,4084.63361,4079.46804,4080.41497
2026-08-04 19:30:00+00:00,4080.28511,4082.46581,4079.13522,4082.03062
2026-08-04 19:45:00+00:00,4081.96844,4082.13251,4076.47466,4079.08716
2026-08-04 20:00:00+00:00,4078.7486,4080.30031,4078.46976,4079.19006
2026-08-04 20:15:00+00:00,4079.39483,4079.39483,4074.97963,4075.74456
2026-08-04 20:30:00+00:00,4075.85999,4078.6361,4075.31176,4078.00057
2026-08-04 20:45:00+00:00,4077.9394,4078.13711,4076.3085,4077.39577
2026-08-04 21:00:00+00:00,4077.53527,4077.92031,4077.13948,4077.65022
2026-08-04 21:15:00+00:00,4077.65701,4077.89482,4077.30572,4077.73273
2026-08-04 21:30:00+00:00,4077.6634,4078.03744,4077.46756,4077.96696
2026-08-04 21:45:00+00:00,4077.87569,4077.87569,4077.5837,4077.70545
2026-08-04 22:00:00+00:00,4077.6532,4079.23281,4076.64085,4076.71293
2026-08-04 22:15:00+00:00,4076.881,4079.80091,4075.76546,4079.64916
2026-08-04 22:30:00+00:00,4079.25374,4086.05472,4079.239,4083.59216
2026-08-04 22:45:00+00:00,4084.00399,4085.57053,4076.3085,4076.59445
2026-08-04 23:00:00+00:00,4077.15309,4077.15309,4069.16569,4072.78945
2026-08-04 23:15:00+00:00,4072.4035,4074.64754,4065.90565,4067.90599
2026-08-04 23:30:00+00:00,4067.68677,4069.83843,4067.02456,4069.06377
2026-08-04 23:45:00+00:00,4069.17562,4073.07926,4068.6012,4072.94209
2026-08-05 00:00:00+00:00,4072.75749,4074.48152,4070.99821,4073.04793
2026-08-05 00:15:00+00:00,4072.75249,4078.80246,4071.07629,4078.71547
2026-08-05 00:30:00+00:00,4078.47654,4082.15064,4078.2042,4080.3968
2026-08-05 00:45:00+00:00,4080.31364,4083.29931,4078.13711,4082.03607
2026-08-05 01:00:00+00:00,4082.04942,4086.13574,4078.12536,4086.02981
2026-08-05 01:15:00+00:00,4085.61499,4088.1403,4082.58054,4082.82176
2026-08-05 01:30:00+00:00,4083.33141,4092.81984,4081.98209,4092.6435
2026-08-05 01:45:00+00:00,4092.35617,4102.05923,4092.35617,4101.8736
2026-08-05 02:00:00+00:00,4101.34543,4102.05923,4097.01737,4099.56544
2026-08-05 02:15:00+00:00,4099.46312,4107.61963,4096.41207,4102.90961
2026-08-05 02:30:00+00:00,4103.52484,4128.81916,4103.40583,4126.20648
2026-08-05 02:45:00+00:00,4126.49523,4135.36861,4126.09341,4130.94473
2026-08-05 03:00:00+00:00,4131.61954,4135.6493,4127.45584,4134.76152
2026-08-05 03:15:00+00:00,4135.02161,4135.82034,4130.56766,4132.34316
2026-08-05 03:30:00+00:00,4132.24112,4132.24112,4127.79658,4128.28157
2026-08-05 03:45:00+00:00,4128.04883,4130.18338,4127.45251,4128.86085
2026-08-05 04:00:00+00:00,4128.90558,4141.3012,4128.90558,4139.53047
2026-08-05 04:15:00+00:00,4140.72598,4140.81991,4138.21643,4138.51372
2026-08-05 04:30:00+00:00,4138.71491,4138.71491,4133.19225,4135.94584
2026-08-05 04:45:00+00:00,4135.75523,4135.75523,4132.98936,4134.85877
2026-08-05 05:00:00+00:00,4134.91838,4138.21984,4134.91838,4137.78219
2026-08-05 05:15:00+00:00,4137.57853,4142.80516,4136.33355,4138.47327
2026-08-05 05:30:00+00:00,4138.67083,4156.38695,4138.67083,4151.21286
2026-08-05 05:45:00+00:00,4152.7522,4172.22964,4152.7522,4163.61832
2026-08-05 06:00:00+00:00,4164.93596,4173.9139,4160.59913,4173.68778
2026-08-05 06:15:00+00:00,4173.38874,4174.48647,4163.89074,4167.15452
2026-08-05 06:30:00+00:00,4166.32956,4178.02668,4166.32956,4173.86524
2026-08-05 06:45:00+00:00,4174.29349,4177.98203,4171.75918,4177.67399
2026-08-05 07:00:00+00:00,4176.90168,4179.30077,4166.49306,4166.78632
2026-08-05 07:15:00+00:00,4167.2817,4169.39297,4164.35881,4165.41576
2026-08-05 07:30:00+00:00,4165.3621,4166.40142,4162.57354,4166.24466
2026-08-05 07:45:00+00:00,4165.91057,4171.51989,4164.06413,4171.25667
2026-08-05 08:00:00+00:00,4170.65389,4172.01389,4168.22975,4168.86011
2026-08-05 08:15:00+00:00,4168.6317,4170.31762,4162.50416,4163.74003
2026-08-05 08:30:00+00:00,4163.72057,4166.1459,4162.33091,4165.90498
2026-08-05 08:45:00+00:00,4165.48432,4166.92531,4160.07987,4160.16279
2026-08-05 09:00:00+00:00,4160.20114,4166.84029,4159.17125,4163.14306
2026-08-05 09:15:00+00:00,4163.33862,4163.33862,4155.58511,4157.47771
2026-08-05 09:30:00+00:00,4157.01479,4159.04176,4154.91009,4157.28799
2026-08-05 09:45:00+00:00,4156.87786,4159.04176,4152.38315,4158.57495
2026-08-05 10:00:00+00:00,4157.77575,4158.96979,4151.27236,4151.40366
2026-08-05 10:15:00+00:00,4151.61717,4158.17706,4150.27668,4156.43671
2026-08-05 10:30:00+00:00,4156.60195,4158.24219,4153.4626,4155.06036
2026-08-05 10:45:00+00:00,4155.67705,4161.81122,4154.25277,4161.57112
2026-08-05 11:00:00+00:00,4161.06535,4170.06348,4159.96208,4168.09253
2026-08-05 11:15:00+00:00,4168.90605,4180.07775,4168.90605,4179.41077
2026-08-05 11:30:00+00:00,4178.43019,4187.78006,4175.19101,4187.60378
2026-08-05 11:45:00+00:00,4187.27687,4192.51393,4183.22527,4192.23189
2026-08-05 12:00:00+00:00,4191.54952,4199.38689,4189.53454,4199.30796
2026-08-05 12:15:00+00:00,4199.13308,4212.47736,4198.50533,4206.77944
2026-08-05 12:30:00+00:00,4208.39759,4211.96182,4194.0338,4194.328
2026-08-05 12:45:00+00:00,4194.91703,4195.85062,4183.83989,4184.10763
2026-08-05 13:00:00+00:00,4184.38768,4196.21501,4183.16763,4188.29635
2026-08-05 13:15:00+00:00,4188.53265,4197.80035,4186.90337,4196.4612
2026-08-05 13:30:00+00:00,4195.83594,4202.05658,4193.92719,4199.22103
2026-08-05 13:45:00+00:00,4199.53345,4204.37258,4186.18319,4203.94021
2026-08-05 14:00:00+00:00,4203.04279,4234.05877,4203.04279,4226.00567
2026-08-05 14:15:00+00:00,4226.95357,4238.54533,4226.95357,4237.52109
2026-08-05 14:30:00+00:00,4236.89174,4241.33868,4230.65533,4240.36431
2026-08-05 14:45:00+00:00,4239.07867,4248.05408,4235.49343,4243.81868
2026-08-05 15:00:00+00:00,4243.79968,4260.03238,4243.50256,4258.62078
2026-08-05 15:15:00+00:00,4258.67684,4267.13964,4250.87872,4258.32511
2026-08-05 15:30:00+00:00,4259.54584,4259.54584,4254.77599,4254.90616
2026-08-05 15:45:00+00:00,4255.09366,4255.80263,4234.23805,4234.42576
2026-08-05 16:00:00+00:00,4234.83156,4237.2187,4225.7867,4233.71501
2026-08-05 16:15:00+00:00,4233.55534,4241.67062,4233.52102,4241.24128
2026-08-05 16:30:00+00:00,4241.01108,4247.00586,4239.56089,4244.6684
2026-08-05 16:45:00+00:00,4244.93373,4247.07774,4237.82684,4240.74209
2026-08-05 17:00:00+00:00,4240.0459,4243.40151,4239.44378,4242.04215
2026-08-05 17:15:00+00:00,4242.61396,4244.80185,4235.79107,4244.19546
2026-08-05 17:30:00+00:00,4243.36884,4250.7564,4241.51355,4249.97166
2026-08-05 17:45:00+00:00,4249.62086,4252.42388,4247.32139,4251.05209
2026-08-05 18:00:00+00:00,4251.78143,4257.23769,4249.31528,4255.41678
2026-08-05 18:15:00+00:00,4256.35425,4265.11985,4252.60472,4262.71659
2026-08-05 18:30:00+00:00,4262.88683,4263.16114,4255.50023,4259.99662
2026-08-05 18:45:00+00:00,4259.81595,4263.11975,4257.85574,4261.60403
2026-08-05 19:00:00+00:00,4261.81634,4261.81634,4256.58707,4258.49363
2026-08-05 19:15:00+00:00,4258.32523,4259.12339,4250.62121,4253.21418
2026-08-05 19:30:00+00:00,4253.53664,4255.6951,4249.17141,4253.59247
2026-08-05 19:45:00+00:00,4253.11222,4253.90822,4246.8255,4247.01607
2026-08-05 20:00:00+00:00,4247.35423,4249.89375,4245.8228,4249.01994
2026-08-05 20:15:00+00:00,4248.50347,4250.49177,4245.74364,4245.8802
2026-08-05 20:30:00+00:00,4246.02907,4250.14427,4245.56491,4245.82485
2026-08-05 20:45:00+00:00,4246.31061,4247.25534,4243.58158,4246.99711
2026-08-05 21:00:00+00:00,4246.60064,4247.54704,4246.55902,4246.83152
2026-08-05 21:15:00+00:00,4247.01166,4247.36992,4246.64515,4247.10315
2026-08-05 21:30:00+00:00,4247.03824,4247.5071,4246.69869,4247.13821
2026-08-05 21:45:00+00:00,4247.04268,4247.23477,4246.98303,4247.07951
2026-08-05 22:00:00+00:00,4247.04554,4254.05198,4245.95111,4246.98186
2026-08-05 22:15:00+00:00,4247.30276,4248.99086,4247.30276,4248.05512
2026-08-05 22:30:00+00:00,4247.83622,4250.25502,4247.37185,4248.55458
2026-08-05 22:45:00+00:00,4248.84414,4249.74069,4248.04344,4249.45655
2026-08-05 23:00:00+00:00,4249.0283,4256.76826,4249.0283,4254.7335
2026-08-05 23:15:00+00:00,4254.91439,4263.48327,4254.83402,4262.75985
2026-08-05 23:30:00+00:00,4262.01569,4282.28845,4254.61382,4281.9181
2026-08-05 23:45:00+00:00,4281.20922,4281.20922,4273.13905,4277.9627
2026-08-06 00:00:00+00:00,4276.31551,4279.90584,4263.41684,4264.88127
2026-08-06 00:15:00+00:00,4265.64492,4284.12304,4265.64492,4275.42902
2026-08-06 00:30:00+00:00,4277.13556,4291.66693,4272.86889,4285.26864
2026-08-06 00:45:00+00:00,4285.54847,4299.15389,4284.95589,4295.86705
2026-08-06 01:00:00+00:00,4295.38811,4302.01401,4280.82192,4281.48907
2026-08-06 01:15:00+00:00,4281.79912,4286.55928,4273.86956,4276.67449
2026-08-06 01:30:00+00:00,4279.38349,4296.55665,4271.80614,4288.87832
2026-08-06 01:45:00+00:00,4289.12035,4296.92094,4285.40819,4287.15635
2026-08-06 02:00:00+00:00,4286.71454,4304.07478,4284.67372,4297.88775
2026-08-06 02:15:00+00:00,4297.6034,4300.33374,4292.10871,4294.50373
2026-08-06 02:30:00+00:00,4294.16043,4294.16043,4281.08445,4281.79865
2026-08-06 02:45:00+00:00,4282.71055,4285.86429,4274.9658,4278.89432
2026-08-06 03:00:00+00:00,4278.65596,4280.82192,4274.60032,4275.11081
2026-08-06 03:15:00+00:00,4276.03318,4276.10429,4261.4847,4263.77132
2026-08-06 03:30:00+00:00,4262.71811,4267.01907,4262.21124,4263.31037
2026-08-06 03:45:00+00:00,4263.04648,4265.61746,4260.78847,4265.30629
2026-08-06 04:00:00+00:00,4264.45304,4266.75769,4262.39291,4264.26795
2026-08-06 04:15:00+00:00,4265.53944,4265.53944,4254.8648,4256.05598
2026-08-06 04:30:00+00:00,4258.16306,4260.93996,4253.32823,4259.04726
2026-08-06 04:45:00+00:00,4259.71836,4263.91599,4257.67446,4262.56053
2026-08-06 05:00:00+00:00,4262.52598,4264.93795,4257.49319,4258.32877
2026-08-06 05:15:00+00:00,4257.92706,4259.28941,4253.88141,4254.79567
2026-08-06 05:30:00+00:00,4254.87885,4264.93795,4244.1349,4263.84239
2026-08-06 05:45:00+00:00,4264.0827,4267.87901,4262.32947,4266.82197
2026-08-06 06:00:00+00:00,4266.47414,4268.03244,4257.31193,4257.61857
2026-08-06 06:15:00+00:00,4258.03971,4261.4847,4254.77599,4256.17506
2026-08-06 06:30:00+00:00,4256.15037,4258.88714,4250.43567,4255.21403
2026-08-06 06:45:00+00:00,4253.77977,4257.67446,4252.24306,4255.19041
2026-08-06 07:00:00+00:00,4254.10084,4263.84684,4253.50915,4263.64985
2026-08-06 07:15:00+00:00,4263.22898,4264.2393,4258.58104,4261.8606
2026-08-06 07:30:00+00:00,4262.17513,4262.24045,4255.63203,4256.03072
2026-08-06 07:45:00+00:00,4256.87432,4262.02958,4252.38662,4261.7703
2026-08-06 08:00:00+00:00,4261.22887,4268.94344,4260.75841,4268.74316
2026-08-06 08:15:00+00:00,4268.45538,4270.47825,4264.93795,4268.74123
2026-08-06 08:30:00+00:00,4268.30241,4275.35005,4268.30241,4272.46535
2026-08-06 08:45:00+00:00,4271.7044,4278.16156,4271.7044,4277.6147
2026-08-06 09:00:00+00:00,4276.61763,4284.71091,4276.35476,4277.26089
2026-08-06 09:15:00+00:00,4277.1819,4284.96,4275.63083,4281.74241
2026-08-06 09:30:00+00:00,4280.58157,4284.36576,4273.07325,4273.64062
2026-08-06 09:45:00+00:00,4274.53793,4275.87976,4272.04375,4272.74766
2026-08-06 10:00:00+00:00,4272.40442,4274.46938,4269.12568,4269.68199
2026-08-06 10:15:00+00:00,4269.60599,4271.31386,4267.85028,4269.92149
2026-08-06 10:30:00+00:00,4269.67632,4269.85482,4266.2116,4266.91743
2026-08-06 10:45:00+00:00,4266.79273,4271.31386,4264.85804,4270.35644
2026-08-06 11:00:00+00:00,4270.65555,4273.09588,4267.12183,4268.38197
2026-08-06 11:15:00+00:00,4268.21098,4271.29836,4260.75841,4264.1987
2026-08-06 11:30:00+00:00,4263.8128,4266.93975,4259.84483,4260.06702
2026-08-06 11:45:00+00:00,4260.53584,4262.7563,4252.16492,4262.25505
2026-08-06 12:00:00+00:00,4261.84719,4265.48371,4256.76826,4257.74234
2026-08-06 12:15:00+00:00,4257.55246,4261.84794,4251.62617,4260.54216
2026-08-06 12:30:00+00:00,4260.1316,4270.949,4256.66368,4267.36721
2026-08-06 12:45:00+00:00,4267.66919,4267.66919,4249.89375,4250.97314
2026-08-06 13:00:00+00:00,4250.88557,4256.14913,4231.37139,4239.11879
2026-08-06 13:15:00+00:00,4238.29819,4248.08836,4236.85805,4246.96371
2026-08-06 13:30:00+00:00,4246.47583,4272.7484,4246.47583,4272.01709
2026-08-06 13:45:00+00:00,4271.09227,4277.07167,4263.21242,4267.7922
2026-08-06 14:00:00+00:00,4267.73098,4276.91558,4264.93795,4271.15847
2026-08-06 14:15:00+00:00,4272.80423,4273.57545,4261.45915,4266.05079
2026-08-06 14:30:00+00:00,4264.83204,4275.33134,4264.83204,4274.09769
2026-08-06 14:45:00+00:00,4273.88483,4276.14572,4263.11975,4269.79144
2026-08-06 15:00:00+00:00,4269.2892,4274.41761,4263.3015,4263.72531
2026-08-06 15:15:00+00:00,4263.84214,4263.84214,4250.97772,4254.52531
2026-08-06 15:30:00+00:00,4255.4734,4256.8031,4248.08836,4249.44232
2026-08-06 15:45:00+00:00,4249.65965,4251.51992,4232.44593,4238.4254
2026-08-06 16:00:00+00:00,4236.78748,4242.17611,4232.06758,4233.28533
2026-08-06 16:15:00+00:00,4235.08978,4235.08978,4224.22648,4227.70321
2026-08-06 16:30:00+00:00,4227.65316,4235.85225,4227.65316,4233.26149
2026-08-06 16:45:00+00:00,4234.07357,4242.48786,4231.82206,4240.99314
2026-08-06 17:00:00+00:00,4241.19154,4244.99521,4240.70226,4243.65692
2026-08-06 17:15:00+00:00,4243.21731,4243.21731,4237.8136,4240.46065
2026-08-06 17:30:00+00:00,4240.98759,4243.40151,4239.98304,4242.98165
2026-08-06 17:45:00+00:00,4242.80838,4248.44932,4240.8821,4247.11993
2026-08-06 18:00:00+00:00,4246.94938,4248.99086,4243.9601,4247.30184
2026-08-06 18:15:00+00:00,4247.35128,4249.53255,4246.8255,4246.92219
2026-08-06 18:30:00+00:00,4247.04999,4248.32313,4240.70226,4241.70706
2026-08-06 18:45:00+00:00,4241.49529,4245.38315,4240.94209,4242.88918
2026-08-06 19:00:00+00:00,4242.50511,4251.01246,4242.21072,4248.59768
2026-08-06 19:15:00+00:00,4249.62343,4249.62343,4237.09799,4238.0224
2026-08-06 19:30:00+00:00,4237.98728,4239.26406,4234.05877,4234.14409
2026-08-06 19:45:00+00:00,4234.21318,4251.88146,4232.86878,4248.28142
2026-08-06 20:00:00+00:00,4247.72377,4249.35197,4243.5978,4244.07219
2026-08-06 20:15:00+00:00,4245.10894,4245.38315,4240.34262,4241.42164
2026-08-06 20:30:00+00:00,4240.84012,4242.89574,4235.67284,4235.82318
2026-08-06 20:45:00+00:00,4236.08014,4241.60163,4235.01312,4240.8196
2026-08-06 21:00:00+00:00,4240.67481,4240.70226,4240.16282,4240.4082
2026-08-06 21:15:00+00:00,4240.43864,4240.8821,4240.34262,4240.51374
2026-08-06 21:30:00+00:00,4240.43054,4240.67265,4240.3355,4240.50604
2026-08-06 21:45:00+00:00,4240.41448,4240.64426,4239.98304,4240.34418
2026-08-06 22:00:00+00:00,4240.28508,4240.34262,4236.21113,4238.63327
2026-08-06 22:15:00+00:00,4238.24538,4243.04141,4238.24538,4242.26796
2026-08-06 22:30:00+00:00,4242.53624,4243.22145,4239.85847,4240.0526
2026-08-06 22:45:00+00:00,4240.39685,4242.86139,4239.62218,4241.05535
2026-08-06 23:00:00+00:00,4241.11125,4245.74364,4238.84193,4244.73199
2026-08-06 23:15:00+00:00,4244.52079,4246.19546,4243.94177,4244.12593
2026-08-06 23:30:00+00:00,4244.44821,4248.08836,4244.22011,4246.26333
2026-08-06 23:45:00+00:00,4246.86226,4252.78557,4245.56339,4252.5991
2026-08-07 00:00:00+00:00,4252.50007,4252.50007,4244.21547,4244.4768
2026-08-07 00:15:00+00:00,4244.98349,4246.33478,4239.26406,4243.1213
2026-08-07 00:30:00+00:00,4242.37741,4243.40151,4231.37139,4231.98044
2026-08-07 00:45:00+00:00,4232.64295,4236.92907,4230.65533,4232.01982
2026-08-07 01:00:00+00:00,4231.79789,4246.64515,4230.24215,4243.76773
2026-08-07 01:15:00+00:00,4243.04798,4248.62982,4238.23588,4245.68067
2026-08-07 01:30:00+00:00,4245.30138,4255.95099,4240.16282,4254.91086
2026-08-07 01:45:00+00:00,4252.95814,4260.16477,4252.78557,4258.66396
2026-08-07 02:00:00+00:00,4258.1045,4261.84794,4256.7334,4259.15544
2026-08-07 02:15:00+00:00,4259.11179,4261.30311,4257.49319,4259.87781
2026-08-07 02:30:00+00:00,4260.12462,4260.8054,4250.43567,4250.7279
2026-08-07 02:45:00+00:00,4251.2462,4255.86245,4246.0541,4250.60061
2026-08-07 03:00:00+00:00,4251.15804,4260.03238,4249.53289,4256.57728
2026-08-07 03:15:00+00:00,4256.19555,4257.49319,4253.20103,4257.06792
2026-08-07 03:30:00+00:00,4256.88562,4260.93996,4255.34827,4260.83362
2026-08-07 03:45:00+00:00,4260.72456,4265.05298,4259.30658,4264.59374
2026-08-07 04:00:00+00:00,4263.54255,4269.71926,4262.39291,4264.8781
2026-08-07 04:15:00+00:00,4265.46855,4267.78154,4261.91461,4266.54068
2026-08-07 04:30:00+00:00,4266.19786,4268.1429,4259.13877,4266.21975
2026-08-07 04:45:00+00:00,4265.09494,4268.00597,4262.3271,4265.9398
2026-08-07 05:00:00+00:00,4266.93245,4271.31386,4262.11014,4268.62963
2026-08-07 05:15:00+00:00,4268.904,4270.67834,4265.41456,4265.49063
2026-08-07 05:30:00+00:00,4265.7348,4277.15997,4265.7348,4271.74013
2026-08-07 05:45:00+00:00,4271.66382,4281.00518,4271.49631,4279.83373
2026-08-07 06:00:00+00:00,4279.60288,4290.00429,4278.50331,4287.17036
2026-08-07 06:15:00+00:00,4287.50345,4290.3724,4282.50983,4284.25156
2026-08-07 06:30:00+00:00,4284.69107,4295.09828,4281.18846,4294.74999
2026-08-07 06:45:00+00:00,4294.20988,4298.30217,4289.08428,4298.09852
2026-08-07 07:00:00+00:00,4297.60965,4297.74798,4290.3724,4291.18821
2026-08-07 07:15:00+00:00,4291.113,4292.39816,4285.22455,4285.49944
2026-08-07 07:30:00+00:00,4285.87194,4288.53246,4284.49015,4285.20737
2026-08-07 07:45:00+00:00,4285.48123,4290.75005,4283.5725,4290.41231
2026-08-07 08:00:00+00:00,4289.73716,4300.15051,4289.73716,4299.67801
2026-08-07 08:15:00+00:00,4299.04602,4301.26937,4294.15796,4296.11139
2026-08-07 08:30:00+00:00,4295.42801,4319.28127,4287.56698,4309.71499
2026-08-07 08:45:00+00:00,4309.51193,4310.75205,4303.66672,4303.81895
2026-08-07 09:00:00+00:00,4303.98955,4307.51794,4303.98955,4306.85008
2026-08-07 09:15:00+00:00,4306.51253,4310.34483,4305.46766,4306.77307
2026-08-07 09:30:00+00:00,4307.43786,4318.02005,4302.18292,4317.21135
2026-08-07 09:45:00+00:00,4315.58287,4320.22978,4314.4824,4314.75235
2026-08-07 10:00:00+00:00,4315.26494,4318.90818,4309.09672,4309.4144
2026-08-07 10:15:00+00:00,4310.0349,4313.91523,4308.48649,4313.7112
2026-08-07 10:30:00+00:00,4313.19039,4317.97573,4313.19039,4317.86424
2026-08-07 10:45:00+00:00,4317.64049,4320.74477,4316.67098,4317.06364
2026-08-07 11:00:00+00:00,4317.18739,4326.19511,4316.20924,4322.371
2026-08-07 11:15:00+00:00,4324.22319,4326.75666,4316.93102,4325.30882
2026-08-07 11:30:00+00:00,4325.52651,4327.69291,4320.94414,4323.43549
2026-08-07 11:45:00+00:00,4323.6159,4326.60151,4320.96098,4321.5482
2026-08-07 12:00:00+00:00,4322.61851,4327.35651,4316.29834,4317.67262
2026-08-07 12:15:00+00:00,4319.8302,4319.8302,4310.53063,4313.86482
2026-08-07 12:30:00+00:00,4312.85904,4369.06291,4303.7292,4368.38202
2026-08-07 12:45:00+00:00,4367.02388,4371.01145,4356.34938,4357.1706
2026-08-07 13:00:00+00:00,4357.766,4361.23785,4346.88111,4348.40432
2026-08-07 13:15:00+00:00,4348.16116,4357.48834,4338.49994,4354.89803
2026-08-07 13:30:00+00:00,4355.36566,4367.35724,4351.2314,4363.37849
2026-08-07 13:45:00+00:00,4364.8896,4364.8896,4343.10532,4344.60952
2026-08-07 14:00:00+00:00,4345.06197,4351.76503,4328.62956,4331.75626
2026-08-07 14:15:00+00:00,4331.80665,4351.98886,4330.5079,4351.72655
2026-08-07 14:30:00+00:00,4351.01897,4352.0899,4343.89233,4346.308
2026-08-07 14:45:00+00:00,4348.0305,4348.0305,4339.75794,4342.52471
2026-08-07 15:00:00+00:00,4342.85808,4352.44836,4341.97386,4351.7623
2026-08-07 15:15:00+00:00,4350.88136,4357.3118,4350.88136,4354.25339
2026-08-07 15:30:00+00:00,4355.48756,4355.48756,4348.01513,4350.29767
2026-08-07 15:45:00+00:00,4350.5081,4351.04207,4340.46617,4342.56365
2026-08-07 16:00:00+00:00,4343.37473,4349.3389,4338.97677,4346.94981
2026-08-07 16:15:00+00:00,4346.52602,4347.44805,4335.00954,4337.24267
2026-08-07 16:30:00+00:00,4336.89306,4342.1624,4332.71885,4338.1768
2026-08-07 16:45:00+00:00,4338.43947,4341.59684,4328.96671,4329.28519
2026-08-07 17:00:00+00:00,4329.80834,4338.20659,4326.71361,4336.10947
2026-08-07 17:15:00+00:00,4336.01133,4341.40835,4334.63372,4341.18955
2026-08-07 17:30:00+00:00,4340.74375,4340.74375,4329.94155,4337.79399
2026-08-07 17:45:00+00:00,4337.59713,4343.1846,4335.94936,4341.08548
2026-08-07 18:00:00+00:00,4341.7327,4343.24855,4336.94478,4337.94066
2026-08-07 18:15:00+00:00,4340.23056,4340.23056,4332.38021,4333.74904
2026-08-07 18:30:00+00:00,4334.03454,4338.95952,4333.13112,4335.11699
2026-08-07 18:45:00+00:00,4336.24504,4338.01839,4333.9374,4334.19335
2026-08-07 19:00:00+00:00,4334.6684,4346.12543,4332.47805,4343.80346
2026-08-07 19:15:00+00:00,4343.93381,4349.74444,4343.29395,4348.05008
2026-08-07 19:30:00+00:00,4347.98329,4348.20419,4344.64959,4347.77883
2026-08-07 19:45:00+00:00,4347.37989,4349.79584,4338.70533,4344.0159
2026-08-07 20:00:00+00:00,4342.32336,4345.55884,4338.95952,4341.91455
2026-08-07 20:15:00+00:00,4341.49368,4341.97386,4337.07768,4338.65035
2026-08-07 20:30:00+00:00,4338.35526,4342.71399,4335.76136,4340.46677
2026-08-07 20:45:00+00:00,4340.64039,4342.7281,4339.33608,4342.63347
2026-08-07 21:00:00+00:00,4342.38579,4342.9167,4341.59684,4342.35543
2026-08-07 21:15:00+00:00,4342.2529,4342.45409,4342.1624,4342.34958
2026-08-07 21:30:00+00:00,4342.26044,4342.57458,4341.97386,4342.34253
2026-08-07 21:45:00+00:00,4342.25794,4342.61884,4342.08169,4342.24845
2026-08-07 22:00:00+00:00,4342.26798,4342.46356,4342.19886,4342.25019
2026-08-07 22:15:00+00:00,4342.26044,4342.45351,4342.19625,4342.34748
2026-08-07 22:30:00+00:00,4342.26259,4342.45704,4342.19861,4342.34375
2026-08-07 22:45:00+00:00,4342.26233,4342.4536,4342.19553,4342.25524
2026-08-07 23:00:00+00:00,4342.2621,4342.45959,4342.201,4342.24475
2026-08-07 23:15:00+00:00,4342.26641,4342.46122,4342.20847,4342.34545
2026-08-07 23:30:00+00:00,4342.27025,4342.46279,4342.20176,4342.35688
2026-08-07 23:45:00+00:00,4342.26542,4342.46452,4342.20353,4342.3252
2026-08-08 00:00:00+00:00,4342.26958,4342.46525,4342.20503,4342.2371
2026-08-08 00:15:00+00:00,4342.26681,4342.45613,4342.20478,4342.33988
2026-08-08 00:30:00+00:00,4342.27007,4342.46496,4342.20483,4342.3625
2026-08-08 00:45:00+00:00,4342.26536,4342.45891,4342.19673,4342.32847
2026-08-08 01:00:00+00:00,4342.26233,4342.55321,4342.22046,4342.23367
2026-08-08 01:15:00+00:00,4342.26647,4342.46147,4342.20124,4342.34682
2026-08-08 01:30:00+00:00,4342.26987,4342.46002,4342.20099,4342.35986
2026-08-08 01:45:00+00:00,4342.26233,4342.45739,4342.19809,4342.33453
2026-08-08 02:00:00+00:00,4342.26238,4342.45416,4342.19859,4342.2292
2026-08-08 02:15:00+00:00,4342.26155,4342.457,4342.20172,4342.3593
2026-08-08 02:30:00+00:00,4342.26778,4342.45583,4342.20096,4342.35442
2026-08-08 02:45:00+00:00,4342.26044,4342.45739,4342.19725,4342.32052
2026-08-08 03:00:00+00:00,4342.26233,4342.45531,4342.19808,4342.23496
2026-08-08 03:15:00+00:00,4342.26078,4342.46167,4342.20063,4342.37075
2026-08-08 03:30:00+00:00,4342.2676,4342.45942,4342.19936,4342.35251
2026-08-08 03:45:00+00:00,4342.26579,4342.46147,4342.201,4342.34739
2026-08-08 04:00:00+00:00,4342.26822,4342.46121,4342.20663,4342.24817
2026-08-08 04:15:00+00:00,4342.26506,4342.46275,4342.1986,4342.24799
2026-08-08 04:30:00+00:00,4342.26206,4342.46262,4342.20354,4342.34748
2026-08-08 04:45:00+00:00,4342.26585,4342.46337,4342.20312,4342.35287
2026-08-08 05:00:00+00:00,4342.26859,4342.45426,4342.20289,4342.26133
2026-08-08 05:15:00+00:00,4342.26462,4342.46307,4342.19804,4342.23778
2026-08-08 05:30:00+00:00,4342.262,4342.45602,4342.19676,4342.34032
2026-08-08 05:45:00+00:00,4342.26028,4342.45944,4342.19937,4342.36121
2026-08-08 06:00:00+00:00,4342.26869,4342.45958,4342.20832,4342.32503
2026-08-08 06:15:00+00:00,4342.26444,4342.45934,4342.19911,4342.23729
2026-08-08 06:30:00+00:00,4342.26725,4342.45533,4342.19618,4342.33109
2026-08-08 06:45:00+00:00,4342.26038,4342.45419,4342.19862,4342.36531
2026-08-08 07:00:00+00:00,4342.26873,4342.46263,4342.20311,4342.33096
2026-08-08 07:15:00+00:00,4342.26425,4342.46336,4342.1624,4342.18335
2026-08-08 07:30:00+00:00,4342.25516,4342.45171,4342.1624,4342.34536
2026-08-08 07:45:00+00:00,4342.26044,4342.45339,4342.19809,4342.35918
2026-08-08 08:00:00+00:00,4342.2627,4342.45604,4342.1624,4342.33462
2026-08-08 08:15:00+00:00,4342.25676,4342.44603,4342.1624,4342.22882
2026-08-08 08:30:00+00:00,4342.25856,4342.45583,4342.19536,4342.35872
2026-08-08 08:45:00+00:00,4342.26044,4342.4555,4342.19895,4342.35231
2026-08-08 09:00:00+00:00,4342.26044,4342.45531,4342.1624,4342.3186
2026-08-08 09:15:00+00:00,4342.25497,4342.45335,4342.1624,4342.23779
2026-08-08 09:30:00+00:00,4342.26044,4342.45018,4342.1624,4342.19334
2026-08-08 09:45:00+00:00,4342.25645,4342.44714,4342.1624,4342.33736
2026-08-08 10:00:00+00:00,4342.2545,4342.45358,4342.1624,4342.33779
2026-08-08 10:15:00+00:00,4342.26044,4342.45032,4342.1624,4342.19071
2026-08-08 10:30:00+00:00,4342.25504,4342.45143,4342.1624,4342.18899
2026-08-08 10:45:00+00:00,4342.25638,4342.45207,4342.1624,4342.32467
2026-08-08 11:00:00+00:00,4342.25457,4342.45551,4342.1624,4342.34862
2026-08-08 11:15:00+00:00,4342.26044,4342.4553,4342.19616,4342.32078
2026-08-08 11:30:00+00:00,4342.26215,4342.45698,4342.19868,4342.23534
2026-08-08 11:45:00+00:00,4342.26233,4342.45379,4342.19745,4342.32044
2026-08-08 12:00:00+00:00,4342.26233,4342.45771,4342.19724,4342.35741
2026-08-08 12:15:00+00:00,4342.26233,4342.45742,4342.20093,4342.30338
2026-08-08 12:30:00+00:00,4342.26233,4342.45611,4342.19804,4342.23051
2026-08-08 12:45:00+00:00,4342.26233,4342.45698,4342.19869,4342.33684
2026-08-08 13:00:00+00:00,4342.26233,4342.4538,4342.19745,4342.36002
2026-08-08 13:15:00+00:00,4342.26233,4342.45771,4342.19723,4342.29796
2026-08-08 13:30:00+00:00,4342.26233,4342.45742,4342.20094,4342.23018
2026-08-08 13:45:00+00:00,4342.26233,4342.45612,4342.19803,4342.3518
2026-08-08 14:00:00+00:00,4342.26233,4342.45697,4342.19984,4342.35807
2026-08-08 14:15:00+00:00,4342.26233,4342.45771,4342.19746,4342.31491
2026-08-08 14:30:00+00:00,4342.26233,4342.45247,4342.19723,4342.23437
2026-08-08 14:45:00+00:00,4342.26233,4342.45742,4342.19803,4342.36426
2026-08-08 15:00:00+00:00,4342.26233,4342.45612,4342.1987,4342.3517
2026-08-08 15:15:00+00:00,4342.26233,4342.45697,4342.19746,4342.33045
2026-08-08 15:30:00+00:00,4342.26233,4342.45771,4342.20263,4342.2428
2026-08-08 15:45:00+00:00,4342.26233,4342.45743,4342.19723,4342.25243
2026-08-08 16:00:00+00:00,4342.26233,4342.45521,4342.19802,4342.34136
2026-08-08 16:15:00+00:00,4342.26233,4342.45696,4342.19871,4342.34351
2026-08-08 16:30:00+00:00,4342.26233,4342.45383,4342.19746,4342.25487
2026-08-08 16:45:00+00:00,4342.26233,4342.4577,4342.19723,4342.24097
2026-08-08 17:00:00+00:00,4342.26233,4342.45743,4342.20098,4342.32778
2026-08-08 17:15:00+00:00,4342.26233,4342.45614,4342.19802,4342.35317
2026-08-08 17:30:00+00:00,4342.26233,4342.45696,4342.19981,4342.31461
2026-08-08 17:45:00+00:00,4342.26233,4342.4577,4342.19747,4342.23328
2026-08-08 18:00:00+00:00,4342.26233,4342.45243,4342.19723,4342.32588
2026-08-08 18:15:00+00:00,4342.26233,4342.45743,4342.19801,4342.35876
2026-08-08 18:30:00+00:00,4342.26233,4342.45615,4342.19873,4342.29806
2026-08-08 18:45:00+00:00,4342.26233,4342.45695,4342.1998,4342.2299
2026-08-08 19:00:00+00:00,4342.26233,4342.4577,4342.19747,4342.34194
2026-08-08 19:15:00+00:00,4342.26233,4342.45242,4342.19723,4342.35988
2026-08-08 19:30:00+00:00,4342.26233,4342.45744,4342.198,4342.30358
2026-08-08 19:45:00+00:00,4342.26233,4342.45615,4342.19873,4342.23106
2026-08-08 20:00:00+00:00,4342.26233,4342.45695,4342.19747,4342.35619
2026-08-08 20:15:00+00:00,4342.26233,4342.4577,4342.20257,4342.35646
2026-08-08 20:30:00+00:00,4342.26233,4342.45744,4342.19723,4342.32019
2026-08-08 20:45:00+00:00,4342.26233,4342.45517,4342.198,4342.23668
2026-08-08 21:00:00+00:00,4342.26233,4342.45694,4342.19874,4342.26188
2026-08-08 21:15:00+00:00,4342.26233,4342.45388,4342.19748,4342.34873
2026-08-08 21:30:00+00:00,4342.26233,4342.4577,4342.19723,4342.33504
2026-08-08 21:45:00+00:00,4342.26233,4342.45744,4342.20102,4342.24457
2026-08-08 22:00:00+00:00,4342.26044,4342.45424,4342.19614,4342.24635
2026-08-08 22:15:00+00:00,4342.26044,4342.45508,4342.19794,4342.33526
2026-08-08 22:30:00+00:00,4342.26044,4342.45582,4342.19558,4342.34527
2026-08-08 22:45:00+00:00,4342.26044,4342.45057,4342.19535,4342.25768
2026-08-08 23:00:00+00:00,4342.26044,4342.45554,4342.19613,4342.23607
2026-08-08 23:15:00+00:00,4342.26044,4342.45425,4342.19683,4342.3208
2026-08-08 23:30:00+00:00,4342.26044,4342.45507,4342.19558,4342.35363
2026-08-08 23:45:00+00:00,4342.26044,4342.45582,4342.20072,4342.30713
2026-08-09 00:00:00+00:00,4342.26044,4342.45555,4342.19534,4342.22977
2026-08-09 00:15:00+00:00,4342.26044,4342.45331,4342.19613,4342.32949
2026-08-09 00:30:00+00:00,4342.26044,4342.45426,4342.19684,4342.35775
2026-08-09 00:45:00+00:00,4342.26044,4342.45507,4342.19558,4342.29088
2026-08-09 01:00:00+00:00,4342.26044,4342.45582,4342.20071,4342.22789
2026-08-09 01:15:00+00:00,4342.26044,4342.45555,4342.19534,4342.34506
2026-08-09 01:30:00+00:00,4342.26044,4342.4533,4342.19612,4342.35735
2026-08-09 01:45:00+00:00,4342.26044,4342.45506,4342.19685,4342.30736
2026-08-09 02:00:00+00:00,4342.26044,4342.45198,4342.19559,4342.23057
2026-08-09 02:15:00+00:00,4342.26044,4342.45582,4342.19534,4342.35847
2026-08-09 02:30:00+00:00,4342.26044,4342.45555,4342.19912,4342.35245
2026-08-09 02:45:00+00:00,4342.26044,4342.45427,4342.19611,4342.32351
2026-08-09 03:00:00+00:00,4342.26044,4342.45506,4342.1979,4342.23761
2026-08-09 03:15:00+00:00,4342.26044,4342.45582,4342.19559,4342.25516
2026-08-09 03:30:00+00:00,4342.26044,4342.45051,4342.19534,4342.3434
2026-08-09 03:45:00+00:00,4342.26044,4342.45556,4342.19611,4342.33753
2026-08-09 04:00:00+00:00,4342.26044,4342.45428,4342.19686,4342.24852
2026-08-09 04:15:00+00:00,4342.26044,4342.45505,4342.19559,4342.24259
2026-08-09 04:30:00+00:00,4342.26044,4342.45581,4342.20067,4342.33082
2026-08-09 04:45:00+00:00,4342.26044,4342.45556,4342.19534,4342.34843
2026-08-09 05:00:00+00:00,4342.26044,4342.45327,4342.1961,4342.31843
2026-08-09 05:15:00+00:00,4342.26044,4342.45505,4342.19687,4342.23355
2026-08-09 05:30:00+00:00,4342.26044,4342.45201,4342.1956,4342.31832
2026-08-09 05:45:00+00:00,4342.26044,4342.45581,4342.19534,4342.35546
2026-08-09 06:00:00+00:00,4342.26044,4342.45556,4342.19916,4342.30171
2026-08-09 06:15:00+00:00,4342.26044,4342.45429,4342.1961,4342.22866
2026-08-09 06:30:00+00:00,4342.26044,4342.45504,4342.19688,4342.33474
2026-08-09 06:45:00+00:00,4342.26044,4342.45202,4342.1956,4342.35813
2026-08-09 07:00:00+00:00,4342.26044,4342.45581,4342.19534,4342.29585
2026-08-09 07:15:00+00:00,4342.26044,4342.45556,4342.19917,4342.22827
2026-08-09 07:30:00+00:00,4342.26044,4342.4543,4342.19609,4342.34973
2026-08-09 07:45:00+00:00,4342.26044,4342.45504,4342.19786,4342.35624
2026-08-09 08:00:00+00:00,4342.26044,4342.45581,4342.1956,4342.3128
2026-08-09 08:15:00+00:00,4342.26044,4342.45046,4342.19534,4342.2324
2026-08-09 08:30:00+00:00,4342.26044,4342.45557,4342.19609,4342.36223
2026-08-09 08:45:00+00:00,4342.26044,4342.45431,4342.19689,4342.34993
2026-08-09 09:00:00+00:00,4342.26044,4342.45503,4342.19561,4342.32837
2026-08-09 09:15:00+00:00,4342.26044,4342.45581,4342.20061,4342.24078
2026-08-09 09:30:00+00:00,4342.26044,4342.45557,4342.19534,4342.25072
2026-08-09 09:45:00+00:00,4342.26044,4342.45323,4342.19608,4342.33964
2026-08-09 10:00:00+00:00,4342.26044,4342.45503,4342.1969,4342.34147
2026-08-09 10:15:00+00:00,4342.26044,4342.45206,4342.19561,4342.2528
2026-08-09 10:30:00+00:00,4342.26044,4342.45581,4342.19534,4342.23922
2026-08-09 10:45:00+00:00,4342.26044,4342.45557,4342.1992,4342.32609
2026-08-09 11:00:00+00:00,4342.26044,4342.45432,4342.19608,4342.35118
2026-08-09 11:15:00+00:00,4342.26044,4342.45502,4342.19783,4342.31294
2026-08-09 11:30:00+00:00,4342.26044,4342.45581,4342.19561,4342.23147
2026-08-09 11:45:00+00:00,4342.26044,4342.45042,4342.19533,4342.32378
2026-08-09 12:00:00+00:00,4342.26044,4342.45558,4342.19607,4342.35683
2026-08-09 12:15:00+00:00,4342.26044,4342.45433,4342.19691,4342.29639
2026-08-09 12:30:00+00:00,4342.26044,4342.45502,4342.19782,4342.22803
2026-08-09 12:45:00+00:00,4342.26044,4342.45581,4342.19562,4342.33985
2026-08-09 13:00:00+00:00,4342.26044,4342.4504,4342.19533,4342.35801
2026-08-09 13:15:00+00:00,4342.26044,4342.45558,4342.19607,4342.30146
2026-08-09 13:30:00+00:00,4342.26044,4342.45434,4342.19692,4342.22913
2026-08-09 13:45:00+00:00,4342.26044,4342.45501,4342.19562,4342.35413
2026-08-09 14:00:00+00:00,4342.26044,4342.45581,4342.20056,4342.35465
2026-08-09 14:15:00+00:00,4342.26044,4342.45558,4342.19533,4342.3181
2026-08-09 14:30:00+00:00,4342.26044,4342.4532,4342.19606,4342.23469
2026-08-09 14:45:00+00:00,4342.26044,4342.45501,4342.19693,4342.2602
2026-08-09 15:00:00+00:00,4342.26044,4342.4521,4342.19562,4342.34698
2026-08-09 15:15:00+00:00,4342.26044,4342.4558,4342.19533,4342.33297
2026-08-09 15:30:00+00:00,4342.26044,4342.45559,4342.19925,4342.24434
2026-08-09 15:45:00+00:00,4342.26044,4342.45435,4342.19606,4342.2466
2026-08-09 16:00:00+00:00,4342.26044,4342.455,4342.1978,4342.33553
2026-08-09 16:15:00+00:00,4342.26044,4342.4558,4342.19563,4342.34505
2026-08-09 16:30:00+00:00,4342.26044,4342.45036,4342.19533,4342.25738
2026-08-09 16:45:00+00:00,4342.26044,4342.45559,4342.19605,4342.23624
2026-08-09 17:00:00+00:00,4342.26044,4342.45436,4342.19694,4342.32112
2026-08-09 17:15:00+00:00,4342.26044,4342.455,4342.19563,4342.3535
2026-08-09 17:30:00+00:00,4342.26044,4342.4558,4342.20052,4342.30747
2026-08-09 17:45:00+00:00,4342.26044,4342.45559,4342.19533,4342.22986
2026-08-09 18:00:00+00:00,4342.26044,4342.45133,4342.1624,4342.31853
2026-08-09 18:15:00+00:00,4342.24913,4342.44483,4342.1624,4342.35213
2026-08-09 18:30:00+00:00,4342.25554,4342.44947,4342.1624,4342.28358
2026-08-09 18:45:00+00:00,4342.25105,4342.45392,4342.1624,4342.22789
2026-08-09 19:00:00+00:00,4342.26044,4342.7281,4342.19533,4342.71138
2026-08-09 19:15:00+00:00,4342.64183,4342.64183,4342.1624,4342.35548
2026-08-09 19:30:00+00:00,4342.25893,4342.4531,4342.1624,4342.33491
2026-08-09 19:45:00+00:00,4342.25848,4342.45209,4342.19375,4342.23784
2026-08-09 20:00:00+00:00,4342.26835,4342.55572,4342.16245,4342.36056
2026-08-09 20:15:00+00:00,4342.26408,4342.45558,4342.1624,4342.3527
2026-08-09 20:30:00+00:00,4342.25975,4342.4563,4342.1624,4342.34186
2026-08-09 20:45:00+00:00,4342.26233,4342.7281,4342.16142,4342.18657
2026-08-09 21:00:00+00:00,4342.28568,4342.7281,4342.1624,4342.26905
2026-08-09 21:15:00+00:00,4342.273,4342.7281,4342.07634,4342.37425
2026-08-09 21:30:00+00:00,4342.29357,4344.06425,4341.6818,4343.73354
2026-08-09 21:45:00+00:00,4343.74511,4343.95088,4343.4826,4343.62261
2026-08-09 22:00:00+00:00,4343.64486,4355.9871,4335.00954,4345.95175
2026-08-09 22:15:00+00:00,4345.50754,4345.50754,4338.95952,4343.27985
2026-08-09 22:30:00+00:00,4343.48336,4344.9924,4340.84299,4341.23016
2026-08-09 22:45:00+00:00,4341.75214,4344.23737,4339.99942,4342.46
2026-08-09 23:00:00+00:00,4342.32391,4347.82609,4341.50901,4346.91071
2026-08-09 23:15:00+00:00,4346.50435,4349.72182,4344.23737,4349.46476
2026-08-09 23:30:00+00:00,4348.83657,4348.83657,4340.37901,4341.91098
2026-08-09 23:45:00+00:00,4341.80312,4342.7281,4333.41507,4333.87088
2026-08-10 00:00:00+00:00,4334.80988,4346.12543,4332.60222,4345.5813
2026-08-10 00:15:00+00:00,4344.26616,4348.22368,4337.83022,4338.32681
2026-08-10 00:30:00+00:00,4339.11711,4339.11711,4333.71966,4334.97893
2026-08-10 00:45:00+00:00,4335.34163,4338.02936,4331.25433,4332.14584
2026-08-10 01:00:00+00:00,4331.95814,4338.95952,4320.95902,4324.74399
2026-08-10 01:15:00+00:00,4324.24032,4327.50563,4320.96098,4322.1185
2026-08-10 01:30:00+00:00,4322.22261,4327.69446,4313.50559,4316.78663
2026-08-10 01:45:00+00:00,4315.72762,4322.642,4315.72762,4316.86293
2026-08-10 02:00:00+00:00,4318.19741,4325.85525,4318.19741,4322.56684
2026-08-10 02:15:00+00:00,4323.64325,4331.28977,4323.64325,4330.88172
2026-08-10 02:30:00+00:00,4329.83852,4334.86314,4323.95036,4329.07975
2026-08-10 02:45:00+00:00,4328.48343,4328.85082,4319.09472,4322.37614
2026-08-10 03:00:00+00:00,4321.4286,4321.4286,4317.97573,4318.43798
2026-08-10 03:15:00+00:00,4318.64137,4327.07477,4318.64137,4326.56885
2026-08-10 03:30:00+00:00,4325.55058,4329.19174,4324.97179,4325.69189
2026-08-10 03:45:00+00:00,4325.58368,4327.8802,4325.07244,4327.24387
2026-08-10 04:00:00+00:00,4326.9562,4332.24138,4323.45383,4332.0545
2026-08-10 04:15:00+00:00,4331.68677,4337.07768,4330.69161,4334.41231
2026-08-10 04:30:00+00:00,4334.66938,4337.08883,4330.31655,4331.4381
2026-08-10 04:45:00+00:00,4330.6105,4339.06144,4330.6105,4337.37602
2026-08-10 05:00:00+00:00,4337.83472,4339.60831,4334.07013,4335.35405
2026-08-10 05:15:00+00:00,4335.12394,4336.13737,4333.13112,4334.43369
2026-08-10 05:30:00+00:00,4334.37862,4343.67127,4332.94337,4340.08281
2026-08-10 05:45:00+00:00,4340.83272,4352.17827,4340.83272,4349.11933
2026-08-10 06:00:00+00:00,4348.83189,4349.71727,4342.1624,4349.65053
2026-08-10 06:15:00+00:00,4349.53934,4350.73561,4342.9167,4347.01145
2026-08-10 06:30:00+00:00,4346.42946,4354.50205,4346.42946,4353.4201
2026-08-10 06:45:00+00:00,4351.58765,4359.57799,4351.58765,4359.44924
2026-08-10 07:00:00+00:00,4359.12755,4359.33222,4351.07886,4351.32419
2026-08-10 07:15:00+00:00,4351.67324,4359.00789,4350.31042,4354.08404
2026-08-10 07:30:00+00:00,4353.8411,4359.38794,4352.75913,4358.56291
2026-08-10 07:45:00+00:00,4358.23661,4361.48225,4355.19614,4356.03981
2026-08-10 08:00:00+00:00,4355.93208,4356.48018,4352.36769,4353.81142
2026-08-10 08:15:00+00:00,4353.45832,4355.93762,4352.36769,4355.60476
2026-08-10 08:30:00+00:00,4355.14512,4356.59242,4346.12543,4346.51376
2026-08-10 08:45:00+00:00,4346.58246,4349.14974,4345.37001,4347.2738
2026-08-10 09:00:00+00:00,4346.88484,4349.50335,4345.74769,4349.36057
2026-08-10 09:15:00+00:00,4349.10539,4349.71727,4345.93655,4346.15815
2026-08-10 09:30:00+00:00,4346.46751,4348.21674,4341.59493,4344.13589
2026-08-10 09:45:00+00:00,4344.00644,4344.55893,4341.21988,4341.87718
2026-08-10 10:00:00+00:00,4341.97026,4342.26055,4339.71271,4340.7791
2026-08-10 10:15:00+00:00,4340.58359,4344.4261,4338.91612,4342.38348
2026-08-10 10:30:00+00:00,4342.75937,4343.85995,4338.13278,4339.27638
2026-08-10 10:45:00+00:00,4338.92142,4340.31658,4335.88955,4336.40975
2026-08-10 11:00:00+00:00,4337.43459,4337.43459,4330.69161,4330.99112
2026-08-10 11:15:00+00:00,4331.5273,4336.55764,4328.98052,4334.35256
2026-08-10 11:30:00+00:00,4334.39132,4339.71271,4334.39132,4336.82168
2026-08-10 11:45:00+00:00,4336.99895,4338.33262,4332.56791,4335.92898
2026-08-10 12:00:00+00:00,4335.46537,4335.94988,4331.86975,4332.0946
2026-08-10 12:15:00+00:00,4332.42801,4332.42801,4325.82082,4327.43535
2026-08-10 12:30:00+00:00,4326.9757,4332.16137,4326.9757,4330.67121
2026-08-10 12:45:00+00:00,4331.21379,4336.51344,4328.67694,4334.66577
2026-08-10 13:00:00+00:00,4334.54036,4337.07768,4327.31836,4335.55356
2026-08-10 13:15:00+00:00,4335.62944,4337.45391,4329.00433,4333.05627
2026-08-10 13:30:00+00:00,4333.0574,4338.58302,4331.85314,4333.50622
2026-08-10 13:45:00+00:00,4335.58647,4335.58647,4318.19137,4318.97671
2026-08-10 14:00:00+00:00,4320.6466,4330.16656,4317.12328,4329.23689
2026-08-10 14:15:00+00:00,4326.91501,4347.63706,4326.91501,4346.16493
2026-08-10 14:30:00+00:00,4346.13388,4349.52808,4345.84335,4349.4446
2026-08-10 14:45:00+00:00,4349.25561,4350.28494,4343.29395,4344.77577
2026-08-10 15:00:00+00:00,4344.59106,4351.42074,4342.7281,4346.80069
2026-08-10 15:15:00+00:00,4346.55681,4351.18308,4346.55681,4349.58288
2026-08-10 15:30:00+00:00,4349.26754,4351.94399,4348.56754,4350.82596
2026-08-10 15:45:00+00:00,4350.75533,4358.42602,4350.0957,4358.12712
2026-08-10 16:00:00+00:00,4357.44972,4364.71564,4357.44972,4361.83005
2026-08-10 16:15:00+00:00,4362.49797,4364.34346,4361.47941,4363.36849
2026-08-10 16:30:00+00:00,4363.28318,4363.28318,4351.42074,4351.93897
2026-08-10 16:45:00+00:00,4352.15904,4356.32938,4351.20296,4355.92157
2026-08-10 17:00:00+00:00,4355.08366,4357.86813,4352.93606,4357.76177
2026-08-10 17:15:00+00:00,4357.52348,4360.33836,4356.52347,4360.25976
2026-08-10 17:30:00+00:00,4359.99656,4364.90615,4359.33286,4360.86573
2026-08-10 17:45:00+00:00,4361.71559,4361.71559,4357.73843,4359.52632
2026-08-10 18:00:00+00:00,4359.28349,4365.28724,4359.28349,4363.4873
2026-08-10 18:15:00+00:00,4363.7548,4367.00726,4361.90018,4366.86617
2026-08-10 18:30:00+00:00,4366.56433,4383.37202,4365.28724,4381.3625
2026-08-10 18:45:00+00:00,4381.72934,4383.71101,4374.07051,4378.99177
2026-08-10 19:00:00+00:00,4378.87004,4382.8892,4378.64066,4382.68622
2026-08-10 19:15:00+00:00,4382.56022,4390.62854,4381.92893,4390.42947
2026-08-10 19:30:00+00:00,4390.12131,4393.35803,4386.23136,4389.13924
2026-08-10 19:45:00+00:00,4389.80247,4395.6044,4387.88943,4389.70661
2026-08-10 20:00:00+00:00,4389.22345,4390.97216,4386.54209,4390.72741
2026-08-10 20:15:00+00:00,4390.24005,4391.50619,4387.11942,4391.13474
2026-08-10 20:30:00+00:00,4390.47173,4391.9364,4390.20107,4390.45046
2026-08-10 20:45:00+00:00,4390.81471,4391.00838,4389.02452,4389.993
2026-08-10 21:00:00+00:00,4389.83451,4390.00834,4387.31189,4387.67288
2026-08-10 21:15:00+00:00,4387.57167,4387.66555,4387.31189,4387.53363
2026-08-10 21:30:00+00:00,4387.44226,4389.30011,4387.27137,4388.91199
2026-08-10 21:45:00+00:00,4389.01576,4389.23759,4388.90018,4389.03059
2026-08-10 22:00:00+00:00,4388.96596,4392.62089,4388.39839,4391.85076
2026-08-10 22:15:00+00:00,4391.92131,4393.3507,4391.19939,4392.48381
2026-08-10 22:30:00+00:00,4392.47309,4396.32395,4392.22761,4396.02938
2026-08-10 22:45:00+00:00,4395.56411,4400.47991,4395.56411,4399.51915
2026-08-10 23:00:00+00:00,4399.75928,4401.86975,4396.18411,4397.27149
2026-08-10 23:15:00+00:00,4396.97594,4397.73077,4394.99006,4395.33896
2026-08-10 23:30:00+00:00,4395.29754,4398.91287,4395.12239,4398.83344
2026-08-10 23:45:00+00:00,4398.744,4402.3249,4396.7515,4402.0834
2026-08-11 00:00:00+00:00,4401.5307,4408.29449,4396.37739,4404.8877
2026-08-11 00:15:00+00:00,4405.27902,4414.42635,4403.47879,4413.19544
2026-08-11 00:30:00+00:00,4413.39455,4415.01104,4407.22785,4411.63607
2026-08-11 00:45:00+00:00,4410.28626,4422.79946,4408.78229,4410.25099
2026-08-11 01:00:00+00:00,4411.64976,4415.40092,4392.55003,4413.09506
2026-08-11 01:15:00+00:00,4413.41398,4420.28025,4413.41398,4417.57179
2026-08-11 01:30:00+00:00,4416.25612,4421.06194,4416.25612,4420.77565
2026-08-11 01:45:00+00:00,4420.39398,4432.42764,4417.54649,4430.57525
2026-08-11 02:00:00+00:00,4430.75816,4433.71073,4422.93991,4432.6762
2026-08-11 02:15:00+00:00,4430.1116,4434.78647,4427.12945,4429.64476
2026-08-11 02:30:00+00:00,4429.50013,4430.54679,4413.84181,4419.10145
2026-08-11 02:45:00+00:00,4419.3965,4420.24791,4409.71229,4411.97389
2026-08-11 03:00:00+00:00,4411.71515,4414.62123,4411.27082,4413.63563
2026-08-11 03:15:00+00:00,4413.97005,4421.06194,4413.06267,4419.05271
2026-08-11 03:30:00+00:00,4419.21027,4421.25741,4416.96113,4417.23667
2026-08-11 03:45:00+00:00,4417.72068,4417.93682,4414.05663,4417.818
2026-08-11 04:00:00+00:00,4417.55213,4419.69416,4412.86792,4413.4696
2026-08-11 04:15:00+00:00,4413.33264,4416.33269,4410.92144,4414.71657
2026-08-11 04:30:00+00:00,4413.60882,4420.64933,4408.58793,4409.31332
2026-08-11 04:45:00+00:00,4409.69756,4411.11601,4404.31623,4406.92213
2026-08-11 05:00:00+00:00,4406.34773,4408.58793,4400.24641,4402.13536
2026-08-11 05:15:00+00:00,4401.96938,4402.18348,4390.77936,4392.36558
2026-08-11 05:30:00+00:00,4392.64378,4399.39119,4373.49661,4373.78784
2026-08-11 05:45:00+00:00,4374.80103,4378.85887,4368.52912,4374.14702
2026-08-11 06:00:00+00:00,4373.48361,4382.31298,4372.54045,4376.7759
2026-08-11 06:15:00+00:00,4378.41014,4378.41014,4364.56508,4366.27679
2026-08-11 06:30:00+00:00,4370.29888,4370.29888,4360.71865,4365.67864
2026-08-11 06:45:00+00:00,4366.5541,4368.1948,4360.5285,4364.78252
2026-08-11 07:00:00+00:00,4364.40859,4367.00293,4361.66042,4363.77396
2026-08-11 07:15:00+00:00,4363.45093,4365.4778,4357.86813,4363.77529
2026-08-11 07:30:00+00:00,4364.32735,4366.69138,4357.26681,4358.00369
2026-08-11 07:45:00+00:00,4357.67982,4361.66965,4357.42737,4357.57737
2026-08-11 08:00:00+00:00,4357.80034,4366.40389,4356.48594,4364.47545
2026-08-11 08:15:00+00:00,4364.61571,4369.11974,4360.04369,4367.53685
2026-08-11 08:30:00+00:00,4368.20164,4376.32196,4368.20164,4376.11609
2026-08-11 08:45:00+00:00,4375.74676,4376.36761,4370.25965,4370.4767
2026-08-11 09:00:00+00:00,4370.80666,4372.64038,4366.97202,4372.41243
2026-08-11 09:15:00+00:00,4371.75159,4375.9846,4371.20252,4375.67967
2026-08-11 09:30:00+00:00,4374.96702,4374.96702,4371.44367,4371.95117
2026-08-11 09:45:00+00:00,4372.23441,4374.90507,4370.24736,4372.83373
2026-08-11 10:00:00+00:00,4372.63306,4375.41019,4370.75714,4373.30361
2026-08-11 10:15:00+00:00,4373.56563,4380.77715,4372.38991,4380.59806
2026-08-11 10:30:00+00:00,4380.38837,4380.58525,4377.51707,4377.56887
2026-08-11 10:45:00+00:00,4377.625,4381.73692,4377.57065,4379.13876
2026-08-11 11:00:00+00:00,4379.24595,4392.74512,4379.24595,4392.47227
2026-08-11 11:15:00+00:00,4391.9715,4391.9715,4385.66274,4387.17342
2026-08-11 11:30:00+00:00,4387.33555,4388.45555,4381.88843,4385.53029
2026-08-11 11:45:00+00:00,4385.18686,4389.04494,4385.03335,4388.61588
2026-08-11 12:00:00+00:00,4388.38174,4397.15065,4382.97149,4396.73341
2026-08-11 12:15:00+00:00,4396.03619,4399.27852,4388.27453,4390.9933
2026-08-11 12:30:00+00:00,4390.87024,4396.37739,4387.35284,4394.77656
2026-08-11 12:45:00+00:00,4394.72831,4400.24641,4392.94498,4394.61516
2026-08-11 13:00:00+00:00,4394.05368,4401.04793,4392.46414,4397.06528
2026-08-11 13:15:00+00:00,4398.16392,4400.82736,4390.97216,4399.38268
2026-08-11 13:30:00+00:00,4399.37912,4400.89624,4387.40039,4399.93971
2026-08-11 13:45:00+00:00,4400.0859,4407.93875,4384.61876,4389.87291
2026-08-11 14:00:00+00:00,4390.7037,4390.7037,4381.35912,4386.50098
2026-08-11 14:15:00+00:00,4385.96698,4389.81563,4380.36847,4386.87473
2026-08-11 14:30:00+00:00,4386.60576,4395.02483,4385.00329,4394.90149
2026-08-11 14:45:00+00:00,4394.54599,4397.73077,4391.73774,4393.37616
2026-08-11 15:00:00+00:00,4393.81663,4398.31105,4389.69033,4395.47455
2026-08-11 15:15:00+00:00,4395.11495,4395.11495,4382.50504,4386.97919
2026-08-11 15:30:00+00:00,4386.27087,4386.54209,4370.25762,4374.82704
2026-08-11 15:45:00+00:00,4373.90539,4382.44587,4373.90539,4380.04955
2026-08-11 16:00:00+00:00,4380.32852,4384.61876,4378.66713,4378.88636
2026-08-11 16:15:00+00:00,4379.23968,4383.65772,4378.24607,4383.43615
2026-08-11 16:30:00+00:00,4382.91243,4385.00329,4380.19812,4384.88798
2026-08-11 16:45:00+00:00,4384.79623,4385.51315,4381.00205,4384.11668
2026-08-11 17:00:00+00:00,4384.2809,4385.00329,4381.73692,4381.85853
2026-08-11 17:15:00+00:00,4381.99194,4384.04209,4379.43418,4379.53248
2026-08-11 17:30:00+00:00,4379.88588,4382.50504,4374.45319,4377.30361
2026-08-11 17:45:00+00:00,4377.45051,4377.71388,4369.48353,4371.91971
2026-08-11 18:00:00+00:00,4371.50867,4371.50867,4361.2892,4363.26771
2026-08-11 18:15:00+00:00,4363.31553,4368.58909,4362.16919,4363.20948
2026-08-11 18:30:00+00:00,4363.68198,4371.40454,4361.2892,4370.95217
2026-08-11 18:45:00+00:00,4369.9111,4372.6332,4369.9111,4371.38532
2026-08-11 19:00:00+00:00,4371.27865,4372.81129,4363.64287,4366.02482
2026-08-11 19:15:00+00:00,4365.89293,4370.43835,4361.8599,4370.28141
2026-08-11 19:30:00+00:00,4370.05754,4374.79549,4367.36512,4367.7505
2026-08-11 19:45:00+00:00,4368.51359,4373.11409,4365.54005,4372.69971
2026-08-11 20:00:00+00:00,4372.60911,4372.62815,4368.91083,4370.81647
2026-08-11 20:15:00+00:00,4370.75793,4370.8204,4367.95667,4370.15316
2026-08-11 20:30:00+00:00,4370.45694,4370.48128,4367.75193,4367.84455
2026-08-11 20:45:00+00:00,4367.97792,4368.75593,4367.25423,4367.71611
2026-08-11 21:00:00+00:00,4368.15364,4369.29915,4368.15364,4368.56007
2026-08-11 21:15:00+00:00,4368.47339,4368.67843,4368.33828,4368.57398
2026-08-11 21:30:00+00:00,4368.47759,4368.72204,4368.14747,4368.19804
2026-08-11 21:45:00+00:00,4368.26853,4368.67349,4368.26853,4368.44713
2026-08-11 22:00:00+00:00,4368.4795,4375.25411,4368.47546,4375.15399
2026-08-11 22:15:00+00:00,4375.05164,4376.94227,4373.68789,4376.85987
2026-08-11 22:30:00+00:00,4376.68768,4377.81682,4375.79311,4375.82483
2026-08-11 22:45:00+00:00,4375.87829,4378.26115,4367.76589,4370.27316
2026-08-11 23:00:00+00:00,4369.94859,4370.25154,4363.38249,4368.53597
2026-08-11 23:15:00+00:00,4367.98693,4373.87919,4364.71977,4372.5131
2026-08-11 23:30:00+00:00,4371.52367,4373.68789,4367.19364,4367.8687
2026-08-11 23:45:00+00:00,4367.96957,4371.3936,4366.73737,4371.35495
2026-08-12 00:00:00+00:00,4371.17037,4377.65337,4366.30522,4376.9845
2026-08-12 00:15:00+00:00,4375.38779,4380.58525,4374.64456,4380.00953
2026-08-12 00:30:00+00:00,4379.56814,4383.77641,4379.22746,4381.31405
2026-08-12 00:45:00+00:00,4381.61462,4382.8892,4378.18302,4380.61545
2026-08-12 01:00:00+00:00,4380.35025,4390.77936,4378.36336,4390.29619
2026-08-12 01:15:00+00:00,4390.21756,4394.05923,4386.77054,4391.16347
2026-08-12 01:30:00+00:00,4391.10147,4392.62355,4385.18353,4391.79644
2026-08-12 01:45:00+00:00,4389.78159,4397.83795,4389.78159,4396.11284
2026-08-12 02:00:00+00:00,4395.36451,4402.83362,4394.83168,4401.99692
2026-08-12 02:15:00+00:00,4399.88876,4403.73437,4399.8592,4402.48168
2026-08-12 02:30:00+00:00,4402.33671,4408.19925,4397.48415,4407.73437
2026-08-12 02:45:00+00:00,4406.93008,4414.42635,4405.01157,4412.26969
2026-08-12 03:00:00+00:00,4412.20362,4415.01104,4408.27078,4413.03188
2026-08-12 03:15:00+00:00,4413.69721,4414.63296,4405.56251,4407.44393
2026-08-12 03:30:00+00:00,4407.28419,4407.75639,4401.9897,4402.17511
2026-08-12 03:45:00+00:00,4402.55833,4403.46224,4401.55838,4402.31001
2026-08-12 04:00:00+00:00,4402.19293,4403.15266,4396.76398,4396.94351
2026-08-12 04:15:00+00:00,4397.19095,4398.99133,4395.39795,4397.84871
2026-08-12 04:30:00+00:00,4398.33416,4399.84007,4395.79762,4399.3963
2026-08-12 04:45:00+00:00,4398.23156,4401.95975,4398.23156,4400.88689
2026-08-12 05:00:00+00:00,4400.75155,4405.08837,4400.47751,4402.38116
2026-08-12 05:15:00+00:00,4403.5017,4403.5017,4392.7081,4393.79719
2026-08-12 05:30:00+00:00,4394.28889,4396.76398,4388.22804,4389.74129
2026-08-12 05:45:00+00:00,4389.94275,4394.33323,4385.0347,4393.89672
2026-08-12 06:00:00+00:00,4393.19014,4393.19014,4385.19558,4387.40273
2026-08-12 06:15:00+00:00,4387.04972,4390.62745,4385.84465,4389.17686
2026-08-12 06:30:00+00:00,4388.25599,4397.73077,4388.11768,4395.85351
2026-08-12 06:45:00+00:00,4396.33755,4405.86862,4394.89352,4403.69312
2026-08-12 07:00:00+00:00,4404.05376,4405.86862,4400.55465,4405.77663
2026-08-12 07:15:00+00:00,4405.75618,4405.75618,4398.58522,4402.59524
2026-08-12 07:30:00+00:00,4402.13269,4408.60561,4401.79593,4408.49746
2026-08-12 07:45:00+00:00,4408.2959,4409.94884,4404.89825,4405.57256
2026-08-12 08:00:00+00:00,4405.31611,4410.14333,4404.49473,4408.8257
2026-08-12 08:15:00+00:00,4408.79751,4409.36549,4406.25688,4406.33244
2026-08-12 08:30:00+00:00,4406.49239,4407.03363,4404.8618,4405.53409
2026-08-12 08:45:00+00:00,4405.6125,4405.67451,4401.9897,4402.05648
2026-08-12 09:00:00+00:00,4402.24767,4412.41693,4402.05582,4411.16742
2026-08-12 09:15:00+00:00,4411.31707,4423.40868,4409.77988,4415.37225
2026-08-12 09:30:00+00:00,4416.09989,4416.96113,4412.86792,4414.53441
2026-08-12 09:45:00+00:00,4415.16379,4416.18089,4411.01101,4415.84387
2026-08-12 10:00:00+00:00,4415.28846,4419.10822,4415.17352,4419.03558
2026-08-12 10:15:00+00:00,4418.89041,4420.67106,4417.93682,4420.58275
2026-08-12 10:30:00+00:00,4420.39034,4420.41269,4412.86792,4414.26494
2026-08-12 10:45:00+00:00,4413.75469,4415.79087,4408.00494,4412.20584
2026-08-12 11:00:00+00:00,4411.49936,4414.61788,4408.61414,4411.24346
2026-08-12 11:15:00+00:00,4410.18724,4415.02325,4407.61636,4414.29432
2026-08-12 11:30:00+00:00,4412.70191,4415.79087,4410.18764,4412.38523
2026-08-12 11:45:00+00:00,4412.55454,4415.6584,4412.55454,4413.40502
2026-08-12 12:00:00+00:00,4413.17286,4413.647,4406.72615,4407.65895
2026-08-12 12:15:00+00:00,4408.02488,4416.52101,4404.31816,4415.40598
2026-08-12 12:30:00+00:00,4412.63454,4438.32941,4381.60221,4437.32284
2026-08-12 12:45:00+00:00,4435.73783,4435.77005,4419.30352,4435.24642
2026-08-12 13:00:00+00:00,4434.37883,4441.22288,4423.01738,4423.64633
2026-08-12 13:15:00+00:00,4424.91421,4428.30573,4415.20597,4417.30785
2026-08-12 13:30:00+00:00,4417.52355,4419.10822,4409.55993,4417.51641
2026-08-12 13:45:00+00:00,4416.37726,4434.5898,4414.91804,4430.93949
2026-08-12 14:00:00+00:00,4430.6817,4434.5898,4423.01738,4434.16966
2026-08-12 14:15:00+00:00,4433.99691,4439.2306,4431.44554,4438.094
2026-08-12 14:30:00+00:00,4435.52199,4435.52199,4415.79087,4422.44507
2026-08-12 14:45:00+00:00,4420.80998,4434.8193,4417.35136,4421.4094
2026-08-12 15:00:00+00:00,4420.88677,4429.09026,4415.40092,4428.71915
2026-08-12 15:15:00+00:00,4428.08703,4431.44291,4421.33356,4421.80867
2026-08-12 15:30:00+00:00,4422.58835,4425.17037,4416.7728,4420.82499
2026-08-12 15:45:00+00:00,4420.71062,4421.42404,4411.93449,4421.23548
2026-08-12 16:00:00+00:00,4420.78422,4425.75791,4417.35136,4422.9491
2026-08-12 16:15:00+00:00,4421.8968,4425.75791,4421.8968,4423.39846
2026-08-12 16:30:00+00:00,4423.30581,4424.28855,4411.05799,4411.895
2026-08-12 16:45:00+00:00,4413.48881,4413.48881,4397.73077,4401.78156
2026-08-12 17:00:00+00:00,4400.19398,4407.4221,4400.19398,4404.41479
2026-08-12 17:15:00+00:00,4404.6281,4409.36549,4402.33801,4407.08033
2026-08-12 17:30:00+00:00,4407.21035,4410.99157,4402.35776,4402.91723
2026-08-12 17:45:00+00:00,4404.04492,4406.12272,4399.27852,4399.84161
2026-08-12 18:00:00+00:00,4400.31322,4406.25688,4396.76398,4405.71895
2026-08-12 18:15:00+00:00,4405.74428,4410.89191,4404.33464,4407.89795
2026-08-12 18:30:00+00:00,4408.386,4413.05553,4408.00494,4412.72057
2026-08-12 18:45:00+00:00,4412.29384,4418.52245,4412.29384,4413.23668
2026-08-12 19:00:00+00:00,4413.22982,4418.71432,4413.19602,4416.64614
2026-08-12 19:15:00+00:00,4416.36057,4417.96926,4415.87013,4415.96618
2026-08-12 19:30:00+00:00,4416.1139,4416.57097,4411.50521,4411.98917
2026-08-12 19:45:00+00:00,4412.22358,4415.03224,4408.78229,4411.32445
2026-08-12 20:00:00+00:00,4412.03462,4413.4522,4408.97668,4409.05239
2026-08-12 20:15:00+00:00,4409.21326,4410.18996,4407.02927,4408.02568
2026-08-12 20:30:00+00:00,4407.67885,4408.70347,4407.03363,4407.62554
2026-08-12 20:45:00+00:00,4407.67567,4409.17108,4406.52929,4409.04752
2026-08-12 21:00:00+00:00,4408.74155,4409.02288,4408.39358,4408.77128
2026-08-12 21:15:00+00:00,4408.69289,4409.05681,4408.58434,4408.63913
2026-08-12 21:30:00+00:00,4408.72465,4408.97668,4408.5458,4408.85345
2026-08-12 21:45:00+00:00,4408.78279,4408.92199,4408.63497,4408.82443
2026-08-12 22:00:00+00:00,4408.74865,4409.94884,4403.13669,4403.44205
2026-08-12 22:15:00+00:00,4403.40904,4403.40904,4398.31105,4399.64639
2026-08-12 22:30:00+00:00,4399.13772,4401.6796,4398.69799,4400.321
2026-08-12 22:45:00+00:00,4400.29414,4402.5711,4399.93659,4402.08306
2026-08-12 23:00:00+00:00,4402.17047,4405.94767,4402.17047,4405.87847
2026-08-12 23:15:00+00:00,4405.84799,4409.75438,4405.57237,4409.35018
2026-08-12 23:30:00+00:00,4409.26737,4410.14333,4407.61341,4409.03879
2026-08-12 23:45:00+00:00,4408.80689,4413.37002,4407.53054,4412.80577
2026-08-13 00:00:00+00:00,4412.07221,4422.69135,4412.07221,4420.22029
2026-08-13 00:15:00+00:00,4420.44348,4436.36041,4418.93947,4427.9257
2026-08-13 00:30:00+00:00,4428.28033,4449.78419,4424.23644,4439.64536
2026-08-13 00:45:00+00:00,4439.30927,4441.66976,4427.12945,4427.36963
2026-08-13 01:00:00+00:00,4427.70384,4434.98315,4423.99575,4430.41352
2026-08-13 01:15:00+00:00,4430.91834,4436.23856,4419.89061,4420.46907
2026-08-13 01:30:00+00:00,4421.76126,4429.09026,4419.10822,4420.55322
2026-08-13 01:45:00+00:00,4420.91882,4421.17912,4407.4221,4407.90568
2026-08-13 02:00:00+00:00,4408.72581,4413.4522,4405.52731,4411.46065
2026-08-13 02:15:00+00:00,4411.77226,4412.47849,4406.83941,4407.55199
2026-08-13 02:30:00+00:00,4408.0181,4408.39358,4399.8592,4407.84855
2026-08-13 02:45:00+00:00,4407.40596,4410.3782,4406.64522,4407.32056
2026-08-13 03:00:00+00:00,4407.60411,4412.5607,4405.09229,4406.60702
2026-08-13 03:15:00+00:00,4406.17604,4409.60138,4405.4017,4409.29857
2026-08-13 03:30:00+00:00,4408.80916,4410.24276,4406.12541,4406.48338
2026-08-13 03:45:00+00:00,4407.22552,4407.22552,4399.60273,4399.7957
2026-08-13 04:00:00+00:00,4400.13561,4400.13561,4392.90107,4394.68829
2026-08-13 04:15:00+00:00,4394.2572,4398.73324,4393.09406,4397.73691
2026-08-13 04:30:00+00:00,4398.14044,4399.91032,4396.76398,4396.98133
2026-08-13 04:45:00+00:00,4397.25759,4398.31105,4395.41119,4398.26874
2026-08-13 05:00:00+00:00,4398.06126,4403.73919,4393.7272,4402.82814
2026-08-13 05:15:00+00:00,4400.54448,4406.95274,4400.44004,4406.76464
2026-08-13 05:30:00+00:00,4406.34262,4407.03363,4388.51448,4389.32759
2026-08-13 05:45:00+00:00,4391.16092,4391.16092,4382.36352,4383.23749
2026-08-13 06:00:00+00:00,4384.53217,4384.53217,4375.60165,4376.3544
2026-08-13 06:15:00+00:00,4376.95072,4378.09203,4374.83594,4375.67438
2026-08-13 06:30:00+00:00,4375.68223,4378.53475,4369.39835,4373.98804
2026-08-13 06:45:00+00:00,4373.80038,4381.46895,4373.30534,4380.12659
2026-08-13 07:00:00+00:00,4380.22082,4380.96907,4376.1761,4376.33523
2026-08-13 07:15:00+00:00,4376.63609,4376.94227,4373.87919,4376.31682
2026-08-13 07:30:00+00:00,4375.97819,4377.94597,4372.09801,4377.21744
2026-08-13 07:45:00+00:00,4377.14753,4378.56974,4369.48353,4370.49126
2026-08-13 08:00:00+00:00,4370.36596,4371.64149,4364.90615,4366.27809
2026-08-13 08:15:00+00:00,4365.75718,4372.83005,4365.51967,4372.44174
2026-08-13 08:30:00+00:00,4371.71495,4375.41019,4371.71495,4375.03808
2026-08-13 08:45:00+00:00,4374.89881,4379.62598,4373.68789,4375.53737
2026-08-13 09:00:00+00:00,4375.71907,4378.09203,4373.49661,4377.75455
2026-08-13 09:15:00+00:00,4377.7264,4381.73692,4376.31799,4380.79521
2026-08-13 09:30:00+00:00,4380.87349,4381.98823,4379.43418,4380.65637
2026-08-13 09:45:00+00:00,4380.40739,4385.00329,4378.59412,4384.68614
2026-08-13 10:00:00+00:00,4384.07925,4385.70519,4381.73692,4381.97305
2026-08-13 10:15:00+00:00,4382.41621,4387.11942,4381.95164,4387.07347
2026-08-13 10:30:00+00:00,4386.93442,4390.28,4384.64625,4389.97741
2026-08-13 10:45:00+00:00,4389.29613,4393.91936,4388.46711,4392.33656
2026-08-13 11:00:00+00:00,4392.30901,4393.06753,4388.64875,4392.69522
2026-08-13 11:15:00+00:00,4391.74305,4397.01077,4389.64288,4390.03857
2026-08-13 11:30:00+00:00,4390.79255,4390.79255,4383.8499,4384.53654
2026-08-13 11:45:00+00:00,4384.72955,4387.50439,4383.27343,4387.29864
2026-08-13 12:00:00+00:00,4386.84556,4391.9364,4385.96491,4388.49767
2026-08-13 12:15:00+00:00,4388.98105,4390.00567,4385.00329,4385.17145
2026-08-13 12:30:00+00:00,4385.64627,4395.218,4381.54493,4391.81942
2026-08-13 12:45:00+00:00,4391.98111,4400.44004,4391.11941,4399.88013
2026-08-13 13:00:00+00:00,4398.48166,4401.02104,4392.1293,4393.24285
2026-08-13 13:15:00+00:00,4392.73703,4394.83168,4385.79277,4386.29119
2026-08-13 13:30:00+00:00,4387.36561,4387.36561,4376.23806,4381.1904
2026-08-13 13:45:00+00:00,4380.57667,4383.08131,4370.02048,4374.12906
2026-08-13 14:00:00+00:00,4374.55489,4378.47541,4365.94224,4371.23484
2026-08-13 14:15:00+00:00,4370.60361,4378.28371,4370.02681,4370.49177
2026-08-13 14:30:00+00:00,4371.10565,4380.73981,4359.22734,4380.24453
2026-08-13 14:45:00+00:00,4379.62372,4386.90994,4379.62372,4386.4237
2026-08-13 15:00:00+00:00,4386.06981,4386.06981,4369.10171,4369.19679
2026-08-13 15:15:00+00:00,4369.3399,4373.68789,4364.33466,4367.24586
2026-08-13 15:30:00+00:00,4370.2725,4371.5847,4357.67823,4369.05869
2026-08-13 15:45:00+00:00,4369.34259,4370.54888,4363.76331,4364.17999
2026-08-13 16:00:00+00:00,4364.95919,4367.63804,4355.25556,4355.80348
2026-08-13 16:15:00+00:00,4356.95679,4360.15211,4351.79947,4359.49926
2026-08-13 16:30:00+00:00,4357.97366,4366.81223,4356.5368,4365.49482
2026-08-13 16:45:00+00:00,4364.82185,4368.43322,4364.14419,4366.72968
2026-08-13 17:00:00+00:00,4366.92326,4373.11409,4365.52175,4373.08441
2026-08-13 17:15:00+00:00,4372.96113,4373.86654,4363.99406,4364.6676
2026-08-13 17:30:00+00:00,4365.5576,4365.5576,4356.91879,4357.29529
2026-08-13 17:45:00+00:00,4357.85871,4360.20904,4356.33528,4356.62539
2026-08-13 18:00:00+00:00,4356.59119,4362.62106,4356.15961,4362.45676
2026-08-13 18:15:00+00:00,4362.07082,4363.76331,4354.98025,4357.83222
2026-08-13 18:30:00+00:00,4357.50757,4359.95814,4356.77742,4358.12612
2026-08-13 18:45:00+00:00,4358.10135,4358.10135,4355.02134,4357.4776
2026-08-13 19:00:00+00:00,4357.41202,4358.6279,4347.58696,4349.26161
2026-08-13 19:15:00+00:00,4351.43686,4351.43686,4345.18119,4351.06711
2026-08-13 19:30:00+00:00,4350.77251,4353.88366,4349.90648,4352.35071
2026-08-13 19:45:00+00:00,4352.25958,4352.31752,4347.68617,4348.05694
2026-08-13 20:00:00+00:00,4348.91716,4350.67273,4346.69217,4349.59928
2026-08-13 20:15:00+00:00,4349.59388,4352.36769,4348.92314,4352.29085
2026-08-13 20:30:00+00:00,4352.11849,4352.35854,4348.39327,4350.54521
2026-08-13 20:45:00+00:00,4350.27567,4351.4161,4348.93031,4351.17522
2026-08-13 21:00:00+00:00,4350.64279,4351.75718,4350.64279,4351.47175
2026-08-13 21:15:00+00:00,4351.37755,4351.56339,4351.13545,4351.4068
2026-08-13 21:30:00+00:00,4351.36384,4351.56237,4351.2314,4351.33048
2026-08-13 21:45:00+00:00,4351.36316,4351.62476,4351.2314,4351.49926
2026-08-13 22:00:00+00:00,4351.43021,4357.10862,4351.0202,4355.18659
2026-08-13 22:15:00+00:00,4355.27637,4357.67823,4352.7907,4357.5692
2026-08-13 22:30:00+00:00,4357.31539,4362.24045,4356.53917,4360.63838
2026-08-13 22:45:00+00:00,4361.01084,4361.65684,4354.07324,4354.23876
2026-08-13 23:00:00+00:00,4354.50632,4359.57799,4348.61358,4355.00791
2026-08-13 23:15:00+00:00,4355.87812,4362.43075,4355.87812,4362.31497
2026-08-13 23:30:00+00:00,4362.01215,4363.38249,4358.71259,4359.97674
2026-08-13 23:45:00+00:00,4359.17315,4364.52514,4356.91888,4357.88648
2026-08-14 00:00:00+00:00,4358.61211,4361.91264,4351.42074,4351.60359
2026-08-14 00:15:00+00:00,4351.76317,4352.55713,4341.27113,4341.60587
2026-08-14 00:30:00+00:00,4342.03996,4348.01062,4334.9235,4338.30255
2026-08-14 00:45:00+00:00,4337.71694,4342.35095,4333.37208,4340.38305
2026-08-14 01:00:00+00:00,4340.3467,4342.3893,4322.08151,4325.14145
2026-08-14 01:15:00+00:00,4324.92136,4325.83171,4315.7395,4318.88968
2026-08-14 01:30:00+00:00,4319.16942,4321.52118,4313.63743,4320.59939
2026-08-14 01:45:00+00:00,4320.52602,4322.50564,4312.87054,4319.66153
2026-08-14 02:00:00+00:00,4318.87417,4322.19025,4312.3895,4313.2944
2026-08-14 02:15:00+00:00,4313.16575,4320.32825,4311.90719,4313.46483
2026-08-14 02:30:00+00:00,4314.42659,4322.26833,4312.31283,4318.99154
2026-08-14 02:45:00+00:00,4319.57128,4323.35568,4312.94747,4314.86584
2026-08-14 03:00:00+00:00,4313.98822,4322.82886,4313.98822,4322.45616
2026-08-14 03:15:00+00:00,4321.74482,4325.87613,4319.36335,4325.83679
2026-08-14 03:30:00+00:00,4325.74761,4327.99709,4325.60185,4325.84314
2026-08-14 03:45:00+00:00,4325.83717,4327.27336,4323.71211,4324.66885
2026-08-14 04:00:00+00:00,4324.57169,4327.12687,4323.01574,4326.88002
2026-08-14 04:15:00+00:00,4326.23776,4327.8802,4325.46489,4325.98146
2026-08-14 04:30:00+00:00,4326.78017,4326.78017,4323.7634,4325.49033
2026-08-14 04:45:00+00:00,4325.47642,4326.00796,4323.95036,4325.8294
2026-08-14 05:00:00+00:00,4325.78644,4326.74582,4320.21428,4322.18202
2026-08-14 05:15:00+00:00,4321.71624,4321.71624,4317.41646,4319.22576
2026-08-14 05:30:00+00:00,4318.91195,4324.32432,4310.61379,4319.74523
2026-08-14 05:45:00+00:00,4321.86747,4332.51473,4317.60287,4331.88806
2026-08-14 06:00:00+00:00,4331.08396,4336.70254,4330.11992,4333.05222
2026-08-14 06:15:00+00:00,4332.5971,4333.31889,4329.56661,4330.58293
2026-08-14 06:30:00+00:00,4331.03098,4332.35936,4328.81693,4331.88709
2026-08-14 06:45:00+00:00,4330.72881,4335.59066,4330.72881,4335.34953
2026-08-14 07:00:00+00:00,4334.74167,4336.17567,4331.96665,4332.35711
2026-08-14 07:15:00+00:00,4332.86176,4336.13737,4330.50407,4334.20286
2026-08-14 07:30:00+00:00,4333.72429,4339.52439,4331.55721,4338.5112
2026-08-14 07:45:00+00:00,4338.60768,4344.35123,4337.18349,4344.09988
2026-08-14 08:00:00+00:00,4343.58408,4347.42862,4342.35095,4346.60136
2026-08-14 08:15:00+00:00,4345.09353,4348.77147,4344.04865,4345.30559
2026-08-14 08:30:00+00:00,4345.11927,4348.77147,4343.57625,4345.34335
2026-08-14 08:45:00+00:00,4346.24112,4349.52808,4342.7281,4347.69693
2026-08-14 09:00:00+00:00,4347.72498,4349.76251,4346.00997,4348.95846
2026-08-14 09:15:00+00:00,4348.99005,4354.45243,4348.08183,4350.82147
2026-08-14 09:30:00+00:00,4351.07282,4354.26282,4351.07282,4352.63741
2026-08-14 09:45:00+00:00,4352.78196,4356.33565,4352.78196,4355.86653
2026-08-14 10:00:00+00:00,4354.63307,4358.33229,4354.63307,4356.52288
2026-08-14 10:15:00+00:00,4356.75252,4356.75252,4350.85277,4351.58126
2026-08-14 10:30:00+00:00,4351.4624,4351.4624,4348.58236,4350.97332
2026-08-14 10:45:00+00:00,4350.15265,4353.86826,4349.14974,4349.52464
2026-08-14 11:00:00+00:00,4349.29851,4351.42074,4349.14974,4350.91684
2026-08-14 11:15:00+00:00,4351.20751,4357.29847,4349.84955,4357.11925
2026-08-14 11:30:00+00:00,4356.82034,4363.19211,4356.82034,4363.18389
2026-08-14 11:45:00+00:00,4363.12559,4369.09673,4361.2892,4368.14185
2026-08-14 12:00:00+00:00,4366.83892,4375.41019,4366.12816,4369.93003
2026-08-14 12:15:00+00:00,4370.14182,4381.55572,4369.48353,4379.25022
2026-08-14 12:30:00+00:00,4378.46017,4385.7199,4372.92286,4373.05415
2026-08-14 12:45:00+00:00,4373.32194,4377.59813,4371.20252,4374.37563
2026-08-14 13:00:00+00:00,4374.20036,4380.96907,4370.08531,4378.35048
2026-08-14 13:15:00+00:00,4379.28028,4386.34968,4374.92395,4384.959
2026-08-14 13:30:00+00:00,4385.15268,4396.18411,4384.58331,4395.727
2026-08-14 13:45:00+00:00,4394.84668,4396.587,4383.65772,4383.7629
2026-08-14 14:00:00+00:00,4384.0846,4392.7081,4384.0846,4392.43674
2026-08-14 14:15:00+00:00,4391.88523,4393.09406,4385.58021,4391.91018
2026-08-14 14:30:00+00:00,4392.32066,4392.32066,4382.50504,4382.80998
2026-08-14 14:45:00+00:00,4382.92683,4384.39328,4379.79426,4381.06638
2026-08-14 15:00:00+00:00,4381.18352,4393.35667,4381.08897,4392.73565
2026-08-14 15:15:00+00:00,4391.16298,4394.52298,4379.24239,4383.70854
2026-08-14 15:30:00+00:00,4383.14587,4389.81563,4383.14587,4386.98471
2026-08-14 15:45:00+00:00,4387.78503,4394.83168,4387.78503,4391.92205
2026-08-14 16:00:00+00:00,4391.82063,4395.45613,4389.43025,4389.57691
2026-08-14 16:15:00+00:00,4389.70023,4393.06175,4387.31189,4387.68965
2026-08-14 16:30:00+00:00,4387.64306,4389.43025,4381.54493,4386.60341
2026-08-14 16:45:00+00:00,4386.88014,4387.0482,4385.19558,4385.33372
2026-08-14 17:00:00+00:00,4385.59525,4387.44641,4380.58525,4380.85059
2026-08-14 17:15:00+00:00,4380.77568,4385.7807,4379.45146,4380.17962
2026-08-14 17:30:00+00:00,4380.54213,4382.3844,4377.70871,4377.94802
2026-08-14 17:45:00+00:00,4378.38083,4379.24239,4376.55915,4377.7778
2026-08-14 18:00:00+00:00,4377.7012,4382.35785,4376.94227,4377.44274
2026-08-14 18:15:00+00:00,4377.62938,4380.20149,4377.13385,4378.84209
2026-08-14 18:30:00+00:00,4379.13381,4383.09699,4377.13385,4381.59619
2026-08-14 18:45:00+00:00,4382.08072,4382.08072,4372.54045,4373.34788
2026-08-14 19:00:00+00:00,4373.41843,4377.24635,4372.73165,4377.1796
2026-08-14 19:15:00+00:00,4377.03353,4377.90036,4375.21876,4376.69261
2026-08-14 19:30:00+00:00,4377.08858,4377.95479,4376.36761,4376.7217
2026-08-14 19:45:00+00:00,4376.71277,4382.44657,4374.45319,4375.04209
2026-08-14 20:00:00+00:00,4375.30467,4375.9846,4371.20252,4371.801
2026-08-14 20:15:00+00:00,4372.14006,4374.83594,4372.07143,4374.32755
2026-08-14 20:30:00+00:00,4374.34988,4376.79262,4373.8132,4375.14859
2026-08-14 20:45:00+00:00,4375.40662,4376.79162,4375.24183,4376.56187
2026-08-14 21:00:00+00:00,4376.01866,4376.94227,4375.53601,4375.68401
2026-08-14 21:15:00+00:00,4375.60003,4375.9846,4375.53653,4375.67469
2026-08-14 21:30:00+00:00,4375.59782,4375.89559,4375.5381,4375.58492
2026-08-14 21:45:00+00:00,4375.59808,4375.79923,4375.53437,4375.58851
2026-08-14 22:00:00+00:00,4375.60547,4375.79269,4375.53806,4375.6675
2026-08-14 22:15:00+00:00,4375.59613,4375.79648,4375.5341,4375.68775
2026-08-14 22:30:00+00:00,4375.59973,4375.79354,4375.53465,4375.65934
2026-08-14 22:45:00+00:00,4375.59973,4375.79927,4375.53607,4375.57899
2026-08-14 23:00:00+00:00,4375.60513,4375.80116,4375.5404,4375.66354
2026-08-14 23:15:00+00:00,4375.60533,4375.80222,4375.5341,4375.69513
2026-08-14 23:30:00+00:00,4375.59973,4375.79649,4375.53858,4375.6372
2026-08-14 23:45:00+00:00,4375.59581,4375.79737,4375.53465,4375.56984
2026-08-15 00:00:00+00:00,4375.60165,4375.79553,4375.53622,4375.67477
2026-08-15 00:15:00+00:00,4375.59969,4375.7934,4375.53649,4375.70577
2026-08-15 00:30:00+00:00,4375.60777,4375.80415,4375.5341,4375.63074
2026-08-15 00:45:00+00:00,4375.59591,4375.79072,4375.53457,4375.56147
2026-08-15 01:00:00+00:00,4375.59437,4375.79543,4375.52895,4375.68872
2026-08-15 01:15:00+00:00,4375.59973,4375.7955,4375.53813,4375.70234
2026-08-15 01:30:00+00:00,4375.60585,4375.80222,4375.54041,4375.6566
2026-08-15 01:45:00+00:00,4375.60537,4375.7961,4375.53793,4375.56539
2026-08-15 02:00:00+00:00,4375.59435,4375.79262,4375.53088,4375.69657
2026-08-15 02:15:00+00:00,4375.59574,4375.79544,4375.53609,4375.69048
2026-08-15 02:30:00+00:00,4375.59973,4375.79552,4375.53616,4375.66897
2026-08-15 02:45:00+00:00,4375.60165,4375.80605,4375.54617,4375.58664
2026-08-15 03:00:00+00:00,4375.60708,4375.79844,4375.5406,4375.59288
2026-08-15 03:15:00+00:00,4375.60165,4375.78983,4375.52894,4375.68038
2026-08-15 03:30:00+00:00,4375.59973,4375.79552,4375.5361,4375.68057
2026-08-15 03:45:00+00:00,4375.59973,4375.78752,4375.5307,4375.58745
2026-08-15 04:00:00+00:00,4375.5959,4375.79652,4375.5341,4375.57904
2026-08-15 04:15:00+00:00,4375.59973,4375.80228,4375.54649,4375.6749
2026-08-15 04:30:00+00:00,4375.60759,4375.80098,4375.53419,4375.69067
2026-08-15 04:45:00+00:00,4375.60007,4375.7936,4375.53623,4375.65261
2026-08-15 05:00:00+00:00,4375.59958,4375.80414,4375.53266,4375.57687
2026-08-15 05:15:00+00:00,4375.60583,4375.7978,4375.54176,4375.66827
2026-08-15 05:30:00+00:00,4375.6075,4375.80227,4375.54031,4375.70226
2026-08-15 05:45:00+00:00,4375.60547,4375.80127,4375.54008,4375.64319
2026-08-15 06:00:00+00:00,4375.60547,4375.79925,4375.54183,4375.57103
2026-08-15 06:15:00+00:00,4375.60394,4375.79652,4375.53682,4375.67815
2026-08-15 06:30:00+00:00,4375.59781,4375.79616,4375.53793,4375.70196
2026-08-15 06:45:00+00:00,4375.60318,4375.80036,4375.53839,4375.64536
2026-08-15 07:00:00+00:00,4375.60552,4375.79939,4375.54196,4375.57361
2026-08-15 07:15:00+00:00,4375.60585,4375.80305,4375.54174,4375.69738
2026-08-15 07:30:00+00:00,4375.60538,4375.7946,4375.53879,4375.695
2026-08-15 07:45:00+00:00,4375.6001,4375.80419,4375.53984,4375.66401
2026-08-15 08:00:00+00:00,4375.60753,4375.79532,4375.53647,4375.57878
2026-08-15 08:15:00+00:00,4375.60582,4375.80322,4375.54182,4375.70925
2026-08-15 08:30:00+00:00,4375.60529,4375.79927,4375.5385,4375.69163
2026-08-15 08:45:00+00:00,4375.60324,4375.8003,4375.53601,4375.67185
2026-08-15 09:00:00+00:00,4375.59973,4375.79649,4375.53677,4375.58437
2026-08-15 09:15:00+00:00,4375.60223,4375.7994,4375.53838,4375.59256
2026-08-15 09:30:00+00:00,4375.60521,4375.80116,4375.53985,4375.6765
2026-08-15 09:45:00+00:00,4375.59922,4375.79748,4375.53877,4375.68234
2026-08-15 10:00:00+00:00,4375.59751,4375.78855,4375.53218,4375.59915
2026-08-15 10:15:00+00:00,4375.60378,4375.79844,4375.53844,4375.57984
2026-08-15 10:30:00+00:00,4375.60323,4375.79548,4375.53615,4375.66196
2026-08-15 10:45:00+00:00,4375.59973,4375.80126,4375.53615,4375.70055
2026-08-15 11:00:00+00:00,4375.60774,4375.7946,4375.53678,4375.64626
2026-08-15 11:15:00+00:00,4375.59782,4375.79458,4375.5341,4375.56727
2026-08-15 11:30:00+00:00,4375.59782,4375.78971,4375.53082,4375.66423
2026-08-15 11:45:00+00:00,4375.5959,4375.79159,4375.53224,4375.6938
2026-08-15 12:00:00+00:00,4375.5959,4375.79171,4375.53074,4375.62776
2026-08-15 12:15:00+00:00,4375.5959,4375.7927,4375.53498,4375.56308
2026-08-15 12:30:00+00:00,4375.5959,4375.79266,4375.53027,4375.68005
2026-08-15 12:45:00+00:00,4375.5959,4375.7897,4375.53082,4375.69375
2026-08-15 13:00:00+00:00,4375.5959,4375.7917,4375.53225,4375.64189
2026-08-15 13:15:00+00:00,4375.5959,4375.78952,4375.53075,4375.56543
2026-08-15 13:30:00+00:00,4375.5959,4375.79269,4375.53027,4375.69377
2026-08-15 13:45:00+00:00,4375.5959,4375.79266,4375.53477,4375.68915
2026-08-15 14:00:00+00:00,4375.5959,4375.7916,4375.53081,4375.65828
2026-08-15 14:15:00+00:00,4375.5959,4375.7917,4375.53238,4375.57221
2026-08-15 14:30:00+00:00,4375.5959,4375.79269,4375.53075,4375.59166
2026-08-15 14:45:00+00:00,4375.5959,4375.78666,4375.53027,4375.68032
2026-08-15 15:00:00+00:00,4375.5959,4375.79266,4375.53081,4375.67261
2026-08-15 15:15:00+00:00,4375.5959,4375.79161,4375.53226,4375.58293
2026-08-15 15:30:00+00:00,4375.5959,4375.79169,4375.53076,4375.57876
2026-08-15 15:45:00+00:00,4375.5959,4375.79269,4375.53494,4375.66788
2026-08-15 16:00:00+00:00,4375.5959,4375.79266,4375.53027,4375.68386
2026-08-15 16:15:00+00:00,4375.5959,4375.78966,4375.53081,4375.65561
2026-08-15 16:30:00+00:00,4375.5959,4375.79168,4375.53227,4375.56935
2026-08-15 16:45:00+00:00,4375.5959,4375.78955,4375.53076,4375.65294
2026-08-15 17:00:00+00:00,4375.5959,4375.79269,4375.53027,4375.69126
2026-08-15 17:15:00+00:00,4375.5959,4375.79267,4375.53481,4375.63875
2026-08-15 17:30:00+00:00,4375.5959,4375.79162,4375.5308,4375.56409
2026-08-15 17:45:00+00:00,4375.5959,4375.79168,4375.53228,4375.66956
2026-08-15 18:00:00+00:00,4375.5959,4375.78956,4375.53076,4375.69429
2026-08-15 18:15:00+00:00,4375.5959,4375.79269,4375.53027,4375.63026
2026-08-15 18:30:00+00:00,4375.5959,4375.79267,4375.53482,4375.56335
2026-08-15 18:45:00+00:00,4375.5959,4375.79163,4375.5308,4375.6848
2026-08-15 19:00:00+00:00,4375.5959,4375.79167,4375.53235,4375.69274
2026-08-15 19:15:00+00:00,4375.5959,4375.79268,4375.53077,4375.6474
2026-08-15 19:30:00+00:00,4375.5959,4375.7866,4375.53027,4375.56718
2026-08-15 19:45:00+00:00,4375.5959,4375.79267,4375.53079,4375.69762
2026-08-15 20:00:00+00:00,4375.5959,4375.79163,4375.5323,4375.6867
2026-08-15 20:15:00+00:00,4375.5959,4375.79167,4375.53077,4375.66324
2026-08-15 20:30:00+00:00,4375.5959,4375.79268,4375.53489,4375.57531
2026-08-15 20:45:00+00:00,4375.5959,4375.79267,4375.53027,4375.58712
2026-08-15 21:00:00+00:00,4375.5959,4375.78962,4375.53079,4375.67662
2026-08-15 21:15:00+00:00,4375.5959,4379.85286,4375.53231,4375.67666
2026-08-15 21:30:00+00:00,4375.5959,4375.78959,4375.53078,4375.58717
2026-08-15 21:45:00+00:00,4375.5959,4375.79268,4375.53218,4375.57726
2026-08-15 22:00:00+00:00,4375.59782,4375.7946,4375.53684,4375.66521
2026-08-15 22:15:00+00:00,4375.59782,4375.7936,4375.53268,4375.68859
2026-08-15 22:30:00+00:00,4375.59782,4375.79353,4375.53419,4375.65213
2026-08-15 22:45:00+00:00,4375.59782,4375.79458,4375.53272,4375.56911
2026-08-15 23:00:00+00:00,4375.59782,4375.78855,4375.53218,4375.66024
2026-08-15 23:15:00+00:00,4375.59782,4375.7946,4375.53267,4375.69464
2026-08-15 23:30:00+00:00,4375.59782,4375.7936,4375.53428,4375.63539
2026-08-15 23:45:00+00:00,4375.59782,4375.79353,4375.53418,4375.56527
2026-08-16 00:00:00+00:00,4375.59782,4375.79458,4375.53272,4375.67654
2026-08-16 00:15:00+00:00,4375.59782,4375.78857,4375.53218,4375.69621
2026-08-16 00:30:00+00:00,4375.59782,4375.7946,4375.53267,4375.63772
2026-08-16 00:45:00+00:00,4375.59782,4375.79361,4375.53429,4375.566
2026-08-16 01:00:00+00:00,4375.59782,4375.79352,4375.53273,4375.69112
2026-08-16 01:15:00+00:00,4375.59782,4375.79458,4375.53669,4375.6932
2026-08-16 01:30:00+00:00,4375.59782,4375.79461,4375.53218,4375.65457
2026-08-16 01:45:00+00:00,4375.59782,4375.79144,4375.53266,4375.57124
2026-08-16 02:00:00+00:00,4375.59782,4375.79361,4375.53417,4375.70296
2026-08-16 02:15:00+00:00,4375.59782,4375.7916,4375.53273,4375.68581
2026-08-16 02:30:00+00:00,4375.59782,4375.79457,4375.53218,4375.66975
2026-08-16 02:45:00+00:00,4375.59782,4375.79461,4375.53689,4375.58064
2026-08-16 03:00:00+00:00,4375.59782,4375.79362,4375.53266,4375.58489
2026-08-16 03:15:00+00:00,4375.59782,4375.79351,4375.53416,4375.67457
2026-08-16 03:30:00+00:00,4375.59782,4375.79457,4375.53273,4375.6822
2026-08-16 03:45:00+00:00,4375.59782,4375.78861,4375.53218,4375.59353
2026-08-16 04:00:00+00:00,4375.59782,4375.79461,4375.53266,4375.57415
2026-08-16 04:15:00+00:00,4375.59782,4375.79363,4375.53432,4375.66025
2026-08-16 04:30:00+00:00,4375.59782,4375.7935,4375.53274,4375.69104
2026-08-16 04:45:00+00:00,4375.59782,4375.79457,4375.53665,4375.6466
2026-08-16 05:00:00+00:00,4375.59782,4375.79461,4375.53218,4375.56736
2026-08-16 05:15:00+00:00,4375.59782,4375.79141,4375.53265,4375.66569
2026-08-16 05:30:00+00:00,4375.59782,4375.79363,4375.53414,4375.69565
2026-08-16 05:45:00+00:00,4375.59782,4375.7935,4375.53274,4375.63012
2026-08-16 06:00:00+00:00,4375.59782,4375.79457,4375.53664,4375.565
2026-08-16 06:15:00+00:00,4375.59782,4375.79461,4375.53218,4375.68154
2026-08-16 06:30:00+00:00,4375.59782,4375.7914,4375.53265,4375.69573
2026-08-16 06:45:00+00:00,4375.59782,4375.79364,4375.53413,4375.64334
2026-08-16 07:00:00+00:00,4375.59782,4375.79165,4375.53275,4375.56722
2026-08-16 07:15:00+00:00,4375.59782,4375.79456,4375.53218,4375.69534
2026-08-16 07:30:00+00:00,4375.59782,4375.79462,4375.53694,4375.69125
2026-08-16 07:45:00+00:00,4375.59782,4375.79364,4375.53264,4375.65977
2026-08-16 08:00:00+00:00,4375.59782,4375.79348,4375.53413,4375.57388
2026-08-16 08:15:00+00:00,4375.59782,4375.79456,4375.53275,4375.59398
2026-08-16 08:30:00+00:00,4375.59782,4375.78867,4375.53218,4375.68253
2026-08-16 08:45:00+00:00,4375.59782,4375.79462,4375.53264,4375.67416
2026-08-16 09:00:00+00:00,4375.59782,4375.79365,4375.53435,4375.5845
2026-08-16 09:15:00+00:00,4375.59782,4375.79348,4375.53276,4375.58099
2026-08-16 09:30:00+00:00,4375.59782,4375.79456,4375.53661,4375.67019
2026-08-16 09:45:00+00:00,4375.59782,4375.79462,4375.53218,4375.68552
2026-08-16 10:00:00+00:00,4375.59782,4375.79137,4375.53264,4375.65799
2026-08-16 10:15:00+00:00,4375.59782,4375.79366,4375.53411,4375.57147
2026-08-16 10:30:00+00:00,4375.59782,4375.79168,4375.53276,4375.65508
2026-08-16 10:45:00+00:00,4375.59782,4375.79456,4375.53218,4375.69303
2026-08-16 11:00:00+00:00,4375.59782,4375.79462,4375.53698,4375.64112
2026-08-16 11:15:00+00:00,4375.59782,4375.79366,4375.53263,4375.56609
2026-08-16 11:30:00+00:00,4375.59782,4375.79346,4375.5341,4375.67103
2026-08-16 11:45:00+00:00,4375.59782,4375.79169,4375.53277,4375.69618
2026-08-16 12:00:00+00:00,4375.59782,4375.79456,4375.53218,4375.63169
2026-08-16 12:15:00+00:00,4375.59782,4375.79462,4375.53699,4375.56522
2026-08-16 12:30:00+00:00,4375.59782,4375.79367,4375.53263,4375.68632
2026-08-16 12:45:00+00:00,4375.59782,4375.79346,4375.53409,4375.69475
2026-08-16 13:00:00+00:00,4375.59782,4375.79455,4375.53277,4375.64886
2026-08-16 13:15:00+00:00,4375.59782,4375.78872,4375.53218,4375.56893
2026-08-16 13:30:00+00:00,4375.59782,4375.79463,4375.53262,4375.69922
2026-08-16 13:45:00+00:00,4375.59782,4375.79367,4375.53438,4375.68884
2026-08-16 14:00:00+00:00,4375.59782,4375.79345,4375.53277,4375.66475
2026-08-16 14:15:00+00:00,4375.59782,4375.79455,4375.53656,4375.57694
2026-08-16 14:30:00+00:00,4375.59782,4375.79463,4375.53219,4375.58941
2026-08-16 14:45:00+00:00,4375.59782,4375.79132,4375.53262,4375.67886
2026-08-16 15:00:00+00:00,4375.59782,4375.79368,4375.53408,4375.67825
2026-08-16 15:15:00+00:00,4375.59782,4375.79172,4375.53278,4375.58871
2026-08-16 15:30:00+00:00,4375.59782,4375.79455,4375.53219,4375.57746
2026-08-16 15:45:00+00:00,4375.59782,4375.79463,4375.53703,4375.66551
2026-08-16 16:00:00+00:00,4375.59782,4375.79369,4375.53262,4375.68842
2026-08-16 16:15:00+00:00,4375.59782,4375.79344,4375.53407,4375.65248
2026-08-16 16:30:00+00:00,4375.59782,4375.79455,4375.53278,4375.56924
2026-08-16 16:45:00+00:00,4375.59782,4375.78876,4375.53219,4375.6599
2026-08-16 17:00:00+00:00,4375.59782,4375.79463,4375.53261,4375.69456
2026-08-16 17:15:00+00:00,4375.59782,4375.79369,4375.53441,4375.63572
2026-08-16 17:30:00+00:00,4375.59782,4375.79343,4375.53406,4375.5653
2026-08-16 17:45:00+00:00,4375.59782,4375.79454,4375.53279,4375.67622
2026-08-16 18:00:00+00:00,4375.59782,4375.80833,4375.55328,4375.72307
2026-08-16 18:15:00+00:00,4375.62462,4375.81578,4375.54207,4375.64248
2026-08-16 18:30:00+00:00,4375.60349,4375.80345,4375.54231,4375.58113
2026-08-16 18:45:00+00:00,4375.61238,4375.80461,4375.53866,4375.69887
2026-08-16 19:00:00+00:00,4375.60373,4375.80023,4375.54404,4375.6954
2026-08-16 19:15:00+00:00,4375.59826,4375.80041,4375.53795,4375.65772
2026-08-16 19:30:00+00:00,4375.60151,4375.79691,4375.53638,4375.57295
2026-08-16 19:45:00+00:00,4375.59973,4375.80472,4375.5383,4375.60431
2026-08-16 20:00:00+00:00,4375.60739,4375.79967,4375.54247,4375.69776
2026-08-16 20:15:00+00:00,4375.60995,4375.80023,4375.53219,4375.67148
2026-08-16 20:30:00+00:00,4375.60018,4375.78312,4375.53463,4375.59149
2026-08-16 20:45:00+00:00,4375.60901,4375.84991,4375.52542,4375.54686
2026-08-16 21:00:00+00:00,4375.60522,4375.79602,4375.41019,4375.70611
2026-08-16 21:15:00+00:00,4375.6308,4375.79832,4375.53474,4375.68573
2026-08-16 21:30:00+00:00,4375.60194,4375.78606,4375.21876,4375.44625
2026-08-16 21:45:00+00:00,4375.51979,4376.73509,4375.51979,4376.62523
2026-08-16 22:00:00+00:00,4376.54,4381.54493,4372.1581,4374.69073
2026-08-16 22:15:00+00:00,4375.43576,4376.1999,4373.11409,4375.04264
2026-08-16 22:30:00+00:00,4374.8943,4378.80651,4373.15684,4377.07521
2026-08-16 22:45:00+00:00,4377.34519,4385.78783,4377.32545,4385.57681
2026-08-16 23:00:00+00:00,4385.05692,4386.15729,4381.22476,4381.49024
2026-08-16 23:15:00+00:00,4381.90178,4381.90178,4373.73555,4374.41107
2026-08-16 23:30:00+00:00,4375.63496,4375.63496,4367.39807,4369.0627
2026-08-16 23:45:00+00:00,4368.93802,4373.49661,4368.57609,4370.92175
2026-08-17 00:00:00+00:00,4371.23624,4379.05062,4368.33828,4378.92652
2026-08-17 00:15:00+00:00,4378.68237,4390.30339,4377.58467,4389.95349
2026-08-17 00:30:00+00:00,4389.3969,4394.67326,4388.51985,4393.42586
2026-08-17 00:45:00+00:00,4390.98739,4400.63369,4390.98739,4400.35207
2026-08-17 01:00:00+00:00,4399.97672,4412.08912,4399.97672,4409.57013
2026-08-17 01:15:00+00:00,4407.22365,4415.05846,4407.22365,4408.45954
2026-08-17 01:30:00+00:00,4409.17338,4409.17338,4398.17918,4401.56056
2026-08-17 01:45:00+00:00,4401.0814,4404.12226,4392.40406,4395.53409
2026-08-17 02:00:00+00:00,4395.15192,4399.12612,4392.86343,4393.56638
2026-08-17 02:15:00+00:00,4393.91887,4396.98911,4390.39382,4396.96274
2026-08-17 02:30:00+00:00,4396.97294,4397.344,4390.39382,4394.41244
2026-08-17 02:45:00+00:00,4394.24992,4394.63854,4388.39822,4392.87773
2026-08-17 03:00:00+00:00,4392.69992,4394.73942,4388.85232,4389.57978
2026-08-17 03:15:00+00:00,4389.43526,4391.73286,4388.23785,4390.92747
2026-08-17 03:30:00+00:00,4390.20138,4396.95731,4390.20138,4396.84025
2026-08-17 03:45:00+00:00,4396.55616,4397.56444,4393.22915,4397.07812
2026-08-17 04:00:00+00:00,4396.04747,4399.08499,4396.04747,4398.96665
2026-08-17 04:15:00+00:00,4398.93724,4398.93724,4391.35781,4391.59954
2026-08-17 04:30:00+00:00,4391.98691,4396.18411,4389.04494,4395.86062
2026-08-17 04:45:00+00:00,4395.27777,4397.73077,4390.84686,4391.44766
2026-08-17 05:00:00+00:00,4392.49175,4393.57387,4388.63026,4389.16417
2026-08-17 05:15:00+00:00,4389.9222,4397.8766,4386.03674,4397.64506
2026-08-17 05:30:00+00:00,4397.26286,4400.63369,4392.40869,4395.18106
2026-08-17 05:45:00+00:00,4395.43246,4397.344,4393.18087,4393.72335
2026-08-17 06:00:00+00:00,4393.83043,4398.05943,4392.00426,4392.74433
2026-08-17 06:15:00+00:00,4393.76082,4398.25032,4391.68075,4396.52518
2026-08-17 06:30:00+00:00,4396.96696,4399.08499,4394.05923,4395.00392
2026-08-17 06:45:00+00:00,4394.85941,4403.77593,4392.14978,4403.08134
2026-08-17 07:00:00+00:00,4402.96267,4403.3124,4396.8068,4397.20704
2026-08-17 07:15:00+00:00,4397.98413,4403.71565,4396.31251,4402.44931
2026-08-17 07:30:00+00:00,4399.49482,4410.92144,4399.49482,4410.80505
2026-08-17 07:45:00+00:00,4410.49038,4410.49038,4403.74089,4405.39451
2026-08-17 08:00:00+00:00,4405.12253,4405.67451,4398.11761,4402.41466
2026-08-17 08:15:00+00:00,4402.15006,4403.74346,4401.02104,4403.38659
2026-08-17 08:30:00+00:00,4402.70935,4402.70935,4397.02235,4397.28937
2026-08-17 08:45:00+00:00,4397.73958,4397.73958,4393.222,4395.4847
2026-08-17 09:00:00+00:00,4395.29904,4400.09419,4394.05923,4399.52241
2026-08-17 09:15:00+00:00,4399.66512,4399.73504,4396.37739,4396.5359
2026-08-17 09:30:00+00:00,4396.6208,4398.13004,4394.25232,4395.24235
2026-08-17 09:45:00+00:00,4395.53855,4395.79762,4393.48008,4394.30339
2026-08-17 10:00:00+00:00,4394.28703,4396.37739,4393.47042,4396.20429
2026-08-17 10:15:00+00:00,4395.90049,4398.31105,4391.74352,4395.17426
2026-08-17 10:30:00+00:00,4392.91515,4406.83165,4392.77982,4398.39773
2026-08-17 10:45:00+00:00,4398.27953,4399.47206,4396.76398,4398.75863
2026-08-17 11:00:00+00:00,4398.83945,4403.54045,4398.45065,4401.03327
2026-08-17 11:15:00+00:00,4401.43423,4404.66455,4397.73077,4404.01419
2026-08-17 11:30:00+00:00,4403.90265,4405.75411,4400.2251,4400.57655
2026-08-17 11:45:00+00:00,4401.12731,4401.12731,4395.6044,4397.11419
2026-08-17 12:00:00+00:00,4397.04878,4397.07173,4392.51515,4394.01399
2026-08-17 12:15:00+00:00,4393.60456,4397.73077,4384.42652,4389.28067
2026-08-17 12:30:00+00:00,4388.52074,4389.04494,4379.8178,4379.93447
2026-08-17 12:45:00+00:00,4380.18546,4386.15729,4377.70871,4386.04328
2026-08-17 13:00:00+00:00,4385.67094,4388.97733,4382.50504,4387.64188
2026-08-17 13:15:00+00:00,4388.65541,4388.65541,4383.27343,4386.62875
2026-08-17 13:30:00+00:00,4386.73842,4390.71063,4386.52603,4386.82244
2026-08-17 13:45:00+00:00,4386.93221,4414.62123,4385.38379,4408.32887
2026-08-17 14:00:00+00:00,4409.25569,4411.11601,4404.18399,4410.47677
2026-08-17 14:15:00+00:00,4409.27806,4427.32545,4409.27806,4417.80215
2026-08-17 14:30:00+00:00,4418.75478,4425.56205,4414.73496,4420.56812
2026-08-17 14:45:00+00:00,4420.11825,4420.69635,4414.81612,4415.37508
2026-08-17 15:00:00+00:00,4415.44234,4421.84391,4415.44234,4421.4459
2026-08-17 15:15:00+00:00,4421.39615,4425.48332,4419.8895,4425.17488
2026-08-17 15:30:00+00:00,4424.63796,4425.95379,4420.18301,4421.26065
2026-08-17 15:45:00+00:00,4421.03167,4427.32545,4418.207,4426.82975
2026-08-17 16:00:00+00:00,4426.9188,4427.91357,4423.18835,4426.5686
2026-08-17 16:15:00+00:00,4426.55551,4427.59616,4423.60435,4423.68277
2026-08-17 16:30:00+00:00,4423.65758,4426.73749,4422.88991,4426.0762
2026-08-17 16:45:00+00:00,4425.85388,4426.27322,4421.94059,4424.71751
2026-08-17 17:00:00+00:00,4424.82376,4426.49759,4421.45289,4422.60116
2026-08-17 17:15:00+00:00,4422.41492,4423.21302,4412.985,4415.78664
2026-08-17 17:30:00+00:00,4414.61431,4418.32722,4411.50521,4415.95118
2026-08-17 17:45:00+00:00,4415.29563,4420.28025,4413.67834,4413.91657
2026-08-17 18:00:00+00:00,4414.34479,4415.83312,4409.88806,4412.4796
2026-08-17 18:15:00+00:00,4411.56499,4415.79087,4406.22128,4406.61221
2026-08-17 18:30:00+00:00,4407.42865,4407.42865,4398.50451,4405.23675
2026-08-17 18:45:00+00:00,4404.27956,4407.72319,4400.82736,4406.05351
2026-08-17 19:00:00+00:00,4406.31852,4407.84055,4399.64859,4404.69856
2026-08-17 19:15:00+00:00,4405.12382,4417.15623,4405.12382,4415.39454
2026-08-17 19:30:00+00:00,4415.73821,4419.6234,4413.52849,4419.12916
2026-08-17 19:45:00+00:00,4418.4868,4421.28749,4416.71885,4420.27495
2026-08-17 20:00:00+00:00,4419.54921,4421.44012,4416.76604,4417.85067
2026-08-17 20:15:00+00:00,4417.60326,4418.13201,4415.20597,4415.24434
2026-08-17 20:30:00+00:00,4415.3207,4415.79087,4414.65896,4415.67772
2026-08-17 20:45:00+00:00,4415.58817,4417.23168,4415.30619,4416.62725
2026-08-17 21:00:00+00:00,4416.46004,4417.02394,4416.46004,4416.78065
2026-08-17 21:15:00+00:00,4416.83339,4417.03478,4416.74224,4416.83303
2026-08-17 21:30:00+00:00,4416.8367,4417.0416,4416.76604,4417.02576
2026-08-17 21:45:00+00:00,4416.93409,4417.14273,4416.76604,4417.05662
2026-08-17 22:00:00+00:00,4416.81549,4418.91295,4415.42626,4416.78583
2026-08-17 22:15:00+00:00,4416.62072,4416.99469,4412.08912,4412.39758
2026-08-17 22:30:00+00:00,4412.49266,4415.20597,4412.04857,4415.0464
2026-08-17 22:45:00+00:00,4414.81312,4415.79087,4410.92144,4411.54773
2026-08-17 23:00:00+00:00,4411.39189,4414.50738,4411.23865,4413.91136
2026-08-17 23:15:00+00:00,4413.83486,4421.45289,4413.34242,4420.30657
2026-08-17 23:30:00+00:00,4420.55158,4422.87431,4419.38727,4422.60264
2026-08-17 23:45:00+00:00,4422.07042,4425.0661,4421.69807,4423.97343
2026-08-18 00:00:00+00:00,4424.12911,4425.95379,4418.04763,4419.69725
2026-08-18 00:15:00+00:00,4419.80279,4431.20799,4419.5673,4430.91452
2026-08-18 00:30:00+00:00,4430.2798,4433.63684,4427.80395,4429.64428
2026-08-18 00:45:00+00:00,4429.38811,4433.69603,4428.20433,4432.5244
2026-08-18 01:00:00+00:00,4430.55095,4435.5801,4429.17269,4429.3932
2026-08-18 01:15:00+00:00,4429.78849,4429.87508,4421.45289,4425.26955
2026-08-18 01:30:00+00:00,4425.03571,4425.17037,4414.89148,4415.51004
2026-08-18 01:45:00+00:00,4416.37206,4417.67525,4404.70422,4408.13699
2026-08-18 02:00:00+00:00,4408.16507,4409.10609,4399.06153,4401.39732
2026-08-18 02:15:00+00:00,4400.34184,4405.86862,4400.34184,4403.11964
2026-08-18 02:30:00+00:00,4403.6032,4403.6032,4394.05923,4394.63401
2026-08-18 02:45:00+00:00,4394.66,4400.59861,4394.55135,4399.54454
2026-08-18 03:00:00+00:00,4398.9994,4405.05589,4398.7777,4400.71326
2026-08-18 03:15:00+00:00,4400.1533,4401.99969,4394.44542,4397.33039
2026-08-18 03:30:00+00:00,4397.06316,4397.88766,4394.83168,4395.22463
2026-08-18 03:45:00+00:00,4395.17107,4395.17107,4390.97216,4392.03457
2026-08-18 04:00:00+00:00,4391.54791,4392.94813,4390.00834,4392.79061
2026-08-18 04:15:00+00:00,4392.55363,4393.28706,4390.70109,4392.06121
2026-08-18 04:30:00+00:00,4392.37199,4394.25232,4389.68192,4394.15379
2026-08-18 04:45:00+00:00,4393.89465,4395.20224,4392.26319,4394.07003
2026-08-18 05:00:00+00:00,4394.37563,4394.39363,4390.97216,4391.43064
2026-08-18 05:15:00+00:00,4391.4678,4396.18518,4391.39165,4393.48775
2026-08-18 05:30:00+00:00,4394.31628,4394.95298,4385.77255,4390.01069
2026-08-18 05:45:00+00:00,4390.42233,4397.53738,4390.42233,4395.60248
2026-08-18 06:00:00+00:00,4396.07821,4396.60419,4388.46711,4394.96532
2026-08-18 06:15:00+00:00,4394.79166,4399.66563,4393.5228,4399.54303
2026-08-18 06:30:00+00:00,4399.3424,4400.13156,4395.218,4398.10049
2026-08-18 06:45:00+00:00,4397.80711,4399.05042,4397.40142,4397.83963
2026-08-18 07:00:00+00:00,4397.98554,4400.53511,4397.43427,4397.69627
2026-08-18 07:15:00+00:00,4398.19611,4402.41898,4396.649,4402.06625
2026-08-18 07:30:00+00:00,4402.05543,4403.54045,4397.53738,4400.69158
2026-08-18 07:45:00+00:00,4401.00559,4402.5711,4396.18411,4397.24876
2026-08-18 08:00:00+00:00,4396.928,4396.928,4388.54016,4394.97195
2026-08-18 08:15:00+00:00,4394.12134,4394.12134,4387.31189,4388.45433
2026-08-18 08:30:00+00:00,4388.44682,4398.65776,4388.26136,4397.35353
2026-08-18 08:45:00+00:00,4397.53819,4397.53819,4391.74352,4393.22328
2026-08-18 09:00:00+00:00,4393.15354,4393.54668,4391.40307,4392.74018
2026-08-18 09:15:00+00:00,4392.20269,4393.28706,4388.40273,4391.99843
2026-08-18 09:30:00+00:00,4390.96002,4395.5284,4387.85705,4388.12542
2026-08-18 09:45:00+00:00,4388.60505,4394.05923,4386.47555,4393.97231
2026-08-18 10:00:00+00:00,4393.86583,4395.6044,4392.29011,4393.20062
2026-08-18 10:15:00+00:00,4393.31544,4395.79762,4389.62293,4391.69096
2026-08-18 10:30:00+00:00,4391.17687,4398.50451,4391.17687,4398.39152
2026-08-18 10:45:00+00:00,4398.21331,4399.47206,4396.76398,4397.51424
2026-08-18 11:00:00+00:00,4397.344,4398.57868,4392.24874,4393.65346
2026-08-18 11:15:00+00:00,4393.3929,4394.36704,4390.20107,4390.76611
2026-08-18 11:30:00+00:00,4391.05446,4392.32222,4388.45275,4392.26762
2026-08-18 11:45:00+00:00,4392.13096,4396.37739,4390.00834,4396.02432
2026-08-18 12:00:00+00:00,4395.35018,4397.15065,4390.71329,4391.40617
2026-08-18 12:15:00+00:00,4391.38207,4400.0528,4391.16498,4393.28896
2026-08-18 12:30:00+00:00,4393.64688,4397.81598,4391.74352,4392.65238
2026-08-18 12:45:00+00:00,4392.54283,4396.76398,4390.88368,4394.50697
2026-08-18 13:00:00+00:00,4393.96118,4397.53738,4388.97379,4394.29878
2026-08-18 13:15:00+00:00,4393.78407,4394.96983,4388.6597,4391.4927
2026-08-18 13:30:00+00:00,4391.00082,4403.54045,4384.42652,4402.00195
2026-08-18 13:45:00+00:00,4402.30445,4404.32094,4390.39382,4393.5326
2026-08-18 14:00:00+00:00,4393.12541,4404.51022,4393.09406,4393.23815
2026-08-18 14:15:00+00:00,4393.29059,4404.70422,4393.29059,4394.8556
2026-08-18 14:30:00+00:00,4395.32434,4396.37739,4379.43692,4380.09577
2026-08-18 14:45:00+00:00,4381.39896,4388.27453,4366.922,4369.80762
2026-08-18 15:00:00+00:00,4373.57236,4376.63766,4361.34192,4362.75506
2026-08-18 15:15:00+00:00,4365.57456,4365.57456,4352.9562,4358.46815
2026-08-18 15:30:00+00:00,4357.51117,4362.05016,4354.64205,4357.81987
2026-08-18 15:45:00+00:00,4358.38321,4365.85898,4357.29847,4364.30928
2026-08-18 16:00:00+00:00,4363.84524,4371.5847,4362.80442,4368.87177
2026-08-18 16:15:00+00:00,4369.89464,4370.70807,4363.56317,4363.83856
2026-08-18 16:30:00+00:00,4364.31668,4368.33828,4362.83766,4366.1174
2026-08-18 16:45:00+00:00,4366.4936,4368.52912,4362.62403,4363.71052
2026-08-18 17:00:00+00:00,4363.76006,4366.75384,4363.76006,4366.44898
2026-08-18 17:15:00+00:00,4366.02735,4368.14747,4363.51563,4365.20303
2026-08-18 17:30:00+00:00,4365.40833,4366.43088,4360.47433,4360.8022
2026-08-18 17:45:00+00:00,4361.46897,4361.46897,4357.10862,4357.21854
2026-08-18 18:00:00+00:00,4357.26661,4358.07323,4352.74658,4357.15527
2026-08-18 18:15:00+00:00,4355.51073,4360.90881,4355.51073,4360.59954
2026-08-18 18:30:00+00:00,4359.89857,4360.90881,4354.63336,4355.10862
2026-08-18 18:45:00+00:00,4356.12508,4356.12508,4353.50457,4354.46488
2026-08-18 19:00:00+00:00,4354.49889,4357.67823,4354.13602,4356.04978
2026-08-18 19:15:00+00:00,4355.90747,4358.05805,4352.74658,4355.27441
2026-08-18 19:30:00+00:00,4354.86447,4357.95169,4353.19243,4354.60294
2026-08-18 19:45:00+00:00,4357.47327,4357.47327,4340.08941,4343.95947
2026-08-18 20:00:00+00:00,4341.36541,4346.88111,4341.36541,4341.82613
2026-08-18 20:15:00+00:00,4341.90909,4343.78823,4334.82162,4337.65861
2026-08-18 20:30:00+00:00,4337.35544,4339.96411,4332.55774,4333.24273
2026-08-18 20:45:00+00:00,4334.14161,4335.89696,4330.69161,4335.67938
2026-08-18 21:00:00+00:00,4335.3554,4335.3554,4333.88229,4334.55235
2026-08-18 21:15:00+00:00,4334.54483,4334.72168,4334.38859,4334.4031
2026-08-18 21:30:00+00:00,4334.45459,4334.7225,4334.25798,4334.58717
2026-08-18 21:45:00+00:00,4334.52302,4334.67625,4334.24971,4334.40384
2026-08-18 22:00:00+00:00,4334.23748,4343.35203,4331.89673,4342.39773
2026-08-18 22:15:00+00:00,4342.59537,4342.69733,4333.50667,4335.71747
2026-08-18 22:30:00+00:00,4335.44369,4337.16265,4333.50667,4333.9109
2026-08-18 22:45:00+00:00,4333.84087,4335.57338,4333.31889,4333.44852
2026-08-18 23:00:00+00:00,4333.58934,4338.39479,4333.44962,4333.91834
2026-08-18 23:15:00+00:00,4333.83729,4336.51344,4330.50407,4330.75242
2026-08-18 23:30:00+00:00,4331.19338,4333.6216,4327.50563,4329.53816
2026-08-18 23:45:00+00:00,4328.92628,4334.91192,4328.92628,4332.97222
2026-08-19 00:00:00+00:00,4332.81906,4344.32339,4332.81906,4343.67195
2026-08-19 00:15:00+00:00,4342.52761,4346.71064,4340.39903,4340.69955
2026-08-19 00:30:00+00:00,4341.38977,4347.75561,4339.17647,4344.87186
2026-08-19 00:45:00+00:00,4345.31826,4345.31826,4337.11128,4337.60619
2026-08-19 01:00:00+00:00,4338.52928,4343.10532,4325.9749,4342.69119
2026-08-19 01:15:00+00:00,4342.13398,4345.64004,4333.31889,4340.95081
2026-08-19 01:30:00+00:00,4340.40017,4356.34938,4340.40017,4354.91186
2026-08-19 01:45:00+00:00,4355.23667,4356.41595,4351.6101,4355.14314
2026-08-19 02:00:00+00:00,4354.01663,4358.76734,4352.17827,4353.78853
2026-08-19 02:15:00+00:00,4354.2182,4361.47941,4353.31505,4360.69889
2026-08-19 02:30:00+00:00,4360.47981,4362.70139,4354.07324,4356.58484
2026-08-19 02:45:00+00:00,4357.67232,4357.67232,4352.55713,4354.85802
2026-08-19 03:00:00+00:00,4354.47964,4355.78012,4352.17827,4354.88913
2026-08-19 03:15:00+00:00,4354.87191,4357.86813,4352.17827,4357.78183
2026-08-19 03:30:00+00:00,4357.55778,4359.76806,4356.53917,4357.86645
2026-08-19 03:45:00+00:00,4357.46628,4358.81789,4355.0578,4355.23104
2026-08-19 04:00:00+00:00,4355.52292,4355.96986,4353.50457,4354.31279
2026-08-19 04:15:00+00:00,4354.33649,4354.45243,4350.23716,4351.19671
2026-08-19 04:30:00+00:00,4351.02999,4352.35688,4345.37001,4345.47437
2026-08-19 04:45:00+00:00,4345.73019,4349.14974,4344.80361,4348.72367
2026-08-19 05:00:00+00:00,4347.7932,4350.28494,4339.33608,4339.56743
2026-08-19 05:15:00+00:00,4339.60296,4344.69775,4336.4178,4344.15615
2026-08-19 05:30:00+00:00,4343.02177,4344.9924,4336.00173,4342.43066
2026-08-19 05:45:00+00:00,4342.09832,4343.51957,4335.72909,4338.30765
2026-08-19 06:00:00+00:00,4338.20078,4342.17071,4333.92267,4338.6379
2026-08-19 06:15:00+00:00,4339.14653,4347.82609,4335.91941,4341.41061
2026-08-19 06:30:00+00:00,4341.8824,4344.80361,4337.44454,4342.89883
2026-08-19 06:45:00+00:00,4342.80458,4348.80401,4341.07241,4348.57942
2026-08-19 07:00:00+00:00,4347.96557,4353.74737,4347.86692,4350.7443
2026-08-19 07:15:00+00:00,4351.08519,4357.29847,4348.20419,4355.67869
2026-08-19 07:30:00+00:00,4355.87008,4362.62106,4353.89435,4354.21557
2026-08-19 07:45:00+00:00,4354.64134,4356.72897,4353.31505,4355.27663
2026-08-19 08:00:00+00:00,4355.49472,4362.62106,4351.87518,4360.88849
2026-08-19 08:15:00+00:00,4361.32859,4362.8114,4357.48834,4358.69739
2026-08-19 08:30:00+00:00,4358.57307,4362.74426,4356.04669,4362.31142
2026-08-19 08:45:00+00:00,4361.42024,4363.00175,4355.21101,4355.3359
2026-08-19 09:00:00+00:00,4355.37304,4359.3008,4355.37304,4356.31537
2026-08-19 09:15:00+00:00,4356.21412,4356.95015,4354.07324,4354.66383
2026-08-19 09:30:00+00:00,4354.91649,4361.2892,4354.91649,4358.97434
2026-08-19 09:45:00+00:00,4359.21757,4361.72924,4357.98784,4361.33948
2026-08-19 10:00:00+00:00,4360.46934,4363.86344,4359.45708,4363.50664
2026-08-19 10:15:00+00:00,4363.03558,4368.90211,4363.03558,4368.57474
2026-08-19 10:30:00+00:00,4368.15386,4369.29261,4366.32625,4367.35387
2026-08-19 10:45:00+00:00,4367.76101,4368.71997,4366.27329,4366.42093
2026-08-19 11:00:00+00:00,4366.74137,4374.26184,4366.74137,4374.12092
2026-08-19 11:15:00+00:00,4373.77887,4375.44645,4368.91083,4371.54628
2026-08-19 11:30:00+00:00,4371.99962,4371.99962,4363.38249,4363.52171
2026-08-19 11:45:00+00:00,4363.64189,4368.34772,4363.44024,4365.2094
2026-08-19 12:00:00+00:00,4365.38545,4370.05637,4362.16753,4368.1259
2026-08-19 12:15:00+00:00,4368.30429,4373.64213,4365.85898,4370.21676
2026-08-19 12:30:00+00:00,4369.72442,4418.70861,4368.91083,4407.89135
2026-08-19 12:45:00+00:00,4408.29597,4442.47001,4408.29597,4437.9365
2026-08-19 13:00:00+00:00,4438.10521,4463.28944,4423.90281,4461.33069
2026-08-19 13:15:00+00:00,4457.96873,4462.23819,4455.93084,4456.43648
2026-08-19 13:30:00+00:00,4457.3038,4465.28243,4444.44444,4460.33949
2026-08-19 13:45:00+00:00,4458.49344,4463.04779,4444.41982,4460.36158
2026-08-19 14:00:00+00:00,4459.65015,4476.07538,4455.52334,4475.48068
2026-08-19 14:15:00+00:00,4474.31396,4486.71931,4471.96609,4486.6387
2026-08-19 14:30:00+00:00,4486.42125,4496.60506,4485.56438,4496.26355
2026-08-19 14:45:00+00:00,4496.35907,4496.35907,4479.08268,4487.65123
2026-08-19 15:00:00+00:00,4487.82029,4488.97207,4479.00483,4487.69506
2026-08-19 15:15:00+00:00,4486.48164,4487.32331,4478.68148,4483.30503
2026-08-19 15:30:00+00:00,4482.98605,4491.41372,4481.29061,4490.46265
2026-08-19 15:45:00+00:00,4488.10841,4493.05426,4488.10841,4491.80575
2026-08-19 16:00:00+00:00,4491.98617,4498.2232,4491.24679,4497.92379
2026-08-19 16:15:00+00:00,4497.7882,4498.28809,4491.49179,4491.90403
2026-08-19 16:30:00+00:00,4492.61313,4496.20071,4490.95073,4495.43697
2026-08-19 16:45:00+00:00,4495.19302,4497.41399,4493.55898,4494.60203
2026-08-19 17:00:00+00:00,4494.61982,4498.62792,4488.99054,4492.65309
2026-08-19 17:15:00+00:00,4492.11886,4492.71343,4486.71931,4486.86545
2026-08-19 17:30:00+00:00,4486.93643,4491.95939,4484.50603,4490.11323
2026-08-19 17:45:00+00:00,4490.57536,4490.57536,4485.10944,4485.14016
2026-08-19 18:00:00+00:00,4485.34899,4495.518,4485.34899,4489.97787
2026-08-19 18:15:00+00:00,4489.6084,4489.6084,4474.07275,4474.50098
2026-08-19 18:30:00+00:00,4475.18692,4491.55587,4473.67244,4491.44404
2026-08-19 18:45:00+00:00,4491.18868,4496.20071,4489.64058,4495.39023
2026-08-19 19:00:00+00:00,4495.36185,4506.12833,4494.98417,4503.80477
2026-08-19 19:15:00+00:00,4504.34841,4506.89655,4502.88184,4506.62634
2026-08-19 19:30:00+00:00,4505.85857,4509.98963,4503.89587,4506.1184
2026-08-19 19:45:00+00:00,4505.5865,4512.22814,4504.63603,4509.53957
2026-08-19 20:00:00+00:00,4509.77739,4512.22814,4506.2707,4506.66626
2026-08-19 20:15:00+00:00,4507.28275,4522.22674,4505.72227,4519.16879
2026-08-19 20:30:00+00:00,4520.33651,4523.04491,4517.93621,4520.32601
2026-08-19 20:45:00+00:00,4520.18566,4524.47742,4519.21302,4523.24519
2026-08-19 21:00:00+00:00,4523.14482,4523.14482,4522.63579,4522.83202
2026-08-19 21:15:00+00:00,4522.77979,4523.10723,4522.63579,4522.78392
2026-08-19 21:30:00+00:00,4522.81702,4523.05386,4522.43126,4522.84812
2026-08-19 21:45:00+00:00,4522.71095,4523.11014,4522.69638,4522.92102
2026-08-19 22:00:00+00:00,4522.81989,4527.83263,4518.97168,4521.06286
2026-08-19 22:15:00+00:00,4520.47059,4521.61331,4519.36322,4520.3841
2026-08-19 22:30:00+00:00,4520.22411,4522.02005,4517.7321,4518.2441
2026-08-19 22:45:00+00:00,4518.24108,4521.81777,4518.14033,4519.72518
2026-08-19 23:00:00+00:00,4519.5825,4525.76298,4516.71989,4520.40939
2026-08-19 23:15:00+00:00,4520.36626,4520.4351,4516.50784,4518.33898
2026-08-19 23:30:00+00:00,4517.90537,4518.14033,4513.85027,4514.96238
2026-08-19 23:45:00+00:00,4514.67541,4516.38063,4511.27006,4512.40234
2026-08-20 00:00:00+00:00,4512.30308,4520.36706,4511.33788,4513.55706
2026-08-20 00:15:00+00:00,4513.76873,4521.85344,4510.39646,4511.43448
2026-08-20 00:30:00+00:00,4511.1664,4512.63538,4504.09873,4504.32722
2026-08-20 00:45:00+00:00,4504.55489,4510.19304,4504.55489,4509.85331
2026-08-20 01:00:00+00:00,4509.61846,4509.61846,4492.9685,4493.81803
2026-08-20 01:15:00+00:00,4494.04891,4502.88184,4493.17038,4502.04375
2026-08-20 01:30:00+00:00,4501.20625,4501.20625,4493.57419,4495.71418
2026-08-20 01:45:00+00:00,4495.56269,4495.56269,4484.10385,4487.98737
2026-08-20 02:00:00+00:00,4487.10946,4499.64003,4487.10946,4499.48531
2026-08-20 02:15:00+00:00,4499.31554,4499.31554,4489.74094,4491.81248
2026-08-20 02:30:00+00:00,4492.22697,4493.89271,4490.74906,4490.94215
2026-08-20 02:45:00+00:00,4491.28951,4494.18004,4489.94253,4491.94986
2026-08-20 03:00:00+00:00,4491.92851,4497.63676,4487.11983,4492.06129
2026-08-20 03:15:00+00:00,4491.74715,4495.79643,4491.15243,4494.14095
2026-08-20 03:30:00+00:00,4494.17597,4498.73426,4493.22869,4496.52331
2026-08-20 03:45:00+00:00,4497.03344,4500.85516,4497.03344,4498.6167
2026-08-20 04:00:00+00:00,4498.90657,4499.55859,4495.59432,4497.47768
2026-08-20 04:15:00+00:00,4497.34444,4497.34444,4491.57251,4492.351
2026-08-20 04:30:00+00:00,4493.89127,4493.89127,4486.42433,4487.60255
2026-08-20 04:45:00+00:00,4487.69961,4491.35414,4487.32331,4488.88341
2026-08-20 05:00:00+00:00,4489.12793,4493.2976,4485.58991,4486.55794
2026-08-20 05:15:00+00:00,4488.81201,4488.81201,4483.90279,4484.08209
2026-08-20 05:30:00+00:00,4484.27097,4484.79866,4478.4809,4481.79799
2026-08-20 05:45:00+00:00,4481.58993,4482.26615,4478.64714,4481.86071
2026-08-20 06:00:00+00:00,4480.96645,4492.9685,4480.28409,4492.65485
2026-08-20 06:15:00+00:00,4491.8987,4495.59432,4491.8987,4494.59875
2026-08-20 06:30:00+00:00,4494.247,4495.33958,4492.61612,4492.7314
2026-08-20 06:45:00+00:00,4492.86857,4495.65144,4491.55587,4493.67571
2026-08-20 07:00:00+00:00,4492.93294,4494.44879,4487.72607,4488.72816
2026-08-20 07:15:00+00:00,4489.00867,4489.00867,4484.11884,4484.35699
2026-08-20 07:30:00+00:00,4484.79919,4493.52108,4483.90279,4490.62209
2026-08-20 07:45:00+00:00,4491.13425,4492.56481,4488.73328,4490.07986
2026-08-20 08:00:00+00:00,4490.34048,4494.78605,4489.90308,4492.08567
2026-08-20 08:15:00+00:00,4492.15287,4499.16843,4490.14413,4490.3378
2026-08-20 08:30:00+00:00,4490.5852,4497.41813,4487.12196,4492.4524
2026-08-20 08:45:00+00:00,4492.19584,4492.71208,4487.81597,4488.57513
2026-08-20 09:00:00+00:00,4488.53852,4493.17038,4487.96154,4492.21428
2026-08-20 09:15:00+00:00,4491.87065,4493.77612,4488.73328,4489.58445
2026-08-20 09:30:00+00:00,4489.27234,4489.94253,4484.70715,4489.68653
2026-08-20 09:45:00+00:00,4489.04694,4490.14413,4482.09403,4483.94486
2026-08-20 10:00:00+00:00,4483.58739,4490.52789,4480.88901,4490.10427
2026-08-20 10:15:00+00:00,4489.54642,4492.74707,4486.47681,4492.29737
2026-08-20 10:30:00+00:00,4491.26412,4495.12233,4490.41293,4491.14583
2026-08-20 10:45:00+00:00,4490.92752,4491.44229,4487.92748,4489.611
2026-08-20 11:00:00+00:00,4488.88885,4491.71686,4484.00499,4484.71018
2026-08-20 11:15:00+00:00,4485.63541,4489.94253,4480.88901,4485.15906
2026-08-20 11:30:00+00:00,4486.14782,4486.71931,4476.0501,4476.6672
2026-08-20 11:45:00+00:00,4477.7175,4477.7175,4466.27959,4467.42964
2026-08-20 12:00:00+00:00,4467.26941,4468.45725,4451.3688,4465.63087
2026-08-20 12:15:00+00:00,4464.97265,4467.03077,4456.32799,4459.79916
2026-08-20 12:30:00+00:00,4459.5524,4466.23691,4452.9518,4459.97
2026-08-20 12:45:00+00:00,4461.67352,4476.07538,4461.67352,4475.87318
2026-08-20 13:00:00+00:00,4475.45371,4483.90279,4473.2722,4474.58407
2026-08-20 13:15:00+00:00,4474.39437,4475.67471,4470.72172,4474.49983
2026-08-20 13:30:00+00:00,4473.54645,4487.12196,4470.87227,4486.87278
2026-08-20 13:45:00+00:00,4486.3928,4487.72607,4480.08602,4480.32202
2026-08-20 14:00:00+00:00,4480.77794,4491.47858,4480.77794,4489.87114
2026-08-20 14:15:00+00:00,4487.56419,4494.38202,4483.09872,4488.16111
2026-08-20 14:30:00+00:00,4488.20759,4502.39864,4488.20759,4500.43302
2026-08-20 14:45:00+00:00,4499.5177,4515.48812,4496.97784,4515.19807
2026-08-20 15:00:00+00:00,4514.90805,4536.58758,4513.60401,4535.61921
2026-08-20 15:15:00+00:00,4534.20556,4544.49492,4524.88688,4533.75152
2026-08-20 15:30:00+00:00,4533.04405,4533.04405,4512.40687,4513.57935
2026-08-20 15:45:00+00:00,4515.47071,4523.45411,4510.11922,4523.20659
2026-08-20 16:00:00+00:00,4522.70363,4525.27575,4511.76415,4512.5947
2026-08-20 16:15:00+00:00,4514.05525,4514.05525,4505.72227,4506.00017
2026-08-20 16:30:00+00:00,4506.92433,4512.43175,4503.89587,4508.07337
2026-08-20 16:45:00+00:00,4508.40105,4512.65317,4508.40105,4511.01633
2026-08-20 17:00:00+00:00,4510.6599,4512.83903,4507.30952,4509.34305
2026-08-20 17:15:00+00:00,4509.23695,4515.0171,4508.76956,4510.70979
2026-08-20 17:30:00+00:00,4511.67167,4518.14033,4510.88107,4517.8297
2026-08-20 17:45:00+00:00,4517.38996,4520.31287,4517.38996,4520.07358
2026-08-20 18:00:00+00:00,4519.8551,4522.27838,4509.98963,4510.25505
2026-08-20 18:15:00+00:00,4510.77467,4519.39806,4509.18284,4519.3236
2026-08-20 18:30:00+00:00,4519.02642,4524.23357,4517.42237,4520.96041
2026-08-20 18:45:00+00:00,4521.06078,4524.88688,4518.14033,4522.17384
2026-08-20 19:00:00+00:00,4522.88226,4527.78305,4519.9783,4527.53446
2026-08-20 19:15:00+00:00,4526.87692,4529.23794,4522.99028,4523.99171
2026-08-20 19:30:00+00:00,4524.46815,4529.60094,4522.78751,4527.38786
2026-08-20 19:45:00+00:00,4527.48144,4532.26976,4525.13062,4529.2124
2026-08-20 20:00:00+00:00,4528.70974,4529.19063,4522.63579,4523.41182
2026-08-20 20:15:00+00:00,4523.80709,4523.80709,4520.79566,4521.39711
2026-08-20 20:30:00+00:00,4521.34996,4521.37437,4517.11988,4518.57382
2026-08-20 20:45:00+00:00,4518.4749,4521.86617,4518.05234,4519.34377
2026-08-20 21:00:00+00:00,4519.29236,4519.29236,4518.95702,4519.07829
2026-08-20 21:15:00+00:00,4519.08317,4519.29026,4518.94642,4519.15159
2026-08-20 21:30:00+00:00,4519.0405,4519.49916,4518.85042,4519.15425
2026-08-20 21:45:00+00:00,4519.05867,4519.27747,4518.95702,4519.07673
2026-08-20 22:00:00+00:00,4519.08976,4521.20445,4517.52801,4518.43239
2026-08-20 22:15:00+00:00,4518.66507,4521.59412,4518.05823,4521.22413
2026-08-20 22:30:00+00:00,4520.61784,4523.55953,4518.95702,4523.44559
2026-08-20 22:45:00+00:00,4523.17545,4524.36327,4519.9783,4524.27869
2026-08-20 23:00:00+00:00,4524.18214,4531.87394,4523.15095,4531.73911
2026-08-20 23:15:00+00:00,4531.54379,4532.50737,4525.5012,4525.91662
2026-08-20 23:30:00+00:00,4526.71996,4527.34516,4521.40887,4524.31188
2026-08-20 23:45:00+00:00,4524.20644,4527.96015,4522.9415,4527.09496
2026-08-21 00:00:00+00:00,4526.97837,4528.20864,4518.34448,4518.69569
2026-08-21 00:15:00+00:00,4519.20068,4521.20445,4515.89595,4517.47753
2026-08-21 00:30:00+00:00,4518.25531,4518.6255,4511.00686,4512.57806
2026-08-21 00:45:00+00:00,4511.16494,4513.93782,4510.1304,4511.17591
2026-08-21 01:00:00+00:00,4511.0523,4521.00005,4509.73245,4520.35419
2026-08-21 01:15:00+00:00,4519.24699,4530.21654,4519.24699,4529.99451
2026-08-21 01:30:00+00:00,4529.67887,4539.17139,4523.65874,4526.44062
2026-08-21 01:45:00+00:00,4525.83842,4532.47518,4525.5012,4530.11923
2026-08-21 02:00:00+00:00,4529.82523,4532.45136,4518.48153,4519.01476
2026-08-21 02:15:00+00:00,4519.87392,4529.19063,4519.87392,4527.02712
2026-08-21 02:30:00+00:00,4527.71292,4536.18154,4525.41669,4535.72
2026-08-21 02:45:00+00:00,4535.05032,4543.18295,4534.35311,4535.1954
2026-08-21 03:00:00+00:00,4536.39434,4538.02868,4532.88609,4534.46538
2026-08-21 03:15:00+00:00,4535.19256,4535.19256,4531.51961,4531.66567
2026-08-21 03:30:00+00:00,4531.8603,4537.83013,4526.73034,4529.07834
2026-08-21 03:45:00+00:00,4528.90294,4535.57816,4528.90294,4535.07724
2026-08-21 04:00:00+00:00,4534.1904,4540.30974,4534.1904,4539.84437
2026-08-21 04:15:00+00:00,4539.03232,4547.10804,4538.13879,4546.46382
2026-08-21 04:30:00+00:00,4546.36085,4547.99406,4540.91363,4542.05631
2026-08-21 04:45:00+00:00,4541.86405,4542.66812,4540.91363,4541.00895
2026-08-21 05:00:00+00:00,4541.17517,4541.57295,4535.35308,4536.19878
2026-08-21 05:15:00+00:00,4535.94219,4538.23463,4531.03761,4531.1157
2026-08-21 05:30:00+00:00,4531.32036,4541.32607,4531.32036,4539.66986
2026-08-21 05:45:00+00:00,4538.7307,4555.28273,4538.18828,4554.99248
2026-08-21 06:00:00+00:00,4554.39792,4555.78916,4545.86781,4548.80757
2026-08-21 06:15:00+00:00,4547.17558,4558.09289,4546.93684,4557.77485
2026-08-21 06:30:00+00:00,4557.11913,4566.304,4555.10379,4564.74494
2026-08-21 06:45:00+00:00,4564.24888,4567.87868,4562.03517,4562.52788
2026-08-21 07:00:00+00:00,4563.50757,4565.53465,4558.71627,4559.26026
2026-08-21 07:15:00+00:00,4559.53477,4567.67003,4559.53477,4562.30197
2026-08-21 07:30:00+00:00,4562.03448,4566.59715,4561.11288,4566.3083
2026-08-21 07:45:00+00:00,4565.85629,4567.1837,4561.62759,4563.58798
2026-08-21 08:00:00+00:00,4563.64818,4567.54543,4559.56334,4567.24068
2026-08-21 08:15:00+00:00,4566.46397,4581.08597,4564.33429,4581.03172
2026-08-21 08:30:00+00:00,4580.96665,4583.58161,4576.86851,4581.33403
2026-08-21 08:45:00+00:00,4581.78206,4583.58744,4580.36745,4583.29476
2026-08-21 09:00:00+00:00,4582.61032,4599.36668,4582.3214,4599.10488
2026-08-21 09:15:00+00:00,4598.39625,4601.08586,4581.48165,4581.95435
2026-08-21 09:30:00+00:00,4582.72662,4586.52551,4581.48165,4583.67499
2026-08-21 09:45:00+00:00,4584.23972,4585.47322,4580.60004,4582.62422
2026-08-21 10:00:00+00:00,4583.95871,4589.26113,4578.75458,4578.95539
2026-08-21 10:15:00+00:00,4579.25052,4588.41883,4578.9978,4587.04235
2026-08-21 10:30:00+00:00,4587.27833,4593.68827,4586.1041,4593.55537
2026-08-21 10:45:00+00:00,4593.28041,4593.28041,4588.2083,4588.30287
2026-08-21 11:00:00+00:00,4588.34549,4595.11978,4586.50389,4589.41566
2026-08-21 11:15:00+00:00,4589.69701,4599.58991,4589.65085,4597.94712
2026-08-21 11:30:00+00:00,4596.60087,4606.17632,4591.9845,4592.8101
2026-08-21 11:45:00+00:00,4594.01697,4600.66723,4594.01697,4597.45276
2026-08-21 12:00:00+00:00,4597.8679,4600.45084,4589.47175,4589.61168
2026-08-21 12:15:00+00:00,4590.19701,4594.53251,4581.90149,4585.72633
2026-08-21 12:30:00+00:00,4585.77152,4586.00412,4564.75099,4574.17114
2026-08-21 12:45:00+00:00,4573.53584,4580.8853,4573.45272,4577.81063
2026-08-21 13:00:00+00:00,4577.55695,4586.1041,4575.06505,4585.79044
2026-08-21 13:15:00+00:00,4585.44723,4587.78731,4578.73642,4583.94974
2026-08-21 13:30:00+00:00,4582.96412,4591.36823,4574.35616,4587.63626
2026-08-21 13:45:00+00:00,4588.16831,4590.73964,4577.07799,4581.58037
2026-08-21 14:00:00+00:00,4582.12493,4590.52516,4581.84914,4588.92247
2026-08-21 14:15:00+00:00,4588.60798,4603.20383,4588.41883,4602.82955
2026-08-21 14:30:00+00:00,4602.21018,4602.56823,4581.90149,4587.04984
2026-08-21 14:45:00+00:00,4586.45874,4594.95474,4579.94085,4591.40097
2026-08-21 15:00:00+00:00,4590.89952,4597.69701,4588.33505,4595.39784
2026-08-21 15:15:00+00:00,4595.67971,4607.13486,4593.74799,4605.06119
2026-08-21 15:30:00+00:00,4604.17655,4609.96155,4599.71016,4609.74259
2026-08-21 15:45:00+00:00,4609.23026,4615.42632,4607.23336,4611.26244
2026-08-21 16:00:00+00:00,4612.24139,4618.19328,4608.7197,4614.90709
2026-08-21 16:15:00+00:00,4614.14616,4617.65792,4610.48188,4613.63477
2026-08-21 16:30:00+00:00,4613.15442,4621.59395,4612.97168,4621.38618
2026-08-21 16:45:00+00:00,4621.07492,4628.5582,4621.07492,4628.44541
2026-08-21 17:00:00+00:00,4628.04807,4631.91226,4622.3537,4622.98393
2026-08-21 17:15:00+00:00,4624.03314,4625.47606,4615.28652,4621.86829
2026-08-21 17:30:00+00:00,4621.10847,4624.49131,4618.88559,4622.50238
2026-08-21 17:45:00+00:00,4622.80048,4623.35701,4616.80517,4621.21224
2026-08-21 18:00:00+00:00,4621.02635,4627.94429,4620.21807,4624.04906
2026-08-21 18:15:00+00:00,4624.29455,4627.70142,4624.27746,4625.28394
2026-08-21 18:30:00+00:00,4625.63484,4625.63484,4619.151,4620.55125
2026-08-21 18:45:00+00:00,4620.74712,4625.3015,4620.74712,4624.34025
2026-08-21 19:00:00+00:00,4624.22641,4625.61497,4619.151,4623.05593
2026-08-21 19:15:00+00:00,4622.76493,4623.3012,4618.44997,4618.96595
2026-08-21 19:30:00+00:00,4619.93936,4619.93936,4615.09535,4619.22722
2026-08-21 19:45:00+00:00,4619.11483,4623.42226,4617.15147,4618.87961
2026-08-21 20:00:00+00:00,4619.10883,4619.10883,4615.37514,4617.19204
2026-08-21 20:15:00+00:00,4617.08903,4617.44471,4610.41955,4611.31534
2026-08-21 20:30:00+00:00,4611.18499,4611.69526,4607.65793,4608.17002
2026-08-21 20:45:00+00:00,4608.31872,4608.54279,4603.20383,4603.92129
2026-08-21 21:00:00+00:00,4603.83002,4608.55166,4602.74522,4608.30739
2026-08-21 21:15:00+00:00,4608.312,4608.8389,4607.23336,4608.26087
2026-08-21 21:30:00+00:00,4608.09139,4608.84039,4607.23336,4608.19998
2026-08-21 21:45:00+00:00,4608.12778,4608.41724,4607.23336,4608.1779
2026-08-21 22:00:00+00:00,4608.20999,4608.39489,4608.08258,4608.25715
2026-08-21 22:15:00+00:00,4608.18231,4608.39238,4608.08258,4608.28141
2026-08-21 22:30:00+00:00,4608.17729,4608.38545,4608.08258,4608.21434
2026-08-21 22:45:00+00:00,4608.18235,4608.38972,4608.08258,4608.10542
2026-08-21 23:00:00+00:00,4608.18281,4608.38734,4608.08258,4608.26938
2026-08-21 23:15:00+00:00,4608.1823,4608.3892,4608.08258,4608.28524
2026-08-21 23:30:00+00:00,4608.18196,4608.389,4608.08258,4608.23069
2026-08-21 23:45:00+00:00,4608.18055,4608.39007,4608.08258,4608.10714
2026-08-22 00:00:00+00:00,4608.18491,4608.39184,4608.08258,4608.28218
2026-08-22 00:15:00+00:00,4608.18193,4608.39155,4608.08258,4608.29276
2026-08-22 00:30:00+00:00,4608.19087,4608.39018,4608.08258,4608.24777
2026-08-22 00:45:00+00:00,4608.18086,4608.3889,4608.08258,4608.10902
2026-08-22 01:00:00+00:00,4608.18274,4608.38972,4608.08258,4608.11627
2026-08-22 01:15:00+00:00,4608.18426,4608.38426,4608.08258,4608.26178
2026-08-22 01:30:00+00:00,4608.1729,4608.39158,4608.08258,4608.26254
2026-08-22 01:45:00+00:00,4608.18114,4608.38811,4608.08258,4608.11377
2026-08-22 02:00:00+00:00,4608.1848,4608.39523,4608.08258,4608.17014
2026-08-22 02:15:00+00:00,4608.18908,4608.3855,4608.08258,4608.25713
2026-08-22 02:30:00+00:00,4608.18213,4608.39801,4608.08258,4608.28398
2026-08-22 02:45:00+00:00,4608.19087,4608.37709,4608.08258,4608.24158
2026-08-22 03:00:00+00:00,4608.18026,4608.39101,4608.08258,4608.10827
2026-08-22 03:15:00+00:00,4608.1845,4608.39442,4608.08258,4608.2518
2026-08-22 03:30:00+00:00,4608.19087,4608.38971,4608.08258,4608.28536
2026-08-22 03:45:00+00:00,4608.18491,4608.38623,4608.08258,4608.22651
2026-08-22 04:00:00+00:00,4608.18044,4608.39255,4608.08258,4608.1593
2026-08-22 04:15:00+00:00,4608.19174,4608.39522,4608.08258,4608.26241
2026-08-22 04:30:00+00:00,4608.1867,4608.38998,4608.08258,4608.28817
2026-08-22 04:45:00+00:00,4608.1845,4608.38547,4608.08258,4608.22003
2026-08-22 05:00:00+00:00,4608.18238,4608.39585,4608.08258,4608.10778
2026-08-22 05:15:00+00:00,4608.18833,4608.39455,4608.08258,4608.28121
2026-08-22 05:30:00+00:00,4608.18663,4608.38247,4608.08258,4608.29047
2026-08-22 05:45:00+00:00,4608.18916,4608.39396,4608.08258,4608.23788
2026-08-22 06:00:00+00:00,4608.18225,4608.3862,4608.08258,4608.10785
2026-08-22 06:15:00+00:00,4608.18411,4608.38947,4608.08258,4608.11623
2026-08-22 06:30:00+00:00,4608.17443,4608.37956,4608.08258,4608.27922
2026-08-22 06:45:00+00:00,4608.18598,4608.39014,4608.08258,4608.25429
2026-08-22 07:00:00+00:00,4608.18192,4608.38761,4608.08258,4608.11028
2026-08-22 07:15:00+00:00,4608.1817,4608.38727,4608.08258,4608.11165
2026-08-22 07:30:00+00:00,4608.17684,4608.37325,4608.08258,4608.25939
2026-08-22 07:45:00+00:00,4608.17691,4608.38145,4608.08258,4608.25597
2026-08-22 08:00:00+00:00,4608.16869,4608.37882,4608.08258,4608.11477
2026-08-22 08:15:00+00:00,4608.18186,4608.38972,4608.08258,4608.10281
2026-08-22 08:30:00+00:00,4608.16503,4608.38945,4608.08258,4608.25173
2026-08-22 08:45:00+00:00,4608.18281,4608.38811,4608.08258,4608.27865
2026-08-22 09:00:00+00:00,4608.182,4608.3869,4608.08258,4608.24256
2026-08-22 09:15:00+00:00,4608.18663,4608.39395,4608.08258,4608.10752
2026-08-22 09:30:00+00:00,4608.18491,4608.38395,4608.08258,4608.25021
2026-08-22 09:45:00+00:00,4608.18462,4608.38511,4608.08258,4608.28468
2026-08-22 10:00:00+00:00,4608.18238,4608.39462,4608.08258,4608.21461
2026-08-22 10:15:00+00:00,4608.17808,4608.38558,4608.08258,4608.10398
2026-08-22 10:30:00+00:00,4608.17898,4608.38547,4608.08258,4608.2613
2026-08-22 10:45:00+00:00,4608.17813,4608.38614,4608.08258,4608.28167
2026-08-22 11:00:00+00:00,4608.17729,4608.38709,4608.08258,4608.22628
2026-08-22 11:15:00+00:00,4608.1825,4608.38388,4608.08258,4608.1044
2026-08-22 11:30:00+00:00,4608.17897,4608.3847,4608.08258,4608.27784
2026-08-22 11:45:00+00:00,4608.17813,4608.38548,4608.11479,4608.27799
2026-08-22 12:00:00+00:00,4608.17813,4608.38518,4608.10905,4608.23966
2026-08-22 12:15:00+00:00,4608.17813,4608.38284,4608.10989,4608.15097
2026-08-22 12:30:00+00:00,4608.17813,4608.38469,4608.11062,4608.17756
2026-08-22 12:45:00+00:00,4608.17813,4608.38135,4608.1093,4608.26976
2026-08-22 13:00:00+00:00,4608.17813,4608.38548,4608.10905,4608.25539
2026-08-22 13:15:00+00:00,4608.17813,4608.38518,4608.11302,4608.16129
2026-08-22 13:30:00+00:00,4608.17813,4608.38381,4608.10989,4608.16318
2026-08-22 13:45:00+00:00,4608.17813,4608.38469,4608.1118,4608.25754
2026-08-22 14:00:00+00:00,4608.17813,4608.38548,4608.1093,4608.26815
2026-08-22 14:15:00+00:00,4608.17813,4608.3799,4608.10905,4608.17519
2026-08-22 14:30:00+00:00,4608.17813,4608.38518,4608.10988,4608.15227
2026-08-22 14:45:00+00:00,4608.17813,4608.38381,4608.11063,4608.24219
2026-08-22 15:00:00+00:00,4608.17813,4608.38468,4608.1093,4608.27702
2026-08-22 15:15:00+00:00,4608.17813,4608.38547,4608.11475,4608.22769
2026-08-22 15:30:00+00:00,4608.17813,4608.38519,4608.10905,4608.14559
2026-08-22 15:45:00+00:00,4608.17813,4608.38281,4608.10988,4608.2514
2026-08-22 16:00:00+00:00,4608.17813,4608.38382,4608.11064,4608.2814
2026-08-22 16:15:00+00:00,4608.17813,4608.38468,4608.10931,4608.21044
2026-08-22 16:30:00+00:00,4608.17813,4608.38547,4608.11473,4608.14359
2026-08-22 16:45:00+00:00,4608.17813,4608.38519,4608.10905,4608.26793
2026-08-22 17:00:00+00:00,4608.17813,4608.3828,4608.10987,4608.28098
2026-08-22 17:15:00+00:00,4608.17813,4608.38467,4608.11065,4608.22792
2026-08-22 17:30:00+00:00,4608.17813,4608.3814,4608.10931,4608.14643
2026-08-22 17:45:00+00:00,4608.17813,4608.38547,4608.10905,4608.28217
2026-08-22 18:00:00+00:00,4608.17813,4608.38519,4608.11306,4608.27578
2026-08-22 18:15:00+00:00,4608.17813,4608.38384,4608.10987,4608.24506
2026-08-22 18:30:00+00:00,4608.17813,4608.38467,4608.11176,4608.23369
