datetime,open,high,low,close
2020-01-24 00:00:00+00:00,1561.96997,1562.5,1561.12,1561.77771
2020-01-24 04:00:00+00:00,1561.82996,1562.34998,1559.43005,1559.63501
2020-01-24 08:00:00+00:00,1559.69995,1563.02002,1557.65002,1559.26001
2020-01-24 12:00:00+00:00,1559.16003,1575.26001,1556.67004,1570.34998
2020-01-24 16:00:00+00:00,1570.030029,1575.82996,1568.95996,1571.13
2020-01-24 20:00:00+00:00,1570.92004,1572.64001,1569.66003,1571.44995
2020-01-26 20:00:00+00:00,1581.34998,1588.62,1579.55005,1582.014893
2020-01-27 00:00:00+00:00,1582.81006,1583.19495,1577.40002,1579.41504
2020-01-27 04:00:00+00:00,1579.51001,1580.98999,1577.050049,1578.15002
2020-01-27 08:00:00+00:00,1577.84998,1586.33997,1575.95996,1584.55005
2020-01-27 12:00:00+00:00,1584.32996,1586.060059,1578.17004,1583.81006
2020-01-27 16:00:00+00:00,1583.87,1584.030029,1577.17004,1580.91846
2020-01-27 20:00:00+00:00,1580.93005,1583.41003,1580.13,1581.18994
2020-01-28 00:00:00+00:00,1581.20996,1583.094971,1579.62,1579.68616
2020-01-28 04:00:00+00:00,1579.70996,1580.68005,1577.01001,1577.20996
2020-01-28 08:00:00+00:00,1577.51001,1582.29004,1577.15503,1578.15002
2020-01-28 12:00:00+00:00,1578.18005,1578.90002,1567.54004,1570.2002
2020-01-28 16:00:00+00:00,1570.28003,1571.80005,1567.23999,1569.18274
2020-01-28 20:00:00+00:00,1569.31995,1570.28003,1565.62,1568.57556
2020-01-29 00:00:00+00:00,1568.57996,1569.33997,1563.44495,1564.58997
2020-01-29 04:00:00+00:00,1564.59998,1569.18994,1564.52002,1568.12
2020-01-29 08:00:00+00:00,1568.12,1572.48999,1567.31177,1571.97998
2020-01-29 12:00:00+00:00,1571.98999,1574.54004,1567.93005,1569.89087
2020-01-29 16:00:00+00:00,1569.80005,1576.96997,1569.17004,1575.94995
2020-01-29 20:00:00+00:00,1576.60999,1578.01001,1574.98999,1577.16565
2020-01-30 00:00:00+00:00,1577.14001,1580.64001,1576.1051,1580.25085
2020-01-30 04:00:00+00:00,1580.23999,1582.61755,1577.050049,1581.56604
2020-01-30 08:00:00+00:00,1581.59998,1583.040039,1578.45996,1580.12
2020-01-30 12:00:00+00:00,1579.87,1585.31006,1572.57996,1583.79834
2020-01-30 16:00:00+00:00,1583.89001,1586.01001,1577.31006,1579.88
2020-01-30 20:00:00+00:00,1579.65002,1579.96997,1572.76001,1575.21118
2020-01-31 00:00:00+00:00,1575.18994,1575.63,1570.95496,1572.28003
2020-01-31 04:00:00+00:00,1572.28003,1576.80005,1571.44995,1576.48999
2020-01-31 08:00:00+00:00,1576.76001,1582.089966,1576.19995,1580.69995
2020-01-31 12:00:00+00:00,1580.68994,1589.14001,1578.44495,1588.25745
2020-01-31 16:00:00+00:00,1588.20996,1588.64001,1581.060059,1586.41577
2020-01-31 20:00:00+00:00,1586.79004,1590.55005,1585.31995,1589.01001
2020-02-02 20:00:00+00:00,1590.19995,1593.58997,1587.80005,1589.55664
2020-02-03 00:00:00+00:00,1589.51001,1590.12,1579.68994,1580.41089
2020-02-03 04:00:00+00:00,1580.27002,1581.48999,1574.030029,1576.47119
2020-02-03 08:00:00+00:00,1576.31006,1581.28003,1573.65002,1578.17004
2020-02-03 12:00:00+00:00,1578.20996,1580.48999,1570.27002,1575.67786
2020-02-03 16:00:00+00:00,1575.57996,1579.73999,1574.37,1577.81165
2020-02-03 20:00:00+00:00,1577.80005,1579.31995,1575.63,1578.87
2020-02-04 00:00:00+00:00,1578.87,1579.65002,1573.75,1575.57727
2020-02-04 04:00:00+00:00,1575.52002,1576.14001,1570.68005,1572.18005
2020-02-04 08:00:00+00:00,1572.41003,1573.25,1565.52002,1570.16003
2020-02-04 12:00:00+00:00,1570.21997,1570.77002,1551.37244,1555.35999
2020-02-04 16:00:00+00:00,1555.26001,1555.995,1549.26501,1552.66003
2020-02-04 20:00:00+00:00,1552.64001,1555.43994,1552.13696,1554.19507
2020-02-05 00:00:00+00:00,1554.099976,1557.56042,1552.15002,1557.33997
2020-02-05 04:00:00+00:00,1557.35999,1562.29004,1556.94995,1561.067017
2020-02-05 08:00:00+00:00,1561.21997,1562.050049,1547.54504,1555.00097656
2020-02-05 12:00:00+00:00,1555.01001,1558.92004,1549.89502,1555.98926
2020-02-05 16:00:00+00:00,1556.28003,1559.60205,1556.086304,1557.17004
2020-02-05 20:00:00+00:00,1557.099976,1557.93811,1554.72498,1556.14001
2020-02-06 00:00:00+00:00,1556.23999,1558.031128,1553.94995,1554.41003
2020-02-06 04:00:00+00:00,1554.43005,1560.25,1552.65002,1558.68994
2020-02-06 08:00:00+00:00,1558.62,1567.64502,1558.21997,1564.83997
2020-02-06 12:00:00+00:00,1564.82996,1568.33252,1561.65002,1563.42004
2020-02-06 16:00:00+00:00,1563.43005,1567.13049,1563.11365,1567.06665
2020-02-06 20:00:00+00:00,1567.17004,1567.4458,1565.76489,1565.88501
2020-02-07 00:00:00+00:00,1565.89001,1569.19446,1564.84998,1566.67493
2020-02-07 04:00:00+00:00,1566.70996,1567.36499,1562.92749,1566.82727
2020-02-07 08:00:00+00:00,1566.65002,1569.84912,1564.62,1568.6377
2020-02-07 12:00:00+00:00,1568.65002,1574.060059,1560.79004,1566.38
2020-02-07 16:00:00+00:00,1566.37,1573.26501,1565.23999,1572.025024
2020-02-07 20:00:00+00:00,1572.16003,1572.16003,1569.87317,1570.31995
2020-02-09 20:00:00+00:00,1570.29004,1576.51001,1569.20276,1574.73499
2020-02-10 00:00:00+00:00,1574.91003,1575.125,1568.10999,1570.84998
2020-02-10 04:00:00+00:00,1570.85999,1572.90002,1569.69495,1571.94604
2020-02-10 08:00:00+00:00,1572.030029,1575.11951,1570.93005,1572.4458
2020-02-10 12:00:00+00:00,1572.32996,1575.74463,1571.48999,1574.18005
2020-02-10 16:00:00+00:00,1574.01001,1577.03772,1573.86499,1574.96912
2020-02-10 20:00:00+00:00,1574.96997,1575.030029,1571.87,1572.055054
2020-02-11 00:00:00+00:00,1572.050049,1572.31519,1566.94995,1568.65002
2020-02-11 04:00:00+00:00,1568.65942,1569.93994,1566.55103,1568.50439
2020-02-11 08:00:00+00:00,1568.63,1570.049561,1565.90503,1568.69995
2020-02-11 12:00:00+00:00,1568.71997,1573.99414,1562.89001,1564.16003
2020-02-11 16:00:00+00:00,1563.92004,1568.81006,1562.40613,1568.60999
2020-02-11 20:00:00+00:00,1568.62,1569.55005,1566.24841,1567.19495
2020-02-12 00:00:00+00:00,1567.069946,1568.61157,1565.89502,1567.96997
2020-02-12 04:00:00+00:00,1567.98999,1568.4574,1563.90674,1565.36206
2020-02-12 08:00:00+00:00,1565.44995,1567.76575,1562.12915,1567.27502
2020-02-12 12:00:00+00:00,1567.19995,1567.59497,1563.64001,1567.35254
2020-02-12 16:00:00+00:00,1567.12,1570.47339,1565.29004,1565.6311
2020-02-12 20:00:00+00:00,1565.59998,1571.29004,1565.10999,1570.27002
2020-02-13 00:00:00+00:00,1569.81995,1574.32153,1569.2428,1574.19897
2020-02-13 04:00:00+00:00,1574.19995,1575.73486,1572.41003,1575.35779
2020-02-13 08:00:00+00:00,1575.41003,1577.16003,1573.40002,1574.14001
2020-02-13 12:00:00+00:00,1574.060059,1578.19995,1571.96997,1576.0
2020-02-13 16:00:00+00:00,1576.050049,1577.59497,1574.46106,1576.089966
2020-02-13 20:00:00+00:00,1576.050049,1577.81995,1575.54004,1577.495
2020-02-14 00:00:00+00:00,1577.30005,1578.21997,1573.19995,1574.33496
2020-02-14 04:00:00+00:00,1574.33997,1576.47534,1574.061157,1575.46997
2020-02-14 08:00:00+00:00,1575.28003,1577.060059,1574.60999,1576.3866
2020-02-14 12:00:00+00:00,1576.32996,1582.88098,1575.16003,1581.55005
2020-02-14 16:00:00+00:00,1581.58997,1584.28955,1580.66138,1582.80505
2020-02-14 20:00:00+00:00,1582.78003,1584.95667,1582.14075,1584.10999
2020-02-16 20:00:00+00:00,1584.69995,1584.81006,1580.64502,1583.094971
2020-02-17 00:00:00+00:00,1583.030029,1583.82996,1581.44995,1582.53003
2020-02-17 04:00:00+00:00,1582.53003,1583.26111,1579.65002,1580.19995
2020-02-17 08:00:00+00:00,1580.20996,1581.43994,1578.91602,1580.47998
2020-02-17 12:00:00+00:00,1580.45996,1582.67004,1580.45996,1580.97253
2020-02-17 16:00:00+00:00,1581.089966,1582.42004,1580.65002,1581.099976
2020-02-17 20:00:00+00:00,1584.53003,1585.63,1582.55005,1584.29504
2020-02-18 00:00:00+00:00,1584.38,1587.25,1584.30005,1586.93994
2020-02-18 04:00:00+00:00,1586.93005,1589.30005,1584.84998,1588.44812
2020-02-18 08:00:00+00:00,1588.37,1589.44995,1586.78625,1587.93994
2020-02-18 12:00:00+00:00,1587.81995,1601.15002,1586.41003,1600.77002
2020-02-18 16:00:00+00:00,1600.87,1605.34998,1600.12,1601.56006
2020-02-18 20:00:00+00:00,1601.46997,1603.44995,1600.64246,1600.92505
2020-02-19 00:00:00+00:00,1600.93005,1604.84998,1599.6095,1601.60535
2020-02-19 04:00:00+00:00,1601.56995,1605.81775,1601.38013,1604.90002
2020-02-19 08:00:00+00:00,1605.42004,1611.15002,1604.86365,1609.19995
2020-02-19 12:00:00+00:00,1609.18005,1609.43005,1602.495,1606.59497
2020-02-19 16:00:00+00:00,1606.57996,1610.15625,1603.79504,1606.96497
2020-02-19 20:00:00+00:00,1608.51001,1612.755,1608.27502,1610.43994
2020-02-20 00:00:00+00:00,1610.46997,1612.040649,1606.15002,1610.26001
2020-02-20 04:00:00+00:00,1610.39001,1610.63501,1604.050781,1607.42725
2020-02-20 08:00:00+00:00,1607.15002,1617.79504,1607.15002,1617.51001
2020-02-20 12:00:00+00:00,1617.62,1622.52002,1613.88,1618.032227
2020-02-20 16:00:00+00:00,1617.81006,1623.755,1616.19495,1619.93994
2020-02-20 20:00:00+00:00,1619.93005,1622.65002,1619.054443,1622.29504
2020-02-21 00:00:00+00:00,1622.18994,1625.17151,1619.025513,1625.025024
2020-02-21 04:00:00+00:00,1625.040039,1635.39001,1624.74951,1633.43994
2020-02-21 08:00:00+00:00,1633.38,1636.229,1631.62,1635.31006
2020-02-21 12:00:00+00:00,1635.37,1649.16003,1633.67004,1643.39917
2020-02-21 16:00:00+00:00,1643.42004,1648.52417,1638.39001,1644.18994
2020-02-21 20:00:00+00:00,1644.12,1647.23999,1642.96997,1643.45996
2020-02-23 20:00:00+00:00,1649.31006,1680.70996,1648.60999,1665.58997
2020-02-24 00:00:00+00:00,1665.71997,1667.14001,1658.68005,1660.77112
2020-02-24 04:00:00+00:00,1660.64001,1673.33997,1659.82544,1672.28088
2020-02-24 08:00:00+00:00,1672.58997,1688.99756,1672.030029,1682.29504
2020-02-24 12:00:00+00:00,1682.32996,1683.94495,1670.31995,1674.40381
2020-02-24 16:00:00+00:00,1674.85999,1676.88245,1651.35999,1653.17261
2020-02-24 20:00:00+00:00,1653.73999,1663.93994,1653.17004,1653.90503
2020-02-25 00:00:00+00:00,1654.32996,1658.78003,1643.23999,1656.7113
2020-02-25 04:00:00+00:00,1656.60999,1657.48584,1633.88,1641.013672
2020-02-25 08:00:00+00:00,1640.92004,1657.060059,1640.23157,1646.39001
2020-02-25 12:00:00+00:00,1646.55005,1658.45996,1644.81055,1654.75
2020-02-25 16:00:00+00:00,1655.17004,1657.026367,1641.72998,1650.495
2020-02-25 20:00:00+00:00,1650.02002,1651.47119,1629.099976,1640.13501
2020-02-26 00:00:00+00:00,1639.76001,1646.19995,1637.26453,1640.10999
2020-02-26 04:00:00+00:00,1640.069946,1647.83997,1640.02356,1644.34253
2020-02-26 08:00:00+00:00,1644.44995,1655.01001,1644.02002,1647.43005
2020-02-26 12:00:00+00:00,1647.5,1648.19995,1625.099976,1637.52002
2020-02-26 16:00:00+00:00,1637.94995,1649.70996,1636.71057,1648.44543
2020-02-26 20:00:00+00:00,1648.10999,1648.89502,1636.17505,1643.69324
2020-02-27 00:00:00+00:00,1643.26001,1651.245,1643.079956,1650.88
2020-02-27 04:00:00+00:00,1650.93005,1652.64917,1641.43994,1647.69495
2020-02-27 08:00:00+00:00,1647.88,1650.8501,1644.31995,1649.079956
2020-02-27 12:00:00+00:00,1649.16003,1660.41003,1647.80005,1651.95996
2020-02-27 16:00:00+00:00,1652.26001,1654.64502,1638.5,1641.54504
2020-02-27 20:00:00+00:00,1641.01001,1649.47498,1635.75,1645.60498
2020-02-28 00:00:00+00:00,1645.82996,1648.36499,1639.030029,1639.030029
2020-02-28 04:00:00+00:00,1639.19995,1642.35498,1621.38,1627.75
2020-02-28 08:00:00+00:00,1628.12,1641.40002,1624.01001,1629.63501
2020-02-28 12:00:00+00:00,1629.70996,1629.78003,1576.44495,1581.9574
2020-02-28 16:00:00+00:00,1583.78003,1595.48999,1563.060059,1583.31995
2020-02-28 20:00:00+00:00,1583.59998,1587.95996,1576.10999,1586.16003
2020-03-01 20:00:00+00:00,1591.97998,1593.13,1575.68005,1584.30005
2020-03-02 00:00:00+00:00,1584.96997,1606.39001,1582.40002,1598.9054
2020-03-02 04:00:00+00:00,1599.089966,1605.22998,1596.33508,1597.87256
2020-03-02 08:00:00+00:00,1598.030029,1610.92004,1597.92004,1606.14502
2020-03-02 12:00:00+00:00,1606.60999,1607.045044,1591.14502,1593.52246
2020-03-02 16:00:00+00:00,1593.93994,1601.48999,1591.18506,1595.094971
2020-03-02 20:00:00+00:00,1595.14001,1596.94995,1584.54504,1592.094849
2020-03-03 00:00:00+00:00,1591.85999,1600.20996,1589.74829,1597.95996
2020-03-03 04:00:00+00:00,1597.94995,1601.17004,1593.63208,1595.33167
2020-03-03 08:00:00+00:00,1595.37,1604.57996,1594.27026,1603.22949
2020-03-03 12:00:00+00:00,1602.98999,1643.62,1599.95508,1633.78003
2020-03-03 16:00:00+00:00,1634.069946,1649.0,1626.71997,1626.71997
2020-03-03 20:00:00+00:00,1626.65002,1652.42004,1626.65002,1645.88
2020-03-04 00:00:00+00:00,1645.51001,1647.55005,1640.031616,1641.94751
2020-03-04 04:00:00+00:00,1641.98999,1645.43994,1632.030029,1636.18005
2020-03-04 08:00:00+00:00,1636.18994,1644.93005,1634.94751,1644.12
2020-03-04 12:00:00+00:00,1644.099976,1649.34497,1637.15002,1643.13
2020-03-04 16:00:00+00:00,1643.14001,1644.53003,1634.34998,1640.38
2020-03-04 20:00:00+00:00,1640.28003,1641.31995,1634.23999,1636.93005
2020-03-05 00:00:00+00:00,1636.62,1640.84998,1635.68005,1639.62
2020-03-05 04:00:00+00:00,1639.62,1642.80005,1637.27002,1637.72998
2020-03-05 08:00:00+00:00,1637.66003,1648.73999,1637.28003,1647.91003
2020-03-05 12:00:00+00:00,1647.87,1662.57996,1646.089966,1660.10999
2020-03-05 16:00:00+00:00,1660.13,1672.10999,1657.73999,1671.81006
2020-03-05 20:00:00+00:00,1671.83997,1674.96997,1668.68005,1674.69995
2020-03-06 00:00:00+00:00,1674.68994,1676.53003,1667.71997,1669.030029
2020-03-06 04:00:00+00:00,1669.030029,1681.079956,1667.97998,1672.43994
2020-03-06 08:00:00+00:00,1672.28003,1690.030029,1671.01001,1686.16003
2020-03-06 12:00:00+00:00,1686.040039,1689.63,1642.65002,1663.87
2020-03-06 16:00:00+00:00,1664.069946,1687.41003,1658.30005,1686.81006
2020-03-06 20:00:00+00:00,1687.14001,1692.12,1666.64001,1674.52002
2020-03-08 20:00:00+00:00,1695.37,1702.91003,1679.87,1700.26001
2020-03-09 00:00:00+00:00,1699.79004,1703.099976,1674.72998,1681.72998
2020-03-09 04:00:00+00:00,1681.12,1685.31995,1657.68005,1681.31006
2020-03-09 08:00:00+00:00,1681.55005,1682.75,1662.0,1675.91003
2020-03-09 12:00:00+00:00,1676.060059,1685.84998,1663.44995,1665.069946
2020-03-09 16:00:00+00:00,1665.050049,1681.56995,1662.01001,1678.069946
2020-03-09 20:00:00+00:00,1677.66003,1680.41003,1662.72998,1666.56006
2020-03-10 00:00:00+00:00,1666.56995,1671.54004,1662.079956,1666.81995
2020-03-10 04:00:00+00:00,1666.63,1668.28003,1649.63,1662.18005
2020-03-10 08:00:00+00:00,1662.55005,1667.56006,1656.02002,1662.30005
2020-03-10 12:00:00+00:00,1662.31995,1667.66003,1650.19995,1654.43005
2020-03-10 16:00:00+00:00,1654.55005,1661.76001,1641.96997,1642.16003
2020-03-10 20:00:00+00:00,1642.37,1654.93994,1642.37,1652.42004
2020-03-11 00:00:00+00:00,1652.33997,1660.14001,1650.75,1659.030029
2020-03-11 04:00:00+00:00,1659.030029,1666.54004,1658.23999,1662.48999
2020-03-11 08:00:00+00:00,1662.53003,1668.62,1656.45996,1666.099976
2020-03-11 12:00:00+00:00,1666.52002,1671.25,1644.46997,1649.88
2020-03-11 16:00:00+00:00,1650.099976,1650.93994,1633.13,1636.31995
2020-03-11 20:00:00+00:00,1636.80005,1644.27002,1633.93994,1643.73999
2020-03-12 00:00:00+00:00,1643.82996,1650.18994,1631.19995,1637.16003
2020-03-12 04:00:00+00:00,1637.12,1642.84998,1631.46997,1640.089966
2020-03-12 08:00:00+00:00,1640.12,1645.53003,1633.01001,1634.18994
2020-03-12 12:00:00+00:00,1634.28003,1634.94995,1560.88,1566.41003
2020-03-12 16:00:00+00:00,1566.44995,1609.53003,1565.96997,1570.81995
2020-03-12 20:00:00+00:00,1570.93994,1584.44995,1566.20996,1576.88
2020-03-13 00:00:00+00:00,1576.89001,1583.21997,1551.43005,1560.16003
2020-03-13 04:00:00+00:00,1560.16003,1594.33997,1557.94995,1591.88
2020-03-13 08:00:00+00:00,1591.89001,1593.62,1577.31006,1581.16003
2020-03-13 12:00:00+00:00,1580.96997,1597.91003,1522.16003,1534.93005
2020-03-13 16:00:00+00:00,1534.87,1538.78003,1504.98999,1523.19995
2020-03-13 20:00:00+00:00,1524.26001,1533.20996,1517.26001,1529.42004
2020-03-15 20:00:00+00:00,1566.060059,1575.62,1540.28003,1557.67004
2020-03-16 00:00:00+00:00,1558.15002,1560.89001,1524.90002,1548.089966
2020-03-16 04:00:00+00:00,1548.10999,1550.47998,1529.68005,1531.46997
2020-03-16 08:00:00+00:00,1531.94995,1542.040039,1456.48999,1461.94995
2020-03-16 12:00:00+00:00,1461.95996,1519.21997,1451.43005,1511.67004
2020-03-16 16:00:00+00:00,1509.31006,1513.67004,1484.38,1509.16003
2020-03-16 20:00:00+00:00,1508.68005,1517.88,1496.21997,1507.38
2020-03-17 00:00:00+00:00,1506.18005,1519.43005,1485.75,1501.02002
2020-03-17 04:00:00+00:00,1500.62,1505.030029,1482.78003,1486.56006
2020-03-17 08:00:00+00:00,1486.46997,1488.099976,1466.10999,1472.90002
2020-03-17 12:00:00+00:00,1472.87,1553.98999,1472.43005,1532.25
2020-03-17 16:00:00+00:00,1532.60999,1541.39001,1521.01001,1529.81006
2020-03-17 20:00:00+00:00,1529.69995,1546.18994,1526.71997,1537.91003
2020-03-18 00:00:00+00:00,1537.94995,1539.52002,1527.93994,1532.51001
2020-03-18 04:00:00+00:00,1532.32996,1532.97998,1495.13,1498.069946
2020-03-18 08:00:00+00:00,1497.16003,1517.089966,1487.55005,1517.089966
2020-03-18 12:00:00+00:00,1516.56995,1522.33997,1485.59998,1492.56006
2020-03-18 16:00:00+00:00,1492.58997,1502.85999,1473.23999,1495.099976
2020-03-18 20:00:00+00:00,1494.96997,1500.80005,1475.37,1498.31006
2020-03-19 00:00:00+00:00,1498.33997,1498.81006,1465.28003,1469.59998
2020-03-19 04:00:00+00:00,1469.47998,1496.39001,1464.30005,1483.43005
2020-03-19 08:00:00+00:00,1484.29004,1489.21997,1471.38,1474.65002
2020-03-19 12:00:00+00:00,1474.17004,1493.32996,1465.079956,1480.23999
2020-03-19 16:00:00+00:00,1480.44995,1480.85999,1466.40002,1468.77002
2020-03-19 20:00:00+00:00,1467.96997,1474.59998,1460.0,1471.18005
2020-03-20 00:00:00+00:00,1471.56995,1486.59998,1471.16003,1483.56995
2020-03-20 04:00:00+00:00,1483.81995,1511.030029,1480.70996,1510.23999
2020-03-20 08:00:00+00:00,1510.40002,1515.69995,1501.53003,1504.040039
2020-03-20 12:00:00+00:00,1503.48999,1506.81006,1486.23999,1490.079956
2020-03-20 16:00:00+00:00,1490.26001,1493.43005,1479.72998,1492.040039
2020-03-20 20:00:00+00:00,1489.48999,1500.29004,1486.81995,1498.67004
2020-03-22 20:00:00+00:00,1504.16003,1508.089966,1484.64001,1492.64001
2020-03-23 00:00:00+00:00,1491.73999,1501.38,1486.48999,1493.78003
2020-03-23 04:00:00+00:00,1493.66003,1495.87,1485.37,1490.26001
2020-03-23 08:00:00+00:00,1490.41003,1495.099976,1487.10999,1494.53003
2020-03-23 12:00:00+00:00,1494.39001,1543.71997,1494.39001,1543.26001
2020-03-23 16:00:00+00:00,1543.02002,1561.37,1541.18005,1553.66003
2020-03-23 20:00:00+00:00,1553.92004,1567.71997,1551.46997,1567.25
2020-03-24 00:00:00+00:00,1567.21997,1584.84998,1561.55005,1572.040039
2020-03-24 04:00:00+00:00,1572.030029,1578.52002,1559.62,1574.089966
2020-03-24 08:00:00+00:00,1575.25,1611.41003,1572.16003,1604.81006
2020-03-24 12:00:00+00:00,1604.66003,1620.5,1583.93994,1619.46997
2020-03-24 16:00:00+00:00,1620.099976,1636.099976,1606.85999,1629.44995
2020-03-24 20:00:00+00:00,1627.5,1638.28003,1603.29004,1634.33997
2020-03-25 00:00:00+00:00,1634.51001,1635.62,1607.98999,1616.56995
2020-03-25 04:00:00+00:00,1616.60999,1620.68994,1601.21997,1606.78003
2020-03-25 08:00:00+00:00,1606.17004,1627.54004,1598.81006,1607.43005
2020-03-25 12:00:00+00:00,1610.44995,1620.88,1603.22998,1614.25
2020-03-25 16:00:00+00:00,1614.59998,1617.23999,1608.70996,1608.79004
2020-03-25 20:00:00+00:00,1608.76001,1617.60999,1608.46997,1611.19995
2020-03-26 00:00:00+00:00,1611.089966,1612.57996,1598.87,1607.30005
2020-03-26 04:00:00+00:00,1607.0,1607.46997,1598.23999,1603.85999
2020-03-26 08:00:00+00:00,1604.84998,1623.40002,1603.030029,1620.29004
2020-03-26 12:00:00+00:00,1620.55005,1638.94995,1618.15002,1629.43994
2020-03-26 16:00:00+00:00,1628.34998,1643.92004,1616.31995,1626.079956
2020-03-27 08:00:00+00:00,1617.68005,1625.43005,1614.62,1618.48999
2020-03-27 12:00:00+00:00,1618.51001,1629.16003,1617.089966,1625.55005
2020-03-27 16:00:00+00:00,1624.56006,1630.95996,1620.44995,1621.46997
2020-03-27 20:00:00+00:00,1620.01001,1630.90002,1619.93994,1630.79004
2020-03-29 20:00:00+00:00,1639.02002,1639.02002,1614.83997,1628.37
2020-03-30 00:00:00+00:00,1627.85999,1629.93005,1614.82996,1619.050049
2020-03-30 04:00:00+00:00,1618.48999,1620.83997,1613.030029,1620.43005
2020-03-30 08:00:00+00:00,1620.25,1627.97998,1619.14001,1621.32996
2020-03-30 12:00:00+00:00,1622.060059,1624.13,1616.64001,1620.25
2020-03-30 16:00:00+00:00,1620.51001,1623.040039,1612.069946,1622.12
2020-03-30 20:00:00+00:00,1623.030029,1623.26001,1615.18994,1616.93005
2020-03-31 00:00:00+00:00,1616.71997,1619.10999,1611.13,1615.18005
2020-03-31 04:00:00+00:00,1614.90002,1618.81995,1613.56995,1615.63
2020-03-31 08:00:00+00:00,1615.89001,1616.31006,1595.099976,1601.77002
2020-03-31 12:00:00+00:00,1602.31995,1613.63,1602.31995,1609.68994
2020-03-31 16:00:00+00:00,1609.54004,1609.55005,1576.85999,1577.01001
2020-03-31 20:00:00+00:00,1576.53003,1579.91003,1570.069946,1578.78003
2020-04-01 00:00:00+00:00,1579.31995,1584.88,1577.38,1584.41003
2020-04-01 04:00:00+00:00,1584.62,1590.57996,1584.52002,1587.82996
2020-04-01 08:00:00+00:00,1594.81006,1594.98999,1588.12,1588.38
2020-04-01 12:00:00+00:00,1588.43005,1593.76001,1573.040039,1593.069946
2020-04-01 16:00:00+00:00,1593.069946,1594.43005,1578.62,1589.84998
2020-04-01 20:00:00+00:00,1589.25,1596.050049,1587.43005,1592.47998
2020-04-02 00:00:00+00:00,1591.93005,1593.48999,1583.12,1585.56995
2020-04-02 04:00:00+00:00,1585.73999,1599.53003,1583.64001,1592.73999
2020-04-02 08:00:00+00:00,1592.41003,1595.97998,1586.01001,1595.89001
2020-04-02 12:00:00+00:00,1595.93994,1614.21997,1595.70996,1607.48999
2020-04-02 16:00:00+00:00,1608.89001,1620.69995,1606.94995,1614.42004
2020-04-02 20:00:00+00:00,1614.60999,1618.55005,1610.30005,1613.53003
2020-04-03 00:00:00+00:00,1613.28003,1614.71997,1609.40002,1614.079956
2020-04-03 04:00:00+00:00,1614.099976,1616.88,1607.48999,1615.37
2020-04-03 08:00:00+00:00,1616.050049,1619.81006,1608.21997,1619.18005
2020-04-03 12:00:00+00:00,1620.94995,1621.66003,1606.73999,1615.27002
2020-04-03 16:00:00+00:00,1616.060059,1626.23999,1615.089966,1622.050049
2020-04-03 20:00:00+00:00,1623.34998,1623.34998,1615.83997,1618.12
2020-04-05 21:00:00+00:00,1618.18005,1621.73999,1609.55005,1619.33997
2020-04-06 01:00:00+00:00,1619.060059,1620.75,1616.94995,1618.26001
2020-04-06 05:00:00+00:00,1618.23999,1636.26001,1616.41003,1635.66003
2020-04-06 09:00:00+00:00,1636.62,1644.96997,1632.12,1642.72998
2020-04-06 13:00:00+00:00,1642.66003,1652.38,1637.44995,1651.81006
2020-04-06 17:00:00+00:00,1652.39001,1669.76001,1651.80005,1662.70996
2020-04-06 21:00:00+00:00,1662.53003,1673.55005,1660.67004,1663.56006
2020-04-07 01:00:00+00:00,1664.64001,1665.21997,1654.95996,1659.71997
2020-04-07 05:00:00+00:00,1659.60999,1668.98999,1645.82996,1656.81006
2020-04-07 09:00:00+00:00,1657.43005,1662.26001,1649.84998,1655.76001
2020-04-07 13:00:00+00:00,1656.93005,1658.51001,1643.53003,1651.78003
2020-04-07 17:00:00+00:00,1652.18005,1658.78003,1643.27002,1648.18994
2020-04-07 21:00:00+00:00,1648.73999,1649.62,1643.47998,1644.63
2020-04-08 01:00:00+00:00,1644.19995,1650.92004,1643.42004,1649.95996
2020-04-08 05:00:00+00:00,1649.94995,1655.069946,1643.91003,1649.89001
2020-04-08 09:00:00+00:00,1649.51001,1654.18994,1643.18994,1651.41003
2020-04-08 13:00:00+00:00,1651.26001,1656.76001,1643.85999,1650.33997
2020-04-08 17:00:00+00:00,1650.050049,1653.84998,1644.37,1645.12
2020-04-08 21:00:00+00:00,1645.44995,1648.46997,1643.56995,1647.94995
2020-04-09 01:00:00+00:00,1648.069946,1649.69995,1647.050049,1648.78003
2020-04-09 05:00:00+00:00,1648.79004,1661.43005,1647.69995,1658.81995
2020-04-09 09:00:00+00:00,1658.39001,1671.70996,1655.37,1671.56995
2020-04-09 13:00:00+00:00,1673.92004,1687.33997,1671.55005,1684.44995
2020-04-09 17:00:00+00:00,1683.71997,1690.46997,1675.43005,1683.57996
2020-04-12 21:00:00+00:00,1684.81006,1691.90002,1676.31995,1686.81006
2020-04-13 01:00:00+00:00,1686.64001,1687.39001,1679.71997,1684.91003
2020-04-13 05:00:00+00:00,1684.96997,1692.92004,1682.38,1690.90002
2020-04-13 09:00:00+00:00,1691.12,1695.41003,1687.82996,1690.83997
2020-04-13 13:00:00+00:00,1690.93005,1715.76001,1687.18005,1714.050049
2020-04-13 17:00:00+00:00,1714.58997,1723.82996,1712.23999,1713.87
2020-04-13 21:00:00+00:00,1712.67004,1722.28003,1712.58997,1716.78003
2020-04-14 01:00:00+00:00,1716.099976,1725.43005,1713.84998,1717.050049
2020-04-14 05:00:00+00:00,1717.12,1727.48999,1709.56995,1719.60999
2020-04-14 09:00:00+00:00,1719.55005,1731.23999,1716.83997,1730.37
2020-04-14 13:00:00+00:00,1730.51001,1746.98999,1725.94995,1734.55005
2020-04-14 17:00:00+00:00,1734.40002,1739.56995,1721.56995,1726.67004
2020-04-14 21:00:00+00:00,1728.78003,1731.23999,1722.68005,1728.80005
2020-04-15 01:00:00+00:00,1728.59998,1731.089966,1720.62,1724.030029
2020-04-15 05:00:00+00:00,1724.030029,1727.47998,1708.23999,1712.94995
2020-04-15 09:00:00+00:00,1712.96997,1725.47998,1710.51001,1716.38
2020-04-15 13:00:00+00:00,1716.30005,1726.91003,1709.38,1715.089966
2020-04-15 17:00:00+00:00,1714.040039,1724.10999,1711.90002,1715.85999
2020-04-15 21:00:00+00:00,1717.15002,1720.18994,1713.41003,1717.37
2020-04-16 01:00:00+00:00,1717.71997,1719.17004,1712.26001,1714.98999
2020-04-16 05:00:00+00:00,1715.13,1725.39001,1714.22998,1723.19995
2020-04-16 09:00:00+00:00,1723.26001,1738.68005,1719.98999,1724.68005
2020-04-16 13:00:00+00:00,1725.30005,1733.94995,1708.51001,1713.079956
2020-04-16 17:00:00+00:00,1712.91003,1719.76001,1708.68005,1718.60999
2020-04-16 21:00:00+00:00,1717.68005,1718.26001,1703.079956,1717.60999
2020-04-17 01:00:00+00:00,1718.01001,1718.30005,1702.41003,1708.26001
2020-04-17 05:00:00+00:00,1708.069946,1708.92004,1686.42004,1696.19995
2020-04-17 09:00:00+00:00,1697.16003,1699.34998,1683.64001,1693.93005
2020-04-17 13:00:00+00:00,1694.55005,1701.73999,1684.28003,1687.87
2020-04-17 17:00:00+00:00,1687.13,1688.38,1680.71997,1683.76001
2020-04-19 21:00:00+00:00,1682.43994,1684.23999,1671.94995,1675.78003
2020-04-20 01:00:00+00:00,1675.069946,1683.44995,1674.22998,1681.63
2020-04-20 05:00:00+00:00,1681.60999,1684.81995,1673.58997,1679.33997
2020-04-20 09:00:00+00:00,1679.31995,1689.76001,1675.5,1686.39001
2020-04-20 13:00:00+00:00,1685.68994,1702.57996,1681.42004,1694.96997
2020-04-20 17:00:00+00:00,1694.37,1698.53003,1686.030029,1696.38
2020-04-20 21:00:00+00:00,1696.80005,1696.88,1688.55005,1689.72998
2020-04-21 01:00:00+00:00,1690.050049,1691.53003,1686.78003,1686.87
2020-04-21 05:00:00+00:00,1686.91003,1697.81995,1686.53003,1693.78003
2020-04-21 09:00:00+00:00,1693.66003,1694.13,1661.62,1666.43994
2020-04-21 13:00:00+00:00,1665.47998,1691.30005,1663.63,1673.14001
2020-04-21 17:00:00+00:00,1673.37,1687.80005,1671.68005,1686.76001
2020-04-21 21:00:00+00:00,1686.69995,1690.060059,1684.21997,1687.48999
2020-04-22 01:00:00+00:00,1687.56006,1691.33997,1681.13,1685.68005
2020-04-22 05:00:00+00:00,1685.51001,1698.90002,1681.20996,1697.39001
2020-04-22 09:00:00+00:00,1696.55005,1709.87,1694.14001,1707.51001
2020-04-22 13:00:00+00:00,1706.84998,1715.93005,1702.34998,1712.91003
2020-04-22 17:00:00+00:00,1713.58997,1718.66003,1712.58997,1713.92004
2020-04-22 21:00:00+00:00,1713.72998,1715.43005,1710.31006,1712.75
2020-04-23 09:00:00+00:00,1729.51001,1732.33997,1722.39001,1723.93005
2020-04-23 13:00:00+00:00,1724.43994,1738.88,1722.12,1726.01001
2020-04-23 17:00:00+00:00,1725.83997,1735.39001,1721.23999,1731.56995
2020-04-23 21:00:00+00:00,1730.95996,1730.95996,1723.23999,1723.71997
2020-04-24 01:00:00+00:00,1722.76001,1726.10999,1721.93005,1724.37
2020-04-24 05:00:00+00:00,1724.28003,1731.28003,1721.46997,1730.040039
2020-04-24 09:00:00+00:00,1730.22998,1736.26001,1727.41003,1731.66003
2020-04-24 13:00:00+00:00,1731.64001,1735.69995,1710.69995,1719.66003
2020-04-24 17:00:00+00:00,1718.96997,1728.68005,1717.02002,1728.63
2020-04-26 21:00:00+00:00,1728.089966,1728.51001,1719.65002,1724.069946
2020-04-27 01:00:00+00:00,1724.55005,1725.41003,1720.78003,1720.88
2020-04-27 05:00:00+00:00,1720.58997,1723.85999,1713.51001,1722.48999
2020-04-27 09:00:00+00:00,1722.31995,1722.66003,1713.050049,1719.55005
2020-04-27 13:00:00+00:00,1719.83997,1722.28003,1706.33997,1711.96997
2020-04-27 17:00:00+00:00,1712.13,1718.18005,1709.91003,1714.19995
2020-04-27 21:00:00+00:00,1712.51001,1714.85999,1705.27002,1707.88
2020-04-28 01:00:00+00:00,1707.52002,1707.81006,1696.10999,1697.73999
2020-04-28 05:00:00+00:00,1697.66003,1704.14001,1692.94995,1701.98999
2020-04-28 09:00:00+00:00,1702.55005,1714.16003,1701.51001,1710.93994
2020-04-28 13:00:00+00:00,1710.76001,1713.19995,1694.18005,1705.56006
2020-04-28 17:00:00+00:00,1705.68005,1710.53003,1702.71997,1708.95996
2020-04-28 21:00:00+00:00,1708.21997,1708.62,1703.83997,1706.48999
2020-04-29 01:00:00+00:00,1706.59998,1712.23999,1706.43005,1710.33997
2020-04-29 05:00:00+00:00,1710.21997,1713.01001,1702.98999,1705.050049
2020-04-29 09:00:00+00:00,1704.71997,1712.21997,1701.44995,1704.98999
2020-04-29 13:00:00+00:00,1705.46997,1706.43005,1699.069946,1700.38
2020-04-29 17:00:00+00:00,1700.13,1717.14001,1699.0,1712.19995
2020-04-29 21:00:00+00:00,1713.38,1716.050049,1709.88,1711.90002
2020-04-30 01:00:00+00:00,1712.62,1713.48999,1709.35999,1711.91003
2020-04-30 05:00:00+00:00,1712.050049,1721.58997,1711.060059,1716.81995
2020-04-30 09:00:00+00:00,1717.069946,1719.75,1696.96997,1706.88
2020-04-30 13:00:00+00:00,1707.069946,1708.69995,1682.66003,1687.60999
2020-04-30 17:00:00+00:00,1687.81006,1690.80005,1681.71997,1686.80005
2020-04-30 21:00:00+00:00,1687.14001,1689.59998,1682.31995,1688.069946
2020-05-01 01:00:00+00:00,1687.80005,1690.38,1685.18005,1687.62
2020-05-01 05:00:00+00:00,1687.59998,1687.66003,1671.23999,1672.56995
2020-05-01 09:00:00+00:00,1672.68005,1685.60999,1672.31006,1678.94995
2020-05-01 13:00:00+00:00,1680.37,1699.25,1677.81995,1698.60999
2020-05-01 17:00:00+00:00,1697.88,1705.72998,1692.75,1700.41003
2020-05-03 21:00:00+00:00,1702.069946,1702.18005,1692.95996,1696.52002
2020-05-04 01:00:00+00:00,1696.060059,1701.44995,1696.030029,1698.19995
2020-05-04 05:00:00+00:00,1698.51001,1706.68005,1697.050049,1705.58997
2020-05-04 09:00:00+00:00,1705.23999,1711.77002,1696.76001,1701.68005
2020-05-04 13:00:00+00:00,1701.48999,1710.31995,1697.97998,1705.56006
2020-05-04 17:00:00+00:00,1706.46997,1708.64001,1701.16003,1701.31995
2020-05-04 21:00:00+00:00,1701.18994,1703.97998,1698.72998,1699.43994
2020-05-05 01:00:00+00:00,1699.31995,1700.80005,1696.90002,1699.20996
2020-05-05 05:00:00+00:00,1699.22998,1708.51001,1692.23999,1699.47998
2020-05-05 09:00:00+00:00,1700.089966,1700.55005,1695.079956,1696.41003
2020-05-05 13:00:00+00:00,1696.02002,1704.63,1694.73999,1702.20996
2020-05-05 17:00:00+00:00,1702.70996,1711.92004,1702.089966,1705.78003
2020-05-05 21:00:00+00:00,1705.85999,1706.57996,1701.030029,1701.81995
2020-05-06 01:00:00+00:00,1701.77002,1707.75,1700.93005,1703.34998
2020-05-06 05:00:00+00:00,1703.23999,1708.030029,1700.76001,1703.31006
2020-05-06 09:00:00+00:00,1704.21997,1705.56006,1694.84998,1697.14001
2020-05-06 13:00:00+00:00,1697.18005,1697.84998,1682.31995,1686.51001
2020-05-06 17:00:00+00:00,1686.69995,1691.030029,1683.26001,1685.62
2020-05-06 21:00:00+00:00,1686.88,1694.040039,1685.030029,1693.079956
2020-05-07 01:00:00+00:00,1693.040039,1693.28003,1689.98999,1692.069946
2020-05-07 05:00:00+00:00,1692.030029,1693.66003,1684.66003,1692.35999
2020-05-07 09:00:00+00:00,1691.58997,1699.42004,1691.089966,1698.01001
2020-05-07 13:00:00+00:00,1698.43005,1716.38,1694.22998,1715.67004
2020-05-07 17:00:00+00:00,1715.73999,1722.23999,1713.94995,1716.41003
2020-05-07 21:00:00+00:00,1717.01001,1717.67004,1711.63,1715.16003
2020-05-08 01:00:00+00:00,1714.77002,1720.88,1714.01001,1716.040039
2020-05-08 05:00:00+00:00,1715.80005,1721.71997,1715.079956,1719.94995
2020-05-08 09:00:00+00:00,1719.93005,1723.38,1708.10999,1711.38
2020-05-08 13:00:00+00:00,1712.19995,1721.60999,1708.80005,1709.97998
2020-05-08 17:00:00+00:00,1710.26001,1711.18005,1701.58997,1702.79004
2020-05-10 21:00:00+00:00,1701.43005,1707.85999,1701.43005,1704.98999
2020-05-11 01:00:00+00:00,1704.71997,1712.23999,1703.44995,1705.02002
2020-05-11 05:00:00+00:00,1705.77002,1709.71997,1702.53003,1704.069946
2020-05-11 09:00:00+00:00,1703.67004,1707.78003,1694.089966,1706.70996
2020-05-11 13:00:00+00:00,1705.69995,1708.57996,1692.62,1696.75
2020-05-11 17:00:00+00:00,1697.25,1699.43005,1693.87,1697.23999
2020-05-11 21:00:00+00:00,1698.15002,1699.13,1693.87,1696.76001
2020-05-12 01:00:00+00:00,1696.69995,1701.73999,1695.38,1700.16003
2020-05-12 05:00:00+00:00,1700.31006,1706.59998,1698.34998,1705.16003
2020-05-12 09:00:00+00:00,1705.16003,1707.0,1699.089966,1701.15002
2020-05-12 13:00:00+00:00,1701.46997,1710.88,1700.55005,1702.68005
2020-05-12 17:00:00+00:00,1702.69995,1705.16003,1698.40002,1702.71997
2020-05-12 21:00:00+00:00,1702.38,1706.050049,1701.050049,1705.80005
2020-05-13 01:00:00+00:00,1705.62,1706.55005,1700.51001,1703.57996
2020-05-13 05:00:00+00:00,1703.43005,1706.14001,1699.75,1702.030029
2020-05-13 09:00:00+00:00,1702.30005,1713.18005,1699.85999,1712.0
2020-05-13 13:00:00+00:00,1712.88,1718.15002,1705.31995,1712.44995
2020-05-13 17:00:00+00:00,1712.31995,1718.31006,1709.80005,1716.62
2020-05-13 21:00:00+00:00,1716.84998,1719.58997,1715.48999,1717.39001
2020-05-14 01:00:00+00:00,1716.94995,1717.050049,1711.38,1712.050049
2020-05-14 05:00:00+00:00,1712.040039,1719.40002,1712.0,1718.46997
2020-05-14 09:00:00+00:00,1717.96997,1719.44995,1712.12,1717.53003
2020-05-14 13:00:00+00:00,1716.63,1736.33997,1714.030029,1732.19995
2020-05-14 17:00:00+00:00,1731.56006,1734.51001,1728.88,1730.52002
2020-05-14 21:00:00+00:00,1730.68005,1734.23999,1729.52002,1729.71997
2020-05-15 01:00:00+00:00,1729.31995,1734.34998,1728.93994,1730.76001
2020-05-15 05:00:00+00:00,1731.01001,1738.76001,1730.57996,1735.76001
2020-05-15 09:00:00+00:00,1735.42004,1744.81995,1730.68005,1743.12
2020-05-15 13:00:00+00:00,1743.18994,1750.17004,1734.94995,1748.98999
2020-05-15 17:00:00+00:00,1749.01001,1751.54004,1740.16003,1742.37
2020-05-17 21:00:00+00:00,1745.89001,1759.84998,1744.18005,1755.099976
2020-05-18 01:00:00+00:00,1755.14001,1763.68005,1754.21997,1760.71997
2020-05-18 05:00:00+00:00,1760.56995,1764.78003,1759.26001,1761.85999
2020-05-18 09:00:00+00:00,1762.16003,1765.060059,1748.81995,1749.57996
2020-05-18 13:00:00+00:00,1749.10999,1751.55005,1728.32996,1730.96997
2020-05-18 17:00:00+00:00,1731.01001,1735.069946,1728.53003,1732.62
2020-05-18 21:00:00+00:00,1733.01001,1737.68005,1732.050049,1737.68005
2020-05-19 01:00:00+00:00,1737.30005,1740.35999,1735.18005,1736.18994
2020-05-19 05:00:00+00:00,1735.53003,1738.39001,1726.88,1736.69995
2020-05-19 09:00:00+00:00,1736.64001,1738.71997,1731.63,1734.88
2020-05-19 13:00:00+00:00,1735.48999,1745.73999,1734.16003,1742.16003
2020-05-19 17:00:00+00:00,1742.26001,1747.71997,1740.81995,1744.53003
2020-05-19 21:00:00+00:00,1745.089966,1746.66003,1743.69995,1745.10999
2020-05-20 01:00:00+00:00,1745.01001,1750.93005,1745.01001,1747.21997
2020-05-20 05:00:00+00:00,1747.16003,1752.46997,1746.65002,1748.55005
2020-05-20 09:00:00+00:00,1748.69995,1753.5,1743.050049,1747.040039
2020-05-20 13:00:00+00:00,1747.38,1752.050049,1743.39001,1747.96997
2020-05-20 17:00:00+00:00,1747.71997,1753.91003,1746.23999,1747.78003
2020-05-20 21:00:00+00:00,1748.70996,1748.85999,1745.64001,1745.97998
2020-05-21 01:00:00+00:00,1745.51001,1745.93005,1738.71997,1742.66003
2020-05-21 05:00:00+00:00,1742.28003,1743.62,1731.88,1734.18994
2020-05-21 09:00:00+00:00,1734.44995,1741.72998,1731.32996,1736.96997
2020-05-21 13:00:00+00:00,1737.13,1738.73999,1717.59998,1724.71997
2020-05-21 17:00:00+00:00,1724.33997,1727.58997,1721.48999,1727.27002
2020-05-21 21:00:00+00:00,1726.69995,1729.18005,1725.47998,1728.78003
2020-05-22 01:00:00+00:00,1728.72998,1730.51001,1724.5,1726.21997
2020-05-22 05:00:00+00:00,1726.40002,1739.55005,1726.34998,1736.85999
2020-05-22 09:00:00+00:00,1736.93005,1738.41003,1727.92004,1734.18005
2020-05-22 13:00:00+00:00,1734.87,1737.84998,1730.46997,1735.87
2020-05-22 17:00:00+00:00,1735.55005,1736.58997,1733.079956,1734.59998
2020-05-24 21:00:00+00:00,1735.92004,1735.92004,1728.13,1729.19995
2020-05-25 01:00:00+00:00,1729.26001,1729.37,1726.34998,1726.80005
2020-05-25 05:00:00+00:00,1726.66003,1730.53003,1723.98999,1728.73999
2020-05-25 09:00:00+00:00,1729.069946,1730.78003,1727.14001,1728.37
2020-05-25 13:00:00+00:00,1728.43005,1732.83997,1722.72998,1729.079956
2020-05-25 21:00:00+00:00,1728.93005,1731.63,1725.88,1731.51001
2020-05-26 01:00:00+00:00,1731.66003,1735.30005,1730.88,1732.13
2020-05-26 05:00:00+00:00,1732.19995,1734.55005,1725.31995,1725.68005
2020-05-26 09:00:00+00:00,1725.35999,1729.21997,1720.44995,1725.76001
2020-05-26 13:00:00+00:00,1726.069946,1728.38,1709.33997,1712.38
2020-05-26 17:00:00+00:00,1712.30005,1714.46997,1709.27002,1711.050049
2020-05-26 21:00:00+00:00,1710.32996,1713.88,1709.18005,1713.32996
2020-05-27 01:00:00+00:00,1713.39001,1715.87,1705.38,1705.81995
2020-05-27 05:00:00+00:00,1706.41003,1710.31995,1704.91003,1705.43994
2020-05-27 09:00:00+00:00,1705.66003,1708.85999,1698.69995,1699.55005
2020-05-27 13:00:00+00:00,1699.80005,1708.85999,1693.95996,1708.28003
2020-05-27 17:00:00+00:00,1708.089966,1714.94995,1708.089966,1709.38
2020-05-27 21:00:00+00:00,1711.48999,1712.92004,1707.73999,1710.43994
2020-05-28 01:00:00+00:00,1710.56995,1716.52002,1709.53003,1716.39001
2020-05-28 05:00:00+00:00,1716.43005,1722.050049,1715.62,1720.44995
2020-05-28 09:00:00+00:00,1720.29004,1726.18005,1719.81006,1722.87
2020-05-28 13:00:00+00:00,1722.51001,1727.30005,1718.83997,1720.15002
2020-05-28 17:00:00+00:00,1720.26001,1720.80005,1711.57996,1718.60999
2020-05-28 21:00:00+00:00,1718.30005,1722.089966,1717.60999,1718.53003
2020-05-29 01:00:00+00:00,1718.95996,1722.5,1713.069946,1721.83997
2020-05-29 05:00:00+00:00,1721.93005,1726.71997,1717.19995,1726.12
2020-05-29 09:00:00+00:00,1726.26001,1732.62,1724.21997,1730.97998
2020-05-29 13:00:00+00:00,1730.78003,1736.030029,1726.43005,1733.79004
2020-05-29 17:00:00+00:00,1733.80005,1737.34998,1728.0,1729.69995
2020-05-31 21:00:00+00:00,1736.96997,1740.26001,1733.069946,1735.18994
2020-06-01 01:00:00+00:00,1735.34998,1743.23999,1732.64001,1741.76001
2020-06-01 05:00:00+00:00,1741.68005,1744.56006,1735.10999,1736.62
2020-06-01 09:00:00+00:00,1736.43994,1738.51001,1729.83997,1733.27002
2020-06-01 13:00:00+00:00,1732.98999,1741.62,1728.40002,1738.85999
2020-06-01 17:00:00+00:00,1738.95996,1740.68005,1735.18005,1739.89001
2020-06-01 21:00:00+00:00,1738.88,1743.35999,1737.73999,1740.28003
2020-06-02 01:00:00+00:00,1740.26001,1742.30005,1736.030029,1736.59998
2020-06-02 05:00:00+00:00,1736.33997,1740.12,1735.10999,1738.69995
2020-06-02 09:00:00+00:00,1738.71997,1742.13,1737.02002,1741.73999
2020-06-02 13:00:00+00:00,1741.51001,1745.079956,1722.0,1724.95996
2020-06-02 17:00:00+00:00,1724.81995,1729.39001,1724.21997,1727.83997
2020-06-02 21:00:00+00:00,1727.37,1731.78003,1721.94995,1725.43994
2020-06-03 01:00:00+00:00,1725.35999,1729.47998,1724.93005,1726.18005
2020-06-03 05:00:00+00:00,1726.58997,1726.68994,1713.53003,1717.54004
2020-06-03 09:00:00+00:00,1717.43005,1726.030029,1706.55005,1709.40002
2020-06-03 13:00:00+00:00,1709.33997,1711.55005,1689.69995,1698.81995
2020-06-03 17:00:00+00:00,1698.98999,1700.62,1694.35999,1699.060059
2020-06-03 21:00:00+00:00,1699.10999,1701.32996,1697.19995,1700.20996
2020-06-04 01:00:00+00:00,1700.70996,1705.40002,1697.87,1704.22998
2020-06-04 05:00:00+00:00,1704.21997,1705.32996,1698.13,1704.91003
2020-06-04 09:00:00+00:00,1704.93005,1718.44995,1704.69995,1716.98999
2020-06-04 13:00:00+00:00,1716.97998,1718.02002,1700.58997,1717.13
2020-06-04 17:00:00+00:00,1717.040039,1721.5,1712.5,1714.15002
2020-06-04 21:00:00+00:00,1714.42004,1716.31995,1712.34998,1714.16003
2020-06-05 01:00:00+00:00,1714.17004,1715.83997,1707.31006,1708.94995
2020-06-05 05:00:00+00:00,1708.83997,1713.43994,1707.30005,1711.38
2020-06-05 09:00:00+00:00,1711.41003,1711.77002,1683.0,1687.51001
2020-06-05 13:00:00+00:00,1687.29004,1691.46997,1670.97998,1682.20996
2020-06-05 17:00:00+00:00,1682.26001,1686.01001,1679.099976,1685.18005
2020-06-07 21:00:00+00:00,1684.030029,1685.26001,1677.67004,1682.37
2020-06-08 01:00:00+00:00,1682.31006,1689.95996,1681.96997,1689.33997
2020-06-08 05:00:00+00:00,1689.19995,1697.45996,1687.30005,1693.40002
2020-06-08 09:00:00+00:00,1693.39001,1696.98999,1690.94995,1691.46997
2020-06-08 13:00:00+00:00,1691.44995,1698.76001,1686.35999,1697.60999
2020-06-08 17:00:00+00:00,1697.58997,1700.68994,1696.16003,1698.56995
2020-06-08 21:00:00+00:00,1698.48999,1701.050049,1696.31006,1700.58997
2020-06-09 01:00:00+00:00,1700.56006,1704.79004,1694.040039,1697.37
2020-06-09 05:00:00+00:00,1697.37,1707.01001,1692.48999,1705.85999
2020-06-09 09:00:00+00:00,1705.88,1717.93005,1704.76001,1716.52002
2020-06-09 13:00:00+00:00,1716.46997,1720.89001,1713.099976,1715.45996
2020-06-09 17:00:00+00:00,1715.38,1717.33997,1711.93005,1714.59998
2020-06-09 21:00:00+00:00,1714.22998,1717.26001,1712.39001,1716.63
2020-06-10 01:00:00+00:00,1716.53003,1718.65002,1714.92004,1716.42004
2020-06-10 05:00:00+00:00,1716.43005,1720.88,1715.93005,1719.70996
2020-06-10 09:00:00+00:00,1719.66003,1725.099976,1716.20996,1722.68994
2020-06-10 13:00:00+00:00,1722.81995,1727.18005,1713.52002,1714.38
2020-06-10 17:00:00+00:00,1714.48999,1739.89001,1708.20996,1738.33997
2020-06-10 21:00:00+00:00,1737.93005,1740.12,1734.56006,1735.21997
2020-06-11 01:00:00+00:00,1735.10999,1735.10999,1729.85999,1729.85999
2020-06-11 05:00:00+00:00,1729.90002,1737.38,1726.93994,1733.81006
2020-06-11 09:00:00+00:00,1733.69995,1734.63,1721.89001,1732.5
2020-06-11 13:00:00+00:00,1732.63,1744.83997,1726.38,1727.68994
2020-06-11 17:00:00+00:00,1726.97998,1735.15002,1723.41003,1727.56006
2020-06-11 21:00:00+00:00,1728.030029,1730.85999,1722.32996,1727.56006
2020-06-12 01:00:00+00:00,1727.60999,1729.53003,1723.58997,1728.19995
2020-06-12 05:00:00+00:00,1728.31995,1736.069946,1726.44995,1734.85999
2020-06-12 09:00:00+00:00,1734.87,1740.20996,1731.27002,1737.64001
2020-06-12 13:00:00+00:00,1737.68005,1743.10999,1730.77002,1733.77002
2020-06-12 17:00:00+00:00,1733.94995,1734.089966,1729.34998,1730.85999
2020-06-14 21:00:00+00:00,1734.92004,1734.92004,1728.35999,1732.21997
2020-06-15 01:00:00+00:00,1732.16003,1734.01001,1726.84998,1728.54004
2020-06-15 05:00:00+00:00,1728.68005,1728.92004,1715.56995,1720.89001
2020-06-15 09:00:00+00:00,1720.95996,1722.90002,1704.89001,1707.31995
2020-06-15 13:00:00+00:00,1707.53003,1722.80005,1704.33997,1721.41003
2020-06-15 17:00:00+00:00,1721.38,1728.28003,1719.83997,1725.050049
2020-06-15 21:00:00+00:00,1725.34998,1728.39001,1724.31995,1727.37
2020-06-16 01:00:00+00:00,1727.46997,1732.89001,1725.51001,1726.22998
2020-06-16 05:00:00+00:00,1726.21997,1732.83997,1721.96997,1729.53003
2020-06-16 09:00:00+00:00,1729.54004,1732.26001,1719.93005,1726.41003
2020-06-16 13:00:00+00:00,1726.52002,1730.25,1716.93005,1729.17004
2020-06-16 17:00:00+00:00,1729.16003,1730.64001,1724.23999,1726.51001
2020-06-16 21:00:00+00:00,1726.060059,1729.01001,1723.82996,1726.62
2020-06-17 01:00:00+00:00,1726.70996,1727.75,1722.80005,1726.089966
2020-06-17 05:00:00+00:00,1726.43005,1729.59998,1719.55005,1720.079956
2020-06-17 09:00:00+00:00,1720.13,1721.33997,1713.29004,1721.050049
2020-06-17 13:00:00+00:00,1721.23999,1729.089966,1721.089966,1726.78003
2020-06-17 17:00:00+00:00,1726.90002,1730.29004,1726.35999,1726.98999
2020-06-17 21:00:00+00:00,1726.43994,1730.069946,1725.66003,1728.050049
2020-06-18 01:00:00+00:00,1728.060059,1729.46997,1723.93994,1727.14001
2020-06-18 05:00:00+00:00,1727.15002,1733.97998,1724.76001,1733.28003
2020-06-18 09:00:00+00:00,1733.13,1737.41003,1718.21997,1725.44995
2020-06-18 13:00:00+00:00,1725.47998,1727.22998,1717.63,1723.33997
2020-06-18 17:00:00+00:00,1723.31995,1725.64001,1722.31995,1722.97998
2020-06-18 21:00:00+00:00,1723.01001,1724.53003,1721.58997,1723.91003
2020-06-19 01:00:00+00:00,1724.099976,1727.41003,1722.92004,1726.23999
2020-06-19 05:00:00+00:00,1726.26001,1732.94995,1726.040039,1730.30005
2020-06-19 09:00:00+00:00,1730.31995,1736.69995,1727.71997,1735.17004
2020-06-19 13:00:00+00:00,1735.13,1745.29004,1732.16003,1741.64001
2020-06-19 17:00:00+00:00,1741.62,1744.30005,1739.73999,1744.069946
2020-06-21 21:00:00+00:00,1752.31995,1752.31995,1743.94995,1748.63
2020-06-22 01:00:00+00:00,1748.77002,1758.69995,1746.72998,1752.66003
2020-06-22 05:00:00+00:00,1752.5,1753.94995,1743.17004,1749.27002
2020-06-22 09:00:00+00:00,1749.19995,1758.41003,1744.75,1756.48999
2020-06-22 13:00:00+00:00,1756.65002,1763.21997,1749.75,1755.18994
2020-06-22 17:00:00+00:00,1754.94995,1758.66003,1752.01001,1754.82996
2020-06-22 21:00:00+00:00,1754.62,1757.26001,1752.77002,1753.56995
2020-06-23 01:00:00+00:00,1753.57996,1760.41003,1747.94995,1752.83997
2020-06-23 05:00:00+00:00,1752.88,1757.94995,1747.67004,1756.46997
2020-06-23 09:00:00+00:00,1756.56006,1761.90002,1754.89001,1759.48999
2020-06-23 13:00:00+00:00,1759.38,1769.38,1758.39001,1765.57996
2020-06-23 17:00:00+00:00,1765.55005,1771.12,1765.030029,1768.33997
2020-06-23 21:00:00+00:00,1767.82996,1773.44995,1766.55005,1770.53003
2020-06-24 01:00:00+00:00,1770.39001,1773.28003,1766.76001,1769.12
2020-06-24 05:00:00+00:00,1769.050049,1775.43994,1765.58997,1775.21997
2020-06-24 09:00:00+00:00,1775.18994,1779.44995,1763.96997,1766.98999
2020-06-24 13:00:00+00:00,1766.94995,1776.12,1760.89001,1766.57996
2020-06-24 17:00:00+00:00,1766.58997,1768.53003,1760.68994,1760.70996
2020-06-24 21:00:00+00:00,1761.28003,1766.12,1755.48999,1764.51001
2020-06-25 01:00:00+00:00,1764.48999,1765.5,1758.63,1762.41003
2020-06-25 05:00:00+00:00,1762.40002,1769.01001,1759.54004,1762.96997
2020-06-25 09:00:00+00:00,1763.19995,1765.34998,1755.60999,1764.31006
2020-06-25 13:00:00+00:00,1764.10999,1766.66003,1757.56006,1763.17004
2020-06-25 17:00:00+00:00,1763.12,1764.43005,1761.0,1763.68005
2020-06-25 21:00:00+00:00,1763.93005,1766.37,1762.46997,1763.33997
2020-06-26 01:00:00+00:00,1763.34998,1763.63,1759.68005,1761.34998
2020-06-26 05:00:00+00:00,1761.26001,1766.81995,1758.089966,1764.31006
2020-06-26 09:00:00+00:00,1764.30005,1765.20996,1759.51001,1761.17004
2020-06-26 13:00:00+00:00,1761.18994,1769.23999,1747.67004,1767.72998
2020-06-26 17:00:00+00:00,1767.80005,1771.93005,1765.93005,1771.46997
2020-06-28 21:00:00+00:00,1775.38,1775.66003,1769.82996,1774.48999
2020-06-29 01:00:00+00:00,1774.64001,1774.98999,1767.85999,1774.099976
2020-06-29 05:00:00+00:00,1774.10999,1775.030029,1767.51001,1771.19995
2020-06-29 09:00:00+00:00,1771.19995,1773.44995,1765.88,1769.030029
2020-06-29 13:00:00+00:00,1769.46997,1774.13,1767.63,1770.02002
2020-06-29 17:00:00+00:00,1769.96997,1773.18994,1768.85999,1772.62
2020-06-29 21:00:00+00:00,1771.97998,1773.76001,1769.01001,1769.52002
2020-06-30 01:00:00+00:00,1769.43005,1772.28003,1768.93994,1771.38
2020-06-30 05:00:00+00:00,1771.31995,1773.90002,1769.38,1771.92004
2020-06-30 09:00:00+00:00,1771.93005,1771.96997,1765.19995,1769.18005
2020-06-30 13:00:00+00:00,1769.21997,1785.96997,1766.23999,1783.72998
2020-06-30 17:00:00+00:00,1783.70996,1784.30005,1779.66003,1780.48999
2020-06-30 21:00:00+00:00,1783.27002,1784.57996,1780.38,1780.81995
2020-07-01 01:00:00+00:00,1780.84998,1784.62,1780.83997,1783.050049
2020-07-01 05:00:00+00:00,1783.060059,1789.23999,1783.01001,1785.91003
2020-07-01 09:00:00+00:00,1786.069946,1788.81006,1776.10999,1779.70996
2020-07-01 13:00:00+00:00,1779.66003,1779.66003,1759.44995,1770.75
2020-07-01 17:00:00+00:00,1770.76001,1773.25,1766.68005,1770.40002
2020-07-01 21:00:00+00:00,1769.68994,1772.43005,1766.62,1768.85999
2020-07-02 01:00:00+00:00,1768.82996,1770.55005,1765.95996,1767.88
2020-07-02 05:00:00+00:00,1767.77002,1772.55005,1764.48999,1772.45996
2020-07-02 09:00:00+00:00,1772.44995,1774.050049,1760.51001,1760.51001
2020-07-02 13:00:00+00:00,1760.66003,1779.56995,1757.70996,1776.76001
2020-07-02 17:00:00+00:00,1776.73999,1778.33997,1774.66003,1775.37
2020-07-02 21:00:00+00:00,1776.12,1777.16003,1773.22998,1775.089966
2020-07-03 01:00:00+00:00,1775.069946,1777.13,1772.94995,1774.39001
2020-07-03 05:00:00+00:00,1774.40002,1777.02002,1772.80005,1776.18005
2020-07-03 09:00:00+00:00,1776.15002,1777.13,1774.099976,1775.55005
2020-07-03 13:00:00+00:00,1775.56995,1776.28003,1773.44995,1775.56995
2020-07-03 17:00:00+00:00,1775.98999,1775.98999,1775.98999,1775.98999
2020-07-05 21:00:00+00:00,1776.050049,1776.91003,1772.81995,1775.73999
2020-07-06 01:00:00+00:00,1775.75,1776.41003,1770.18005,1772.46997
2020-07-06 05:00:00+00:00,1772.46997,1777.98999,1772.31995,1776.96997
2020-07-06 09:00:00+00:00,1776.90002,1785.62,1774.39001,1783.37
2020-07-06 13:00:00+00:00,1783.43994,1787.12,1779.32996,1783.40002
2020-07-06 17:00:00+00:00,1783.42004,1787.060059,1782.94995,1784.18994
2020-07-06 21:00:00+00:00,1783.90002,1786.63,1783.51001,1785.76001
2020-07-07 01:00:00+00:00,1785.76001,1787.23999,1782.83997,1783.96997
2020-07-07 05:00:00+00:00,1783.96997,1785.17004,1775.050049,1778.30005
2020-07-07 09:00:00+00:00,1778.16003,1780.33997,1773.76001,1778.92004
2020-07-07 13:00:00+00:00,1778.65002,1796.70996,1778.52002,1796.12
2020-07-07 17:00:00+00:00,1796.13,1797.44995,1794.43994,1795.16003
2020-07-07 21:00:00+00:00,1795.54004,1796.57996,1792.73999,1793.58997
2020-07-08 01:00:00+00:00,1793.64001,1795.33997,1791.78003,1795.01001
2020-07-08 05:00:00+00:00,1794.96997,1800.64001,1792.68994,1799.68005
2020-07-08 09:00:00+00:00,1799.44995,1804.88,1798.68005,1803.80005
2020-07-08 13:00:00+00:00,1803.84998,1818.12,1803.84998,1812.66003
2020-07-08 17:00:00+00:00,1812.55005,1814.060059,1806.81006,1809.51001
2020-07-08 21:00:00+00:00,1809.31995,1810.75,1806.12,1807.069946
2020-07-09 01:00:00+00:00,1807.0,1812.089966,1806.43005,1811.81995
2020-07-09 05:00:00+00:00,1811.83997,1816.01001,1809.84998,1814.81995
2020-07-09 09:00:00+00:00,1814.80005,1815.33997,1805.23999,1811.46997
2020-07-09 13:00:00+00:00,1811.23999,1815.47998,1795.93994,1800.12
2020-07-09 17:00:00+00:00,1800.089966,1805.13,1798.51001,1803.55005
2020-07-09 21:00:00+00:00,1802.30005,1804.70996,1801.26001,1803.14001
2020-07-10 01:00:00+00:00,1803.060059,1804.16003,1799.5,1801.45996
2020-07-10 05:00:00+00:00,1801.44995,1805.48999,1796.050049,1805.18994
2020-07-10 09:00:00+00:00,1805.28003,1810.67004,1804.83997,1807.33997
2020-07-10 13:00:00+00:00,1807.40002,1810.21997,1794.32996,1794.65002
2020-07-10 17:00:00+00:00,1794.64001,1800.67004,1794.41003,1799.30005
2020-07-12 21:00:00+00:00,1800.16003,1801.90002,1798.20996,1801.14001
2020-07-13 01:00:00+00:00,1801.10999,1804.94995,1800.21997,1804.28003
2020-07-13 05:00:00+00:00,1804.32996,1808.60999,1804.099976,1807.72998
2020-07-13 09:00:00+00:00,1807.73999,1810.050049,1806.22998,1807.58997
2020-07-13 13:00:00+00:00,1807.089966,1813.57996,1802.33997,1809.89001
2020-07-13 17:00:00+00:00,1809.97998,1811.81995,1800.66003,1802.63
2020-07-13 21:00:00+00:00,1803.28003,1803.31995,1797.63,1797.63
2020-07-14 01:00:00+00:00,1797.28003,1799.72998,1796.050049,1798.46997
2020-07-14 05:00:00+00:00,1798.46997,1802.44995,1796.43005,1801.37
2020-07-14 09:00:00+00:00,1801.38,1805.41003,1791.14001,1801.42004
2020-07-14 13:00:00+00:00,1801.68994,1809.62,1795.35999,1809.069946
2020-07-14 17:00:00+00:00,1809.099976,1810.96997,1807.079956,1809.17004
2020-07-14 21:00:00+00:00,1809.12,1811.43994,1807.43005,1808.16003
2020-07-15 01:00:00+00:00,1808.10999,1810.26001,1806.030029,1806.050049
2020-07-15 05:00:00+00:00,1806.030029,1815.15002,1805.87,1812.68005
2020-07-15 09:00:00+00:00,1812.67004,1812.83997,1803.78003,1807.20996
2020-07-15 13:00:00+00:00,1807.069946,1813.31006,1802.64001,1812.62
2020-07-15 17:00:00+00:00,1812.58997,1812.85999,1810.12,1810.12
2020-07-15 21:00:00+00:00,1810.31006,1813.46997,1810.16003,1810.54004
2020-07-16 01:00:00+00:00,1810.17004,1811.43994,1808.31995,1811.25
2020-07-16 05:00:00+00:00,1811.099976,1811.099976,1804.76001,1806.73999
2020-07-16 09:00:00+00:00,1806.73999,1809.040039,1803.35999,1805.28003
2020-07-16 13:00:00+00:00,1805.35999,1808.85999,1801.050049,1801.23999
2020-07-16 17:00:00+00:00,1801.20996,1801.47998,1795.069946,1797.17004
2020-07-16 21:00:00+00:00,1797.71997,1799.38,1796.85999,1798.099976
2020-07-17 01:00:00+00:00,1798.18005,1799.58997,1796.01001,1798.64001
2020-07-17 05:00:00+00:00,1798.64001,1802.89001,1798.40002,1802.56995
2020-07-17 09:00:00+00:00,1802.62,1807.67004,1801.28003,1805.53003
2020-07-17 13:00:00+00:00,1805.51001,1811.95996,1805.30005,1807.89001
2020-07-17 17:00:00+00:00,1807.79004,1811.38,1807.55005,1810.56006
2020-07-19 21:00:00+00:00,1809.10999,1810.85999,1807.079956,1808.079956
2020-07-20 01:00:00+00:00,1808.19995,1808.97998,1805.85999,1808.97998
2020-07-20 05:00:00+00:00,1809.069946,1812.12,1807.68005,1812.030029
2020-07-20 09:00:00+00:00,1812.030029,1818.27002,1809.71997,1814.13
2020-07-20 13:00:00+00:00,1814.22998,1820.57996,1812.040039,1816.18005
2020-07-20 17:00:00+00:00,1816.12,1818.83997,1815.38,1817.63
2020-07-20 21:00:00+00:00,1817.89001,1818.83997,1816.56006,1816.77002
2020-07-21 01:00:00+00:00,1816.76001,1820.23999,1815.93005,1817.94995
2020-07-21 05:00:00+00:00,1817.95996,1824.57996,1817.39001,1824.030029
2020-07-21 09:00:00+00:00,1824.01001,1841.62,1822.53003,1839.32996
2020-07-21 13:00:00+00:00,1839.64001,1842.01001,1834.17004,1841.90002
2020-07-21 17:00:00+00:00,1841.91003,1843.57996,1839.0,1841.83997
2020-07-21 21:00:00+00:00,1841.53003,1847.53003,1841.22998,1843.60999
2020-07-22 01:00:00+00:00,1843.63,1865.87,1843.01001,1856.56995
2020-07-22 05:00:00+00:00,1856.46997,1861.16003,1846.64001,1846.64001
2020-07-22 09:00:00+00:00,1846.66003,1863.18005,1846.51001,1855.20996
2020-07-22 13:00:00+00:00,1854.94995,1870.39001,1847.75,1865.10999
2020-07-22 17:00:00+00:00,1865.10999,1872.23999,1863.040039,1871.94995
2020-07-22 21:00:00+00:00,1872.69995,1876.63,1867.83997,1873.069946
2020-07-23 01:00:00+00:00,1873.050049,1873.050049,1863.77002,1868.56995
2020-07-23 05:00:00+00:00,1868.62,1888.76001,1868.069946,1882.45996
2020-07-23 09:00:00+00:00,1882.16003,1884.40002,1872.030029,1872.19995
2020-07-23 13:00:00+00:00,1872.089966,1898.39001,1870.13,1893.82996
2020-07-23 17:00:00+00:00,1893.81995,1894.93994,1879.23999,1887.51001
2020-07-23 21:00:00+00:00,1887.32996,1890.68005,1881.68005,1887.16003
2020-07-24 01:00:00+00:00,1887.34998,1890.30005,1883.59998,1886.62
2020-07-24 05:00:00+00:00,1886.58997,1897.95996,1882.43005,1895.56995
2020-07-24 09:00:00+00:00,1895.53003,1897.26001,1887.40002,1896.94995
2020-07-24 13:00:00+00:00,1896.80005,1906.68005,1895.16003,1900.58997
2020-07-24 17:00:00+00:00,1900.56006,1902.78003,1899.56995,1901.15002
2020-07-26 21:00:00+00:00,1902.63,1918.59998,1900.050049,1915.31995
2020-07-27 01:00:00+00:00,1915.26001,1944.56995,1913.55005,1932.01001
2020-07-27 05:00:00+00:00,1932.060059,1943.19995,1931.10999,1940.23999
2020-07-27 09:00:00+00:00,1940.22998,1945.26001,1931.41003,1932.040039
2020-07-27 13:00:00+00:00,1932.01001,1945.68994,1931.31006,1935.099976
2020-07-27 17:00:00+00:00,1935.13,1942.68005,1933.52002,1942.56995
2020-07-27 21:00:00+00:00,1942.050049,1967.21997,1940.20996,1964.050049
2020-07-28 01:00:00+00:00,1963.85999,1981.13,1933.79004,1944.66003
2020-07-28 05:00:00+00:00,1944.53003,1945.87,1907.18005,1931.19995
2020-07-28 09:00:00+00:00,1931.58997,1939.68005,1922.94995,1939.30005
2020-07-28 13:00:00+00:00,1939.23999,1956.62,1931.43994,1947.01001
2020-07-28 17:00:00+00:00,1946.96997,1961.98999,1946.80005,1958.53003
2020-07-28 21:00:00+00:00,1956.96997,1964.26001,1949.55005,1957.33997
2020-07-29 01:00:00+00:00,1957.31006,1961.90002,1948.02002,1952.099976
2020-07-29 05:00:00+00:00,1952.13,1961.14001,1949.88,1959.19995
2020-07-29 09:00:00+00:00,1959.16003,1960.089966,1952.88,1960.050049
2020-07-29 13:00:00+00:00,1960.32996,1961.95996,1941.89001,1960.44995
2020-07-29 17:00:00+00:00,1960.44995,1980.88,1951.40002,1970.84998
2020-07-29 21:00:00+00:00,1971.51001,1971.78003,1964.84998,1966.71997
2020-07-30 01:00:00+00:00,1966.69995,1970.73999,1959.32996,1962.40002
2020-07-30 05:00:00+00:00,1962.35999,1962.56995,1947.37,1953.14001
2020-07-30 09:00:00+00:00,1953.079956,1956.62,1945.17004,1953.64001
2020-07-30 13:00:00+00:00,1954.21997,1961.95996,1939.68994,1949.66003
2020-07-30 17:00:00+00:00,1949.63,1957.93005,1949.18005,1956.64001
2020-07-30 21:00:00+00:00,1956.41003,1961.43005,1955.33997,1958.68005
2020-07-31 01:00:00+00:00,1959.099976,1971.52002,1958.41003,1967.18994
2020-07-31 05:00:00+00:00,1967.20996,1983.01001,1966.92004,1977.01001
2020-07-31 09:00:00+00:00,1976.98999,1978.37,1970.56995,1973.46997
2020-07-31 13:00:00+00:00,1973.44995,1976.93005,1960.089966,1973.26001
2020-07-31 17:00:00+00:00,1973.19995,1976.10999,1966.88,1976.10999
2020-08-02 21:00:00+00:00,1979.53003,1985.10999,1973.37,1976.44995
2020-08-03 01:00:00+00:00,1976.31995,1977.26001,1969.95996,1973.81995
2020-08-03 05:00:00+00:00,1973.94995,1977.62,1970.45996,1973.38
2020-08-03 09:00:00+00:00,1973.53003,1974.44995,1965.87,1967.85999
2020-08-03 13:00:00+00:00,1967.77002,1976.58997,1960.71997,1970.78003
2020-08-03 17:00:00+00:00,1970.80005,1977.69995,1970.51001,1976.88
2020-08-03 21:00:00+00:00,1976.90002,1977.91003,1971.94995,1972.94995
2020-08-04 01:00:00+00:00,1972.89001,1978.68994,1971.64001,1974.82996
2020-08-04 05:00:00+00:00,1974.78003,1979.030029,1971.72998,1976.66003
2020-08-04 09:00:00+00:00,1976.76001,1977.72998,1968.21997,1972.38
2020-08-04 13:00:00+00:00,1972.28003,2000.45996,1971.60999,1999.81995
2020-08-04 17:00:00+00:00,1999.72998,2019.79004,1998.78003,2019.43994
2020-08-04 21:00:00+00:00,2019.41003,2031.089966,2013.030029,2020.59998
2020-08-05 01:00:00+00:00,2020.69995,2022.88,2009.83997,2022.87
2020-08-05 05:00:00+00:00,2022.96997,2039.90002,2021.44995,2037.73999
2020-08-05 09:00:00+00:00,2037.96997,2044.73999,2030.68994,2035.25
2020-08-05 13:00:00+00:00,2035.17004,2055.79004,2028.87,2032.18005
2020-08-05 17:00:00+00:00,2032.18005,2044.57996,2030.51001,2038.30005
2020-08-05 21:00:00+00:00,2039.089966,2042.31006,2034.96997,2042.030029
2020-08-06 01:00:00+00:00,2041.39001,2045.18005,2037.39001,2044.93005
2020-08-06 05:00:00+00:00,2044.98999,2054.080078,2041.15002,2046.68994
2020-08-06 09:00:00+00:00,2046.59998,2064.90991,2046.59998,2054.80005
2020-08-06 13:00:00+00:00,2054.040039,2069.67993,2049.59009,2060.52002
2020-08-06 17:00:00+00:00,2060.63989,2066.80005,2053.68994,2063.17993
2020-08-06 21:00:00+00:00,2064.62012,2075.13989,2064.62012,2067.62988
2020-08-07 01:00:00+00:00,2067.63989,2072.79004,2049.73999,2060.090088
2020-08-07 05:00:00+00:00,2059.94995,2064.72998,2054.18994,2060.76001
2020-08-07 09:00:00+00:00,2060.82007,2063.87988,2042.18994,2060.76001
2020-08-07 13:00:00+00:00,2061.3999,2062.22998,2023.02002,2025.37
2020-08-07 17:00:00+00:00,2025.069946,2037.18005,2015.69995,2035.12
2020-08-09 21:00:00+00:00,2033.81995,2036.18994,2019.84998,2034.44995
2020-08-10 01:00:00+00:00,2034.28003,2036.23999,2027.59998,2029.14001
2020-08-10 05:00:00+00:00,2029.17004,2035.18994,2028.41003,2033.38
2020-08-10 09:00:00+00:00,2033.31995,2035.73999,2027.96997,2033.19995
2020-08-10 13:00:00+00:00,2033.030029,2049.92993,2027.31995,2030.94995
2020-08-10 17:00:00+00:00,2031.14001,2032.19995,2019.5,2027.62
2020-08-10 21:00:00+00:00,2027.92004,2030.050049,2016.069946,2019.90002
2020-08-11 01:00:00+00:00,2019.88,2024.42004,2014.85999,2018.85999
2020-08-11 05:00:00+00:00,2018.91003,2018.93005,1983.78003,1989.22998
2020-08-11 09:00:00+00:00,1989.76001,1997.64001,1953.98999,1963.43994
2020-08-11 13:00:00+00:00,1963.30005,1963.30005,1938.17004,1941.98999
2020-08-11 17:00:00+00:00,1942.030029,1944.69995,1901.73999,1912.099976
2020-08-11 21:00:00+00:00,1911.44995,1929.48999,1905.68005,1924.21997
2020-08-12 01:00:00+00:00,1923.90002,1924.35999,1864.23999,1882.01001
2020-08-12 05:00:00+00:00,1881.96997,1949.25,1873.73999,1931.12
2020-08-12 09:00:00+00:00,1931.079956,1944.55005,1922.45996,1937.60999
2020-08-12 13:00:00+00:00,1938.13,1949.17004,1927.81995,1946.97998
2020-08-12 17:00:00+00:00,1947.030029,1948.78003,1907.02002,1915.98999
2020-08-12 21:00:00+00:00,1915.13,1933.25,1913.050049,1931.15002
2020-08-13 01:00:00+00:00,1931.23999,1942.65002,1922.069946,1925.46997
2020-08-13 05:00:00+00:00,1925.37,1937.31006,1924.71997,1933.97998
2020-08-13 09:00:00+00:00,1933.95996,1939.62,1920.72998,1931.98999
2020-08-13 13:00:00+00:00,1931.83997,1955.28003,1926.83997,1953.89001
2020-08-13 17:00:00+00:00,1953.78003,1966.33997,1938.050049,1953.64001
2020-08-13 21:00:00+00:00,1953.29004,1962.27002,1947.15002,1956.73999
2020-08-14 01:00:00+00:00,1957.51001,1959.43005,1945.29004,1953.060059
2020-08-14 05:00:00+00:00,1953.26001,1957.10999,1939.069946,1948.81006
2020-08-14 09:00:00+00:00,1949.0,1952.37,1941.41003,1945.80005
2020-08-14 13:00:00+00:00,1945.76001,1956.65002,1933.48999,1934.15002
2020-08-14 17:00:00+00:00,1933.78003,1947.20996,1932.55005,1944.48999
2020-08-16 21:00:00+00:00,1950.079956,1951.52002,1929.73999,1937.91003
2020-08-17 01:00:00+00:00,1937.97998,1945.46997,1933.079956,1943.47998
2020-08-17 05:00:00+00:00,1943.46997,1956.98999,1942.51001,1951.050049
2020-08-17 09:00:00+00:00,1950.78003,1962.48999,1947.93994,1958.079956
2020-08-17 13:00:00+00:00,1958.10999,1989.069946,1957.46997,1987.47998
2020-08-17 17:00:00+00:00,1987.68005,1990.67004,1979.69995,1985.35999
2020-08-17 21:00:00+00:00,1985.099976,1985.94995,1980.88,1984.95996
2020-08-18 01:00:00+00:00,1985.030029,1995.90002,1983.60999,1991.22998
2020-08-18 05:00:00+00:00,1991.23999,2010.089966,1990.77002,2006.83997
2020-08-18 09:00:00+00:00,2006.80005,2014.87,2001.48999,2013.29004
2020-08-18 13:00:00+00:00,2013.30005,2015.46997,1976.26001,2006.93994
2020-08-18 17:00:00+00:00,2006.79004,2007.89001,2000.089966,2002.060059
2020-08-18 21:00:00+00:00,2002.40002,2006.59998,1993.63,2000.56006
2020-08-19 01:00:00+00:00,2000.63,2004.75,1990.030029,1993.98999
2020-08-19 05:00:00+00:00,1993.84998,1997.93005,1981.18994,1995.64001
2020-08-19 09:00:00+00:00,1995.43005,1997.050049,1981.52002,1991.93005
2020-08-19 13:00:00+00:00,1992.050049,1995.5,1954.16003,1963.88
2020-08-19 17:00:00+00:00,1963.93994,1973.70996,1924.83997,1928.95996
2020-08-19 21:00:00+00:00,1928.87,1943.17004,1925.089966,1942.94995
2020-08-20 01:00:00+00:00,1943.44995,1955.46997,1933.76001,1947.83997
2020-08-20 05:00:00+00:00,1947.87,1950.93994,1927.41003,1935.28003
2020-08-20 09:00:00+00:00,1935.20996,1947.58997,1925.53003,1934.23999
2020-08-20 13:00:00+00:00,1934.28003,1951.69995,1926.33997,1944.13
2020-08-20 17:00:00+00:00,1944.28003,1955.099976,1937.57996,1947.099976
2020-08-20 21:00:00+00:00,1947.28003,1956.050049,1946.35999,1951.14001
2020-08-21 01:00:00+00:00,1950.84998,1951.96997,1940.81995,1947.98999
2020-08-21 05:00:00+00:00,1947.97998,1950.14001,1928.46997,1934.78003
2020-08-21 09:00:00+00:00,1934.66003,1941.18005,1911.75,1938.53003
2020-08-21 13:00:00+00:00,1938.44995,1945.43994,1922.10999,1937.089966
2020-08-21 17:00:00+00:00,1936.87,1942.099976,1935.71997,1940.70996
2020-08-23 21:00:00+00:00,1941.42004,1941.57996,1930.21997,1934.89001
2020-08-24 01:00:00+00:00,1935.040039,1936.91003,1930.68005,1933.51001
2020-08-24 05:00:00+00:00,1933.48999,1950.58997,1931.32996,1946.56006
2020-08-24 09:00:00+00:00,1946.58997,1961.84998,1944.32996,1949.28003
2020-08-24 13:00:00+00:00,1949.97998,1952.35999,1927.42004,1931.62
2020-08-24 17:00:00+00:00,1931.54004,1934.030029,1923.96997,1928.68005
2020-08-24 21:00:00+00:00,1929.02002,1931.98999,1926.68005,1930.28003
2020-08-25 01:00:00+00:00,1930.21997,1937.62,1929.53003,1933.28003
2020-08-25 05:00:00+00:00,1933.28003,1936.01001,1925.069946,1925.62
2020-08-25 09:00:00+00:00,1925.70996,1931.85999,1920.030029,1926.089966
2020-08-25 13:00:00+00:00,1926.34998,1930.71997,1914.42004,1916.31006
2020-08-25 17:00:00+00:00,1916.18994,1929.63,1915.18005,1928.16003
2020-08-25 21:00:00+00:00,1928.55005,1931.45996,1925.92004,1926.56006
2020-08-26 01:00:00+00:00,1926.56995,1931.60999,1922.80005,1923.48999
2020-08-26 05:00:00+00:00,1923.48999,1925.14001,1914.0,1923.10999
2020-08-26 09:00:00+00:00,1923.099976,1923.90002,1902.83997,1911.73999
2020-08-26 13:00:00+00:00,1911.65002,1946.37,1910.34998,1943.53003
2020-08-26 17:00:00+00:00,1943.58997,1954.80005,1943.57996,1954.20996
2020-08-26 21:00:00+00:00,1955.21997,1955.41003,1947.93994,1950.12
2020-08-27 01:00:00+00:00,1950.23999,1950.38,1938.51001,1943.58997
2020-08-27 05:00:00+00:00,1943.59998,1948.81995,1937.10999,1942.59998
2020-08-27 09:00:00+00:00,1942.59998,1943.94995,1932.45996,1939.95996
2020-08-27 13:00:00+00:00,1939.91003,1976.66003,1910.21997,1920.73999
2020-08-27 17:00:00+00:00,1920.56995,1935.15002,1919.59998,1929.68005
2020-08-27 21:00:00+00:00,1929.96997,1931.46997,1923.39001,1929.68994
2020-08-28 01:00:00+00:00,1929.40002,1943.10999,1928.97998,1942.77002
2020-08-28 05:00:00+00:00,1942.76001,1958.58997,1940.32996,1956.01001
2020-08-28 09:00:00+00:00,1956.21997,1964.65002,1948.38,1955.33997
2020-08-28 13:00:00+00:00,1955.44995,1973.88,1951.02002,1969.68005
2020-08-28 17:00:00+00:00,1969.70996,1970.33997,1960.42004,1964.39001
2020-08-30 21:00:00+00:00,1965.39001,1976.48999,1965.39001,1973.050049
2020-08-31 01:00:00+00:00,1972.38,1973.15002,1967.59998,1970.54004
2020-08-31 05:00:00+00:00,1970.31995,1970.60999,1954.63,1959.94995
2020-08-31 09:00:00+00:00,1959.92004,1969.13,1959.92004,1967.56995
2020-08-31 13:00:00+00:00,1967.76001,1975.069946,1962.23999,1971.81995
2020-08-31 17:00:00+00:00,1971.56995,1973.62,1966.37,1967.80005
2020-08-31 21:00:00+00:00,1967.72998,1970.64001,1965.33997,1968.27002
2020-09-01 01:00:00+00:00,1968.25,1989.52002,1968.25,1986.21997
2020-09-01 05:00:00+00:00,1986.17004,1992.41003,1982.21997,1989.37
2020-09-01 09:00:00+00:00,1989.35999,1991.68994,1984.10999,1989.19995
2020-09-01 13:00:00+00:00,1989.17004,1991.18005,1964.41003,1975.13
2020-09-01 17:00:00+00:00,1975.079956,1975.099976,1964.01001,1970.64001
2020-09-01 21:00:00+00:00,1970.14001,1973.33997,1965.59998,1967.12
2020-09-02 01:00:00+00:00,1966.90002,1969.079956,1958.97998,1963.18994
2020-09-02 05:00:00+00:00,1962.96997,1967.63,1956.14001,1965.40002
2020-09-02 09:00:00+00:00,1965.56995,1971.93005,1953.81995,1964.95996
2020-09-02 13:00:00+00:00,1965.060059,1965.23999,1932.80005,1936.19995
2020-09-02 17:00:00+00:00,1936.18994,1945.54004,1934.32996,1942.96997
2020-09-02 21:00:00+00:00,1943.050049,1946.19995,1939.91003,1944.56006
2020-09-03 01:00:00+00:00,1944.60999,1951.13,1937.68005,1937.91003
2020-09-03 05:00:00+00:00,1937.75,1940.83997,1927.31006,1935.97998
2020-09-03 09:00:00+00:00,1936.0,1937.18994,1927.56995,1934.44995
2020-09-03 13:00:00+00:00,1934.31995,1945.96997,1922.15002,1927.77002
2020-09-03 17:00:00+00:00,1928.10999,1938.18994,1926.83997,1930.91003
2020-09-03 21:00:00+00:00,1931.55005,1937.10999,1925.89001,1934.95996
2020-09-04 01:00:00+00:00,1934.90002,1942.069946,1934.38,1936.64001
2020-09-04 05:00:00+00:00,1936.63,1939.98999,1931.01001,1939.88
2020-09-04 09:00:00+00:00,1939.89001,1949.12,1925.38,1927.40002
2020-09-04 13:00:00+00:00,1927.18005,1931.81006,1916.71997,1927.079956
2020-09-04 17:00:00+00:00,1927.10999,1938.70996,1923.83997,1933.90002
2020-09-06 21:00:00+00:00,1931.040039,1937.78003,1930.92004,1933.12
2020-09-07 01:00:00+00:00,1933.13,1941.46997,1932.089966,1935.16003
2020-09-07 05:00:00+00:00,1935.15002,1935.95996,1928.15002,1931.33997
2020-09-07 09:00:00+00:00,1931.34998,1931.34998,1924.70996,1929.46997
2020-09-07 13:00:00+00:00,1929.46997,1932.73999,1924.66003,1928.46997
2020-09-07 21:00:00+00:00,1930.16003,1932.16003,1925.78003,1928.66003
2020-09-08 01:00:00+00:00,1928.65002,1929.81995,1922.90002,1925.94995
2020-09-08 05:00:00+00:00,1926.19995,1935.52002,1923.44995,1923.71997
2020-09-08 09:00:00+00:00,1923.78003,1925.51001,1908.01001,1914.030029
2020-09-08 13:00:00+00:00,1914.29004,1939.17004,1906.68005,1939.17004
2020-09-08 17:00:00+00:00,1938.98999,1940.88,1927.82996,1931.73999
2020-09-08 21:00:00+00:00,1931.81006,1932.94995,1928.43005,1928.85999
2020-09-09 01:00:00+00:00,1928.71997,1930.46997,1923.35999,1929.51001
2020-09-09 05:00:00+00:00,1929.51001,1934.53003,1924.12,1931.83997
2020-09-09 09:00:00+00:00,1931.91003,1937.85999,1920.18005,1935.90002
2020-09-09 13:00:00+00:00,1935.92004,1949.060059,1934.83997,1948.43994
2020-09-09 17:00:00+00:00,1948.43005,1950.88,1944.73999,1946.62
2020-09-09 21:00:00+00:00,1946.35999,1950.21997,1944.32996,1946.88
2020-09-10 01:00:00+00:00,1946.37,1950.78003,1943.76001,1946.71997
2020-09-10 05:00:00+00:00,1946.69995,1949.26001,1942.48999,1946.35999
2020-09-10 09:00:00+00:00,1946.30005,1958.38,1944.87,1956.19995
2020-09-10 13:00:00+00:00,1957.40002,1966.44995,1951.18994,1954.079956
2020-09-10 17:00:00+00:00,1954.089966,1957.93005,1941.44995,1946.18005
2020-09-10 21:00:00+00:00,1945.33997,1949.089966,1943.19995,1948.98999
2020-09-11 01:00:00+00:00,1949.01001,1949.34998,1937.41003,1940.18005
2020-09-11 05:00:00+00:00,1940.21997,1946.30005,1937.85999,1945.28003
2020-09-11 09:00:00+00:00,1945.28003,1948.23999,1941.82996,1945.90002
2020-09-11 13:00:00+00:00,1945.70996,1954.71997,1942.44995,1942.73999
2020-09-11 17:00:00+00:00,1942.68994,1944.02002,1938.33997,1940.35999
2020-09-13 21:00:00+00:00,1940.28003,1943.37,1937.40002,1940.26001
2020-09-14 01:00:00+00:00,1940.31006,1951.71997,1940.31006,1946.56006
2020-09-14 05:00:00+00:00,1946.56995,1949.18994,1943.43994,1946.030029
2020-09-14 09:00:00+00:00,1946.030029,1956.31006,1940.23999,1956.13
2020-09-14 13:00:00+00:00,1956.15002,1962.52002,1953.87,1956.40002
2020-09-14 17:00:00+00:00,1956.35999,1959.19995,1953.23999,1956.68994
2020-09-14 21:00:00+00:00,1957.31995,1958.10999,1955.21997,1956.30005
2020-09-15 01:00:00+00:00,1956.22998,1967.060059,1955.40002,1966.030029
2020-09-15 05:00:00+00:00,1966.0,1969.33997,1960.34998,1963.81006
2020-09-15 09:00:00+00:00,1963.83997,1972.19995,1962.83997,1967.46997
2020-09-15 13:00:00+00:00,1967.34998,1969.62,1948.60999,1958.079956
2020-09-15 17:00:00+00:00,1958.12,1958.93994,1951.57996,1954.060059
2020-09-15 21:00:00+00:00,1953.45996,1956.050049,1951.59998,1952.85999
2020-09-16 01:00:00+00:00,1952.89001,1961.43994,1949.98999,1959.78003
2020-09-16 05:00:00+00:00,1959.79004,1968.77002,1957.15002,1965.38
2020-09-16 09:00:00+00:00,1965.40002,1970.5,1961.78003,1967.62
2020-09-16 13:00:00+00:00,1967.83997,1973.64001,1956.66003,1965.33997
2020-09-16 17:00:00+00:00,1965.37,1970.17004,1953.01001,1959.30005
2020-09-16 21:00:00+00:00,1959.30005,1961.030029,1954.43005,1957.32996
2020-09-17 01:00:00+00:00,1957.31006,1959.68005,1937.90002,1940.52002
2020-09-17 05:00:00+00:00,1940.35999,1947.10999,1939.39001,1944.94995
2020-09-17 09:00:00+00:00,1944.95996,1948.85999,1937.14001,1943.18005
2020-09-17 13:00:00+00:00,1943.17004,1949.62,1932.93005,1944.81006
2020-09-17 17:00:00+00:00,1945.02002,1949.12,1942.82996,1943.93005
2020-09-17 21:00:00+00:00,1944.58997,1951.84998,1944.14001,1951.079956
2020-09-18 01:00:00+00:00,1951.42004,1955.65002,1949.67004,1952.069946
2020-09-18 05:00:00+00:00,1951.98999,1956.12,1950.81995,1955.48999
2020-09-18 09:00:00+00:00,1955.42004,1956.12,1946.97998,1951.44995
2020-09-18 13:00:00+00:00,1951.51001,1959.88,1945.23999,1958.81995
2020-09-18 17:00:00+00:00,1958.92004,1960.12,1948.97998,1950.52002
2020-09-20 21:00:00+00:00,1949.060059,1951.91003,1943.18994,1950.96997
2020-09-21 01:00:00+00:00,1950.96997,1955.63,1950.44995,1953.52002
2020-09-21 05:00:00+00:00,1953.51001,1954.70996,1935.13,1939.16003
2020-09-21 09:00:00+00:00,1938.93005,1939.040039,1919.51001,1922.01001
2020-09-21 13:00:00+00:00,1921.23999,1923.84998,1883.12,1902.82996
2020-09-21 17:00:00+00:00,1902.81995,1913.56995,1901.66003,1912.19995
2020-09-21 21:00:00+00:00,1912.78003,1919.90002,1910.40002,1918.060059
2020-09-22 01:00:00+00:00,1918.089966,1918.75,1906.96997,1916.040039
2020-09-22 05:00:00+00:00,1916.050049,1916.30005,1894.90002,1903.62
2020-09-22 09:00:00+00:00,1903.69995,1912.67004,1902.83997,1912.29004
2020-09-22 13:00:00+00:00,1912.46997,1917.66003,1896.95996,1899.38
2020-09-22 17:00:00+00:00,1899.21997,1907.13,1899.21997,1900.26001
2020-09-22 21:00:00+00:00,1900.32996,1905.43994,1897.89001,1902.64001
2020-09-23 01:00:00+00:00,1902.81995,1905.18005,1882.39001,1887.43005
2020-09-23 05:00:00+00:00,1887.72998,1890.18005,1873.30005,1881.45996
2020-09-23 09:00:00+00:00,1881.65002,1895.040039,1877.96997,1881.77002
2020-09-23 13:00:00+00:00,1881.66003,1887.90002,1862.52002,1866.5
2020-09-23 17:00:00+00:00,1866.5,1868.030029,1856.030029,1863.43005
2020-09-23 21:00:00+00:00,1863.19995,1865.089966,1854.38,1861.57996
2020-09-24 01:00:00+00:00,1861.58997,1868.90002,1850.73999,1851.73999
2020-09-24 05:00:00+00:00,1851.76001,1861.43994,1849.079956,1854.18994
2020-09-24 09:00:00+00:00,1852.34497,1861.48999,1849.015015,1855.56995
2020-09-24 13:00:00+00:00,1855.59998,1873.29004,1850.96997,1870.64001
2020-09-24 17:00:00+00:00,1870.64001,1877.10999,1861.77002,1867.73999
2020-09-24 21:00:00+00:00,1867.97998,1871.48999,1865.040039,1867.91003
2020-09-25 01:00:00+00:00,1867.90002,1873.40002,1861.93005,1873.060059
2020-09-25 05:00:00+00:00,1873.030029,1875.19995,1866.15002,1871.29004
2020-09-25 09:00:00+00:00,1871.30005,1872.79004,1852.92004,1860.79004
2020-09-25 13:00:00+00:00,1860.80005,1865.91003,1852.44995,1862.16003
2020-09-25 17:00:00+00:00,1862.17004,1866.89001,1859.98999,1862.40002
2020-09-27 21:00:00+00:00,1859.63,1866.12,1859.25,1859.64001
2020-09-28 01:00:00+00:00,1859.63,1864.01001,1857.80005,1861.68994
2020-09-28 05:00:00+00:00,1861.68005,1861.93005,1848.90002,1852.42004
2020-09-28 09:00:00+00:00,1852.44995,1872.51001,1850.21997,1868.01001
2020-09-28 13:00:00+00:00,1868.069946,1877.12,1864.84998,1874.64001
2020-09-28 17:00:00+00:00,1874.65002,1883.069946,1874.55005,1881.40002
2020-09-28 21:00:00+00:00,1881.22998,1886.22998,1879.079956,1883.38
2020-09-29 01:00:00+00:00,1883.38,1887.26001,1880.54004,1881.53003
2020-09-29 05:00:00+00:00,1881.53003,1884.81006,1875.62,1881.92004
2020-09-29 09:00:00+00:00,1881.90002,1890.28003,1877.47998,1884.14001
2020-09-29 13:00:00+00:00,1884.18994,1895.69995,1881.12,1895.63
2020-09-29 17:00:00+00:00,1895.68005,1899.12,1893.92004,1898.040039
2020-09-29 21:00:00+00:00,1898.25,1899.40002,1894.37,1894.91003
2020-09-30 01:00:00+00:00,1894.94995,1897.48999,1887.23999,1890.43994
2020-09-30 05:00:00+00:00,1890.42004,1892.050049,1882.68005,1883.64001
2020-09-30 09:00:00+00:00,1883.65002,1900.30005,1881.55005,1895.28003
2020-09-30 13:00:00+00:00,1895.37,1902.32996,1881.75,1897.90002
2020-09-30 17:00:00+00:00,1897.88,1897.88,1884.76001,1885.88
2020-09-30 21:00:00+00:00,1885.81995,1888.98999,1884.73999,1885.21997
2020-10-01 01:00:00+00:00,1885.22998,1895.57996,1885.18005,1894.46997
2020-10-01 05:00:00+00:00,1894.5,1900.31995,1892.40002,1894.41003
2020-10-01 09:00:00+00:00,1894.35999,1909.33997,1893.30005,1903.71997
2020-10-01 13:00:00+00:00,1903.76001,1912.079956,1896.43005,1908.65002
2020-10-01 17:00:00+00:00,1908.56995,1911.71997,1903.73999,1905.81995
2020-10-01 21:00:00+00:00,1905.68005,1907.51001,1899.69995,1900.67004
2020-10-02 01:00:00+00:00,1900.68005,1901.38,1890.58997,1891.35999
2020-10-02 05:00:00+00:00,1891.38,1917.12,1889.93005,1906.12
2020-10-02 09:00:00+00:00,1906.12,1912.13,1905.47998,1911.68005
2020-10-02 13:00:00+00:00,1911.68005,1911.92004,1898.26001,1901.51001
2020-10-02 17:00:00+00:00,1901.48999,1904.63,1898.13,1898.30005
2020-10-04 20:00:00+00:00,1904.31995,1904.41003,1898.18005,1903.079956
2020-10-05 00:00:00+00:00,1903.079956,1903.18005,1891.89001,1892.69995
2020-10-05 04:00:00+00:00,1892.76001,1894.92004,1887.079956,1892.45996
2020-10-05 08:00:00+00:00,1892.41003,1903.21997,1892.01001,1902.10999
2020-10-05 12:00:00+00:00,1902.089966,1918.81006,1902.079956,1914.18994
2020-10-05 16:00:00+00:00,1914.17004,1917.34998,1910.92004,1911.030029
2020-10-05 20:00:00+00:00,1911.01001,1914.83997,1911.01001,1912.87
2020-10-06 00:00:00+00:00,1912.88,1914.58997,1908.34998,1912.060059
2020-10-06 04:00:00+00:00,1912.060059,1914.60999,1908.46997,1909.51001
2020-10-06 08:00:00+00:00,1909.51001,1918.089966,1906.76001,1917.64001
2020-10-06 12:00:00+00:00,1917.63,1921.14001,1901.80005,1902.25
2020-10-06 16:00:00+00:00,1902.23999,1906.53003,1886.88,1887.96997
2020-10-06 20:00:00+00:00,1887.94995,1889.10999,1874.87,1880.15002
2020-10-07 00:00:00+00:00,1880.21997,1884.099976,1873.02002,1882.92004
2020-10-07 04:00:00+00:00,1882.93005,1898.050049,1881.95996,1892.94995
2020-10-07 08:00:00+00:00,1893.01001,1894.93994,1882.71997,1888.68005
2020-10-07 12:00:00+00:00,1888.67004,1891.94995,1879.26001,1885.81006
2020-10-07 16:00:00+00:00,1885.80005,1888.78003,1880.93994,1887.16003
2020-10-07 20:00:00+00:00,1887.23999,1888.84998,1886.38,1887.10999
2020-10-08 00:00:00+00:00,1887.099976,1889.28003,1883.52002,1885.29004
2020-10-08 04:00:00+00:00,1885.22998,1895.43005,1884.43005,1890.92004
2020-10-08 08:00:00+00:00,1890.93994,1894.53003,1890.20996,1892.59998
2020-10-08 12:00:00+00:00,1892.57996,1900.71997,1883.34998,1888.84998
2020-10-08 16:00:00+00:00,1888.83997,1894.47998,1882.01001,1894.42004
2020-10-08 20:00:00+00:00,1894.37,1896.88,1892.67004,1895.32996
2020-10-09 00:00:00+00:00,1895.31006,1912.95996,1894.98999,1910.91003
2020-10-09 04:00:00+00:00,1910.91003,1913.63,1905.75,1913.27002
2020-10-09 08:00:00+00:00,1913.23999,1918.20996,1911.85999,1913.089966
2020-10-09 12:00:00+00:00,1913.079956,1929.28003,1913.040039,1920.43005
2020-10-09 16:00:00+00:00,1920.43005,1929.64001,1919.62,1928.88
2020-10-09 20:00:00+00:00,1928.88,1930.56995,1928.0,1930.22998
2020-10-11 20:00:00+00:00,1929.60999,1933.37,1926.42004,1929.23999
2020-10-12 00:00:00+00:00,1929.089966,1930.34998,1921.68005,1927.40002
2020-10-12 04:00:00+00:00,1927.38,1932.01001,1923.98999,1926.19995
2020-10-12 08:00:00+00:00,1926.23999,1926.56006,1918.40002,1924.65002
2020-10-12 12:00:00+00:00,1924.65002,1928.51001,1919.31995,1923.14001
2020-10-12 16:00:00+00:00,1923.15002,1925.82996,1920.37,1923.43994
2020-10-12 20:00:00+00:00,1923.44995,1925.46997,1921.77002,1925.17004
2020-10-13 00:00:00+00:00,1925.18005,1925.18005,1910.64001,1911.51001
2020-10-13 04:00:00+00:00,1911.52002,1920.71997,1910.42004,1918.63
2020-10-13 08:00:00+00:00,1918.63,1925.069946,1918.060059,1920.39001
2020-10-13 12:00:00+00:00,1920.42004,1924.15002,1886.56006,1894.68005
2020-10-13 16:00:00+00:00,1894.62,1895.28003,1888.76001,1893.13
2020-10-13 20:00:00+00:00,1892.98999,1893.84998,1891.030029,1893.43994
2020-10-14 00:00:00+00:00,1893.43005,1897.89001,1882.46997,1896.23999
2020-10-14 04:00:00+00:00,1896.26001,1898.0,1892.63,1895.59998
2020-10-14 08:00:00+00:00,1895.59998,1902.89001,1894.48999,1900.41003
2020-10-14 12:00:00+00:00,1900.42004,1912.98999,1898.88,1903.26001
2020-10-14 16:00:00+00:00,1903.25,1904.67004,1899.5,1899.78003
2020-10-14 20:00:00+00:00,1899.68994,1902.73999,1897.13,1898.33997
2020-10-15 00:00:00+00:00,1898.33997,1900.41003,1892.10999,1898.26001
2020-10-15 04:00:00+00:00,1898.26001,1903.76001,1896.17004,1902.44995
2020-10-15 08:00:00+00:00,1902.46997,1902.84998,1889.92004,1891.67004
2020-10-15 12:00:00+00:00,1891.68005,1906.93005,1889.63,1903.69995
2020-10-15 16:00:00+00:00,1903.69995,1908.63,1902.44995,1906.63
2020-10-15 20:00:00+00:00,1906.65002,1909.060059,1905.66003,1906.43005
2020-10-16 00:00:00+00:00,1906.44995,1910.69995,1905.030029,1905.94995
2020-10-16 04:00:00+00:00,1906.01001,1909.93994,1902.93994,1909.37
2020-10-16 08:00:00+00:00,1909.38,1912.63,1905.95996,1909.43005
2020-10-16 12:00:00+00:00,1909.43994,1914.030029,1897.90002,1901.56006
2020-10-16 16:00:00+00:00,1901.56006,1904.53003,1899.14001,1899.54004
2020-10-16 20:00:00+00:00,1899.54004,1900.23999,1898.02002,1900.17004
2020-10-18 20:00:00+00:00,1900.050049,1903.10999,1898.77002,1900.84998
2020-10-19 00:00:00+00:00,1900.87,1902.91003,1897.089966,1901.18005
2020-10-19 04:00:00+00:00,1901.18994,1911.92004,1900.33997,1909.28003
2020-10-19 08:00:00+00:00,1909.31995,1913.93994,1908.48999,1912.18994
2020-10-19 12:00:00+00:00,1912.20996,1918.60999,1902.93005,1908.37
2020-10-19 16:00:00+00:00,1908.38,1910.47998,1900.67004,1900.89001
2020-10-19 20:00:00+00:00,1900.91003,1905.02002,1900.88,1903.099976
2020-10-20 00:00:00+00:00,1903.10999,1904.21997,1894.63,1901.12
2020-10-20 04:00:00+00:00,1901.089966,1904.18005,1898.84998,1900.64001
2020-10-20 08:00:00+00:00,1900.64001,1908.23999,1899.70996,1905.27002
2020-10-20 12:00:00+00:00,1905.28003,1912.48999,1897.67004,1911.02002
2020-10-20 16:00:00+00:00,1911.01001,1914.17004,1907.85999,1909.81995
2020-10-20 20:00:00+00:00,1909.81006,1912.59998,1905.96997,1910.78003
2020-10-21 00:00:00+00:00,1910.75,1920.56995,1910.16003,1917.73999
2020-10-21 04:00:00+00:00,1917.71997,1920.94995,1914.98999,1920.54004
2020-10-21 08:00:00+00:00,1920.55005,1922.83997,1914.56995,1916.26001
2020-10-21 12:00:00+00:00,1916.26001,1931.54004,1916.26001,1925.22998
2020-10-21 16:00:00+00:00,1925.23999,1929.41003,1921.68005,1924.63
2020-10-21 20:00:00+00:00,1924.64001,1926.060059,1920.38,1921.45996
2020-10-22 00:00:00+00:00,1921.44995,1922.23999,1910.81006,1913.78003
2020-10-22 04:00:00+00:00,1913.78003,1920.44995,1913.21997,1919.26001
2020-10-22 08:00:00+00:00,1919.31006,1919.76001,1913.42004,1914.29004
2020-10-22 12:00:00+00:00,1914.28003,1914.91003,1894.51001,1900.39001
2020-10-22 16:00:00+00:00,1900.38,1905.65002,1899.44995,1905.26001
2020-10-22 20:00:00+00:00,1905.26001,1907.59998,1903.82996,1905.099976
2020-10-23 00:00:00+00:00,1905.079956,1907.78003,1901.44995,1906.41003
2020-10-23 04:00:00+00:00,1906.41003,1909.40002,1902.73999,1908.87
2020-10-23 08:00:00+00:00,1908.92004,1912.93005,1907.73999,1910.59998
2020-10-23 12:00:00+00:00,1910.60999,1914.30005,1894.38,1898.89001
2020-10-23 16:00:00+00:00,1898.88,1905.58997,1895.85999,1903.83997
2020-10-23 20:00:00+00:00,1903.82996,1903.89001,1901.16003,1901.56006
2020-10-25 20:00:00+00:00,1902.91003,1904.069946,1891.45996,1898.63
2020-10-26 00:00:00+00:00,1898.62,1902.44995,1896.48999,1898.40002
2020-10-26 04:00:00+00:00,1898.39001,1902.17004,1895.01001,1900.43005
2020-10-26 08:00:00+00:00,1900.43994,1905.54004,1896.30005,1903.94995
2020-10-26 12:00:00+00:00,1903.92004,1908.67004,1898.96997,1904.48999
2020-10-26 16:00:00+00:00,1904.5,1906.26001,1900.41003,1902.59998
2020-10-26 20:00:00+00:00,1902.56995,1903.33997,1900.96997,1902.28003
2020-10-27 00:00:00+00:00,1902.29004,1910.45996,1901.93005,1907.70996
2020-10-27 04:00:00+00:00,1907.76001,1910.44995,1903.31006,1904.23999
2020-10-27 08:00:00+00:00,1904.23999,1905.17004,1897.96997,1902.93005
2020-10-27 12:00:00+00:00,1902.93994,1911.46997,1900.84998,1908.60999
2020-10-27 16:00:00+00:00,1908.62,1911.079956,1906.43994,1907.76001
2020-10-27 20:00:00+00:00,1907.75,1908.58997,1904.34998,1905.31006
2020-10-28 00:00:00+00:00,1905.31995,1908.28003,1902.44995,1906.81995
2020-10-28 04:00:00+00:00,1906.81995,1910.95996,1905.38,1906.14001
2020-10-28 08:00:00+00:00,1906.12,1906.81006,1890.78003,1891.58997
2020-10-28 12:00:00+00:00,1891.58997,1891.85999,1869.48999,1882.43005
2020-10-28 16:00:00+00:00,1882.43994,1884.30005,1876.16003,1877.099976
2020-10-28 20:00:00+00:00,1877.10999,1879.84998,1875.14001,1879.69995
2020-10-29 00:00:00+00:00,1879.65002,1882.030029,1875.89001,1881.88
2020-10-29 04:00:00+00:00,1881.88,1885.050049,1880.54004,1881.38
2020-10-29 08:00:00+00:00,1881.37,1882.54004,1871.78003,1872.089966
2020-10-29 12:00:00+00:00,1872.13,1876.76001,1860.050049,1867.95996
2020-10-29 16:00:00+00:00,1868.15002,1872.39001,1866.12,1869.31995
2020-10-29 20:00:00+00:00,1869.30005,1870.60999,1865.78003,1868.48999
2020-10-30 00:00:00+00:00,1868.48999,1878.12,1864.39001,1876.30005
2020-10-30 04:00:00+00:00,1876.30005,1877.14001,1866.78003,1871.56006
2020-10-30 08:00:00+00:00,1871.56995,1880.23999,1869.030029,1879.37
2020-10-30 12:00:00+00:00,1879.38,1889.85999,1874.78003,1879.43005
2020-10-30 16:00:00+00:00,1879.43994,1882.81995,1877.46997,1877.78003
2020-10-30 20:00:00+00:00,1877.78003,1879.42004,1877.30005,1879.01001
2020-11-01 20:00:00+00:00,1877.099976,1880.12,1875.38,1877.23999
2020-11-02 00:00:00+00:00,1877.21997,1885.64001,1873.55005,1882.33997
2020-11-02 04:00:00+00:00,1882.34998,1886.88,1879.94995,1884.98999
2020-11-02 08:00:00+00:00,1884.98999,1890.58997,1880.96997,1888.71997
2020-11-02 12:00:00+00:00,1888.71997,1893.10999,1885.87,1891.17004
2020-11-02 16:00:00+00:00,1891.22998,1895.18005,1890.19995,1894.35999
2020-11-02 20:00:00+00:00,1894.34998,1896.18005,1893.66003,1894.87
2020-11-03 00:00:00+00:00,1894.88,1898.60999,1890.77002,1893.050049
2020-11-03 04:00:00+00:00,1893.050049,1894.19995,1887.12,1890.73999
2020-11-03 08:00:00+00:00,1890.59998,1900.90002,1889.48999,1899.23999
2020-11-03 12:00:00+00:00,1899.23999,1909.12,1899.069946,1907.46997
2020-11-03 16:00:00+00:00,1907.46997,1910.64001,1904.38,1906.93994
2020-11-03 20:00:00+00:00,1906.93994,1916.44995,1905.58997,1914.55005
2020-11-04 00:00:00+00:00,1914.41003,1916.46997,1882.030029,1896.93005
2020-11-04 04:00:00+00:00,1896.82996,1903.64001,1887.98999,1891.90002
2020-11-04 08:00:00+00:00,1891.89001,1902.63,1887.15002,1902.38
2020-11-04 12:00:00+00:00,1902.33997,1912.29004,1896.37,1902.55005
2020-11-04 16:00:00+00:00,1902.45996,1903.27002,1893.33997,1899.58997
2020-11-04 20:00:00+00:00,1899.57996,1906.01001,1897.54004,1904.94995
2020-11-05 00:00:00+00:00,1904.89001,1909.78003,1902.58997,1907.38
2020-11-05 04:00:00+00:00,1907.43005,1913.51001,1905.58997,1911.079956
2020-11-05 08:00:00+00:00,1911.089966,1920.83997,1908.98999,1919.32996
2020-11-05 12:00:00+00:00,1919.31006,1948.32996,1916.93005,1945.54004
2020-11-05 16:00:00+00:00,1945.55005,1952.83997,1942.67004,1949.78003
2020-11-05 20:00:00+00:00,1949.77002,1952.10999,1944.44995,1946.25
2020-11-06 00:00:00+00:00,1946.28003,1947.43994,1937.56995,1937.94995
2020-11-06 04:00:00+00:00,1937.96997,1948.14001,1935.71997,1947.55005
2020-11-06 08:00:00+00:00,1947.73999,1958.23999,1943.96997,1955.64001
2020-11-06 12:00:00+00:00,1955.65002,1960.40002,1941.30005,1948.55005
2020-11-06 16:00:00+00:00,1948.58997,1955.31995,1948.46997,1952.01001
2020-11-06 20:00:00+00:00,1952.069946,1954.040039,1950.88,1951.20996
2020-11-08 20:00:00+00:00,1955.18005,1959.89001,1953.92004,1958.63
2020-11-09 00:00:00+00:00,1958.65002,1961.29004,1952.75,1960.88
2020-11-09 04:00:00+00:00,1960.87,1965.60999,1953.56995,1957.030029
2020-11-09 08:00:00+00:00,1957.01001,1963.28003,1934.94995,1938.050049
2020-11-09 12:00:00+00:00,1938.29004,1939.12,1854.02002,1860.88
2020-11-09 16:00:00+00:00,1860.89001,1868.069946,1850.54004,1866.76001
2020-11-09 20:00:00+00:00,1866.78003,1871.46997,1860.33997,1870.96997
2020-11-10 00:00:00+00:00,1870.97998,1881.87,1867.56995,1881.23999
2020-11-10 04:00:00+00:00,1881.25,1890.42004,1879.12,1885.41003
2020-11-10 08:00:00+00:00,1885.33997,1890.40002,1867.58997,1878.63
2020-11-10 12:00:00+00:00,1878.63,1885.38,1873.67004,1882.43005
2020-11-10 16:00:00+00:00,1882.37,1885.13,1874.80005,1877.34998
2020-11-10 20:00:00+00:00,1877.33997,1879.48999,1872.050049,1876.76001
2020-11-11 00:00:00+00:00,1876.81006,1883.21997,1876.53003,1880.82996
2020-11-11 04:00:00+00:00,1880.77002,1884.53003,1874.69995,1876.68005
2020-11-11 08:00:00+00:00,1876.68005,1882.030029,1870.069946,1877.01001
2020-11-11 12:00:00+00:00,1876.98999,1879.030029,1856.44995,1862.78003
2020-11-11 16:00:00+00:00,1862.75,1866.78003,1860.82996,1863.59998
2020-11-11 20:00:00+00:00,1863.60999,1868.31995,1862.84998,1865.62
2020-11-12 00:00:00+00:00,1865.69995,1872.31006,1862.80005,1870.59998
2020-11-12 04:00:00+00:00,1870.59998,1872.76001,1867.34998,1868.71997
2020-11-12 08:00:00+00:00,1868.75,1873.060059,1863.31006,1870.56995
2020-11-12 12:00:00+00:00,1870.59998,1883.82996,1867.58997,1879.050049
2020-11-12 16:00:00+00:00,1879.050049,1883.099976,1874.35999,1876.92004
2020-11-12 20:00:00+00:00,1876.92004,1877.57996,1874.12,1875.89001
2020-11-13 00:00:00+00:00,1875.93005,1882.079956,1874.089966,1877.040039
2020-11-13 04:00:00+00:00,1877.030029,1880.40002,1876.46997,1879.089966
2020-11-13 08:00:00+00:00,1879.089966,1881.21997,1875.88,1879.43005
2020-11-13 12:00:00+00:00,1879.43005,1896.91003,1878.33997,1891.88
2020-11-13 16:00:00+00:00,1891.90002,1894.78003,1884.76001,1886.66003
2020-11-13 20:00:00+00:00,1886.67004,1889.84998,1886.26001,1889.48999
2020-11-15 20:00:00+00:00,1888.51001,1891.77002,1886.98999,1890.62
2020-11-16 00:00:00+00:00,1890.59998,1899.01001,1887.67004,1895.78003
2020-11-16 04:00:00+00:00,1895.78003,1896.92004,1887.53003,1891.63
2020-11-16 08:00:00+00:00,1891.62,1895.25,1864.57996,1869.56006
2020-11-16 12:00:00+00:00,1869.53003,1891.53003,1865.56995,1890.18005
2020-11-16 16:00:00+00:00,1890.18005,1896.079956,1886.10999,1886.33997
2020-11-16 20:00:00+00:00,1886.33997,1890.56995,1885.21997,1889.83997
2020-11-17 00:00:00+00:00,1889.81006,1892.54004,1887.01001,1890.53003
2020-11-17 04:00:00+00:00,1890.51001,1890.53003,1884.33997,1887.26001
2020-11-17 08:00:00+00:00,1887.33997,1892.71997,1884.41003,1888.87
2020-11-17 12:00:00+00:00,1888.81995,1893.53003,1884.78003,1888.68994
2020-11-17 16:00:00+00:00,1888.68005,1889.0,1885.060059,1886.73999
2020-11-17 20:00:00+00:00,1886.78003,1887.37,1876.95996,1882.71997
2020-11-18 00:00:00+00:00,1882.70996,1883.31995,1875.80005,1878.44995
2020-11-18 04:00:00+00:00,1878.45996,1882.68994,1876.68994,1882.52002
2020-11-18 08:00:00+00:00,1882.58997,1884.80005,1869.68005,1871.76001
2020-11-18 12:00:00+00:00,1871.73999,1884.93005,1863.93005,1881.84998
2020-11-18 16:00:00+00:00,1881.83997,1882.84998,1871.33997,1874.23999
2020-11-18 20:00:00+00:00,1874.21997,1874.21997,1869.030029,1871.44995
2020-11-19 00:00:00+00:00,1871.43005,1873.01001,1866.13,1868.050049
2020-11-19 04:00:00+00:00,1868.050049,1868.73999,1858.43005,1863.71997
2020-11-19 08:00:00+00:00,1863.72998,1865.67004,1855.22998,1862.56006
2020-11-19 12:00:00+00:00,1862.55005,1865.069946,1852.96997,1860.17004
2020-11-19 16:00:00+00:00,1860.18005,1867.65002,1858.55005,1865.43005
2020-11-19 20:00:00+00:00,1865.39001,1867.80005,1861.0,1863.21997
2020-11-20 00:00:00+00:00,1863.19995,1867.73999,1861.33997,1864.96997
2020-11-20 04:00:00+00:00,1864.98999,1869.88,1861.0,1866.12
2020-11-20 08:00:00+00:00,1866.12,1869.46997,1863.60999,1866.12
2020-11-20 12:00:00+00:00,1866.12,1879.84998,1864.10999,1874.48999
2020-11-20 16:00:00+00:00,1874.5,1875.30005,1871.43005,1873.69995
2020-11-20 20:00:00+00:00,1873.72998,1874.060059,1870.030029,1871.069946
2020-11-22 20:00:00+00:00,1870.81006,1872.22998,1868.84998,1872.18994
2020-11-23 00:00:00+00:00,1872.18005,1876.060059,1870.56006,1873.27002
2020-11-23 04:00:00+00:00,1873.26001,1876.12,1872.069946,1874.85999
2020-11-23 08:00:00+00:00,1874.89001,1875.26001,1863.59998,1866.35999
2020-11-23 12:00:00+00:00,1866.19995,1869.14001,1833.91003,1834.77002
2020-11-23 16:00:00+00:00,1834.76001,1841.15002,1831.079956,1838.13
2020-11-23 20:00:00+00:00,1838.12,1840.48999,1835.18005,1835.73999
2020-11-24 00:00:00+00:00,1835.82996,1836.39001,1821.45996,1825.60999
2020-11-24 04:00:00+00:00,1825.62,1833.079956,1822.72998,1827.68005
2020-11-24 08:00:00+00:00,1827.67004,1830.85999,1805.90002,1810.38
2020-11-24 12:00:00+00:00,1810.37,1816.060059,1800.42004,1805.71997
2020-11-24 16:00:00+00:00,1805.68994,1808.34998,1802.92004,1804.030029
2020-11-24 20:00:00+00:00,1803.96997,1811.14001,1803.56006,1809.28003
2020-11-25 00:00:00+00:00,1809.29004,1812.23999,1803.32996,1803.84998
2020-11-25 04:00:00+00:00,1803.87,1811.10999,1801.81006,1810.13
2020-11-25 08:00:00+00:00,1810.099976,1815.26001,1806.62,1812.64001
2020-11-25 12:00:00+00:00,1812.65002,1817.73999,1809.94995,1810.55005
2020-11-25 16:00:00+00:00,1810.56006,1813.15002,1804.21997,1806.85999
2020-11-25 20:00:00+00:00,1806.87,1809.83997,1804.95996,1808.31006
2020-11-26 00:00:00+00:00,1808.40002,1812.80005,1807.28003,1810.93994
2020-11-26 04:00:00+00:00,1810.94995,1818.35999,1806.81006,1815.10999
2020-11-26 08:00:00+00:00,1815.12,1818.030029,1811.17004,1814.33997
2020-11-26 12:00:00+00:00,1814.38,1815.30005,1805.92004,1809.83997
2020-11-26 16:00:00+00:00,1809.85999,1812.069946,1807.91003,1809.099976
2020-11-26 20:00:00+00:00,1810.26001,1812.14001,1809.12,1809.32996
2020-11-27 00:00:00+00:00,1809.34998,1813.88,1807.40002,1809.32996
2020-11-27 04:00:00+00:00,1809.31006,1811.17004,1803.0,1809.96997
2020-11-27 08:00:00+00:00,1810.030029,1811.54004,1805.48999,1806.32996
2020-11-27 12:00:00+00:00,1806.30005,1807.94995,1774.40002,1782.14001
2020-11-27 16:00:00+00:00,1782.089966,1788.72998,1781.81995,1787.66003
2020-11-29 20:00:00+00:00,1787.25,1789.98999,1785.56006,1786.83997
2020-11-30 00:00:00+00:00,1786.83997,1787.60999,1764.66003,1770.89001
2020-11-30 04:00:00+00:00,1770.89001,1783.89001,1765.43005,1781.18994
2020-11-30 08:00:00+00:00,1781.53003,1782.31995,1764.80005,1771.90002
2020-11-30 12:00:00+00:00,1771.93005,1778.76001,1765.60999,1773.18005
2020-11-30 16:00:00+00:00,1773.22998,1784.55005,1771.53003,1781.060059
2020-11-30 20:00:00+00:00,1781.069946,1781.33997,1775.51001,1778.88
2020-12-01 00:00:00+00:00,1778.88,1786.060059,1776.89001,1784.65002
2020-12-01 04:00:00+00:00,1784.64001,1791.94995,1783.59998,1791.13
2020-12-01 08:00:00+00:00,1791.12,1810.21997,1789.42004,1806.62
2020-12-01 12:00:00+00:00,1806.62,1815.22998,1803.16003,1810.43005
2020-12-01 16:00:00+00:00,1810.42004,1817.35999,1807.51001,1813.70996
2020-12-01 20:00:00+00:00,1813.69995,1815.66003,1810.67004,1811.37
2020-12-02 00:00:00+00:00,1811.35999,1815.55005,1808.87,1810.33997
2020-12-02 04:00:00+00:00,1810.33997,1816.94995,1807.56006,1815.80005
2020-12-02 08:00:00+00:00,1815.76001,1832.51001,1814.01001,1825.69995
2020-12-02 12:00:00+00:00,1825.68994,1827.02002,1812.81006,1826.58997
2020-12-02 16:00:00+00:00,1826.58997,1830.68005,1824.93994,1829.59998
2020-12-02 20:00:00+00:00,1829.58997,1831.89001,1827.81995,1830.76001
2020-12-03 00:00:00+00:00,1830.76001,1837.35999,1826.17004,1835.40002
2020-12-03 04:00:00+00:00,1835.42004,1842.76001,1830.77002,1842.53003
2020-12-03 08:00:00+00:00,1842.55005,1843.52002,1834.88,1842.67004
2020-12-03 12:00:00+00:00,1842.64001,1844.01001,1829.57996,1831.13
2020-12-03 16:00:00+00:00,1831.15002,1840.54004,1823.79004,1840.34998
2020-12-03 20:00:00+00:00,1840.32996,1842.37,1838.89001,1839.92004
2020-12-04 00:00:00+00:00,1839.93005,1844.90002,1838.079956,1842.62
2020-12-04 04:00:00+00:00,1842.62,1844.31006,1838.060059,1839.97998
2020-12-04 08:00:00+00:00,1839.98999,1844.40002,1837.90002,1841.56006
2020-12-04 12:00:00+00:00,1841.53003,1848.26001,1829.29004,1832.14001
2020-12-04 16:00:00+00:00,1832.12,1837.47998,1830.69995,1836.88
2020-12-04 20:00:00+00:00,1836.89001,1839.29004,1835.68005,1837.31995
2020-12-06 20:00:00+00:00,1837.5,1839.26001,1833.12,1835.42004
2020-12-07 00:00:00+00:00,1835.43994,1839.76001,1835.01001,1837.80005
2020-12-07 04:00:00+00:00,1837.81006,1842.54004,1836.87,1838.060059
2020-12-07 08:00:00+00:00,1838.069946,1838.91003,1822.31006,1830.55005
2020-12-07 12:00:00+00:00,1830.56995,1867.21997,1829.20996,1864.39001
2020-12-07 16:00:00+00:00,1864.39001,1868.62,1859.12,1859.59998
2020-12-07 20:00:00+00:00,1859.63,1865.56995,1858.10999,1864.069946
2020-12-08 00:00:00+00:00,1864.060059,1870.38,1861.17004,1869.59998
2020-12-08 04:00:00+00:00,1869.57996,1871.85999,1864.82996,1865.28003
2020-12-08 08:00:00+00:00,1865.31995,1867.23999,1860.32996,1861.45996
2020-12-08 12:00:00+00:00,1861.45996,1875.34998,1861.45996,1866.64001
2020-12-08 16:00:00+00:00,1866.63,1873.44995,1865.73999,1870.38
2020-12-08 20:00:00+00:00,1870.39001,1871.73999,1869.18994,1870.22998
2020-12-09 00:00:00+00:00,1870.21997,1870.48999,1859.81995,1861.13
2020-12-09 04:00:00+00:00,1861.10999,1863.92004,1855.71997,1860.21997
2020-12-09 08:00:00+00:00,1860.17004,1866.29004,1851.66003,1853.78003
2020-12-09 12:00:00+00:00,1853.81995,1864.25,1837.45996,1848.25
2020-12-09 16:00:00+00:00,1848.26001,1851.18994,1825.45996,1833.42004
2020-12-09 20:00:00+00:00,1833.43005,1840.47998,1832.78003,1834.44995
2020-12-10 00:00:00+00:00,1834.43994,1842.54004,1834.37,1838.19995
2020-12-10 04:00:00+00:00,1838.19995,1842.47998,1834.23999,1837.62
2020-12-10 08:00:00+00:00,1837.62,1838.80005,1828.76001,1835.16003
2020-12-10 12:00:00+00:00,1835.14001,1850.030029,1832.77002,1835.53003
2020-12-10 16:00:00+00:00,1835.56995,1838.079956,1830.32996,1835.65002
2020-12-10 20:00:00+00:00,1835.65002,1837.87,1834.48999,1836.81006
2020-12-11 00:00:00+00:00,1836.88,1840.78003,1834.87,1837.31006
2020-12-11 04:00:00+00:00,1837.30005,1838.67004,1832.73999,1834.14001
2020-12-11 08:00:00+00:00,1834.17004,1839.69995,1824.20996,1833.13
2020-12-11 12:00:00+00:00,1833.060059,1847.75,1830.80005,1844.65002
2020-12-11 16:00:00+00:00,1844.72998,1846.75,1838.43994,1838.79004
2020-12-11 20:00:00+00:00,1838.77002,1840.21997,1837.89001,1839.59998
2020-12-13 20:00:00+00:00,1840.92004,1841.58997,1834.95996,1838.0
2020-12-14 00:00:00+00:00,1838.060059,1838.15002,1834.38,1836.66003
2020-12-14 04:00:00+00:00,1836.65002,1836.81006,1832.01001,1833.26001
2020-12-14 08:00:00+00:00,1833.26001,1834.23999,1819.28003,1827.47998
2020-12-14 12:00:00+00:00,1827.47998,1839.099976,1822.31995,1826.44995
2020-12-14 16:00:00+00:00,1826.46997,1830.32996,1822.28003,1825.35999
2020-12-14 20:00:00+00:00,1825.34998,1829.51001,1824.54004,1827.52002
2020-12-15 00:00:00+00:00,1827.53003,1835.17004,1825.59998,1834.0
2020-12-15 04:00:00+00:00,1834.030029,1843.76001,1834.030029,1842.78003
2020-12-15 08:00:00+00:00,1842.78003,1847.56006,1839.90002,1845.46997
2020-12-15 12:00:00+00:00,1845.56006,1855.44995,1842.58997,1848.35999
2020-12-15 16:00:00+00:00,1848.39001,1853.78003,1844.73999,1851.88
2020-12-15 20:00:00+00:00,1851.88,1854.77002,1850.76001,1852.44995
2020-12-16 00:00:00+00:00,1852.46997,1858.37,1850.93994,1857.62
2020-12-16 04:00:00+00:00,1857.56995,1858.62,1853.98999,1854.35999
2020-12-16 08:00:00+00:00,1854.34998,1865.73999,1853.17004,1862.35999
2020-12-16 12:00:00+00:00,1862.33997,1862.33997,1849.56006,1857.30005
2020-12-16 16:00:00+00:00,1857.38,1861.51001,1844.88,1861.46997
2020-12-16 20:00:00+00:00,1861.33997,1865.69995,1860.32996,1864.58997
2020-12-17 00:00:00+00:00,1864.55005,1867.46997,1862.13,1864.14001
2020-12-17 04:00:00+00:00,1864.18994,1874.85999,1863.80005,1874.78003
2020-12-17 08:00:00+00:00,1874.90002,1883.18994,1872.18005,1879.81995
2020-12-17 12:00:00+00:00,1880.38,1896.19995,1874.69995,1891.15002
2020-12-17 16:00:00+00:00,1891.21997,1891.48999,1882.64001,1884.17004
2020-12-17 20:00:00+00:00,1884.22998,1887.01001,1883.050049,1883.73999
2020-12-18 00:00:00+00:00,1883.73999,1885.069946,1878.59998,1883.43005
2020-12-18 04:00:00+00:00,1883.43994,1886.72998,1879.57996,1880.92004
2020-12-18 08:00:00+00:00,1880.91003,1884.33997,1877.51001,1884.32996
2020-12-18 12:00:00+00:00,1883.95996,1889.73999,1877.81006,1886.02002
2020-12-18 16:00:00+00:00,1886.16003,1886.68994,1878.90002,1879.28003
2020-12-18 20:00:00+00:00,1879.18994,1881.77002,1878.54004,1881.48999
2020-12-20 20:00:00+00:00,1886.43994,1886.43994,1881.75,1883.18005
2020-12-21 00:00:00+00:00,1883.099976,1899.55005,1883.040039,1895.38
2020-12-21 04:00:00+00:00,1895.41003,1906.87,1893.18005,1894.35999
2020-12-21 08:00:00+00:00,1894.30005,1898.96997,1855.52002,1878.25
2020-12-21 12:00:00+00:00,1878.64001,1885.67004,1871.079956,1877.62
2020-12-21 16:00:00+00:00,1877.78003,1883.02002,1874.78003,1878.14001
2020-12-21 20:00:00+00:00,1878.37,1881.30005,1874.050049,1879.14001
2020-12-22 00:00:00+00:00,1878.97998,1884.33997,1875.82996,1880.30005
2020-12-22 04:00:00+00:00,1880.31995,1882.95996,1866.78003,1869.15002
2020-12-22 08:00:00+00:00,1869.78003,1875.12,1868.59998,1872.39001
2020-12-22 12:00:00+00:00,1872.42004,1881.43994,1861.20996,1861.23999
2020-12-22 16:00:00+00:00,1861.87,1868.26001,1860.45996,1864.80005
2020-12-22 20:00:00+00:00,1864.80005,1865.28003,1859.02002,1864.48999
2020-12-23 00:00:00+00:00,1864.38,1867.59998,1861.58997,1864.83997
2020-12-23 04:00:00+00:00,1864.83997,1868.26001,1863.25,1866.67004
2020-12-23 08:00:00+00:00,1866.63,1872.42004,1863.55005,1865.030029
2020-12-23 12:00:00+00:00,1864.71997,1878.47998,1858.21997,1871.76001
2020-12-23 16:00:00+00:00,1871.68005,1875.32996,1870.089966,1871.56995
2020-12-23 20:00:00+00:00,1871.71997,1873.93994,1869.97998,1872.68005
2020-12-24 00:00:00+00:00,1872.80005,1879.89001,1871.81995,1876.39001
2020-12-24 04:00:00+00:00,1876.35999,1877.66003,1874.31995,1876.60999
2020-12-24 08:00:00+00:00,1876.56006,1880.66003,1871.28003,1876.37
2020-12-24 12:00:00+00:00,1876.38,1879.46997,1869.71997,1877.55005
2020-12-24 16:00:00+00:00,1877.64001,1882.91003,1877.48999,1879.39001
2020-12-27 20:00:00+00:00,1883.60999,1890.030029,1883.37,1888.30005
2020-12-28 00:00:00+00:00,1888.31995,1900.31995,1885.80005,1895.30005
2020-12-28 04:00:00+00:00,1895.30005,1895.77002,1877.78003,1885.21997
2020-12-28 08:00:00+00:00,1885.39001,1886.53003,1869.43005,1873.01001
2020-12-28 12:00:00+00:00,1872.56995,1896.51001,1872.31995,1881.17004
2020-12-28 16:00:00+00:00,1881.050049,1882.96997,1872.67004,1876.19995
2020-12-28 20:00:00+00:00,1876.21997,1877.31995,1871.41003,1877.030029
2020-12-29 00:00:00+00:00,1876.84998,1882.60999,1875.23999,1879.73999
2020-12-29 04:00:00+00:00,1879.80005,1880.89001,1875.58997,1879.77002
2020-12-29 08:00:00+00:00,1879.84998,1883.62,1874.43994,1877.29004
2020-12-29 12:00:00+00:00,1877.19995,1881.37,1871.88,1879.18994
2020-12-29 16:00:00+00:00,1879.23999,1886.43994,1876.79004,1878.70996
2020-12-29 20:00:00+00:00,1878.76001,1880.030029,1877.01001,1878.84998
2020-12-30 00:00:00+00:00,1878.83997,1885.31995,1877.73999,1884.31995
2020-12-30 04:00:00+00:00,1884.33997,1886.18005,1878.42004,1878.73999
2020-12-30 08:00:00+00:00,1878.82996,1881.25,1877.48999,1878.51001
2020-12-30 12:00:00+00:00,1878.51001,1888.099976,1876.23999,1885.42004
2020-12-30 16:00:00+00:00,1885.59998,1892.069946,1884.56995,1889.87
2020-12-30 20:00:00+00:00,1889.94995,1895.43005,1889.64001,1895.10999
2020-12-31 00:00:00+00:00,1895.21997,1899.83997,1887.089966,1889.099976
2020-12-31 04:00:00+00:00,1889.14001,1894.41003,1885.55005,1892.81006
2020-12-31 08:00:00+00:00,1892.89001,1896.030029,1890.53003,1894.10999
2020-12-31 12:00:00+00:00,1894.099976,1900.39001,1891.88,1898.85999
2020-12-31 16:00:00+00:00,1898.90002,1900.40002,1890.37,1893.81006
2021-01-03 20:00:00+00:00,1904.23999,1915.069946,1904.23999,1913.33997
2021-01-04 00:00:00+00:00,1913.16003,1925.34998,1910.060059,1923.23999
2021-01-04 04:00:00+00:00,1923.35999,1925.62,1919.12,1924.89001
2021-01-04 08:00:00+00:00,1925.099976,1936.57996,1924.78003,1933.63
2021-01-04 12:00:00+00:00,1933.42004,1944.53003,1929.41003,1943.069946
2021-01-04 16:00:00+00:00,1943.33997,1943.77002,1932.82996,1942.59998
2021-01-04 20:00:00+00:00,1942.54004,1945.68005,1940.55005,1941.83997
2021-01-05 00:00:00+00:00,1941.70996,1944.040039,1934.46997,1941.18005
2021-01-05 04:00:00+00:00,1941.19995,1944.02002,1936.78003,1939.81006
2021-01-05 08:00:00+00:00,1939.93005,1950.33997,1939.56006,1950.01001
2021-01-05 12:00:00+00:00,1949.98999,1952.68005,1939.28003,1943.62
2021-01-05 16:00:00+00:00,1943.59998,1953.0,1942.91003,1951.37
2021-01-05 20:00:00+00:00,1951.25,1953.25,1947.78003,1950.39001
2021-01-06 00:00:00+00:00,1950.44995,1955.34998,1942.21997,1942.26001
2021-01-06 04:00:00+00:00,1942.01001,1949.51001,1941.44995,1947.98999
2021-01-06 08:00:00+00:00,1947.91003,1959.43005,1945.58997,1945.58997
2021-01-06 12:00:00+00:00,1945.02002,1948.64001,1904.46997,1909.85999
2021-01-06 16:00:00+00:00,1909.96997,1921.39001,1901.030029,1918.53003
2021-01-06 20:00:00+00:00,1918.44995,1924.51001,1915.46997,1924.33997
2021-01-07 00:00:00+00:00,1924.13,1924.69995,1914.85999,1918.079956
2021-01-07 04:00:00+00:00,1918.089966,1927.73999,1916.17004,1920.87
2021-01-07 08:00:00+00:00,1920.85999,1922.60999,1909.12,1918.48999
2021-01-07 12:00:00+00:00,1918.58997,1919.87,1907.030029,1913.84998
2021-01-07 16:00:00+00:00,1913.73999,1917.93005,1909.18994,1917.15002
2021-01-07 20:00:00+00:00,1917.18994,1918.16003,1912.80005,1916.73999
2021-01-08 00:00:00+00:00,1916.67004,1916.79004,1908.71997,1910.68994
2021-01-08 04:00:00+00:00,1910.70996,1911.72998,1904.48999,1904.95996
2021-01-08 08:00:00+00:00,1904.60999,1904.75,1878.93994,1894.16003
2021-01-08 12:00:00+00:00,1894.18005,1894.60999,1849.96997,1862.87
2021-01-08 16:00:00+00:00,1862.93994,1865.60999,1828.57996,1846.62
2021-01-08 20:00:00+00:00,1846.62,1850.10999,1844.55005,1849.43994
2021-01-10 20:00:00+00:00,1848.71997,1856.78003,1841.71997,1844.81995
2021-01-11 00:00:00+00:00,1844.78003,1849.55005,1817.079956,1830.94995
2021-01-11 04:00:00+00:00,1830.80005,1850.28003,1827.18994,1846.28003
2021-01-11 08:00:00+00:00,1846.26001,1855.48999,1846.26001,1849.43005
2021-01-11 12:00:00+00:00,1849.17004,1850.46997,1829.43005,1849.089966
2021-01-11 16:00:00+00:00,1849.030029,1851.69995,1844.69995,1846.93005
2021-01-11 20:00:00+00:00,1846.93005,1848.59998,1843.28003,1847.34998
2021-01-12 00:00:00+00:00,1847.21997,1851.94995,1841.51001,1849.89001
2021-01-12 04:00:00+00:00,1849.80005,1861.78003,1848.80005,1859.52002
2021-01-12 08:00:00+00:00,1859.31006,1863.62,1853.92004,1860.19995
2021-01-12 12:00:00+00:00,1860.51001,1861.55005,1837.66003,1841.88
2021-01-12 16:00:00+00:00,1841.70996,1857.40002,1837.84998,1854.31995
2021-01-12 20:00:00+00:00,1854.12,1858.96997,1852.56006,1858.90002
2021-01-13 00:00:00+00:00,1858.68994,1862.98999,1854.73999,1859.37
2021-01-13 04:00:00+00:00,1859.32996,1862.83997,1857.28003,1857.60999
2021-01-13 08:00:00+00:00,1856.64001,1858.19995,1849.56006,1852.66003
2021-01-13 12:00:00+00:00,1852.55005,1861.20996,1849.80005,1858.099976
2021-01-13 16:00:00+00:00,1858.27002,1859.76001,1852.90002,1853.57996
2021-01-13 20:00:00+00:00,1853.52002,1854.18005,1842.33997,1848.43005
2021-01-14 00:00:00+00:00,1848.39001,1852.29004,1829.98999,1839.26001
2021-01-14 04:00:00+00:00,1839.28003,1846.95996,1836.32996,1842.32996
2021-01-14 08:00:00+00:00,1842.31995,1845.30005,1836.95996,1842.45996
2021-01-14 12:00:00+00:00,1842.45996,1852.060059,1837.69995,1847.91003
2021-01-14 16:00:00+00:00,1847.94995,1857.42004,1843.89001,1844.42004
2021-01-14 20:00:00+00:00,1844.60999,1848.97998,1844.41003,1847.030029
2021-01-15 00:00:00+00:00,1846.94995,1855.68005,1846.94995,1852.099976
2021-01-15 04:00:00+00:00,1852.069946,1854.14001,1846.84998,1852.53003
2021-01-15 08:00:00+00:00,1852.32996,1856.66003,1848.15002,1849.16003
2021-01-15 12:00:00+00:00,1849.26001,1850.59998,1824.98999,1829.29004
2021-01-15 16:00:00+00:00,1829.59998,1833.48999,1823.42004,1828.56006
2021-01-15 20:00:00+00:00,1828.48999,1828.82996,1825.30005,1828.42004
2021-01-17 20:00:00+00:00,1827.72998,1829.76001,1804.39001,1810.66003
2021-01-18 00:00:00+00:00,1810.85999,1832.48999,1810.56995,1828.22998
2021-01-18 04:00:00+00:00,1828.28003,1840.84998,1827.01001,1834.88
2021-01-18 08:00:00+00:00,1834.92004,1838.44995,1830.12,1833.72998
2021-01-18 12:00:00+00:00,1833.81006,1838.01001,1829.71997,1836.94995
2021-01-18 16:00:00+00:00,1836.87,1839.34998,1835.93994,1837.099976
2021-01-18 20:00:00+00:00,1838.21997,1839.33997,1836.17004,1837.35999
2021-01-19 00:00:00+00:00,1837.34998,1843.68005,1836.43005,1837.48999
2021-01-19 04:00:00+00:00,1837.51001,1841.68005,1836.37,1837.90002
2021-01-19 08:00:00+00:00,1837.97998,1845.53003,1837.97998,1842.87
2021-01-19 12:00:00+00:00,1842.90002,1843.42004,1833.22998,1839.28003
2021-01-19 16:00:00+00:00,1839.46997,1843.46997,1837.18005,1839.43994
2021-01-19 20:00:00+00:00,1839.22998,1841.83997,1838.62,1841.079956
2021-01-20 00:00:00+00:00,1840.93005,1850.53003,1839.56995,1848.88
2021-01-20 04:00:00+00:00,1848.93005,1857.33997,1848.34998,1856.089966
2021-01-20 08:00:00+00:00,1856.13,1857.41003,1848.68005,1848.68005
2021-01-20 12:00:00+00:00,1848.81995,1870.44995,1832.62,1866.87
2021-01-20 16:00:00+00:00,1867.01001,1869.34998,1862.26001,1868.21997
2021-01-20 20:00:00+00:00,1868.21997,1872.21997,1867.69995,1870.030029
2021-01-21 00:00:00+00:00,1870.28003,1872.62,1867.069946,1872.43994
2021-01-21 04:00:00+00:00,1872.40002,1875.14001,1866.30005,1867.63
2021-01-21 08:00:00+00:00,1867.51001,1873.64001,1866.78003,1871.21997
2021-01-21 12:00:00+00:00,1871.16003,1872.47998,1858.66003,1864.16003
2021-01-21 16:00:00+00:00,1864.15002,1869.73999,1862.15002,1869.43005
2021-01-21 20:00:00+00:00,1869.43005,1871.57996,1867.98999,1869.71997
2021-01-22 00:00:00+00:00,1869.73999,1870.02002,1860.15002,1861.72998
2021-01-22 04:00:00+00:00,1861.76001,1864.30005,1857.34998,1861.15002
2021-01-22 08:00:00+00:00,1861.32996,1863.93005,1845.98999,1849.68005
2021-01-22 12:00:00+00:00,1850.01001,1857.10999,1837.46997,1856.099976
2021-01-22 16:00:00+00:00,1856.12,1858.48999,1852.58997,1855.76001
2021-01-22 20:00:00+00:00,1855.80005,1856.68005,1852.59998,1855.85999
2021-01-24 20:00:00+00:00,1855.14001,1859.53003,1854.42004,1857.040039
2021-01-25 00:00:00+00:00,1857.12,1860.030029,1852.90002,1853.96997
2021-01-25 04:00:00+00:00,1853.94995,1856.66003,1849.73999,1853.81995
2021-01-25 08:00:00+00:00,1853.68005,1866.030029,1850.23999,1863.22998
2021-01-25 12:00:00+00:00,1863.16003,1867.93005,1849.98999,1851.94995
2021-01-25 16:00:00+00:00,1852.01001,1859.27002,1847.35999,1855.14001
2021-01-25 20:00:00+00:00,1855.050049,1856.98999,1853.62,1855.56995
2021-01-26 00:00:00+00:00,1855.53003,1861.40002,1853.35999,1860.38
2021-01-26 04:00:00+00:00,1860.28003,1861.77002,1850.14001,1851.040039
2021-01-26 08:00:00+00:00,1851.73999,1857.38,1848.60999,1852.93005
2021-01-26 12:00:00+00:00,1852.89001,1860.040039,1850.10999,1853.089966
2021-01-26 16:00:00+00:00,1853.099976,1855.18994,1849.56995,1851.69995
2021-01-26 20:00:00+00:00,1851.55005,1853.050049,1848.35999,1851.37
2021-01-27 00:00:00+00:00,1851.39001,1851.41003,1843.38,1845.55005
2021-01-27 04:00:00+00:00,1845.55005,1851.29004,1845.53003,1851.050049
2021-01-27 08:00:00+00:00,1850.90002,1853.17004,1838.5,1841.46997
2021-01-27 12:00:00+00:00,1841.46997,1849.53003,1831.44995,1849.19995
2021-01-27 16:00:00+00:00,1849.060059,1850.65002,1840.81006,1841.55005
2021-01-27 20:00:00+00:00,1842.030029,1845.19995,1839.18005,1840.040039
2021-01-28 00:00:00+00:00,1840.18994,1840.60999,1834.079956,1838.02002
2021-01-28 04:00:00+00:00,1838.040039,1839.34998,1834.23999,1836.20996
2021-01-28 08:00:00+00:00,1836.060059,1843.67004,1834.56006,1840.71997
2021-01-28 12:00:00+00:00,1840.73999,1864.089966,1837.83997,1857.60999
2021-01-28 16:00:00+00:00,1857.69995,1859.82996,1835.050049,1843.81995
2021-01-28 20:00:00+00:00,1843.88,1844.93994,1840.73999,1843.92004
2021-01-29 00:00:00+00:00,1843.94995,1845.43994,1839.68994,1842.040039
2021-01-29 04:00:00+00:00,1842.030029,1851.77002,1841.10999,1845.76001
2021-01-29 08:00:00+00:00,1845.70996,1863.30005,1842.35999,1862.21997
2021-01-29 12:00:00+00:00,1862.48999,1875.65002,1852.73999,1858.56995
2021-01-29 16:00:00+00:00,1858.65002,1860.67004,1847.73999,1849.93994
2021-01-29 20:00:00+00:00,1849.92004,1851.45996,1841.80005,1847.67004
2021-01-31 20:00:00+00:00,1863.73999,1867.14001,1851.76001,1855.95996
2021-02-01 00:00:00+00:00,1855.81995,1863.90002,1849.35999,1861.089966
2021-02-01 04:00:00+00:00,1861.099976,1867.31995,1857.10999,1861.53003
2021-02-01 08:00:00+00:00,1861.12,1871.87,1856.43005,1864.40002
2021-02-01 12:00:00+00:00,1864.57996,1869.58997,1856.89001,1860.29004
2021-02-01 16:00:00+00:00,1860.01001,1866.76001,1857.92004,1859.58997
2021-02-01 20:00:00+00:00,1859.53003,1862.70996,1857.060059,1857.60999
2021-02-02 00:00:00+00:00,1857.78003,1864.12,1854.25,1857.19995
2021-02-02 04:00:00+00:00,1857.20996,1857.48999,1845.40002,1848.42004
2021-02-02 08:00:00+00:00,1847.73999,1853.53003,1841.94995,1842.43005
2021-02-02 12:00:00+00:00,1842.16003,1847.38,1829.71997,1833.15002
2021-02-02 16:00:00+00:00,1833.12,1839.81006,1831.82996,1836.89001
2021-02-02 20:00:00+00:00,1836.71997,1839.34998,1834.64001,1836.44995
2021-02-03 00:00:00+00:00,1836.68994,1844.97998,1836.68994,1841.67004
2021-02-03 04:00:00+00:00,1841.59998,1842.91003,1834.87,1837.19995
2021-02-03 08:00:00+00:00,1837.10999,1837.52002,1832.64001,1835.030029
2021-02-03 12:00:00+00:00,1835.030029,1842.31995,1829.69995,1833.62
2021-02-03 16:00:00+00:00,1833.68994,1838.060059,1832.65002,1833.29004
2021-02-03 20:00:00+00:00,1833.26001,1834.83997,1832.050049,1834.38
2021-02-04 00:00:00+00:00,1834.38,1834.73999,1821.069946,1823.12
2021-02-04 04:00:00+00:00,1823.030029,1827.26001,1816.10999,1825.33997
2021-02-04 08:00:00+00:00,1825.17004,1826.59998,1810.60999,1812.89001
2021-02-04 12:00:00+00:00,1813.060059,1819.60999,1785.089966,1786.63
2021-02-04 16:00:00+00:00,1786.68994,1795.93994,1786.030029,1795.13
2021-02-04 20:00:00+00:00,1795.34998,1796.050049,1792.19995,1795.92004
2021-02-05 00:00:00+00:00,1795.68994,1797.78003,1792.10999,1795.12
2021-02-05 04:00:00+00:00,1795.31995,1800.23999,1794.15002,1798.70996
2021-02-05 08:00:00+00:00,1798.88,1811.32996,1798.29004,1802.81995
2021-02-05 12:00:00+00:00,1802.84998,1808.62,1793.59998,1805.89001
2021-02-05 16:00:00+00:00,1806.060059,1815.18994,1806.060059,1810.060059
2021-02-05 20:00:00+00:00,1809.85999,1814.45996,1809.63,1814.030029
2021-02-07 20:00:00+00:00,1815.88,1818.84998,1814.93005,1818.12
2021-02-08 00:00:00+00:00,1818.069946,1818.91003,1808.46997,1810.88
2021-02-08 04:00:00+00:00,1810.87,1817.91003,1810.39001,1815.079956
2021-02-08 08:00:00+00:00,1815.040039,1823.12,1807.88,1820.84998
2021-02-08 12:00:00+00:00,1820.87,1839.14001,1818.65002,1836.72998
2021-02-08 16:00:00+00:00,1836.75,1838.40002,1830.41003,1832.23999
2021-02-08 20:00:00+00:00,1832.099976,1834.70996,1828.93994,1830.62
2021-02-09 00:00:00+00:00,1830.54004,1842.5,1830.069946,1839.68005
2021-02-09 04:00:00+00:00,1839.80005,1843.78003,1838.19995,1843.079956
2021-02-09 08:00:00+00:00,1842.68994,1848.60999,1838.64001,1843.79004
2021-02-09 12:00:00+00:00,1843.65002,1847.58997,1832.31995,1839.43994
2021-02-09 16:00:00+00:00,1839.44995,1839.91003,1834.5,1837.56006
2021-02-09 20:00:00+00:00,1837.58997,1839.60999,1835.040039,1836.22998
2021-02-10 00:00:00+00:00,1836.31995,1845.31006,1834.18005,1843.34998
2021-02-10 04:00:00+00:00,1843.37,1847.02002,1841.040039,1845.92004
2021-02-10 08:00:00+00:00,1845.87,1846.35999,1839.15002,1840.93005
2021-02-10 12:00:00+00:00,1840.96997,1855.44995,1835.92004,1840.95996
2021-02-10 16:00:00+00:00,1841.18005,1846.32996,1834.98999,1843.37
2021-02-10 20:00:00+00:00,1843.21997,1844.40002,1840.91003,1842.10999
2021-02-11 00:00:00+00:00,1842.079956,1842.21997,1834.32996,1837.64001
2021-02-11 04:00:00+00:00,1837.66003,1844.01001,1835.25,1843.15002
2021-02-11 08:00:00+00:00,1843.32996,1845.96997,1839.66003,1841.88
2021-02-11 12:00:00+00:00,1841.85999,1847.62,1837.73999,1838.69995
2021-02-11 16:00:00+00:00,1838.59998,1839.26001,1821.21997,1824.47998
2021-02-11 20:00:00+00:00,1824.54004,1827.28003,1823.57996,1826.80005
2021-02-12 00:00:00+00:00,1826.76001,1827.96997,1819.51001,1822.030029
2021-02-12 04:00:00+00:00,1822.050049,1824.37,1816.57996,1817.47998
2021-02-12 08:00:00+00:00,1817.46997,1821.96997,1812.67004,1818.82996
2021-02-12 12:00:00+00:00,1818.85999,1830.60999,1810.71997,1828.29004
2021-02-12 16:00:00+00:00,1828.69995,1829.48999,1818.45996,1819.40002
2021-02-12 20:00:00+00:00,1819.38,1824.89001,1817.46997,1824.62
2021-02-14 20:00:00+00:00,1825.42004,1826.31995,1820.23999,1821.10999
2021-02-15 00:00:00+00:00,1821.14001,1827.099976,1820.18005,1826.28003
2021-02-15 04:00:00+00:00,1826.31995,1826.60999,1816.62,1817.18005
2021-02-15 08:00:00+00:00,1817.18005,1821.56995,1816.25,1820.57996
2021-02-15 12:00:00+00:00,1820.45996,1824.30005,1816.19995,1818.12
2021-02-15 16:00:00+00:00,1818.060059,1820.89001,1817.12,1817.89001
2021-02-15 20:00:00+00:00,1819.35999,1819.68994,1817.65002,1818.79004
2021-02-16 00:00:00+00:00,1818.84998,1826.53003,1818.18005,1826.38
2021-02-16 04:00:00+00:00,1826.46997,1826.46997,1819.02002,1820.70996
2021-02-16 08:00:00+00:00,1820.23999,1825.68994,1815.57996,1816.22998
2021-02-16 12:00:00+00:00,1815.93005,1818.88,1789.60999,1813.78003
2021-02-16 16:00:00+00:00,1813.84998,1814.099976,1793.34998,1795.31995
2021-02-16 20:00:00+00:00,1795.29004,1796.22998,1787.01001,1788.39001
2021-02-17 00:00:00+00:00,1788.51001,1795.26001,1786.81995,1793.48999
2021-02-17 04:00:00+00:00,1793.44995,1793.94995,1788.53003,1790.050049
2021-02-17 08:00:00+00:00,1790.060059,1791.21997,1783.81006,1790.88
2021-02-17 12:00:00+00:00,1790.91003,1793.55005,1771.060059,1773.68994
2021-02-17 16:00:00+00:00,1773.73999,1780.21997,1769.76001,1772.26001
2021-02-17 20:00:00+00:00,1772.21997,1778.63,1771.93005,1778.26001
2021-02-18 00:00:00+00:00,1778.12,1785.84998,1777.099976,1783.43994
2021-02-18 04:00:00+00:00,1783.44995,1784.51001,1779.76001,1782.17004
2021-02-18 08:00:00+00:00,1781.97998,1789.050049,1779.23999,1784.21997
2021-02-18 12:00:00+00:00,1784.069946,1789.51001,1768.46997,1778.55005
2021-02-18 16:00:00+00:00,1778.63,1780.18994,1772.91003,1775.43005
2021-02-18 20:00:00+00:00,1775.31995,1777.37,1770.29004,1771.84998
2021-02-19 00:00:00+00:00,1771.43005,1773.0,1760.75,1768.0
2021-02-19 04:00:00+00:00,1767.96997,1777.62,1765.14001,1774.040039
2021-02-19 08:00:00+00:00,1773.23999,1775.38,1767.98999,1768.82996
2021-02-19 12:00:00+00:00,1768.88,1791.58997,1768.81006,1785.98999
2021-02-19 16:00:00+00:00,1785.82996,1788.030029,1777.53003,1780.38
2021-02-19 20:00:00+00:00,1780.28003,1784.93994,1779.63,1784.13
2021-02-21 20:00:00+00:00,1782.37,1788.23999,1781.46997,1783.46997
2021-02-22 00:00:00+00:00,1783.52002,1789.77002,1780.76001,1783.82996
2021-02-22 04:00:00+00:00,1783.81006,1795.089966,1783.64001,1794.69995
2021-02-22 08:00:00+00:00,1794.56995,1799.26001,1790.34998,1795.26001
2021-02-22 12:00:00+00:00,1795.16003,1810.14001,1793.51001,1809.069946
2021-02-22 16:00:00+00:00,1809.21997,1812.64001,1806.62,1808.17004
2021-02-22 20:00:00+00:00,1808.069946,1811.48999,1806.31995,1810.53003
2021-02-23 00:00:00+00:00,1810.51001,1815.96997,1806.35999,1813.23999
2021-02-23 04:00:00+00:00,1813.21997,1814.71997,1808.35999,1808.46997
2021-02-23 08:00:00+00:00,1808.31995,1811.43994,1803.81006,1809.22998
2021-02-23 12:00:00+00:00,1808.88,1812.80005,1795.79004,1807.030029
2021-02-23 16:00:00+00:00,1806.93994,1809.42004,1801.88,1803.83997
2021-02-23 20:00:00+00:00,1803.80005,1807.92004,1803.80005,1805.88
2021-02-24 00:00:00+00:00,1805.92004,1813.78003,1805.21997,1808.92004
2021-02-24 04:00:00+00:00,1809.0,1810.15002,1804.55005,1806.01001
2021-02-24 08:00:00+00:00,1806.18005,1810.14001,1803.30005,1808.58997
2021-02-24 12:00:00+00:00,1808.57996,1810.30005,1783.65002,1794.93005
2021-02-24 16:00:00+00:00,1795.089966,1804.44995,1790.83997,1797.31995
2021-02-24 20:00:00+00:00,1797.40002,1805.71997,1797.23999,1803.14001
2021-02-25 00:00:00+00:00,1803.10999,1804.31006,1794.02002,1796.77002
2021-02-25 04:00:00+00:00,1796.76001,1801.29004,1790.81006,1794.62
2021-02-25 08:00:00+00:00,1794.42004,1795.32996,1781.79004,1786.80005
2021-02-25 12:00:00+00:00,1786.80005,1790.63,1770.050049,1775.70996
2021-02-25 16:00:00+00:00,1775.69995,1783.13,1765.91003,1773.41003
2021-02-25 20:00:00+00:00,1772.80005,1774.81995,1769.26001,1770.01001
2021-02-26 00:00:00+00:00,1770.19995,1775.81995,1765.43005,1772.91003
2021-02-26 04:00:00+00:00,1772.98999,1773.41003,1755.44995,1759.56995
2021-02-26 08:00:00+00:00,1759.43005,1770.079956,1757.76001,1760.040039
2021-02-26 12:00:00+00:00,1759.87,1767.079956,1724.84998,1729.96997
2021-02-26 16:00:00+00:00,1730.39001,1732.46997,1717.32996,1727.35999
2021-02-26 20:00:00+00:00,1727.21997,1735.35999,1726.80005,1734.40002
2021-02-28 20:00:00+00:00,1733.93994,1740.040039,1733.060059,1739.31006
2021-03-01 00:00:00+00:00,1739.10999,1751.68994,1737.35999,1751.14001
2021-03-01 04:00:00+00:00,1751.030029,1759.90002,1747.80005,1753.84998
2021-03-01 08:00:00+00:00,1753.34998,1754.94995,1741.95996,1743.52002
2021-03-01 12:00:00+00:00,1743.57996,1747.58997,1730.98999,1738.89001
2021-03-01 16:00:00+00:00,1738.90002,1742.56995,1720.57996,1724.63
2021-03-01 20:00:00+00:00,1724.48999,1726.83997,1719.77002,1724.93005
2021-03-02 00:00:00+00:00,1724.93994,1728.51001,1707.32996,1713.33997
2021-03-02 04:00:00+00:00,1713.34998,1724.32996,1710.90002,1717.94995
2021-03-02 08:00:00+00:00,1718.050049,1733.39001,1715.66003,1727.38
2021-03-02 12:00:00+00:00,1727.39001,1736.10999,1720.44995,1725.51001
2021-03-02 16:00:00+00:00,1725.44995,1738.55005,1724.14001,1734.82996
2021-03-02 20:00:00+00:00,1734.72998,1740.56006,1732.93994,1736.66003
2021-03-03 00:00:00+00:00,1736.68005,1737.57996,1730.060059,1734.90002
2021-03-03 04:00:00+00:00,1734.89001,1735.78003,1730.56995,1733.46997
2021-03-03 08:00:00+00:00,1733.31006,1733.60999,1721.55005,1724.18994
2021-03-03 12:00:00+00:00,1724.18005,1726.75,1702.21997,1716.069946
2021-03-03 16:00:00+00:00,1715.89001,1725.20996,1712.16003,1716.68994
2021-03-03 20:00:00+00:00,1715.83997,1717.22998,1708.22998,1710.55005
2021-03-04 00:00:00+00:00,1710.48999,1716.73999,1708.93994,1709.67004
2021-03-04 04:00:00+00:00,1709.58997,1721.33997,1706.73999,1718.030029
2021-03-04 08:00:00+00:00,1717.63,1719.060059,1706.65002,1715.78003
2021-03-04 12:00:00+00:00,1715.79004,1723.089966,1709.56995,1718.87
2021-03-04 16:00:00+00:00,1718.95996,1722.26001,1690.71997,1699.16003
2021-03-04 20:00:00+00:00,1699.040039,1700.62,1693.38,1694.38
2021-03-05 00:00:00+00:00,1694.41003,1695.72998,1687.48999,1694.44995
2021-03-05 04:00:00+00:00,1694.42004,1700.41003,1691.75,1696.56006
2021-03-05 08:00:00+00:00,1696.68994,1698.87,1691.099976,1694.91003
2021-03-05 12:00:00+00:00,1694.85999,1707.63,1687.44995,1697.13
2021-03-05 16:00:00+00:00,1697.14001,1705.27002,1694.48999,1699.23999
2021-03-05 20:00:00+00:00,1699.099976,1701.80005,1697.68005,1699.92004
2021-03-07 20:00:00+00:00,1703.43005,1714.050049,1703.060059,1707.80005
2021-03-08 00:00:00+00:00,1707.48999,1714.28003,1705.15002,1705.68994
2021-03-08 04:00:00+00:00,1705.71997,1709.66003,1697.22998,1699.34998
2021-03-08 08:00:00+00:00,1699.28003,1700.71997,1685.87,1685.87
2021-03-08 12:00:00+00:00,1685.78003,1696.46997,1679.56995,1681.87
2021-03-08 16:00:00+00:00,1681.77002,1685.22998,1676.93005,1685.22998
2021-03-08 20:00:00+00:00,1685.18005,1685.69995,1680.56006,1684.78003
2021-03-09 00:00:00+00:00,1684.69995,1691.67004,1680.31995,1689.43994
2021-03-09 04:00:00+00:00,1689.48999,1698.41003,1687.31995,1697.46997
2021-03-09 08:00:00+00:00,1697.089966,1711.54004,1695.15002,1709.12
2021-03-09 12:00:00+00:00,1709.030029,1720.68005,1702.73999,1713.14001
2021-03-09 16:00:00+00:00,1713.17004,1719.72998,1712.65002,1717.099976
2021-03-09 20:00:00+00:00,1717.16003,1718.27002,1714.17004,1716.060059
2021-03-10 00:00:00+00:00,1715.96997,1719.65002,1710.89001,1712.64001
2021-03-10 04:00:00+00:00,1712.68994,1716.67004,1709.76001,1715.48999
2021-03-10 08:00:00+00:00,1715.34998,1715.58997,1708.28003,1711.94995
2021-03-10 12:00:00+00:00,1711.80005,1723.65002,1710.68005,1719.17004
2021-03-10 16:00:00+00:00,1719.15002,1725.93994,1714.75,1724.069946
2021-03-10 20:00:00+00:00,1724.050049,1727.21997,1723.48999,1726.81006
2021-03-11 00:00:00+00:00,1726.83997,1734.68005,1723.34998,1731.87
2021-03-11 04:00:00+00:00,1731.87,1737.96997,1730.85999,1736.85999
2021-03-11 08:00:00+00:00,1736.55005,1739.89001,1731.56995,1733.53003
2021-03-11 12:00:00+00:00,1733.51001,1737.16003,1719.41003,1725.51001
2021-03-11 16:00:00+00:00,1725.48999,1728.33997,1721.14001,1724.89001
2021-03-11 20:00:00+00:00,1724.80005,1725.089966,1721.43005,1722.76001
2021-03-12 00:00:00+00:00,1722.71997,1728.02002,1716.98999,1718.39001
2021-03-12 04:00:00+00:00,1718.40002,1719.83997,1707.63,1710.51001
2021-03-12 08:00:00+00:00,1710.44995,1711.28003,1699.28003,1703.38
2021-03-12 12:00:00+00:00,1703.28003,1708.81995,1699.55005,1707.19995
2021-03-12 16:00:00+00:00,1707.13,1725.39001,1706.26001,1722.70996
2021-03-12 20:00:00+00:00,1722.67004,1729.31995,1721.40002,1727.55005
2021-03-14 20:00:00+00:00,1727.54004,1730.37,1724.32996,1725.41003
2021-03-15 00:00:00+00:00,1725.34998,1734.079956,1725.01001,1727.85999
2021-03-15 04:00:00+00:00,1727.81006,1727.98999,1721.73999,1722.73999
2021-03-15 08:00:00+00:00,1722.79004,1732.64001,1722.79004,1729.62
2021-03-15 12:00:00+00:00,1729.82996,1734.56995,1722.82996,1727.25
2021-03-15 16:00:00+00:00,1726.94995,1732.14001,1726.81995,1730.98999
2021-03-15 20:00:00+00:00,1731.040039,1732.26001,1730.35999,1730.79004
2021-03-16 00:00:00+00:00,1730.81006,1734.21997,1729.65002,1733.68005
2021-03-16 04:00:00+00:00,1733.68005,1737.26001,1726.30005,1730.23999
2021-03-16 08:00:00+00:00,1730.16003,1735.67004,1728.93994,1731.44995
2021-03-16 12:00:00+00:00,1731.43994,1741.14001,1726.94995,1729.01001
2021-03-16 16:00:00+00:00,1728.97998,1733.31995,1727.95996,1732.57996
2021-03-16 20:00:00+00:00,1732.65002,1732.67004,1730.56995,1731.71997
2021-03-17 00:00:00+00:00,1731.69995,1736.12,1729.73999,1736.02002
2021-03-17 04:00:00+00:00,1735.96997,1737.93005,1734.28003,1735.38
2021-03-17 08:00:00+00:00,1735.47998,1737.16003,1727.98999,1729.46997
2021-03-17 12:00:00+00:00,1729.53003,1734.69995,1724.28003,1727.32996
2021-03-17 16:00:00+00:00,1727.14001,1751.62,1725.92004,1745.21997
2021-03-17 20:00:00+00:00,1745.26001,1749.68994,1743.77002,1748.57996
2021-03-18 00:00:00+00:00,1748.54004,1755.53003,1747.68994,1749.040039
2021-03-18 04:00:00+00:00,1749.060059,1752.92004,1735.73999,1739.81995
2021-03-18 08:00:00+00:00,1739.58997,1740.93005,1727.83997,1731.26001
2021-03-18 12:00:00+00:00,1731.31995,1733.48999,1719.31006,1730.57996
2021-03-18 16:00:00+00:00,1730.64001,1737.29004,1730.19995,1734.60999
2021-03-18 20:00:00+00:00,1734.93994,1737.77002,1732.5,1735.28003
2021-03-19 00:00:00+00:00,1735.31995,1735.91003,1728.58997,1731.68994
2021-03-19 04:00:00+00:00,1731.65002,1745.42004,1730.050049,1741.78003
2021-03-19 08:00:00+00:00,1741.68994,1744.65002,1735.069946,1740.68005
2021-03-19 12:00:00+00:00,1741.050049,1743.76001,1733.48999,1740.18994
2021-03-19 16:00:00+00:00,1740.030029,1744.23999,1738.52002,1742.51001
2021-03-19 20:00:00+00:00,1742.68005,1746.76001,1741.81995,1745.40002
2021-03-21 20:00:00+00:00,1745.66003,1746.98999,1738.12,1738.31995
2021-03-22 00:00:00+00:00,1738.089966,1741.33997,1732.63,1740.77002
2021-03-22 04:00:00+00:00,1740.76001,1743.13,1727.46997,1729.39001
2021-03-22 08:00:00+00:00,1729.39001,1739.099976,1728.13,1736.35999
2021-03-22 12:00:00+00:00,1736.30005,1738.70996,1730.65002,1738.33997
2021-03-22 16:00:00+00:00,1738.38,1741.12,1737.55005,1739.56006
2021-03-22 20:00:00+00:00,1739.62,1739.93005,1738.19995,1739.41003
2021-03-23 00:00:00+00:00,1739.55005,1740.56006,1731.040039,1735.80005
2021-03-23 04:00:00+00:00,1735.76001,1740.030029,1735.19995,1737.62
2021-03-23 08:00:00+00:00,1737.62,1742.46997,1736.30005,1739.079956
2021-03-23 12:00:00+00:00,1738.89001,1740.97998,1725.16003,1730.31995
2021-03-23 16:00:00+00:00,1730.14001,1730.22998,1724.72998,1727.22998
2021-03-23 20:00:00+00:00,1727.39001,1728.21997,1726.37,1727.18994
2021-03-24 00:00:00+00:00,1727.18994,1734.5,1724.13,1731.79004
2021-03-24 04:00:00+00:00,1731.83997,1733.85999,1727.27002,1728.96997
2021-03-24 08:00:00+00:00,1728.95996,1735.92004,1728.15002,1730.37
2021-03-24 12:00:00+00:00,1730.060059,1734.060059,1728.44995,1733.84998
2021-03-24 16:00:00+00:00,1733.92004,1738.43005,1731.97998,1733.13
2021-03-24 20:00:00+00:00,1733.48999,1735.15002,1733.13,1734.59998
2021-03-25 00:00:00+00:00,1734.59998,1739.17004,1732.01001,1735.38
2021-03-25 04:00:00+00:00,1735.39001,1737.83997,1730.76001,1733.12
2021-03-25 08:00:00+00:00,1733.16003,1734.15002,1727.79004,1728.5
2021-03-25 12:00:00+00:00,1728.27002,1745.51001,1725.030029,1730.91003
2021-03-25 16:00:00+00:00,1730.83997,1732.59998,1722.040039,1726.93005
2021-03-25 20:00:00+00:00,1726.90002,1729.15002,1726.38,1727.37
2021-03-26 00:00:00+00:00,1727.39001,1729.76001,1723.34998,1724.93005
2021-03-26 04:00:00+00:00,1724.98999,1729.68994,1723.94995,1727.43994
2021-03-26 08:00:00+00:00,1727.43005,1732.040039,1721.68994,1725.23999
2021-03-26 12:00:00+00:00,1725.040039,1736.78003,1724.040039,1734.01001
2021-03-26 16:00:00+00:00,1734.19995,1734.63,1730.27002,1731.68994
2021-03-26 20:00:00+00:00,1731.80005,1732.90002,1731.65002,1732.68994
2021-03-28 20:00:00+00:00,1731.90002,1733.20996,1730.73999,1731.16003
2021-03-29 00:00:00+00:00,1731.22998,1732.94995,1726.44995,1729.48999
2021-03-29 04:00:00+00:00,1729.48999,1729.83997,1725.060059,1726.38
2021-03-29 08:00:00+00:00,1726.42004,1728.20996,1723.83997,1726.27002
2021-03-29 12:00:00+00:00,1726.31006,1728.079956,1706.089966,1711.83997
2021-03-29 16:00:00+00:00,1711.65002,1715.58997,1709.82996,1711.56006
2021-03-29 20:00:00+00:00,1711.44995,1713.18005,1710.51001,1712.040039
2021-03-30 00:00:00+00:00,1712.040039,1714.44995,1704.77002,1707.46997
2021-03-30 04:00:00+00:00,1707.51001,1708.54004,1695.63,1697.18994
2021-03-30 08:00:00+00:00,1697.38,1700.95996,1686.41003,1688.44995
2021-03-30 12:00:00+00:00,1688.15002,1690.55005,1678.90002,1687.040039
2021-03-30 16:00:00+00:00,1686.94995,1687.21997,1681.65002,1682.18005
2021-03-30 20:00:00+00:00,1682.16003,1685.90002,1682.16003,1685.58997
2021-03-31 00:00:00+00:00,1685.59998,1686.46997,1678.030029,1679.54004
2021-03-31 04:00:00+00:00,1679.48999,1688.81006,1678.65002,1684.17004
2021-03-31 08:00:00+00:00,1684.20996,1689.15002,1682.73999,1684.96997
2021-03-31 12:00:00+00:00,1684.89001,1708.68994,1682.44995,1708.18005
2021-03-31 16:00:00+00:00,1708.32996,1715.31995,1706.56006,1707.54004
2021-03-31 20:00:00+00:00,1707.69995,1709.18005,1705.93994,1707.45996
2021-04-01 00:00:00+00:00,1707.69995,1714.17004,1705.83997,1712.90002
2021-04-01 04:00:00+00:00,1712.87,1719.85999,1710.25,1718.57996
2021-04-01 08:00:00+00:00,1718.53003,1719.68005,1710.58997,1716.81006
2021-04-01 12:00:00+00:00,1716.94995,1730.15002,1715.67004,1728.42004
2021-04-01 16:00:00+00:00,1728.31006,1730.12,1725.31006,1729.060059
2021-04-01 20:00:00+00:00,1729.040039,1730.57996,1728.16003,1729.56995
2021-04-04 21:00:00+00:00,1728.089966,1729.93005,1726.30005,1728.030029
2021-04-05 01:00:00+00:00,1727.98999,1729.93005,1723.78003,1724.56995
2021-04-05 05:00:00+00:00,1724.54004,1728.54004,1721.35999,1725.54004
2021-04-05 09:00:00+00:00,1725.42004,1729.70996,1721.97998,1723.30005
2021-04-05 13:00:00+00:00,1723.27002,1733.56006,1722.53003,1728.14001
2021-04-05 17:00:00+00:00,1728.12,1728.59998,1725.079956,1728.16003
2021-04-05 21:00:00+00:00,1728.59998,1730.88,1727.31006,1729.25
2021-04-06 01:00:00+00:00,1729.51001,1736.01001,1728.63,1735.79004
2021-04-06 05:00:00+00:00,1735.78003,1738.58997,1727.81006,1732.66003
2021-04-06 09:00:00+00:00,1732.77002,1738.98999,1730.43994,1735.91003
2021-04-06 13:00:00+00:00,1736.12,1745.43005,1734.21997,1743.31995
2021-04-06 17:00:00+00:00,1743.29004,1744.44995,1740.030029,1743.15002
2021-04-06 21:00:00+00:00,1743.01001,1744.40002,1740.62,1741.13
2021-04-07 01:00:00+00:00,1741.079956,1741.79004,1735.91003,1739.14001
2021-04-07 05:00:00+00:00,1739.099976,1742.34998,1736.33997,1738.050049
2021-04-07 09:00:00+00:00,1737.95996,1739.30005,1730.78003,1737.96997
2021-04-07 13:00:00+00:00,1738.10999,1743.20996,1734.67004,1740.54004
2021-04-07 17:00:00+00:00,1740.43005,1742.60999,1735.66003,1737.70996
2021-04-07 21:00:00+00:00,1737.93005,1738.35999,1735.38,1736.33997
2021-04-08 01:00:00+00:00,1736.12,1740.28003,1733.26001,1739.97998
2021-04-08 05:00:00+00:00,1739.94995,1747.68994,1739.63,1743.26001
2021-04-08 09:00:00+00:00,1743.31995,1751.27002,1742.31995,1747.53003
2021-04-08 13:00:00+00:00,1747.58997,1758.71997,1747.52002,1757.12
2021-04-08 17:00:00+00:00,1757.099976,1757.70996,1754.20996,1755.62
2021-04-08 21:00:00+00:00,1755.60999,1756.060059,1753.26001,1755.26001
2021-04-09 01:00:00+00:00,1755.33997,1757.39001,1751.5,1752.13
2021-04-09 05:00:00+00:00,1752.18005,1752.66003,1744.099976,1745.55005
2021-04-09 09:00:00+00:00,1745.52002,1748.95996,1735.88,1738.57996
2021-04-09 13:00:00+00:00,1738.38,1746.79004,1731.31006,1745.0
2021-04-09 17:00:00+00:00,1745.040039,1745.71997,1741.46997,1743.93994
2021-04-11 21:00:00+00:00,1742.98999,1744.18005,1740.51001,1741.81006
2021-04-12 01:00:00+00:00,1742.16003,1743.44995,1736.85999,1738.57996
2021-04-12 05:00:00+00:00,1738.56995,1742.18994,1735.32996,1737.97998
2021-04-12 09:00:00+00:00,1737.98999,1744.98999,1737.89001,1738.97998
2021-04-12 13:00:00+00:00,1738.91003,1740.31995,1730.55005,1732.96997
2021-04-12 17:00:00+00:00,1732.97998,1733.98999,1727.51001,1732.94995
2021-04-12 21:00:00+00:00,1732.69995,1733.68005,1729.77002,1730.63
2021-04-13 01:00:00+00:00,1730.54004,1736.43994,1728.26001,1730.030029
2021-04-13 05:00:00+00:00,1729.96997,1730.82996,1723.80005,1728.31006
2021-04-13 09:00:00+00:00,1728.26001,1742.14001,1724.68994,1736.46997
2021-04-13 13:00:00+00:00,1736.87,1748.95996,1736.64001,1742.66003
2021-04-13 17:00:00+00:00,1742.64001,1747.65002,1742.64001,1745.30005
2021-04-13 21:00:00+00:00,1745.78003,1747.32996,1744.31006,1747.050049
2021-04-14 01:00:00+00:00,1747.48999,1749.37,1742.84998,1742.90002
2021-04-14 05:00:00+00:00,1742.88,1748.65002,1740.88,1745.76001
2021-04-14 09:00:00+00:00,1745.77002,1747.10999,1741.73999,1744.35999
2021-04-14 13:00:00+00:00,1744.43994,1744.77002,1732.66003,1736.51001
2021-04-14 17:00:00+00:00,1736.47998,1737.68005,1734.10999,1736.38
2021-04-14 21:00:00+00:00,1736.32996,1738.92004,1735.48999,1738.53003
2021-04-15 05:00:00+00:00,1740.31006,1747.93994,1740.21997,1747.93994
2021-04-15 09:00:00+00:00,1747.92004,1752.28003,1744.63,1746.70996
2021-04-15 13:00:00+00:00,1747.01001,1769.64001,1745.91003,1767.60999
2021-04-15 17:00:00+00:00,1767.51001,1768.15002,1763.14001,1763.91003
2021-04-15 21:00:00+00:00,1763.83997,1766.13,1762.42004,1762.76001
2021-04-16 01:00:00+00:00,1762.54004,1765.01001,1759.82996,1764.95996
2021-04-16 05:00:00+00:00,1764.92004,1767.23999,1761.62,1766.099976
2021-04-16 09:00:00+00:00,1766.12,1783.82996,1765.52002,1780.81006
2021-04-16 13:00:00+00:00,1781.30005,1782.34998,1772.26001,1780.02002
2021-04-16 17:00:00+00:00,1780.030029,1780.35999,1774.51001,1776.37
2021-04-18 21:00:00+00:00,1777.63,1783.66003,1774.92004,1782.18005
2021-04-19 01:00:00+00:00,1782.30005,1783.23999,1773.26001,1778.01001
2021-04-19 05:00:00+00:00,1777.98999,1788.59998,1775.41003,1787.060059
2021-04-19 09:00:00+00:00,1787.16003,1790.060059,1775.030029,1776.22998
2021-04-19 13:00:00+00:00,1776.069946,1776.88,1766.84998,1771.47998
2021-04-19 17:00:00+00:00,1771.5,1772.050049,1769.60999,1771.43005
2021-04-19 21:00:00+00:00,1770.82996,1772.78003,1768.53003,1768.75
2021-04-20 01:00:00+00:00,1768.78003,1775.73999,1765.65002,1772.43005
2021-04-20 05:00:00+00:00,1772.37,1774.37,1765.35999,1768.23999
2021-04-20 09:00:00+00:00,1768.30005,1775.68005,1763.73999,1769.62
2021-04-20 13:00:00+00:00,1769.69995,1780.5,1766.15002,1777.84998
2021-04-20 17:00:00+00:00,1778.089966,1779.73999,1776.96997,1778.88
2021-04-20 21:00:00+00:00,1778.89001,1780.089966,1776.34998,1777.54004
2021-04-21 01:00:00+00:00,1777.32996,1784.76001,1777.20996,1781.20996
2021-04-21 05:00:00+00:00,1781.20996,1788.41003,1778.030029,1778.32996
2021-04-21 09:00:00+00:00,1778.56995,1787.88,1777.83997,1786.43005
2021-04-21 13:00:00+00:00,1786.37,1797.69995,1783.48999,1790.91003
2021-04-21 17:00:00+00:00,1790.93005,1795.31006,1790.87,1793.69995
2021-04-21 21:00:00+00:00,1794.19995,1795.15002,1792.56006,1794.030029
2021-04-22 01:00:00+00:00,1794.060059,1797.91003,1790.38,1793.41003
2021-04-22 05:00:00+00:00,1793.44995,1794.71997,1788.41003,1789.91003
2021-04-22 09:00:00+00:00,1789.93994,1790.76001,1782.32996,1785.19995
2021-04-22 13:00:00+00:00,1784.71997,1788.23999,1777.51001,1781.90002
2021-04-22 17:00:00+00:00,1781.81995,1784.51001,1778.79004,1783.98999
2021-04-22 21:00:00+00:00,1784.050049,1786.23999,1783.0,1784.099976
2021-04-23 01:00:00+00:00,1784.050049,1789.77002,1783.37,1784.96997
2021-04-23 05:00:00+00:00,1784.98999,1786.91003,1781.75,1785.13
2021-04-23 09:00:00+00:00,1784.73999,1795.21997,1784.089966,1793.56995
2021-04-23 13:00:00+00:00,1793.57996,1795.93994,1770.060059,1777.62
2021-04-23 17:00:00+00:00,1777.71997,1779.26001,1775.53003,1777.10999
2021-04-25 21:00:00+00:00,1775.96997,1779.21997,1773.93994,1778.46997
2021-04-26 01:00:00+00:00,1778.42004,1782.94995,1778.089966,1780.34998
2021-04-26 05:00:00+00:00,1780.40002,1783.54004,1775.060059,1779.62
2021-04-26 09:00:00+00:00,1779.66003,1782.26001,1769.18994,1776.66003
2021-04-26 13:00:00+00:00,1776.91003,1780.22998,1772.70996,1778.91003
2021-04-26 17:00:00+00:00,1778.94995,1782.46997,1778.88,1781.37
2021-04-26 21:00:00+00:00,1781.31995,1782.38,1779.92004,1781.40002
2021-04-27 01:00:00+00:00,1781.44995,1783.98999,1773.80005,1781.58997
2021-04-27 05:00:00+00:00,1781.71997,1783.43994,1776.089966,1779.32996
2021-04-27 09:00:00+00:00,1779.26001,1785.58997,1778.44995,1783.01001
2021-04-27 13:00:00+00:00,1783.079956,1785.46997,1777.77002,1778.29004
2021-04-27 17:00:00+00:00,1778.32996,1779.95996,1775.53003,1776.67004
2021-04-27 21:00:00+00:00,1776.68994,1777.13,1769.93005,1771.84998
2021-04-28 01:00:00+00:00,1771.26001,1773.13,1766.54004,1771.099976
2021-04-28 05:00:00+00:00,1771.069946,1771.90002,1766.30005,1769.85999
2021-04-28 09:00:00+00:00,1769.73999,1770.069946,1762.76001,1769.58997
2021-04-28 13:00:00+00:00,1769.90002,1775.83997,1767.099976,1774.67004
2021-04-28 17:00:00+00:00,1774.68994,1782.58997,1770.62,1781.58997
2021-04-28 21:00:00+00:00,1781.96997,1785.71997,1781.35999,1784.82996
2021-04-29 01:00:00+00:00,1784.82996,1790.0,1783.77002,1785.19995
2021-04-29 05:00:00+00:00,1785.19995,1785.83997,1775.67004,1777.42004
2021-04-29 09:00:00+00:00,1777.38,1781.40002,1772.31006,1780.26001
2021-04-29 13:00:00+00:00,1779.94995,1780.42004,1756.41003,1768.70996
2021-04-29 17:00:00+00:00,1768.71997,1774.96997,1767.69995,1772.12
2021-04-29 21:00:00+00:00,1772.94995,1773.71997,1768.71997,1769.85999
2021-04-30 01:00:00+00:00,1769.53003,1770.28003,1765.53003,1768.81995
2021-04-30 05:00:00+00:00,1768.83997,1773.26001,1767.079956,1769.62
2021-04-30 09:00:00+00:00,1769.66003,1772.52002,1765.73999,1769.43005
2021-04-30 13:00:00+00:00,1769.80005,1772.32996,1764.35999,1767.91003
2021-04-30 17:00:00+00:00,1767.90002,1770.55005,1766.54004,1768.96997
2021-05-02 21:00:00+00:00,1768.15002,1770.94995,1766.18994,1770.93005
2021-05-03 01:00:00+00:00,1770.94995,1775.70996,1770.18994,1774.33997
2021-05-03 05:00:00+00:00,1774.31995,1781.57996,1772.43005,1775.70996
2021-05-03 09:00:00+00:00,1775.67004,1787.050049,1775.38,1784.58997
2021-05-03 13:00:00+00:00,1784.68994,1798.01001,1784.68994,1792.92004
2021-05-03 17:00:00+00:00,1792.95996,1793.98999,1790.69995,1792.84998
2021-05-03 21:00:00+00:00,1792.85999,1793.33997,1790.81006,1791.14001
2021-05-04 01:00:00+00:00,1791.35999,1791.73999,1788.48999,1788.79004
2021-05-04 05:00:00+00:00,1788.68994,1790.56995,1784.050049,1785.98999
2021-05-04 09:00:00+00:00,1785.81006,1788.81995,1780.87,1788.44995
2021-05-04 13:00:00+00:00,1788.52002,1799.079956,1771.28003,1776.099976
2021-05-04 17:00:00+00:00,1776.10999,1780.030029,1776.050049,1779.38
2021-05-04 21:00:00+00:00,1778.89001,1779.54004,1776.81995,1777.62
2021-05-05 01:00:00+00:00,1779.41003,1783.33997,1778.44995,1780.70996
2021-05-05 05:00:00+00:00,1780.69995,1780.93994,1774.33997,1775.28003
2021-05-05 09:00:00+00:00,1774.95996,1782.66003,1770.56995,1781.90002
2021-05-05 13:00:00+00:00,1782.060059,1785.22998,1778.76001,1784.28003
2021-05-05 17:00:00+00:00,1784.26001,1787.98999,1783.079956,1786.73999
2021-05-05 21:00:00+00:00,1787.050049,1787.71997,1783.18005,1783.53003
2021-05-06 01:00:00+00:00,1783.43005,1790.18005,1782.12,1788.70996
2021-05-06 05:00:00+00:00,1788.64001,1795.81006,1788.62,1795.19995
2021-05-06 09:00:00+00:00,1795.20996,1796.58997,1788.51001,1793.66003
2021-05-06 13:00:00+00:00,1793.70996,1818.089966,1790.90002,1815.83997
2021-05-06 17:00:00+00:00,1815.85999,1816.30005,1812.92004,1815.18005
2021-05-06 21:00:00+00:00,1814.87,1815.78003,1813.40002,1814.67004
2021-05-07 01:00:00+00:00,1814.62,1822.33997,1812.93994,1819.38
2021-05-07 05:00:00+00:00,1819.43994,1823.12,1817.43005,1820.82996
2021-05-07 09:00:00+00:00,1820.68994,1843.35999,1817.43005,1838.72998
2021-05-07 13:00:00+00:00,1839.23999,1842.18994,1825.96997,1832.80005
2021-05-07 17:00:00+00:00,1832.78003,1832.78003,1829.43994,1831.13
2021-05-09 21:00:00+00:00,1833.40002,1837.01001,1830.59998,1833.21997
2021-05-10 01:00:00+00:00,1833.17004,1835.13,1830.16003,1834.28003
2021-05-10 05:00:00+00:00,1834.29004,1839.26001,1833.58997,1836.32996
2021-05-10 09:00:00+00:00,1836.13,1843.030029,1834.73999,1842.42004
2021-05-10 13:00:00+00:00,1842.16003,1845.37,1835.56995,1837.73999
2021-05-10 17:00:00+00:00,1837.76001,1838.71997,1834.060059,1836.15002
2021-05-10 21:00:00+00:00,1836.29004,1836.73999,1832.68005,1833.98999
2021-05-11 01:00:00+00:00,1834.050049,1838.43994,1831.43005,1836.22998
2021-05-11 05:00:00+00:00,1836.27002,1838.12,1832.82996,1836.23999
2021-05-11 09:00:00+00:00,1836.16003,1841.84998,1826.12,1826.72998
2021-05-11 13:00:00+00:00,1826.56006,1836.0,1818.23999,1835.26001
2021-05-11 17:00:00+00:00,1835.18994,1838.41003,1833.57996,1837.44995
2021-05-11 21:00:00+00:00,1837.37,1837.78003,1833.5,1834.38
2021-05-12 01:00:00+00:00,1834.099976,1834.54004,1826.10999,1830.14001
2021-05-12 05:00:00+00:00,1830.030029,1835.69995,1828.68005,1833.57996
2021-05-12 09:00:00+00:00,1833.45996,1840.80005,1821.52002,1839.81995
2021-05-12 13:00:00+00:00,1840.68005,1843.62,1819.12,1820.40002
2021-05-12 17:00:00+00:00,1820.41003,1825.19995,1813.42004,1815.64001
2021-05-12 21:00:00+00:00,1815.92004,1819.21997,1813.37,1818.65002
2021-05-13 01:00:00+00:00,1818.53003,1823.069946,1816.62,1819.31995
2021-05-13 05:00:00+00:00,1819.35999,1822.35999,1812.68994,1815.22998
2021-05-13 09:00:00+00:00,1815.060059,1821.050049,1808.92004,1817.01001
2021-05-13 13:00:00+00:00,1817.51001,1828.73999,1815.88,1826.23999
2021-05-13 17:00:00+00:00,1826.38,1828.44995,1821.85999,1826.60999
2021-05-13 21:00:00+00:00,1826.53003,1827.32996,1824.030029,1825.83997
2021-05-14 01:00:00+00:00,1826.13,1826.56995,1819.87,1823.76001
2021-05-14 05:00:00+00:00,1823.71997,1836.30005,1822.68005,1834.93994
2021-05-14 09:00:00+00:00,1835.050049,1839.66003,1833.030029,1837.0
2021-05-14 13:00:00+00:00,1837.23999,1841.22998,1834.43005,1839.45996
2021-05-14 17:00:00+00:00,1839.26001,1845.17004,1837.83997,1843.27002
2021-05-16 21:00:00+00:00,1842.079956,1848.050049,1842.079956,1844.26001
2021-05-17 01:00:00+00:00,1844.030029,1853.30005,1843.67004,1852.83997
2021-05-17 05:00:00+00:00,1852.79004,1855.45996,1852.27002,1853.27002
2021-05-17 09:00:00+00:00,1853.20996,1853.28003,1845.040039,1845.81006
2021-05-17 13:00:00+00:00,1845.80005,1868.19995,1844.079956,1868.12
2021-05-17 17:00:00+00:00,1868.02002,1868.51001,1865.46997,1866.81006
2021-05-17 21:00:00+00:00,1866.73999,1869.91003,1865.34998,1869.19995
2021-05-18 01:00:00+00:00,1869.20996,1873.51001,1866.88,1868.13
2021-05-18 05:00:00+00:00,1868.12,1871.69995,1867.56006,1869.55005
2021-05-18 09:00:00+00:00,1869.51001,1875.040039,1865.34998,1871.31006
2021-05-18 13:00:00+00:00,1871.68005,1873.43994,1863.40002,1867.43005
2021-05-18 17:00:00+00:00,1867.44995,1870.21997,1867.12,1869.32996
2021-05-18 21:00:00+00:00,1869.46997,1871.43994,1868.15002,1869.76001
2021-05-19 01:00:00+00:00,1869.67004,1871.52002,1864.60999,1868.079956
2021-05-19 05:00:00+00:00,1868.060059,1873.98999,1860.16003,1863.13
2021-05-19 09:00:00+00:00,1863.29004,1872.63,1852.32996,1872.63
2021-05-19 13:00:00+00:00,1872.59998,1890.12,1865.10999,1881.72998
2021-05-19 17:00:00+00:00,1882.069946,1882.69995,1862.17004,1869.62
2021-05-19 21:00:00+00:00,1870.01001,1872.10999,1863.96997,1871.88
2021-05-20 01:00:00+00:00,1871.96997,1877.68005,1865.37,1875.55005
2021-05-20 05:00:00+00:00,1875.54004,1879.12,1870.64001,1872.31995
2021-05-20 09:00:00+00:00,1872.31006,1872.92004,1865.32996,1871.15002
2021-05-20 13:00:00+00:00,1871.52002,1883.82996,1869.87,1882.76001
2021-05-20 17:00:00+00:00,1882.68994,1883.89001,1873.37,1877.099976
2021-05-20 21:00:00+00:00,1877.27002,1878.47998,1873.75,1874.65002
2021-05-21 01:00:00+00:00,1874.66003,1877.089966,1870.44995,1876.16003
2021-05-21 05:00:00+00:00,1876.14001,1878.079956,1872.76001,1876.26001
2021-05-21 09:00:00+00:00,1876.25,1888.21997,1876.15002,1887.19995
2021-05-21 13:00:00+00:00,1887.01001,1889.40002,1870.20996,1872.93005
2021-05-21 17:00:00+00:00,1872.85999,1882.46997,1872.80005,1881.20996
2021-05-23 21:00:00+00:00,1882.079956,1884.45996,1880.21997,1881.050049
2021-05-24 01:00:00+00:00,1881.089966,1887.050049,1879.89001,1884.64001
2021-05-24 05:00:00+00:00,1884.64001,1886.32996,1875.28003,1877.65002
2021-05-24 09:00:00+00:00,1877.65002,1886.29004,1877.38,1880.12
2021-05-24 13:00:00+00:00,1880.51001,1885.68005,1877.98999,1883.93994
2021-05-24 17:00:00+00:00,1883.97998,1884.72998,1880.58997,1880.88
2021-05-24 21:00:00+00:00,1880.92004,1881.64001,1876.34998,1878.75
2021-05-25 01:00:00+00:00,1878.82996,1880.050049,1872.78003,1879.66003
2021-05-25 05:00:00+00:00,1879.78003,1887.22998,1873.40002,1882.81995
2021-05-25 09:00:00+00:00,1882.73999,1884.88,1879.92004,1883.31995
2021-05-25 13:00:00+00:00,1883.31006,1896.02002,1879.98999,1895.37
2021-05-25 17:00:00+00:00,1895.38,1900.32996,1895.17004,1899.02002
2021-05-25 21:00:00+00:00,1899.01001,1900.20996,1897.089966,1897.98999
2021-05-26 01:00:00+00:00,1898.01001,1907.81995,1898.01001,1906.56006
2021-05-26 05:00:00+00:00,1906.59998,1910.20996,1900.57996,1906.54004
2021-05-26 09:00:00+00:00,1906.46997,1912.79004,1903.70996,1908.099976
2021-05-26 13:00:00+00:00,1907.65002,1908.17004,1899.22998,1902.37
2021-05-26 17:00:00+00:00,1902.44995,1903.079956,1890.82996,1896.78003
2021-05-26 21:00:00+00:00,1896.42004,1897.78003,1893.78003,1894.64001
2021-05-27 01:00:00+00:00,1894.55005,1899.67004,1892.21997,1899.39001
2021-05-27 05:00:00+00:00,1899.52002,1903.73999,1894.20996,1896.46997
2021-05-27 09:00:00+00:00,1896.51001,1898.84998,1889.62,1897.47998
2021-05-27 13:00:00+00:00,1897.48999,1898.87,1888.43994,1891.62
2021-05-27 17:00:00+00:00,1891.65002,1898.93994,1891.60999,1896.5
2021-05-27 21:00:00+00:00,1896.83997,1898.65002,1896.26001,1896.91003
2021-05-28 01:00:00+00:00,1897.18994,1898.15002,1892.64001,1893.02002
2021-05-28 05:00:00+00:00,1893.030029,1894.79004,1888.01001,1893.58997
2021-05-28 09:00:00+00:00,1893.51001,1896.31995,1882.46997,1892.98999
2021-05-28 13:00:00+00:00,1893.01001,1900.63,1890.31995,1899.75
2021-05-28 17:00:00+00:00,1899.98999,1905.81995,1899.98999,1903.66003
2021-05-30 21:00:00+00:00,1903.67004,1905.68005,1902.71997,1904.96997
2021-05-31 01:00:00+00:00,1904.94995,1910.64001,1904.81006,1906.92004
2021-05-31 05:00:00+00:00,1906.90002,1908.12,1903.57996,1906.44995
2021-05-31 09:00:00+00:00,1906.45996,1907.089966,1902.18005,1905.31006
2021-05-31 13:00:00+00:00,1905.29004,1907.01001,1903.73999,1906.78003
2021-05-31 17:00:00+00:00,1906.79004,1907.28003,1906.79004,1907.28003
2021-05-31 21:00:00+00:00,1907.62,1908.73999,1906.28003,1908.16003
2021-06-01 01:00:00+00:00,1908.28003,1914.5,1906.23999,1910.68994
2021-06-01 05:00:00+00:00,1910.69995,1916.58997,1905.26001,1911.62
2021-06-01 09:00:00+00:00,1911.46997,1911.95996,1904.55005,1910.30005
2021-06-01 13:00:00+00:00,1910.37,1912.030029,1892.52002,1903.38
2021-06-01 17:00:00+00:00,1903.32996,1903.71997,1898.90002,1900.33997
2021-06-01 21:00:00+00:00,1900.18005,1900.59998,1897.79004,1898.96997
2021-06-02 01:00:00+00:00,1898.92004,1902.28003,1896.14001,1896.35999
2021-06-02 05:00:00+00:00,1896.40002,1900.75,1895.27002,1896.38
2021-06-02 09:00:00+00:00,1896.45996,1906.94995,1894.46997,1904.65002
2021-06-02 13:00:00+00:00,1904.73999,1908.76001,1900.65002,1906.51001
2021-06-02 17:00:00+00:00,1906.58997,1909.12,1905.64001,1908.23999
2021-06-02 21:00:00+00:00,1908.19995,1909.63,1907.43005,1908.44995
2021-06-03 01:00:00+00:00,1908.43005,1909.64001,1903.59998,1903.68994
2021-06-03 05:00:00+00:00,1903.66003,1904.10999,1890.84998,1894.42004
2021-06-03 09:00:00+00:00,1894.16003,1898.14001,1882.26001,1882.26001
2021-06-03 13:00:00+00:00,1882.31995,1883.70996,1865.48999,1871.050049
2021-06-03 17:00:00+00:00,1871.050049,1874.15002,1870.32996,1870.78003
2021-06-03 21:00:00+00:00,1871.62,1872.16003,1868.83997,1869.46997
2021-06-04 01:00:00+00:00,1868.90002,1872.10999,1856.099976,1868.41003
2021-06-04 05:00:00+00:00,1868.42004,1875.13,1865.68005,1869.62
2021-06-04 09:00:00+00:00,1869.78003,1885.96997,1868.79004,1884.55005
2021-06-04 13:00:00+00:00,1884.75,1896.18994,1884.75,1889.35999
2021-06-04 17:00:00+00:00,1889.38,1892.20996,1888.31995,1891.12
2021-06-06 21:00:00+00:00,1891.39001,1891.76001,1888.81006,1890.81995
2021-06-07 01:00:00+00:00,1890.97998,1891.85999,1885.01001,1885.95996
2021-06-07 05:00:00+00:00,1885.81006,1887.30005,1881.58997,1884.64001
2021-06-07 09:00:00+00:00,1884.69995,1888.34998,1882.92004,1887.28003
2021-06-07 13:00:00+00:00,1887.21997,1895.63,1886.10999,1895.13
2021-06-07 17:00:00+00:00,1895.18994,1900.13,1894.81995,1899.28003
2021-06-07 21:00:00+00:00,1899.18005,1901.43994,1898.40002,1901.43994
2021-06-08 01:00:00+00:00,1901.45996,1903.35999,1895.32996,1897.16003
2021-06-08 05:00:00+00:00,1897.18005,1898.51001,1889.81006,1892.69995
2021-06-08 09:00:00+00:00,1892.23999,1903.76001,1889.97998,1893.12
2021-06-08 13:00:00+00:00,1893.10999,1896.22998,1883.83997,1892.48999
2021-06-08 17:00:00+00:00,1892.41003,1894.069946,1891.65002,1892.84998
2021-06-08 21:00:00+00:00,1892.43005,1895.16003,1891.73999,1895.16003
2021-06-09 01:00:00+00:00,1895.70996,1896.37,1891.51001,1894.030029
2021-06-09 05:00:00+00:00,1894.069946,1895.68994,1888.40002,1889.43994
2021-06-09 09:00:00+00:00,1889.35999,1895.79004,1887.40002,1893.75
2021-06-09 13:00:00+00:00,1893.95996,1898.91003,1888.12,1891.19995
2021-06-09 17:00:00+00:00,1891.16003,1893.26001,1888.53003,1888.53003
2021-06-09 21:00:00+00:00,1888.88,1889.41003,1885.54004,1886.060059
2021-06-10 01:00:00+00:00,1885.98999,1888.88,1884.31006,1885.51001
2021-06-10 05:00:00+00:00,1885.48999,1888.040039,1876.59998,1882.35999
2021-06-10 09:00:00+00:00,1882.34998,1891.62,1869.98999,1891.12
2021-06-10 13:00:00+00:00,1891.57996,1894.76001,1884.98999,1893.76001
2021-06-10 17:00:00+00:00,1893.83997,1899.93994,1892.81995,1898.030029
2021-06-10 21:00:00+00:00,1898.40002,1899.68005,1897.41003,1899.59998
2021-06-11 01:00:00+00:00,1899.75,1900.93994,1897.63,1900.34998
2021-06-11 05:00:00+00:00,1900.30005,1903.01001,1893.81995,1895.23999
2021-06-11 09:00:00+00:00,1895.23999,1896.16003,1883.80005,1884.16003
2021-06-11 13:00:00+00:00,1884.29004,1886.73999,1875.48999,1879.21997
2021-06-11 17:00:00+00:00,1879.17004,1879.21997,1874.65002,1877.71997
2021-06-13 21:00:00+00:00,1876.78003,1877.85999,1870.65002,1871.01001
2021-06-14 01:00:00+00:00,1870.89001,1871.80005,1860.37,1865.59998
2021-06-14 05:00:00+00:00,1865.45996,1866.18005,1855.050049,1858.099976
2021-06-14 09:00:00+00:00,1857.83997,1861.54004,1844.94995,1848.28003
2021-06-14 13:00:00+00:00,1848.10999,1869.80005,1847.21997,1864.20996
2021-06-14 17:00:00+00:00,1864.21997,1866.53003,1863.27002,1866.19995
2021-06-14 21:00:00+00:00,1866.28003,1867.78003,1865.82996,1866.5
2021-06-15 01:00:00+00:00,1866.52002,1867.93005,1858.79004,1864.53003
2021-06-15 05:00:00+00:00,1864.62,1869.15002,1862.30005,1864.18994
2021-06-15 09:00:00+00:00,1864.14001,1867.53003,1861.59998,1865.57996
2021-06-15 13:00:00+00:00,1865.77002,1868.13,1851.69995,1852.31006
2021-06-15 17:00:00+00:00,1852.19995,1859.38,1852.19995,1858.88
2021-06-15 21:00:00+00:00,1859.41003,1860.84998,1854.62,1854.62
2021-06-16 01:00:00+00:00,1854.26001,1860.53003,1853.29004,1860.01001
2021-06-16 05:00:00+00:00,1860.030029,1861.47998,1857.060059,1860.01001
2021-06-16 09:00:00+00:00,1860.040039,1860.59998,1852.88,1857.89001
2021-06-16 13:00:00+00:00,1857.81995,1861.53003,1855.13,1859.32996
2021-06-16 17:00:00+00:00,1859.33997,1863.30005,1804.82996,1811.65002
2021-06-16 21:00:00+00:00,1812.21997,1819.82996,1809.84998,1817.81995
2021-06-17 01:00:00+00:00,1816.95996,1825.31995,1816.12,1821.53003
2021-06-17 05:00:00+00:00,1821.43994,1821.44995,1802.81995,1804.81006
2021-06-17 09:00:00+00:00,1804.78003,1808.43994,1776.19995,1785.62
2021-06-17 13:00:00+00:00,1784.88,1790.46997,1767.33997,1770.5
2021-06-17 17:00:00+00:00,1770.76001,1781.98999,1769.83997,1773.27002
2021-06-17 21:00:00+00:00,1773.12,1779.60999,1773.12,1779.23999
2021-06-18 01:00:00+00:00,1779.47998,1787.19995,1777.38,1784.57996
2021-06-18 05:00:00+00:00,1784.73999,1794.60999,1782.18005,1791.21997
2021-06-18 09:00:00+00:00,1791.26001,1797.089966,1775.39001,1777.23999
2021-06-18 13:00:00+00:00,1777.54004,1780.28003,1769.13,1772.030029
2021-06-18 17:00:00+00:00,1772.18005,1774.71997,1761.14001,1764.32996
2021-06-20 21:00:00+00:00,1764.88,1773.28003,1764.88,1773.21997
2021-06-21 01:00:00+00:00,1773.089966,1776.91003,1770.85999,1773.21997
2021-06-21 05:00:00+00:00,1772.96997,1785.72998,1766.63,1784.94995
2021-06-21 09:00:00+00:00,1784.95996,1785.89001,1773.88,1775.079956
2021-06-21 13:00:00+00:00,1774.97998,1786.51001,1773.56995,1783.21997
2021-06-21 17:00:00+00:00,1783.23999,1785.17004,1782.15002,1783.12
2021-06-21 21:00:00+00:00,1783.0,1787.57996,1783.0,1786.02002
2021-06-22 01:00:00+00:00,1785.56995,1790.15002,1783.01001,1788.14001
2021-06-22 05:00:00+00:00,1788.21997,1788.21997,1776.53003,1778.65002
2021-06-22 09:00:00+00:00,1778.37,1787.62,1772.55005,1774.91003
2021-06-22 13:00:00+00:00,1774.67004,1781.33997,1773.17004,1778.26001
2021-06-22 17:00:00+00:00,1778.33997,1783.15002,1775.31006,1778.76001
2021-06-22 21:00:00+00:00,1778.88,1779.85999,1777.27002,1778.85999
2021-06-23 01:00:00+00:00,1778.81006,1783.93994,1777.88,1782.02002
2021-06-23 05:00:00+00:00,1782.15002,1784.55005,1777.81006,1782.84998
2021-06-23 09:00:00+00:00,1782.87,1786.94995,1780.17004,1782.57996
2021-06-23 13:00:00+00:00,1782.70996,1794.93994,1781.43994,1783.38
2021-06-23 17:00:00+00:00,1783.38,1783.90002,1773.38,1778.98999
2021-06-23 21:00:00+00:00,1778.81995,1780.21997,1774.32996,1778.84998
2021-06-24 01:00:00+00:00,1778.77002,1780.050049,1773.01001,1775.12
2021-06-24 05:00:00+00:00,1775.16003,1782.34998,1773.98999,1779.87
2021-06-24 09:00:00+00:00,1779.81995,1787.98999,1779.59998,1783.41003
2021-06-24 13:00:00+00:00,1783.63,1786.76001,1776.060059,1776.79004
2021-06-24 17:00:00+00:00,1776.56995,1777.88,1773.69995,1775.14001
2021-06-24 21:00:00+00:00,1775.91003,1777.28003,1773.77002,1774.069946
2021-06-25 01:00:00+00:00,1774.10999,1779.68994,1773.82996,1776.35999
2021-06-25 05:00:00+00:00,1776.28003,1783.71997,1775.90002,1782.73999
2021-06-25 09:00:00+00:00,1782.70996,1790.33997,1781.46997,1785.48999
2021-06-25 13:00:00+00:00,1785.88,1789.64001,1776.38,1777.27002
2021-06-25 17:00:00+00:00,1777.28003,1781.66003,1776.72998,1781.63
2021-06-27 21:00:00+00:00,1781.16003,1782.91003,1780.01001,1780.65002
2021-06-28 01:00:00+00:00,1780.53003,1781.71997,1770.73999,1780.91003
2021-06-28 05:00:00+00:00,1780.89001,1785.80005,1774.30005,1779.20996
2021-06-28 09:00:00+00:00,1779.30005,1779.55005,1773.54004,1777.73999
2021-06-28 13:00:00+00:00,1777.56006,1782.89001,1777.089966,1779.69995
2021-06-28 17:00:00+00:00,1779.58997,1780.51001,1777.81006,1778.39001
2021-06-28 21:00:00+00:00,1778.44995,1778.94995,1775.35999,1775.87
2021-06-29 01:00:00+00:00,1775.90002,1777.64001,1773.94995,1774.65002
2021-06-29 05:00:00+00:00,1774.63,1778.98999,1767.76001,1769.53003
2021-06-29 09:00:00+00:00,1769.31006,1775.89001,1750.82996,1754.68994
2021-06-29 13:00:00+00:00,1754.39001,1765.83997,1751.58997,1763.14001
2021-06-29 17:00:00+00:00,1763.079956,1765.51001,1760.26001,1761.17004
2021-06-29 21:00:00+00:00,1761.31995,1762.98999,1760.93994,1762.51001
2021-06-30 01:00:00+00:00,1762.43005,1764.70996,1757.66003,1759.10999
2021-06-30 05:00:00+00:00,1759.10999,1761.089966,1753.43994,1756.53003
2021-06-30 09:00:00+00:00,1756.58997,1761.80005,1755.18005,1757.19995
2021-06-30 13:00:00+00:00,1757.20996,1774.46997,1755.01001,1772.23999
2021-06-30 17:00:00+00:00,1772.31006,1772.94995,1768.23999,1770.21997
2021-06-30 21:00:00+00:00,1770.15002,1770.35999,1766.31006,1766.38
2021-07-01 01:00:00+00:00,1766.31006,1776.68005,1765.78003,1774.64001
2021-07-01 05:00:00+00:00,1774.64001,1779.13,1773.23999,1774.62
2021-07-01 09:00:00+00:00,1774.56995,1779.68005,1772.42004,1777.79004
2021-07-01 13:00:00+00:00,1777.88,1782.83997,1768.48999,1771.92004
2021-07-01 17:00:00+00:00,1771.87,1777.050049,1771.75,1777.01001
2021-07-01 21:00:00+00:00,1777.079956,1778.43994,1775.069946,1777.38
2021-07-02 01:00:00+00:00,1777.30005,1779.88,1776.47998,1778.060059
2021-07-02 05:00:00+00:00,1778.079956,1784.17004,1774.37,1782.069946
2021-07-02 09:00:00+00:00,1782.050049,1793.78003,1776.38,1789.73999
2021-07-02 13:00:00+00:00,1789.92004,1795.15002,1778.40002,1782.060059
2021-07-02 17:00:00+00:00,1782.13,1791.84998,1781.81006,1787.34998
2021-07-04 21:00:00+00:00,1787.59998,1787.83997,1784.56006,1786.050049
2021-07-05 01:00:00+00:00,1785.68005,1789.96997,1785.12,1787.51001
2021-07-05 05:00:00+00:00,1787.52002,1794.18994,1784.73999,1792.85999
2021-07-05 09:00:00+00:00,1792.78003,1793.57996,1789.32996,1791.90002
2021-07-05 13:00:00+00:00,1791.94995,1793.18005,1789.95996,1791.97998
2021-07-05 17:00:00+00:00,1791.93005,1791.93005,1791.93005,1791.93005
2021-07-05 21:00:00+00:00,1792.030029,1792.84998,1790.96997,1791.96997
2021-07-06 01:00:00+00:00,1792.58997,1800.83997,1791.089966,1800.83997
2021-07-06 05:00:00+00:00,1800.80005,1809.22998,1800.18005,1805.93994
2021-07-06 09:00:00+00:00,1806.02002,1815.02002,1805.68005,1809.37
2021-07-06 13:00:00+00:00,1809.43994,1812.64001,1790.18994,1794.34998
2021-07-06 17:00:00+00:00,1794.31006,1797.78003,1793.10999,1796.98999
2021-07-06 21:00:00+00:00,1796.87,1796.96997,1794.01001,1795.41003
2021-07-07 01:00:00+00:00,1795.39001,1802.96997,1794.56995,1798.069946
2021-07-07 05:00:00+00:00,1798.069946,1807.76001,1797.56006,1804.45996
2021-07-07 09:00:00+00:00,1804.44995,1809.68994,1803.38,1804.42004
2021-07-07 13:00:00+00:00,1804.62,1807.70996,1797.17004,1801.83997
2021-07-07 17:00:00+00:00,1801.79004,1808.30005,1800.64001,1803.68005
2021-07-07 21:00:00+00:00,1803.66003,1805.62,1802.81995,1804.55005
2021-07-08 01:00:00+00:00,1804.53003,1805.050049,1796.35999,1797.95996
2021-07-08 05:00:00+00:00,1797.88,1815.01001,1796.44995,1813.51001
2021-07-08 09:00:00+00:00,1813.51001,1818.37,1806.66003,1813.63
2021-07-08 13:00:00+00:00,1813.73999,1817.079956,1794.69995,1797.62
2021-07-08 17:00:00+00:00,1797.64001,1803.59998,1796.71997,1802.78003
2021-07-08 21:00:00+00:00,1802.87,1804.60999,1800.72998,1800.78003
2021-07-09 01:00:00+00:00,1800.81006,1807.87,1799.39001,1801.28003
2021-07-09 05:00:00+00:00,1801.28003,1806.040039,1796.73999,1802.58997
2021-07-09 09:00:00+00:00,1802.64001,1805.68994,1798.38,1802.56006
2021-07-09 13:00:00+00:00,1802.80005,1805.15002,1801.25,1803.70996
2021-07-11 21:00:00+00:00,1807.85999,1809.55005,1805.63,1809.01001
2021-07-12 01:00:00+00:00,1809.39001,1810.88,1802.060059,1803.12
2021-07-12 05:00:00+00:00,1803.030029,1806.22998,1799.050049,1803.26001
2021-07-12 09:00:00+00:00,1803.31006,1805.12,1798.33997,1802.93994
2021-07-12 13:00:00+00:00,1802.82996,1807.56995,1791.69995,1805.79004
2021-07-12 17:00:00+00:00,1805.81995,1807.59998,1804.12,1806.18994
2021-07-12 21:00:00+00:00,1806.23999,1808.68005,1806.19995,1807.38
2021-07-13 01:00:00+00:00,1807.41003,1812.84998,1806.91003,1809.87
2021-07-13 05:00:00+00:00,1809.60999,1812.42004,1806.02002,1809.040039
2021-07-13 09:00:00+00:00,1808.84998,1817.23999,1799.0,1800.43994
2021-07-13 13:00:00+00:00,1800.26001,1815.32996,1799.25,1811.68005
2021-07-13 17:00:00+00:00,1811.66003,1811.69995,1805.33997,1807.76001
2021-07-13 21:00:00+00:00,1807.94995,1808.39001,1804.62,1807.44995
2021-07-14 01:00:00+00:00,1806.93994,1813.96997,1806.93994,1811.84998
2021-07-14 05:00:00+00:00,1811.78003,1815.38,1810.030029,1814.18005
2021-07-14 09:00:00+00:00,1814.15002,1829.67004,1812.89001,1828.71997
2021-07-14 13:00:00+00:00,1829.18005,1829.92004,1819.60999,1822.01001
2021-07-14 17:00:00+00:00,1822.12,1828.31006,1821.88,1827.35999
2021-07-14 21:00:00+00:00,1827.41003,1828.72998,1824.89001,1825.079956
2021-07-15 01:00:00+00:00,1825.10999,1829.19995,1823.75,1826.28003
2021-07-15 05:00:00+00:00,1826.28003,1833.93994,1825.97998,1832.43005
2021-07-15 09:00:00+00:00,1832.31006,1833.02002,1822.67004,1823.48999
2021-07-15 13:00:00+00:00,1823.31006,1827.45996,1820.38,1827.14001
2021-07-15 17:00:00+00:00,1827.14001,1830.32996,1826.21997,1829.51001
2021-07-15 21:00:00+00:00,1829.75,1832.079956,1829.30005,1829.43005
2021-07-16 01:00:00+00:00,1829.41003,1831.60999,1825.83997,1826.56006
2021-07-16 05:00:00+00:00,1826.58997,1827.33997,1821.20996,1823.01001
2021-07-16 09:00:00+00:00,1822.91003,1825.45996,1815.56006,1822.89001
2021-07-16 13:00:00+00:00,1823.15002,1826.76001,1821.80005,1825.02002
2021-07-19 05:00:00+00:00,1803.96997,1807.65002,1802.64001,1804.42004
2021-07-19 09:00:00+00:00,1804.41003,1810.28003,1795.10999,1809.12
2021-07-19 13:00:00+00:00,1809.15002,1815.66003,1804.94995,1808.90002
2021-07-19 17:00:00+00:00,1808.88,1813.43005,1807.01001,1812.73999
2021-07-19 21:00:00+00:00,1812.78003,1814.22998,1810.83997,1813.45996
2021-07-20 01:00:00+00:00,1813.45996,1819.22998,1813.23999,1817.85999
2021-07-20 05:00:00+00:00,1817.84998,1818.21997,1811.75,1813.18994
2021-07-20 09:00:00+00:00,1813.18005,1824.13,1812.68005,1822.92004
2021-07-20 13:00:00+00:00,1822.91003,1825.089966,1805.14001,1812.079956
2021-07-20 17:00:00+00:00,1812.079956,1812.089966,1808.33997,1810.30005
2021-07-20 21:00:00+00:00,1810.40002,1811.15002,1808.18005,1808.73999
2021-07-21 01:00:00+00:00,1808.76001,1809.62,1805.29004,1808.089966
2021-07-21 05:00:00+00:00,1808.089966,1813.80005,1803.39001,1807.43994
2021-07-21 09:00:00+00:00,1807.43994,1809.050049,1794.76001,1799.099976
2021-07-21 13:00:00+00:00,1798.88,1805.90002,1797.01001,1803.079956
2021-07-21 17:00:00+00:00,1803.079956,1805.46997,1801.98999,1803.60999
2021-07-21 21:00:00+00:00,1803.67004,1804.02002,1801.70996,1802.37
2021-07-22 01:00:00+00:00,1802.43005,1803.18994,1797.34998,1799.13
2021-07-22 05:00:00+00:00,1799.079956,1803.45996,1792.84998,1797.26001
2021-07-22 09:00:00+00:00,1797.23999,1806.23999,1794.18005,1802.96997
2021-07-22 13:00:00+00:00,1802.96997,1808.12,1796.079956,1805.25
2021-07-22 17:00:00+00:00,1805.23999,1807.96997,1804.43994,1806.89001
2021-07-22 21:00:00+00:00,1807.12,1808.51001,1806.89001,1807.12
2021-07-23 01:00:00+00:00,1807.01001,1808.64001,1802.35999,1803.44995
2021-07-23 05:00:00+00:00,1803.45996,1810.41003,1801.41003,1804.42004
2021-07-23 09:00:00+00:00,1804.38,1805.33997,1789.78003,1803.02002
2021-07-23 13:00:00+00:00,1803.069946,1804.18005,1797.17004,1802.29004
2021-07-25 21:00:00+00:00,1799.31995,1799.45996,1798.57996,1799.40002
2021-07-26 01:00:00+00:00,1799.26001,1807.38,1798.67004,1806.51001
2021-07-26 05:00:00+00:00,1806.58997,1811.55005,1804.75,1808.62
2021-07-26 09:00:00+00:00,1808.45996,1810.01001,1801.23999,1803.30005
2021-07-26 13:00:00+00:00,1803.32996,1804.66003,1796.81995,1799.51001
2021-07-26 17:00:00+00:00,1799.18994,1800.030029,1796.44995,1797.63
2021-07-26 21:00:00+00:00,1797.67004,1798.57996,1796.62,1798.56995
2021-07-27 01:00:00+00:00,1798.55005,1799.92004,1794.84998,1798.050049
2021-07-27 05:00:00+00:00,1797.93005,1801.28003,1793.76001,1796.16003
2021-07-27 09:00:00+00:00,1796.29004,1805.28003,1795.19995,1803.089966
2021-07-27 13:00:00+00:00,1802.93994,1804.95996,1794.71997,1800.18994
2021-07-27 17:00:00+00:00,1799.94995,1802.22998,1798.67004,1798.84998
2021-07-27 21:00:00+00:00,1799.16003,1801.27002,1798.21997,1798.85999
2021-07-28 01:00:00+00:00,1798.82996,1807.45996,1798.13,1805.079956
2021-07-28 05:00:00+00:00,1805.069946,1807.10999,1799.48999,1801.14001
2021-07-28 09:00:00+00:00,1801.10999,1801.88,1795.44995,1798.96997
2021-07-28 13:00:00+00:00,1798.95996,1802.64001,1794.87,1802.43005
2021-07-28 17:00:00+00:00,1802.62,1809.89001,1792.90002,1807.12
2021-07-28 21:00:00+00:00,1807.32996,1810.34998,1806.93005,1809.56995
2021-07-29 01:00:00+00:00,1809.71997,1817.58997,1809.71997,1815.82996
2021-07-29 05:00:00+00:00,1815.82996,1822.20996,1815.31995,1821.65002
2021-07-29 09:00:00+00:00,1821.65002,1828.21997,1819.64001,1826.02002
2021-07-29 13:00:00+00:00,1826.22998,1832.73999,1823.48999,1831.26001
2021-07-29 17:00:00+00:00,1831.23999,1831.68994,1827.84998,1828.32996
2021-07-29 21:00:00+00:00,1828.33997,1831.28003,1827.17004,1827.54004
2021-07-30 01:00:00+00:00,1827.43994,1830.48999,1826.80005,1827.67004
2021-07-30 05:00:00+00:00,1827.66003,1831.41003,1826.069946,1829.79004
2021-07-30 09:00:00+00:00,1829.80005,1829.93994,1822.079956,1822.89001
2021-07-30 13:00:00+00:00,1823.17004,1827.31995,1821.81006,1824.40002
2021-08-01 21:00:00+00:00,1814.099976,1816.65002,1812.17004,1816.59998
2021-08-02 01:00:00+00:00,1816.55005,1816.98999,1808.58997,1810.70996
2021-08-02 05:00:00+00:00,1810.55005,1813.37,1806.51001,1807.43005
2021-08-02 09:00:00+00:00,1807.19995,1811.69995,1805.93005,1806.79004
2021-08-02 13:00:00+00:00,1807.22998,1818.48999,1806.28003,1817.90002
2021-08-02 17:00:00+00:00,1818.050049,1819.58997,1812.70996,1813.69995
2021-08-02 21:00:00+00:00,1813.47998,1814.02002,1811.13,1811.44995
2021-08-03 01:00:00+00:00,1811.58997,1813.53003,1809.53003,1812.12
2021-08-03 05:00:00+00:00,1811.85999,1812.13,1808.31995,1810.88
2021-08-03 09:00:00+00:00,1810.81995,1813.52002,1807.17004,1812.66003
2021-08-03 13:00:00+00:00,1812.82996,1815.069946,1808.78003,1810.84998
2021-08-03 17:00:00+00:00,1810.85999,1811.58997,1809.94995,1810.55005
2021-08-03 21:00:00+00:00,1810.60999,1811.29004,1809.85999,1810.44995
2021-08-04 01:00:00+00:00,1810.54004,1814.90002,1809.050049,1812.48999
2021-08-04 05:00:00+00:00,1812.39001,1815.19995,1811.12,1811.44995
2021-08-04 09:00:00+00:00,1811.40002,1828.079956,1810.82996,1827.040039
2021-08-04 13:00:00+00:00,1827.19995,1831.78003,1806.56006,1811.88
2021-08-04 17:00:00+00:00,1812.12,1813.18005,1810.55005,1811.82996
2021-08-04 21:00:00+00:00,1811.91003,1812.55005,1809.66003,1809.93005
2021-08-05 01:00:00+00:00,1809.59998,1812.01001,1809.12,1811.10999
2021-08-05 05:00:00+00:00,1811.099976,1814.67004,1808.48999,1811.030029
2021-08-05 09:00:00+00:00,1811.01001,1814.91003,1808.84998,1809.31006
2021-08-05 13:00:00+00:00,1809.73999,1812.099976,1797.97998,1807.060059
2021-08-05 17:00:00+00:00,1807.10999,1807.34998,1803.42004,1804.56995
2021-08-05 21:00:00+00:00,1804.55005,1804.88,1801.57996,1801.90002
2021-08-06 01:00:00+00:00,1801.93994,1802.46997,1799.18994,1800.63
2021-08-06 05:00:00+00:00,1800.69995,1802.089966,1798.01001,1799.81995
2021-08-06 09:00:00+00:00,1799.82996,1801.46997,1775.64001,1776.60999
2021-08-06 13:00:00+00:00,1775.44995,1775.66003,1763.40002,1763.70996
2021-08-08 21:00:00+00:00,1763.67004,1764.65002,1688.13,1727.77002
2021-08-09 01:00:00+00:00,1727.76001,1741.93994,1727.76001,1738.62
2021-08-09 05:00:00+00:00,1738.51001,1752.66003,1737.80005,1746.72998
2021-08-09 09:00:00+00:00,1746.64001,1748.81006,1738.030029,1738.28003
2021-08-09 13:00:00+00:00,1739.12,1745.43005,1724.030029,1726.23999
2021-08-09 17:00:00+00:00,1726.19995,1731.71997,1724.80005,1729.81995
2021-08-09 21:00:00+00:00,1730.21997,1733.23999,1728.89001,1732.54004
2021-08-10 01:00:00+00:00,1732.51001,1737.69995,1731.18994,1735.84998
2021-08-10 05:00:00+00:00,1735.75,1738.28003,1728.93994,1731.68994
2021-08-10 09:00:00+00:00,1731.58997,1733.78003,1726.44995,1727.72998
2021-08-10 13:00:00+00:00,1727.92004,1732.78003,1717.82996,1729.45996
2021-08-10 17:00:00+00:00,1729.45996,1732.13,1728.33997,1728.95996
2021-08-10 21:00:00+00:00,1729.32996,1729.83997,1725.20996,1726.41003
2021-08-11 01:00:00+00:00,1726.21997,1735.21997,1724.15002,1732.67004
2021-08-11 05:00:00+00:00,1732.64001,1734.64001,1729.17004,1733.21997
2021-08-11 09:00:00+00:00,1733.099976,1747.28003,1732.59998,1744.89001
2021-08-11 13:00:00+00:00,1744.31006,1752.12,1738.95996,1749.93994
2021-08-11 17:00:00+00:00,1749.95996,1754.42004,1748.92004,1751.80005
2021-08-11 21:00:00+00:00,1751.48999,1753.66003,1750.75,1751.33997
2021-08-12 01:00:00+00:00,1751.64001,1752.46997,1748.98999,1751.79004
2021-08-12 05:00:00+00:00,1751.84998,1758.16003,1750.66003,1755.80005
2021-08-12 09:00:00+00:00,1755.85999,1756.43005,1744.18005,1749.44995
2021-08-12 13:00:00+00:00,1748.94995,1754.030029,1741.81006,1751.39001
2021-08-12 17:00:00+00:00,1751.51001,1753.95996,1749.70996,1752.91003
2021-08-12 21:00:00+00:00,1752.83997,1754.26001,1752.10999,1753.18005
2021-08-13 01:00:00+00:00,1753.18005,1756.84998,1751.80005,1755.40002
2021-08-13 05:00:00+00:00,1755.31006,1760.23999,1754.78003,1756.17004
2021-08-13 09:00:00+00:00,1756.099976,1763.12,1756.069946,1762.89001
2021-08-13 13:00:00+00:00,1763.069946,1765.80005,1762.38,1765.02002
2021-08-15 21:00:00+00:00,1778.62,1780.68005,1778.20996,1780.68005
2021-08-16 01:00:00+00:00,1781.060059,1782.65002,1775.68994,1777.20996
2021-08-16 05:00:00+00:00,1777.18005,1777.43994,1772.02002,1776.060059
2021-08-16 09:00:00+00:00,1776.060059,1781.32996,1770.98999,1778.35999
2021-08-16 13:00:00+00:00,1778.17004,1789.21997,1777.69995,1786.73999
2021-08-16 17:00:00+00:00,1786.72998,1788.43994,1785.88,1787.33997
2021-08-16 21:00:00+00:00,1787.53003,1788.52002,1786.31006,1786.89001
2021-08-17 01:00:00+00:00,1787.29004,1788.77002,1784.48999,1786.12
2021-08-17 05:00:00+00:00,1786.12,1795.31006,1786.12,1794.71997
2021-08-17 09:00:00+00:00,1794.68005,1795.41003,1788.30005,1789.45996
2021-08-17 13:00:00+00:00,1789.29004,1793.060059,1780.64001,1782.51001
2021-08-17 17:00:00+00:00,1782.54004,1786.31006,1782.31995,1786.21997
2021-08-17 21:00:00+00:00,1786.030029,1786.93994,1785.18994,1786.01001
2021-08-18 01:00:00+00:00,1786.46997,1792.38,1785.57996,1789.48999
2021-08-18 05:00:00+00:00,1789.43005,1793.82996,1786.43005,1787.89001
2021-08-18 09:00:00+00:00,1787.89001,1791.30005,1783.040039,1788.40002
2021-08-18 13:00:00+00:00,1788.35999,1790.67004,1777.51001,1783.079956
2021-08-18 17:00:00+00:00,1783.13,1790.41003,1780.56995,1788.050049
2021-08-18 21:00:00+00:00,1787.52002,1788.93005,1784.18005,1784.51001
2021-08-19 01:00:00+00:00,1784.32996,1785.47998,1774.69995,1777.62
2021-08-19 05:00:00+00:00,1777.64001,1787.42004,1775.78003,1785.38
2021-08-19 09:00:00+00:00,1785.41003,1790.02002,1783.84998,1788.92004
2021-08-19 13:00:00+00:00,1788.78003,1792.46997,1777.31995,1782.69995
2021-08-19 17:00:00+00:00,1782.76001,1783.030029,1776.56006,1780.37
2021-08-19 21:00:00+00:00,1780.33997,1781.81995,1778.82996,1781.15002
2021-08-20 01:00:00+00:00,1781.050049,1786.65002,1780.98999,1785.98999
2021-08-20 05:00:00+00:00,1785.88,1788.43994,1780.60999,1782.60999
2021-08-20 09:00:00+00:00,1782.43005,1786.70996,1779.89001,1782.15002
2021-08-20 13:00:00+00:00,1782.18994,1785.89001,1779.32996,1781.54004
2021-08-22 21:00:00+00:00,1780.62,1782.40002,1777.22998,1779.21997
2021-08-23 01:00:00+00:00,1779.47998,1788.79004,1776.57996,1787.72998
2021-08-23 05:00:00+00:00,1787.62,1788.51001,1784.33997,1788.060059
2021-08-23 09:00:00+00:00,1788.050049,1800.12,1786.93005,1800.030029
2021-08-23 13:00:00+00:00,1799.96997,1806.41003,1795.63,1803.16003
2021-08-23 17:00:00+00:00,1803.22998,1805.62,1802.62,1805.58997
2021-08-23 21:00:00+00:00,1805.38,1806.030029,1802.040039,1802.079956
2021-08-24 01:00:00+00:00,1802.21997,1804.73999,1800.82996,1802.02002
2021-08-24 05:00:00+00:00,1802.099976,1805.14001,1800.83997,1802.069946
2021-08-24 09:00:00+00:00,1802.089966,1809.48999,1801.53003,1807.89001
2021-08-24 13:00:00+00:00,1808.099976,1809.58997,1801.59998,1806.38
2021-08-24 17:00:00+00:00,1806.40002,1807.050049,1802.80005,1802.96997
2021-08-24 21:00:00+00:00,1803.030029,1803.19995,1794.13,1795.96997
2021-08-25 01:00:00+00:00,1795.94995,1797.81995,1791.90002,1794.28003
2021-08-25 05:00:00+00:00,1794.31006,1797.55005,1791.87,1793.87
2021-08-25 09:00:00+00:00,1793.81006,1797.69995,1790.38,1795.83997
2021-08-25 13:00:00+00:00,1795.68994,1797.78003,1782.83997,1789.94995
2021-08-25 17:00:00+00:00,1789.93005,1793.02002,1788.32996,1790.94995
2021-08-25 21:00:00+00:00,1790.98999,1792.089966,1790.13,1790.30005
2021-08-26 01:00:00+00:00,1790.23999,1791.16003,1786.81995,1787.089966
2021-08-26 05:00:00+00:00,1787.050049,1788.37,1783.47998,1784.56006
2021-08-26 09:00:00+00:00,1784.58997,1790.63,1781.079956,1783.98999
2021-08-26 13:00:00+00:00,1784.29004,1798.26001,1780.21997,1792.26001
2021-08-26 17:00:00+00:00,1792.45996,1794.22998,1790.29004,1792.41003
2021-08-26 21:00:00+00:00,1792.94995,1794.62,1792.38,1794.01001
2021-08-27 01:00:00+00:00,1794.26001,1800.099976,1793.66003,1800.030029
2021-08-27 05:00:00+00:00,1800.14001,1805.16003,1794.96997,1797.15002
2021-08-27 09:00:00+00:00,1797.20996,1800.64001,1792.57996,1798.63
2021-08-27 13:00:00+00:00,1798.71997,1799.29004,1787.92004,1792.43994
2021-08-29 21:00:00+00:00,1818.01001,1821.35999,1817.31006,1820.98999
2021-08-30 01:00:00+00:00,1821.050049,1823.28003,1813.42004,1816.12
2021-08-30 05:00:00+00:00,1816.14001,1818.26001,1812.84998,1815.050049
2021-08-30 09:00:00+00:00,1815.089966,1817.91003,1814.44995,1814.69995
2021-08-30 13:00:00+00:00,1814.72998,1815.73999,1809.28003,1810.64001
2021-08-30 17:00:00+00:00,1810.68994,1811.30005,1807.80005,1810.33997
2021-08-30 21:00:00+00:00,1809.89001,1812.95996,1809.80005,1812.72998
2021-08-31 01:00:00+00:00,1812.85999,1816.050049,1811.71997,1814.81006
2021-08-31 05:00:00+00:00,1814.81995,1819.20996,1813.93005,1815.089966
2021-08-31 09:00:00+00:00,1815.15002,1817.069946,1809.099976,1809.53003
2021-08-31 13:00:00+00:00,1809.59998,1815.73999,1801.88,1814.089966
2021-08-31 17:00:00+00:00,1814.060059,1816.40002,1813.68005,1813.69995
2021-08-31 21:00:00+00:00,1813.87,1815.079956,1812.10999,1812.43994
2021-09-01 01:00:00+00:00,1811.89001,1816.030029,1810.39001,1815.079956
2021-09-01 05:00:00+00:00,1815.12,1817.01001,1809.48999,1810.88
2021-09-01 09:00:00+00:00,1810.88,1820.01001,1810.69995,1819.31006
2021-09-01 13:00:00+00:00,1819.48999,1820.0,1808.73999,1813.43005
2021-09-01 17:00:00+00:00,1813.40002,1815.15002,1812.060059,1813.88
2021-09-01 21:00:00+00:00,1813.84998,1815.28003,1812.89001,1814.43005
2021-09-02 01:00:00+00:00,1814.48999,1816.13,1810.71997,1810.94995
2021-09-02 05:00:00+00:00,1810.92004,1815.96997,1810.92004,1815.70996
2021-09-02 09:00:00+00:00,1815.71997,1817.17004,1809.56006,1813.60999
2021-09-02 13:00:00+00:00,1813.81995,1813.81995,1805.050049,1809.21997
2021-09-02 17:00:00+00:00,1809.18005,1811.14001,1808.030029,1809.69995
2021-09-02 21:00:00+00:00,1809.62,1811.17004,1809.030029,1811.15002
2021-09-03 01:00:00+00:00,1811.10999,1814.90002,1810.67004,1811.59998
2021-09-03 05:00:00+00:00,1811.58997,1814.51001,1810.76001,1811.62
2021-09-03 09:00:00+00:00,1811.62,1829.55005,1811.39001,1823.46997
2021-09-03 13:00:00+00:00,1823.62,1826.58997,1819.39001,1824.93994
2021-09-05 21:00:00+00:00,1828.55005,1830.28003,1825.59998,1825.76001
2021-09-06 01:00:00+00:00,1825.56995,1828.57996,1825.25,1826.46997
2021-09-06 05:00:00+00:00,1826.44995,1828.35999,1824.02002,1824.89001
2021-09-06 09:00:00+00:00,1824.89001,1825.68994,1822.45996,1822.68005
2021-09-06 13:00:00+00:00,1822.23999,1824.20996,1821.48999,1823.27002
2021-09-06 21:00:00+00:00,1823.56995,1826.31995,1821.98999,1826.079956
2021-09-07 01:00:00+00:00,1826.26001,1827.32996,1821.31995,1821.66003
2021-09-07 05:00:00+00:00,1821.68994,1821.88,1813.29004,1814.85999
2021-09-07 09:00:00+00:00,1814.79004,1814.93005,1808.41003,1808.82996
2021-09-07 13:00:00+00:00,1808.76001,1815.030029,1792.52002,1795.92004
2021-09-07 17:00:00+00:00,1795.92004,1798.22998,1793.20996,1794.42004
2021-09-07 21:00:00+00:00,1794.54004,1798.80005,1794.54004,1798.43005
2021-09-08 01:00:00+00:00,1798.20996,1801.099976,1796.28003,1798.31995
2021-09-08 05:00:00+00:00,1798.32996,1801.27002,1794.42004,1798.95996
2021-09-08 09:00:00+00:00,1798.96997,1802.14001,1796.48999,1796.78003
2021-09-08 13:00:00+00:00,1796.43994,1797.92004,1782.63,1791.079956
2021-09-08 17:00:00+00:00,1791.069946,1793.43994,1788.63,1789.17004
2021-09-08 21:00:00+00:00,1789.39001,1790.93005,1788.20996,1789.66003
2021-09-09 01:00:00+00:00,1789.48999,1790.54004,1786.96997,1788.18994
2021-09-09 05:00:00+00:00,1788.12,1795.42004,1786.70996,1794.80005
2021-09-09 09:00:00+00:00,1794.80005,1800.96997,1791.22998,1791.81006
2021-09-09 13:00:00+00:00,1792.20996,1799.27002,1784.060059,1793.78003
2021-09-09 17:00:00+00:00,1793.85999,1799.21997,1790.94995,1794.56995
2021-09-09 21:00:00+00:00,1794.44995,1796.32996,1792.63,1796.01001
2021-09-10 01:00:00+00:00,1795.98999,1800.030029,1792.82996,1796.48999
2021-09-10 05:00:00+00:00,1796.46997,1803.94995,1796.25,1801.77002
2021-09-10 09:00:00+00:00,1801.93994,1802.38,1792.82996,1793.60999
2021-09-10 13:00:00+00:00,1793.84998,1796.079956,1789.73999,1795.12
2021-09-12 21:00:00+00:00,1788.55005,1789.59998,1786.10999,1787.16003
2021-09-13 01:00:00+00:00,1787.079956,1792.65002,1784.089966,1791.040039
2021-09-13 05:00:00+00:00,1791.079956,1793.69995,1787.030029,1790.98999
2021-09-13 09:00:00+00:00,1791.22998,1791.76001,1785.85999,1786.01001
2021-09-13 13:00:00+00:00,1785.40002,1798.32996,1785.40002,1793.81006
2021-09-13 17:00:00+00:00,1793.77002,1794.0,1791.13,1793.71997
2021-09-13 21:00:00+00:00,1793.57996,1793.67004,1790.97998,1791.31995
2021-09-14 01:00:00+00:00,1791.20996,1792.93994,1789.80005,1790.96997
2021-09-14 05:00:00+00:00,1790.95996,1794.89001,1788.28003,1788.93994
2021-09-14 09:00:00+00:00,1789.01001,1799.14001,1782.43005,1797.31006
2021-09-14 13:00:00+00:00,1797.43994,1808.73999,1790.92004,1803.78003
2021-09-14 17:00:00+00:00,1803.71997,1806.69995,1802.98999,1804.62
2021-09-14 21:00:00+00:00,1804.19995,1804.68005,1802.66003,1802.91003
2021-09-15 01:00:00+00:00,1802.92004,1804.71997,1801.43994,1803.42004
2021-09-15 05:00:00+00:00,1803.40002,1804.37,1798.97998,1800.64001
2021-09-15 09:00:00+00:00,1800.60999,1806.81006,1795.069946,1796.69995
2021-09-15 13:00:00+00:00,1796.33997,1800.12,1791.51001,1793.25
2021-09-15 17:00:00+00:00,1793.079956,1794.39001,1790.87,1793.83997
2021-09-15 21:00:00+00:00,1794.39001,1795.73999,1793.48999,1795.01001
2021-09-16 01:00:00+00:00,1795.089966,1796.21997,1789.65002,1791.060059
2021-09-16 05:00:00+00:00,1791.18005,1792.23999,1782.88,1784.63
2021-09-16 09:00:00+00:00,1784.76001,1784.78003,1760.68005,1762.32996
2021-09-16 13:00:00+00:00,1762.40002,1762.92004,1745.51001,1754.93994
2021-09-16 17:00:00+00:00,1754.93994,1757.16003,1751.65002,1753.80005
2021-09-16 21:00:00+00:00,1754.069946,1756.47998,1752.62,1756.47998
2021-09-17 01:00:00+00:00,1756.42004,1760.53003,1754.79004,1760.45996
2021-09-17 05:00:00+00:00,1760.67004,1766.25,1759.92004,1766.0
2021-09-17 09:00:00+00:00,1766.16003,1767.53003,1752.82996,1753.15002
2021-09-17 13:00:00+00:00,1753.050049,1755.68994,1748.67004,1749.95996
2021-09-19 21:00:00+00:00,1754.34998,1755.23999,1751.26001,1752.48999
2021-09-20 01:00:00+00:00,1752.55005,1752.97998,1742.87,1748.60999
2021-09-20 05:00:00+00:00,1748.75,1757.62,1747.81006,1757.62
2021-09-20 09:00:00+00:00,1757.60999,1761.21997,1754.23999,1760.28003
2021-09-20 13:00:00+00:00,1760.12,1766.98999,1754.59998,1761.64001
2021-09-20 17:00:00+00:00,1761.62,1765.62,1760.85999,1764.14001
2021-09-20 21:00:00+00:00,1764.94995,1765.63,1762.59998,1763.44995
2021-09-21 01:00:00+00:00,1763.43994,1766.16003,1760.83997,1761.31006
2021-09-21 05:00:00+00:00,1761.26001,1765.58997,1758.01001,1764.47998
2021-09-21 09:00:00+00:00,1764.33997,1774.95996,1763.94995,1772.30005
2021-09-21 13:00:00+00:00,1772.14001,1781.81995,1769.72998,1776.69995
2021-09-21 17:00:00+00:00,1776.78003,1778.22998,1773.98999,1774.57996
2021-09-21 21:00:00+00:00,1774.44995,1775.53003,1772.43994,1772.78003
2021-09-22 01:00:00+00:00,1772.72998,1779.27002,1772.47998,1775.94995
2021-09-22 05:00:00+00:00,1775.94995,1780.37,1773.90002,1775.70996
2021-09-22 09:00:00+00:00,1775.75,1776.83997,1771.56995,1772.93994
2021-09-22 13:00:00+00:00,1773.42004,1779.41003,1772.69995,1778.15002
2021-09-22 17:00:00+00:00,1778.12,1787.15002,1764.83997,1768.19995
2021-09-22 21:00:00+00:00,1768.84998,1769.56006,1764.5,1765.87
2021-09-23 01:00:00+00:00,1765.13,1765.13,1760.82996,1764.55005
2021-09-23 05:00:00+00:00,1764.47998,1769.71997,1760.33997,1768.85999
2021-09-23 09:00:00+00:00,1769.10999,1776.62,1762.95996,1763.80005
2021-09-23 13:00:00+00:00,1763.73999,1764.43994,1746.099976,1750.01001
2021-09-23 17:00:00+00:00,1749.96997,1753.31006,1738.060059,1742.94995
2021-09-23 21:00:00+00:00,1743.46997,1748.85999,1743.29004,1748.41003
2021-09-24 01:00:00+00:00,1748.43994,1752.90002,1746.70996,1751.43005
2021-09-24 05:00:00+00:00,1751.58997,1756.89001,1750.30005,1755.38
2021-09-24 09:00:00+00:00,1755.43005,1757.66003,1744.80005,1745.37
2021-09-24 13:00:00+00:00,1745.17004,1745.28003,1740.55005,1742.91003
2021-09-26 21:00:00+00:00,1750.31006,1754.56995,1748.31995,1754.079956
2021-09-27 01:00:00+00:00,1754.43005,1760.87,1753.21997,1759.050049
2021-09-27 05:00:00+00:00,1759.060059,1760.67004,1750.10999,1750.82996
2021-09-27 09:00:00+00:00,1750.79004,1754.98999,1744.92004,1753.93994
2021-09-27 13:00:00+00:00,1754.01001,1757.90002,1748.73999,1752.25
2021-09-27 17:00:00+00:00,1752.28003,1752.66003,1749.92004,1749.98999
2021-09-27 21:00:00+00:00,1750.31995,1751.10999,1750.23999,1750.92004
2021-09-28 01:00:00+00:00,1752.29504,1752.35498,1749.38,1751.29504
2021-09-28 05:00:00+00:00,1751.21497,1751.93506,1736.089966,1742.94995
2021-09-28 09:00:00+00:00,1742.95996,1743.85999,1728.26001,1730.40002
2021-09-28 13:00:00+00:00,1729.93005,1741.22998,1729.27002,1737.92004
2021-09-28 17:00:00+00:00,1737.93005,1738.31995,1732.89001,1733.94995
2021-09-28 21:00:00+00:00,1734.42004,1735.84998,1733.43005,1734.16003
2021-09-29 01:00:00+00:00,1734.13,1741.40002,1734.069946,1738.22998
2021-09-29 05:00:00+00:00,1738.28003,1742.98999,1736.90002,1742.98999
2021-09-29 09:00:00+00:00,1743.069946,1745.57996,1737.069946,1738.41003
2021-09-29 13:00:00+00:00,1738.69995,1740.35999,1724.65002,1724.70996
2021-09-29 17:00:00+00:00,1724.59998,1726.76001,1721.69995,1726.53003
2021-09-29 21:00:00+00:00,1726.28003,1730.60999,1726.25,1730.14001
2021-09-30 01:00:00+00:00,1730.53003,1734.93005,1728.88,1732.81995
2021-09-30 05:00:00+00:00,1732.81006,1734.10999,1726.33997,1732.68994
2021-09-30 09:00:00+00:00,1732.72998,1737.90002,1722.31995,1737.15002
2021-09-30 13:00:00+00:00,1737.12,1764.18005,1735.16003,1758.25
2021-09-30 17:00:00+00:00,1758.089966,1758.81006,1754.63,1756.91003
2021-09-30 21:00:00+00:00,1756.78003,1756.81995,1751.38,1751.56006
2021-10-01 01:00:00+00:00,1751.56006,1756.94995,1750.87,1753.62
2021-10-01 05:00:00+00:00,1753.65002,1757.29004,1751.089966,1752.97998
2021-10-01 09:00:00+00:00,1752.98999,1759.88,1749.90002,1756.58997
2021-10-01 13:00:00+00:00,1756.71997,1759.90002,1754.79004,1757.59998
2021-10-03 20:00:00+00:00,1762.099976,1765.27002,1760.43005,1763.22998
2021-10-04 00:00:00+00:00,1763.040039,1765.72998,1757.88,1758.85999
2021-10-04 04:00:00+00:00,1758.88,1762.73999,1753.13,1753.51001
2021-10-04 08:00:00+00:00,1753.55005,1755.48999,1747.75,1753.56006
2021-10-04 12:00:00+00:00,1753.81006,1770.45996,1748.62,1765.56995
2021-10-04 16:00:00+00:00,1765.40002,1770.28003,1763.66003,1768.81995
2021-10-04 20:00:00+00:00,1768.71997,1770.16003,1767.45996,1768.18005
2021-10-05 00:00:00+00:00,1768.12,1768.43005,1759.53003,1760.030029
2021-10-05 04:00:00+00:00,1760.069946,1761.0,1755.42004,1759.35999
2021-10-05 06:00:00+00:00,1758.14001,1761.0,1755.42004,1758.63
2021-10-05 08:00:00+00:00,1759.34998,1760.21997,1753.63,1757.050049
2021-10-05 11:00:00+00:00,1757.050049,1761.47998,1748.69995,1752.63
2021-10-05 12:00:00+00:00,1757.050049,1761.47998,1753.0,1753.40002
2021-10-05 13:00:00+00:00,1756.54004,1757.25,1753.0,1754.90002
2021-10-05 15:00:00+00:00,1752.63,1763.10999,1751.45996,1761.87
2021-10-05 19:00:00+00:00,1761.68994,1761.92004,1759.56006,1759.68994
2021-10-05 23:00:00+00:00,1759.79004,1760.18005,1754.29004,1755.68005
2021-10-06 03:00:00+00:00,1755.70996,1756.15002,1750.82996,1752.40002
2021-10-06 07:00:00+00:00,1752.39001,1752.98999,1745.98999,1750.34998
2021-10-06 11:00:00+00:00,1750.43005,1764.39001,1750.43005,1760.069946
2021-10-06 15:00:00+00:00,1759.98999,1764.56995,1755.83997,1763.63
2021-10-06 19:00:00+00:00,1763.63,1765.18005,1762.35999,1762.44995
2021-10-06 23:00:00+00:00,1762.43994,1764.23999,1758.45996,1758.88
2021-10-07 03:00:00+00:00,1758.73999,1764.18994,1756.15002,1759.46997
2021-10-07 04:00:00+00:00,1760.18994,1760.87,1756.15002,1759.46997
2021-10-07 07:00:00+00:00,1763.050049,1767.01001,1758.28003,1762.31006
2021-10-07 11:00:00+00:00,1762.28003,1764.78003,1752.16003,1756.42004
2021-10-07 15:00:00+00:00,1756.57996,1760.030029,1755.28003,1755.93005
2021-10-07 19:00:00+00:00,1755.88,1758.079956,1754.38,1755.37
2021-10-07 23:00:00+00:00,1755.34998,1760.48999,1753.42004,1759.77002
2021-10-08 03:00:00+00:00,1759.76001,1760.63,1755.98999,1758.68005
2021-10-08 07:00:00+00:00,1759.069946,1760.56006,1754.42004,1759.79004
2021-10-08 11:00:00+00:00,1759.82996,1781.34998,1755.59998,1758.91003
2021-10-08 15:00:00+00:00,1758.93994,1760.26001,1756.76001,1758.16003
2021-10-08 19:00:00+00:00,1758.15002,1758.66003,1756.050049,1757.35999
2021-10-10 19:00:00+00:00,1757.45996,1758.39001,1751.18994,1755.16003
2021-10-10 23:00:00+00:00,1755.23999,1761.030029,1753.62,1759.32996
2021-10-11 03:00:00+00:00,1759.38,1760.079956,1753.96997,1755.23999
2021-10-11 07:00:00+00:00,1754.83997,1757.31006,1752.39001,1753.75
2021-10-11 11:00:00+00:00,1753.5,1760.21997,1750.23999,1757.56995
2021-10-11 15:00:00+00:00,1757.60999,1759.19995,1754.030029,1755.60999
2021-10-11 19:00:00+00:00,1755.46997,1755.89001,1753.10999,1753.69995
2021-10-11 23:00:00+00:00,1753.39001,1758.96997,1750.87,1758.71997
2021-10-12 03:00:00+00:00,1758.76001,1762.44995,1756.59998,1761.42004
2021-10-12 07:00:00+00:00,1761.46997,1763.33997,1756.53003,1762.46997
2021-10-12 11:00:00+00:00,1762.40002,1769.33997,1754.089966,1762.68994
2021-10-12 15:00:00+00:00,1762.60999,1764.28003,1758.030029,1759.31995
2021-10-12 19:00:00+00:00,1759.38,1761.93994,1759.089966,1760.26001
2021-10-12 23:00:00+00:00,1760.28003,1763.069946,1759.60999,1760.73999
2021-10-13 03:00:00+00:00,1760.77002,1763.79004,1760.29004,1762.71997
2021-10-13 07:00:00+00:00,1762.78003,1773.46997,1761.93005,1773.27002
2021-10-13 11:00:00+00:00,1773.43005,1795.48999,1758.040039,1792.81995
2021-10-13 15:00:00+00:00,1792.81995,1796.030029,1790.80005,1793.83997
2021-10-13 19:00:00+00:00,1793.81006,1793.81006,1790.93994,1793.079956
2021-10-13 23:00:00+00:00,1793.040039,1793.92004,1786.70996,1788.55005
2021-10-14 03:00:00+00:00,1788.44995,1794.28003,1787.71997,1793.81995
2021-10-14 07:00:00+00:00,1793.81006,1800.15002,1790.79004,1800.01001
2021-10-14 11:00:00+00:00,1800.01001,1800.46997,1793.89001,1796.84998
2021-10-14 15:00:00+00:00,1796.87,1799.01001,1795.96997,1798.84998
2021-10-14 19:00:00+00:00,1798.89001,1799.26001,1795.73999,1795.81995
2021-10-14 23:00:00+00:00,1795.98999,1796.48999,1793.94995,1795.60999
2021-10-15 03:00:00+00:00,1795.5,1795.69995,1790.5,1791.81006
2021-10-15 07:00:00+00:00,1791.81006,1792.21997,1780.91003,1781.030029
2021-10-15 11:00:00+00:00,1781.040039,1783.060059,1764.89001,1775.089966
2021-10-15 15:00:00+00:00,1774.80005,1775.28003,1766.46997,1767.82996
2021-10-15 19:00:00+00:00,1767.82996,1768.80005,1766.76001,1767.62
2021-10-17 19:00:00+00:00,1767.53003,1768.58997,1765.0,1768.51001
2021-10-17 23:00:00+00:00,1768.60999,1772.12,1768.030029,1770.95996
2021-10-18 03:00:00+00:00,1770.93005,1770.96997,1762.0,1764.65002
2021-10-18 07:00:00+00:00,1764.51001,1766.98999,1760.38,1761.83997
2021-10-18 11:00:00+00:00,1761.87,1771.16003,1761.45996,1770.46997
2021-10-18 15:00:00+00:00,1770.55005,1771.030029,1764.76001,1765.87
2021-10-18 19:00:00+00:00,1765.79004,1766.18994,1763.73999,1763.76001
2021-10-18 23:00:00+00:00,1763.64001,1774.62,1762.95996,1774.23999
2021-10-19 03:00:00+00:00,1774.18005,1779.19995,1773.37,1778.84998
2021-10-19 07:00:00+00:00,1778.88,1782.94995,1777.25,1778.57996
2021-10-19 11:00:00+00:00,1778.58997,1785.14001,1770.35999,1773.30005
2021-10-19 15:00:00+00:00,1772.93994,1773.35999,1767.18994,1770.68005
2021-10-19 19:00:00+00:00,1770.67004,1770.70996,1768.48999,1769.12
2021-10-19 23:00:00+00:00,1769.10999,1774.18994,1766.98999,1774.15002
2021-10-20 03:00:00+00:00,1774.23999,1778.099976,1772.90002,1776.35999
2021-10-20 07:00:00+00:00,1776.079956,1780.55005,1774.65002,1780.25
2021-10-20 11:00:00+00:00,1780.26001,1788.43005,1775.0,1782.62
2021-10-20 15:00:00+00:00,1782.85999,1787.58997,1781.82996,1786.45996
2021-10-20 19:00:00+00:00,1786.33997,1786.38,1780.81995,1782.069946
2021-10-20 23:00:00+00:00,1782.12,1789.43005,1781.40002,1787.64001
2021-10-21 03:00:00+00:00,1787.56995,1788.14001,1782.63,1783.5
2021-10-21 07:00:00+00:00,1783.35999,1787.96997,1780.93994,1784.31006
2021-10-21 11:00:00+00:00,1784.42004,1786.079956,1777.81995,1780.34998
2021-10-21 15:00:00+00:00,1780.18994,1783.28003,1778.60999,1781.030029
2021-10-21 19:00:00+00:00,1781.069946,1784.84998,1780.54004,1783.75
2021-10-21 23:00:00+00:00,1783.73999,1787.18994,1783.60999,1786.84998
2021-10-22 03:00:00+00:00,1786.78003,1793.69995,1785.88,1793.12
2021-10-22 07:00:00+00:00,1793.15002,1794.68005,1790.56995,1792.18005
2021-10-22 11:00:00+00:00,1792.28003,1812.44995,1791.35999,1812.030029
2021-10-22 15:00:00+00:00,1811.94995,1813.81006,1783.069946,1794.14001
2021-10-22 19:00:00+00:00,1794.20996,1794.58997,1792.079956,1792.44995
2021-10-24 19:00:00+00:00,1793.22998,1794.45996,1792.48999,1793.96997
2021-10-24 23:00:00+00:00,1793.98999,1797.90002,1792.31995,1795.21997
2021-10-25 03:00:00+00:00,1795.18005,1801.089966,1795.089966,1796.68005
2021-10-25 07:00:00+00:00,1796.56995,1803.64001,1796.17004,1799.83997
2021-10-25 11:00:00+00:00,1799.82996,1810.050049,1799.82996,1807.12
2021-10-25 15:00:00+00:00,1807.089966,1808.70996,1805.20996,1808.25
2021-10-25 19:00:00+00:00,1808.30005,1808.43994,1805.68005,1807.37
2021-10-25 23:00:00+00:00,1807.35999,1808.34998,1802.87,1804.40002
2021-10-26 03:00:00+00:00,1804.31995,1806.60999,1801.90002,1804.34998
2021-10-26 07:00:00+00:00,1804.67004,1804.75,1800.15002,1801.54004
2021-10-26 11:00:00+00:00,1801.48999,1804.64001,1782.44995,1786.01001
2021-10-26 15:00:00+00:00,1785.93005,1793.98999,1785.51001,1793.65002
2021-10-26 19:00:00+00:00,1793.75,1795.12,1792.0,1792.17004
2021-10-26 23:00:00+00:00,1792.19995,1794.43994,1788.33997,1788.47998
2021-10-27 03:00:00+00:00,1788.45996,1791.68994,1785.58997,1791.050049
2021-10-27 07:00:00+00:00,1791.069946,1791.46997,1783.56006,1789.28003
2021-10-27 11:00:00+00:00,1789.28003,1798.18994,1784.94995,1792.16003
2021-10-27 15:00:00+00:00,1792.28003,1799.079956,1791.22998,1797.93005
2021-10-27 19:00:00+00:00,1797.89001,1798.39001,1793.93005,1796.73999
2021-10-27 23:00:00+00:00,1796.81006,1803.25,1794.23999,1799.67004
2021-10-28 03:00:00+00:00,1799.64001,1804.18005,1798.48999,1802.42004
2021-10-28 07:00:00+00:00,1802.42004,1803.48999,1795.81995,1799.62
2021-10-28 11:00:00+00:00,1799.68994,1810.43005,1792.60999,1798.82996
2021-10-28 15:00:00+00:00,1798.48999,1804.44995,1797.75,1800.81995
2021-10-28 19:00:00+00:00,1800.73999,1801.54004,1797.73999,1799.73999
2021-10-28 23:00:00+00:00,1799.64001,1800.81006,1795.54004,1796.18005
2021-10-29 03:00:00+00:00,1796.17004,1797.55005,1793.079956,1793.34998
2021-10-29 07:00:00+00:00,1793.67004,1799.12,1791.0,1795.68005
2021-10-29 11:00:00+00:00,1795.69995,1796.31995,1772.030029,1776.85999
2021-10-29 15:00:00+00:00,1776.93994,1783.69995,1775.20996,1781.82996
2021-10-29 19:00:00+00:00,1781.88,1783.59998,1781.51001,1783.39001
2021-10-31 19:00:00+00:00,1783.0,1783.71997,1780.41003,1780.76001
2021-10-31 23:00:00+00:00,1780.87,1787.38,1779.31995,1785.84998
2021-11-01 03:00:00+00:00,1785.84998,1787.80005,1782.47998,1782.51001
2021-11-01 07:00:00+00:00,1782.63,1788.19995,1781.030029,1786.58997
2021-11-01 11:00:00+00:00,1786.58997,1795.78003,1782.66003,1794.0
2021-11-01 15:00:00+00:00,1794.050049,1795.030029,1789.85999,1792.66003
2021-11-01 19:00:00+00:00,1792.78003,1793.66003,1791.17004,1791.85999
2021-11-01 23:00:00+00:00,1791.84998,1792.80005,1789.35999,1790.79004
2021-11-02 03:00:00+00:00,1790.80005,1795.81995,1790.12,1793.85999
2021-11-02 07:00:00+00:00,1793.82996,1796.44995,1790.93005,1792.5
2021-11-02 11:00:00+00:00,1792.51001,1794.57996,1786.53003,1790.82996
2021-11-02 15:00:00+00:00,1790.71997,1793.30005,1786.45996,1787.069946
2021-11-02 19:00:00+00:00,1787.15002,1788.41003,1786.53003,1787.12
2021-11-02 23:00:00+00:00,1787.18994,1787.69995,1780.27002,1780.79004
2021-11-03 03:00:00+00:00,1780.67004,1783.89001,1778.32996,1780.23999
2021-11-03 07:00:00+00:00,1780.050049,1783.92004,1779.66003,1783.20996
2021-11-03 11:00:00+00:00,1783.17004,1785.68994,1758.91003,1763.26001
2021-11-03 15:00:00+00:00,1763.37,1774.64001,1760.73999,1772.65002
2021-11-03 19:00:00+00:00,1773.02002,1775.54004,1768.62,1773.90002
2021-11-03 23:00:00+00:00,1773.89001,1778.38,1773.48999,1776.31995
2021-11-04 03:00:00+00:00,1776.38,1777.55005,1770.87,1772.76001
2021-11-04 07:00:00+00:00,1772.83997,1779.76001,1772.40002,1778.81006
2021-11-04 11:00:00+00:00,1778.81995,1798.90002,1778.31006,1797.13
2021-11-04 15:00:00+00:00,1796.78003,1797.099976,1790.94995,1792.56006
2021-11-04 19:00:00+00:00,1792.51001,1793.94995,1790.53003,1791.45996
2021-11-04 23:00:00+00:00,1791.47998,1796.18994,1790.14001,1793.98999
2021-11-05 03:00:00+00:00,1793.90002,1797.01001,1792.55005,1796.76001
2021-11-05 07:00:00+00:00,1796.65002,1800.14001,1793.16003,1794.30005
2021-11-05 11:00:00+00:00,1794.23999,1803.42004,1785.30005,1802.030029
2021-11-05 15:00:00+00:00,1802.050049,1816.43994,1801.31995,1815.75
2021-11-05 19:00:00+00:00,1815.92004,1818.33997,1815.31995,1818.12
2021-11-07 23:00:00+00:00,1818.52002,1821.040039,1813.02002,1819.57996
2021-11-08 03:00:00+00:00,1819.45996,1821.51001,1815.91003,1816.80005
2021-11-08 07:00:00+00:00,1816.80005,1818.26001,1812.48999,1817.35999
2021-11-08 11:00:00+00:00,1817.33997,1826.050049,1815.060059,1822.54004
2021-11-08 15:00:00+00:00,1822.62,1826.42004,1819.53003,1825.68005
2021-11-08 19:00:00+00:00,1825.68994,1826.31995,1823.68994,1824.28003
2021-11-08 23:00:00+00:00,1825.33997,1827.22998,1821.95996,1823.069946
2021-11-09 03:00:00+00:00,1823.060059,1827.20996,1821.97998,1823.95996
2021-11-09 07:00:00+00:00,1823.98999,1826.81006,1819.18994,1825.21997
2021-11-09 11:00:00+00:00,1825.19995,1830.39001,1822.84998,1826.23999
2021-11-09 15:00:00+00:00,1826.31995,1831.32996,1820.51001,1830.31995
2021-11-09 19:00:00+00:00,1830.30005,1832.72998,1828.91003,1831.91003
2021-11-09 23:00:00+00:00,1832.099976,1832.5,1827.10999,1827.32996
2021-11-10 03:00:00+00:00,1827.19995,1828.60999,1824.18994,1826.45996
2021-11-10 07:00:00+00:00,1826.23999,1827.25,1823.069946,1824.83997
2021-11-10 11:00:00+00:00,1824.66003,1868.38,1822.43005,1861.67004
2021-11-10 15:00:00+00:00,1862.01001,1862.45996,1841.62,1846.64001
2021-11-10 19:00:00+00:00,1846.54004,1852.80005,1844.56006,1849.53003
2021-11-10 23:00:00+00:00,1849.56995,1852.56995,1842.98999,1844.29004
2021-11-11 03:00:00+00:00,1844.15002,1855.66003,1843.77002,1852.39001
2021-11-11 07:00:00+00:00,1852.29004,1864.40002,1851.88,1862.88
2021-11-11 11:00:00+00:00,1862.88,1865.96997,1855.02002,1859.81995
2021-11-11 15:00:00+00:00,1859.98999,1863.76001,1859.089966,1862.28003
2021-11-11 19:00:00+00:00,1862.29004,1863.40002,1861.70996,1862.01001
2021-11-11 23:00:00+00:00,1861.93005,1862.62,1855.73999,1856.95996
2021-11-12 03:00:00+00:00,1856.93994,1860.069946,1855.17004,1857.80005
2021-11-12 07:00:00+00:00,1857.80005,1859.84998,1845.88,1846.26001
2021-11-12 11:00:00+00:00,1846.53003,1859.44995,1845.33997,1858.60999
2021-11-12 15:00:00+00:00,1858.55005,1868.62,1858.55005,1867.97998
2021-11-12 19:00:00+00:00,1867.69995,1867.69995,1862.63,1864.97998
2021-11-14 23:00:00+00:00,1868.18005,1868.18005,1857.40002,1859.68005
2021-11-15 03:00:00+00:00,1859.62,1859.68005,1856.57996,1857.34998
2021-11-15 07:00:00+00:00,1857.31995,1864.92004,1856.41003,1863.33997
2021-11-15 11:00:00+00:00,1863.18005,1870.060059,1859.77002,1860.71997
2021-11-15 15:00:00+00:00,1860.68005,1865.79004,1858.31995,1865.79004
2021-11-15 19:00:00+00:00,1865.79004,1867.89001,1862.13,1862.88
2021-11-15 23:00:00+00:00,1862.88,1868.89001,1861.96997,1867.52002
2021-11-16 03:00:00+00:00,1867.57996,1868.31995,1864.040039,1865.16003
2021-11-16 07:00:00+00:00,1865.18005,1874.92004,1862.33997,1874.21997
2021-11-16 11:00:00+00:00,1874.21997,1877.14001,1859.20996,1859.55005
2021-11-16 15:00:00+00:00,1859.31006,1864.43994,1849.76001,1850.33997
2021-11-16 19:00:00+00:00,1850.21997,1852.51001,1849.75,1850.55005
2021-11-16 23:00:00+00:00,1850.050049,1856.14001,1849.65002,1855.97998
2021-11-17 03:00:00+00:00,1855.96997,1856.15002,1852.069946,1855.16003
2021-11-17 07:00:00+00:00,1854.96997,1861.43005,1854.28003,1859.73999
2021-11-17 11:00:00+00:00,1859.57996,1867.31006,1859.37,1865.98999
2021-11-17 15:00:00+00:00,1866.050049,1868.030029,1860.40002,1866.060059
2021-11-17 19:00:00+00:00,1866.069946,1867.66003,1862.82996,1867.41003
2021-11-17 23:00:00+00:00,1867.31995,1870.93005,1865.48999,1866.93994
2021-11-18 03:00:00+00:00,1866.91003,1867.43994,1862.72998,1863.84998
2021-11-18 07:00:00+00:00,1863.87,1869.81006,1858.82996,1861.34998
2021-11-18 11:00:00+00:00,1861.21997,1866.93994,1855.22998,1861.58997
2021-11-18 15:00:00+00:00,1861.96997,1863.66003,1857.75,1860.01001
2021-11-18 19:00:00+00:00,1860.02002,1861.10999,1856.88,1858.87
2021-11-18 23:00:00+00:00,1859.28003,1863.040039,1858.10999,1861.91003
2021-11-19 03:00:00+00:00,1861.73999,1863.81995,1858.76001,1859.15002
2021-11-19 07:00:00+00:00,1858.94995,1864.56006,1851.79004,1859.78003
2021-11-19 11:00:00+00:00,1859.70996,1865.69995,1852.12,1861.93005
2021-11-19 15:00:00+00:00,1861.76001,1862.57996,1843.050049,1848.80005
2021-11-19 19:00:00+00:00,1849.060059,1849.98999,1845.48999,1845.76001
2021-11-21 23:00:00+00:00,1846.60999,1848.53003,1838.89001,1846.57996
2021-11-22 03:00:00+00:00,1846.56006,1849.13,1841.15002,1842.56995
2021-11-22 07:00:00+00:00,1842.56006,1847.10999,1837.39001,1839.62
2021-11-22 11:00:00+00:00,1839.58997,1843.51001,1811.80005,1819.35999
2021-11-22 15:00:00+00:00,1819.31995,1822.23999,1804.87,1805.099976
2021-11-22 19:00:00+00:00,1805.52002,1807.16003,1802.52002,1804.56006
2021-11-22 23:00:00+00:00,1806.76001,1812.40002,1805.87,1810.0
2021-11-23 03:00:00+00:00,1809.96997,1810.30005,1803.48999,1804.040039
2021-11-23 07:00:00+00:00,1804.030029,1809.89001,1792.85999,1796.81995
2021-11-23 11:00:00+00:00,1796.91003,1797.55005,1784.51001,1790.56995
2021-11-23 15:00:00+00:00,1790.39001,1791.099976,1782.10999,1789.10999
2021-11-23 19:00:00+00:00,1789.14001,1791.94995,1787.85999,1789.12
2021-11-23 23:00:00+00:00,1789.40002,1796.12,1788.62,1794.31995
2021-11-24 03:00:00+00:00,1794.28003,1795.92004,1792.42004,1793.40002
2021-11-24 07:00:00+00:00,1793.43994,1796.47998,1788.53003,1789.43005
2021-11-24 11:00:00+00:00,1789.42004,1790.050049,1778.80005,1782.10999
2021-11-24 15:00:00+00:00,1781.94995,1791.43005,1779.67004,1784.10999
2021-11-24 19:00:00+00:00,1784.19995,1789.63,1782.56995,1788.60999
2021-11-24 23:00:00+00:00,1789.31995,1794.34998,1786.02002,1792.83997
2021-11-25 03:00:00+00:00,1792.85999,1794.13,1791.56006,1792.68994
2021-11-25 07:00:00+00:00,1792.72998,1795.079956,1790.40002,1791.099976
2021-11-25 11:00:00+00:00,1791.12,1792.92004,1789.58997,1790.81006
2021-11-25 15:00:00+00:00,1790.84998,1790.93994,1787.96997,1788.81995
2021-11-25 23:00:00+00:00,1788.94995,1795.040039,1788.94995,1794.23999
2021-11-26 03:00:00+00:00,1794.25,1803.54004,1794.25,1801.21997
2021-11-26 07:00:00+00:00,1801.21997,1810.76001,1797.96997,1809.79004
2021-11-26 11:00:00+00:00,1809.75,1815.46997,1795.43994,1798.68005
2021-11-26 15:00:00+00:00,1798.76001,1802.68005,1780.73999,1788.12
2021-11-28 23:00:00+00:00,1789.95996,1796.030029,1779.91003,1795.40002
2021-11-29 03:00:00+00:00,1795.38,1796.73999,1791.29004,1795.0
2021-11-29 07:00:00+00:00,1795.030029,1799.46997,1792.14001,1796.43994
2021-11-29 11:00:00+00:00,1796.34998,1796.34998,1784.40002,1788.14001
2021-11-29 15:00:00+00:00,1788.10999,1789.78003,1782.58997,1784.099976
2021-11-29 19:00:00+00:00,1784.030029,1785.82996,1781.33997,1784.62
2021-11-29 23:00:00+00:00,1784.76001,1790.44995,1783.23999,1788.70996
2021-11-30 03:00:00+00:00,1788.81995,1795.98999,1788.099976,1793.31995
2021-11-30 07:00:00+00:00,1793.29004,1798.51001,1790.069946,1796.16003
2021-11-30 11:00:00+00:00,1796.15002,1804.44995,1789.32996,1802.42004
2021-11-30 15:00:00+00:00,1802.41003,1808.69995,1769.95996,1776.57996
2021-11-30 19:00:00+00:00,1776.79004,1777.77002,1770.98999,1774.51001
2021-11-30 23:00:00+00:00,1775.30005,1779.55005,1772.26001,1778.38
2021-12-01 03:00:00+00:00,1778.29004,1793.91003,1777.43005,1788.01001
2021-12-01 07:00:00+00:00,1788.15002,1789.25,1776.72998,1786.37
2021-12-01 11:00:00+00:00,1786.43994,1790.47998,1782.89001,1788.41003
2021-12-01 15:00:00+00:00,1787.88,1792.20996,1780.92004,1783.060059
2021-12-01 19:00:00+00:00,1782.97998,1783.44995,1777.39001,1781.60999
2021-12-01 23:00:00+00:00,1781.97998,1783.44995,1779.66003,1781.23999
2021-12-02 03:00:00+00:00,1781.18005,1781.18005,1775.22998,1778.28003
2021-12-02 07:00:00+00:00,1778.22998,1778.57996,1767.93005,1775.98999
2021-12-02 11:00:00+00:00,1775.93005,1781.28003,1763.57996,1764.81995
2021-12-02 15:00:00+00:00,1764.84998,1772.88,1761.96997,1764.43005
2021-12-02 19:00:00+00:00,1764.71997,1769.34998,1764.71997,1768.89001
2021-12-02 23:00:00+00:00,1768.51001,1772.73999,1767.67004,1771.78003
2021-12-03 03:00:00+00:00,1771.82996,1776.55005,1771.71997,1771.88
2021-12-03 07:00:00+00:00,1771.87,1773.90002,1766.19995,1770.34998
2021-12-03 11:00:00+00:00,1770.38,1778.44995,1766.66003,1771.069946
2021-12-03 15:00:00+00:00,1767.73999,1784.66003,1766.87,1784.099976
2021-12-03 19:00:00+00:00,1784.17004,1786.15002,1781.62,1783.38
2021-12-05 23:00:00+00:00,1784.60999,1787.72998,1780.79004,1786.92004
2021-12-06 03:00:00+00:00,1786.87,1787.44995,1781.17004,1784.66003
2021-12-06 07:00:00+00:00,1784.45996,1785.54004,1778.02002,1782.34998
2021-12-06 11:00:00+00:00,1782.31995,1782.96997,1776.069946,1777.92004
2021-12-06 15:00:00+00:00,1778.01001,1785.060059,1777.46997,1778.84998
2021-12-06 19:00:00+00:00,1778.88,1780.35999,1777.88,1778.58997
2021-12-06 23:00:00+00:00,1778.63,1782.01001,1778.51001,1780.27002
2021-12-07 03:00:00+00:00,1780.10999,1783.43005,1776.94995,1783.38
2021-12-07 07:00:00+00:00,1783.31995,1784.62,1777.51001,1780.59998
2021-12-07 11:00:00+00:00,1780.60999,1784.72998,1772.32996,1779.76001
2021-12-07 15:00:00+00:00,1779.37,1787.72998,1778.90002,1784.15002
2021-12-07 19:00:00+00:00,1784.15002,1786.45996,1783.85999,1784.079956
2021-12-07 23:00:00+00:00,1784.46997,1790.43994,1783.75,1790.18994
2021-12-08 03:00:00+00:00,1790.18005,1791.64001,1787.60999,1788.73999
2021-12-08 07:00:00+00:00,1788.78003,1793.099976,1785.88,1792.060059
2021-12-08 11:00:00+00:00,1792.28003,1792.59998,1779.70996,1781.52002
2021-12-08 15:00:00+00:00,1781.46997,1785.51001,1780.33997,1784.62
2021-12-08 19:00:00+00:00,1784.63,1786.89001,1782.39001,1782.98999
2021-12-08 23:00:00+00:00,1783.099976,1785.53003,1782.28003,1783.48999
2021-12-09 03:00:00+00:00,1783.40002,1787.14001,1782.90002,1784.040039
2021-12-09 07:00:00+00:00,1784.01001,1787.68005,1781.35999,1782.96997
2021-12-09 11:00:00+00:00,1783.12,1783.96997,1773.89001,1776.88
2021-12-09 15:00:00+00:00,1777.02002,1780.90002,1773.38,1778.37
2021-12-09 19:00:00+00:00,1778.33997,1778.33997,1774.81995,1775.46997
2021-12-09 23:00:00+00:00,1775.80005,1779.73999,1775.68005,1778.050049
2021-12-10 03:00:00+00:00,1777.90002,1779.73999,1771.5,1773.69995
2021-12-10 07:00:00+00:00,1773.68994,1774.21997,1770.18005,1771.30005
2021-12-10 11:00:00+00:00,1771.26001,1789.28003,1770.57996,1780.20996
2021-12-10 15:00:00+00:00,1780.64001,1786.5,1779.10999,1782.87
2021-12-10 19:00:00+00:00,1783.26001,1783.29004,1781.47998,1782.71997
2021-12-12 23:00:00+00:00,1783.079956,1788.31995,1782.01001,1785.84998
2021-12-13 03:00:00+00:00,1785.82996,1787.01001,1784.12,1784.57996
2021-12-13 07:00:00+00:00,1784.35999,1787.90002,1783.41003,1786.93994
2021-12-13 11:00:00+00:00,1787.0,1791.54004,1782.060059,1788.94995
2021-12-13 15:00:00+00:00,1789.31995,1789.31995,1786.10999,1787.51001
2021-12-13 19:00:00+00:00,1787.44995,1788.26001,1786.40002,1786.69995
2021-12-13 23:00:00+00:00,1786.33997,1789.54004,1785.12,1787.20996
2021-12-14 03:00:00+00:00,1787.050049,1788.44995,1785.43994,1788.15002
2021-12-14 07:00:00+00:00,1787.91003,1788.41003,1782.12,1784.88
2021-12-14 11:00:00+00:00,1784.71997,1785.60999,1766.65002,1775.94995
2021-12-14 15:00:00+00:00,1776.12,1776.56995,1771.18994,1771.41003
2021-12-14 19:00:00+00:00,1771.39001,1773.20996,1770.40002,1770.91003
2021-12-14 23:00:00+00:00,1771.22998,1773.95996,1771.089966,1772.39001
2021-12-15 03:00:00+00:00,1772.38,1772.38,1767.59998,1768.21997
2021-12-15 07:00:00+00:00,1768.62,1771.43994,1766.92004,1768.33997
2021-12-15 11:00:00+00:00,1768.28003,1773.73999,1764.48999,1769.73999
2021-12-15 15:00:00+00:00,1769.35999,1770.40002,1760.43994,1762.96997
2021-12-15 19:00:00+00:00,1761.44995,1780.88,1753.78003,1776.87
2021-12-15 23:00:00+00:00,1778.079956,1784.28003,1775.68005,1782.52002
2021-12-16 03:00:00+00:00,1782.55005,1785.079956,1781.040039,1784.82996
2021-12-16 07:00:00+00:00,1784.89001,1787.30005,1784.23999,1786.68005
2021-12-16 11:00:00+00:00,1786.67004,1795.16003,1782.26001,1793.63
2021-12-16 15:00:00+00:00,1794.35999,1798.89001,1793.31995,1796.30005
2021-12-16 19:00:00+00:00,1796.31006,1799.68005,1795.040039,1799.39001
2021-12-16 23:00:00+00:00,1799.59998,1804.43005,1797.35999,1802.58997
2021-12-17 03:00:00+00:00,1802.56995,1807.35999,1801.63,1806.26001
2021-12-17 07:00:00+00:00,1806.089966,1809.89001,1806.089966,1807.93005
2021-12-17 11:00:00+00:00,1807.91003,1814.29004,1804.43994,1807.32996
2021-12-17 15:00:00+00:00,1807.32996,1809.83997,1799.98999,1802.17004
2021-12-17 19:00:00+00:00,1802.050049,1803.079956,1795.96997,1798.15002
2021-12-19 23:00:00+00:00,1799.30005,1802.53003,1798.88,1802.079956
2021-12-20 03:00:00+00:00,1802.01001,1804.18994,1801.21997,1802.30005
2021-12-20 07:00:00+00:00,1802.48999,1802.48999,1796.84998,1798.069946
2021-12-20 11:00:00+00:00,1798.050049,1800.20996,1791.88,1791.93005
2021-12-20 15:00:00+00:00,1791.96997,1797.80005,1791.96997,1793.23999
2021-12-20 19:00:00+00:00,1793.42004,1793.43005,1788.38,1790.96997
2021-12-20 23:00:00+00:00,1790.91003,1792.35999,1789.31006,1791.20996
2021-12-21 03:00:00+00:00,1791.19995,1793.45996,1788.93005,1791.18005
2021-12-21 07:00:00+00:00,1791.089966,1798.31006,1789.45996,1796.19995
2021-12-21 11:00:00+00:00,1796.21997,1800.42004,1792.13,1792.13
2021-12-21 15:00:00+00:00,1792.17004,1793.81006,1785.040039,1788.38
2021-12-21 19:00:00+00:00,1788.38,1789.68005,1787.34998,1789.31006
2021-12-21 23:00:00+00:00,1789.14001,1791.22998,1788.42004,1789.030029
2021-12-22 03:00:00+00:00,1789.030029,1790.73999,1787.02002,1787.73999
2021-12-22 07:00:00+00:00,1787.78003,1791.47998,1785.91003,1789.91003
2021-12-22 11:00:00+00:00,1789.95996,1794.96997,1788.56006,1790.43994
2021-12-22 15:00:00+00:00,1790.44995,1802.51001,1790.44995,1801.93005
2021-12-22 19:00:00+00:00,1801.97998,1805.079956,1801.77002,1803.56995
2021-12-22 23:00:00+00:00,1803.85999,1808.47998,1803.19995,1806.79004
2021-12-23 03:00:00+00:00,1806.80005,1808.26001,1804.95996,1805.91003
2021-12-23 07:00:00+00:00,1806.030029,1808.12,1804.68994,1804.71997
2021-12-23 11:00:00+00:00,1804.72998,1809.96997,1799.089966,1802.80005
2021-12-23 15:00:00+00:00,1803.13,1810.76001,1803.13,1808.75
2021-12-23 19:00:00+00:00,1808.82996,1809.56995,1807.53003,1808.89001
2021-12-26 23:00:00+00:00,1808.060059,1811.96997,1805.94995,1810.030029
2021-12-27 03:00:00+00:00,1809.95996,1811.12,1808.70996,1809.33997
2021-12-27 07:00:00+00:00,1809.40002,1809.96997,1805.15002,1805.68994
2021-12-27 11:00:00+00:00,1805.60999,1810.35999,1803.12,1808.83997
2021-12-27 15:00:00+00:00,1808.87,1813.48999,1806.88,1807.72998
2021-12-27 19:00:00+00:00,1807.80005,1812.68994,1807.050049,1812.19995
2021-12-27 23:00:00+00:00,1812.030029,1812.73999,1808.59998,1809.27002
2021-12-28 03:00:00+00:00,1809.23999,1815.40002,1809.050049,1815.050049
2021-12-28 07:00:00+00:00,1815.30005,1817.87,1813.53003,1817.87
2021-12-28 11:00:00+00:00,1817.98999,1820.16003,1810.18005,1814.030029
2021-12-28 15:00:00+00:00,1814.040039,1815.43994,1805.10999,1805.67004
2021-12-28 19:00:00+00:00,1805.71997,1807.84998,1805.13,1806.18994
2021-12-28 23:00:00+00:00,1806.21997,1807.53003,1804.18005,1807.44995
2021-12-29 03:00:00+00:00,1807.47998,1807.71997,1805.46997,1806.099976
2021-12-29 07:00:00+00:00,1806.060059,1806.42004,1794.48999,1795.78003
2021-12-29 11:00:00+00:00,1795.73999,1797.46997,1789.51001,1796.34998
2021-12-29 15:00:00+00:00,1796.34998,1805.63,1794.83997,1804.78003
2021-12-29 19:00:00+00:00,1804.98999,1805.56995,1803.81006,1804.80005
2021-12-29 23:00:00+00:00,1804.77002,1805.58997,1801.34998,1801.65002
2021-12-30 03:00:00+00:00,1801.62,1803.35999,1797.28003,1798.38
2021-12-30 07:00:00+00:00,1798.38,1802.23999,1796.29004,1801.16003
2021-12-30 11:00:00+00:00,1801.16003,1808.68994,1798.88,1806.060059
2021-12-30 15:00:00+00:00,1806.18994,1814.51001,1805.18005,1813.80005
2021-12-30 19:00:00+00:00,1813.81006,1817.26001,1813.21997,1814.60999
2021-12-30 23:00:00+00:00,1815.51001,1819.030029,1814.64001,1817.94995
2021-12-31 03:00:00+00:00,1817.93994,1819.30005,1816.76001,1818.26001
2021-12-31 07:00:00+00:00,1818.27002,1820.23999,1815.19995,1819.68994
2021-12-31 11:00:00+00:00,1819.69995,1827.45996,1818.60999,1822.43005
2021-12-31 15:00:00+00:00,1822.73999,1828.67004,1820.51001,1828.40002
2021-12-31 19:00:00+00:00,1828.43005,1830.38,1828.25,1829.66003
2022-01-02 23:00:00+00:00,1829.83997,1831.84998,1825.72998,1826.23999
2022-01-03 03:00:00+00:00,1826.26001,1826.93994,1823.75,1825.35999
2022-01-03 07:00:00+00:00,1825.44995,1827.56995,1821.079956,1826.51001
2022-01-03 11:00:00+00:00,1826.52002,1827.16003,1802.92004,1802.97998
2022-01-03 15:00:00+00:00,1802.93994,1806.60999,1798.45996,1801.70996
2022-01-03 19:00:00+00:00,1801.75,1804.63,1801.030029,1801.43005
2022-01-03 23:00:00+00:00,1801.45996,1807.18005,1801.45996,1805.45996
2022-01-04 03:00:00+00:00,1805.43005,1806.25,1803.23999,1803.56006
2022-01-04 07:00:00+00:00,1803.55005,1808.67004,1801.98999,1805.70996
2022-01-04 11:00:00+00:00,1805.70996,1810.90002,1798.95996,1810.33997
2022-01-04 15:00:00+00:00,1811.67004,1816.71997,1807.62,1815.18005
2022-01-04 19:00:00+00:00,1815.13,1815.48999,1813.54004,1814.66003
2022-01-04 23:00:00+00:00,1814.83997,1816.27002,1812.81995,1815.64001
2022-01-05 03:00:00+00:00,1815.65002,1817.12,1812.80005,1813.14001
2022-01-05 07:00:00+00:00,1813.16003,1820.21997,1812.58997,1818.42004
2022-01-05 11:00:00+00:00,1818.45996,1829.68994,1815.10999,1825.90002
2022-01-05 15:00:00+00:00,1825.77002,1826.67004,1820.53003,1823.95996
2022-01-05 19:00:00+00:00,1823.91003,1824.44995,1808.33997,1810.46997
2022-01-05 23:00:00+00:00,1810.73999,1811.48999,1807.15002,1809.21997
2022-01-06 03:00:00+00:00,1809.21997,1809.41003,1799.57996,1802.02002
2022-01-06 07:00:00+00:00,1802.13,1807.12,1793.81995,1801.27002
2022-01-06 11:00:00+00:00,1801.18994,1801.76001,1786.92004,1791.71997
2022-01-06 15:00:00+00:00,1794.46997,1795.10999,1787.72998,1787.77002
2022-01-06 19:00:00+00:00,1787.71997,1791.31995,1786.43994,1791.28003
2022-01-06 23:00:00+00:00,1791.18005,1792.65002,1789.87,1791.67004
2022-01-07 03:00:00+00:00,1791.65002,1793.29004,1788.92004,1790.030029
2022-01-07 07:00:00+00:00,1790.030029,1794.060059,1787.87,1791.34998
2022-01-07 11:00:00+00:00,1791.37,1796.050049,1782.73999,1791.030029
2022-01-07 15:00:00+00:00,1790.96997,1798.68994,1786.57996,1796.44995
2022-01-07 19:00:00+00:00,1796.56006,1797.81006,1794.39001,1796.63
2022-01-09 23:00:00+00:00,1795.079956,1796.81995,1792.64001,1794.45996
2022-01-10 03:00:00+00:00,1794.51001,1794.51001,1791.53003,1793.28003
2022-01-10 07:00:00+00:00,1793.14001,1800.79004,1791.37,1799.80005
2022-01-10 11:00:00+00:00,1799.84998,1802.41003,1790.41003,1794.25
2022-01-10 15:00:00+00:00,1794.26001,1801.45996,1791.56995,1800.28003
2022-01-10 19:00:00+00:00,1800.31006,1801.94995,1799.69995,1801.81006
2022-01-10 23:00:00+00:00,1801.56995,1806.43005,1800.19995,1805.28003
2022-01-11 03:00:00+00:00,1805.22998,1809.90002,1805.089966,1808.35999
2022-01-11 07:00:00+00:00,1808.34998,1810.30005,1804.88,1806.10999
2022-01-11 11:00:00+00:00,1806.14001,1809.099976,1801.82996,1806.069946
2022-01-11 15:00:00+00:00,1805.95996,1820.15002,1805.42004,1820.12
2022-01-11 19:00:00+00:00,1820.099976,1823.26001,1819.079956,1821.65002
2022-01-11 23:00:00+00:00,1821.28003,1822.58997,1818.56006,1819.46997
2022-01-12 03:00:00+00:00,1819.43005,1821.62,1817.78003,1820.19995
2022-01-12 07:00:00+00:00,1820.18994,1820.53003,1814.77002,1817.52002
2022-01-12 11:00:00+00:00,1817.51001,1825.39001,1816.32996,1821.93005
2022-01-12 15:00:00+00:00,1821.98999,1827.91003,1820.17004,1826.089966
2022-01-12 19:00:00+00:00,1826.040039,1828.050049,1825.64001,1826.10999
2022-01-12 23:00:00+00:00,1825.92004,1826.68005,1824.12,1824.39001
2022-01-13 03:00:00+00:00,1824.41003,1828.13,1824.39001,1825.22998
2022-01-13 07:00:00+00:00,1825.17004,1827.65002,1819.079956,1822.63
2022-01-13 11:00:00+00:00,1822.66003,1826.02002,1818.040039,1818.59998
2022-01-13 15:00:00+00:00,1818.68994,1822.030029,1812.51001,1820.51001
2022-01-13 19:00:00+00:00,1820.51001,1822.93005,1820.29004,1822.46997
2022-01-13 23:00:00+00:00,1822.31006,1825.62,1819.66003,1825.27002
2022-01-14 03:00:00+00:00,1825.23999,1828.14001,1824.92004,1826.96997
2022-01-14 07:00:00+00:00,1826.88,1829.16003,1821.68994,1823.71997
2022-01-14 11:00:00+00:00,1823.64001,1827.62,1819.32996,1824.73999
2022-01-14 15:00:00+00:00,1824.35999,1825.97998,1814.75,1817.22998
2022-01-14 19:00:00+00:00,1817.28003,1819.01001,1816.46997,1818.030029
2022-01-16 23:00:00+00:00,1817.58997,1818.56006,1813.19995,1818.25
2022-01-17 03:00:00+00:00,1818.26001,1820.63,1817.98999,1819.64001
2022-01-17 07:00:00+00:00,1819.59998,1823.25,1819.0,1820.90002
2022-01-17 11:00:00+00:00,1821.030029,1821.90002,1819.30005,1820.21997
2022-01-17 15:00:00+00:00,1820.23999,1820.23999,1817.75,1818.29004
2022-01-17 19:00:00+00:00,1818.25,1819.41003,1818.23999,1819.40002
2022-01-17 23:00:00+00:00,1818.66003,1822.43994,1818.45996,1821.93005
2022-01-18 03:00:00+00:00,1821.90002,1822.81006,1815.35999,1817.65002
2022-01-18 07:00:00+00:00,1817.83997,1818.01001,1809.19995,1810.12
2022-01-18 11:00:00+00:00,1810.20996,1819.96997,1805.87,1818.26001
2022-01-18 15:00:00+00:00,1818.22998,1820.12,1810.70996,1813.56995
2022-01-18 19:00:00+00:00,1813.58997,1815.93994,1813.20996,1813.78003
2022-01-18 23:00:00+00:00,1813.71997,1815.21997,1811.099976,1811.71997
2022-01-19 03:00:00+00:00,1811.68994,1814.83997,1810.32996,1814.39001
2022-01-19 07:00:00+00:00,1814.12,1819.37,1811.40002,1818.77002
2022-01-19 11:00:00+00:00,1818.80005,1828.41003,1816.75,1827.25
2022-01-19 15:00:00+00:00,1827.43005,1842.84998,1826.37,1841.98999
2022-01-19 19:00:00+00:00,1841.95996,1843.39001,1840.22998,1840.54004
2022-01-19 23:00:00+00:00,1839.85999,1844.13,1838.15002,1840.099976
2022-01-20 03:00:00+00:00,1840.060059,1841.64001,1838.53003,1840.51001
2022-01-20 07:00:00+00:00,1840.43005,1842.14001,1836.82996,1837.21997
2022-01-20 11:00:00+00:00,1837.22998,1847.060059,1836.02002,1846.19995
2022-01-20 15:00:00+00:00,1846.26001,1847.87,1838.65002,1841.58997
2022-01-20 19:00:00+00:00,1841.57996,1841.69995,1837.44995,1839.57996
2022-01-20 23:00:00+00:00,1839.16003,1841.67004,1836.33997,1841.27002
2022-01-21 03:00:00+00:00,1841.15002,1842.089966,1839.81995,1840.43994
2022-01-21 07:00:00+00:00,1840.43005,1842.81995,1828.62,1834.02002
2022-01-21 11:00:00+00:00,1834.060059,1843.22998,1831.21997,1840.63
2022-01-21 15:00:00+00:00,1840.81006,1840.81006,1830.25,1832.23999
2022-01-21 19:00:00+00:00,1832.40002,1835.14001,1828.59998,1834.71997
2022-01-23 23:00:00+00:00,1833.31995,1837.44995,1832.67004,1836.72998
2022-01-24 03:00:00+00:00,1836.71997,1839.64001,1835.67004,1837.68005
2022-01-24 07:00:00+00:00,1837.60999,1844.27002,1836.43994,1839.96997
2022-01-24 11:00:00+00:00,1840.099976,1843.050049,1832.81006,1833.98999
2022-01-24 15:00:00+00:00,1834.41003,1843.12,1829.93994,1841.22998
2022-01-24 19:00:00+00:00,1841.20996,1844.089966,1837.78003,1843.089966
2022-01-24 23:00:00+00:00,1843.18994,1843.72998,1839.54004,1840.31006
2022-01-25 03:00:00+00:00,1840.31995,1843.099976,1840.20996,1841.39001
2022-01-25 07:00:00+00:00,1841.41003,1843.38,1835.10999,1837.81995
2022-01-25 11:00:00+00:00,1837.56995,1852.87,1837.069946,1850.43994
2022-01-25 15:00:00+00:00,1850.88,1852.66003,1841.21997,1852.23999
2022-01-25 19:00:00+00:00,1851.98999,1853.90002,1847.079956,1848.14001
2022-01-25 23:00:00+00:00,1848.02002,1850.16003,1846.53003,1847.69995
2022-01-26 03:00:00+00:00,1847.68005,1848.69995,1846.34998,1846.57996
2022-01-26 07:00:00+00:00,1846.42004,1847.77002,1843.84998,1846.91003
2022-01-26 11:00:00+00:00,1846.81006,1848.079956,1831.43005,1836.13
2022-01-26 15:00:00+00:00,1836.58997,1838.64001,1829.060059,1829.40002
2022-01-26 19:00:00+00:00,1829.30005,1833.14001,1815.43005,1819.42004
2022-01-26 23:00:00+00:00,1820.089966,1822.18005,1813.13,1816.52002
2022-01-27 03:00:00+00:00,1816.5,1817.26001,1809.98999,1810.55005
2022-01-27 07:00:00+00:00,1810.71997,1816.91003,1809.66003,1811.70996
2022-01-27 11:00:00+00:00,1811.72998,1813.75,1797.56006,1805.67004
2022-01-27 15:00:00+00:00,1805.69995,1807.5,1791.88,1794.38
2022-01-27 19:00:00+00:00,1794.60999,1797.55005,1792.32996,1797.17004
2022-01-27 23:00:00+00:00,1798.02002,1799.32996,1795.13,1798.72998
2022-01-28 03:00:00+00:00,1798.71997,1799.47998,1796.88,1797.31995
2022-01-28 07:00:00+00:00,1797.15002,1797.81006,1786.60999,1787.20996
2022-01-28 11:00:00+00:00,1787.18994,1792.67004,1780.29004,1786.64001
2022-01-28 15:00:00+00:00,1786.22998,1792.96997,1781.98999,1786.66003
2022-01-28 19:00:00+00:00,1786.75,1792.21997,1784.43005,1791.67004
2022-01-30 23:00:00+00:00,1789.32996,1790.69995,1786.40002,1788.60999
2022-01-31 03:00:00+00:00,1788.65002,1789.44995,1785.59998,1788.56006
2022-01-31 07:00:00+00:00,1788.26001,1792.55005,1786.10999,1791.87
2022-01-31 11:00:00+00:00,1791.92004,1799.57996,1789.64001,1795.77002
2022-01-31 15:00:00+00:00,1795.81006,1798.78003,1793.26001,1797.96997
2022-01-31 19:00:00+00:00,1797.97998,1799.82996,1796.39001,1797.39001
2022-01-31 23:00:00+00:00,1797.93005,1799.45996,1796.66003,1797.85999
2022-02-01 03:00:00+00:00,1797.87,1803.54004,1795.78003,1801.66003
2022-02-01 07:00:00+00:00,1801.79004,1807.53003,1801.72998,1806.68005
2022-02-01 11:00:00+00:00,1806.60999,1808.78003,1800.70996,1802.42004
2022-02-01 15:00:00+00:00,1803.76001,1807.96997,1798.060059,1801.069946
2022-02-01 19:00:00+00:00,1801.040039,1802.39001,1798.66003,1801.18005
2022-02-01 23:00:00+00:00,1800.56995,1801.70996,1798.64001,1798.76001
2022-02-02 03:00:00+00:00,1798.54004,1799.01001,1796.69995,1797.77002
2022-02-02 07:00:00+00:00,1797.83997,1803.71997,1794.79004,1802.77002
2022-02-02 11:00:00+00:00,1802.78003,1808.16003,1800.59998,1803.46997
2022-02-02 15:00:00+00:00,1803.19995,1810.81006,1802.83997,1809.25
2022-02-02 19:00:00+00:00,1809.16003,1809.16003,1805.25,1806.91003
2022-02-02 23:00:00+00:00,1807.01001,1809.01001,1806.040039,1806.59998
2022-02-03 03:00:00+00:00,1806.60999,1807.78003,1805.0,1805.18994
2022-02-03 07:00:00+00:00,1805.40002,1806.10999,1802.31006,1803.28003
2022-02-03 11:00:00+00:00,1803.23999,1805.22998,1788.78003,1791.5
2022-02-03 15:00:00+00:00,1791.54004,1807.62,1790.39001,1805.43994
2022-02-03 19:00:00+00:00,1805.43005,1806.70996,1804.56006,1804.91003
2022-02-03 23:00:00+00:00,1805.42004,1807.56995,1804.90002,1806.17004
2022-02-04 03:00:00+00:00,1806.26001,1807.98999,1805.92004,1807.10999
2022-02-04 07:00:00+00:00,1807.12,1814.43994,1806.30005,1813.33997
2022-02-04 11:00:00+00:00,1813.43005,1814.92004,1792.37,1804.37
2022-02-04 15:00:00+00:00,1804.68994,1810.20996,1803.18994,1807.63
2022-02-04 19:00:00+00:00,1807.76001,1808.58997,1805.88,1807.89001
2022-02-06 23:00:00+00:00,1807.47998,1815.19995,1807.089966,1809.56006
2022-02-07 03:00:00+00:00,1809.69995,1811.31006,1808.75,1809.66003
2022-02-07 07:00:00+00:00,1809.66003,1813.40002,1809.59998,1812.089966
2022-02-07 08:00:00+00:00,1813.26001,1814.17004,1810.10999,1813.64001
2022-02-07 11:00:00+00:00,1815.18005,1816.040039,1813.91003,1815.38
2022-02-07 12:00:00+00:00,1813.64001,1816.60999,1811.80005,1815.5
2022-02-07 15:00:00+00:00,1815.27002,1817.59998,1814.56995,1817.38
2022-02-07 16:00:00+00:00,1815.94995,1823.59998,1814.32996,1822.29004
2022-02-07 19:00:00+00:00,1822.40002,1822.70996,1822.26001,1822.29004
2022-02-07 20:00:00+00:00,1822.40002,1822.70996,1820.28003,1822.069946
2022-02-07 23:00:00+00:00,1821.91003,1822.63,1821.72998,1821.87
2022-02-08 00:00:00+00:00,1822.099976,1823.30005,1820.31006,1822.069946
2022-02-08 03:00:00+00:00,1822.67004,1822.73999,1818.98999,1819.73999
2022-02-08 04:00:00+00:00,1821.93994,1822.42004,1815.47998,1818.68994
2022-02-08 07:00:00+00:00,1817.32996,1819.030029,1815.70996,1818.52002
2022-02-08 08:00:00+00:00,1817.26001,1821.069946,1817.23999,1818.01001
2022-02-08 11:00:00+00:00,1817.68005,1823.089966,1817.60999,1821.77002
2022-02-08 12:00:00+00:00,1818.16003,1828.35999,1817.29004,1825.58997
2022-02-08 15:00:00+00:00,1824.39001,1826.37,1824.099976,1825.58997
2022-02-08 16:00:00+00:00,1824.51001,1828.81006,1824.48999,1827.030029
2022-02-08 19:00:00+00:00,1828.18994,1828.81006,1825.68994,1825.82996
2022-02-08 23:00:00+00:00,1825.81995,1828.23999,1825.099976,1827.62
2022-02-09 03:00:00+00:00,1827.62,1829.18005,1826.48999,1827.53003
2022-02-09 07:00:00+00:00,1827.46997,1828.42004,1825.78003,1826.93005
2022-02-09 11:00:00+00:00,1826.92004,1832.59998,1824.95996,1828.70996
2022-02-09 15:00:00+00:00,1828.63,1835.88,1827.52002,1834.68994
2022-02-09 19:00:00+00:00,1834.68005,1834.69995,1831.22998,1833.33997
2022-02-09 23:00:00+00:00,1833.15002,1834.81006,1831.56006,1834.33997
2022-02-10 03:00:00+00:00,1834.32996,1835.050049,1833.5,1834.31995
2022-02-10 07:00:00+00:00,1834.12,1835.94995,1830.48999,1833.16003
2022-02-10 11:00:00+00:00,1833.02002,1837.21997,1821.76001,1831.47998
2022-02-10 15:00:00+00:00,1831.67004,1841.98999,1830.25,1835.37
2022-02-10 19:00:00+00:00,1835.37,1835.87,1825.65002,1826.78003
2022-02-10 23:00:00+00:00,1826.55005,1828.12,1823.80005,1826.88
2022-02-11 03:00:00+00:00,1826.76001,1826.85999,1822.079956,1822.98999
2022-02-11 07:00:00+00:00,1822.89001,1827.82996,1821.079956,1826.14001
2022-02-11 11:00:00+00:00,1826.12,1833.34998,1825.030029,1829.76001
2022-02-11 15:00:00+00:00,1829.90002,1860.38,1829.78003,1857.20996
2022-02-11 19:00:00+00:00,1857.41003,1865.53003,1851.55005,1858.57996
2022-02-13 23:00:00+00:00,1862.01001,1862.10999,1854.01001,1854.82996
2022-02-14 03:00:00+00:00,1854.87,1854.90002,1851.47998,1853.20996
2022-02-14 07:00:00+00:00,1853.18005,1858.48999,1850.94995,1855.63
2022-02-14 11:00:00+00:00,1855.62,1866.71997,1851.5,1866.43994
2022-02-14 15:00:00+00:00,1866.48999,1872.85999,1860.33997,1871.079956
2022-02-14 19:00:00+00:00,1870.96997,1874.079956,1867.81006,1871.069946
2022-02-14 23:00:00+00:00,1871.68005,1876.88,1870.17004,1876.40002
2022-02-15 03:00:00+00:00,1876.31995,1879.57996,1876.19995,1878.78003
2022-02-15 07:00:00+00:00,1878.79004,1879.060059,1852.46997,1855.060059
2022-02-15 11:00:00+00:00,1855.050049,1857.12,1844.57996,1848.80005
2022-02-15 15:00:00+00:00,1848.84998,1856.54004,1846.52002,1855.089966
2022-02-15 19:00:00+00:00,1855.13,1856.31995,1851.56006,1853.48999
2022-02-15 23:00:00+00:00,1853.59998,1854.68005,1850.40002,1852.41003
2022-02-16 03:00:00+00:00,1852.42004,1856.069946,1851.44995,1855.26001
2022-02-16 07:00:00+00:00,1855.27002,1859.66003,1854.050049,1854.64001
2022-02-16 11:00:00+00:00,1854.76001,1864.91003,1851.55005,1861.93994
2022-02-16 15:00:00+00:00,1861.62,1870.53003,1860.17004,1866.40002
2022-02-16 19:00:00+00:00,1866.42004,1872.59998,1865.28003,1869.68005
2022-02-16 23:00:00+00:00,1869.72998,1871.83997,1867.92004,1868.89001
2022-02-17 03:00:00+00:00,1868.78003,1877.21997,1867.84998,1875.31006
2022-02-17 07:00:00+00:00,1875.089966,1893.29004,1873.84998,1886.31006
2022-02-17 11:00:00+00:00,1886.25,1897.81006,1882.81006,1893.5
2022-02-17 15:00:00+00:00,1893.35999,1901.17004,1892.53003,1897.17004
2022-02-17 19:00:00+00:00,1897.17004,1900.89001,1896.68994,1898.46997
2022-02-17 23:00:00+00:00,1898.63,1902.54004,1888.44995,1890.93005
2022-02-18 03:00:00+00:00,1890.73999,1893.46997,1889.60999,1891.95996
2022-02-18 07:00:00+00:00,1892.01001,1895.88,1886.64001,1889.55005
2022-02-18 11:00:00+00:00,1889.56006,1900.040039,1886.68994,1894.43994
2022-02-18 15:00:00+00:00,1894.68005,1897.95996,1890.55005,1896.18994
2022-02-18 19:00:00+00:00,1896.17004,1899.51001,1893.67004,1898.42004
2022-02-20 23:00:00+00:00,1897.68005,1908.35999,1891.71997,1897.51001
2022-02-21 03:00:00+00:00,1897.48999,1899.099976,1887.80005,1887.97998
2022-02-21 07:00:00+00:00,1888.050049,1898.43994,1887.68994,1897.43994
2022-02-21 11:00:00+00:00,1897.64001,1898.70996,1892.45996,1895.21997
2022-02-21 15:00:00+00:00,1895.030029,1905.02002,1892.88,1904.83997
2022-02-21 19:00:00+00:00,1904.90002,1906.01001,1901.33997,1905.21997
2022-02-21 23:00:00+00:00,1908.85999,1914.18994,1905.39001,1909.65002
2022-02-22 03:00:00+00:00,1909.60999,1911.27002,1907.31995,1910.069946
2022-02-22 07:00:00+00:00,1910.12,1913.41003,1894.069946,1896.58997
2022-02-22 11:00:00+00:00,1896.59998,1907.14001,1891.56995,1901.56995
2022-02-22 15:00:00+00:00,1901.46997,1905.73999,1893.97998,1903.65002
2022-02-22 19:00:00+00:00,1903.72998,1904.48999,1897.70996,1898.66003
2022-02-22 23:00:00+00:00,1899.01001,1901.32996,1897.83997,1899.70996
2022-02-23 03:00:00+00:00,1899.68005,1900.37,1893.43005,1897.069946
2022-02-23 07:00:00+00:00,1896.91003,1898.31995,1889.76001,1894.89001
2022-02-23 11:00:00+00:00,1894.91003,1906.26001,1893.60999,1906.25
2022-02-23 15:00:00+00:00,1906.27002,1910.5,1903.15002,1908.70996
2022-02-23 19:00:00+00:00,1908.83997,1910.38,1904.77002,1908.58997
2022-02-23 23:00:00+00:00,1909.78003,1921.0,1909.56995,1921.0
2022-02-24 03:00:00+00:00,1921.17004,1949.060059,1921.02002,1942.55005
2022-02-24 07:00:00+00:00,1942.52002,1974.46997,1938.25,1973.89001
2022-02-24 11:00:00+00:00,1973.97998,1973.97998,1930.78003,1934.75
2022-02-24 15:00:00+00:00,1934.68994,1940.71997,1913.64001,1920.18994
2022-02-24 19:00:00+00:00,1920.21997,1920.38,1878.23999,1903.84998
2022-02-24 23:00:00+00:00,1903.96997,1921.27002,1903.96997,1913.32996
2022-02-25 03:00:00+00:00,1913.31006,1920.0,1910.96997,1919.23999
2022-02-25 07:00:00+00:00,1919.30005,1921.33997,1907.22998,1910.050049
2022-02-25 11:00:00+00:00,1910.17004,1913.95996,1885.15002,1889.10999
2022-02-25 15:00:00+00:00,1889.16003,1890.56995,1883.19995,1886.59998
2022-02-25 19:00:00+00:00,1886.85999,1892.92004,1886.80005,1889.28003
2022-02-27 23:00:00+00:00,1922.95996,1931.59998,1904.44995,1909.60999
2022-02-28 03:00:00+00:00,1909.59998,1912.040039,1904.75,1908.72998
2022-02-28 07:00:00+00:00,1908.30005,1908.97998,1893.53003,1906.55005
2022-02-28 11:00:00+00:00,1906.54004,1918.040039,1904.089966,1910.83997
2022-02-28 15:00:00+00:00,1910.55005,1916.98999,1890.98999,1898.87
2022-02-28 19:00:00+00:00,1898.76001,1910.96997,1898.12,1909.050049
2022-02-28 23:00:00+00:00,1907.72998,1908.90002,1901.44995,1903.48999
2022-03-01 03:00:00+00:00,1903.46997,1908.90002,1902.88,1907.82996
2022-03-01 07:00:00+00:00,1907.83997,1925.31006,1906.33997,1925.26001
2022-03-01 11:00:00+00:00,1925.30005,1927.01001,1911.41003,1924.060059
2022-03-01 15:00:00+00:00,1924.17004,1942.81995,1918.069946,1942.14001
2022-03-01 19:00:00+00:00,1941.91003,1950.20996,1936.60999,1945.17004
2022-03-01 23:00:00+00:00,1944.46997,1945.45996,1931.069946,1938.22998
2022-03-02 03:00:00+00:00,1938.21997,1940.18005,1932.030029,1938.030029
2022-03-02 07:00:00+00:00,1938.079956,1947.96997,1914.069946,1926.56006
2022-03-02 11:00:00+00:00,1926.62,1934.92004,1922.46997,1925.27002
2022-03-02 15:00:00+00:00,1929.65002,1935.53003,1914.95996,1920.53003
2022-03-02 19:00:00+00:00,1920.58997,1933.37,1920.28003,1928.82996
2022-03-02 23:00:00+00:00,1929.98999,1930.89001,1926.30005,1928.64001
2022-03-03 03:00:00+00:00,1928.72998,1930.65002,1922.10999,1927.68005
2022-03-03 07:00:00+00:00,1927.64001,1935.26001,1923.85999,1933.95996
2022-03-03 11:00:00+00:00,1934.069946,1938.62,1924.52002,1926.80005
2022-03-03 15:00:00+00:00,1928.66003,1935.30005,1923.43994,1934.12
2022-03-03 19:00:00+00:00,1934.21997,1941.32996,1932.32996,1935.80005
2022-03-03 23:00:00+00:00,1936.39001,1950.96997,1929.81995,1939.31995
2022-03-04 03:00:00+00:00,1939.37,1941.33997,1934.14001,1936.079956
2022-03-04 07:00:00+00:00,1935.93005,1947.90002,1934.099976,1947.31006
2022-03-04 11:00:00+00:00,1947.28003,1959.31995,1939.96997,1952.14001
2022-03-04 15:00:00+00:00,1951.96997,1966.57996,1943.02002,1964.98999
2022-03-04 19:00:00+00:00,1965.29004,1971.050049,1964.66003,1970.64001
2022-03-06 23:00:00+00:00,1981.59998,2000.95996,1975.069946,1987.099976
2022-03-07 03:00:00+00:00,1987.030029,1991.53003,1976.31006,1983.33997
2022-03-07 07:00:00+00:00,1983.35999,2002.64001,1979.41003,2002.31995
2022-03-07 11:00:00+00:00,2002.18994,2002.23999,1961.15002,1984.31006
2022-03-07 15:00:00+00:00,1984.38,1996.28003,1974.89001,1992.30005
2022-03-07 19:00:00+00:00,1992.58997,1999.92004,1991.28003,1998.069946
2022-03-07 23:00:00+00:00,1997.59998,2000.079956,1981.16003,1989.26001
2022-03-08 03:00:00+00:00,1989.089966,2020.96997,1984.88,2016.94995
2022-03-08 07:00:00+00:00,2017.23999,2021.030029,1999.51001,2006.17004
2022-03-08 11:00:00+00:00,2006.0,2041.13,2003.69995,2039.80005
2022-03-08 15:00:00+00:00,2040.80005,2070.37988,2021.35999,2044.40002
2022-03-08 19:00:00+00:00,2044.26001,2054.26001,2028.88,2050.37988
2022-03-08 23:00:00+00:00,2051.19995,2054.94995,2035.23999,2052.77002
2022-03-09 03:00:00+00:00,2052.71997,2059.26001,2045.01001,2049.17993
2022-03-09 07:00:00+00:00,2049.37988,2050.17993,2004.21997,2014.81006
2022-03-09 11:00:00+00:00,2014.38,2021.44995,1976.28003,1986.88
2022-03-09 15:00:00+00:00,1986.050049,2005.68994,1980.87,1983.65002
2022-03-09 19:00:00+00:00,1983.55005,1999.18994,1979.98999,1991.43005
2022-03-09 23:00:00+00:00,1989.48999,1993.55005,1970.93005,1974.87
2022-03-10 03:00:00+00:00,1974.79004,1989.089966,1972.88,1983.31006
2022-03-10 07:00:00+00:00,1983.32996,2000.20996,1974.56995,1999.78003
2022-03-10 11:00:00+00:00,1999.81006,2009.29004,1992.089966,1997.30005
2022-03-10 15:00:00+00:00,1997.21997,2006.12,1982.040039,1997.89001
2022-03-10 19:00:00+00:00,1997.92004,2003.44995,1994.12,1997.02002
2022-03-10 23:00:00+00:00,1995.73999,1999.089966,1988.57996,1994.81006
2022-03-11 03:00:00+00:00,1994.82996,1995.37,1981.18005,1986.28003
2022-03-11 07:00:00+00:00,1986.19995,1995.040039,1981.62,1991.60999
2022-03-11 11:00:00+00:00,1991.63,1992.089966,1958.88,1975.27002
2022-03-11 15:00:00+00:00,1975.58997,1990.14001,1970.97998,1986.099976
2022-03-11 19:00:00+00:00,1986.099976,1988.55005,1982.21997,1988.55005
2022-03-13 19:00:00+00:00,1989.68005,1989.68005,1970.89001,1980.44995
2022-03-13 23:00:00+00:00,1980.38,1981.18005,1970.16003,1972.71997
2022-03-14 03:00:00+00:00,1972.72998,1978.62,1971.38,1976.81995
2022-03-14 07:00:00+00:00,1976.80005,1977.89001,1959.88,1961.96997
2022-03-14 11:00:00+00:00,1961.73999,1967.96997,1949.82996,1956.40002
2022-03-14 15:00:00+00:00,1955.88,1961.96997,1950.79004,1951.12
2022-03-14 19:00:00+00:00,1951.079956,1956.12,1950.34998,1953.56006
2022-03-14 23:00:00+00:00,1953.5,1954.72998,1939.70996,1943.26001
2022-03-15 03:00:00+00:00,1943.23999,1943.84998,1925.050049,1928.44995
2022-03-15 07:00:00+00:00,1928.33997,1935.47998,1921.89001,1921.89001
2022-03-15 11:00:00+00:00,1922.37,1928.77002,1907.23999,1916.23999
2022-03-15 15:00:00+00:00,1916.18994,1931.099976,1913.14001,1921.10999
2022-03-15 19:00:00+00:00,1921.35999,1922.079956,1913.94995,1916.26001
2022-03-15 23:00:00+00:00,1916.26001,1924.89001,1916.23999,1920.79004
2022-03-16 03:00:00+00:00,1920.65002,1920.94995,1912.71997,1915.18005
2022-03-16 07:00:00+00:00,1915.18005,1923.91003,1911.77002,1921.17004
2022-03-16 11:00:00+00:00,1920.73999,1927.089966,1904.46997,1909.92004
2022-03-16 15:00:00+00:00,1909.57996,1918.47998,1895.37,1916.51001
2022-03-16 19:00:00+00:00,1916.46997,1929.56995,1912.21997,1925.71997
2022-03-16 23:00:00+00:00,1925.79004,1935.91003,1925.31006,1934.44995
2022-03-17 03:00:00+00:00,1934.55005,1938.12,1930.83997,1931.96997
2022-03-17 07:00:00+00:00,1932.069946,1946.91003,1930.28003,1943.31995
2022-03-17 11:00:00+00:00,1943.32996,1949.18994,1935.56995,1948.67004
2022-03-17 15:00:00+00:00,1948.56995,1949.88,1938.52002,1940.81995
2022-03-17 19:00:00+00:00,1940.88,1943.34998,1935.55005,1941.28003
2022-03-17 23:00:00+00:00,1941.29004,1945.46997,1932.98999,1933.73999
2022-03-18 03:00:00+00:00,1933.88,1935.66003,1926.93994,1933.16003
2022-03-18 07:00:00+00:00,1933.079956,1937.30005,1929.53003,1935.23999
2022-03-18 11:00:00+00:00,1935.14001,1940.82996,1921.91003,1936.28003
2022-03-18 15:00:00+00:00,1936.43994,1936.78003,1923.21997,1923.56006
2022-03-18 19:00:00+00:00,1923.68005,1924.18994,1918.030029,1921.30005
2022-03-20 19:00:00+00:00,1922.17004,1926.44995,1918.63,1920.12
2022-03-20 23:00:00+00:00,1920.15002,1928.79004,1918.34998,1926.43994
2022-03-21 03:00:00+00:00,1926.56995,1929.030029,1922.94995,1924.19995
2022-03-21 07:00:00+00:00,1924.18994,1928.87,1922.12,1925.59998
2022-03-21 11:00:00+00:00,1925.67004,1937.63,1918.94995,1933.40002
2022-03-21 15:00:00+00:00,1933.43005,1941.29004,1927.17004,1936.099976
2022-03-21 19:00:00+00:00,1935.92004,1940.60999,1933.20996,1936.21997
2022-03-21 23:00:00+00:00,1936.20996,1937.13,1929.44995,1935.78003
2022-03-22 03:00:00+00:00,1935.76001,1938.48999,1933.72998,1934.89001
2022-03-22 07:00:00+00:00,1934.90002,1936.040039,1922.90002,1927.46997
2022-03-22 11:00:00+00:00,1927.51001,1930.92004,1910.75,1915.38
2022-03-22 15:00:00+00:00,1915.099976,1924.94995,1911.13,1923.14001
2022-03-22 19:00:00+00:00,1922.91003,1923.40002,1920.01001,1920.66003
2022-03-22 23:00:00+00:00,1920.75,1924.13,1915.66003,1923.38
2022-03-23 03:00:00+00:00,1923.18005,1924.46997,1917.030029,1917.81995
2022-03-23 07:00:00+00:00,1918.030029,1933.78003,1917.48999,1933.32996
2022-03-23 11:00:00+00:00,1933.40002,1936.73999,1925.069946,1931.95996
2022-03-23 15:00:00+00:00,1931.88,1940.069946,1925.93005,1939.58997
2022-03-23 19:00:00+00:00,1939.56995,1948.43005,1938.39001,1945.12
2022-03-23 23:00:00+00:00,1945.18994,1948.62,1939.76001,1941.56995
2022-03-24 03:00:00+00:00,1941.56995,1943.23999,1937.55005,1941.63
2022-03-24 07:00:00+00:00,1941.43994,1947.32996,1938.01001,1943.83997
2022-03-24 11:00:00+00:00,1943.85999,1965.81006,1943.069946,1965.14001
2022-03-24 15:00:00+00:00,1964.94995,1965.93005,1958.81006,1962.56006
2022-03-24 19:00:00+00:00,1962.20996,1963.84998,1956.29004,1958.41003
2022-03-24 23:00:00+00:00,1958.41003,1964.29004,1957.81995,1961.089966
2022-03-25 03:00:00+00:00,1961.079956,1963.39001,1955.51001,1956.28003
2022-03-25 07:00:00+00:00,1956.26001,1960.71997,1949.95996,1950.57996
2022-03-25 11:00:00+00:00,1950.81995,1957.21997,1943.55005,1952.94995
2022-03-25 15:00:00+00:00,1952.62,1961.92004,1951.71997,1953.29004
2022-03-25 19:00:00+00:00,1953.18005,1958.85999,1951.82996,1958.19995
2022-03-27 19:00:00+00:00,1957.31006,1959.089966,1954.82996,1955.78003
2022-03-27 23:00:00+00:00,1955.58997,1958.48999,1945.089966,1948.33997
2022-03-28 03:00:00+00:00,1948.30005,1948.31995,1933.41003,1933.71997
2022-03-28 07:00:00+00:00,1933.56995,1936.69995,1925.48999,1928.13
2022-03-28 11:00:00+00:00,1928.13,1945.46997,1927.22998,1934.84998
2022-03-28 15:00:00+00:00,1934.64001,1940.099976,1926.10999,1927.60999
2022-03-28 19:00:00+00:00,1927.40002,1927.76001,1917.050049,1922.79004
2022-03-28 23:00:00+00:00,1922.90002,1929.33997,1921.57996,1927.96997
2022-03-29 03:00:00+00:00,1927.94995,1928.15002,1921.34998,1924.73999
2022-03-29 07:00:00+00:00,1924.66003,1924.66003,1909.79004,1912.31995
2022-03-29 11:00:00+00:00,1912.26001,1915.030029,1890.21997,1908.64001
2022-03-29 15:00:00+00:00,1908.73999,1918.38,1908.26001,1917.28003
2022-03-29 19:00:00+00:00,1917.18994,1921.51001,1916.96997,1919.78003
2022-03-29 23:00:00+00:00,1919.80005,1925.51001,1916.02002,1923.39001
2022-03-30 03:00:00+00:00,1923.62,1928.46997,1922.15002,1924.26001
2022-03-30 07:00:00+00:00,1924.19995,1926.39001,1917.26001,1920.050049
2022-03-30 11:00:00+00:00,1920.14001,1938.48999,1919.95996,1937.29004
2022-03-30 15:00:00+00:00,1937.35999,1938.43005,1930.53003,1932.69995
2022-03-30 19:00:00+00:00,1932.76001,1936.030029,1931.96997,1932.81995
2022-03-30 23:00:00+00:00,1932.73999,1934.20996,1925.050049,1925.13
2022-03-31 03:00:00+00:00,1924.93005,1927.93005,1919.37,1926.70996
2022-03-31 07:00:00+00:00,1926.67004,1933.90002,1922.65002,1930.15002
2022-03-31 11:00:00+00:00,1930.18994,1942.76001,1928.18005,1939.98999
2022-03-31 15:00:00+00:00,1940.28003,1949.76001,1939.099976,1941.60999
2022-03-31 19:00:00+00:00,1941.58997,1942.68005,1935.01001,1935.62
2022-03-31 23:00:00+00:00,1935.62,1938.60999,1932.62,1934.030029
2022-04-01 03:00:00+00:00,1934.069946,1939.60999,1931.66003,1932.48999
2022-04-01 07:00:00+00:00,1932.48999,1936.37,1927.40002,1927.45996
2022-04-01 11:00:00+00:00,1927.46997,1934.030029,1918.88,1926.079956
2022-04-01 15:00:00+00:00,1926.12,1930.44995,1918.069946,1925.53003
2022-04-01 19:00:00+00:00,1925.53003,1925.71997,1921.10999,1925.18005
2022-04-03 20:00:00+00:00,1925.060059,1926.050049,1921.56995,1924.73999
2022-04-04 00:00:00+00:00,1924.70996,1926.94995,1918.31006,1919.030029
2022-04-04 04:00:00+00:00,1918.92004,1931.079956,1916.16003,1929.88
2022-04-04 08:00:00+00:00,1929.89001,1933.050049,1925.69995,1929.15002
2022-04-04 12:00:00+00:00,1929.43005,1936.94995,1924.45996,1933.69995
2022-04-04 16:00:00+00:00,1933.71997,1934.089966,1928.88,1932.78003
2022-04-04 20:00:00+00:00,1932.44995,1933.76001,1931.030029,1931.58997
2022-04-05 00:00:00+00:00,1931.58997,1933.14001,1927.47998,1928.65002
2022-04-05 04:00:00+00:00,1928.55005,1933.55005,1926.5,1927.58997
2022-04-05 08:00:00+00:00,1927.62,1932.44995,1925.56995,1927.91003
2022-04-05 12:00:00+00:00,1927.94995,1944.68005,1920.10999,1920.76001
2022-04-05 16:00:00+00:00,1920.53003,1925.69995,1918.099976,1920.58997
2022-04-05 20:00:00+00:00,1920.19995,1924.17004,1920.13,1920.67004
2022-04-06 00:00:00+00:00,1920.71997,1925.39001,1916.73999,1923.95996
2022-04-06 04:00:00+00:00,1923.93994,1924.43005,1915.23999,1921.89001
2022-04-06 08:00:00+00:00,1921.94995,1933.46997,1918.45996,1921.63
2022-04-06 12:00:00+00:00,1921.43005,1931.92004,1919.56995,1928.12
2022-04-06 16:00:00+00:00,1928.01001,1929.35999,1915.68994,1925.069946
2022-04-06 20:00:00+00:00,1925.030029,1926.69995,1922.33997,1923.89001
2022-04-07 00:00:00+00:00,1923.88,1927.34998,1921.20996,1922.31995
2022-04-07 04:00:00+00:00,1922.35999,1928.19995,1920.56995,1925.60999
2022-04-07 08:00:00+00:00,1925.65002,1931.69995,1923.64001,1930.93005
2022-04-07 09:00:00+00:00,1926.26001,1933.84998,1923.64001,1931.80005
2022-04-07 12:00:00+00:00,1929.31995,1937.77002,1924.87,1935.83997
2022-04-07 13:00:00+00:00,1927.62,1937.77002,1926.93005,1935.45996
2022-04-07 16:00:00+00:00,1933.89001,1936.29004,1932.32996,1932.32996
2022-04-07 17:00:00+00:00,1934.39001,1936.96997,1929.66003,1931.55005
2022-04-07 20:00:00+00:00,1931.58997,1933.68994,1930.16003,1933.089966
2022-04-07 21:00:00+00:00,1931.44995,1935.56995,1930.71997,1932.48999
2022-04-08 00:00:00+00:00,1933.069946,1935.56995,1929.050049,1930.76001
2022-04-08 01:00:00+00:00,1933.089966,1935.56995,1927.94995,1930.12
2022-04-08 04:00:00+00:00,1930.98999,1932.92004,1928.19995,1931.64001
2022-04-08 05:00:00+00:00,1928.20996,1933.39001,1927.81995,1932.099976
2022-04-08 08:00:00+00:00,1932.040039,1934.47998,1931.69995,1933.62
2022-04-08 09:00:00+00:00,1931.56006,1939.030029,1929.32996,1932.069946
2022-04-08 12:00:00+00:00,1934.21997,1944.92004,1929.32996,1944.43994
2022-04-08 13:00:00+00:00,1931.55005,1948.21997,1930.89001,1942.39001
2022-04-08 16:00:00+00:00,1941.98999,1944.80005,1940.65002,1944.16003
2022-04-08 17:00:00+00:00,1941.47998,1948.01001,1939.079956,1945.51001
2022-04-08 20:00:00+00:00,1944.14001,1945.98999,1943.46997,1945.51001
2022-04-10 20:00:00+00:00,1946.53003,1949.65002,1943.23999,1944.69995
2022-04-10 21:00:00+00:00,1946.53003,1949.65002,1942.21997,1942.75
2022-04-11 00:00:00+00:00,1944.43994,1946.71997,1940.41003,1944.38
2022-04-11 01:00:00+00:00,1945.31006,1947.82996,1940.31006,1945.43005
2022-04-11 04:00:00+00:00,1941.72998,1945.5,1940.31006,1942.10999
2022-04-11 05:00:00+00:00,1942.38,1958.63,1940.18994,1958.59998
2022-04-11 08:00:00+00:00,1954.60999,1959.52002,1953.64001,1959.21997
2022-04-11 09:00:00+00:00,1957.18005,1969.20996,1949.22998,1951.18005
2022-04-11 12:00:00+00:00,1969.20996,1969.20996,1947.67004,1953.23999
2022-04-11 13:00:00+00:00,1963.51001,1964.88,1940.92004,1944.18005
2022-04-11 16:00:00+00:00,1942.71997,1954.69995,1940.92004,1954.030029
2022-04-11 17:00:00+00:00,1941.38,1955.82996,1940.92004,1953.73999
2022-04-11 20:00:00+00:00,1953.83997,1955.82996,1951.66003,1952.85999
2022-04-11 21:00:00+00:00,1953.89001,1955.16003,1949.89001,1955.030029
2022-04-12 00:00:00+00:00,1952.83997,1959.19995,1949.89001,1959.12
2022-04-12 01:00:00+00:00,1952.47998,1960.53003,1950.30005,1956.59998
2022-04-12 04:00:00+00:00,1959.46997,1960.53003,1952.90002,1953.41003
2022-04-12 05:00:00+00:00,1958.089966,1960.069946,1949.68994,1953.28003
2022-04-12 08:00:00+00:00,1953.29004,1957.46997,1949.68994,1956.71997
2022-04-12 09:00:00+00:00,1951.62,1973.050049,1949.68994,1961.47998
2022-04-12 12:00:00+00:00,1957.01001,1978.62,1955.37,1970.71997
2022-04-12 16:00:00+00:00,1970.65002,1976.0,1964.80005,1969.030029
2022-04-12 20:00:00+00:00,1968.52002,1968.52002,1964.72998,1966.079956
2022-04-13 00:00:00+00:00,1966.02002,1972.31995,1962.91003,1970.01001
2022-04-13 04:00:00+00:00,1970.060059,1973.64001,1965.73999,1971.33997
2022-04-13 08:00:00+00:00,1971.23999,1980.28003,1970.10999,1978.099976
2022-04-13 12:00:00+00:00,1978.089966,1981.43994,1972.0,1981.030029
2022-04-13 16:00:00+00:00,1981.01001,1981.57996,1974.84998,1978.17004
2022-04-13 20:00:00+00:00,1977.81995,1979.17004,1976.46997,1977.19995
2022-04-14 00:00:00+00:00,1977.12,1980.38,1973.68005,1973.81006
2022-04-14 04:00:00+00:00,1973.78003,1978.39001,1970.81006,1975.48999
2022-04-14 08:00:00+00:00,1975.60999,1978.94995,1967.44995,1977.19995
2022-04-14 12:00:00+00:00,1977.20996,1979.93005,1960.73999,1966.89001
2022-04-14 16:00:00+00:00,1966.83997,1975.19995,1966.78003,1971.71997
2022-04-14 20:00:00+00:00,1971.98999,1973.63,1971.81006,1973.55005
2022-04-17 20:00:00+00:00,1972.81995,1988.16003,1971.27002,1986.85999
2022-04-18 00:00:00+00:00,1987.099976,1988.55005,1982.68994,1984.93005
2022-04-18 04:00:00+00:00,1984.93994,1992.77002,1983.43005,1991.62
2022-04-18 08:00:00+00:00,1991.53003,1993.84998,1987.83997,1992.030029
2022-04-18 12:00:00+00:00,1992.89001,1998.41003,1982.89001,1989.30005
2022-04-18 16:00:00+00:00,1989.18994,1990.66003,1976.31995,1978.42004
2022-04-18 20:00:00+00:00,1978.050049,1979.01001,1976.31995,1977.26001
2022-04-19 00:00:00+00:00,1977.33997,1978.87,1975.01001,1978.71997
2022-04-19 04:00:00+00:00,1978.65002,1980.79004,1972.88,1978.0
2022-04-19 08:00:00+00:00,1978.01001,1981.23999,1974.80005,1980.099976
2022-04-19 12:00:00+00:00,1980.13,1981.98999,1950.55005,1956.47998
2022-04-19 16:00:00+00:00,1956.48999,1958.28003,1944.18005,1948.10999
2022-04-19 20:00:00+00:00,1948.25,1951.58997,1947.33997,1949.80005
2022-04-20 00:00:00+00:00,1949.73999,1950.19995,1942.81995,1944.13
2022-04-20 04:00:00+00:00,1944.16003,1946.80005,1939.40002,1943.87
2022-04-20 08:00:00+00:00,1943.97998,1955.14001,1940.29004,1952.23999
2022-04-20 12:00:00+00:00,1952.18005,1954.64001,1943.95996,1951.02002
2022-04-20 16:00:00+00:00,1951.13,1958.16003,1949.40002,1958.069946
2022-04-20 20:00:00+00:00,1957.87,1958.39001,1954.73999,1956.91003
2022-04-21 00:00:00+00:00,1956.84998,1957.51001,1950.5,1951.42004
2022-04-21 04:00:00+00:00,1951.39001,1954.069946,1949.82996,1949.84998
2022-04-21 08:00:00+00:00,1949.78003,1949.93994,1936.79004,1939.88
2022-04-21 12:00:00+00:00,1939.93005,1949.69995,1937.63,1940.099976
2022-04-21 16:00:00+00:00,1940.12,1954.089966,1938.33997,1951.19995
2022-04-21 20:00:00+00:00,1951.31006,1952.82996,1950.45996,1950.96997
2022-04-22 00:00:00+00:00,1950.62,1953.56006,1946.030029,1950.51001
2022-04-22 04:00:00+00:00,1950.5,1955.66003,1949.94995,1951.48999
2022-04-22 08:00:00+00:00,1951.050049,1951.54004,1931.14001,1935.47998
2022-04-22 12:00:00+00:00,1935.19995,1946.39001,1926.81995,1938.97998
2022-04-22 16:00:00+00:00,1939.14001,1940.89001,1931.80005,1932.56006
2022-04-22 20:00:00+00:00,1932.68005,1934.66003,1931.0,1931.77002
2022-04-24 20:00:00+00:00,1930.02002,1934.51001,1928.37,1932.76001
2022-04-25 00:00:00+00:00,1932.81995,1932.81995,1921.88,1924.19995
2022-04-25 04:00:00+00:00,1924.01001,1924.5,1912.40002,1915.56995
2022-04-25 08:00:00+00:00,1915.46997,1921.17004,1905.21997,1907.64001
2022-04-25 12:00:00+00:00,1906.93994,1909.48999,1891.63,1895.84998
2022-04-25 16:00:00+00:00,1896.0,1902.63,1894.52002,1897.88
2022-04-25 20:00:00+00:00,1898.050049,1900.63,1897.19995,1899.5
2022-04-26 00:00:00+00:00,1899.47998,1905.12,1897.48999,1902.31006
2022-04-26 04:00:00+00:00,1902.31006,1907.56995,1895.79004,1896.81995
2022-04-26 08:00:00+00:00,1896.80005,1909.43994,1896.26001,1903.54004
2022-04-26 12:00:00+00:00,1903.83997,1911.30005,1900.48999,1901.77002
2022-04-26 16:00:00+00:00,1901.78003,1905.31006,1896.53003,1901.040039
2022-04-26 20:00:00+00:00,1900.97998,1907.050049,1900.94995,1906.66003
2022-04-27 00:00:00+00:00,1906.65002,1906.89001,1897.23999,1899.18994
2022-04-27 04:00:00+00:00,1899.10999,1903.55005,1896.34998,1897.67004
2022-04-27 08:00:00+00:00,1897.69995,1901.45996,1887.25,1900.54004
2022-04-27 12:00:00+00:00,1900.21997,1907.060059,1881.53003,1885.099976
2022-04-27 16:00:00+00:00,1885.089966,1891.56995,1884.90002,1886.58997
2022-04-27 20:00:00+00:00,1886.28003,1886.37,1883.43005,1885.76001
2022-04-28 00:00:00+00:00,1885.56006,1886.71997,1877.71997,1879.069946
2022-04-28 04:00:00+00:00,1878.83997,1886.85999,1872.33997,1885.099976
2022-04-28 08:00:00+00:00,1885.050049,1891.85999,1880.16003,1886.28003
2022-04-28 12:00:00+00:00,1886.030029,1895.27002,1882.089966,1886.079956
2022-04-28 16:00:00+00:00,1886.42004,1896.85999,1884.92004,1896.33997
2022-04-28 20:00:00+00:00,1895.95996,1896.31995,1892.67004,1895.62
2022-04-29 00:00:00+00:00,1895.53003,1905.91003,1895.12,1904.42004
2022-04-29 04:00:00+00:00,1904.43994,1917.84998,1903.59998,1917.38
2022-04-29 08:00:00+00:00,1917.48999,1919.62,1913.02002,1919.57996
2022-04-29 12:00:00+00:00,1919.59998,1919.75,1902.65002,1909.73999
2022-04-29 16:00:00+00:00,1909.75,1911.58997,1894.45996,1896.43005
2022-04-29 20:00:00+00:00,1896.60999,1897.83997,1895.48999,1897.28003
2022-05-01 20:00:00+00:00,1896.67004,1899.96997,1896.050049,1897.33997
2022-05-02 00:00:00+00:00,1897.15002,1898.5,1884.98999,1888.66003
2022-05-02 04:00:00+00:00,1888.59998,1888.59998,1882.91003,1884.44995
2022-05-02 08:00:00+00:00,1884.33997,1885.59998,1875.90002,1876.17004
2022-05-02 12:00:00+00:00,1875.96997,1876.68994,1854.57996,1870.19995
2022-05-02 16:00:00+00:00,1870.18994,1870.20996,1860.030029,1861.68005
2022-05-02 20:00:00+00:00,1861.82996,1864.31006,1861.38,1863.23999
2022-05-03 00:00:00+00:00,1863.53003,1867.099976,1859.82996,1862.68994
2022-05-03 04:00:00+00:00,1862.69995,1864.64001,1853.62,1855.66003
2022-05-03 08:00:00+00:00,1855.73999,1864.040039,1850.5,1863.95996
2022-05-03 12:00:00+00:00,1863.93994,1878.17004,1856.88,1871.80005
2022-05-03 16:00:00+00:00,1871.68994,1872.53003,1865.35999,1866.19995
2022-05-03 20:00:00+00:00,1866.27002,1869.46997,1865.78003,1868.43005
2022-05-04 00:00:00+00:00,1868.43005,1868.46997,1861.71997,1864.76001
2022-05-04 04:00:00+00:00,1864.73999,1871.93994,1861.55005,1870.91003
2022-05-04 08:00:00+00:00,1871.079956,1872.079956,1866.040039,1869.030029
2022-05-04 12:00:00+00:00,1868.96997,1870.93005,1861.83997,1868.53003
2022-05-04 16:00:00+00:00,1868.71997,1889.87,1864.68005,1884.52002
2022-05-04 20:00:00+00:00,1884.12,1894.22998,1881.20996,1894.069946
2022-05-05 00:00:00+00:00,1894.28003,1903.44995,1893.13,1901.37
2022-05-05 04:00:00+00:00,1901.37,1902.31006,1891.82996,1895.29004
2022-05-05 08:00:00+00:00,1895.12,1900.28003,1889.62,1897.43994
2022-05-05 12:00:00+00:00,1897.38,1909.78003,1874.55005,1875.14001
2022-05-05 16:00:00+00:00,1874.83997,1881.089966,1872.58997,1877.88
2022-05-05 20:00:00+00:00,1877.89001,1879.40002,1874.14001,1874.34998
2022-05-06 00:00:00+00:00,1874.56995,1877.44995,1866.33997,1877.030029
2022-05-06 04:00:00+00:00,1877.030029,1877.98999,1873.19995,1874.14001
2022-05-06 08:00:00+00:00,1874.12,1885.63,1873.33997,1881.89001
2022-05-06 12:00:00+00:00,1882.10999,1892.56006,1874.65002,1886.41003
2022-05-06 16:00:00+00:00,1886.53003,1889.93005,1880.69995,1880.77002
2022-05-06 20:00:00+00:00,1881.089966,1883.81006,1880.48999,1883.40002
2022-05-08 20:00:00+00:00,1883.56995,1885.78003,1880.01001,1881.35999
2022-05-09 00:00:00+00:00,1881.32996,1882.16003,1874.030029,1875.02002
2022-05-09 04:00:00+00:00,1874.85999,1876.34998,1866.64001,1869.96997
2022-05-09 08:00:00+00:00,1869.69995,1872.21997,1856.31006,1860.46997
2022-05-09 12:00:00+00:00,1860.51001,1871.53003,1857.81995,1861.39001
2022-05-09 16:00:00+00:00,1861.35999,1865.96997,1852.66003,1853.65002
2022-05-09 20:00:00+00:00,1853.21997,1854.85999,1851.98999,1854.73999
2022-05-10 00:00:00+00:00,1854.56995,1864.44995,1852.64001,1864.41003
2022-05-10 04:00:00+00:00,1864.33997,1865.44995,1859.51001,1859.53003
2022-05-10 08:00:00+00:00,1859.56006,1865.099976,1856.37,1860.55005
2022-05-10 12:00:00+00:00,1860.43005,1864.62,1841.48999,1844.38
2022-05-10 16:00:00+00:00,1844.23999,1847.44995,1835.45996,1836.81006
2022-05-10 20:00:00+00:00,1837.23999,1840.62,1833.37,1833.79004
2022-05-11 00:00:00+00:00,1833.69995,1840.099976,1832.12,1836.54004
2022-05-11 04:00:00+00:00,1836.069946,1851.18005,1835.96997,1848.92004
2022-05-11 08:00:00+00:00,1848.78003,1854.41003,1846.80005,1850.57996
2022-05-11 12:00:00+00:00,1850.51001,1858.040039,1835.20996,1852.31995
2022-05-11 16:00:00+00:00,1852.23999,1856.51001,1850.10999,1853.030029
2022-05-11 20:00:00+00:00,1853.099976,1856.22998,1851.0,1854.18005
2022-05-12 00:00:00+00:00,1854.41003,1858.80005,1851.93994,1853.050049
2022-05-12 04:00:00+00:00,1853.089966,1854.20996,1844.099976,1850.94995
2022-05-12 08:00:00+00:00,1851.15002,1852.31995,1840.30005,1842.53003
2022-05-12 12:00:00+00:00,1842.37,1849.050049,1833.64001,1835.54004
2022-05-12 16:00:00+00:00,1835.62,1837.20996,1821.56006,1823.92004
2022-05-12 20:00:00+00:00,1823.87,1823.92004,1811.14001,1821.44995
2022-05-13 00:00:00+00:00,1821.56995,1827.13,1820.96997,1824.94995
2022-05-13 04:00:00+00:00,1824.93994,1828.92004,1821.48999,1824.39001
2022-05-13 08:00:00+00:00,1824.37,1826.71997,1813.050049,1813.93005
2022-05-13 12:00:00+00:00,1813.92004,1818.45996,1799.23999,1809.15002
2022-05-13 16:00:00+00:00,1809.51001,1813.16003,1806.95996,1809.76001
2022-05-13 20:00:00+00:00,1809.56006,1812.43005,1809.060059,1811.97998
2022-05-15 20:00:00+00:00,1951.14001,1951.14001,1809.80005,1813.18994
2022-05-15 21:00:00+00:00,1813.31006,1817.57996,1810.28003,1814.64001
2022-05-16 04:00:00+00:00,1810.82996,1811.40002,1787.089966,1792.98999
2022-05-16 08:00:00+00:00,1793.12,1807.37,1793.069946,1800.56995
2022-05-16 12:00:00+00:00,1800.65002,1815.81995,1798.27002,1813.84998
2022-05-16 16:00:00+00:00,1813.89001,1826.94995,1811.96997,1826.37
2022-05-16 20:00:00+00:00,1826.62,1829.38,1822.12,1826.44995
2022-05-17 00:00:00+00:00,1826.43994,1828.90002,1821.98999,1822.80005
2022-05-17 04:00:00+00:00,1822.84998,1830.35999,1822.78003,1824.099976
2022-05-17 08:00:00+00:00,1824.14001,1836.18994,1823.73999,1834.66003
2022-05-17 12:00:00+00:00,1834.65002,1836.040039,1818.099976,1818.78003
2022-05-17 16:00:00+00:00,1818.82996,1823.20996,1813.73999,1815.88
2022-05-17 20:00:00+00:00,1815.93994,1816.39001,1812.96997,1814.63
2022-05-18 00:00:00+00:00,1814.59998,1817.34998,1807.68005,1808.57996
2022-05-18 04:00:00+00:00,1808.56995,1816.69995,1807.97998,1815.66003
2022-05-18 08:00:00+00:00,1815.62,1820.45996,1807.59998,1809.01001
2022-05-18 12:00:00+00:00,1808.73999,1824.78003,1807.41003,1823.46997
2022-05-18 16:00:00+00:00,1823.68005,1823.69995,1815.48999,1816.10999
2022-05-18 20:00:00+00:00,1816.18994,1817.47998,1815.44995,1816.19995
2022-05-19 00:00:00+00:00,1816.20996,1817.76001,1813.94995,1816.13
2022-05-19 04:00:00+00:00,1816.18005,1817.38,1811.01001,1813.30005
2022-05-19 08:00:00+00:00,1813.26001,1832.48999,1811.060059,1830.64001
2022-05-19 12:00:00+00:00,1830.51001,1849.14001,1827.64001,1842.34998
2022-05-19 16:00:00+00:00,1842.48999,1844.060059,1839.93005,1842.85999
2022-05-19 20:00:00+00:00,1842.80005,1844.68005,1840.95996,1842.17004
2022-05-20 00:00:00+00:00,1842.68994,1843.35999,1836.51001,1841.68005
2022-05-20 04:00:00+00:00,1841.69995,1849.51001,1841.050049,1844.17004
2022-05-20 08:00:00+00:00,1844.13,1847.89001,1841.27002,1842.62
2022-05-20 12:00:00+00:00,1842.51001,1846.76001,1832.42004,1842.54004
2022-05-20 16:00:00+00:00,1842.54004,1845.51001,1839.66003,1844.62
2022-05-20 20:00:00+00:00,1844.78003,1846.68005,1844.51001,1846.67004
2022-05-22 20:00:00+00:00,1846.15002,1853.98999,1843.96997,1846.35999
2022-05-23 00:00:00+00:00,1846.39001,1855.050049,1845.81995,1854.5
2022-05-23 04:00:00+00:00,1854.46997,1858.29004,1852.26001,1856.58997
2022-05-23 08:00:00+00:00,1856.58997,1865.31995,1856.050049,1862.27002
2022-05-23 12:00:00+00:00,1862.39001,1864.63,1850.54004,1852.069946
2022-05-23 16:00:00+00:00,1852.060059,1858.81995,1847.089966,1853.26001
2022-05-23 20:00:00+00:00,1853.35999,1855.14001,1852.91003,1853.93005
2022-05-24 00:00:00+00:00,1854.21997,1855.94995,1849.38,1855.83997
2022-05-24 04:00:00+00:00,1855.82996,1860.12,1850.39001,1859.98999
2022-05-24 08:00:00+00:00,1860.26001,1860.80005,1854.89001,1858.16003
2022-05-24 12:00:00+00:00,1858.16003,1869.69995,1854.079956,1869.30005
2022-05-24 16:00:00+00:00,1869.15002,1869.73999,1862.84998,1866.89001
2022-05-24 20:00:00+00:00,1866.90002,1868.01001,1864.93994,1867.48999
2022-05-25 00:00:00+00:00,1867.57996,1868.18994,1859.66003,1862.65002
2022-05-25 04:00:00+00:00,1862.64001,1863.42004,1855.90002,1858.65002
2022-05-25 08:00:00+00:00,1858.66003,1860.10999,1851.38,1855.16003
2022-05-25 12:00:00+00:00,1855.43005,1856.93005,1842.94995,1845.92004
2022-05-25 16:00:00+00:00,1845.87,1856.37,1843.39001,1855.19995
2022-05-25 20:00:00+00:00,1855.29004,1855.29004,1852.83997,1854.18994
2022-05-26 00:00:00+00:00,1854.060059,1854.43994,1848.94995,1850.95996
2022-05-26 04:00:00+00:00,1850.84998,1851.68005,1842.98999,1848.060059
2022-05-26 08:00:00+00:00,1848.060059,1849.83997,1841.57996,1846.68994
2022-05-26 12:00:00+00:00,1846.48999,1853.48999,1841.60999,1846.60999
2022-05-26 16:00:00+00:00,1846.68994,1853.84998,1846.18994,1852.18005
2022-05-26 20:00:00+00:00,1852.18994,1853.87,1850.22998,1852.93005
2022-05-27 00:00:00+00:00,1852.71997,1856.56006,1848.02002,1854.60999
2022-05-27 04:00:00+00:00,1854.56995,1858.59998,1851.93994,1858.39001
2022-05-27 08:00:00+00:00,1858.32996,1860.48999,1856.77002,1858.38
2022-05-27 12:00:00+00:00,1858.46997,1861.97998,1850.83997,1854.67004
2022-05-27 16:00:00+00:00,1854.71997,1855.079956,1852.01001,1853.35999
2022-05-27 20:00:00+00:00,1853.56995,1854.44995,1852.76001,1853.98999
2022-05-29 20:00:00+00:00,1852.95996,1854.12,1848.18005,1849.88
2022-05-30 00:00:00+00:00,1850.030029,1861.040039,1848.73999,1860.68994
2022-05-30 04:00:00+00:00,1860.71997,1864.030029,1858.48999,1858.67004
2022-05-30 08:00:00+00:00,1858.73999,1860.18994,1854.28003,1854.43005
2022-05-30 12:00:00+00:00,1854.38,1861.089966,1854.099976,1855.78003
2022-05-30 16:00:00+00:00,1855.76001,1856.94995,1854.15002,1856.18005
2022-05-30 20:00:00+00:00,1856.18005,1857.050049,1852.14001,1852.53003
2022-05-31 00:00:00+00:00,1852.43994,1853.33997,1846.060059,1852.39001
2022-05-31 04:00:00+00:00,1852.39001,1856.51001,1851.18005,1854.87
2022-05-31 08:00:00+00:00,1854.82996,1857.23999,1844.69995,1848.83997
2022-05-31 12:00:00+00:00,1848.78003,1855.51001,1840.26001,1843.65002
2022-05-31 16:00:00+00:00,1843.58997,1846.28003,1835.20996,1836.13
2022-05-31 20:00:00+00:00,1836.23999,1838.62,1835.46997,1836.34998
2022-06-01 00:00:00+00:00,1836.55005,1838.089966,1833.38,1836.71997
2022-06-01 04:00:00+00:00,1836.84998,1836.96997,1829.81995,1833.81995
2022-06-01 08:00:00+00:00,1833.81995,1837.28003,1828.56995,1829.81006
2022-06-01 12:00:00+00:00,1829.84998,1849.18994,1828.94995,1845.54004
2022-06-01 16:00:00+00:00,1845.58997,1849.98999,1844.69995,1847.25
2022-06-01 20:00:00+00:00,1847.43005,1847.85999,1845.44995,1846.069946
2022-06-02 00:00:00+00:00,1846.040039,1848.94995,1844.079956,1844.81995
2022-06-02 04:00:00+00:00,1844.81006,1853.41003,1844.18005,1851.23999
2022-06-02 08:00:00+00:00,1851.28003,1857.079956,1850.58997,1855.90002
2022-06-02 12:00:00+00:00,1855.90002,1869.79004,1850.92004,1868.089966
2022-06-02 16:00:00+00:00,1868.040039,1870.41003,1866.53003,1869.78003
2022-06-02 20:00:00+00:00,1869.76001,1870.68994,1868.060059,1869.91003
2022-06-03 00:00:00+00:00,1870.0,1874.10999,1867.79004,1868.98999
2022-06-03 04:00:00+00:00,1868.94995,1869.20996,1864.40002,1864.76001
2022-06-03 08:00:00+00:00,1864.73999,1867.89001,1863.37,1863.93994
2022-06-03 12:00:00+00:00,1863.98999,1866.89001,1851.68994,1852.01001
2022-06-03 16:00:00+00:00,1851.93994,1852.030029,1847.41003,1850.81006
2022-06-03 20:00:00+00:00,1850.85999,1852.099976,1850.13,1851.17004
2022-06-05 20:00:00+00:00,1850.65002,1853.38,1849.94995,1851.62
2022-06-06 00:00:00+00:00,1851.43005,1856.43994,1850.53003,1856.21997
2022-06-06 04:00:00+00:00,1856.26001,1856.70996,1851.65002,1852.28003
2022-06-06 08:00:00+00:00,1852.38,1855.47998,1851.01001,1853.87
2022-06-06 12:00:00+00:00,1854.060059,1857.81006,1841.88,1843.65002
2022-06-06 16:00:00+00:00,1843.69995,1844.15002,1840.78003,1842.20996
2022-06-06 20:00:00+00:00,1842.14001,1842.59998,1838.099976,1839.54004
2022-06-07 00:00:00+00:00,1839.56006,1842.64001,1837.15002,1840.31006
2022-06-07 04:00:00+00:00,1840.29004,1846.45996,1838.53003,1842.17004
2022-06-07 08:00:00+00:00,1842.079956,1852.01001,1842.079956,1847.39001
2022-06-07 12:00:00+00:00,1847.12,1853.63,1842.32996,1851.45996
2022-06-07 16:00:00+00:00,1851.51001,1855.56995,1848.84998,1854.38
2022-06-07 20:00:00+00:00,1854.38,1854.62,1851.20996,1853.71997
2022-06-08 00:00:00+00:00,1853.68005,1853.88,1846.69995,1846.79004
2022-06-08 04:00:00+00:00,1846.84998,1851.29004,1845.72998,1850.089966
2022-06-08 08:00:00+00:00,1850.089966,1851.78003,1846.84998,1851.58997
2022-06-08 12:00:00+00:00,1851.56006,1859.73999,1844.68994,1858.40002
2022-06-08 16:00:00+00:00,1858.40002,1858.91003,1852.099976,1852.48999
2022-06-08 20:00:00+00:00,1852.79004,1854.51001,1849.65002,1852.83997
2022-06-09 00:00:00+00:00,1852.80005,1855.43005,1850.96997,1855.19995
2022-06-09 04:00:00+00:00,1855.18005,1855.34998,1849.079956,1850.19995
2022-06-09 08:00:00+00:00,1850.26001,1850.98999,1845.17004,1846.26001
2022-06-09 12:00:00+00:00,1846.44995,1852.63,1840.17004,1845.77002
2022-06-09 16:00:00+00:00,1845.76001,1850.57996,1845.12,1847.13
2022-06-09 20:00:00+00:00,1847.19995,1848.35999,1846.26001,1847.030029
2022-06-10 00:00:00+00:00,1847.10999,1848.31995,1844.56995,1844.83997
2022-06-10 04:00:00+00:00,1844.85999,1847.62,1843.18994,1845.63
2022-06-10 08:00:00+00:00,1845.56006,1847.030029,1833.68994,1834.87
2022-06-10 12:00:00+00:00,1834.98999,1867.77002,1825.22998,1867.46997
2022-06-10 16:00:00+00:00,1867.84998,1875.92004,1866.040039,1871.90002
2022-06-10 20:00:00+00:00,1872.040039,1872.44995,1870.52002,1871.58997
2022-06-12 20:00:00+00:00,1874.41003,1879.01001,1873.91003,1877.079956
2022-06-13 00:00:00+00:00,1877.42004,1877.55005,1860.18005,1863.48999
2022-06-13 04:00:00+00:00,1863.51001,1866.95996,1855.76001,1857.39001
2022-06-13 08:00:00+00:00,1857.35999,1859.050049,1852.69995,1854.82996
2022-06-13 12:00:00+00:00,1854.88,1857.78003,1823.65002,1828.98999
2022-06-13 16:00:00+00:00,1829.01001,1833.58997,1819.53003,1822.89001
2022-06-13 20:00:00+00:00,1822.73999,1823.80005,1810.43005,1821.12
2022-06-14 00:00:00+00:00,1821.01001,1828.16003,1819.28003,1825.46997
2022-06-14 04:00:00+00:00,1825.56006,1831.58997,1824.050049,1828.040039
2022-06-14 08:00:00+00:00,1828.02002,1830.23999,1816.28003,1817.30005
2022-06-14 12:00:00+00:00,1817.32996,1822.68005,1809.44995,1810.47998
2022-06-14 16:00:00+00:00,1810.40002,1814.69995,1805.16003,1808.42004
2022-06-14 20:00:00+00:00,1808.26001,1811.17004,1806.79004,1811.079956
2022-06-15 00:00:00+00:00,1811.079956,1819.21997,1808.68005,1815.68005
2022-06-15 04:00:00+00:00,1815.73999,1824.10999,1813.30005,1820.85999
2022-06-15 08:00:00+00:00,1820.82996,1835.41003,1817.44995,1831.079956
2022-06-15 12:00:00+00:00,1831.19995,1836.53003,1818.87,1821.38
2022-06-15 16:00:00+00:00,1821.34998,1841.76001,1813.83997,1831.80005
2022-06-15 20:00:00+00:00,1832.12,1835.68005,1831.33997,1833.84998
2022-06-16 00:00:00+00:00,1833.83997,1836.46997,1829.83997,1832.90002
2022-06-16 04:00:00+00:00,1832.81995,1833.55005,1826.53003,1830.18005
2022-06-16 08:00:00+00:00,1830.32996,1836.15002,1815.80005,1819.10999
2022-06-16 12:00:00+00:00,1819.30005,1846.92004,1819.26001,1845.38
2022-06-16 16:00:00+00:00,1845.35999,1852.87,1844.70996,1852.31995
2022-06-16 20:00:00+00:00,1852.30005,1857.59998,1849.93994,1850.94995
2022-06-17 00:00:00+00:00,1850.96997,1851.57996,1841.71997,1842.31995
2022-06-17 04:00:00+00:00,1842.26001,1850.12,1842.040039,1848.78003
2022-06-17 08:00:00+00:00,1848.81995,1852.53003,1844.62,1848.01001
2022-06-17 12:00:00+00:00,1848.030029,1852.90002,1836.73999,1841.23999
2022-06-17 16:00:00+00:00,1841.15002,1842.43005,1833.91003,1837.18005
2022-06-17 20:00:00+00:00,1837.13,1841.98999,1836.37,1839.46997
2022-06-19 20:00:00+00:00,1837.31006,1840.43005,1834.81006,1838.43994
2022-06-20 00:00:00+00:00,1838.48999,1846.15002,1835.23999,1843.92004
2022-06-20 04:00:00+00:00,1843.88,1845.26001,1839.35999,1840.079956
2022-06-20 08:00:00+00:00,1840.01001,1843.79004,1836.43005,1838.23999
2022-06-20 12:00:00+00:00,1838.33997,1843.26001,1836.050049,1838.33997
2022-06-20 16:00:00+00:00,1838.37,1838.58997,1835.57996,1838.089966
2022-06-20 20:00:00+00:00,1838.39001,1839.26001,1836.34998,1839.069946
2022-06-21 00:00:00+00:00,1839.01001,1842.45996,1838.53003,1840.32996
2022-06-21 04:00:00+00:00,1840.30005,1840.87,1832.66003,1838.59998
2022-06-21 08:00:00+00:00,1838.56006,1838.69995,1830.83997,1833.51001
2022-06-21 12:00:00+00:00,1833.53003,1843.66003,1832.81995,1835.38
2022-06-21 16:00:00+00:00,1835.30005,1837.16003,1828.65002,1830.56006
2022-06-21 20:00:00+00:00,1830.68994,1834.81995,1829.41003,1831.54004
2022-06-22 00:00:00+00:00,1831.23999,1831.59998,1825.68994,1827.68005
2022-06-22 04:00:00+00:00,1827.71997,1830.43005,1823.87,1826.80005
2022-06-22 08:00:00+00:00,1826.92004,1843.5,1823.48999,1836.43005
2022-06-22 12:00:00+00:00,1837.10999,1847.84998,1835.5,1838.12
2022-06-22 16:00:00+00:00,1838.069946,1841.70996,1835.80005,1837.82996
2022-06-22 20:00:00+00:00,1837.81006,1838.48999,1836.28003,1836.56006
2022-06-23 00:00:00+00:00,1836.64001,1838.68994,1832.37,1832.92004
2022-06-23 04:00:00+00:00,1832.89001,1838.31006,1831.069946,1838.030029
2022-06-23 08:00:00+00:00,1837.93005,1838.050049,1823.98999,1829.48999
2022-06-23 12:00:00+00:00,1829.26001,1845.98999,1828.52002,1833.29004
2022-06-23 16:00:00+00:00,1833.30005,1834.65002,1822.57996,1826.39001
2022-06-23 20:00:00+00:00,1826.43994,1826.43994,1822.64001,1824.62
2022-06-24 00:00:00+00:00,1824.67004,1826.57996,1821.69995,1825.26001
2022-06-24 04:00:00+00:00,1825.069946,1831.68005,1821.23999,1830.12
2022-06-24 08:00:00+00:00,1830.069946,1830.22998,1822.32996,1825.01001
2022-06-24 12:00:00+00:00,1824.98999,1831.39001,1817.040039,1827.16003
2022-06-24 16:00:00+00:00,1827.099976,1830.92004,1823.65002,1824.21997
2022-06-24 20:00:00+00:00,1824.28003,1827.73999,1824.28003,1827.53003
2022-06-26 20:00:00+00:00,1839.040039,1839.71997,1830.030029,1831.29004
2022-06-27 00:00:00+00:00,1831.099976,1836.98999,1828.31006,1834.92004
2022-06-27 04:00:00+00:00,1834.93994,1841.050049,1834.40002,1835.0
2022-06-27 08:00:00+00:00,1834.98999,1840.55005,1833.45996,1833.98999
2022-06-27 12:00:00+00:00,1834.030029,1834.67004,1820.82996,1825.25
2022-06-27 16:00:00+00:00,1825.23999,1827.10999,1821.89001,1822.53003
2022-06-27 20:00:00+00:00,1822.41003,1823.68994,1821.76001,1823.57996
2022-06-28 00:00:00+00:00,1823.62,1826.48999,1822.44995,1826.01001
2022-06-28 04:00:00+00:00,1826.030029,1829.31995,1824.87,1827.02002
2022-06-28 08:00:00+00:00,1827.040039,1829.53003,1820.67004,1825.63
2022-06-28 12:00:00+00:00,1825.45996,1826.83997,1818.70996,1820.79004
2022-06-28 16:00:00+00:00,1820.80005,1823.84998,1818.42004,1819.70996
2022-06-28 20:00:00+00:00,1819.76001,1821.01001,1818.34998,1818.46997
2022-06-29 00:00:00+00:00,1818.55005,1823.030029,1818.40002,1820.77002
2022-06-29 04:00:00+00:00,1820.78003,1822.46997,1816.01001,1816.90002
2022-06-29 08:00:00+00:00,1816.94995,1827.39001,1812.18005,1825.040039
2022-06-29 12:00:00+00:00,1825.01001,1832.69995,1815.01001,1818.56995
2022-06-29 16:00:00+00:00,1818.62,1819.70996,1815.79004,1818.46997
2022-06-29 20:00:00+00:00,1818.58997,1819.31006,1817.33997,1819.02002
2022-06-30 00:00:00+00:00,1819.030029,1822.12,1817.23999,1817.46997
2022-06-30 04:00:00+00:00,1817.44995,1817.84998,1812.60999,1815.10999
2022-06-30 08:00:00+00:00,1815.089966,1817.099976,1802.87,1805.44995
2022-06-30 12:00:00+00:00,1805.099976,1825.089966,1802.88,1814.37
2022-06-30 16:00:00+00:00,1814.26001,1814.81006,1805.69995,1806.66003
2022-06-30 20:00:00+00:00,1806.88,1808.02002,1804.92004,1806.70996
2022-07-01 00:00:00+00:00,1806.69995,1807.37,1801.43005,1801.56995
2022-07-01 04:00:00+00:00,1801.58997,1803.26001,1792.51001,1794.79004
2022-07-01 08:00:00+00:00,1794.76001,1797.10999,1785.21997,1790.66003
2022-07-01 12:00:00+00:00,1790.39001,1808.83997,1784.62,1806.37
2022-07-01 16:00:00+00:00,1806.52002,1809.38,1797.95996,1805.30005
2022-07-01 20:00:00+00:00,1805.88,1813.81006,1804.76001,1810.81006
2022-07-03 20:00:00+00:00,1812.39001,1812.39001,1808.12,1808.12
2022-07-04 00:00:00+00:00,1808.20996,1814.28003,1805.57996,1811.53003
2022-07-04 04:00:00+00:00,1811.63,1813.48999,1808.28003,1808.89001
2022-07-04 08:00:00+00:00,1808.82996,1809.31995,1804.050049,1805.32996
2022-07-04 12:00:00+00:00,1805.35999,1810.98999,1805.26001,1806.59998
2022-07-04 16:00:00+00:00,1806.62,1808.26001,1805.56006,1808.040039
2022-07-04 20:00:00+00:00,1808.02002,1809.88,1807.47998,1809.25
2022-07-05 00:00:00+00:00,1809.26001,1812.19995,1806.59998,1810.98999
2022-07-05 04:00:00+00:00,1810.88,1812.12,1805.88,1806.19995
2022-07-05 08:00:00+00:00,1806.16003,1806.16003,1797.55005,1798.21997
2022-07-05 12:00:00+00:00,1798.26001,1804.70996,1765.13,1769.030029
2022-07-05 16:00:00+00:00,1769.069946,1771.40002,1763.93994,1767.28003
2022-07-05 20:00:00+00:00,1767.069946,1770.14001,1764.68994,1769.56006
2022-07-06 00:00:00+00:00,1769.60999,1772.98999,1768.48999,1769.28003
2022-07-06 04:00:00+00:00,1769.26001,1770.31995,1763.17004,1767.87
2022-07-06 08:00:00+00:00,1767.91003,1771.83997,1760.18994,1763.41003
2022-07-06 12:00:00+00:00,1763.26001,1767.88,1732.76001,1733.80005
2022-07-06 16:00:00+00:00,1733.76001,1744.01001,1732.37,1739.55005
2022-07-06 20:00:00+00:00,1739.45996,1741.0,1738.28003,1740.060059
2022-07-07 00:00:00+00:00,1740.079956,1747.01001,1736.53003,1745.95996
2022-07-07 04:00:00+00:00,1745.89001,1747.77002,1741.26001,1744.73999
2022-07-07 08:00:00+00:00,1744.64001,1745.31995,1740.12,1743.78003
2022-07-07 12:00:00+00:00,1743.93005,1749.089966,1738.16003,1739.84998
2022-07-07 16:00:00+00:00,1739.90002,1743.099976,1738.75,1740.76001
2022-07-07 20:00:00+00:00,1740.71997,1741.96997,1739.01001,1741.83997
2022-07-08 00:00:00+00:00,1742.30005,1746.68994,1740.73999,1742.53003
2022-07-08 04:00:00+00:00,1742.52002,1743.93005,1734.030029,1736.59998
2022-07-08 08:00:00+00:00,1736.56006,1743.35999,1734.93005,1741.040039
2022-07-08 12:00:00+00:00,1741.040039,1752.35999,1733.26001,1742.48999
2022-07-08 16:00:00+00:00,1742.59998,1744.62,1740.65002,1741.31995
2022-07-08 20:00:00+00:00,1741.59998,1742.73999,1741.23999,1742.33997
2022-07-10 20:00:00+00:00,1742.77002,1744.68994,1740.44995,1742.069946
2022-07-11 00:00:00+00:00,1742.060059,1743.63,1738.57996,1742.70996
2022-07-11 04:00:00+00:00,1742.65002,1742.81006,1736.050049,1736.81995
2022-07-11 08:00:00+00:00,1736.92004,1739.94995,1733.68994,1734.95996
2022-07-11 12:00:00+00:00,1734.93994,1742.56006,1734.20996,1738.13
2022-07-11 16:00:00+00:00,1738.16003,1738.26001,1731.30005,1732.099976
2022-07-11 20:00:00+00:00,1732.12,1734.58997,1732.12,1733.26001
2022-07-12 00:00:00+00:00,1733.34998,1744.31006,1723.30005,1733.45996
2022-07-12 04:00:00+00:00,1733.44995,1737.98999,1725.57996,1734.37
2022-07-12 08:00:00+00:00,1734.39001,1739.40002,1731.67004,1735.62
2022-07-12 12:00:00+00:00,1735.56006,1736.93994,1726.29004,1732.030029
2022-07-12 16:00:00+00:00,1732.099976,1732.59998,1724.57996,1725.81006
2022-07-12 20:00:00+00:00,1725.72998,1726.51001,1725.050049,1725.40002
2022-07-13 00:00:00+00:00,1725.40002,1728.84998,1722.87,1727.32996
2022-07-13 04:00:00+00:00,1727.32996,1728.60999,1722.62,1726.92004
2022-07-13 08:00:00+00:00,1726.83997,1731.92004,1725.37,1729.53003
2022-07-13 12:00:00+00:00,1729.48999,1745.38,1707.43005,1737.54004
2022-07-13 16:00:00+00:00,1737.51001,1740.050049,1732.54004,1733.18005
2022-07-13 20:00:00+00:00,1733.17004,1736.64001,1730.26001,1732.14001
2022-07-14 00:00:00+00:00,1732.13,1733.62,1725.57996,1732.050049
2022-07-14 04:00:00+00:00,1732.089966,1732.32996,1715.23999,1718.39001
2022-07-14 08:00:00+00:00,1718.52002,1718.94995,1710.050049,1713.79004
2022-07-14 12:00:00+00:00,1713.69995,1714.93994,1697.63,1711.55005
2022-07-14 16:00:00+00:00,1711.54004,1712.39001,1704.98999,1709.13
2022-07-14 20:00:00+00:00,1709.089966,1712.050049,1708.94995,1711.80005
2022-07-15 00:00:00+00:00,1711.79004,1716.65002,1708.57996,1708.59998
2022-07-15 04:00:00+00:00,1708.63,1712.51001,1700.72998,1703.54004
2022-07-15 08:00:00+00:00,1703.51001,1707.94995,1701.30005,1704.51001
2022-07-15 12:00:00+00:00,1704.60999,1714.15002,1699.14001,1704.76001
2022-07-15 16:00:00+00:00,1704.73999,1705.80005,1703.19995,1705.64001
2022-07-15 20:00:00+00:00,1705.44995,1708.069946,1704.92004,1707.69995
2022-07-17 20:00:00+00:00,1707.56995,1710.64001,1706.050049,1710.39001
2022-07-18 00:00:00+00:00,1710.23999,1717.79004,1707.63,1716.13
2022-07-18 04:00:00+00:00,1716.12,1720.82996,1711.98999,1718.79004
2022-07-18 08:00:00+00:00,1718.69995,1723.92004,1713.02002,1715.58997
2022-07-18 12:00:00+00:00,1715.55005,1721.31006,1708.96997,1710.58997
2022-07-18 16:00:00+00:00,1710.55005,1712.93005,1706.77002,1707.54004
2022-07-18 20:00:00+00:00,1707.73999,1710.26001,1706.94995,1708.38
2022-07-19 00:00:00+00:00,1708.35999,1709.68005,1705.41003,1709.54004
2022-07-19 04:00:00+00:00,1709.48999,1711.76001,1707.46997,1711.71997
2022-07-19 08:00:00+00:00,1711.68005,1718.46997,1710.85999,1714.10999
2022-07-19 12:00:00+00:00,1714.12,1715.32996,1708.65002,1714.45996
2022-07-19 16:00:00+00:00,1714.51001,1714.53003,1709.80005,1712.18005
2022-07-19 20:00:00+00:00,1712.01001,1712.48999,1709.71997,1710.02002
2022-07-20 00:00:00+00:00,1710.01001,1713.44995,1709.62,1712.26001
2022-07-20 04:00:00+00:00,1712.28003,1713.52002,1706.030029,1707.60999
2022-07-20 08:00:00+00:00,1707.62,1714.050049,1706.43005,1708.26001
2022-07-20 12:00:00+00:00,1708.23999,1714.51001,1706.38,1707.95996
2022-07-20 16:00:00+00:00,1707.84998,1708.10999,1695.70996,1695.73999
2022-07-20 20:00:00+00:00,1695.79004,1697.51001,1692.58997,1695.47998
2022-07-21 00:00:00+00:00,1695.39001,1695.56995,1690.079956,1691.59998
2022-07-21 04:00:00+00:00,1691.56006,1693.90002,1685.44995,1689.53003
2022-07-21 08:00:00+00:00,1689.53003,1689.65002,1680.95996,1684.93994
2022-07-21 12:00:00+00:00,1684.95996,1718.38,1683.96997,1713.26001
2022-07-21 16:00:00+00:00,1713.31006,1719.96997,1710.44995,1719.89001
2022-07-21 20:00:00+00:00,1719.73999,1720.26001,1717.16003,1718.18005
2022-07-22 00:00:00+00:00,1718.18005,1719.040039,1712.94995,1713.71997
2022-07-22 04:00:00+00:00,1713.66003,1720.41003,1713.16003,1716.26001
2022-07-22 08:00:00+00:00,1716.40002,1730.27002,1716.060059,1728.65002
2022-07-22 12:00:00+00:00,1728.66003,1739.40002,1722.26001,1731.17004
2022-07-22 16:00:00+00:00,1731.22998,1731.46997,1720.58997,1724.15002
2022-07-22 20:00:00+00:00,1723.93994,1728.089966,1723.60999,1727.58997
2022-07-24 20:00:00+00:00,1726.83997,1727.21997,1724.40002,1724.78003
2022-07-25 00:00:00+00:00,1724.46997,1728.93005,1720.060059,1727.51001
2022-07-25 04:00:00+00:00,1727.53003,1729.26001,1723.89001,1725.67004
2022-07-25 08:00:00+00:00,1725.68994,1736.35999,1725.40002,1726.069946
2022-07-25 12:00:00+00:00,1726.29004,1727.48999,1714.85999,1716.54004
2022-07-25 16:00:00+00:00,1716.48999,1721.48999,1715.57996,1719.13
2022-07-25 20:00:00+00:00,1719.44995,1719.95996,1718.040039,1719.13
2022-07-26 00:00:00+00:00,1719.40002,1728.19995,1718.82996,1724.15002
2022-07-26 04:00:00+00:00,1724.16003,1727.98999,1721.15002,1724.94995
2022-07-26 08:00:00+00:00,1724.87,1725.89001,1716.23999,1717.88
2022-07-26 12:00:00+00:00,1717.89001,1722.01001,1713.70996,1717.060059
2022-07-26 16:00:00+00:00,1717.099976,1720.22998,1716.37,1717.70996
2022-07-26 20:00:00+00:00,1717.70996,1718.76001,1716.98999,1718.060059
2022-07-27 00:00:00+00:00,1718.040039,1720.19995,1715.87,1716.85999
2022-07-27 04:00:00+00:00,1716.87,1721.94995,1713.84998,1719.81006
2022-07-27 08:00:00+00:00,1719.82996,1725.19995,1719.71997,1720.68005
2022-07-27 12:00:00+00:00,1720.68005,1723.18005,1711.65002,1718.92004
2022-07-27 16:00:00+00:00,1718.93005,1740.34998,1718.57996,1734.71997
2022-07-27 20:00:00+00:00,1734.34998,1740.050049,1733.23999,1738.83997
2022-07-28 00:00:00+00:00,1738.78003,1741.66003,1734.34998,1736.98999
2022-07-28 04:00:00+00:00,1737.01001,1744.71997,1735.42004,1744.31995
2022-07-28 08:00:00+00:00,1744.26001,1748.62,1737.92004,1740.46997
2022-07-28 12:00:00+00:00,1740.43005,1756.84998,1736.13,1753.050049
2022-07-28 16:00:00+00:00,1753.01001,1755.65002,1750.39001,1755.43994
2022-07-28 20:00:00+00:00,1755.41003,1757.079956,1754.31995,1754.94995
2022-07-29 00:00:00+00:00,1755.02002,1764.069946,1752.68994,1763.0
2022-07-29 04:00:00+00:00,1762.93994,1767.97998,1760.64001,1766.65002
2022-07-29 08:00:00+00:00,1766.47998,1766.51001,1756.38,1761.33997
2022-07-29 12:00:00+00:00,1761.51001,1767.21997,1752.70996,1765.96997
2022-07-29 16:00:00+00:00,1765.98999,1766.73999,1760.95996,1761.42004
2022-07-29 20:00:00+00:00,1761.83997,1766.48999,1761.48999,1766.30005
2022-07-31 20:00:00+00:00,1765.25,1766.23999,1760.92004,1762.26001
2022-08-01 00:00:00+00:00,1762.26001,1765.91003,1760.57996,1762.18005
2022-08-01 04:00:00+00:00,1762.14001,1767.46997,1758.43994,1764.53003
2022-08-01 08:00:00+00:00,1764.51001,1775.01001,1762.34998,1772.70996
2022-08-01 12:00:00+00:00,1772.71997,1775.069946,1764.30005,1769.0
2022-08-01 16:00:00+00:00,1768.82996,1773.43005,1766.58997,1771.0
2022-08-01 20:00:00+00:00,1771.01001,1772.68005,1770.91003,1772.34998
2022-08-02 00:00:00+00:00,1772.38,1780.58997,1770.90002,1774.78003
2022-08-02 04:00:00+00:00,1774.76001,1776.18994,1769.030029,1772.23999
2022-08-02 08:00:00+00:00,1772.30005,1779.85999,1770.52002,1778.68005
2022-08-02 12:00:00+00:00,1778.68994,1788.12,1774.62,1778.12
2022-08-02 16:00:00+00:00,1778.069946,1778.38,1760.53003,1760.70996
2022-08-02 20:00:00+00:00,1760.75,1763.73999,1755.10999,1756.79004
2022-08-03 00:00:00+00:00,1756.90002,1769.47998,1755.64001,1768.97998
2022-08-03 04:00:00+00:00,1768.98999,1770.73999,1765.28003,1766.21997
2022-08-03 08:00:00+00:00,1766.27002,1768.42004,1760.31995,1765.70996
2022-08-03 12:00:00+00:00,1765.64001,1772.81995,1754.41003,1758.56006
2022-08-03 16:00:00+00:00,1758.55005,1766.31006,1757.53003,1765.25
2022-08-03 20:00:00+00:00,1765.31006,1766.14001,1763.31995,1763.69995
2022-08-04 00:00:00+00:00,1763.79004,1771.59998,1763.41003,1770.81995
2022-08-04 04:00:00+00:00,1770.76001,1774.89001,1769.13,1773.12
2022-08-04 08:00:00+00:00,1772.94995,1786.28003,1772.81006,1785.68994
2022-08-04 12:00:00+00:00,1785.73999,1790.069946,1774.46997,1787.83997
2022-08-04 16:00:00+00:00,1787.88,1794.98999,1787.23999,1793.65002
2022-08-04 20:00:00+00:00,1793.68005,1793.80005,1789.80005,1793.43005
2022-08-05 00:00:00+00:00,1793.32996,1794.94995,1788.84998,1792.19995
2022-08-05 04:00:00+00:00,1792.25,1792.96997,1788.62,1790.60999
2022-08-05 08:00:00+00:00,1790.65002,1790.82996,1783.93994,1787.93005
2022-08-05 12:00:00+00:00,1787.94995,1789.23999,1765.089966,1773.70996
2022-08-05 16:00:00+00:00,1773.70996,1776.12,1771.68994,1773.55005
2022-08-05 20:00:00+00:00,1773.78003,1776.050049,1773.10999,1774.94995
2022-08-07 20:00:00+00:00,1773.71997,1775.20996,1771.050049,1774.68005
2022-08-08 00:00:00+00:00,1774.28003,1775.52002,1771.17004,1773.44995
2022-08-08 04:00:00+00:00,1773.48999,1779.23999,1771.38,1777.79004
2022-08-08 08:00:00+00:00,1777.76001,1783.26001,1772.63,1782.93994
2022-08-08 12:00:00+00:00,1783.099976,1790.069946,1780.68994,1787.23999
2022-08-08 16:00:00+00:00,1787.25,1789.46997,1785.77002,1788.68994
2022-08-08 20:00:00+00:00,1788.72998,1790.70996,1787.96997,1789.30005
2022-08-09 00:00:00+00:00,1789.23999,1790.14001,1783.33997,1785.80005
2022-08-09 04:00:00+00:00,1785.85999,1789.19995,1783.57996,1787.18994
2022-08-09 08:00:00+00:00,1787.089966,1794.71997,1786.46997,1789.53003
2022-08-09 12:00:00+00:00,1789.67004,1800.44995,1788.050049,1796.27002
2022-08-09 16:00:00+00:00,1796.23999,1798.31995,1793.35999,1794.069946
2022-08-09 20:00:00+00:00,1794.23999,1795.10999,1793.39001,1794.26001
2022-08-10 00:00:00+00:00,1794.21997,1794.71997,1791.050049,1791.37
2022-08-10 04:00:00+00:00,1791.42004,1791.88,1787.66003,1790.53003
2022-08-10 08:00:00+00:00,1790.48999,1795.34998,1788.68994,1792.41003
2022-08-10 12:00:00+00:00,1792.39001,1807.94995,1787.98999,1798.099976
2022-08-10 16:00:00+00:00,1798.099976,1800.18994,1788.18994,1790.33997
2022-08-10 20:00:00+00:00,1790.060059,1792.98999,1790.040039,1791.76001
2022-08-11 00:00:00+00:00,1791.79004,1792.55005,1784.54004,1785.89001
2022-08-11 04:00:00+00:00,1785.81995,1788.39001,1783.64001,1788.079956
2022-08-11 08:00:00+00:00,1788.060059,1795.089966,1785.73999,1794.96997
2022-08-11 12:00:00+00:00,1795.030029,1799.32996,1786.41003,1790.41003
2022-08-11 16:00:00+00:00,1790.46997,1791.98999,1785.089966,1785.64001
2022-08-11 20:00:00+00:00,1785.98999,1790.22998,1785.68994,1789.089966
2022-08-12 00:00:00+00:00,1789.060059,1791.48999,1786.28003,1791.20996
2022-08-12 04:00:00+00:00,1791.10999,1794.18005,1787.31006,1788.85999
2022-08-12 08:00:00+00:00,1788.81006,1789.76001,1784.93005,1785.43994
2022-08-12 12:00:00+00:00,1785.39001,1798.73999,1785.050049,1795.050049
2022-08-12 16:00:00+00:00,1794.96997,1802.18005,1794.96997,1801.51001
2022-08-12 20:00:00+00:00,1801.48999,1803.64001,1800.35999,1803.64001
2022-08-14 20:00:00+00:00,1801.96997,1802.38,1799.079956,1799.26001
2022-08-15 00:00:00+00:00,1799.19995,1801.72998,1794.01001,1795.45996
2022-08-15 04:00:00+00:00,1795.51001,1795.56006,1786.23999,1786.98999
2022-08-15 08:00:00+00:00,1787.01001,1788.22998,1773.050049,1775.16003
2022-08-15 12:00:00+00:00,1775.089966,1786.38,1773.31006,1780.85999
2022-08-15 16:00:00+00:00,1780.85999,1784.16003,1777.5,1778.56006
2022-08-15 20:00:00+00:00,1778.95996,1780.54004,1777.94995,1778.60999
2022-08-16 00:00:00+00:00,1778.69995,1783.23999,1776.92004,1781.35999
2022-08-16 04:00:00+00:00,1781.37,1782.23999,1776.030029,1776.079956
2022-08-16 08:00:00+00:00,1776.01001,1777.92004,1773.96997,1776.089966
2022-08-16 12:00:00+00:00,1776.089966,1778.68005,1771.44995,1774.38
2022-08-16 16:00:00+00:00,1774.45996,1777.65002,1772.88,1775.81995
2022-08-16 20:00:00+00:00,1775.92004,1776.16003,1775.12,1775.68994
2022-08-17 00:00:00+00:00,1775.69995,1777.01001,1773.94995,1775.87
2022-08-17 04:00:00+00:00,1775.96997,1782.40002,1773.56995,1773.63
2022-08-17 08:00:00+00:00,1773.62,1777.01001,1767.51001,1769.37
2022-08-17 12:00:00+00:00,1769.35999,1773.68005,1761.41003,1762.14001
2022-08-17 16:00:00+00:00,1762.13,1770.30005,1759.85999,1764.41003
2022-08-17 20:00:00+00:00,1764.57996,1765.39001,1761.83997,1764.96997
2022-08-18 00:00:00+00:00,1764.98999,1767.60999,1761.93994,1762.43994
2022-08-18 04:00:00+00:00,1762.38,1765.44995,1760.97998,1762.81006
2022-08-18 08:00:00+00:00,1762.81995,1772.47998,1762.68005,1770.57996
2022-08-18 12:00:00+00:00,1770.57996,1772.089966,1757.83997,1759.80005
2022-08-18 16:00:00+00:00,1760.040039,1761.31006,1755.48999,1759.66003
2022-08-18 20:00:00+00:00,1759.53003,1759.78003,1757.31995,1758.46997
2022-08-19 00:00:00+00:00,1758.51001,1758.64001,1753.45996,1754.27002
2022-08-19 04:00:00+00:00,1754.35999,1757.43994,1751.85999,1754.01001
2022-08-19 08:00:00+00:00,1754.01001,1754.67004,1749.84998,1753.099976
2022-08-19 12:00:00+00:00,1753.01001,1758.14001,1745.88,1749.15002
2022-08-19 16:00:00+00:00,1749.16003,1751.01001,1745.56006,1746.62
2022-08-19 20:00:00+00:00,1746.60999,1748.10999,1746.29004,1747.060059
2022-08-21 20:00:00+00:00,1746.83997,1748.20996,1745.099976,1745.79004
2022-08-22 00:00:00+00:00,1745.56006,1749.12,1745.01001,1746.60999
2022-08-22 04:00:00+00:00,1746.59998,1746.59998,1736.57996,1737.37
2022-08-22 08:00:00+00:00,1737.20996,1738.51001,1730.79004,1733.35999
2022-08-22 12:00:00+00:00,1733.10999,1740.069946,1727.83997,1736.90002
2022-08-22 16:00:00+00:00,1736.81995,1737.88,1733.90002,1734.92004
2022-08-22 20:00:00+00:00,1734.98999,1736.48999,1734.48999,1735.31006
2022-08-23 00:00:00+00:00,1735.33997,1740.64001,1734.27002,1738.51001
2022-08-23 04:00:00+00:00,1738.51001,1738.93994,1734.79004,1738.34998
2022-08-23 08:00:00+00:00,1738.42004,1743.92004,1734.48999,1738.13
2022-08-23 12:00:00+00:00,1738.060059,1754.15002,1730.88,1749.81006
2022-08-23 16:00:00+00:00,1749.79004,1750.56006,1745.97998,1747.33997
2022-08-23 20:00:00+00:00,1747.16003,1748.62,1745.45996,1746.16003
2022-08-24 00:00:00+00:00,1746.060059,1747.82996,1744.10999,1745.56006
2022-08-24 04:00:00+00:00,1745.56006,1748.18994,1744.29004,1747.98999
2022-08-24 08:00:00+00:00,1747.97998,1753.70996,1742.48999,1745.45996
2022-08-24 12:00:00+00:00,1745.53003,1755.92004,1742.98999,1751.17004
2022-08-24 16:00:00+00:00,1751.23999,1753.12,1747.71997,1752.14001
2022-08-24 20:00:00+00:00,1752.15002,1752.81995,1750.66003,1751.079956
2022-08-25 00:00:00+00:00,1751.050049,1757.88,1750.01001,1756.52002
2022-08-25 04:00:00+00:00,1756.47998,1763.73999,1755.51001,1762.46997
2022-08-25 08:00:00+00:00,1762.48999,1765.55005,1761.84998,1762.56995
2022-08-25 12:00:00+00:00,1762.59998,1762.83997,1752.43994,1755.44995
2022-08-25 16:00:00+00:00,1755.42004,1759.88,1754.39001,1757.38
2022-08-25 20:00:00+00:00,1757.46997,1759.030029,1756.10999,1756.46997
2022-08-26 00:00:00+00:00,1756.46997,1757.55005,1752.41003,1757.53003
2022-08-26 04:00:00+00:00,1757.51001,1758.84998,1751.85999,1753.17004
2022-08-26 08:00:00+00:00,1753.20996,1753.20996,1743.76001,1745.10999
2022-08-26 12:00:00+00:00,1745.089966,1756.23999,1734.40002,1737.13
2022-08-26 16:00:00+00:00,1737.23999,1739.62,1734.23999,1736.90002
2022-08-26 20:00:00+00:00,1736.83997,1738.85999,1736.64001,1738.40002
2022-08-28 20:00:00+00:00,1736.18994,1738.56995,1733.62,1734.87
2022-08-29 00:00:00+00:00,1734.88,1736.20996,1723.51001,1724.64001
2022-08-29 04:00:00+00:00,1724.59998,1725.56006,1721.25,1724.84998
2022-08-29 05:00:00+00:00,1723.01001,1725.91003,1720.40002,1722.23999
2022-08-29 09:00:00+00:00,1722.25,1736.92004,1721.64001,1736.38
2022-08-29 13:00:00+00:00,1736.34998,1745.44995,1735.38,1738.15002
2022-08-29 17:00:00+00:00,1738.23999,1739.70996,1735.94995,1737.58997
2022-08-29 21:00:00+00:00,1737.33997,1740.62,1736.56995,1739.67004
2022-08-30 01:00:00+00:00,1739.51001,1740.26001,1733.93005,1735.84998
2022-08-30 05:00:00+00:00,1735.71997,1737.77002,1729.13,1734.57996
2022-08-30 09:00:00+00:00,1734.56006,1735.43994,1728.30005,1730.51001
2022-08-30 13:00:00+00:00,1730.62,1732.96997,1721.27002,1724.17004
2022-08-30 17:00:00+00:00,1724.30005,1726.37,1723.060059,1724.31995
2022-08-30 21:00:00+00:00,1723.67004,1724.48999,1722.31995,1723.040039
2022-08-31 01:00:00+00:00,1723.31995,1725.91003,1720.68005,1724.81995
2022-08-31 05:00:00+00:00,1724.88,1726.60999,1713.47998,1714.17004
2022-08-31 09:00:00+00:00,1714.01001,1716.43994,1709.71997,1711.58997
2022-08-31 13:00:00+00:00,1711.67004,1723.51001,1710.29004,1716.18994
2022-08-31 17:00:00+00:00,1716.10999,1716.37,1709.67004,1711.12
2022-08-31 21:00:00+00:00,1711.26001,1711.55005,1705.62,1706.069946
2022-09-01 01:00:00+00:00,1705.95996,1707.37,1702.34998,1703.069946
2022-09-01 05:00:00+00:00,1703.079956,1708.55005,1700.62,1702.28003
2022-09-01 09:00:00+00:00,1702.19995,1708.77002,1694.98999,1701.10999
2022-09-01 13:00:00+00:00,1701.10999,1702.060059,1688.90002,1695.030029
2022-09-01 17:00:00+00:00,1694.98999,1699.23999,1694.37,1697.64001
2022-09-01 21:00:00+00:00,1696.68005,1699.38,1695.099976,1698.040039
2022-09-02 01:00:00+00:00,1697.64001,1700.35999,1696.38,1699.38
2022-09-02 05:00:00+00:00,1699.26001,1704.68994,1698.95996,1704.65002
2022-09-02 09:00:00+00:00,1704.58997,1714.44995,1704.27002,1708.89001
2022-09-02 13:00:00+00:00,1708.89001,1718.030029,1706.20996,1714.13
2022-09-02 17:00:00+00:00,1714.089966,1715.62,1708.89001,1712.83997
2022-09-04 21:00:00+00:00,1712.21997,1712.21997,1707.81995,1709.02002
2022-09-05 01:00:00+00:00,1708.93994,1714.079956,1708.59998,1712.93005
2022-09-05 05:00:00+00:00,1712.94995,1714.14001,1708.31006,1711.95996
2022-09-05 09:00:00+00:00,1711.94995,1715.83997,1710.56995,1712.73999
2022-09-05 13:00:00+00:00,1713.31995,1713.68005,1710.099976,1712.16003
2022-09-05 17:00:00+00:00,1712.16003,1712.29004,1709.59998,1710.62
2022-09-05 21:00:00+00:00,1709.94995,1726.73999,1709.76001,1724.030029
2022-09-06 01:00:00+00:00,1723.56995,1723.56995,1715.43005,1715.68005
2022-09-06 05:00:00+00:00,1715.73999,1720.81995,1712.88,1713.56995
2022-09-06 09:00:00+00:00,1713.41003,1715.089966,1707.0,1707.87
2022-09-06 13:00:00+00:00,1707.81006,1711.68994,1701.18994,1701.51001
2022-09-06 17:00:00+00:00,1701.59998,1703.82996,1699.89001,1701.91003
2022-09-06 21:00:00+00:00,1702.28003,1703.98999,1692.76001,1696.30005
2022-09-07 01:00:00+00:00,1696.26001,1698.76001,1691.46997,1693.78003
2022-09-07 05:00:00+00:00,1693.77002,1705.54004,1693.62,1704.040039
2022-09-07 09:00:00+00:00,1704.14001,1707.26001,1699.01001,1700.37
2022-09-07 13:00:00+00:00,1700.20996,1715.01001,1697.14001,1714.93005
2022-09-07 17:00:00+00:00,1715.040039,1719.43005,1714.18005,1718.41003
2022-09-07 21:00:00+00:00,1718.43005,1719.01001,1715.57996,1715.65002
2022-09-08 01:00:00+00:00,1715.73999,1719.39001,1713.57996,1714.66003
2022-09-08 05:00:00+00:00,1714.60999,1722.91003,1714.54004,1718.14001
2022-09-08 09:00:00+00:00,1718.099976,1728.23999,1713.91003,1715.88
2022-09-08 13:00:00+00:00,1715.54004,1716.82996,1704.060059,1706.18994
2022-09-08 17:00:00+00:00,1706.18005,1711.68005,1705.88,1708.58997
2022-09-08 21:00:00+00:00,1708.94995,1715.27002,1708.56006,1713.65002
2022-09-09 01:00:00+00:00,1713.57996,1721.68994,1713.31006,1721.45996
2022-09-09 05:00:00+00:00,1721.43994,1729.55005,1718.29004,1728.58997
2022-09-09 09:00:00+00:00,1728.64001,1729.48999,1718.54004,1718.76001
2022-09-09 13:00:00+00:00,1718.89001,1720.38,1711.43005,1720.079956
2022-09-09 17:00:00+00:00,1720.30005,1720.30005,1714.65002,1717.62
2022-09-11 21:00:00+00:00,1717.47998,1720.26001,1716.37,1717.02002
2022-09-12 01:00:00+00:00,1716.94995,1718.85999,1712.050049,1712.93005
2022-09-12 05:00:00+00:00,1712.93994,1726.55005,1712.18994,1725.83997
2022-09-12 09:00:00+00:00,1725.84998,1733.94995,1723.44995,1729.81006
2022-09-12 13:00:00+00:00,1729.87,1735.18005,1723.82996,1731.85999
2022-09-12 17:00:00+00:00,1731.93005,1731.98999,1723.84998,1724.71997
2022-09-12 21:00:00+00:00,1724.65002,1727.65002,1724.10999,1724.80005
2022-09-13 01:00:00+00:00,1724.88,1725.19995,1720.42004,1722.050049
2022-09-13 05:00:00+00:00,1722.069946,1726.10999,1720.079956,1725.42004
2022-09-13 09:00:00+00:00,1725.44995,1731.80005,1703.18994,1703.92004
2022-09-13 13:00:00+00:00,1703.91003,1709.54004,1697.12,1705.63
2022-09-13 17:00:00+00:00,1705.53003,1707.37,1701.18994,1702.41003
2022-09-13 21:00:00+00:00,1701.81995,1703.26001,1698.62,1700.31006
2022-09-14 01:00:00+00:00,1700.18005,1705.19995,1697.32996,1704.12
2022-09-14 05:00:00+00:00,1704.12,1706.20996,1698.96997,1704.48999
2022-09-14 09:00:00+00:00,1704.43994,1707.079956,1699.43994,1705.81995
2022-09-14 13:00:00+00:00,1705.93005,1707.099976,1701.099976,1701.39001
2022-09-14 17:00:00+00:00,1701.37,1701.43005,1693.66003,1697.44995
2022-09-14 21:00:00+00:00,1697.62,1698.30005,1695.37,1695.66003
2022-09-15 01:00:00+00:00,1695.69995,1696.64001,1687.02002,1687.53003
2022-09-15 05:00:00+00:00,1687.38,1690.040039,1685.68994,1687.37
2022-09-15 09:00:00+00:00,1687.38,1692.30005,1682.93994,1687.55005
2022-09-15 13:00:00+00:00,1687.58997,1690.92004,1660.41003,1664.95996
2022-09-15 17:00:00+00:00,1664.93994,1669.35999,1661.62,1664.52002
2022-09-15 21:00:00+00:00,1664.89001,1666.43005,1661.40002,1665.68994
2022-09-16 01:00:00+00:00,1665.62,1667.73999,1661.34998,1664.19995
2022-09-16 05:00:00+00:00,1664.20996,1664.62,1654.26001,1659.18005
2022-09-16 09:00:00+00:00,1659.17004,1667.87,1658.17004,1660.38
2022-09-16 13:00:00+00:00,1660.23999,1680.30005,1657.18994,1673.31006
2022-09-16 17:00:00+00:00,1673.16003,1677.73999,1671.21997,1675.42004
2022-09-18 21:00:00+00:00,1675.030029,1680.02002,1674.12,1675.93005
2022-09-19 01:00:00+00:00,1675.93994,1676.93005,1666.84998,1668.60999
2022-09-19 05:00:00+00:00,1668.60999,1669.78003,1659.69995,1662.66003
2022-09-19 09:00:00+00:00,1662.68005,1667.58997,1660.83997,1665.01001
2022-09-19 13:00:00+00:00,1665.43994,1675.31006,1662.45996,1670.81995
2022-09-19 17:00:00+00:00,1670.82996,1676.060059,1669.040039,1675.77002
2022-09-19 21:00:00+00:00,1675.87,1679.31995,1674.92004,1676.12
2022-09-20 01:00:00+00:00,1676.20996,1677.94995,1673.23999,1673.56995
2022-09-20 05:00:00+00:00,1673.48999,1675.92004,1668.01001,1668.93994
2022-09-20 09:00:00+00:00,1668.93005,1670.31006,1665.33997,1667.83997
2022-09-20 13:00:00+00:00,1667.87,1668.85999,1660.050049,1664.040039
2022-09-20 17:00:00+00:00,1664.060059,1666.38,1661.63,1664.81006
2022-09-20 21:00:00+00:00,1664.98999,1667.52002,1663.80005,1664.079956
2022-09-21 01:00:00+00:00,1664.069946,1666.51001,1661.78003,1662.050049
2022-09-21 05:00:00+00:00,1662.10999,1676.20996,1661.95996,1671.16003
2022-09-21 09:00:00+00:00,1671.17004,1677.56006,1671.0,1674.29004
2022-09-21 13:00:00+00:00,1674.17004,1675.14001,1665.050049,1665.32996
2022-09-21 17:00:00+00:00,1665.30005,1688.060059,1654.19995,1673.83997
2022-09-21 21:00:00+00:00,1673.91003,1673.91003,1660.51001,1660.66003
2022-09-22 01:00:00+00:00,1660.62,1664.87,1656.84998,1660.56995
2022-09-22 05:00:00+00:00,1660.44995,1678.069946,1655.76001,1671.01001
2022-09-22 09:00:00+00:00,1670.97998,1684.91003,1664.92004,1681.83997
2022-09-22 13:00:00+00:00,1681.91003,1681.91003,1667.96997,1674.079956
2022-09-22 17:00:00+00:00,1674.079956,1674.54004,1669.43005,1671.32996
2022-09-22 21:00:00+00:00,1671.33997,1674.88,1670.51001,1674.34998
2022-09-23 01:00:00+00:00,1674.32996,1675.88,1668.32996,1668.71997
2022-09-23 05:00:00+00:00,1668.73999,1674.20996,1660.89001,1661.71997
2022-09-23 09:00:00+00:00,1661.65002,1663.15002,1641.37,1646.15002
2022-09-23 13:00:00+00:00,1646.26001,1657.95996,1641.62,1646.31006
2022-09-23 17:00:00+00:00,1646.30005,1648.51001,1639.95996,1643.56995
2022-09-25 21:00:00+00:00,1645.23999,1645.73999,1626.98999,1627.53003
2022-09-26 01:00:00+00:00,1627.96997,1645.54004,1627.96997,1635.40002
2022-09-26 05:00:00+00:00,1635.43994,1649.80005,1634.69995,1646.56995
2022-09-26 09:00:00+00:00,1646.68005,1647.75,1636.29004,1646.060059
2022-09-26 13:00:00+00:00,1646.079956,1648.21997,1627.90002,1631.29004
2022-09-26 17:00:00+00:00,1631.28003,1631.39001,1621.18994,1622.53003
2022-09-26 21:00:00+00:00,1622.39001,1631.099976,1622.22998,1630.88
2022-09-27 01:00:00+00:00,1630.76001,1633.02002,1628.72998,1631.76001
2022-09-27 05:00:00+00:00,1631.68005,1640.63,1631.18994,1635.78003
2022-09-27 09:00:00+00:00,1635.84998,1642.45996,1632.56995,1635.54004
2022-09-27 13:00:00+00:00,1635.46997,1640.079956,1628.38,1629.53003
2022-09-27 17:00:00+00:00,1629.5,1632.66003,1626.84998,1629.31995
2022-09-27 21:00:00+00:00,1629.040039,1630.65002,1625.28003,1626.95996
2022-09-28 01:00:00+00:00,1627.069946,1627.38,1622.95996,1623.58997
2022-09-28 05:00:00+00:00,1623.62,1625.59998,1614.93005,1620.13
2022-09-28 09:00:00+00:00,1620.18994,1638.23999,1616.030029,1635.18994
2022-09-28 13:00:00+00:00,1634.96997,1660.93994,1633.85999,1659.30005
2022-09-28 17:00:00+00:00,1659.39001,1662.76001,1658.68994,1660.01001
2022-09-28 21:00:00+00:00,1659.92004,1659.93994,1652.94995,1654.040039
2022-09-29 01:00:00+00:00,1654.01001,1659.42004,1652.030029,1652.38
2022-09-29 05:00:00+00:00,1652.39001,1652.64001,1641.60999,1644.25
2022-09-29 09:00:00+00:00,1644.26001,1656.10999,1644.26001,1649.47998
2022-09-29 13:00:00+00:00,1649.73999,1664.93005,1644.60999,1658.90002
2022-09-29 17:00:00+00:00,1658.90002,1662.23999,1657.23999,1660.60999
2022-09-29 21:00:00+00:00,1660.70996,1665.27002,1660.53003,1664.80005
2022-09-30 01:00:00+00:00,1664.76001,1664.92004,1659.32996,1663.10999
2022-09-30 05:00:00+00:00,1663.12,1674.26001,1662.90002,1671.95996
2022-09-30 09:00:00+00:00,1672.15002,1672.45996,1662.34998,1664.65002
2022-09-30 13:00:00+00:00,1664.65002,1675.34998,1662.10999,1664.13
2022-09-30 17:00:00+00:00,1664.14001,1666.01001,1660.17004,1660.97998
2022-10-02 20:00:00+00:00,1660.53003,1665.5,1660.53003,1664.23999
2022-10-03 00:00:00+00:00,1664.26001,1669.53003,1663.51001,1663.96997
2022-10-03 04:00:00+00:00,1663.94995,1668.37,1661.93005,1663.90002
2022-10-03 08:00:00+00:00,1663.62,1666.93994,1659.77002,1666.25
2022-10-03 12:00:00+00:00,1666.63,1694.15002,1663.92004,1690.38
2022-10-03 16:00:00+00:00,1690.64001,1701.51001,1687.38,1700.92004
2022-10-03 20:00:00+00:00,1700.91003,1702.67004,1698.23999,1701.15002
2022-10-04 00:00:00+00:00,1701.31995,1701.32996,1695.26001,1699.76001
2022-10-04 04:00:00+00:00,1699.83997,1710.59998,1697.48999,1708.30005
2022-10-04 08:00:00+00:00,1708.21997,1712.33997,1700.56995,1705.91003
2022-10-04 12:00:00+00:00,1706.069946,1728.94995,1704.099976,1725.76001
2022-10-04 16:00:00+00:00,1725.79004,1729.43005,1720.13,1724.92004
2022-10-04 20:00:00+00:00,1724.88,1726.53003,1723.76001,1725.66003
2022-10-05 00:00:00+00:00,1725.63,1725.76001,1717.94995,1719.38
2022-10-05 04:00:00+00:00,1719.39001,1727.84998,1715.12,1716.41003
2022-10-05 08:00:00+00:00,1716.43994,1716.56006,1703.21997,1706.30005
2022-10-05 12:00:00+00:00,1706.18994,1714.18994,1700.62,1709.23999
2022-10-05 16:00:00+00:00,1709.23999,1718.69995,1707.71997,1716.21997
2022-10-05 20:00:00+00:00,1716.60999,1718.93994,1714.93994,1718.48999
2022-10-06 00:00:00+00:00,1718.42004,1724.34998,1718.099976,1722.35999
2022-10-06 04:00:00+00:00,1722.32996,1725.48999,1719.91003,1724.81006
2022-10-06 08:00:00+00:00,1724.64001,1724.89001,1710.93994,1715.01001
2022-10-06 12:00:00+00:00,1714.89001,1719.64001,1708.25,1708.31006
2022-10-06 16:00:00+00:00,1708.23999,1715.20996,1707.01001,1714.45996
2022-10-06 20:00:00+00:00,1714.31995,1714.68005,1710.97998,1712.089966
2022-10-07 00:00:00+00:00,1712.069946,1713.55005,1709.21997,1709.94995
2022-10-07 04:00:00+00:00,1709.94995,1714.12,1708.47998,1710.96997
2022-10-07 08:00:00+00:00,1710.96997,1714.90002,1706.32996,1709.37
2022-10-07 12:00:00+00:00,1709.29004,1713.18005,1690.79004,1703.37
2022-10-07 16:00:00+00:00,1703.19995,1707.31995,1693.28003,1695.76001
2022-10-09 20:00:00+00:00,1695.63,1699.91003,1695.10999,1696.85999
2022-10-10 00:00:00+00:00,1696.90002,1697.40002,1687.23999,1688.88
2022-10-10 04:00:00+00:00,1688.89001,1689.64001,1682.26001,1682.88
2022-10-10 08:00:00+00:00,1682.89001,1684.59998,1674.22998,1677.089966
2022-10-10 12:00:00+00:00,1677.069946,1679.26001,1665.77002,1667.01001
2022-10-10 16:00:00+00:00,1667.050049,1671.67004,1666.88,1669.050049
2022-10-10 20:00:00+00:00,1669.23999,1670.31995,1667.51001,1670.26001
2022-10-11 00:00:00+00:00,1670.15002,1673.65002,1661.41003,1664.23999
2022-10-11 04:00:00+00:00,1664.18994,1669.71997,1662.030029,1664.82996
2022-10-11 08:00:00+00:00,1664.71997,1670.76001,1661.069946,1670.34998
2022-10-11 12:00:00+00:00,1670.32996,1681.81995,1663.60999,1681.60999
2022-10-11 16:00:00+00:00,1681.68005,1683.98999,1663.90002,1666.47998
2022-10-11 20:00:00+00:00,1666.5,1667.53003,1663.98999,1664.050049
2022-10-12 00:00:00+00:00,1664.16003,1666.89001,1661.48999,1665.44995
2022-10-12 04:00:00+00:00,1665.39001,1675.37,1664.88,1669.050049
2022-10-12 08:00:00+00:00,1669.10999,1673.39001,1667.84998,1668.57996
2022-10-12 12:00:00+00:00,1668.57996,1673.15002,1665.12,1669.58997
2022-10-12 16:00:00+00:00,1669.66003,1678.23999,1667.81006,1675.32996
2022-10-12 20:00:00+00:00,1675.19995,1675.66003,1672.59998,1674.59998
2022-10-13 00:00:00+00:00,1674.51001,1675.44995,1669.069946,1669.38
2022-10-13 04:00:00+00:00,1669.37,1672.52002,1667.089966,1672.35999
2022-10-13 08:00:00+00:00,1672.46997,1682.42004,1670.81995,1678.77002
2022-10-13 12:00:00+00:00,1678.71997,1678.93994,1642.48999,1665.73999
2022-10-13 16:00:00+00:00,1666.040039,1672.55005,1663.079956,1663.93994
2022-10-13 20:00:00+00:00,1663.82996,1666.71997,1663.01001,1663.56006
2022-10-14 00:00:00+00:00,1663.32996,1670.37,1658.98999,1669.14001
2022-10-14 04:00:00+00:00,1669.13,1671.76001,1663.68994,1667.12
2022-10-14 08:00:00+00:00,1667.069946,1667.20996,1650.32996,1655.12
2022-10-14 12:00:00+00:00,1654.95996,1663.93005,1644.81006,1644.83997
2022-10-14 16:00:00+00:00,1644.47998,1648.93005,1640.28003,1642.89001
2022-10-16 20:00:00+00:00,1643.76001,1647.73999,1643.76001,1647.56995
2022-10-17 00:00:00+00:00,1647.55005,1652.73999,1646.43005,1650.20996
2022-10-17 04:00:00+00:00,1650.42004,1657.47998,1648.40002,1656.12
2022-10-17 08:00:00+00:00,1656.02002,1660.64001,1653.050049,1657.96997
2022-10-17 12:00:00+00:00,1658.030029,1668.41003,1657.14001,1663.38
2022-10-17 16:00:00+00:00,1663.37,1663.46997,1646.81995,1648.030029
2022-10-17 20:00:00+00:00,1648.069946,1651.54004,1647.82996,1650.79004
2022-10-18 00:00:00+00:00,1650.78003,1653.60999,1649.040039,1652.54004
2022-10-18 04:00:00+00:00,1652.54004,1660.88,1651.40002,1656.43994
2022-10-18 08:00:00+00:00,1656.43994,1657.63,1648.68994,1653.030029
2022-10-18 12:00:00+00:00,1652.87,1657.42004,1645.98999,1649.87
2022-10-18 16:00:00+00:00,1649.68005,1652.81995,1648.26001,1651.34998
2022-10-18 20:00:00+00:00,1651.40002,1654.48999,1650.79004,1652.41003
2022-10-19 00:00:00+00:00,1652.44995,1653.46997,1649.17004,1649.32996
2022-10-19 04:00:00+00:00,1649.41003,1649.57996,1637.83997,1644.81995
2022-10-19 08:00:00+00:00,1644.69995,1644.87,1631.93994,1635.40002
2022-10-19 12:00:00+00:00,1635.26001,1637.80005,1630.45996,1630.63
2022-10-19 16:00:00+00:00,1630.67004,1631.31006,1627.78003,1629.59998
2022-10-19 20:00:00+00:00,1629.34998,1630.43005,1626.56006,1627.23999
2022-10-20 00:00:00+00:00,1627.17004,1629.44995,1622.53003,1626.30005
2022-10-20 04:00:00+00:00,1626.30005,1635.10999,1625.23999,1632.81995
2022-10-20 08:00:00+00:00,1633.26001,1639.30005,1628.81006,1637.41003
2022-10-20 12:00:00+00:00,1637.35999,1645.67004,1630.51001,1641.34998
2022-10-20 16:00:00+00:00,1641.39001,1641.55005,1624.83997,1626.83997
2022-10-20 20:00:00+00:00,1626.96997,1628.56006,1625.41003,1626.98999
2022-10-21 00:00:00+00:00,1626.97998,1628.33997,1620.78003,1621.68994
2022-10-21 04:00:00+00:00,1621.59998,1627.33997,1617.31995,1623.85999
2022-10-21 08:00:00+00:00,1623.58997,1628.10999,1619.34998,1623.29004
2022-10-21 12:00:00+00:00,1623.20996,1650.95996,1619.32996,1650.83997
2022-10-21 16:00:00+00:00,1650.91003,1657.18005,1647.41003,1655.33997
2022-10-23 20:00:00+00:00,1659.35999,1669.87,1656.69995,1661.31995
2022-10-24 00:00:00+00:00,1661.15002,1663.40002,1652.040039,1654.12
2022-10-24 04:00:00+00:00,1654.10999,1658.70996,1648.93994,1649.41003
2022-10-24 08:00:00+00:00,1649.34998,1652.050049,1644.44995,1650.18005
2022-10-24 12:00:00+00:00,1650.17004,1654.41003,1644.040039,1651.87
2022-10-24 16:00:00+00:00,1651.89001,1652.69995,1647.83997,1650.39001
2022-10-24 20:00:00+00:00,1650.050049,1652.65002,1648.97998,1651.87
2022-10-25 00:00:00+00:00,1651.88,1654.95996,1647.29004,1651.67004
2022-10-25 04:00:00+00:00,1651.54004,1652.27002,1644.63,1645.31995
2022-10-25 08:00:00+00:00,1645.30005,1648.39001,1638.34998,1643.88
2022-10-25 12:00:00+00:00,1643.70996,1662.33997,1639.14001,1656.10999
2022-10-25 16:00:00+00:00,1656.030029,1657.10999,1652.19995,1654.089966
2022-10-25 20:00:00+00:00,1653.91003,1653.98999,1651.16003,1652.82996
2022-10-26 00:00:00+00:00,1652.93005,1657.76001,1649.82996,1657.13
2022-10-26 04:00:00+00:00,1657.18005,1671.60999,1655.23999,1671.01001
2022-10-26 08:00:00+00:00,1671.23999,1675.030029,1666.76001,1668.55005
2022-10-26 12:00:00+00:00,1668.56995,1672.64001,1660.73999,1667.19995
2022-10-26 16:00:00+00:00,1667.31995,1669.050049,1663.63,1664.79004
2022-10-26 20:00:00+00:00,1664.95996,1667.64001,1663.38,1667.56006
2022-10-27 00:00:00+00:00,1667.63,1670.87,1662.33997,1664.71997
2022-10-27 04:00:00+00:00,1664.68994,1669.78003,1659.18994,1662.79004
2022-10-27 08:00:00+00:00,1662.85999,1666.71997,1659.94995,1662.089966
2022-10-27 12:00:00+00:00,1661.95996,1665.79004,1654.91003,1661.25
2022-10-27 16:00:00+00:00,1661.23999,1662.55005,1656.82996,1662.43994
2022-10-27 20:00:00+00:00,1662.48999,1663.67004,1661.050049,1661.96997
2022-10-28 00:00:00+00:00,1661.98999,1667.099976,1660.59998,1664.82996
2022-10-28 04:00:00+00:00,1664.85999,1665.45996,1651.55005,1652.79004
2022-10-28 08:00:00+00:00,1652.69995,1653.85999,1646.29004,1650.43005
2022-10-28 12:00:00+00:00,1650.53003,1652.98999,1638.29004,1639.64001
2022-10-28 16:00:00+00:00,1639.63,1645.30005,1638.91003,1645.23999
2022-10-30 20:00:00+00:00,1643.64001,1645.43994,1641.83997,1643.54004
2022-10-31 00:00:00+00:00,1643.53003,1645.16003,1640.68005,1644.43994
2022-10-31 04:00:00+00:00,1644.41003,1645.73999,1640.56006,1641.26001
2022-10-31 08:00:00+00:00,1641.20996,1642.13,1635.68005,1639.89001
2022-10-31 12:00:00+00:00,1639.63,1642.12,1633.56995,1639.050049
2022-10-31 16:00:00+00:00,1639.19995,1640.38,1631.83997,1632.069946
2022-10-31 20:00:00+00:00,1632.17004,1633.82996,1631.87,1632.51001
2022-11-01 00:00:00+00:00,1632.62,1640.15002,1630.87,1637.62
2022-11-01 04:00:00+00:00,1637.60999,1649.93005,1636.57996,1645.20996
2022-11-01 08:00:00+00:00,1645.38,1655.31995,1645.37,1652.23999
2022-11-01 12:00:00+00:00,1652.59998,1657.050049,1642.23999,1644.46997
2022-11-01 16:00:00+00:00,1644.48999,1651.14001,1643.01001,1648.20996
2022-11-01 20:00:00+00:00,1648.20996,1648.42004,1646.13,1646.81995
2022-11-02 00:00:00+00:00,1646.87,1653.32996,1646.71997,1650.88
2022-11-02 04:00:00+00:00,1650.87,1653.41003,1649.40002,1652.88
2022-11-02 08:00:00+00:00,1652.85999,1656.97998,1651.96997,1655.26001
2022-11-02 12:00:00+00:00,1655.23999,1658.85999,1645.81995,1646.48999
2022-11-02 16:00:00+00:00,1646.41003,1669.37,1635.80005,1637.089966
2022-11-02 20:00:00+00:00,1637.01001,1638.21997,1631.91003,1633.80005
2022-11-03 00:00:00+00:00,1633.79004,1641.01001,1632.88,1637.76001
2022-11-03 04:00:00+00:00,1637.72998,1639.01001,1628.42004,1630.060059
2022-11-03 08:00:00+00:00,1630.030029,1630.050049,1616.68994,1619.79004
2022-11-03 12:00:00+00:00,1619.53003,1631.56995,1617.27002,1625.96997
2022-11-03 16:00:00+00:00,1625.98999,1632.44995,1624.98999,1630.98999
2022-11-03 20:00:00+00:00,1631.10999,1631.22998,1628.67004,1629.88
2022-11-04 00:00:00+00:00,1629.83997,1640.10999,1629.43005,1639.23999
2022-11-04 04:00:00+00:00,1639.20996,1649.83997,1638.67004,1644.92004
2022-11-04 08:00:00+00:00,1645.12,1653.52002,1643.91003,1651.46997
2022-11-04 12:00:00+00:00,1651.41003,1675.45996,1643.93994,1671.20996
2022-11-04 16:00:00+00:00,1671.15002,1681.70996,1667.82996,1680.88
2022-11-06 20:00:00+00:00,1675.01001,1680.42004,1672.41003,1672.88
2022-11-07 00:00:00+00:00,1672.92004,1675.31995,1670.40002,1673.62
2022-11-07 04:00:00+00:00,1673.57996,1674.81995,1666.98999,1668.17004
2022-11-07 08:00:00+00:00,1668.17004,1680.44995,1667.089966,1676.94995
2022-11-07 12:00:00+00:00,1677.050049,1681.80005,1673.64001,1679.01001
2022-11-07 16:00:00+00:00,1679.069946,1680.26001,1675.18994,1675.54004
2022-11-07 20:00:00+00:00,1675.5,1676.38,1673.69995,1674.23999
2022-11-08 00:00:00+00:00,1674.21997,1676.73999,1672.20996,1672.91003
2022-11-08 04:00:00+00:00,1672.91003,1673.48999,1668.21997,1670.42004
2022-11-08 08:00:00+00:00,1670.53003,1673.31006,1664.76001,1672.64001
2022-11-08 12:00:00+00:00,1672.67004,1714.19995,1670.079956,1712.88
2022-11-08 16:00:00+00:00,1713.12,1716.93005,1708.38,1711.68994
2022-11-08 20:00:00+00:00,1711.73999,1713.48999,1710.80005,1711.70996
2022-11-09 00:00:00+00:00,1711.73999,1712.48999,1707.050049,1709.40002
2022-11-09 04:00:00+00:00,1709.38,1712.79004,1707.51001,1711.59998
2022-11-09 08:00:00+00:00,1711.79004,1715.81006,1704.0,1708.82996
2022-11-09 12:00:00+00:00,1708.83997,1722.26001,1703.19995,1711.56995
2022-11-09 16:00:00+00:00,1711.65002,1714.44995,1702.23999,1703.83997
2022-11-09 20:00:00+00:00,1703.88,1707.56006,1703.45996,1706.53003
2022-11-10 00:00:00+00:00,1706.44995,1710.16003,1705.15002,1709.46997
2022-11-10 04:00:00+00:00,1709.45996,1712.62,1705.37,1705.90002
2022-11-10 08:00:00+00:00,1705.98999,1710.26001,1704.10999,1707.42004
2022-11-10 12:00:00+00:00,1707.58997,1753.30005,1706.93994,1751.01001
2022-11-10 16:00:00+00:00,1751.079956,1754.84998,1743.69995,1754.18005
2022-11-10 20:00:00+00:00,1754.13,1757.31995,1752.18994,1752.26001
2022-11-11 00:00:00+00:00,1752.060059,1753.51001,1747.31006,1751.34998
2022-11-11 04:00:00+00:00,1751.30005,1764.41003,1749.84998,1760.98999
2022-11-11 08:00:00+00:00,1761.089966,1766.62,1755.23999,1759.34998
2022-11-11 12:00:00+00:00,1759.33997,1766.13,1755.68005,1763.73999
2022-11-11 16:00:00+00:00,1763.77002,1768.050049,1759.71997,1768.01001
2022-11-13 20:00:00+00:00,1763.91003,1764.89001,1761.54004,1763.51001
2022-11-14 00:00:00+00:00,1763.68005,1766.31006,1760.93994,1763.39001
2022-11-14 04:00:00+00:00,1763.48999,1763.76001,1757.98999,1762.39001
2022-11-14 08:00:00+00:00,1762.39001,1766.25,1753.33997,1756.38
2022-11-14 12:00:00+00:00,1756.38,1775.10999,1755.56006,1771.56006
2022-11-14 16:00:00+00:00,1771.62,1773.98999,1766.59998,1773.13
2022-11-14 20:00:00+00:00,1772.96997,1774.53003,1769.26001,1769.51001
2022-11-15 00:00:00+00:00,1769.59998,1772.39001,1767.13,1771.31006
2022-11-15 04:00:00+00:00,1771.30005,1784.39001,1768.73999,1782.95996
2022-11-15 08:00:00+00:00,1783.089966,1783.099976,1773.069946,1776.94995
2022-11-15 12:00:00+00:00,1777.060059,1786.43005,1768.31006,1771.29004
2022-11-15 16:00:00+00:00,1771.20996,1785.68994,1768.089966,1778.56995
2022-11-15 20:00:00+00:00,1778.91003,1781.33997,1776.78003,1780.91003
2022-11-16 00:00:00+00:00,1780.93005,1781.51001,1771.79004,1771.95996
2022-11-16 04:00:00+00:00,1771.89001,1777.73999,1770.42004,1776.79004
2022-11-16 08:00:00+00:00,1776.80005,1785.10999,1775.94995,1783.33997
2022-11-16 12:00:00+00:00,1783.32996,1783.47998,1773.01001,1779.76001
2022-11-16 16:00:00+00:00,1779.65002,1780.030029,1770.96997,1774.56006
2022-11-16 20:00:00+00:00,1774.51001,1776.26001,1773.089966,1773.88
2022-11-17 00:00:00+00:00,1773.21997,1774.81006,1763.10999,1764.030029
2022-11-17 04:00:00+00:00,1764.060059,1769.069946,1761.54004,1767.01001
2022-11-17 08:00:00+00:00,1766.98999,1771.069946,1761.56995,1765.64001
2022-11-17 12:00:00+00:00,1765.62,1767.51001,1754.58997,1760.31006
2022-11-17 16:00:00+00:00,1760.23999,1762.38,1755.53003,1760.83997
2022-11-17 20:00:00+00:00,1760.81995,1761.43994,1759.71997,1760.21997
2022-11-18 00:00:00+00:00,1764.079956,1765.73999,1761.45996,1764.93994
2022-11-18 04:00:00+00:00,1764.79004,1767.060059,1761.21997,1765.80005
2022-11-18 08:00:00+00:00,1765.65002,1767.65002,1760.16003,1760.43994
2022-11-18 12:00:00+00:00,1760.38,1764.18994,1750.030029,1757.34998
2022-11-18 16:00:00+00:00,1757.25,1757.98999,1747.63,1748.48999
2022-11-20 20:00:00+00:00,1750.81006,1752.68994,1750.81006,1752.38
2022-11-21 00:00:00+00:00,1752.38,1753.10999,1744.01001,1746.73999
2022-11-21 04:00:00+00:00,1746.79004,1747.46997,1742.13,1742.71997
2022-11-21 08:00:00+00:00,1742.64001,1744.15002,1737.040039,1740.12
2022-11-21 12:00:00+00:00,1740.13,1747.01001,1736.12,1736.79004
2022-11-21 16:00:00+00:00,1736.71997,1739.67004,1732.59998,1735.55005
2022-11-21 20:00:00+00:00,1735.48999,1739.34998,1735.48999,1738.59998
2022-11-22 00:00:00+00:00,1738.53003,1745.01001,1738.12,1744.29004
2022-11-22 04:00:00+00:00,1744.22998,1745.73999,1740.45996,1743.12
2022-11-22 08:00:00+00:00,1743.13,1749.80005,1742.12,1748.62
2022-11-22 12:00:00+00:00,1748.44995,1748.57996,1741.76001,1741.92004
2022-11-22 16:00:00+00:00,1741.90002,1742.23999,1737.12,1738.26001
2022-11-22 20:00:00+00:00,1738.30005,1741.39001,1737.31006,1741.31995
2022-11-23 00:00:00+00:00,1741.26001,1742.93005,1736.94995,1737.23999
2022-11-23 04:00:00+00:00,1737.19995,1745.78003,1733.26001,1744.28003
2022-11-23 08:00:00+00:00,1744.39001,1744.76001,1734.57996,1739.53003
2022-11-23 12:00:00+00:00,1739.63,1747.70996,1728.01001,1743.45996
2022-11-23 16:00:00+00:00,1743.56995,1753.46997,1741.28003,1751.95996
2022-11-23 20:00:00+00:00,1751.91003,1752.73999,1749.069946,1752.38
2022-11-24 00:00:00+00:00,1752.39001,1756.65002,1752.39001,1756.37
2022-11-24 04:00:00+00:00,1756.43994,1757.68005,1752.68994,1753.88
2022-11-24 08:00:00+00:00,1753.91003,1758.67004,1752.53003,1758.37
2022-11-24 12:00:00+00:00,1758.35999,1758.62,1755.19995,1756.84998
2022-11-24 16:00:00+00:00,1756.81006,1757.44995,1753.88,1755.38
2022-11-24 20:00:00+00:00,1755.18005,1756.10999,1754.56006,1755.39001
2022-11-25 00:00:00+00:00,1755.38,1759.71997,1752.44995,1759.62
2022-11-25 04:00:00+00:00,1759.62,1761.18994,1751.62,1751.68994
2022-11-25 08:00:00+00:00,1751.67004,1754.46997,1749.29004,1751.089966
2022-11-25 12:00:00+00:00,1751.12,1752.70996,1746.040039,1750.37
2022-11-25 16:00:00+00:00,1750.43005,1756.38,1749.60999,1754.68005
2022-11-27 20:00:00+00:00,1756.55005,1756.85999,1750.30005,1751.01001
2022-11-28 00:00:00+00:00,1751.0,1754.01001,1746.01001,1749.80005
2022-11-28 04:00:00+00:00,1749.64001,1754.079956,1748.54004,1750.84998
2022-11-28 08:00:00+00:00,1750.87,1763.73999,1749.95996,1758.58997
2022-11-28 12:00:00+00:00,1758.69995,1759.13,1743.23999,1745.53003
2022-11-28 16:00:00+00:00,1745.56006,1746.81006,1739.70996,1740.32996
2022-11-28 20:00:00+00:00,1740.34998,1742.089966,1739.76001,1741.39001
2022-11-29 00:00:00+00:00,1741.40002,1750.63,1740.38,1750.51001
2022-11-29 04:00:00+00:00,1750.51001,1755.12,1750.16003,1754.02002
2022-11-29 08:00:00+00:00,1753.91003,1758.98999,1752.26001,1757.31006
2022-11-29 12:00:00+00:00,1757.41003,1758.12,1747.01001,1755.28003
2022-11-29 16:00:00+00:00,1755.18994,1755.56006,1748.93994,1750.34998
2022-11-29 20:00:00+00:00,1750.38,1750.45996,1747.96997,1749.02002
2022-11-30 00:00:00+00:00,1749.38,1754.83997,1747.92004,1754.81995
2022-11-30 04:00:00+00:00,1754.81006,1756.87,1752.96997,1755.21997
2022-11-30 08:00:00+00:00,1755.84998,1763.16003,1754.93994,1762.26001
2022-11-30 12:00:00+00:00,1762.37,1764.78003,1749.23999,1752.63
2022-11-30 16:00:00+00:00,1752.65002,1768.82996,1745.13,1767.59998
2022-11-30 20:00:00+00:00,1767.89001,1773.52002,1766.42004,1773.41003
2022-12-01 00:00:00+00:00,1773.39001,1780.060059,1772.030029,1776.78003
2022-12-01 04:00:00+00:00,1776.65002,1783.73999,1774.73999,1775.42004
2022-12-01 08:00:00+00:00,1775.46997,1781.38,1774.83997,1780.60999
2022-12-01 12:00:00+00:00,1780.79004,1803.98999,1780.67004,1796.51001
2022-12-01 16:00:00+00:00,1796.39001,1803.44995,1796.27002,1803.39001
2022-12-01 20:00:00+00:00,1803.40002,1804.57996,1801.18994,1802.38
2022-12-02 00:00:00+00:00,1802.44995,1802.58997,1795.70996,1798.31006
2022-12-02 04:00:00+00:00,1798.31006,1802.62,1795.93994,1801.80005
2022-12-02 08:00:00+00:00,1801.80005,1803.01001,1798.040039,1798.56006
2022-12-02 12:00:00+00:00,1798.57996,1801.030029,1778.76001,1785.88
2022-12-02 16:00:00+00:00,1785.81006,1798.70996,1784.63,1798.53003
2022-12-04 20:00:00+00:00,1796.96997,1799.38,1794.52002,1799.17004
2022-12-05 00:00:00+00:00,1799.26001,1809.089966,1798.68005,1808.68005
2022-12-05 04:00:00+00:00,1808.69995,1810.030029,1797.62,1799.93994
2022-12-05 08:00:00+00:00,1800.13,1800.46997,1793.42004,1793.95996
2022-12-05 12:00:00+00:00,1794.01001,1798.51001,1773.19995,1777.95996
2022-12-05 16:00:00+00:00,1777.97998,1779.53003,1765.85999,1768.26001
2022-12-05 20:00:00+00:00,1768.23999,1770.41003,1766.76001,1769.53003
2022-12-06 00:00:00+00:00,1769.45996,1776.41003,1768.37,1772.089966
2022-12-06 04:00:00+00:00,1772.079956,1774.93994,1767.43994,1771.62
2022-12-06 08:00:00+00:00,1771.63,1779.040039,1769.37,1779.02002
2022-12-06 12:00:00+00:00,1778.91003,1780.90002,1770.96997,1772.65002
2022-12-06 16:00:00+00:00,1772.68005,1776.35999,1767.33997,1771.45996
2022-12-06 20:00:00+00:00,1771.56006,1772.78003,1770.38,1771.01001
2022-12-07 00:00:00+00:00,1771.01001,1775.21997,1768.78003,1773.26001
2022-12-07 04:00:00+00:00,1773.20996,1775.14001,1769.82996,1772.93994
2022-12-07 08:00:00+00:00,1772.87,1775.95996,1771.19995,1771.55005
2022-12-07 12:00:00+00:00,1771.51001,1787.71997,1770.84998,1780.67004
2022-12-07 16:00:00+00:00,1780.60999,1790.56995,1776.43005,1789.85999
2022-12-07 20:00:00+00:00,1789.89001,1790.18005,1785.48999,1787.14001
2022-12-08 00:00:00+00:00,1787.23999,1788.19995,1781.46997,1783.91003
2022-12-08 04:00:00+00:00,1783.84998,1787.18005,1781.94995,1785.98999
2022-12-08 08:00:00+00:00,1785.92004,1786.01001,1781.70996,1783.77002
2022-12-08 12:00:00+00:00,1783.78003,1794.85999,1783.48999,1790.29004
2022-12-08 16:00:00+00:00,1790.21997,1792.13,1786.67004,1789.60999
2022-12-08 20:00:00+00:00,1789.60999,1790.35999,1787.73999,1789.39001
2022-12-09 00:00:00+00:00,1789.31995,1795.79004,1788.55005,1795.27002
2022-12-09 04:00:00+00:00,1795.39001,1797.79004,1791.069946,1792.82996
2022-12-09 08:00:00+00:00,1792.79004,1801.14001,1789.01001,1800.46997
2022-12-09 12:00:00+00:00,1800.56995,1804.33997,1790.26001,1796.90002
2022-12-09 16:00:00+00:00,1796.93005,1806.12,1796.060059,1799.82996
2022-12-11 20:00:00+00:00,1796.54004,1797.27002,1794.89001,1795.13
2022-12-12 00:00:00+00:00,1795.079956,1795.079956,1786.89001,1787.55005
2022-12-12 04:00:00+00:00,1787.58997,1792.02002,1785.58997,1791.32996
2022-12-12 08:00:00+00:00,1791.34998,1795.47998,1789.060059,1794.41003
2022-12-12 12:00:00+00:00,1794.56006,1794.80005,1783.17004,1784.93005
2022-12-12 16:00:00+00:00,1785.21997,1785.39001,1777.62,1781.68005
2022-12-12 20:00:00+00:00,1781.62,1782.30005,1779.57996,1782.10999
2022-12-13 00:00:00+00:00,1782.23999,1786.12,1781.079956,1782.55005
2022-12-13 04:00:00+00:00,1782.64001,1788.69995,1781.26001,1787.93005
2022-12-13 08:00:00+00:00,1788.21997,1788.35999,1782.58997,1787.63
2022-12-13 12:00:00+00:00,1787.56006,1824.53003,1786.69995,1809.68994
2022-12-13 16:00:00+00:00,1810.02002,1815.19995,1805.43994,1811.44995
2022-12-13 20:00:00+00:00,1811.44995,1812.73999,1809.48999,1809.78003
2022-12-14 00:00:00+00:00,1809.73999,1812.73999,1808.88,1810.050049
2022-12-14 04:00:00+00:00,1810.030029,1813.19995,1807.53003,1809.040039
2022-12-14 08:00:00+00:00,1809.10999,1810.28003,1805.38,1806.68005
2022-12-14 12:00:00+00:00,1806.94995,1813.030029,1804.35999,1812.040039
2022-12-14 16:00:00+00:00,1811.98999,1812.39001,1796.12,1804.64001
2022-12-14 20:00:00+00:00,1805.43005,1813.98999,1804.37,1807.73999
2022-12-15 00:00:00+00:00,1807.76001,1807.89001,1792.57996,1793.16003
2022-12-15 04:00:00+00:00,1793.15002,1796.46997,1787.60999,1788.90002
2022-12-15 08:00:00+00:00,1788.96997,1789.92004,1774.10999,1778.98999
2022-12-15 12:00:00+00:00,1778.76001,1785.98999,1774.060059,1779.12
2022-12-15 16:00:00+00:00,1779.01001,1779.93005,1774.57996,1777.89001
2022-12-15 20:00:00+00:00,1777.91003,1779.050049,1775.68005,1776.64001
2022-12-16 00:00:00+00:00,1776.63,1784.26001,1776.01001,1779.60999
2022-12-16 04:00:00+00:00,1779.59998,1785.050049,1776.54004,1777.28003
2022-12-16 08:00:00+00:00,1777.33997,1785.43994,1774.43005,1782.53003
2022-12-16 12:00:00+00:00,1782.60999,1793.88,1782.23999,1787.83997
2022-12-16 16:00:00+00:00,1788.12,1793.31006,1787.25,1793.0
2022-12-18 20:00:00+00:00,1792.87,1793.58997,1791.050049,1791.14001
2022-12-19 00:00:00+00:00,1791.12,1797.030029,1790.97998,1794.01001
2022-12-19 04:00:00+00:00,1794.040039,1794.81995,1790.40002,1793.40002
2022-12-19 08:00:00+00:00,1793.44995,1798.76001,1793.39001,1794.93994
2022-12-19 12:00:00+00:00,1794.94995,1795.98999,1785.85999,1786.16003
2022-12-19 16:00:00+00:00,1786.30005,1790.96997,1783.93005,1786.93005
2022-12-19 20:00:00+00:00,1787.01001,1788.19995,1786.32996,1787.37
2022-12-20 00:00:00+00:00,1787.32996,1796.14001,1784.66003,1792.26001
2022-12-20 04:00:00+00:00,1792.34998,1795.76001,1787.02002,1794.23999
2022-12-20 08:00:00+00:00,1794.20996,1809.48999,1794.050049,1807.73999
2022-12-20 12:00:00+00:00,1807.71997,1821.21997,1798.54004,1815.35999
2022-12-20 16:00:00+00:00,1815.43005,1820.90002,1813.88,1818.68005
2022-12-20 20:00:00+00:00,1818.77002,1819.34998,1816.88,1817.30005
2022-12-21 00:00:00+00:00,1817.31006,1819.88,1814.51001,1815.20996
2022-12-21 04:00:00+00:00,1815.20996,1816.43005,1811.98999,1816.37
2022-12-21 08:00:00+00:00,1816.51001,1817.39001,1811.88,1813.79004
2022-12-21 12:00:00+00:00,1813.81995,1823.85999,1813.28003,1817.93005
2022-12-21 16:00:00+00:00,1817.95996,1818.41003,1813.59998,1814.45996
2022-12-21 20:00:00+00:00,1814.44995,1815.68005,1812.92004,1815.01001
2022-12-22 00:00:00+00:00,1814.85999,1820.17004,1814.68005,1819.51001
2022-12-22 04:00:00+00:00,1819.59998,1820.45996,1813.73999,1816.95996
2022-12-22 08:00:00+00:00,1817.040039,1819.71997,1813.84998,1815.94995
2022-12-22 12:00:00+00:00,1815.95996,1819.81006,1794.80005,1795.66003
2022-12-22 16:00:00+00:00,1795.68005,1797.62,1784.97998,1789.10999
2022-12-22 20:00:00+00:00,1789.12,1795.13,1788.55005,1793.56995
2022-12-23 00:00:00+00:00,1793.76001,1795.57996,1791.35999,1792.91003
2022-12-23 04:00:00+00:00,1792.92004,1798.31995,1792.63,1797.71997
2022-12-23 08:00:00+00:00,1797.35999,1799.76001,1795.15002,1797.88
2022-12-23 12:00:00+00:00,1797.84998,1801.18005,1791.31006,1800.58997
2022-12-23 16:00:00+00:00,1800.60999,1803.31006,1793.71997,1797.31006
2022-12-26 20:00:00+00:00,1800.91003,1804.12,1800.32996,1801.87
2022-12-27 00:00:00+00:00,1801.84998,1806.44995,1800.72998,1804.53003
2022-12-27 04:00:00+00:00,1804.48999,1808.51001,1803.79004,1805.62
2022-12-27 08:00:00+00:00,1805.70996,1810.60999,1805.62,1809.89001
2022-12-27 12:00:00+00:00,1809.83997,1833.33997,1802.43994,1824.68005
2022-12-27 16:00:00+00:00,1824.79004,1826.41003,1810.83997,1813.15002
2022-12-27 20:00:00+00:00,1813.050049,1814.96997,1812.38,1812.43994
2022-12-28 00:00:00+00:00,1812.44995,1814.63,1809.64001,1810.19995
2022-12-28 04:00:00+00:00,1810.26001,1812.34998,1807.43005,1810.38
2022-12-28 08:00:00+00:00,1810.44995,1811.43005,1799.33997,1803.30005
2022-12-28 12:00:00+00:00,1803.37,1809.51001,1798.48999,1800.28003
2022-12-28 16:00:00+00:00,1799.01001,1809.31995,1797.089966,1805.44995
2022-12-28 20:00:00+00:00,1805.42004,1806.060059,1802.88,1805.84998
2022-12-29 00:00:00+00:00,1805.76001,1809.45996,1805.16003,1807.63
2022-12-29 04:00:00+00:00,1807.58997,1810.18005,1804.90002,1806.38
2022-12-29 08:00:00+00:00,1806.46997,1812.099976,1804.43005,1806.79004
2022-12-29 12:00:00+00:00,1806.78003,1818.18994,1805.32996,1813.65002
2022-12-29 16:00:00+00:00,1813.94995,1820.21997,1812.02002,1817.41003
2022-12-29 20:00:00+00:00,1817.34998,1817.39001,1813.76001,1815.099976
2022-12-30 00:00:00+00:00,1815.19995,1819.19995,1814.76001,1817.01001
2022-12-30 04:00:00+00:00,1816.98999,1822.43005,1815.40002,1816.85999
2022-12-30 08:00:00+00:00,1816.88,1820.31995,1813.43005,1819.079956
2022-12-30 12:00:00+00:00,1818.98999,1825.23999,1814.41003,1818.69995
2022-12-30 16:00:00+00:00,1818.51001,1826.10999,1814.41003,1821.78003
2023-01-02 20:00:00+00:00,1827.94995,1831.060059,1824.23999,1829.51001
2023-01-03 00:00:00+00:00,1829.46997,1843.21997,1826.93994,1841.27002
2023-01-03 04:00:00+00:00,1841.29004,1850.01001,1838.02002,1847.53003
2023-01-03 08:00:00+00:00,1847.93005,1848.030029,1830.92004,1833.17004
2023-01-03 12:00:00+00:00,1833.26001,1849.87,1827.68005,1833.30005
2023-01-03 16:00:00+00:00,1833.60999,1840.29004,1828.43005,1839.14001
2023-01-03 20:00:00+00:00,1839.15002,1839.96997,1836.48999,1836.62
2023-01-04 00:00:00+00:00,1836.53003,1847.20996,1836.26001,1845.67004
2023-01-04 04:00:00+00:00,1845.69995,1858.57996,1844.73999,1858.28003
2023-01-04 08:00:00+00:00,1858.33997,1865.15002,1857.01001,1860.18994
2023-01-04 12:00:00+00:00,1860.14001,1862.79004,1849.18994,1857.84998
2023-01-04 16:00:00+00:00,1858.089966,1860.53003,1847.17004,1852.54004
2023-01-04 20:00:00+00:00,1852.51001,1857.28003,1851.42004,1854.94995
2023-01-05 00:00:00+00:00,1854.93005,1859.040039,1853.35999,1853.38
2023-01-05 04:00:00+00:00,1853.33997,1855.76001,1848.01001,1849.41003
2023-01-05 08:00:00+00:00,1849.73999,1851.16003,1843.89001,1846.37
2023-01-05 12:00:00+00:00,1846.33997,1848.90002,1825.12,1826.91003
2023-01-05 16:00:00+00:00,1826.91003,1837.48999,1825.73999,1834.43005
2023-01-05 20:00:00+00:00,1834.38,1834.38,1830.76001,1832.82996
2023-01-06 00:00:00+00:00,1832.92004,1840.91003,1831.38,1839.37
2023-01-06 04:00:00+00:00,1839.35999,1840.73999,1835.83997,1838.41003
2023-01-06 08:00:00+00:00,1838.43005,1840.59998,1833.38,1836.78003
2023-01-06 12:00:00+00:00,1836.88,1863.22998,1834.78003,1862.32996
2023-01-06 16:00:00+00:00,1862.39001,1869.88,1859.95996,1869.089966
2023-01-08 20:00:00+00:00,1867.48999,1869.88,1866.53003,1869.68994
2023-01-09 00:00:00+00:00,1869.76001,1879.51001,1867.18994,1877.26001
2023-01-09 04:00:00+00:00,1877.25,1881.050049,1873.78003,1874.98999
2023-01-09 08:00:00+00:00,1875.47998,1877.01001,1870.64001,1873.10999
2023-01-09 12:00:00+00:00,1873.13,1881.54004,1872.18005,1874.81995
2023-01-09 16:00:00+00:00,1874.91003,1878.51001,1869.13,1875.26001
2023-01-09 20:00:00+00:00,1874.73999,1874.94995,1869.25,1870.57996
2023-01-10 00:00:00+00:00,1870.56995,1876.079956,1867.94995,1871.91003
2023-01-10 04:00:00+00:00,1871.93005,1875.23999,1870.67004,1872.079956
2023-01-10 08:00:00+00:00,1872.10999,1877.35999,1871.81006,1875.34998
2023-01-10 12:00:00+00:00,1875.23999,1880.76001,1870.46997,1875.84998
2023-01-10 16:00:00+00:00,1875.78003,1877.46997,1871.30005,1876.72998
2023-01-10 20:00:00+00:00,1876.79004,1878.69995,1876.01001,1877.28003
2023-01-11 00:00:00+00:00,1877.32996,1878.48999,1872.18005,1877.80005
2023-01-11 04:00:00+00:00,1877.83997,1884.65002,1876.89001,1881.68994
2023-01-11 08:00:00+00:00,1881.69995,1886.59998,1881.099976,1883.099976
2023-01-11 12:00:00+00:00,1883.099976,1883.38,1869.67004,1872.089966
2023-01-11 16:00:00+00:00,1872.12,1878.56006,1867.30005,1877.80005
2023-01-11 20:00:00+00:00,1877.81006,1878.10999,1874.64001,1877.030029
2023-01-12 00:00:00+00:00,1877.050049,1884.93994,1875.93005,1883.62
2023-01-12 04:00:00+00:00,1883.51001,1885.060059,1879.95996,1882.33997
2023-01-12 08:00:00+00:00,1882.51001,1886.35999,1881.22998,1885.26001
2023-01-12 12:00:00+00:00,1885.12,1901.68994,1873.38,1888.93005
2023-01-12 16:00:00+00:00,1888.90002,1899.62,1888.44995,1897.80005
2023-01-12 20:00:00+00:00,1897.82996,1899.56006,1894.37,1898.10999
2023-01-13 00:00:00+00:00,1898.10999,1901.01001,1896.089966,1897.90002
2023-01-13 04:00:00+00:00,1897.87,1899.96997,1892.38,1899.66003
2023-01-13 08:00:00+00:00,1899.65002,1909.63,1898.089966,1899.90002
2023-01-13 12:00:00+00:00,1899.76001,1916.58997,1893.69995,1913.67004
2023-01-13 16:00:00+00:00,1913.66003,1921.96997,1909.48999,1920.079956
2023-01-15 20:00:00+00:00,1919.64001,1920.93005,1917.0,1917.0
2023-01-16 00:00:00+00:00,1917.16003,1929.050049,1916.85999,1926.40002
2023-01-16 04:00:00+00:00,1926.43994,1927.12,1913.41003,1917.13
2023-01-16 08:00:00+00:00,1917.18994,1919.38,1910.91003,1916.78003
2023-01-16 12:00:00+00:00,1916.66003,1917.27002,1911.44995,1916.089966
2023-01-16 16:00:00+00:00,1916.099976,1916.19995,1912.89001,1915.35999
2023-01-16 20:00:00+00:00,1915.22998,1918.43994,1914.88,1917.93005
2023-01-17 00:00:00+00:00,1917.98999,1919.12,1909.56006,1910.35999
2023-01-17 04:00:00+00:00,1910.37,1913.31995,1906.98999,1910.050049
2023-01-17 08:00:00+00:00,1910.37,1912.75,1904.31995,1912.65002
2023-01-17 12:00:00+00:00,1912.76001,1916.68005,1907.16003,1911.14001
2023-01-17 16:00:00+00:00,1911.12,1913.35999,1903.83997,1908.02002
2023-01-17 20:00:00+00:00,1908.040039,1910.85999,1907.59998,1908.73999
2023-01-18 00:00:00+00:00,1908.76001,1910.38,1899.28003,1900.099976
2023-01-18 04:00:00+00:00,1900.14001,1909.040039,1896.68994,1907.81995
2023-01-18 08:00:00+00:00,1908.44995,1916.81006,1907.88,1915.78003
2023-01-18 12:00:00+00:00,1915.68005,1925.93005,1911.43005,1912.39001
2023-01-18 16:00:00+00:00,1912.33997,1912.84998,1901.59998,1905.16003
2023-01-18 20:00:00+00:00,1905.13,1907.39001,1902.40002,1906.92004
2023-01-19 00:00:00+00:00,1906.97998,1910.85999,1901.040039,1909.12
2023-01-19 04:00:00+00:00,1909.050049,1912.90002,1906.51001,1911.26001
2023-01-19 08:00:00+00:00,1911.41003,1916.81006,1906.69995,1908.18005
2023-01-19 12:00:00+00:00,1908.18994,1923.29004,1906.90002,1918.10999
2023-01-19 16:00:00+00:00,1918.12,1931.28003,1917.64001,1929.73999
2023-01-19 20:00:00+00:00,1929.68994,1935.21997,1929.37,1931.79004
2023-01-20 00:00:00+00:00,1931.66003,1934.91003,1927.56006,1927.65002
2023-01-20 04:00:00+00:00,1927.65002,1933.14001,1923.21997,1933.12
2023-01-20 08:00:00+00:00,1933.060059,1937.54004,1926.60999,1927.089966
2023-01-20 12:00:00+00:00,1927.14001,1930.89001,1920.70996,1926.40002
2023-01-20 16:00:00+00:00,1926.39001,1931.050049,1922.93005,1929.68994
2023-01-22 20:00:00+00:00,1926.22998,1927.71997,1924.069946,1927.32996
2023-01-23 00:00:00+00:00,1927.76001,1935.56006,1927.48999,1930.68005
2023-01-23 04:00:00+00:00,1930.67004,1931.31006,1919.78003,1920.18005
2023-01-23 08:00:00+00:00,1920.33997,1929.43994,1918.94995,1925.56995
2023-01-23 12:00:00+00:00,1925.62,1927.88,1911.43005,1923.040039
2023-01-23 16:00:00+00:00,1923.02002,1929.76001,1919.31006,1926.43005
2023-01-23 20:00:00+00:00,1926.46997,1932.81006,1926.089966,1931.39001
2023-01-24 00:00:00+00:00,1931.35999,1937.089966,1930.83997,1933.62
2023-01-24 04:00:00+00:00,1933.51001,1941.51001,1931.94995,1940.32996
2023-01-24 08:00:00+00:00,1940.42004,1942.53003,1934.48999,1937.30005
2023-01-24 12:00:00+00:00,1937.20996,1939.32996,1917.28003,1934.98999
2023-01-24 16:00:00+00:00,1935.060059,1938.28003,1930.31995,1938.12
2023-01-24 20:00:00+00:00,1938.089966,1938.29004,1936.41003,1937.079956
2023-01-25 00:00:00+00:00,1937.079956,1939.68005,1929.060059,1931.82996
2023-01-25 04:00:00+00:00,1931.87,1933.82996,1925.90002,1928.87
2023-01-25 08:00:00+00:00,1929.21997,1932.46997,1922.92004,1925.98999
2023-01-25 12:00:00+00:00,1925.82996,1938.62,1920.16003,1933.069946
2023-01-25 16:00:00+00:00,1933.069946,1943.26001,1928.95996,1942.32996
2023-01-25 20:00:00+00:00,1942.40002,1948.88,1942.33997,1948.39001
2023-01-26 00:00:00+00:00,1948.44995,1949.29004,1942.59998,1947.75
2023-01-26 04:00:00+00:00,1947.84998,1949.079956,1938.10999,1943.13
2023-01-26 08:00:00+00:00,1943.01001,1945.15002,1933.12,1937.089966
2023-01-26 12:00:00+00:00,1937.17004,1942.44995,1923.30005,1924.98999
2023-01-26 16:00:00+00:00,1924.62,1933.14001,1918.75,1931.26001
2023-01-26 20:00:00+00:00,1931.27002,1931.32996,1928.43994,1930.87
2023-01-27 00:00:00+00:00,1930.78003,1934.88,1923.97998,1924.80005
2023-01-27 04:00:00+00:00,1924.80005,1925.79004,1919.92004,1923.18005
2023-01-27 08:00:00+00:00,1923.44995,1931.52002,1923.079956,1930.15002
2023-01-27 12:00:00+00:00,1930.29004,1935.079956,1916.88,1924.15002
2023-01-27 16:00:00+00:00,1924.14001,1932.18005,1923.85999,1929.96997
2023-01-29 20:00:00+00:00,1928.19995,1929.030029,1925.68994,1928.98999
2023-01-30 00:00:00+00:00,1928.98999,1931.069946,1924.43994,1926.38
2023-01-30 04:00:00+00:00,1926.38,1934.56006,1923.28003,1924.57996
2023-01-30 08:00:00+00:00,1924.32996,1930.80005,1920.76001,1923.27002
2023-01-30 12:00:00+00:00,1923.30005,1930.42004,1922.56995,1925.67004
2023-01-30 16:00:00+00:00,1925.76001,1925.89001,1920.85999,1923.38
2023-01-30 20:00:00+00:00,1923.35999,1923.63,1921.29004,1922.13
2023-01-31 00:00:00+00:00,1922.30005,1927.41003,1920.91003,1921.17004
2023-01-31 04:00:00+00:00,1921.089966,1921.94995,1912.089966,1914.51001
2023-01-31 08:00:00+00:00,1914.47998,1914.92004,1901.18005,1904.34998
2023-01-31 12:00:00+00:00,1904.28003,1929.31006,1900.96997,1928.66003
2023-01-31 16:00:00+00:00,1927.93994,1931.089966,1926.41003,1928.70996
2023-01-31 20:00:00+00:00,1928.84998,1929.13,1927.18005,1927.41003
2023-02-01 00:00:00+00:00,1927.41003,1928.81006,1924.62,1926.78003
2023-02-01 04:00:00+00:00,1926.83997,1929.28003,1924.18994,1925.01001
2023-02-01 08:00:00+00:00,1925.060059,1930.29004,1923.37,1928.83997
2023-02-01 12:00:00+00:00,1928.85999,1933.22998,1922.94995,1931.90002
2023-02-01 16:00:00+00:00,1931.97998,1943.93005,1920.70996,1943.12
2023-02-01 20:00:00+00:00,1942.15002,1956.23999,1939.43994,1953.13
2023-02-02 00:00:00+00:00,1953.12,1957.32996,1950.92004,1952.41003
2023-02-02 04:00:00+00:00,1952.35999,1959.76001,1951.31006,1955.46997
2023-02-02 08:00:00+00:00,1955.56006,1959.64001,1951.60999,1954.78003
2023-02-02 12:00:00+00:00,1954.91003,1956.079956,1917.38,1926.34998
2023-02-02 16:00:00+00:00,1925.94995,1926.31006,1911.84998,1913.43005
2023-02-02 20:00:00+00:00,1913.35999,1915.57996,1911.31006,1915.16003
2023-02-03 00:00:00+00:00,1915.43994,1918.65002,1914.040039,1916.37
2023-02-03 04:00:00+00:00,1916.35999,1918.26001,1910.23999,1913.73999
2023-02-03 08:00:00+00:00,1913.76001,1916.23999,1909.40002,1914.30005
2023-02-03 12:00:00+00:00,1914.56006,1917.079956,1869.18005,1873.26001
2023-02-03 16:00:00+00:00,1873.13,1875.089966,1861.42004,1865.82996
2023-02-05 20:00:00+00:00,1861.19995,1870.079956,1861.19995,1865.62
2023-02-06 00:00:00+00:00,1865.51001,1876.71997,1863.73999,1876.64001
2023-02-06 04:00:00+00:00,1876.63,1878.90002,1874.42004,1875.88
2023-02-06 08:00:00+00:00,1876.57996,1881.31995,1868.33997,1871.69995
2023-02-06 12:00:00+00:00,1871.68994,1875.64001,1863.01001,1865.93005
2023-02-06 16:00:00+00:00,1866.13,1871.34998,1863.57996,1865.82996
2023-02-06 20:00:00+00:00,1865.84998,1869.73999,1865.37,1868.62
2023-02-07 00:00:00+00:00,1868.60999,1875.66003,1868.43994,1872.83997
2023-02-07 04:00:00+00:00,1872.79004,1876.88,1871.78003,1876.31006
2023-02-07 08:00:00+00:00,1876.31006,1878.030029,1866.12,1867.56006
2023-02-07 12:00:00+00:00,1867.62,1879.98999,1865.90002,1879.43994
2023-02-07 16:00:00+00:00,1879.58997,1884.28003,1865.089966,1872.030029
2023-02-07 20:00:00+00:00,1871.98999,1878.12,1867.62,1872.96997
2023-02-08 00:00:00+00:00,1872.81995,1878.45996,1872.63,1876.41003
2023-02-08 04:00:00+00:00,1876.34998,1886.13,1873.32996,1886.13
2023-02-08 08:00:00+00:00,1886.15002,1886.15002,1878.66003,1880.26001
2023-02-08 12:00:00+00:00,1880.21997,1883.65002,1869.48999,1873.89001
2023-02-08 16:00:00+00:00,1873.90002,1879.88,1872.38,1876.20996
2023-02-08 20:00:00+00:00,1876.21997,1876.28003,1873.88,1875.079956
2023-02-09 00:00:00+00:00,1875.099976,1880.35999,1872.12,1878.79004
2023-02-09 04:00:00+00:00,1878.64001,1882.050049,1876.92004,1880.76001
2023-02-09 08:00:00+00:00,1880.67004,1886.19995,1879.96997,1882.21997
2023-02-09 12:00:00+00:00,1882.099976,1890.099976,1872.63,1874.30005
2023-02-09 16:00:00+00:00,1874.23999,1875.68994,1860.079956,1861.93994
2023-02-09 20:00:00+00:00,1862.040039,1863.14001,1859.01001,1862.55005
2023-02-10 00:00:00+00:00,1862.67004,1865.54004,1855.43994,1855.43994
2023-02-10 04:00:00+00:00,1855.41003,1866.98999,1852.84998,1866.20996
2023-02-10 08:00:00+00:00,1866.63,1872.31006,1860.76001,1864.80005
2023-02-10 12:00:00+00:00,1864.93994,1868.57996,1859.12,1860.050049
2023-02-10 16:00:00+00:00,1859.76001,1864.70996,1856.51001,1863.73999
2023-02-12 20:00:00+00:00,1864.23999,1865.39001,1862.69995,1862.73999
2023-02-13 00:00:00+00:00,1862.81995,1863.85999,1858.23999,1858.98999
2023-02-13 04:00:00+00:00,1858.81995,1866.60999,1857.01001,1863.90002
2023-02-13 08:00:00+00:00,1863.73999,1864.18005,1854.46997,1862.16003
2023-02-13 12:00:00+00:00,1862.15002,1863.14001,1853.81995,1855.26001
2023-02-13 16:00:00+00:00,1855.31995,1855.88,1850.48999,1852.79004
2023-02-13 20:00:00+00:00,1852.81006,1854.68005,1851.31006,1854.51001
2023-02-14 00:00:00+00:00,1854.21997,1858.60999,1854.12,1858.17004
2023-02-14 04:00:00+00:00,1858.19995,1864.91003,1857.30005,1858.79004
2023-02-14 08:00:00+00:00,1858.71997,1863.88,1853.81995,1857.14001
2023-02-14 12:00:00+00:00,1857.32996,1870.38,1843.51001,1852.43994
2023-02-14 16:00:00+00:00,1852.39001,1858.94995,1844.26001,1855.55005
2023-02-14 20:00:00+00:00,1855.56006,1856.30005,1853.67004,1855.01001
2023-02-15 00:00:00+00:00,1854.95996,1860.15002,1847.62,1848.43994
2023-02-15 04:00:00+00:00,1848.43005,1848.93994,1835.21997,1835.76001
2023-02-15 08:00:00+00:00,1835.64001,1837.73999,1831.93994,1835.01001
2023-02-15 12:00:00+00:00,1835.01001,1838.94995,1830.76001,1834.18994
2023-02-15 16:00:00+00:00,1834.33997,1838.040039,1831.38,1835.43005
2023-02-15 20:00:00+00:00,1835.51001,1838.68005,1834.93994,1836.51001
2023-02-16 00:00:00+00:00,1836.44995,1842.66003,1834.58997,1840.53003
2023-02-16 04:00:00+00:00,1840.60999,1841.62,1834.37,1841.31006
2023-02-16 08:00:00+00:00,1841.34998,1844.85999,1834.89001,1837.56995
2023-02-16 12:00:00+00:00,1837.51001,1840.39001,1827.68994,1834.65002
2023-02-16 16:00:00+00:00,1834.66003,1845.31006,1832.44995,1842.81006
2023-02-16 20:00:00+00:00,1842.88,1843.050049,1833.31006,1834.48999
2023-02-17 00:00:00+00:00,1834.39001,1834.39001,1826.12,1828.18005
2023-02-17 04:00:00+00:00,1828.31995,1828.60999,1821.91003,1824.16003
2023-02-17 08:00:00+00:00,1824.040039,1828.089966,1818.96997,1824.78003
2023-02-17 12:00:00+00:00,1824.96997,1840.96997,1822.82996,1834.45996
2023-02-17 16:00:00+00:00,1834.68005,1843.60999,1834.34998,1842.82996
2023-02-19 20:00:00+00:00,1840.96997,1841.83997,1838.51001,1838.83997
2023-02-20 00:00:00+00:00,1838.63,1843.23999,1837.33997,1842.87
2023-02-20 04:00:00+00:00,1842.88,1846.38,1841.20996,1846.13
2023-02-20 08:00:00+00:00,1846.089966,1847.56006,1841.15002,1844.73999
2023-02-20 12:00:00+00:00,1845.01001,1847.12,1842.40002,1843.35999
2023-02-20 16:00:00+00:00,1843.26001,1844.15002,1840.51001,1841.35999
2023-02-20 20:00:00+00:00,1841.58997,1842.92004,1841.48999,1841.79004
2023-02-21 00:00:00+00:00,1841.62,1843.81995,1837.19995,1838.54004
2023-02-21 04:00:00+00:00,1838.51001,1839.85999,1833.65002,1834.82996
2023-02-21 08:00:00+00:00,1834.78003,1836.81006,1831.18005,1833.90002
2023-02-21 12:00:00+00:00,1834.030029,1843.88,1830.28003,1838.84998
2023-02-21 16:00:00+00:00,1838.81006,1839.48999,1831.91003,1834.060059
2023-02-21 20:00:00+00:00,1834.41003,1836.59998,1834.38,1835.60999
2023-02-22 00:00:00+00:00,1835.51001,1838.48999,1835.030029,1836.30005
2023-02-22 04:00:00+00:00,1836.31995,1839.92004,1834.65002,1839.90002
2023-02-22 08:00:00+00:00,1839.81995,1841.17004,1832.26001,1838.93994
2023-02-22 12:00:00+00:00,1839.050049,1845.95996,1831.51001,1836.18994
2023-02-22 16:00:00+00:00,1836.069946,1837.079956,1824.83997,1825.01001
2023-02-22 20:00:00+00:00,1825.16003,1827.51001,1823.65002,1825.21997
2023-02-23 00:00:00+00:00,1824.79004,1830.54004,1823.30005,1828.040039
2023-02-23 04:00:00+00:00,1828.01001,1833.79004,1827.60999,1829.82996
2023-02-23 08:00:00+00:00,1829.48999,1829.80005,1823.95996,1826.53003
2023-02-23 12:00:00+00:00,1826.45996,1830.14001,1817.78003,1823.81995
2023-02-23 16:00:00+00:00,1823.41003,1824.14001,1818.58997,1822.92004
2023-02-23 20:00:00+00:00,1823.040039,1824.12,1822.18994,1823.26001
2023-02-24 00:00:00+00:00,1823.29004,1827.89001,1823.16003,1825.78003
2023-02-24 04:00:00+00:00,1825.81995,1826.46997,1821.84998,1822.12
2023-02-24 08:00:00+00:00,1821.88,1825.62,1817.45996,1819.19995
2023-02-24 12:00:00+00:00,1819.13,1819.13,1809.15002,1810.56006
2023-02-24 16:00:00+00:00,1810.82996,1814.12,1809.050049,1811.040039
2023-02-26 20:00:00+00:00,1812.73999,1813.16003,1811.30005,1811.81006
2023-02-27 00:00:00+00:00,1811.82996,1814.20996,1806.80005,1807.98999
2023-02-27 04:00:00+00:00,1807.98999,1812.26001,1807.14001,1810.68994
2023-02-27 08:00:00+00:00,1810.89001,1813.78003,1808.43994,1811.43994
2023-02-27 12:00:00+00:00,1811.48999,1819.98999,1810.18005,1815.43005
2023-02-27 16:00:00+00:00,1815.48999,1820.16003,1812.66003,1817.45996
2023-02-27 20:00:00+00:00,1817.43005,1818.12,1816.12,1817.30005
2023-02-28 00:00:00+00:00,1817.31006,1819.40002,1814.81006,1814.98999
2023-02-28 04:00:00+00:00,1814.96997,1817.050049,1810.28003,1810.53003
2023-02-28 08:00:00+00:00,1810.76001,1813.10999,1805.050049,1809.079956
2023-02-28 12:00:00+00:00,1809.050049,1826.71997,1807.33997,1824.21997
2023-02-28 16:00:00+00:00,1824.17004,1831.16003,1824.16003,1829.13
2023-02-28 20:00:00+00:00,1829.10999,1829.40002,1825.44995,1825.62
2023-03-01 00:00:00+00:00,1825.60999,1831.23999,1823.089966,1831.089966
2023-03-01 04:00:00+00:00,1831.079956,1836.76001,1829.96997,1835.62
2023-03-01 08:00:00+00:00,1835.73999,1838.55005,1830.54004,1835.29004
2023-03-01 12:00:00+00:00,1835.26001,1844.56006,1833.48999,1842.12
2023-03-01 16:00:00+00:00,1842.030029,1842.21997,1836.56995,1838.34998
2023-03-01 20:00:00+00:00,1838.42004,1839.040039,1836.63,1836.64001
2023-03-02 00:00:00+00:00,1836.43994,1838.31006,1831.13,1833.48999
2023-03-02 04:00:00+00:00,1833.46997,1834.90002,1830.34998,1831.68994
2023-03-02 08:00:00+00:00,1831.73999,1837.33997,1830.060059,1836.64001
2023-03-02 12:00:00+00:00,1836.73999,1838.80005,1830.16003,1836.70996
2023-03-02 16:00:00+00:00,1836.73999,1838.70996,1832.41003,1835.73999
2023-03-02 20:00:00+00:00,1835.64001,1838.23999,1835.01001,1837.93994
2023-03-03 00:00:00+00:00,1838.15002,1841.56995,1837.91003,1838.90002
2023-03-03 04:00:00+00:00,1838.88,1844.76001,1837.92004,1842.81995
2023-03-03 08:00:00+00:00,1842.81995,1849.28003,1842.81995,1848.48999
2023-03-03 12:00:00+00:00,1848.39001,1848.70996,1839.12,1844.62
2023-03-03 16:00:00+00:00,1844.68994,1853.76001,1843.87,1853.38
2023-03-05 20:00:00+00:00,1854.23999,1854.89001,1852.21997,1852.43005
2023-03-06 00:00:00+00:00,1852.51001,1855.88,1850.95996,1854.96997
2023-03-06 04:00:00+00:00,1854.95996,1858.31995,1852.88,1856.23999
2023-03-06 08:00:00+00:00,1856.21997,1857.23999,1847.40002,1848.67004
2023-03-06 12:00:00+00:00,1848.60999,1854.050049,1848.19995,1851.099976
2023-03-06 16:00:00+00:00,1851.12,1852.80005,1845.19995,1846.26001
2023-03-06 20:00:00+00:00,1846.33997,1847.41003,1845.78003,1846.40002
2023-03-07 00:00:00+00:00,1846.38,1850.54004,1844.20996,1847.68994
2023-03-07 04:00:00+00:00,1847.63,1851.69995,1845.45996,1848.63
2023-03-07 08:00:00+00:00,1848.55005,1849.70996,1841.030029,1842.050049
2023-03-07 12:00:00+00:00,1842.040039,1842.040039,1815.79004,1818.14001
2023-03-07 16:00:00+00:00,1817.84998,1823.16003,1812.80005,1813.95996
2023-03-07 20:00:00+00:00,1814.12,1816.060059,1813.069946,1814.050049
2023-03-08 00:00:00+00:00,1814.040039,1814.21997,1809.55005,1809.90002
2023-03-08 04:00:00+00:00,1809.91003,1815.099976,1809.91003,1814.31006
2023-03-08 08:00:00+00:00,1814.51001,1816.67004,1812.43005,1815.12
2023-03-08 12:00:00+00:00,1815.17004,1824.31995,1812.37,1820.65002
2023-03-08 16:00:00+00:00,1820.78003,1821.92004,1813.38,1816.31006
2023-03-08 20:00:00+00:00,1816.34998,1816.40002,1813.089966,1815.38
2023-03-09 00:00:00+00:00,1815.38,1816.51001,1811.95996,1813.76001
2023-03-09 04:00:00+00:00,1813.67004,1816.12,1812.76001,1814.87
2023-03-09 08:00:00+00:00,1815.050049,1820.42004,1813.76001,1818.81006
2023-03-09 12:00:00+00:00,1818.67004,1835.66003,1815.56006,1828.76001
2023-03-09 16:00:00+00:00,1828.73999,1835.040039,1825.67004,1830.68005
2023-03-09 20:00:00+00:00,1830.63,1832.38,1829.099976,1831.59998
2023-03-10 00:00:00+00:00,1831.53003,1834.92004,1828.18994,1829.26001
2023-03-10 04:00:00+00:00,1829.23999,1834.70996,1827.87,1833.46997
2023-03-10 08:00:00+00:00,1833.84998,1837.30005,1831.01001,1835.030029
2023-03-10 12:00:00+00:00,1835.079956,1867.35999,1831.89001,1863.26001
2023-03-10 16:00:00+00:00,1863.12,1865.44995,1854.23999,1863.90002
2023-03-12 20:00:00+00:00,1879.12,1894.41003,1875.92004,1877.85999
2023-03-13 00:00:00+00:00,1877.62,1888.94995,1872.20996,1882.60999
2023-03-13 04:00:00+00:00,1882.68005,1883.80005,1871.51001,1876.34998
2023-03-13 08:00:00+00:00,1876.31006,1893.81995,1875.55005,1889.73999
2023-03-13 12:00:00+00:00,1889.68994,1913.13,1887.43994,1904.88
2023-03-13 16:00:00+00:00,1904.88,1914.64001,1903.43005,1913.26001
2023-03-13 20:00:00+00:00,1913.33997,1914.19995,1910.01001,1912.17004
2023-03-14 00:00:00+00:00,1912.15002,1914.15002,1902.68005,1903.050049
2023-03-14 04:00:00+00:00,1903.060059,1913.59998,1901.57996,1912.67004
2023-03-14 08:00:00+00:00,1912.42004,1913.38,1900.84998,1904.26001
2023-03-14 12:00:00+00:00,1904.30005,1911.98999,1895.46997,1904.34998
2023-03-14 16:00:00+00:00,1904.19995,1910.13,1902.31995,1902.48999
2023-03-14 20:00:00+00:00,1902.82996,1905.01001,1902.82996,1903.12
2023-03-15 00:00:00+00:00,1903.099976,1905.59998,1900.040039,1902.92004
2023-03-15 04:00:00+00:00,1902.91003,1903.46997,1896.35999,1896.67004
2023-03-15 08:00:00+00:00,1896.51001,1918.98999,1885.78003,1917.94995
2023-03-15 12:00:00+00:00,1918.12,1930.40002,1917.069946,1927.23999
2023-03-15 16:00:00+00:00,1927.18005,1937.37,1909.28003,1916.62
2023-03-15 20:00:00+00:00,1916.84998,1922.93994,1916.19995,1921.29004
2023-03-16 00:00:00+00:00,1921.40002,1924.39001,1907.59998,1913.28003
2023-03-16 04:00:00+00:00,1913.23999,1920.62,1912.40002,1916.78003
2023-03-16 08:00:00+00:00,1916.63,1927.079956,1915.82996,1926.95996
2023-03-16 12:00:00+00:00,1927.10999,1933.54004,1913.51001,1918.78003
2023-03-16 16:00:00+00:00,1918.81995,1921.16003,1914.44995,1920.63
2023-03-16 20:00:00+00:00,1920.53003,1922.15002,1918.56995,1921.43994
2023-03-17 00:00:00+00:00,1921.45996,1929.76001,1918.33997,1927.79004
2023-03-17 04:00:00+00:00,1927.69995,1934.34998,1927.33997,1930.33997
2023-03-17 08:00:00+00:00,1930.53003,1937.20996,1927.38,1935.12
2023-03-17 12:00:00+00:00,1935.21997,1965.01001,1935.01001,1959.31006
2023-03-17 16:00:00+00:00,1959.34998,1987.80005,1955.45996,1976.33997
2023-03-19 20:00:00+00:00,1984.68005,1990.80005,1975.18994,1977.069946
2023-03-20 00:00:00+00:00,1977.050049,1978.48999,1968.30005,1973.38
2023-03-20 04:00:00+00:00,1973.39001,2009.83997,1973.12,2003.58997
2023-03-20 08:00:00+00:00,2003.56006,2006.21997,1974.050049,1983.92004
2023-03-20 12:00:00+00:00,1983.89001,1986.46997,1965.88,1973.89001
2023-03-20 16:00:00+00:00,1973.91003,1984.38,1973.12,1977.30005
2023-03-20 20:00:00+00:00,1977.79004,1980.13,1976.35999,1976.68994
2023-03-21 00:00:00+00:00,1976.78003,1985.16003,1975.54004,1983.95996
2023-03-21 04:00:00+00:00,1983.88,1983.88,1970.43005,1970.53003
2023-03-21 08:00:00+00:00,1970.34998,1970.90002,1963.079956,1966.42004
2023-03-21 12:00:00+00:00,1966.48999,1967.15002,1943.26001,1948.18994
2023-03-21 16:00:00+00:00,1948.23999,1949.060059,1935.51001,1940.23999
2023-03-21 20:00:00+00:00,1940.35999,1944.040039,1939.39001,1943.23999
2023-03-22 00:00:00+00:00,1943.23999,1946.23999,1938.23999,1939.73999
2023-03-22 04:00:00+00:00,1939.66003,1943.65002,1934.35999,1939.93994
2023-03-22 08:00:00+00:00,1940.23999,1945.69995,1940.040039,1941.34998
2023-03-22 12:00:00+00:00,1942.42004,1951.62,1937.55005,1947.78003
2023-03-22 16:00:00+00:00,1946.57996,1978.81006,1945.76001,1968.099976
2023-03-22 20:00:00+00:00,1972.73999,1975.050049,1965.01001,1969.81995
2023-03-23 00:00:00+00:00,1969.73999,1977.76001,1966.44995,1977.62
2023-03-23 04:00:00+00:00,1976.43005,1983.67004,1975.01001,1976.88
2023-03-23 08:00:00+00:00,1977.56006,1980.66003,1974.29004,1978.45996
2023-03-23 12:00:00+00:00,1978.55005,1987.099976,1966.73999,1984.13
2023-03-23 16:00:00+00:00,1984.19995,2003.35999,1982.81995,1997.96997
2023-03-23 20:00:00+00:00,1997.90002,1998.89001,1990.16003,1991.38
2023-03-24 00:00:00+00:00,1991.37,1995.01001,1989.83997,1992.88
2023-03-24 04:00:00+00:00,1992.84998,1993.34998,1985.37,1989.51001
2023-03-24 08:00:00+00:00,1989.31995,2000.37,1981.32996,1995.88
2023-03-24 12:00:00+00:00,1995.84998,2002.96997,1986.079956,1987.31006
2023-03-24 16:00:00+00:00,1986.88,1990.62,1975.33997,1976.060059
2023-03-26 20:00:00+00:00,1978.39001,1979.41003,1969.42004,1975.83997
2023-03-27 00:00:00+00:00,1975.68994,1978.78003,1972.21997,1974.69995
2023-03-27 04:00:00+00:00,1974.73999,1975.60999,1966.030029,1970.95996
2023-03-27 08:00:00+00:00,1970.69995,1972.26001,1948.31995,1954.26001
2023-03-27 12:00:00+00:00,1953.93005,1958.68994,1944.18005,1956.93994
2023-03-27 16:00:00+00:00,1956.93005,1959.51001,1950.80005,1957.099976
2023-03-27 20:00:00+00:00,1956.96997,1958.33997,1955.81006,1958.18994
2023-03-28 00:00:00+00:00,1958.43994,1964.12,1957.81006,1959.79004
2023-03-28 04:00:00+00:00,1959.73999,1960.95996,1951.94995,1954.099976
2023-03-28 08:00:00+00:00,1954.15002,1958.62,1949.29004,1957.10999
2023-03-28 12:00:00+00:00,1957.14001,1970.030029,1957.099976,1966.73999
2023-03-28 16:00:00+00:00,1966.78003,1975.26001,1965.79004,1973.43994
2023-03-28 20:00:00+00:00,1973.68005,1974.42004,1971.54004,1971.96997
2023-03-29 00:00:00+00:00,1972.19995,1972.91003,1965.90002,1966.53003
2023-03-29 04:00:00+00:00,1966.65002,1968.98999,1958.79004,1961.76001
2023-03-29 08:00:00+00:00,1961.78003,1969.23999,1960.88,1966.76001
2023-03-29 12:00:00+00:00,1966.76001,1971.78003,1960.87,1961.93994
2023-03-29 16:00:00+00:00,1961.98999,1969.18994,1961.23999,1963.40002
2023-03-29 20:00:00+00:00,1963.62,1965.050049,1962.80005,1963.31995
2023-03-30 00:00:00+00:00,1963.38,1963.59998,1955.43994,1959.62
2023-03-30 04:00:00+00:00,1959.67004,1971.48999,1958.98999,1966.71997
2023-03-30 08:00:00+00:00,1966.51001,1971.21997,1964.93994,1968.73999
2023-03-30 12:00:00+00:00,1968.83997,1975.26001,1964.060059,1974.81995
2023-03-30 16:00:00+00:00,1974.94995,1984.37,1974.84998,1981.66003
2023-03-30 20:00:00+00:00,1981.38,1981.98999,1978.12,1978.48999
2023-03-31 00:00:00+00:00,1978.38,1983.73999,1977.73999,1981.19995
2023-03-31 04:00:00+00:00,1981.23999,1985.12,1974.89001,1975.39001
2023-03-31 08:00:00+00:00,1975.40002,1982.01001,1973.29004,1980.30005
2023-03-31 12:00:00+00:00,1980.30005,1987.65002,1974.93005,1979.67004
2023-03-31 16:00:00+00:00,1979.68005,1979.79004,1966.91003,1970.98999
2023-04-02 21:00:00+00:00,1968.19995,1970.57996,1956.90002,1962.45996
2023-04-03 01:00:00+00:00,1962.57996,1964.63,1949.81006,1952.62
2023-04-03 05:00:00+00:00,1952.39001,1966.48999,1950.98999,1965.79004
2023-04-03 09:00:00+00:00,1966.069946,1979.94995,1963.13,1979.16003
2023-04-03 13:00:00+00:00,1979.18005,1990.53003,1972.55005,1987.079956
2023-04-03 17:00:00+00:00,1987.060059,1987.060059,1981.93994,1984.56006
2023-04-03 21:00:00+00:00,1984.31995,1985.62,1982.23999,1983.01001
2023-04-04 01:00:00+00:00,1983.030029,1983.68994,1977.88,1979.83997
2023-04-04 05:00:00+00:00,1979.82996,1984.20996,1976.98999,1980.76001
2023-04-04 09:00:00+00:00,1980.73999,1985.66003,1978.60999,1983.66003
2023-04-04 13:00:00+00:00,1983.46997,2025.01001,1983.42004,2020.79004
2023-04-04 17:00:00+00:00,2020.81995,2022.46997,2017.88,2020.71997
2023-04-04 21:00:00+00:00,2021.14001,2023.67004,2019.48999,2019.60999
2023-04-05 01:00:00+00:00,2019.62,2025.38,2019.62,2023.40002
2023-04-05 05:00:00+00:00,2023.37,2028.41003,2022.84998,2024.079956
2023-04-05 09:00:00+00:00,2024.12,2032.040039,2021.59998,2031.59998
2023-04-05 13:00:00+00:00,2031.76001,2032.079956,2010.20996,2021.43005
2023-04-05 17:00:00+00:00,2021.30005,2023.31995,2019.17004,2020.67004
2023-04-05 21:00:00+00:00,2020.81995,2021.43005,2017.099976,2017.10999
2023-04-06 01:00:00+00:00,2017.18005,2017.18005,2008.10999,2013.73999
2023-04-06 05:00:00+00:00,2013.81006,2019.67004,2011.88,2017.41003
2023-04-06 09:00:00+00:00,2017.43005,2020.96997,2011.38,2013.10999
2023-04-06 13:00:00+00:00,2013.10999,2015.01001,2000.93994,2011.79004
2023-04-06 17:00:00+00:00,2011.92004,2012.58997,2005.84998,2007.40002
2023-04-06 21:00:00+00:00,2008.01001,2008.01001,2008.01001,2008.01001
2023-04-09 21:00:00+00:00,1998.26001,2006.62,1996.34998,1998.37
2023-04-10 01:00:00+00:00,1998.93005,2000.78003,1989.030029,1992.26001
2023-04-10 05:00:00+00:00,1992.079956,1999.43994,1991.43994,1997.42004
2023-04-10 09:00:00+00:00,1997.23999,2003.040039,1989.17004,1989.58997
2023-04-10 13:00:00+00:00,1989.55005,1994.20996,1981.73999,1989.79004
2023-04-10 17:00:00+00:00,1989.79004,1992.90002,1987.73999,1991.34998
2023-04-10 21:00:00+00:00,1991.56006,1995.44995,1990.31995,1993.31006
2023-04-11 01:00:00+00:00,1993.23999,2000.10999,1988.81006,1999.82996
2023-04-11 05:00:00+00:00,1999.84998,2007.48999,1997.94995,2004.63
2023-04-11 09:00:00+00:00,2004.59998,2005.44995,1998.48999,1998.56995
2023-04-11 13:00:00+00:00,1998.65002,2006.62,1995.66003,2006.21997
2023-04-11 17:00:00+00:00,2006.21997,2006.79004,2001.14001,2003.60999
2023-04-11 21:00:00+00:00,2003.20996,2005.62,2003.18994,2005.56995
2023-04-12 01:00:00+00:00,2005.44995,2021.16003,2004.050049,2020.37
2023-04-12 05:00:00+00:00,2020.40002,2020.81006,2009.040039,2009.14001
2023-04-12 09:00:00+00:00,2009.13,2028.31006,2006.32996,2022.65002
2023-04-12 13:00:00+00:00,2022.32996,2023.85999,2001.59998,2007.93994
2023-04-12 17:00:00+00:00,2007.93005,2018.12,2006.81995,2014.98999
2023-04-12 21:00:00+00:00,2014.43005,2019.88,2014.18005,2017.91003
2023-04-13 01:00:00+00:00,2017.73999,2019.55005,2015.79004,2018.51001
2023-04-13 05:00:00+00:00,2018.53003,2029.23999,2015.38,2026.63
2023-04-13 09:00:00+00:00,2026.63,2045.83997,2025.12,2045.099976
2023-04-13 13:00:00+00:00,2045.21997,2048.65991,2033.83997,2040.26001
2023-04-13 17:00:00+00:00,2040.26001,2044.12,2036.64001,2040.10999
2023-04-13 21:00:00+00:00,2040.48999,2043.71997,2038.80005,2041.94995
2023-04-14 01:00:00+00:00,2041.95996,2047.45996,2041.17004,2043.30005
2023-04-14 05:00:00+00:00,2043.42004,2044.38,2031.88,2035.66003
2023-04-14 09:00:00+00:00,2035.78003,2042.26001,2017.68005,2024.79004
2023-04-14 13:00:00+00:00,2024.57996,2028.01001,1992.45996,1999.59998
2023-04-14 17:00:00+00:00,1999.63,2007.98999,1998.68994,2004.26001
2023-04-16 21:00:00+00:00,2001.17004,2005.079956,1999.82996,2002.38
2023-04-17 01:00:00+00:00,2000.91003,2005.48999,2000.42004,2005.18005
2023-04-17 05:00:00+00:00,2006.48999,2014.57996,2005.91003,2013.70996
2023-04-17 09:00:00+00:00,2009.67004,2009.69995,2007.58997,2009.31006
2023-04-17 13:00:00+00:00,2000.68005,2002.23999,1981.23999,1991.58997
2023-04-17 17:00:00+00:00,1991.58997,1997.16003,1991.48999,1995.18005
2023-04-17 21:00:00+00:00,1995.26001,1996.17004,1993.38,1995.20996
2023-04-18 01:00:00+00:00,1995.23999,2001.82996,1994.54004,1998.39001
2023-04-18 05:00:00+00:00,1998.38,2005.18994,1996.48999,2003.29004
2023-04-18 09:00:00+00:00,2003.31006,2005.81006,1999.15002,2001.33997
2023-04-18 13:00:00+00:00,2001.38,2011.88,1991.38,2007.28003
2023-04-18 17:00:00+00:00,2007.26001,2008.37,2003.45996,2005.32996
2023-04-18 21:00:00+00:00,2005.12,2007.60999,2004.59998,2007.42004
2023-04-19 01:00:00+00:00,2007.39001,2008.20996,2002.079956,2004.13
2023-04-19 05:00:00+00:00,2003.96997,2004.31006,1976.76001,1980.10999
2023-04-19 09:00:00+00:00,1979.64001,1980.53003,1969.39001,1980.37
2023-04-19 13:00:00+00:00,1980.68005,1996.56995,1979.38,1996.079956
2023-04-19 17:00:00+00:00,1996.089966,1996.88,1993.71997,1994.76001
2023-04-19 21:00:00+00:00,1994.64001,1996.69995,1993.35999,1995.69995
2023-04-20 01:00:00+00:00,1995.67004,1998.63,1990.56995,1992.81995
2023-04-20 05:00:00+00:00,1992.79004,2001.26001,1991.45996,1996.71997
2023-04-20 09:00:00+00:00,1996.68005,2011.34998,1992.43994,2006.76001
2023-04-20 13:00:00+00:00,2006.63,2012.35999,1999.16003,2005.83997
2023-04-20 17:00:00+00:00,2005.84998,2008.38,2002.39001,2004.81006
2023-04-20 21:00:00+00:00,2004.39001,2005.65002,2001.89001,2004.60999
2023-04-21 01:00:00+00:00,2004.62,2005.23999,2000.46997,2000.64001
2023-04-21 05:00:00+00:00,2000.73999,2001.12,1982.050049,1988.39001
2023-04-21 09:00:00+00:00,1988.39001,1992.53003,1982.31995,1989.069946
2023-04-21 13:00:00+00:00,1989.38,1997.89001,1971.78003,1977.54004
2023-04-21 17:00:00+00:00,1977.51001,1984.32996,1977.45996,1983.64001
2023-04-23 21:00:00+00:00,1982.38,1985.41003,1981.38,1983.91003
2023-04-24 01:00:00+00:00,1983.95996,1984.67004,1978.38,1979.60999
2023-04-24 05:00:00+00:00,1979.70996,1985.30005,1976.54004,1985.12
2023-04-24 09:00:00+00:00,1985.030029,1987.01001,1981.099976,1983.95996
2023-04-24 13:00:00+00:00,1983.85999,1987.73999,1974.18994,1986.66003
2023-04-24 17:00:00+00:00,1986.63,1990.85999,1986.63,1989.10999
2023-04-24 21:00:00+00:00,1989.18005,2000.94995,1989.060059,1996.94995
2023-04-25 01:00:00+00:00,1997.060059,2000.65002,1991.040039,1991.18994
2023-04-25 05:00:00+00:00,1991.17004,1997.30005,1987.20996,1988.63
2023-04-25 09:00:00+00:00,1988.64001,1994.54004,1976.19995,1993.23999
2023-04-25 13:00:00+00:00,1993.10999,1993.66003,1983.62,1990.69995
2023-04-25 17:00:00+00:00,1990.67004,2003.80005,1990.089966,1997.10999
2023-04-25 21:00:00+00:00,1996.38,2002.43005,1996.18005,1997.90002
2023-04-26 01:00:00+00:00,1997.92004,2000.68005,1993.31006,1995.60999
2023-04-26 05:00:00+00:00,1995.57996,1999.43005,1994.43994,1997.71997
2023-04-26 09:00:00+00:00,1997.68005,2001.58997,1991.53003,1998.15002
2023-04-26 13:00:00+00:00,1998.089966,2009.38,1985.56006,1986.70996
2023-04-26 17:00:00+00:00,1986.68994,1991.64001,1983.35999,1989.40002
2023-04-26 21:00:00+00:00,1989.89001,1992.23999,1989.23999,1991.57996
2023-04-27 01:00:00+00:00,1991.71997,2000.92004,1989.58997,1999.71997
2023-04-27 05:00:00+00:00,1999.84998,2003.20996,1997.40002,1998.26001
2023-04-27 09:00:00+00:00,1998.10999,2003.31995,1982.10999,1985.63
2023-04-27 13:00:00+00:00,1985.82996,1988.84998,1974.30005,1984.38
2023-04-27 17:00:00+00:00,1984.54004,1991.14001,1983.80005,1987.84998
2023-04-27 21:00:00+00:00,1987.78003,1988.069946,1985.68005,1985.93994
2023-04-28 01:00:00+00:00,1986.060059,1991.56006,1985.089966,1987.44995
2023-04-28 05:00:00+00:00,1987.35999,1989.60999,1979.98999,1983.48999
2023-04-28 09:00:00+00:00,1983.48999,1987.33997,1976.43005,1984.31006
2023-04-28 13:00:00+00:00,1984.34998,1994.85999,1982.18994,1991.55005
2023-04-28 17:00:00+00:00,1991.73999,1992.87,1987.62,1990.060059
2023-04-30 21:00:00+00:00,1990.050049,1991.95996,1983.81006,1984.01001
2023-05-01 01:00:00+00:00,1984.040039,1986.43005,1980.70996,1984.29004
2023-05-01 05:00:00+00:00,1984.20996,1984.26001,1977.19995,1977.42004
2023-05-01 09:00:00+00:00,1977.34998,2005.32996,1977.18994,2004.099976
2023-05-01 13:00:00+00:00,2004.35999,2006.01001,1980.030029,1981.73999
2023-05-01 17:00:00+00:00,1981.70996,1984.099976,1979.46997,1982.62
2023-05-01 21:00:00+00:00,1982.23999,1983.76001,1980.84998,1982.19995
2023-05-02 01:00:00+00:00,1982.26001,1985.23999,1981.45996,1982.34998
2023-05-02 05:00:00+00:00,1982.33997,1985.68005,1978.56006,1981.34998
2023-05-02 09:00:00+00:00,1981.21997,1990.14001,1980.56995,1985.82996
2023-05-02 13:00:00+00:00,1985.62,2019.43005,1984.58997,2015.23999
2023-05-02 17:00:00+00:00,2015.59998,2018.39001,2011.31995,2016.71997
2023-05-02 21:00:00+00:00,2016.12,2017.060059,2014.28003,2016.40002
2023-05-03 01:00:00+00:00,2016.40002,2019.56995,2015.88,2016.01001
2023-05-03 05:00:00+00:00,2016.069946,2018.79004,2012.67004,2015.68005
2023-05-03 09:00:00+00:00,2015.68005,2017.48999,2008.40002,2013.81006
2023-05-03 13:00:00+00:00,2013.79004,2026.89001,2011.95996,2024.17004
2023-05-03 17:00:00+00:00,2024.069946,2040.51001,2017.20996,2038.76001
2023-05-03 21:00:00+00:00,2060.44995,2080.71997,2045.23999,2054.53003
2023-05-04 01:00:00+00:00,2054.53003,2054.96997,2038.53003,2044.32996
2023-05-04 05:00:00+00:00,2044.069946,2045.48999,2030.40002,2034.56006
2023-05-04 09:00:00+00:00,2034.43005,2044.82996,2033.80005,2036.96997
2023-05-04 13:00:00+00:00,2036.88,2059.61011,2032.12,2050.82007
2023-05-04 17:00:00+00:00,2050.57007,2051.070068,2044.56006,2050.19995
2023-05-04 21:00:00+00:00,2049.21997,2050.11011,2047.56995,2048.90991
2023-05-05 01:00:00+00:00,2048.90991,2053.070068,2045.56995,2048.61011
2023-05-05 05:00:00+00:00,2048.61011,2049.67993,2038.98999,2039.94995
2023-05-05 09:00:00+00:00,2039.89001,2040.23999,2008.050049,2010.38
2023-05-05 13:00:00+00:00,2011.81995,2018.79004,1999.66003,2017.21997
2023-05-05 17:00:00+00:00,2017.30005,2018.92004,2013.56006,2017.56006
2023-05-07 21:00:00+00:00,2016.44995,2018.65002,2014.45996,2018.060059
2023-05-08 01:00:00+00:00,2017.85999,2024.63,2015.21997,2023.71997
2023-05-08 05:00:00+00:00,2023.76001,2024.81006,2020.050049,2022.64001
2023-05-08 09:00:00+00:00,2022.62,2026.92004,2021.64001,2026.079956
2023-05-08 13:00:00+00:00,2026.19995,2029.38,2017.98999,2027.16003
2023-05-08 17:00:00+00:00,2027.12,2027.96997,2020.29004,2021.44995
2023-05-08 21:00:00+00:00,2021.0,2022.54004,2019.63,2020.17004
2023-05-09 01:00:00+00:00,2020.13,2026.78003,2019.88,2025.73999
2023-05-09 05:00:00+00:00,2025.73999,2028.81995,2021.51001,2025.38
2023-05-09 09:00:00+00:00,2025.55005,2032.85999,2024.83997,2026.96997
2023-05-09 13:00:00+00:00,2027.13,2032.68994,2023.050049,2031.079956
2023-05-09 17:00:00+00:00,2031.079956,2037.64001,2030.82996,2034.57996
2023-05-09 21:00:00+00:00,2034.56995,2038.20996,2034.23999,2036.55005
2023-05-10 01:00:00+00:00,2036.57996,2037.20996,2029.84998,2030.81995
2023-05-10 05:00:00+00:00,2030.79004,2032.79004,2026.37,2028.56995
2023-05-10 09:00:00+00:00,2028.53003,2048.12012,2025.14001,2045.48999
2023-05-10 13:00:00+00:00,2045.84998,2046.59998,2021.60999,2027.85999
2023-05-10 17:00:00+00:00,2027.89001,2034.17004,2027.43994,2030.29004
2023-05-10 21:00:00+00:00,2030.02002,2035.48999,2029.80005,2035.33997
2023-05-11 01:00:00+00:00,2035.46997,2036.46997,2030.19995,2031.13
2023-05-11 05:00:00+00:00,2031.12,2033.21997,2021.95996,2022.60999
2023-05-11 09:00:00+00:00,2022.56006,2041.040039,2021.93994,2037.41003
2023-05-11 13:00:00+00:00,2037.53003,2038.099976,2011.32996,2015.63
2023-05-11 17:00:00+00:00,2015.65002,2017.70996,2013.51001,2015.089966
2023-05-11 21:00:00+00:00,2014.85999,2017.58997,2014.76001,2015.90002
2023-05-12 01:00:00+00:00,2015.81006,2016.43005,2008.78003,2011.95996
2023-05-12 05:00:00+00:00,2011.88,2012.67004,2005.58997,2006.71997
2023-05-12 09:00:00+00:00,2006.66003,2015.81995,2001.040039,2014.079956
2023-05-12 13:00:00+00:00,2014.14001,2022.67004,2008.43994,2013.60999
2023-05-12 17:00:00+00:00,2013.69995,2016.48999,2010.48999,2010.88
2023-05-14 21:00:00+00:00,2008.68994,2012.12,2008.68994,2012.060059
2023-05-15 01:00:00+00:00,2012.12,2018.87,2012.12,2014.21997
2023-05-15 05:00:00+00:00,2014.29004,2020.88,2013.31006,2017.53003
2023-05-15 09:00:00+00:00,2017.51001,2019.23999,2011.59998,2017.19995
2023-05-15 13:00:00+00:00,2017.18005,2022.15002,2013.40002,2020.31995
2023-05-15 17:00:00+00:00,2020.28003,2021.48999,2014.45996,2016.45996
2023-05-15 21:00:00+00:00,2016.23999,2016.68994,2013.83997,2015.73999
2023-05-16 01:00:00+00:00,2015.81995,2018.38,2014.88,2016.26001
2023-05-16 05:00:00+00:00,2016.14001,2017.79004,2002.82996,2010.23999
2023-05-16 09:00:00+00:00,2010.16003,2014.93994,2001.42004,2012.13
2023-05-16 13:00:00+00:00,2012.19995,2012.38,1987.59998,1987.59998
2023-05-16 17:00:00+00:00,1987.54004,1991.28003,1985.58997,1988.94995
2023-05-16 21:00:00+00:00,1988.94995,1993.079956,1988.14001,1992.13
2023-05-17 01:00:00+00:00,1992.099976,1993.050049,1989.93994,1991.57996
2023-05-17 05:00:00+00:00,1991.57996,1991.83997,1985.96997,1986.26001
2023-05-17 09:00:00+00:00,1986.17004,1988.93994,1981.89001,1984.92004
2023-05-17 13:00:00+00:00,1984.73999,1987.98999,1975.079956,1983.85999
2023-05-17 17:00:00+00:00,1983.83997,1984.58997,1980.45996,1981.59998
2023-05-17 21:00:00+00:00,1981.65002,1983.82996,1980.96997,1983.65002
2023-05-18 01:00:00+00:00,1983.51001,1986.089966,1979.64001,1979.88
2023-05-18 05:00:00+00:00,1979.94995,1981.56995,1972.31995,1975.38
2023-05-18 09:00:00+00:00,1975.43005,1978.92004,1966.34998,1967.069946
2023-05-18 13:00:00+00:00,1967.18994,1968.26001,1952.030029,1955.78003
2023-05-18 17:00:00+00:00,1955.73999,1958.95996,1954.01001,1957.57996
2023-05-18 21:00:00+00:00,1958.13,1959.85999,1957.26001,1957.76001
2023-05-19 01:00:00+00:00,1957.70996,1964.17004,1954.12,1962.57996
2023-05-19 05:00:00+00:00,1962.58997,1968.73999,1960.76001,1964.68005
2023-05-19 09:00:00+00:00,1964.68005,1968.23999,1960.38,1961.030029
2023-05-19 13:00:00+00:00,1960.88,1984.030029,1957.29004,1978.40002
2023-05-19 17:00:00+00:00,1978.41003,1983.30005,1974.40002,1977.80005
2023-05-22 05:00:00+00:00,1973.63,1980.81995,1971.33997,1980.70996
2023-05-22 09:00:00+00:00,1980.70996,1982.68005,1970.01001,1975.59998
2023-05-22 13:00:00+00:00,1975.53003,1978.64001,1969.040039,1974.60999
2023-05-22 17:00:00+00:00,1974.48999,1978.90002,1971.66003,1971.83997
2023-05-22 21:00:00+00:00,1972.030029,1972.69995,1966.98999,1967.45996
2023-05-23 01:00:00+00:00,1967.66003,1968.70996,1960.38,1963.46997
2023-05-23 05:00:00+00:00,1963.45996,1964.63,1954.34998,1959.92004
2023-05-23 09:00:00+00:00,1959.90002,1962.68994,1954.57996,1958.91003
2023-05-23 13:00:00+00:00,1959.43005,1974.70996,1959.21997,1973.17004
2023-05-23 17:00:00+00:00,1973.35999,1977.64001,1971.54004,1975.089966
2023-05-23 21:00:00+00:00,1974.75,1977.31995,1974.68994,1975.099976
2023-05-24 01:00:00+00:00,1975.099976,1978.76001,1972.89001,1977.68005
2023-05-24 05:00:00+00:00,1977.67004,1980.57996,1970.79004,1976.35999
2023-05-24 09:00:00+00:00,1976.41003,1985.28003,1974.01001,1979.96997
2023-05-24 13:00:00+00:00,1979.93994,1980.92004,1956.81006,1959.18005
2023-05-24 17:00:00+00:00,1959.15002,1965.34998,1957.15002,1957.32996
2023-05-24 21:00:00+00:00,1958.12,1961.83997,1957.48999,1959.56006
2023-05-25 01:00:00+00:00,1959.38,1960.26001,1955.12,1957.88
2023-05-25 05:00:00+00:00,1957.84998,1964.79004,1955.030029,1962.10999
2023-05-25 09:00:00+00:00,1962.079956,1964.030029,1939.51001,1943.76001
2023-05-25 13:00:00+00:00,1943.46997,1954.069946,1943.069946,1943.71997
2023-05-25 17:00:00+00:00,1943.67004,1945.050049,1938.93994,1940.84998
2023-05-25 21:00:00+00:00,1940.62,1943.26001,1936.84998,1940.95996
2023-05-26 01:00:00+00:00,1940.98999,1948.98999,1940.45996,1947.95996
2023-05-26 05:00:00+00:00,1948.030029,1957.31006,1947.089966,1952.66003
2023-05-26 09:00:00+00:00,1952.68994,1954.21997,1944.40002,1947.42004
2023-05-26 13:00:00+00:00,1947.43005,1951.81006,1938.84998,1944.13
2023-05-26 17:00:00+00:00,1944.16003,1947.69995,1943.12,1945.73999
2023-05-28 21:00:00+00:00,1943.17004,1946.39001,1941.079956,1941.59998
2023-05-29 01:00:00+00:00,1941.51001,1946.23999,1940.31006,1945.81995
2023-05-29 05:00:00+00:00,1945.85999,1948.98999,1940.93994,1945.34998
2023-05-29 09:00:00+00:00,1945.28003,1949.76001,1944.31995,1948.90002
2023-05-29 13:00:00+00:00,1948.85999,1949.68005,1943.21997,1943.63
2023-05-29 17:00:00+00:00,1943.62,1944.12,1942.87,1943.30005
2023-05-29 21:00:00+00:00,1943.65002,1944.34998,1941.13,1942.78003
2023-05-30 01:00:00+00:00,1942.79004,1946.68994,1938.050049,1938.98999
2023-05-30 05:00:00+00:00,1939.040039,1947.069946,1932.21997,1945.079956
2023-05-30 09:00:00+00:00,1944.98999,1962.37,1942.43994,1956.57996
2023-05-30 13:00:00+00:00,1956.41003,1963.54004,1951.12,1959.82996
2023-05-30 17:00:00+00:00,1959.81006,1960.85999,1957.81006,1959.34998
2023-05-30 21:00:00+00:00,1959.030029,1960.12,1957.51001,1959.63
2023-05-31 01:00:00+00:00,1959.71997,1960.51001,1953.78003,1960.15002
2023-05-31 05:00:00+00:00,1960.16003,1965.38,1955.32996,1955.40002
2023-05-31 09:00:00+00:00,1955.20996,1963.54004,1955.040039,1962.80005
2023-05-31 13:00:00+00:00,1962.63,1974.78003,1960.69995,1965.12
2023-05-31 17:00:00+00:00,1965.19995,1968.78003,1962.45996,1962.67004
2023-05-31 21:00:00+00:00,1962.84998,1967.44995,1962.80005,1965.98999
2023-06-01 01:00:00+00:00,1966.16003,1967.55005,1962.28003,1964.089966
2023-06-01 05:00:00+00:00,1963.94995,1965.85999,1953.39001,1955.98999
2023-06-01 09:00:00+00:00,1956.040039,1968.46997,1955.40002,1968.12
2023-06-01 13:00:00+00:00,1968.65002,1983.17004,1966.099976,1978.55005
2023-06-01 17:00:00+00:00,1978.38,1978.85999,1975.69995,1977.52002
2023-06-01 21:00:00+00:00,1976.98999,1977.58997,1975.59998,1975.87
2023-06-02 01:00:00+00:00,1975.87,1983.43994,1974.099976,1979.80005
2023-06-02 05:00:00+00:00,1979.81995,1982.01001,1975.13,1979.13
2023-06-02 09:00:00+00:00,1979.26001,1981.23999,1968.78003,1971.069946
2023-06-02 13:00:00+00:00,1971.15002,1976.68994,1952.31995,1952.33997
2023-06-02 17:00:00+00:00,1952.39001,1953.76001,1947.70996,1948.45996
2023-06-04 21:00:00+00:00,1947.44995,1950.23999,1945.76001,1946.51001
2023-06-05 01:00:00+00:00,1946.60999,1948.40002,1944.040039,1946.16003
2023-06-05 05:00:00+00:00,1946.01001,1946.68005,1938.62,1942.39001
2023-06-05 09:00:00+00:00,1942.40002,1946.060059,1938.16003,1943.030029
2023-06-05 13:00:00+00:00,1942.81995,1961.92004,1942.81995,1958.38
2023-06-05 17:00:00+00:00,1958.32996,1964.099976,1957.38,1961.89001
2023-06-05 21:00:00+00:00,1961.53003,1963.23999,1960.68005,1961.14001
2023-06-06 01:00:00+00:00,1961.15002,1964.58997,1959.099976,1961.26001
2023-06-06 05:00:00+00:00,1961.34998,1962.80005,1956.89001,1960.29004
2023-06-06 09:00:00+00:00,1960.29004,1966.32996,1959.92004,1961.93994
2023-06-06 13:00:00+00:00,1961.90002,1966.42004,1954.53003,1963.62
2023-06-06 17:00:00+00:00,1963.62,1966.13,1962.38,1963.38
2023-06-06 21:00:00+00:00,1963.65002,1965.18994,1962.83997,1964.93005
2023-06-07 01:00:00+00:00,1965.01001,1966.81006,1962.98999,1964.56006
2023-06-07 05:00:00+00:00,1964.56995,1965.099976,1955.069946,1961.58997
2023-06-07 09:00:00+00:00,1961.69995,1966.43005,1957.31995,1958.67004
2023-06-07 13:00:00+00:00,1958.68994,1970.28003,1940.95996,1942.26001
2023-06-07 17:00:00+00:00,1942.26001,1946.63,1939.98999,1940.01001
2023-06-07 21:00:00+00:00,1940.030029,1946.35999,1940.01001,1946.26001
2023-06-08 01:00:00+00:00,1946.32996,1947.42004,1944.54004,1946.62
2023-06-08 05:00:00+00:00,1946.63,1949.19995,1942.81995,1948.38
2023-06-08 09:00:00+00:00,1948.34998,1959.98999,1944.96997,1959.33997
2023-06-08 13:00:00+00:00,1959.39001,1970.43005,1957.18994,1966.40002
2023-06-08 17:00:00+00:00,1966.18005,1966.73999,1961.80005,1965.62
2023-06-08 21:00:00+00:00,1965.90002,1966.43994,1963.39001,1963.40002
2023-06-09 01:00:00+00:00,1963.38,1965.76001,1962.43005,1963.18005
2023-06-09 05:00:00+00:00,1963.099976,1966.15002,1960.68005,1962.29004
2023-06-09 09:00:00+00:00,1962.19995,1973.099976,1961.71997,1963.01001
2023-06-09 13:00:00+00:00,1963.079956,1968.089966,1956.68005,1961.32996
2023-06-09 17:00:00+00:00,1961.23999,1962.90002,1959.69995,1960.96997
2023-06-11 21:00:00+00:00,1959.80005,1960.62,1958.040039,1958.45996
2023-06-12 01:00:00+00:00,1958.55005,1959.62,1954.35999,1957.089966
2023-06-12 05:00:00+00:00,1957.040039,1965.48999,1956.65002,1964.93994
2023-06-12 09:00:00+00:00,1964.91003,1967.060059,1961.13,1962.95996
2023-06-12 13:00:00+00:00,1962.88,1964.12,1949.33997,1954.23999
2023-06-12 17:00:00+00:00,1954.23999,1958.78003,1953.26001,1957.55005
2023-06-12 21:00:00+00:00,1957.34998,1961.030029,1956.94995,1958.01001
2023-06-13 01:00:00+00:00,1958.01001,1962.26001,1955.98999,1961.01001
2023-06-13 05:00:00+00:00,1960.98999,1965.43005,1958.34998,1964.31006
2023-06-13 09:00:00+00:00,1964.34998,1970.68994,1951.31995,1961.31995
2023-06-13 13:00:00+00:00,1961.38,1965.94995,1942.13,1945.030029
2023-06-13 17:00:00+00:00,1945.040039,1946.69995,1940.12,1943.59998
2023-06-13 21:00:00+00:00,1943.44995,1945.73999,1942.27002,1944.55005
2023-06-14 01:00:00+00:00,1944.54004,1949.56006,1944.18005,1948.88
2023-06-14 05:00:00+00:00,1948.87,1951.57996,1945.33997,1949.89001
2023-06-14 09:00:00+00:00,1949.88,1960.29004,1945.81995,1957.18005
2023-06-14 13:00:00+00:00,1957.060059,1959.31995,1954.98999,1955.030029
2023-06-14 17:00:00+00:00,1955.15002,1955.81995,1939.78003,1941.93005
2023-06-14 21:00:00+00:00,1942.0,1945.42004,1936.32996,1939.38
2023-06-15 01:00:00+00:00,1939.28003,1939.30005,1932.55005,1934.54004
2023-06-15 05:00:00+00:00,1934.38,1939.82996,1928.98999,1931.68005
2023-06-15 09:00:00+00:00,1931.73999,1936.85999,1925.35999,1933.34998
2023-06-15 13:00:00+00:00,1933.48999,1960.23999,1933.35999,1959.55005
2023-06-15 17:00:00+00:00,1959.38,1960.30005,1956.98999,1958.069946
2023-06-15 21:00:00+00:00,1957.34998,1959.46997,1956.67004,1956.94995
2023-06-16 01:00:00+00:00,1956.96997,1962.089966,1955.01001,1955.55005
2023-06-16 05:00:00+00:00,1955.51001,1964.050049,1954.73999,1963.18994
2023-06-16 09:00:00+00:00,1963.23999,1967.95996,1962.48999,1962.68994
2023-06-16 13:00:00+00:00,1962.69995,1965.91003,1953.42004,1955.32996
2023-06-16 17:00:00+00:00,1955.28003,1959.81006,1955.21997,1958.13
2023-06-18 21:00:00+00:00,1958.60999,1958.79004,1956.26001,1956.81995
2023-06-19 01:00:00+00:00,1956.54004,1958.35999,1954.040039,1957.10999
2023-06-19 05:00:00+00:00,1957.18005,1958.81006,1952.80005,1956.51001
2023-06-19 09:00:00+00:00,1956.51001,1956.68005,1947.93005,1952.23999
2023-06-19 13:00:00+00:00,1952.12,1953.54004,1950.060059,1950.30005
2023-06-19 17:00:00+00:00,1950.30005,1950.67004,1949.51001,1950.31006
2023-06-19 21:00:00+00:00,1950.94995,1954.28003,1950.62,1951.13
2023-06-20 01:00:00+00:00,1950.98999,1951.90002,1945.13,1949.93005
2023-06-20 05:00:00+00:00,1949.93994,1956.84998,1946.98999,1953.33997
2023-06-20 09:00:00+00:00,1953.40002,1954.56995,1944.37,1944.80005
2023-06-20 13:00:00+00:00,1944.80005,1945.30005,1929.81006,1937.63
2023-06-20 17:00:00+00:00,1937.51001,1938.60999,1935.51001,1936.34998
2023-06-20 21:00:00+00:00,1936.56995,1938.92004,1936.33997,1936.92004
2023-06-21 01:00:00+00:00,1936.78003,1939.57996,1935.54004,1935.88
2023-06-21 05:00:00+00:00,1935.89001,1937.42004,1931.35999,1934.68005
2023-06-21 09:00:00+00:00,1934.68994,1935.93005,1925.98999,1929.95996
2023-06-21 13:00:00+00:00,1929.90002,1934.56995,1919.43994,1933.38
2023-06-21 17:00:00+00:00,1933.31995,1937.68005,1931.95996,1932.73999
2023-06-21 21:00:00+00:00,1932.80005,1935.050049,1932.39001,1932.39001
2023-06-22 01:00:00+00:00,1932.31006,1934.35999,1929.83997,1929.87
2023-06-22 05:00:00+00:00,1929.84998,1931.48999,1924.96997,1927.41003
2023-06-22 09:00:00+00:00,1927.40002,1931.01001,1923.55005,1923.57996
2023-06-22 13:00:00+00:00,1923.53003,1927.41003,1912.88,1915.48999
2023-06-22 17:00:00+00:00,1915.58997,1916.82996,1912.48999,1913.80005
2023-06-22 21:00:00+00:00,1914.099976,1916.10999,1913.40002,1915.69995
2023-06-23 01:00:00+00:00,1915.51001,1917.28003,1910.31006,1916.59998
2023-06-23 05:00:00+00:00,1916.62,1920.12,1913.040039,1917.73999
2023-06-23 09:00:00+00:00,1917.73999,1929.73999,1916.63,1928.90002
2023-06-23 13:00:00+00:00,1929.17004,1937.060059,1917.98999,1918.70996
2023-06-23 17:00:00+00:00,1918.71997,1921.73999,1918.55005,1921.46997
2023-06-25 21:00:00+00:00,1923.030029,1927.050049,1922.78003,1926.46997
2023-06-26 01:00:00+00:00,1926.43005,1928.58997,1924.20996,1925.089966
2023-06-26 05:00:00+00:00,1925.060059,1933.33997,1922.26001,1931.88
2023-06-26 09:00:00+00:00,1931.87,1933.42004,1929.39001,1931.58997
2023-06-26 13:00:00+00:00,1931.56995,1931.65002,1921.62,1923.80005
2023-06-26 17:00:00+00:00,1923.81006,1925.31006,1922.40002,1923.17004
2023-06-26 21:00:00+00:00,1923.37,1924.84998,1921.41003,1922.81006
2023-06-27 01:00:00+00:00,1922.82996,1930.43994,1922.71997,1928.48999
2023-06-27 05:00:00+00:00,1928.48999,1929.81995,1924.28003,1925.65002
2023-06-27 09:00:00+00:00,1925.69995,1930.46997,1919.80005,1926.20996
2023-06-27 13:00:00+00:00,1926.31995,1930.78003,1911.54004,1914.70996
2023-06-27 17:00:00+00:00,1914.70996,1915.93005,1911.089966,1913.64001
2023-06-27 21:00:00+00:00,1914.30005,1917.20996,1914.17004,1916.23999
2023-06-28 01:00:00+00:00,1916.23999,1916.89001,1913.48999,1915.26001
2023-06-28 05:00:00+00:00,1915.28003,1916.81995,1908.31995,1909.84998
2023-06-28 09:00:00+00:00,1910.19995,1911.96997,1905.64001,1907.15002
2023-06-28 13:00:00+00:00,1907.01001,1913.31995,1902.91003,1912.19995
2023-06-28 17:00:00+00:00,1912.32996,1913.43994,1906.82996,1907.40002
2023-06-28 21:00:00+00:00,1907.71997,1910.73999,1907.40002,1910.069946
2023-06-29 01:00:00+00:00,1910.040039,1912.84998,1902.88,1905.45996
2023-06-29 05:00:00+00:00,1905.45996,1908.089966,1902.59998,1906.18994
2023-06-29 09:00:00+00:00,1906.19995,1912.21997,1895.58997,1896.16003
2023-06-29 13:00:00+00:00,1896.23999,1913.12,1893.040039,1910.30005
2023-06-29 17:00:00+00:00,1910.31995,1910.83997,1906.26001,1908.28003
2023-06-29 21:00:00+00:00,1908.69995,1909.29004,1907.13,1908.83997
2023-06-30 01:00:00+00:00,1908.76001,1909.81995,1906.96997,1908.31006
2023-06-30 05:00:00+00:00,1908.42004,1909.94995,1900.64001,1902.01001
2023-06-30 09:00:00+00:00,1902.26001,1913.76001,1901.60999,1911.21997
2023-06-30 13:00:00+00:00,1911.10999,1920.59998,1909.78003,1920.069946
2023-06-30 17:00:00+00:00,1920.099976,1922.79004,1917.88,1919.62
2023-07-02 21:00:00+00:00,1918.68005,1919.69995,1916.84998,1917.23999
2023-07-03 01:00:00+00:00,1917.16003,1920.17004,1914.70996,1920.060059
2023-07-03 05:00:00+00:00,1920.079956,1920.63,1910.21997,1912.060059
2023-07-03 09:00:00+00:00,1912.099976,1922.060059,1911.69995,1921.95996
2023-07-03 13:00:00+00:00,1921.90002,1931.14001,1919.54004,1921.83997
2023-07-03 17:00:00+00:00,1922.060059,1922.16003,1920.65002,1921.57996
2023-07-03 21:00:00+00:00,1921.44995,1922.20996,1920.040039,1921.32996
2023-07-04 01:00:00+00:00,1921.31006,1924.53003,1920.12,1924.21997
2023-07-04 05:00:00+00:00,1924.30005,1928.84998,1923.38,1928.60999
2023-07-04 09:00:00+00:00,1928.64001,1930.76001,1926.31995,1926.87
2023-07-04 13:00:00+00:00,1926.87,1929.62,1924.18994,1924.30005
2023-07-04 17:00:00+00:00,1924.29004,1926.18005,1924.069946,1926.0
2023-07-04 21:00:00+00:00,1925.56006,1927.26001,1924.91003,1926.81006
2023-07-05 01:00:00+00:00,1926.81006,1926.88,1923.26001,1925.64001
2023-07-05 05:00:00+00:00,1925.65002,1928.13,1920.92004,1927.01001
2023-07-05 09:00:00+00:00,1927.030029,1930.14001,1925.19995,1929.41003
2023-07-05 13:00:00+00:00,1929.46997,1935.099976,1919.10999,1921.60999
2023-07-05 17:00:00+00:00,1921.59998,1921.59998,1914.83997,1915.18005
2023-07-05 21:00:00+00:00,1915.26001,1918.069946,1915.26001,1917.38
2023-07-06 01:00:00+00:00,1917.51001,1919.80005,1916.43994,1917.98999
2023-07-06 05:00:00+00:00,1917.98999,1921.54004,1916.32996,1918.18994
2023-07-06 09:00:00+00:00,1918.15002,1927.65002,1902.71997,1906.48999
2023-07-06 13:00:00+00:00,1906.34998,1914.80005,1902.85999,1909.89001
2023-07-06 17:00:00+00:00,1909.94995,1911.95996,1908.93994,1910.88
2023-07-06 21:00:00+00:00,1910.85999,1912.53003,1909.62,1910.73999
2023-07-07 01:00:00+00:00,1910.65002,1912.39001,1909.92004,1912.19995
2023-07-07 05:00:00+00:00,1912.18994,1916.53003,1911.93005,1915.67004
2023-07-07 09:00:00+00:00,1915.70996,1928.099976,1914.30005,1918.88
2023-07-07 13:00:00+00:00,1918.65002,1934.76001,1915.64001,1927.01001
2023-07-07 17:00:00+00:00,1927.01001,1928.069946,1924.31006,1925.30005
2023-07-09 21:00:00+00:00,1925.31995,1928.17004,1922.84998,1924.26001
2023-07-10 01:00:00+00:00,1924.33997,1927.01001,1920.95996,1921.31995
2023-07-10 05:00:00+00:00,1921.31995,1925.73999,1919.43005,1925.20996
2023-07-10 09:00:00+00:00,1925.21997,1926.28003,1912.68994,1914.12
2023-07-10 13:00:00+00:00,1914.10999,1926.030029,1914.079956,1925.62
2023-07-10 17:00:00+00:00,1925.60999,1926.88,1924.88,1925.31995
2023-07-10 21:00:00+00:00,1925.44995,1927.23999,1924.39001,1926.43005
2023-07-11 01:00:00+00:00,1926.43005,1929.44995,1924.88,1929.41003
2023-07-11 05:00:00+00:00,1929.41003,1938.34998,1928.18005,1936.68994
2023-07-11 09:00:00+00:00,1936.90002,1938.42004,1929.68994,1931.98999
2023-07-11 13:00:00+00:00,1931.93994,1935.41003,1929.48999,1932.32996
2023-07-11 17:00:00+00:00,1932.39001,1932.60999,1930.58997,1932.16003
2023-07-11 21:00:00+00:00,1932.32996,1936.32996,1932.28003,1935.81006
2023-07-12 01:00:00+00:00,1935.83997,1941.030029,1935.73999,1939.01001
2023-07-12 05:00:00+00:00,1939.01001,1940.26001,1933.82996,1934.84998
2023-07-12 09:00:00+00:00,1934.85999,1950.13,1933.59998,1943.31006
2023-07-12 13:00:00+00:00,1943.29004,1959.53003,1941.18994,1959.30005
2023-07-12 17:00:00+00:00,1959.23999,1959.68005,1955.79004,1957.45996
2023-07-12 21:00:00+00:00,1957.28003,1959.01001,1956.63,1957.10999
2023-07-13 01:00:00+00:00,1957.089966,1962.37,1956.48999,1957.28003
2023-07-13 05:00:00+00:00,1957.33997,1963.38,1955.35999,1961.030029
2023-07-13 09:00:00+00:00,1960.94995,1963.66003,1952.56006,1957.60999
2023-07-13 13:00:00+00:00,1957.57996,1961.88,1954.82996,1958.93994
2023-07-13 17:00:00+00:00,1958.87,1960.83997,1957.68005,1960.48999
2023-07-13 21:00:00+00:00,1960.39001,1961.93005,1958.45996,1959.45996
2023-07-14 01:00:00+00:00,1959.42004,1963.90002,1958.54004,1960.41003
2023-07-14 05:00:00+00:00,1960.40002,1961.38,1954.42004,1956.14001
2023-07-14 09:00:00+00:00,1956.23999,1962.70996,1955.28003,1957.56995
2023-07-14 13:00:00+00:00,1957.51001,1961.96997,1951.01001,1959.040039
2023-07-14 17:00:00+00:00,1959.060059,1961.089966,1954.33997,1955.46997
2023-07-16 21:00:00+00:00,1955.12,1955.13,1951.51001,1954.69995
2023-07-17 01:00:00+00:00,1954.96997,1955.98999,1951.17004,1953.67004
2023-07-17 05:00:00+00:00,1953.65002,1957.48999,1950.70996,1955.89001
2023-07-17 09:00:00+00:00,1955.98999,1959.87,1948.19995,1948.68005
2023-07-17 13:00:00+00:00,1948.80005,1955.68994,1945.84998,1954.58997
2023-07-17 17:00:00+00:00,1954.56006,1956.45996,1952.51001,1954.93994
2023-07-17 21:00:00+00:00,1954.69995,1956.85999,1954.68005,1955.44995
2023-07-18 01:00:00+00:00,1955.51001,1961.16003,1955.21997,1960.01001
2023-07-18 05:00:00+00:00,1959.98999,1964.18005,1957.85999,1961.73999
2023-07-18 09:00:00+00:00,1961.78003,1972.28003,1960.83997,1968.70996
2023-07-18 13:00:00+00:00,1968.87,1984.39001,1963.90002,1977.96997
2023-07-18 17:00:00+00:00,1977.76001,1979.01001,1975.12,1978.78003
2023-07-18 21:00:00+00:00,1978.96997,1979.28003,1976.62,1978.44995
2023-07-19 01:00:00+00:00,1978.51001,1978.54004,1974.16003,1974.91003
2023-07-19 05:00:00+00:00,1974.81995,1981.01001,1973.079956,1977.60999
2023-07-19 09:00:00+00:00,1977.56995,1979.48999,1971.67004,1977.60999
2023-07-19 13:00:00+00:00,1977.62,1979.90002,1969.84998,1977.55005
2023-07-19 17:00:00+00:00,1977.48999,1978.93005,1976.21997,1976.96997
2023-07-19 21:00:00+00:00,1975.91003,1979.38,1975.59998,1979.12
2023-07-20 01:00:00+00:00,1979.050049,1987.51001,1979.050049,1984.68005
2023-07-20 05:00:00+00:00,1984.68994,1984.80005,1977.92004,1981.60999
2023-07-20 09:00:00+00:00,1981.62,1983.26001,1972.51001,1974.069946
2023-07-20 13:00:00+00:00,1974.089966,1980.10999,1965.39001,1968.040039
2023-07-20 17:00:00+00:00,1968.069946,1971.56006,1968.069946,1969.48999
2023-07-20 21:00:00+00:00,1970.31006,1973.42004,1970.12,1972.94995
2023-07-21 01:00:00+00:00,1972.96997,1973.85999,1969.13,1970.030029
2023-07-21 05:00:00+00:00,1970.060059,1972.30005,1961.26001,1961.56995
2023-07-21 09:00:00+00:00,1961.57996,1968.13,1961.12,1963.20996
2023-07-21 13:00:00+00:00,1963.17004,1965.069946,1956.87,1963.55005
2023-07-21 17:00:00+00:00,1963.56006,1964.90002,1961.55005,1961.95996
2023-07-23 21:00:00+00:00,1962.32996,1962.96997,1959.98999,1961.87
2023-07-24 01:00:00+00:00,1961.88,1962.64001,1959.10999,1960.69995
2023-07-24 05:00:00+00:00,1960.71997,1965.73999,1957.96997,1959.71997
2023-07-24 09:00:00+00:00,1959.73999,1967.95996,1959.56006,1967.42004
2023-07-24 13:00:00+00:00,1967.53003,1967.55005,1957.31006,1959.98999
2023-07-24 17:00:00+00:00,1959.96997,1960.81006,1953.53003,1954.90002
2023-07-24 21:00:00+00:00,1955.37,1955.68005,1953.29004,1955.42004
2023-07-25 01:00:00+00:00,1955.44995,1963.63,1955.44995,1960.63
2023-07-25 05:00:00+00:00,1960.59998,1963.98999,1959.44995,1962.93005
2023-07-25 09:00:00+00:00,1963.060059,1963.67004,1953.26001,1959.57996
2023-07-25 13:00:00+00:00,1959.48999,1965.63,1952.089966,1962.48999
2023-07-25 17:00:00+00:00,1962.43994,1965.31006,1961.39001,1964.98999
2023-07-25 21:00:00+00:00,1965.21997,1966.35999,1964.17004,1964.98999
2023-07-26 01:00:00+00:00,1964.93994,1965.68005,1962.069946,1963.23999
2023-07-26 05:00:00+00:00,1963.15002,1972.57996,1962.48999,1972.15002
2023-07-26 09:00:00+00:00,1972.31006,1974.23999,1969.69995,1972.37
2023-07-26 13:00:00+00:00,1972.38,1975.089966,1964.030029,1970.39001
2023-07-26 17:00:00+00:00,1970.29004,1978.34998,1966.37,1972.12
2023-07-26 21:00:00+00:00,1971.58997,1974.80005,1971.16003,1972.48999
2023-07-27 01:00:00+00:00,1972.32996,1982.12,1972.32996,1976.88
2023-07-27 05:00:00+00:00,1976.81995,1982.15002,1974.14001,1975.92004
2023-07-27 09:00:00+00:00,1975.93994,1979.14001,1958.01001,1960.37
2023-07-27 13:00:00+00:00,1960.21997,1960.37,1942.64001,1944.34998
2023-07-27 17:00:00+00:00,1944.37,1949.63,1943.43005,1945.62
2023-07-27 21:00:00+00:00,1946.40002,1948.12,1945.51001,1947.030029
2023-07-28 01:00:00+00:00,1946.98999,1956.81006,1946.65002,1952.060059
2023-07-28 05:00:00+00:00,1951.93005,1953.62,1948.01001,1949.60999
2023-07-28 09:00:00+00:00,1949.68994,1961.28003,1948.43994,1955.60999
2023-07-28 13:00:00+00:00,1955.48999,1963.31006,1952.33997,1961.23999
2023-07-28 17:00:00+00:00,1959.66003,1961.030029,1957.60999,1959.19995
2023-07-30 21:00:00+00:00,1959.89001,1960.68005,1956.45996,1958.32996
2023-07-31 01:00:00+00:00,1958.28003,1958.64001,1953.54004,1954.45996
2023-07-31 05:00:00+00:00,1954.46997,1957.28003,1951.51001,1953.62
2023-07-31 09:00:00+00:00,1953.60999,1967.099976,1953.38,1965.51001
2023-07-31 13:00:00+00:00,1965.60999,1972.38,1962.92004,1970.98999
2023-07-31 17:00:00+00:00,1971.01001,1972.10999,1964.29004,1965.55005
2023-07-31 21:00:00+00:00,1965.62,1966.050049,1963.089966,1963.44995
2023-08-01 01:00:00+00:00,1963.46997,1964.01001,1959.01001,1959.71997
2023-08-01 05:00:00+00:00,1959.73999,1960.29004,1954.54004,1955.91003
2023-08-01 09:00:00+00:00,1955.82996,1957.76001,1946.079956,1946.88
2023-08-01 13:00:00+00:00,1946.89001,1953.89001,1941.54004,1943.20996
2023-08-01 17:00:00+00:00,1943.14001,1945.62,1941.29004,1944.17004
2023-08-01 21:00:00+00:00,1949.099976,1952.93005,1948.43994,1949.31995
2023-08-02 01:00:00+00:00,1949.35999,1949.93994,1945.37,1946.44995
2023-08-02 05:00:00+00:00,1946.43005,1951.84998,1946.43005,1949.93994
2023-08-02 09:00:00+00:00,1949.94995,1954.82996,1943.93994,1945.62
2023-08-02 13:00:00+00:00,1945.71997,1947.70996,1933.14001,1935.71997
2023-08-02 17:00:00+00:00,1935.73999,1939.13,1934.48999,1934.89001
2023-08-02 21:00:00+00:00,1934.81006,1937.079956,1934.77002,1935.60999
2023-08-03 01:00:00+00:00,1935.59998,1938.96997,1933.98999,1934.18005
2023-08-03 05:00:00+00:00,1934.18994,1938.46997,1930.96997,1937.88
2023-08-03 09:00:00+00:00,1937.88,1938.40002,1929.70996,1932.88
2023-08-03 13:00:00+00:00,1932.94995,1938.81995,1930.48999,1935.71997
2023-08-03 17:00:00+00:00,1935.62,1935.95996,1932.57996,1934.16003
2023-08-03 21:00:00+00:00,1934.31006,1937.12,1934.22998,1936.81995
2023-08-04 01:00:00+00:00,1936.82996,1938.050049,1933.20996,1934.60999
2023-08-04 05:00:00+00:00,1934.63,1937.53003,1932.18994,1932.43005
2023-08-04 09:00:00+00:00,1932.55005,1942.78003,1925.27002,1939.040039
2023-08-04 13:00:00+00:00,1939.10999,1946.77002,1937.62,1941.84998
2023-08-04 17:00:00+00:00,1941.88,1943.35999,1939.88,1942.90002
2023-08-06 21:00:00+00:00,1942.5,1946.78003,1942.10999,1944.37
2023-08-07 01:00:00+00:00,1944.17004,1944.33997,1937.54004,1938.92004
2023-08-07 05:00:00+00:00,1938.88,1939.060059,1934.51001,1936.26001
2023-08-07 09:00:00+00:00,1936.26001,1938.30005,1933.43994,1938.12
2023-08-07 13:00:00+00:00,1938.099976,1941.68994,1931.48999,1934.39001
2023-08-07 17:00:00+00:00,1934.40002,1937.68994,1934.16003,1936.62
2023-08-07 21:00:00+00:00,1936.47998,1938.12,1935.23999,1935.80005
2023-08-08 01:00:00+00:00,1935.71997,1935.81006,1931.19995,1934.48999
2023-08-08 05:00:00+00:00,1934.58997,1934.92004,1930.29004,1934.37
2023-08-08 09:00:00+00:00,1935.17004,1935.68994,1924.91003,1925.43994
2023-08-08 13:00:00+00:00,1925.31006,1932.060059,1922.83997,1926.48999
2023-08-08 17:00:00+00:00,1925.53003,1926.73999,1923.93994,1925.18005
2023-08-08 21:00:00+00:00,1925.15002,1926.56006,1924.64001,1925.10999
2023-08-09 01:00:00+00:00,1925.050049,1931.14001,1924.28003,1930.35999
2023-08-09 05:00:00+00:00,1930.40002,1932.42004,1927.54004,1927.76001
2023-08-09 09:00:00+00:00,1928.030029,1928.40002,1922.56995,1924.01001
2023-08-09 13:00:00+00:00,1924.93005,1927.60999,1915.65002,1916.37
2023-08-09 17:00:00+00:00,1917.38,1918.01001,1914.089966,1914.72998
2023-08-09 21:00:00+00:00,1915.030029,1917.46997,1914.63,1917.01001
2023-08-10 01:00:00+00:00,1917.060059,1919.19995,1915.37,1916.82996
2023-08-10 05:00:00+00:00,1916.79004,1921.26001,1915.60999,1919.45996
2023-08-10 09:00:00+00:00,1919.56006,1930.18005,1919.20996,1926.29004
2023-08-10 13:00:00+00:00,1926.21997,1927.29004,1912.95996,1920.21997
2023-08-10 17:00:00+00:00,1920.56995,1921.01001,1912.22998,1912.35999
2023-08-10 21:00:00+00:00,1912.76001,1915.23999,1910.91003,1914.73999
2023-08-11 01:00:00+00:00,1914.69995,1915.96997,1912.68005,1913.48999
2023-08-11 05:00:00+00:00,1913.51001,1919.43005,1912.82996,1918.98999
2023-08-11 09:00:00+00:00,1919.069946,1920.95996,1913.20996,1915.12
2023-08-11 13:00:00+00:00,1916.17004,1920.95996,1913.01001,1914.43005
2023-08-11 17:00:00+00:00,1914.38,1915.53003,1912.26001,1913.88
2023-08-13 21:00:00+00:00,1913.31006,1915.27002,1910.73999,1911.040039
2023-08-14 01:00:00+00:00,1911.040039,1913.68994,1910.26001,1912.44995
2023-08-14 05:00:00+00:00,1912.48999,1916.079956,1910.69995,1914.32996
2023-08-14 09:00:00+00:00,1914.34998,1915.069946,1906.089966,1910.40002
2023-08-14 13:00:00+00:00,1910.35999,1913.02002,1903.040039,1912.10999
2023-08-14 17:00:00+00:00,1911.89001,1913.20996,1907.18994,1907.51001
2023-08-14 21:00:00+00:00,1907.46997,1908.20996,1905.030029,1907.23999
2023-08-15 01:00:00+00:00,1907.26001,1908.19995,1903.88,1906.64001
2023-08-15 05:00:00+00:00,1906.66003,1907.56995,1903.26001,1903.98999
2023-08-15 09:00:00+00:00,1904.38,1905.88,1896.51001,1903.54004
2023-08-15 13:00:00+00:00,1903.53003,1911.68994,1900.16003,1903.69995
2023-08-15 17:00:00+00:00,1903.68994,1905.55005,1901.39001,1901.76001
2023-08-15 21:00:00+00:00,1901.66003,1902.59998,1900.38,1902.31006
2023-08-16 01:00:00+00:00,1902.29004,1905.35999,1900.57996,1904.079956
2023-08-16 05:00:00+00:00,1904.17004,1906.60999,1902.90002,1905.43005
2023-08-16 09:00:00+00:00,1905.39001,1907.21997,1900.38,1900.82996
2023-08-16 13:00:00+00:00,1900.81995,1906.51001,1898.85999,1899.54004
2023-08-16 17:00:00+00:00,1899.46997,1899.69995,1891.84998,1891.93005
2023-08-16 21:00:00+00:00,1892.18005,1895.079956,1891.12,1892.83997
2023-08-17 01:00:00+00:00,1892.89001,1894.01001,1889.71997,1893.80005
2023-08-17 05:00:00+00:00,1893.83997,1897.63,1892.16003,1894.030029
2023-08-17 09:00:00+00:00,1894.040039,1902.53003,1893.70996,1899.60999
2023-08-17 13:00:00+00:00,1899.48999,1903.48999,1887.85999,1888.42004
2023-08-17 17:00:00+00:00,1888.41003,1890.16003,1885.12,1889.37
2023-08-17 21:00:00+00:00,1889.44995,1893.93994,1889.10999,1893.33997
2023-08-18 01:00:00+00:00,1893.42004,1895.19995,1891.19995,1892.29004
2023-08-18 05:00:00+00:00,1892.29004,1894.16003,1891.44995,1892.079956
2023-08-18 09:00:00+00:00,1892.12,1895.57996,1888.76001,1890.28003
2023-08-18 13:00:00+00:00,1890.23999,1896.87,1888.72998,1889.56006
2023-08-18 17:00:00+00:00,1889.62,1890.44995,1886.83997,1889.42004
2023-08-20 21:00:00+00:00,1889.58997,1891.19995,1888.85999,1889.98999
2023-08-21 01:00:00+00:00,1890.040039,1893.78003,1884.87,1892.56006
2023-08-21 05:00:00+00:00,1892.57996,1894.17004,1887.45996,1888.73999
2023-08-21 09:00:00+00:00,1888.80005,1897.68005,1886.90002,1897.23999
2023-08-21 13:00:00+00:00,1897.21997,1898.76001,1885.34998,1892.64001
2023-08-21 17:00:00+00:00,1892.82996,1895.41003,1892.56995,1894.76001
2023-08-21 21:00:00+00:00,1894.78003,1896.12,1893.76001,1895.58997
2023-08-22 01:00:00+00:00,1895.56006,1897.37,1893.92004,1894.079956
2023-08-22 05:00:00+00:00,1894.01001,1902.41003,1894.01001,1900.050049
2023-08-22 09:00:00+00:00,1900.030029,1904.48999,1896.37,1897.41003
2023-08-22 13:00:00+00:00,1897.53003,1899.18005,1889.17004,1897.40002
2023-08-22 17:00:00+00:00,1897.39001,1898.44995,1896.39001,1897.41003
2023-08-22 21:00:00+00:00,1897.55005,1900.41003,1897.38,1899.069946
2023-08-23 01:00:00+00:00,1899.079956,1903.44995,1898.83997,1903.39001
2023-08-23 05:00:00+00:00,1903.41003,1905.46997,1901.76001,1903.84998
2023-08-23 09:00:00+00:00,1903.80005,1908.63,1901.38,1903.88
2023-08-23 13:00:00+00:00,1903.88,1920.42004,1903.069946,1919.88
2023-08-23 17:00:00+00:00,1919.87,1919.89001,1914.48999,1915.44995
2023-08-23 21:00:00+00:00,1915.45996,1919.39001,1915.16003,1918.71997
2023-08-24 01:00:00+00:00,1918.48999,1922.31995,1917.51001,1921.14001
2023-08-24 05:00:00+00:00,1921.20996,1922.89001,1919.59998,1920.27002
2023-08-24 09:00:00+00:00,1920.26001,1921.079956,1911.84998,1915.089966
2023-08-24 13:00:00+00:00,1915.19995,1923.38,1911.91003,1918.29004
2023-08-24 17:00:00+00:00,1918.45996,1919.70996,1916.30005,1916.71997
2023-08-24 21:00:00+00:00,1916.98999,1917.33997,1915.16003,1915.62
2023-08-25 01:00:00+00:00,1915.62,1917.62,1913.16003,1913.81995
2023-08-25 05:00:00+00:00,1913.83997,1916.16003,1912.79004,1915.37
2023-08-25 09:00:00+00:00,1915.40002,1920.26001,1915.16003,1917.34998
2023-08-25 13:00:00+00:00,1917.19995,1922.43005,1903.85999,1910.01001
2023-08-25 17:00:00+00:00,1910.069946,1915.37,1909.90002,1914.59998
2023-08-27 21:00:00+00:00,1915.28003,1916.66003,1914.31006,1915.81995
2023-08-28 01:00:00+00:00,1915.63,1917.44995,1914.66003,1915.56006
2023-08-28 05:00:00+00:00,1915.59998,1917.83997,1913.54004,1914.68994
2023-08-28 09:00:00+00:00,1914.68005,1917.39001,1913.35999,1917.18005
2023-08-28 13:00:00+00:00,1917.030029,1926.14001,1912.84998,1920.81006
2023-08-28 17:00:00+00:00,1920.78003,1920.93994,1916.88,1920.26001
2023-08-28 21:00:00+00:00,1920.12,1922.14001,1919.93005,1921.69995
2023-08-29 01:00:00+00:00,1921.68005,1925.93005,1921.34998,1923.92004
2023-08-29 05:00:00+00:00,1924.030029,1925.63,1921.62,1922.96997
2023-08-29 09:00:00+00:00,1922.89001,1924.54004,1914.44995,1917.079956
2023-08-29 13:00:00+00:00,1917.10999,1937.77002,1916.79004,1936.30005
2023-08-29 17:00:00+00:00,1936.31995,1938.26001,1935.18994,1937.34998
2023-08-29 21:00:00+00:00,1937.48999,1937.81995,1936.01001,1936.88
2023-08-30 01:00:00+00:00,1936.89001,1937.56995,1935.43005,1936.18005
2023-08-30 05:00:00+00:00,1936.089966,1937.01001,1935.01001,1936.67004
2023-08-30 09:00:00+00:00,1936.68005,1945.68994,1936.01001,1945.18005
2023-08-30 13:00:00+00:00,1944.95996,1949.050049,1942.98999,1944.95996
2023-08-30 17:00:00+00:00,1944.93005,1945.76001,1942.17004,1942.41003
2023-08-30 21:00:00+00:00,1942.88,1945.62,1942.88,1945.45996
2023-08-31 01:00:00+00:00,1945.56995,1947.85999,1944.81995,1945.82996
2023-08-31 05:00:00+00:00,1945.85999,1946.38,1943.33997,1944.40002
2023-08-31 09:00:00+00:00,1944.35999,1947.94995,1943.15002,1945.83997
2023-08-31 13:00:00+00:00,1945.94995,1946.39001,1939.14001,1941.77002
2023-08-31 17:00:00+00:00,1941.76001,1942.17004,1939.16003,1940.12
2023-08-31 21:00:00+00:00,1940.19995,1940.34998,1938.73999,1939.40002
2023-09-01 01:00:00+00:00,1939.37,1944.12,1938.30005,1940.089966
2023-09-01 05:00:00+00:00,1940.079956,1943.81995,1938.51001,1943.01001
2023-09-01 09:00:00+00:00,1942.97998,1952.98999,1942.96997,1950.01001
2023-09-01 13:00:00+00:00,1950.0,1951.51001,1934.52002,1938.20996
2023-09-01 17:00:00+00:00,1938.20996,1941.63,1937.34998,1940.28003
2023-09-03 21:00:00+00:00,1940.41003,1941.81006,1939.48999,1940.95996
2023-09-04 01:00:00+00:00,1940.94995,1946.15002,1940.46997,1945.099976
2023-09-04 05:00:00+00:00,1945.10999,1946.35999,1942.73999,1943.96997
2023-09-04 09:00:00+00:00,1943.96997,1944.31995,1939.91003,1940.030029
2023-09-04 13:00:00+00:00,1939.95996,1940.28003,1936.79004,1938.38
2023-09-04 17:00:00+00:00,1938.42004,1938.93005,1938.02002,1938.34998
2023-09-04 21:00:00+00:00,1938.66003,1938.90002,1937.030029,1937.91003
2023-09-05 01:00:00+00:00,1937.89001,1938.98999,1935.01001,1938.65002
2023-09-05 05:00:00+00:00,1938.59998,1939.030029,1932.31006,1933.44995
2023-09-05 09:00:00+00:00,1933.48999,1934.81006,1928.030029,1933.80005
2023-09-05 13:00:00+00:00,1933.80005,1934.27002,1925.39001,1927.34998
2023-09-05 17:00:00+00:00,1927.38,1927.56995,1925.43005,1926.089966
2023-09-05 21:00:00+00:00,1926.10999,1926.97998,1924.48999,1924.83997
2023-09-06 01:00:00+00:00,1924.73999,1927.43994,1924.26001,1927.32996
2023-09-06 05:00:00+00:00,1927.39001,1928.54004,1922.59998,1924.81006
2023-09-06 09:00:00+00:00,1924.78003,1927.81995,1922.93005,1923.31006
2023-09-06 13:00:00+00:00,1923.26001,1929.18994,1915.33997,1920.040039
2023-09-06 17:00:00+00:00,1920.050049,1920.70996,1915.98999,1916.48999
2023-09-06 21:00:00+00:00,1917.68005,1918.64001,1916.37,1916.90002
2023-09-07 01:00:00+00:00,1916.91003,1920.78003,1916.68994,1919.10999
2023-09-07 05:00:00+00:00,1919.079956,1919.84998,1917.14001,1918.88
2023-09-07 09:00:00+00:00,1918.90002,1923.60999,1916.28003,1923.30005
2023-09-07 13:00:00+00:00,1923.30005,1923.56006,1917.23999,1918.050049
2023-09-07 17:00:00+00:00,1918.069946,1920.73999,1917.48999,1919.71997
2023-09-07 21:00:00+00:00,1919.59998,1924.63,1919.42004,1923.73999
2023-09-08 01:00:00+00:00,1923.78003,1927.29004,1922.96997,1924.59998
2023-09-08 05:00:00+00:00,1924.58997,1927.35999,1923.43005,1924.76001
2023-09-08 09:00:00+00:00,1924.73999,1926.099976,1920.41003,1920.44995
2023-09-08 13:00:00+00:00,1920.56995,1929.71997,1917.39001,1919.73999
2023-09-08 17:00:00+00:00,1919.80005,1920.76001,1918.14001,1919.15002
2023-09-10 21:00:00+00:00,1919.88,1920.78003,1916.84998,1920.12
2023-09-11 01:00:00+00:00,1920.12,1926.85999,1919.14001,1926.56006
2023-09-11 05:00:00+00:00,1926.48999,1930.69995,1925.42004,1927.89001
2023-09-11 09:00:00+00:00,1927.82996,1928.050049,1924.30005,1927.33997
2023-09-11 13:00:00+00:00,1927.33997,1930.18005,1921.43994,1923.46997
2023-09-11 17:00:00+00:00,1923.47998,1924.38,1921.51001,1922.41003
2023-09-11 21:00:00+00:00,1922.55005,1923.39001,1921.23999,1921.58997
2023-09-12 01:00:00+00:00,1921.55005,1924.56006,1920.38,1922.34998
2023-09-12 05:00:00+00:00,1922.33997,1922.40002,1918.70996,1919.81006
2023-09-12 09:00:00+00:00,1919.79004,1920.10999,1908.68994,1909.88
2023-09-12 13:00:00+00:00,1909.68005,1915.12,1907.67004,1912.42004
2023-09-12 17:00:00+00:00,1912.42004,1913.68005,1911.82996,1913.48999
2023-09-12 21:00:00+00:00,1913.069946,1913.85999,1912.51001,1912.62
2023-09-13 01:00:00+00:00,1912.60999,1913.88,1908.26001,1911.68994
2023-09-13 05:00:00+00:00,1911.73999,1912.70996,1908.30005,1912.23999
2023-09-13 09:00:00+00:00,1912.23999,1915.77002,1905.83997,1912.29004
2023-09-13 13:00:00+00:00,1912.37,1915.79004,1908.95996,1909.43005
2023-09-13 17:00:00+00:00,1909.43994,1911.22998,1908.18005,1908.20996
2023-09-13 21:00:00+00:00,1909.069946,1912.85999,1907.56995,1912.68005
2023-09-14 01:00:00+00:00,1912.71997,1912.96997,1908.84998,1909.44995
2023-09-14 05:00:00+00:00,1909.51001,1911.12,1905.23999,1907.35999
2023-09-14 09:00:00+00:00,1907.34998,1910.38,1901.23999,1904.48999
2023-09-14 13:00:00+00:00,1904.44995,1912.12,1901.01001,1910.28003
2023-09-14 17:00:00+00:00,1910.31006,1911.48999,1908.12,1910.63
2023-09-14 21:00:00+00:00,1910.73999,1911.62,1909.85999,1911.35999
2023-09-15 01:00:00+00:00,1911.31995,1916.87,1910.53003,1916.21997
2023-09-15 05:00:00+00:00,1916.23999,1919.62,1914.96997,1918.089966
2023-09-15 09:00:00+00:00,1918.040039,1920.66003,1916.12,1917.23999
2023-09-15 13:00:00+00:00,1917.23999,1930.44995,1916.98999,1925.41003
2023-09-15 17:00:00+00:00,1925.42004,1926.01001,1922.37,1923.81006
2023-09-17 21:00:00+00:00,1923.93994,1924.76001,1922.63,1924.66003
2023-09-18 01:00:00+00:00,1924.70996,1929.51001,1923.40002,1928.19995
2023-09-18 05:00:00+00:00,1928.28003,1930.70996,1925.15002,1926.31995
2023-09-18 09:00:00+00:00,1926.19995,1928.28003,1923.56995,1924.12
2023-09-18 13:00:00+00:00,1924.02002,1931.23999,1922.84998,1931.12
2023-09-18 17:00:00+00:00,1931.18005,1934.27002,1931.01001,1933.73999
2023-09-18 21:00:00+00:00,1933.81006,1934.68994,1932.73999,1932.82996
2023-09-19 01:00:00+00:00,1932.81006,1933.48999,1931.37,1931.37
2023-09-19 05:00:00+00:00,1931.38,1935.01001,1929.84998,1933.83997
2023-09-19 09:00:00+00:00,1933.81006,1937.41003,1933.67004,1935.89001
2023-09-19 13:00:00+00:00,1935.87,1936.40002,1930.87,1930.94995
2023-09-19 17:00:00+00:00,1930.93994,1933.069946,1929.82996,1931.43005
2023-09-19 21:00:00+00:00,1931.94995,1932.44995,1930.38,1930.81006
2023-09-20 01:00:00+00:00,1930.76001,1931.56006,1928.57996,1929.83997
2023-09-20 05:00:00+00:00,1929.85999,1932.38,1927.98999,1929.18005
2023-09-20 09:00:00+00:00,1929.23999,1934.089966,1929.18005,1932.22998
2023-09-20 13:00:00+00:00,1932.35999,1946.78003,1932.01001,1946.72998
2023-09-20 17:00:00+00:00,1946.69995,1947.48999,1929.27002,1930.48999
2023-09-20 21:00:00+00:00,1930.55005,1931.57996,1924.66003,1925.030029
2023-09-21 01:00:00+00:00,1925.01001,1928.73999,1924.28003,1928.040039
2023-09-21 05:00:00+00:00,1928.030029,1930.58997,1922.89001,1923.15002
2023-09-21 09:00:00+00:00,1923.040039,1926.14001,1914.18994,1916.53003
2023-09-21 13:00:00+00:00,1916.73999,1923.88,1913.96997,1919.56995
2023-09-21 17:00:00+00:00,1919.54004,1921.31995,1918.72998,1920.10999
2023-09-21 21:00:00+00:00,1919.94995,1923.68994,1919.47998,1923.51001
2023-09-22 01:00:00+00:00,1923.42004,1925.57996,1922.079956,1924.38
2023-09-22 05:00:00+00:00,1924.35999,1928.73999,1923.80005,1926.81006
2023-09-22 09:00:00+00:00,1926.79004,1927.73999,1924.18994,1926.17004
2023-09-22 13:00:00+00:00,1926.13,1929.14001,1924.90002,1925.35999
2023-09-22 17:00:00+00:00,1925.39001,1926.41003,1924.38,1925.38
2023-09-24 21:00:00+00:00,1925.17004,1926.43005,1923.34998,1924.93994
2023-09-25 01:00:00+00:00,1925.01001,1925.33997,1922.68005,1923.18994
2023-09-25 05:00:00+00:00,1923.18005,1927.21997,1920.92004,1921.73999
2023-09-25 09:00:00+00:00,1921.71997,1926.87,1921.63,1925.96997
2023-09-25 13:00:00+00:00,1925.92004,1926.39001,1915.20996,1916.78003
2023-09-25 17:00:00+00:00,1916.79004,1917.69995,1915.23999,1915.93005
2023-09-25 21:00:00+00:00,1916.030029,1916.85999,1914.82996,1914.88
2023-09-26 01:00:00+00:00,1914.88,1915.87,1913.15002,1914.68994
2023-09-26 05:00:00+00:00,1914.68005,1915.66003,1909.81995,1913.88
2023-09-26 09:00:00+00:00,1913.94995,1913.96997,1905.34998,1910.16003
2023-09-26 13:00:00+00:00,1910.28003,1910.28003,1900.84998,1901.26001
2023-09-26 17:00:00+00:00,1901.27002,1902.33997,1899.20996,1900.67004
2023-09-26 21:00:00+00:00,1900.51001,1902.51001,1899.81995,1900.70996
2023-09-27 01:00:00+00:00,1900.62,1903.93005,1896.60999,1897.76001
2023-09-27 05:00:00+00:00,1897.73999,1899.10999,1895.16003,1896.68005
2023-09-27 09:00:00+00:00,1896.69995,1896.70996,1890.040039,1891.85999
2023-09-27 13:00:00+00:00,1891.91003,1892.21997,1875.52002,1875.93005
2023-09-27 17:00:00+00:00,1876.13,1878.31995,1872.57996,1875.12
2023-09-27 21:00:00+00:00,1875.87,1877.97998,1875.87,1877.12
2023-09-28 01:00:00+00:00,1877.12,1877.56006,1873.62,1874.92004
2023-09-28 05:00:00+00:00,1874.89001,1878.32996,1873.71997,1874.23999
2023-09-28 09:00:00+00:00,1874.26001,1879.58997,1871.81006,1872.46997
2023-09-28 13:00:00+00:00,1872.48999,1877.10999,1857.73999,1863.57996
2023-09-28 17:00:00+00:00,1863.59998,1867.39001,1861.040039,1864.91003
2023-09-28 21:00:00+00:00,1865.17004,1867.33997,1863.84998,1865.40002
2023-09-29 01:00:00+00:00,1865.41003,1867.060059,1862.96997,1865.050049
2023-09-29 05:00:00+00:00,1865.01001,1874.050049,1864.46997,1871.69995
2023-09-29 09:00:00+00:00,1871.69995,1874.099976,1867.67004,1873.82996
2023-09-29 13:00:00+00:00,1873.95996,1879.89001,1852.31995,1853.73999
2023-09-29 17:00:00+00:00,1853.73999,1853.73999,1846.32996,1848.72998
2023-10-01 20:00:00+00:00,1848.030029,1848.79004,1845.79004,1848.42004
2023-10-02 00:00:00+00:00,1848.41003,1848.98999,1842.91003,1843.54004
2023-10-02 04:00:00+00:00,1843.53003,1846.33997,1839.29004,1839.84998
2023-10-02 08:00:00+00:00,1839.84998,1843.27002,1831.21997,1837.38
2023-10-02 12:00:00+00:00,1837.34998,1840.64001,1827.26001,1832.67004
2023-10-02 16:00:00+00:00,1832.68005,1833.65002,1829.29004,1829.48999
2023-10-02 20:00:00+00:00,1829.41003,1829.73999,1820.57996,1825.040039
2023-10-03 00:00:00+00:00,1824.92004,1825.31006,1815.31995,1820.57996
2023-10-03 04:00:00+00:00,1820.62,1824.67004,1818.21997,1824.099976
2023-10-03 08:00:00+00:00,1824.079956,1829.18994,1823.73999,1826.01001
2023-10-03 12:00:00+00:00,1826.050049,1833.42004,1819.38,1824.91003
2023-10-03 16:00:00+00:00,1825.050049,1828.15002,1821.96997,1823.89001
2023-10-03 20:00:00+00:00,1823.92004,1825.079956,1822.18994,1823.39001
2023-10-04 00:00:00+00:00,1823.39001,1825.079956,1819.73999,1820.76001
2023-10-04 04:00:00+00:00,1820.84998,1823.87,1816.77002,1823.18005
2023-10-04 08:00:00+00:00,1823.050049,1827.23999,1820.33997,1825.060059
2023-10-04 12:00:00+00:00,1825.079956,1830.68005,1817.16003,1823.79004
2023-10-04 16:00:00+00:00,1823.81006,1824.10999,1816.68005,1823.41003
2023-10-04 20:00:00+00:00,1823.40002,1824.12,1820.53003,1822.58997
2023-10-05 00:00:00+00:00,1822.71997,1828.76001,1821.82996,1828.39001
2023-10-05 04:00:00+00:00,1828.40002,1829.23999,1819.91003,1820.73999
2023-10-05 08:00:00+00:00,1820.78003,1824.069946,1819.71997,1823.099976
2023-10-05 12:00:00+00:00,1823.089966,1823.94995,1813.10999,1815.58997
2023-10-05 16:00:00+00:00,1815.62,1820.90002,1814.93994,1820.39001
2023-10-05 20:00:00+00:00,1820.38,1823.21997,1819.60999,1821.35999
2023-10-06 00:00:00+00:00,1821.35999,1824.54004,1819.71997,1824.099976
2023-10-06 04:00:00+00:00,1824.01001,1824.62,1818.65002,1821.43005
2023-10-06 08:00:00+00:00,1821.43994,1825.17004,1819.34998,1821.32996
2023-10-06 12:00:00+00:00,1821.32996,1834.93005,1810.46997,1832.66003
2023-10-06 16:00:00+00:00,1832.66003,1834.060059,1828.84998,1829.34998
2023-10-08 20:00:00+00:00,1847.97998,1855.51001,1845.66003,1847.98999
2023-10-09 00:00:00+00:00,1848.089966,1852.80005,1846.30005,1851.15002
2023-10-09 04:00:00+00:00,1851.18005,1854.43005,1848.099976,1850.51001
2023-10-09 08:00:00+00:00,1850.54004,1852.40002,1848.98999,1850.079956
2023-10-09 12:00:00+00:00,1850.01001,1853.28003,1844.26001,1851.64001
2023-10-09 16:00:00+00:00,1851.63,1863.54004,1848.72998,1863.37
2023-10-09 20:00:00+00:00,1863.099976,1863.18005,1860.43005,1862.63
2023-10-10 00:00:00+00:00,1862.64001,1865.40002,1861.43005,1862.54004
2023-10-10 04:00:00+00:00,1862.56995,1862.56995,1855.23999,1857.43005
2023-10-10 08:00:00+00:00,1857.43994,1859.81006,1854.90002,1857.30005
2023-10-10 12:00:00+00:00,1857.23999,1862.34998,1853.099976,1861.33997
2023-10-10 16:00:00+00:00,1861.33997,1862.87,1858.15002,1860.26001
2023-10-10 20:00:00+00:00,1860.18994,1860.89001,1859.39001,1859.68994
2023-10-11 00:00:00+00:00,1859.71997,1862.18994,1859.60999,1860.12
2023-10-11 04:00:00+00:00,1860.10999,1868.26001,1858.69995,1868.069946
2023-10-11 08:00:00+00:00,1868.030029,1874.81006,1866.95996,1871.060059
2023-10-11 12:00:00+00:00,1871.13,1875.12,1867.55005,1873.079956
2023-10-11 16:00:00+00:00,1873.089966,1877.26001,1870.85999,1873.67004
2023-10-11 20:00:00+00:00,1873.66003,1875.81995,1873.48999,1875.32996
2023-10-12 00:00:00+00:00,1875.44995,1878.83997,1874.55005,1877.73999
2023-10-12 04:00:00+00:00,1877.71997,1882.73999,1876.83997,1878.91003
2023-10-12 08:00:00+00:00,1878.90002,1884.56006,1878.69995,1883.62
2023-10-12 12:00:00+00:00,1883.64001,1885.14001,1870.73999,1872.38
2023-10-12 16:00:00+00:00,1872.35999,1873.73999,1867.95996,1868.34998
2023-10-12 20:00:00+00:00,1868.37,1871.31995,1868.37,1870.66003
2023-10-13 00:00:00+00:00,1870.67004,1874.060059,1870.16003,1873.76001
2023-10-13 04:00:00+00:00,1873.73999,1883.16003,1873.62,1882.18005
2023-10-13 08:00:00+00:00,1882.20996,1899.93994,1882.079956,1896.57996
2023-10-13 12:00:00+00:00,1896.47998,1923.20996,1896.47998,1923.040039
2023-10-13 16:00:00+00:00,1923.089966,1930.83997,1922.44995,1928.40002
2023-10-15 20:00:00+00:00,1928.01001,1928.079956,1921.29004,1925.93994
2023-10-16 00:00:00+00:00,1925.94995,1926.030029,1918.089966,1920.15002
2023-10-16 04:00:00+00:00,1920.15002,1920.51001,1908.23999,1911.55005
2023-10-16 08:00:00+00:00,1911.54004,1918.42004,1910.030029,1915.66003
2023-10-16 12:00:00+00:00,1915.76001,1924.56995,1914.55005,1921.54004
2023-10-16 16:00:00+00:00,1921.55005,1922.83997,1917.91003,1919.069946
2023-10-16 20:00:00+00:00,1919.069946,1921.88,1918.83997,1919.46997
2023-10-17 00:00:00+00:00,1919.47998,1920.069946,1912.43994,1916.81006
2023-10-17 04:00:00+00:00,1916.85999,1921.43005,1914.31006,1920.099976
2023-10-17 08:00:00+00:00,1920.060059,1926.62,1918.68994,1924.099976
2023-10-17 12:00:00+00:00,1923.98999,1931.56006,1919.21997,1926.92004
2023-10-17 16:00:00+00:00,1926.89001,1926.89001,1919.17004,1922.71997
2023-10-17 20:00:00+00:00,1922.68994,1925.62,1922.18005,1924.80005
2023-10-18 00:00:00+00:00,1924.84998,1942.81006,1923.82996,1937.51001
2023-10-18 04:00:00+00:00,1937.43994,1940.14001,1935.16003,1939.67004
2023-10-18 08:00:00+00:00,1939.62,1947.53003,1937.33997,1946.26001
2023-10-18 12:00:00+00:00,1946.10999,1962.63,1938.31995,1945.26001
2023-10-18 16:00:00+00:00,1945.23999,1956.65002,1944.69995,1950.43005
2023-10-18 20:00:00+00:00,1950.42004,1951.76001,1947.33997,1950.94995
2023-10-19 00:00:00+00:00,1950.88,1953.33997,1945.26001,1946.40002
2023-10-19 04:00:00+00:00,1946.41003,1952.83997,1945.40002,1949.53003
2023-10-19 08:00:00+00:00,1949.51001,1954.43005,1947.90002,1952.26001
2023-10-19 12:00:00+00:00,1952.20996,1959.98999,1949.87,1956.21997
2023-10-19 16:00:00+00:00,1956.26001,1977.72998,1952.17004,1974.38
2023-10-19 20:00:00+00:00,1974.43994,1982.35999,1972.58997,1977.29004
2023-10-20 00:00:00+00:00,1977.099976,1981.98999,1972.069946,1977.87
2023-10-20 04:00:00+00:00,1977.88,1982.23999,1974.18994,1980.16003
2023-10-20 08:00:00+00:00,1980.20996,1985.94995,1976.45996,1977.27002
2023-10-20 12:00:00+00:00,1977.40002,1997.19995,1973.34998,1991.68005
2023-10-20 16:00:00+00:00,1991.64001,1992.43994,1974.43994,1979.79004
2023-10-22 20:00:00+00:00,1965.70996,1978.62,1965.18005,1971.56995
2023-10-23 00:00:00+00:00,1971.16003,1974.81006,1964.41003,1973.73999
2023-10-23 04:00:00+00:00,1973.69995,1979.83997,1972.80005,1979.56006
2023-10-23 08:00:00+00:00,1979.43005,1982.87,1975.37,1979.41003
2023-10-23 12:00:00+00:00,1979.43005,1982.01001,1970.18005,1975.40002
2023-10-23 16:00:00+00:00,1975.41003,1979.39001,1971.19995,1973.30005
2023-10-23 20:00:00+00:00,1973.17004,1973.85999,1971.48999,1973.62
2023-10-24 00:00:00+00:00,1973.66003,1980.93005,1972.48999,1976.98999
2023-10-24 04:00:00+00:00,1976.90002,1979.23999,1974.55005,1975.40002
2023-10-24 08:00:00+00:00,1975.56006,1975.98999,1953.81006,1963.76001
2023-10-24 12:00:00+00:00,1963.73999,1970.13,1959.21997,1969.85999
2023-10-24 16:00:00+00:00,1969.83997,1977.64001,1968.95996,1972.81006
2023-10-24 20:00:00+00:00,1972.76001,1973.46997,1970.069946,1972.87
2023-10-25 00:00:00+00:00,1972.89001,1977.050049,1970.93005,1973.32996
2023-10-25 04:00:00+00:00,1973.32996,1976.01001,1968.38,1971.23999
2023-10-25 08:00:00+00:00,1971.14001,1976.51001,1969.51001,1974.79004
2023-10-25 12:00:00+00:00,1974.81006,1987.31995,1963.31995,1981.31995
2023-10-25 16:00:00+00:00,1981.18994,1985.71997,1976.60999,1980.89001
2023-10-25 20:00:00+00:00,1980.89001,1984.19995,1977.82996,1983.030029
2023-10-26 00:00:00+00:00,1983.040039,1987.42004,1982.45996,1987.26001
2023-10-26 04:00:00+00:00,1987.29004,1990.18005,1984.040039,1990.12
2023-10-26 08:00:00+00:00,1990.17004,1993.55005,1982.67004,1984.65002
2023-10-26 12:00:00+00:00,1984.68994,1986.75,1971.91003,1980.31006
2023-10-26 16:00:00+00:00,1980.29004,1989.31006,1979.81006,1984.38
2023-10-26 20:00:00+00:00,1984.43005,1986.84998,1983.44995,1984.43994
2023-10-27 00:00:00+00:00,1984.40002,1988.89001,1982.93005,1987.93005
2023-10-27 04:00:00+00:00,1987.93994,1990.01001,1985.87,1987.43005
2023-10-27 08:00:00+00:00,1987.41003,1987.96997,1980.030029,1981.92004
2023-10-27 12:00:00+00:00,1982.26001,1986.19995,1976.88,1980.0
2023-10-27 16:00:00+00:00,1979.96997,2009.41003,1979.23999,2007.20996
2023-10-29 20:00:00+00:00,2004.28003,2006.81995,1997.089966,2002.82996
2023-10-30 00:00:00+00:00,2002.85999,2006.85999,2001.58997,2002.099976
2023-10-30 04:00:00+00:00,2002.10999,2002.83997,1993.41003,1993.68994
2023-10-30 08:00:00+00:00,1994.050049,1997.44995,1990.98999,1995.83997
2023-10-30 12:00:00+00:00,1995.83997,2002.59998,1992.31995,1999.23999
2023-10-30 16:00:00+00:00,1999.33997,2000.70996,1994.78003,1996.01001
2023-10-30 20:00:00+00:00,1995.96997,1996.91003,1994.089966,1995.57996
2023-10-31 00:00:00+00:00,1995.56995,1997.37,1991.73999,1992.19995
2023-10-31 04:00:00+00:00,1992.18994,1997.66003,1990.69995,1996.26001
2023-10-31 08:00:00+00:00,1996.28003,2000.40002,1995.12,1999.96997
2023-10-31 12:00:00+00:00,1999.83997,2007.90002,1992.62,1994.30005
2023-10-31 16:00:00+00:00,1994.19995,1994.83997,1978.92004,1984.92004
2023-10-31 20:00:00+00:00,1984.88,1986.23999,1983.20996,1983.73999
2023-11-01 00:00:00+00:00,1983.84998,1984.099976,1976.96997,1977.14001
2023-11-01 04:00:00+00:00,1977.13,1981.069946,1975.26001,1977.14001
2023-11-01 08:00:00+00:00,1977.14001,1985.26001,1977.12,1983.46997
2023-11-01 12:00:00+00:00,1983.48999,1992.43994,1978.35999,1979.28003
2023-11-01 16:00:00+00:00,1979.30005,1982.42004,1969.93994,1978.81006
2023-11-01 20:00:00+00:00,1978.56995,1985.79004,1977.13,1985.15002
2023-11-02 00:00:00+00:00,1985.060059,1988.23999,1983.45996,1985.43005
2023-11-02 04:00:00+00:00,1985.43994,1986.70996,1983.71997,1985.63
2023-11-02 08:00:00+00:00,1985.51001,1990.44995,1984.53003,1988.54004
2023-11-02 12:00:00+00:00,1988.63,1991.01001,1978.89001,1981.23999
2023-11-02 16:00:00+00:00,1981.21997,1986.68005,1979.27002,1985.53003
2023-11-02 20:00:00+00:00,1985.58997,1986.59998,1984.42004,1985.030029
2023-11-03 00:00:00+00:00,1985.030029,1987.88,1983.32996,1985.88
2023-11-03 04:00:00+00:00,1985.84998,1989.23999,1984.67004,1986.58997
2023-11-03 08:00:00+00:00,1986.42004,1990.37,1986.23999,1987.63
2023-11-03 12:00:00+00:00,1987.65002,2004.12,1986.12,1991.79004
2023-11-03 16:00:00+00:00,1991.78003,1995.15002,1989.43994,1992.69995
2023-11-05 20:00:00+00:00,1992.21997,1993.030029,1987.15002,1988.58997
2023-11-06 00:00:00+00:00,1988.57996,1993.17004,1982.12,1985.26001
2023-11-06 04:00:00+00:00,1985.16003,1985.45996,1982.33997,1983.46997
2023-11-06 08:00:00+00:00,1983.16003,1988.39001,1982.89001,1987.76001
2023-11-06 12:00:00+00:00,1987.78003,1989.14001,1981.14001,1981.16003
2023-11-06 16:00:00+00:00,1981.16003,1984.55005,1979.28003,1980.41003
2023-11-06 20:00:00+00:00,1980.41003,1980.41003,1975.85999,1976.79004
2023-11-07 00:00:00+00:00,1976.88,1977.099976,1972.34998,1972.68005
2023-11-07 04:00:00+00:00,1972.65002,1974.30005,1967.31995,1969.42004
2023-11-07 08:00:00+00:00,1969.31995,1970.31995,1962.69995,1963.94995
2023-11-07 12:00:00+00:00,1963.93994,1967.29004,1956.79004,1963.39001
2023-11-07 16:00:00+00:00,1963.31995,1969.89001,1961.84998,1967.48999
2023-11-07 20:00:00+00:00,1967.46997,1969.48999,1966.95996,1969.030029
2023-11-08 00:00:00+00:00,1969.040039,1971.10999,1967.38,1967.84998
2023-11-08 04:00:00+00:00,1967.76001,1969.18005,1965.050049,1967.73999
2023-11-08 08:00:00+00:00,1967.70996,1969.089966,1959.55005,1964.54004
2023-11-08 12:00:00+00:00,1964.56006,1966.71997,1951.01001,1955.48999
2023-11-08 16:00:00+00:00,1955.34998,1957.97998,1947.59998,1948.20996
2023-11-08 20:00:00+00:00,1948.23999,1952.060059,1947.53003,1950.89001
2023-11-09 00:00:00+00:00,1950.98999,1954.66003,1947.84998,1949.34998
2023-11-09 04:00:00+00:00,1949.33997,1950.58997,1948.14001,1949.39001
2023-11-09 08:00:00+00:00,1949.31995,1949.79004,1944.83997,1948.87
2023-11-09 12:00:00+00:00,1948.82996,1964.89001,1944.94995,1963.01001
2023-11-09 16:00:00+00:00,1962.94995,1965.65002,1956.23999,1958.51001
2023-11-09 20:00:00+00:00,1958.51001,1960.10999,1956.94995,1959.23999
2023-11-10 00:00:00+00:00,1959.29004,1960.83997,1956.48999,1959.51001
2023-11-10 04:00:00+00:00,1959.53003,1959.59998,1953.80005,1955.43994
2023-11-10 08:00:00+00:00,1955.17004,1957.25,1947.20996,1948.29004
2023-11-10 12:00:00+00:00,1948.31995,1949.23999,1939.81995,1942.10999
2023-11-10 16:00:00+00:00,1942.15002,1943.48999,1933.12,1935.44995
2023-11-12 20:00:00+00:00,1938.82996,1944.68005,1923.44995,1940.48999
2023-11-13 00:00:00+00:00,1940.48999,1941.98999,1934.12,1935.38
2023-11-13 04:00:00+00:00,1935.37,1941.26001,1934.28003,1938.87
2023-11-13 08:00:00+00:00,1938.88,1940.56006,1936.040039,1938.050049
2023-11-13 12:00:00+00:00,1938.0,1938.94995,1931.78003,1938.54004
2023-11-13 16:00:00+00:00,1938.52002,1949.28003,1938.23999,1946.29004
2023-11-13 20:00:00+00:00,1946.26001,1946.88,1945.21997,1946.62
2023-11-14 00:00:00+00:00,1946.60999,1948.45996,1944.46997,1944.83997
2023-11-14 04:00:00+00:00,1944.76001,1946.58997,1943.82996,1945.64001
2023-11-14 08:00:00+00:00,1945.66003,1948.21997,1944.38,1945.97998
2023-11-14 12:00:00+00:00,1946.01001,1970.91003,1944.39001,1964.45996
2023-11-14 16:00:00+00:00,1964.44995,1966.62,1961.71997,1963.76001
2023-11-14 20:00:00+00:00,1963.78003,1964.54004,1962.30005,1962.54004
2023-11-15 00:00:00+00:00,1962.58997,1967.089966,1961.62,1966.88
2023-11-15 04:00:00+00:00,1966.89001,1971.099976,1965.95996,1970.39001
2023-11-15 08:00:00+00:00,1970.54004,1974.14001,1969.85999,1973.060059
2023-11-15 12:00:00+00:00,1973.030029,1975.23999,1955.46997,1963.18994
2023-11-15 16:00:00+00:00,1963.20996,1963.76001,1959.21997,1961.80005
2023-11-15 20:00:00+00:00,1961.81006,1962.26001,1959.069946,1960.45996
2023-11-16 00:00:00+00:00,1960.40002,1962.21997,1956.51001,1961.51001
2023-11-16 04:00:00+00:00,1961.43994,1967.88,1960.83997,1966.62
2023-11-16 08:00:00+00:00,1966.59998,1968.60999,1964.70996,1965.62
2023-11-16 12:00:00+00:00,1965.60999,1986.57996,1962.15002,1985.01001
2023-11-16 16:00:00+00:00,1985.01001,1988.040039,1980.14001,1983.38
2023-11-16 20:00:00+00:00,1983.33997,1984.16003,1980.70996,1982.69995
2023-11-17 00:00:00+00:00,1982.62,1986.98999,1981.81995,1986.76001
2023-11-17 04:00:00+00:00,1986.76001,1987.73999,1982.76001,1987.71997
2023-11-17 08:00:00+00:00,1987.72998,1993.48999,1984.69995,1988.82996
2023-11-17 12:00:00+00:00,1988.88,1991.67004,1979.51001,1983.42004
2023-11-17 16:00:00+00:00,1983.53003,1985.34998,1978.65002,1980.43005
2023-11-19 20:00:00+00:00,1978.46997,1978.96997,1974.26001,1974.56006
2023-11-20 00:00:00+00:00,1974.63,1985.22998,1973.45996,1982.31995
2023-11-20 04:00:00+00:00,1982.38,1983.53003,1978.20996,1978.68994
2023-11-20 08:00:00+00:00,1978.68005,1980.57996,1972.34998,1973.45996
2023-11-20 12:00:00+00:00,1973.44995,1973.48999,1965.56006,1972.030029
2023-11-20 16:00:00+00:00,1971.98999,1979.01001,1971.33997,1978.51001
2023-11-20 20:00:00+00:00,1978.52002,1981.63,1976.98999,1981.32996
2023-11-21 00:00:00+00:00,1981.33997,1994.31006,1980.81995,1993.23999
2023-11-21 04:00:00+00:00,1993.20996,1994.12,1989.70996,1992.47998
2023-11-21 08:00:00+00:00,1992.43005,1994.34998,1984.35999,1987.31006
2023-11-21 12:00:00+00:00,1987.31995,2007.56006,1986.68005,2004.32996
2023-11-21 16:00:00+00:00,2004.32996,2005.41003,1996.30005,2000.17004
2023-11-21 20:00:00+00:00,2000.16003,2000.28003,1997.89001,1999.38
2023-11-22 00:00:00+00:00,1999.34998,1999.34998,1995.54004,1996.51001
2023-11-22 04:00:00+00:00,1996.48999,2004.12,1996.20996,2003.89001
2023-11-22 08:00:00+00:00,2003.80005,2006.34998,1999.13,2000.69995
2023-11-22 12:00:00+00:00,2000.69995,2003.26001,1990.0,1995.030029
2023-11-22 16:00:00+00:00,1995.069946,1995.58997,1986.95996,1990.76001
2023-11-22 20:00:00+00:00,1990.79004,1991.91003,1989.40002,1990.51001
2023-11-23 00:00:00+00:00,1990.42004,1998.31006,1990.23999,1997.87
2023-11-23 04:00:00+00:00,1997.90002,1998.57996,1993.5,1996.41003
2023-11-23 08:00:00+00:00,1996.45996,1996.45996,1992.21997,1993.94995
2023-11-23 12:00:00+00:00,1993.94995,1994.93005,1991.87,1992.18994
2023-11-23 16:00:00+00:00,1992.22998,1993.14001,1989.87,1992.95996
2023-11-23 20:00:00+00:00,1993.060059,1994.44995,1992.57996,1994.18005
2023-11-24 00:00:00+00:00,1994.19995,1994.98999,1991.51001,1993.69995
2023-11-24 04:00:00+00:00,1993.70996,1994.87,1991.62,1993.59998
2023-11-24 08:00:00+00:00,1993.56006,1996.34998,1992.31006,1995.25
2023-11-24 12:00:00+00:00,1995.29004,2003.68005,1994.43994,1998.43005
2023-11-24 16:00:00+00:00,1998.42004,2002.84998,1997.23999,2002.84998
2023-11-26 20:00:00+00:00,2007.21997,2007.21997,2000.71997,2002.45996
2023-11-27 00:00:00+00:00,2002.40002,2018.20996,2001.91003,2009.60999
2023-11-27 04:00:00+00:00,2009.68994,2013.78003,2008.48999,2011.060059
2023-11-27 08:00:00+00:00,2011.089966,2015.54004,2010.59998,2012.63
2023-11-27 12:00:00+00:00,2012.62,2016.35999,2008.78003,2010.35999
2023-11-27 16:00:00+00:00,2010.39001,2013.68005,2005.80005,2012.93005
2023-11-27 20:00:00+00:00,2012.92004,2015.44995,2012.050049,2015.31006
2023-11-28 00:00:00+00:00,2015.37,2018.13,2014.0,2015.040039
2023-11-28 04:00:00+00:00,2015.02002,2016.94995,2012.12,2013.55005
2023-11-28 08:00:00+00:00,2013.48999,2016.79004,2012.56006,2015.26001
2023-11-28 12:00:00+00:00,2015.26001,2031.43994,2011.76001,2030.93994
2023-11-28 16:00:00+00:00,2030.88,2043.079956,2030.54004,2041.80005
2023-11-28 20:00:00+00:00,2041.83997,2044.59998,2039.69995,2044.44995
2023-11-29 00:00:00+00:00,2044.51001,2052.01001,2042.85999,2044.15002
2023-11-29 04:00:00+00:00,2044.10999,2049.050049,2041.19995,2042.58997
2023-11-29 08:00:00+00:00,2042.55005,2044.10999,2035.44995,2040.16003
2023-11-29 12:00:00+00:00,2040.10999,2047.01001,2037.14001,2043.069946
2023-11-29 16:00:00+00:00,2043.079956,2049.6001,2039.60999,2046.38
2023-11-29 20:00:00+00:00,2046.38,2046.55005,2042.88,2044.69995
2023-11-30 00:00:00+00:00,2044.70996,2047.28003,2042.68005,2046.089966
2023-11-30 04:00:00+00:00,2046.12,2047.01001,2041.43994,2044.38
2023-11-30 08:00:00+00:00,2044.80005,2045.77002,2036.069946,2037.19995
2023-11-30 12:00:00+00:00,2037.25,2044.34998,2031.56995,2037.73999
2023-11-30 16:00:00+00:00,2037.98999,2041.34998,2033.77002,2036.18994
2023-11-30 20:00:00+00:00,2036.23999,2040.68005,2034.90002,2040.17004
2023-12-01 00:00:00+00:00,2040.30005,2043.46997,2038.73999,2039.56006
2023-12-01 04:00:00+00:00,2039.54004,2042.95996,2038.87,2039.56006
2023-12-01 08:00:00+00:00,2039.56995,2049.8999,2036.58997,2037.060059
2023-12-01 12:00:00+00:00,2037.12,2053.30005,2033.96997,2049.36011
2023-12-01 16:00:00+00:00,2049.42993,2075.3999,2044.90002,2067.090088
2023-12-03 20:00:00+00:00,2072.71997,2148.78003,2071.92993,2117.54004
2023-12-04 00:00:00+00:00,2118.18994,2120.19995,2083.23999,2085.88989
2023-12-04 04:00:00+00:00,2085.86011,2090.57007,2061.62012,2063.050049
2023-12-04 08:00:00+00:00,2063.56006,2076.19995,2057.94995,2070.92993
2023-12-04 12:00:00+00:00,2070.92993,2071.34009,2020.20996,2022.66003
2023-12-04 16:00:00+00:00,2022.63,2031.58997,2020.91003,2030.93005
2023-12-04 20:00:00+00:00,2030.97998,2034.23999,2026.34998,2034.14001
2023-12-05 00:00:00+00:00,2034.10999,2041.28003,2032.71997,2037.43005
2023-12-05 04:00:00+00:00,2037.42004,2038.45996,2030.54004,2032.79004
2023-12-05 08:00:00+00:00,2032.72998,2039.60999,2021.64001,2024.82996
2023-12-05 12:00:00+00:00,2024.83997,2030.92004,2010.01001,2016.14001
2023-12-05 16:00:00+00:00,2016.12,2020.60999,2012.31995,2019.85999
2023-12-05 20:00:00+00:00,2019.65002,2020.92004,2017.28003,2019.01001
2023-12-06 00:00:00+00:00,2018.96997,2024.30005,2018.81995,2023.28003
2023-12-06 04:00:00+00:00,2023.31995,2035.93005,2020.51001,2034.17004
2023-12-06 08:00:00+00:00,2034.069946,2034.93994,2020.26001,2021.43005
2023-12-06 12:00:00+00:00,2021.43994,2033.099976,2021.069946,2030.33997
2023-12-06 16:00:00+00:00,2030.33997,2031.39001,2024.040039,2029.94995
2023-12-06 20:00:00+00:00,2029.85999,2029.88,2024.51001,2027.16003
2023-12-07 00:00:00+00:00,2027.099976,2030.12,2026.16003,2026.94995
2023-12-07 04:00:00+00:00,2026.85999,2030.81995,2025.29004,2029.60999
2023-12-07 08:00:00+00:00,2029.59998,2035.18005,2028.83997,2032.68994
2023-12-07 12:00:00+00:00,2032.64001,2039.89001,2025.38,2029.37
2023-12-07 16:00:00+00:00,2029.39001,2032.030029,2020.21997,2029.95996
2023-12-07 20:00:00+00:00,2029.96997,2031.35999,2026.91003,2028.16003
2023-12-08 00:00:00+00:00,2028.23999,2034.069946,2027.55005,2032.55005
2023-12-08 04:00:00+00:00,2032.56006,2032.56006,2029.050049,2030.90002
2023-12-08 08:00:00+00:00,2030.82996,2032.44995,2026.60999,2029.96997
2023-12-08 12:00:00+00:00,2030.040039,2030.16003,2002.73999,2009.079956
2023-12-08 16:00:00+00:00,2009.050049,2009.76001,1994.81006,2000.79004
2023-12-10 20:00:00+00:00,2005.69995,2007.70996,2004.62,2007.12
2023-12-11 00:00:00+00:00,2007.14001,2007.84998,1995.63,1997.030029
2023-12-11 04:00:00+00:00,1996.95996,2000.66003,1991.43994,1992.89001
2023-12-11 08:00:00+00:00,1992.88,1997.88,1991.41003,1996.30005
2023-12-11 12:00:00+00:00,1996.56006,1996.81995,1980.68994,1982.41003
2023-12-11 16:00:00+00:00,1982.41003,1984.35999,1975.98999,1981.62
2023-12-11 20:00:00+00:00,1981.62,1984.33997,1980.43005,1983.079956
2023-12-12 00:00:00+00:00,1983.099976,1989.56006,1982.099976,1985.57996
2023-12-12 04:00:00+00:00,1985.56006,1989.16003,1984.80005,1988.13
2023-12-12 08:00:00+00:00,1988.060059,1988.46997,1982.78003,1988.30005
2023-12-12 12:00:00+00:00,1988.42004,1996.58997,1980.17004,1981.67004
2023-12-12 16:00:00+00:00,1981.81995,1983.76001,1977.28003,1980.31006
2023-12-12 20:00:00+00:00,1980.30005,1982.88,1979.12,1982.58997
2023-12-13 00:00:00+00:00,1982.56995,1982.56995,1977.81006,1977.98999
2023-12-13 04:00:00+00:00,1977.93994,1980.60999,1973.12,1979.37
2023-12-13 08:00:00+00:00,1979.35999,1983.60999,1978.68005,1982.91003
2023-12-13 12:00:00+00:00,1982.93994,1986.79004,1978.48999,1981.93994
2023-12-13 16:00:00+00:00,1981.93994,2017.53003,1979.80005,2013.69995
2023-12-13 20:00:00+00:00,2013.70996,2033.18005,2012.70996,2032.94995
2023-12-14 00:00:00+00:00,2032.91003,2039.34998,2030.01001,2031.10999
2023-12-14 04:00:00+00:00,2031.099976,2037.45996,2029.35999,2032.78003
2023-12-14 08:00:00+00:00,2032.28003,2040.38,2032.20996,2035.12
2023-12-14 12:00:00+00:00,2035.12,2047.93005,2027.60999,2040.42004
2023-12-14 16:00:00+00:00,2040.01001,2041.59998,2029.19995,2033.33997
2023-12-14 20:00:00+00:00,2033.30005,2038.76001,2032.83997,2035.59998
2023-12-15 00:00:00+00:00,2035.60999,2037.53003,2031.39001,2035.92004
2023-12-15 04:00:00+00:00,2035.93005,2039.069946,2034.38,2037.93994
2023-12-15 08:00:00+00:00,2037.88,2044.45996,2037.030029,2041.70996
2023-12-15 12:00:00+00:00,2041.81995,2044.95996,2027.040039,2035.21997
2023-12-15 16:00:00+00:00,2035.18005,2036.41003,2015.67004,2019.14001
2023-12-17 20:00:00+00:00,2019.90002,2020.14001,2016.099976,2017.46997
2023-12-18 00:00:00+00:00,2017.66003,2024.19995,2016.12,2022.93005
2023-12-18 04:00:00+00:00,2022.89001,2024.84998,2021.62,2023.23999
2023-12-18 08:00:00+00:00,2023.14001,2027.31995,2018.80005,2022.10999
2023-12-18 12:00:00+00:00,2022.099976,2026.96997,2020.46997,2022.31006
2023-12-18 16:00:00+00:00,2022.30005,2033.69995,2021.26001,2026.31006
2023-12-18 20:00:00+00:00,2026.37,2028.060059,2025.63,2027.68005
2023-12-19 00:00:00+00:00,2027.76001,2029.31995,2022.69995,2023.35999
2023-12-19 04:00:00+00:00,2023.32996,2026.35999,2021.80005,2025.01001
2023-12-19 08:00:00+00:00,2024.92004,2028.54004,2023.93994,2026.51001
2023-12-19 12:00:00+00:00,2026.54004,2045.45996,2026.29004,2041.88
2023-12-19 16:00:00+00:00,2041.96997,2047.050049,2036.80005,2039.53003
2023-12-19 20:00:00+00:00,2039.66003,2041.66003,2038.80005,2041.060059
2023-12-20 00:00:00+00:00,2040.96997,2041.13,2036.79004,2040.51001
2023-12-20 04:00:00+00:00,2040.46997,2043.53003,2039.42004,2042.38
2023-12-20 08:00:00+00:00,2042.38,2042.51001,2031.84998,2033.60999
2023-12-20 12:00:00+00:00,2033.53003,2039.91003,2029.67004,2032.57996
2023-12-20 16:00:00+00:00,2032.59998,2037.16003,2030.34998,2032.64001
2023-12-20 20:00:00+00:00,2032.37,2033.87,2027.56006,2032.30005
2023-12-21 00:00:00+00:00,2032.23999,2037.79004,2032.089966,2037.55005
2023-12-21 04:00:00+00:00,2037.64001,2038.19995,2034.050049,2035.099976
2023-12-21 08:00:00+00:00,2034.98999,2037.30005,2033.12,2034.15002
2023-12-21 12:00:00+00:00,2034.23999,2046.040039,2032.48999,2041.63
2023-12-21 16:00:00+00:00,2041.57996,2045.13,2037.54004,2043.95996
2023-12-21 20:00:00+00:00,2043.91003,2055.050049,2043.18005,2052.86011
2023-12-22 00:00:00+00:00,2053.01001,2053.94995,2046.87,2048.32007
2023-12-22 04:00:00+00:00,2048.37988,2050.90991,2047.18994,2050.090088
2023-12-22 08:00:00+00:00,2050.090088,2062.98999,2049.71997,2060.78003
2023-12-22 12:00:00+00:00,2060.80005,2070.61011,2057.80005,2060.84009
2023-12-22 16:00:00+00:00,2060.94995,2062.21997,2051.28003,2054.070068
2023-12-25 20:00:00+00:00,2054.32007,2058.36011,2053.95996,2054.92993
2023-12-26 00:00:00+00:00,2054.94995,2065.15991,2053.62012,2064.01001
2023-12-26 04:00:00+00:00,2064.01001,2065.17993,2061.48999,2064.37988
2023-12-26 08:00:00+00:00,2064.36011,2064.78003,2060.67993,2063.61011
2023-12-26 12:00:00+00:00,2063.65991,2063.92993,2054.63989,2056.90991
2023-12-26 16:00:00+00:00,2056.84009,2062.12012,2056.65991,2061.69995
2023-12-26 20:00:00+00:00,2061.76001,2069.11011,2061.63989,2066.23999
2023-12-27 00:00:00+00:00,2066.26001,2067.88989,2064.01001,2064.67993
2023-12-27 04:00:00+00:00,2064.63989,2067.51001,2064.13989,2066.090088
2023-12-27 08:00:00+00:00,2066.21997,2069.23999,2061.55005,2068.17993
2023-12-27 12:00:00+00:00,2068.21997,2081.94995,2064.48999,2078.96997
2023-12-27 16:00:00+00:00,2079.070068,2084.48999,2076.01001,2077.57007
2023-12-27 20:00:00+00:00,2077.65991,2079.92993,2076.51001,2079.57007
2023-12-28 00:00:00+00:00,2079.65991,2088.51001,2079.28003,2087.30005
2023-12-28 04:00:00+00:00,2087.19995,2087.65991,2084.030029,2086.11011
2023-12-28 08:00:00+00:00,2086.19995,2086.46997,2072.92993,2075.55005
2023-12-28 12:00:00+00:00,2075.57007,2081.090088,2071.59009,2077.34009
2023-12-28 16:00:00+00:00,2077.30005,2077.42993,2066.070068,2068.090088
2023-12-28 20:00:00+00:00,2068.13989,2068.96997,2064.67993,2066.76001
2023-12-29 00:00:00+00:00,2066.82007,2071.46997,2066.13989,2069.59009
2023-12-29 04:00:00+00:00,2069.53003,2074.86011,2068.96997,2071.94995
2023-12-29 08:00:00+00:00,2072.15991,2073.46997,2061.92993,2067.82007
2023-12-29 12:00:00+00:00,2067.86011,2068.94995,2058.36011,2064.92993
2023-12-29 16:00:00+00:00,2064.90991,2068.15991,2061.21997,2067.46997
2024-01-01 20:00:00+00:00,2064.23999,2074.8999,2063.30005,2063.80005
2024-01-02 00:00:00+00:00,2063.84009,2070.36011,2062.38989,2069.69995
2024-01-02 04:00:00+00:00,2069.71997,2076.76001,2068.98999,2073.19995
2024-01-02 08:00:00+00:00,2073.67993,2078.92993,2068.36011,2069.34009
2024-01-02 12:00:00+00:00,2069.32007,2071.030029,2055.98999,2059.32007
2024-01-02 16:00:00+00:00,2059.40991,2067.67993,2059.30005,2060.96997
2024-01-02 20:00:00+00:00,2060.96997,2061.67993,2058.050049,2059.63989
2024-01-03 00:00:00+00:00,2059.63989,2065.65991,2059.26001,2065.15991
2024-01-03 04:00:00+00:00,2065.070068,2066.01001,2061.030029,2063.01001
2024-01-03 08:00:00+00:00,2063.050049,2064.36011,2046.83997,2047.54004
2024-01-03 12:00:00+00:00,2047.64001,2048.76001,2031.93005,2032.59998
2024-01-03 16:00:00+00:00,2033.01001,2042.23999,2030.73999,2036.76001
2024-01-03 20:00:00+00:00,2036.78003,2043.98999,2036.63,2043.050049
2024-01-04 00:00:00+00:00,2043.040039,2046.90002,2040.20996,2044.68994
2024-01-04 04:00:00+00:00,2044.59998,2049.57007,2042.48999,2047.70996
2024-01-04 08:00:00+00:00,2047.76001,2051.050049,2044.96997,2045.20996
2024-01-04 12:00:00+00:00,2045.15002,2047.68994,2036.31995,2045.10999
2024-01-04 16:00:00+00:00,2045.17004,2046.81006,2040.93005,2044.42004
2024-01-04 20:00:00+00:00,2044.53003,2044.91003,2042.89001,2044.21997
2024-01-05 00:00:00+00:00,2044.26001,2048.32007,2043.38,2045.38
2024-01-05 04:00:00+00:00,2045.40002,2047.089966,2040.95996,2043.18005
2024-01-05 08:00:00+00:00,2043.19995,2044.42004,2037.29004,2039.32996
2024-01-05 12:00:00+00:00,2039.34998,2062.73999,2024.71997,2061.88989
2024-01-05 16:00:00+00:00,2048.11011,2048.3999,2045.079956,2045.80005
2024-01-07 20:00:00+00:00,2044.68994,2045.73999,2043.01001,2044.38
2024-01-08 00:00:00+00:00,2044.41003,2046.68005,2035.17004,2036.16003
2024-01-08 04:00:00+00:00,2036.20996,2037.69995,2027.29004,2031.51001
2024-01-08 08:00:00+00:00,2031.29004,2031.83997,2017.37,2020.12
2024-01-08 12:00:00+00:00,2020.10999,2034.81995,2018.53003,2034.12
2024-01-08 16:00:00+00:00,2034.68994,2036.91003,2026.48999,2029.41003
2024-01-08 20:00:00+00:00,2029.40002,2030.98999,2026.18994,2030.87
2024-01-09 00:00:00+00:00,2030.93005,2035.93005,2030.81995,2033.66003
2024-01-09 04:00:00+00:00,2033.56995,2037.16003,2030.41003,2036.12
2024-01-09 08:00:00+00:00,2036.26001,2038.58997,2031.39001,2034.93994
2024-01-09 12:00:00+00:00,2035.089966,2041.84998,2028.90002,2028.91003
2024-01-09 16:00:00+00:00,2028.83997,2032.089966,2026.17004,2028.92004
2024-01-09 20:00:00+00:00,2029.069946,2031.30005,2028.41003,2030.84998
2024-01-10 00:00:00+00:00,2030.81995,2032.93005,2027.30005,2029.01001
2024-01-10 04:00:00+00:00,2029.030029,2031.71997,2023.98999,2031.089966
2024-01-10 08:00:00+00:00,2031.12,2040.14001,2030.34998,2034.030029
2024-01-10 12:00:00+00:00,2034.099976,2035.70996,2024.92004,2027.98999
2024-01-10 16:00:00+00:00,2027.95996,2028.55005,2020.55005,2024.079956
2024-01-10 20:00:00+00:00,2024.16003,2028.069946,2021.90002,2026.84998
2024-01-11 00:00:00+00:00,2026.88,2031.98999,2026.67004,2031.01001
2024-01-11 04:00:00+00:00,2030.95996,2035.81006,2030.94995,2033.95996
2024-01-11 08:00:00+00:00,2033.93005,2034.42004,2030.26001,2034.38
2024-01-11 12:00:00+00:00,2034.42004,2044.62,2025.10999,2029.18005
2024-01-11 16:00:00+00:00,2029.10999,2029.66003,2013.41003,2026.48999
2024-01-11 20:00:00+00:00,2026.79004,2035.58997,2023.56006,2035.30005
2024-01-12 00:00:00+00:00,2035.20996,2035.76001,2030.15002,2034.01001
2024-01-12 04:00:00+00:00,2033.98999,2039.41003,2032.90002,2037.57996
2024-01-12 08:00:00+00:00,2037.56995,2047.44995,2037.16003,2045.48999
2024-01-12 12:00:00+00:00,2045.58997,2062.28003,2044.46997,2053.76001
2024-01-12 16:00:00+00:00,2053.73999,2055.59009,2041.54004,2047.40002
2024-01-14 20:00:00+00:00,2047.96997,2048.71997,2046.44995,2047.68994
2024-01-15 00:00:00+00:00,2047.68005,2058.13989,2045.87,2057.48999
2024-01-15 04:00:00+00:00,2057.40991,2057.63989,2052.98999,2054.30005
2024-01-15 08:00:00+00:00,2054.42993,2058.65991,2051.61011,2053.38989
2024-01-15 12:00:00+00:00,2053.40991,2054.46997,2049.59009,2053.28003
2024-01-15 16:00:00+00:00,2053.28003,2056.32007,2053.26001,2054.87988
2024-01-15 20:00:00+00:00,2055.17993,2055.67993,2053.38989,2054.090088
2024-01-16 00:00:00+00:00,2054.36011,2054.61011,2048.44995,2049.57007
2024-01-16 04:00:00+00:00,2049.61011,2050.96997,2047.48999,2049.59009
2024-01-16 08:00:00+00:00,2049.48999,2050.17993,2038.53003,2039.95996
2024-01-16 12:00:00+00:00,2039.93994,2044.80005,2031.51001,2041.26001
2024-01-16 16:00:00+00:00,2041.23999,2041.30005,2024.35999,2029.43005
2024-01-16 20:00:00+00:00,2029.48999,2029.85999,2025.91003,2028.18994
2024-01-17 00:00:00+00:00,2028.23999,2032.96997,2023.48999,2024.12
2024-01-17 04:00:00+00:00,2024.089966,2026.26001,2017.70996,2025.92004
2024-01-17 08:00:00+00:00,2025.88,2028.37,2019.10999,2024.01001
2024-01-17 12:00:00+00:00,2024.01001,2029.050049,2006.23999,2008.96997
2024-01-17 16:00:00+00:00,2008.79004,2012.050049,2001.92004,2005.63
2024-01-17 20:00:00+00:00,2005.67004,2009.98999,2004.85999,2009.62
2024-01-18 00:00:00+00:00,2009.67004,2012.17004,2006.48999,2008.14001
2024-01-18 04:00:00+00:00,2008.13,2014.20996,2005.91003,2012.35999
2024-01-18 08:00:00+00:00,2012.26001,2013.56006,2008.26001,2012.66003
2024-01-18 12:00:00+00:00,2012.70996,2017.31006,2008.18994,2013.68005
2024-01-18 16:00:00+00:00,2013.68994,2021.15002,2013.15002,2019.89001
2024-01-18 20:00:00+00:00,2020.01001,2024.45996,2020.01001,2023.85999
2024-01-19 00:00:00+00:00,2023.85999,2025.60999,2022.079956,2022.94995
2024-01-19 04:00:00+00:00,2022.93994,2029.73999,2020.48999,2028.079956
2024-01-19 08:00:00+00:00,2027.96997,2032.079956,2026.31995,2031.68994
2024-01-19 12:00:00+00:00,2031.81006,2039.30005,2023.29004,2027.80005
2024-01-19 16:00:00+00:00,2027.81006,2029.56995,2023.35999,2029.26001
2024-01-21 20:00:00+00:00,2028.85999,2028.87,2027.01001,2027.64001
2024-01-22 00:00:00+00:00,2027.45996,2032.15002,2025.54004,2027.050049
2024-01-22 04:00:00+00:00,2027.040039,2027.23999,2019.18994,2021.87
2024-01-22 08:00:00+00:00,2021.62,2026.62,2020.58997,2026.17004
2024-01-22 12:00:00+00:00,2026.37,2030.17004,2016.63,2024.079956
2024-01-22 16:00:00+00:00,2024.16003,2024.59998,2019.21997,2021.099976
2024-01-22 20:00:00+00:00,2021.10999,2022.01001,2019.32996,2020.80005
2024-01-23 00:00:00+00:00,2020.89001,2028.01001,2019.66003,2027.55005
2024-01-23 04:00:00+00:00,2027.43005,2037.84998,2026.80005,2031.71997
2024-01-23 08:00:00+00:00,2031.79004,2031.79004,2022.45996,2024.040039
2024-01-23 12:00:00+00:00,2024.069946,2030.39001,2021.46997,2025.18005
2024-01-23 16:00:00+00:00,2025.20996,2030.69995,2022.70996,2029.95996
2024-01-23 20:00:00+00:00,2029.93994,2030.31995,2027.42004,2029.40002
2024-01-24 00:00:00+00:00,2029.33997,2029.33997,2023.82996,2024.84998
2024-01-24 04:00:00+00:00,2024.85999,2031.62,2022.90002,2029.62
2024-01-24 08:00:00+00:00,2029.81006,2034.29004,2028.31006,2033.43005
2024-01-24 12:00:00+00:00,2033.43994,2036.68994,2014.98999,2015.29004
2024-01-24 16:00:00+00:00,2015.33997,2019.83997,2011.19995,2012.21997
2024-01-24 20:00:00+00:00,2012.17004,2017.68994,2011.88,2016.41003
2024-01-25 00:00:00+00:00,2016.44995,2017.30005,2014.60999,2015.90002
2024-01-25 04:00:00+00:00,2015.78003,2018.28003,2013.67004,2015.82996
2024-01-25 08:00:00+00:00,2015.81995,2019.62,2012.76001,2017.59998
2024-01-25 12:00:00+00:00,2017.69995,2025.15002,2010.40002,2020.37
2024-01-25 16:00:00+00:00,2020.34998,2021.65002,2012.57996,2017.81006
2024-01-25 20:00:00+00:00,2018.050049,2022.069946,2016.98999,2020.65002
2024-01-26 00:00:00+00:00,2020.76001,2024.26001,2019.41003,2021.90002
2024-01-26 04:00:00+00:00,2021.84998,2023.56006,2019.93994,2021.46997
2024-01-26 08:00:00+00:00,2021.46997,2024.69995,2018.29004,2023.48999
2024-01-26 12:00:00+00:00,2023.48999,2026.84998,2016.29004,2017.12
2024-01-26 16:00:00+00:00,2016.90002,2019.42004,2016.060059,2017.089966
2024-01-28 20:00:00+00:00,2023.89001,2028.31006,2021.41003,2021.94995
2024-01-29 00:00:00+00:00,2021.92004,2026.40002,2019.35999,2025.68005
2024-01-29 04:00:00+00:00,2025.78003,2033.93994,2024.79004,2031.43005
2024-01-29 08:00:00+00:00,2031.42004,2033.68994,2025.57996,2028.20996
2024-01-29 12:00:00+00:00,2028.26001,2037.43994,2020.63,2025.53003
2024-01-29 16:00:00+00:00,2025.56006,2031.10999,2024.12,2026.97998
2024-01-29 20:00:00+00:00,2027.050049,2035.17004,2027.050049,2031.18005
2024-01-30 00:00:00+00:00,2031.18994,2034.17004,2029.92004,2032.18994
2024-01-30 04:00:00+00:00,2032.18005,2040.40002,2031.31006,2037.95996
2024-01-30 08:00:00+00:00,2037.93994,2039.41003,2031.54004,2034.41003
2024-01-30 12:00:00+00:00,2034.39001,2048.62012,2029.14001,2032.68005
2024-01-30 16:00:00+00:00,2032.71997,2037.12,2031.62,2036.18005
2024-01-30 20:00:00+00:00,2036.15002,2037.29004,2035.38,2036.54004
2024-01-31 00:00:00+00:00,2036.56006,2038.68005,2032.93005,2033.97998
2024-01-31 04:00:00+00:00,2033.93005,2038.65002,2033.31995,2036.70996
2024-01-31 08:00:00+00:00,2036.69995,2040.46997,2036.27002,2037.35999
2024-01-31 12:00:00+00:00,2037.38,2056.030029,2036.12,2052.3501
2024-01-31 16:00:00+00:00,2052.43994,2053.67993,2039.79004,2045.030029
2024-01-31 20:00:00+00:00,2045.030029,2046.02002,2031.040039,2039.97998
2024-02-01 00:00:00+00:00,2040.12,2049.56006,2039.35999,2046.31995
2024-02-01 04:00:00+00:00,2046.40002,2046.65002,2041.21997,2042.92004
2024-02-01 08:00:00+00:00,2042.93994,2042.93994,2030.15002,2033.52002
2024-02-01 12:00:00+00:00,2033.40002,2053.060059,2030.38,2051.97998
2024-02-01 16:00:00+00:00,2051.98999,2065.47998,2051.40991,2054.87988
2024-02-01 20:00:00+00:00,2054.82007,2056.3501,2053.56006,2054.92993
2024-02-02 00:00:00+00:00,2054.8999,2056.87988,2051.93994,2054.68994
2024-02-02 04:00:00+00:00,2054.6499,2057.01001,2054.13989,2055.11011
2024-02-02 08:00:00+00:00,2055.1001,2056.8501,2052.73999,2056.1001
2024-02-02 12:00:00+00:00,2056.1499,2057.65991,2027.96997,2035.079956
2024-02-02 16:00:00+00:00,2035.15002,2038.79004,2033.19995,2038.19995
2024-02-04 20:00:00+00:00,2041.70996,2042.31995,2039.23999,2039.41003
2024-02-05 00:00:00+00:00,2039.32996,2039.91003,2030.47998,2032.31006
2024-02-05 04:00:00+00:00,2032.29004,2033.43994,2026.91003,2027.58997
2024-02-05 08:00:00+00:00,2027.67004,2028.41003,2020.73999,2027.68005
2024-02-05 12:00:00+00:00,2027.79004,2028.089966,2014.96997,2017.90002
2024-02-05 16:00:00+00:00,2018.30005,2027.62,2017.93005,2026.050049
2024-02-05 20:00:00+00:00,2025.93005,2026.43005,2023.83997,2025.17004
2024-02-06 00:00:00+00:00,2025.15002,2028.58997,2023.55005,2024.01001
2024-02-06 04:00:00+00:00,2024.02002,2029.87,2023.65002,2026.39001
2024-02-06 08:00:00+00:00,2026.34998,2027.57996,2023.01001,2026.83997
2024-02-06 12:00:00+00:00,2026.81995,2038.12,2024.57996,2036.44995
2024-02-06 16:00:00+00:00,2036.38,2038.93005,2032.27002,2036.089966
2024-02-06 20:00:00+00:00,2036.18005,2037.030029,2034.60999,2035.31006
2024-02-07 00:00:00+00:00,2035.31006,2036.18994,2034.10999,2034.46997
2024-02-07 04:00:00+00:00,2034.43994,2036.13,2032.47998,2035.23999
2024-02-07 08:00:00+00:00,2035.27002,2035.84998,2031.31006,2034.18994
2024-02-07 12:00:00+00:00,2034.19995,2044.62,2030.65002,2038.38
2024-02-07 16:00:00+00:00,2038.44995,2040.97998,2034.079956,2035.69995
2024-02-07 20:00:00+00:00,2035.66003,2036.64001,2033.73999,2036.54004
2024-02-08 00:00:00+00:00,2036.51001,2038.69995,2031.89001,2032.92004
2024-02-08 04:00:00+00:00,2032.87,2035.15002,2031.26001,2032.92004
2024-02-08 08:00:00+00:00,2032.97998,2038.47998,2027.93994,2029.10999
2024-02-08 12:00:00+00:00,2029.17004,2033.92004,2020.26001,2032.01001
2024-02-08 16:00:00+00:00,2031.98999,2035.33997,2027.76001,2032.65002
2024-02-08 20:00:00+00:00,2032.69995,2035.10999,2032.63,2034.31995
2024-02-09 00:00:00+00:00,2034.20996,2035.19995,2032.02002,2033.62
2024-02-09 04:00:00+00:00,2033.66003,2034.97998,2032.16003,2033.59998
2024-02-09 08:00:00+00:00,2033.62,2034.12,2030.57996,2031.62
2024-02-09 12:00:00+00:00,2031.67004,2036.97998,2021.96997,2022.45996
2024-02-09 16:00:00+00:00,2022.47998,2026.39001,2020.37,2024.81006
2024-02-09 20:00:00+00:00,2024.81995,2026.32996,2023.97998,2024.63
2024-02-11 20:00:00+00:00,2026.46997,2026.78003,2024.46997,2025.51001
2024-02-12 00:00:00+00:00,2025.40002,2026.68994,2021.95996,2022.91003
2024-02-12 04:00:00+00:00,2022.93994,2026.46997,2022.67004,2025.67004
2024-02-12 08:00:00+00:00,2025.46997,2027.31995,2020.099976,2021.73999
2024-02-12 12:00:00+00:00,2021.66003,2027.54004,2012.20996,2013.19995
2024-02-12 16:00:00+00:00,2013.02002,2021.63,2011.95996,2019.19995
2024-02-12 20:00:00+00:00,2019.19995,2020.58997,2018.72998,2019.030029
2024-02-13 00:00:00+00:00,2019.02002,2021.26001,2016.96997,2018.65002
2024-02-13 04:00:00+00:00,2018.62,2025.88,2018.45996,2025.33997
2024-02-13 08:00:00+00:00,2025.31995,2029.34998,2024.56995,2027.69995
2024-02-13 12:00:00+00:00,2027.73999,2032.70996,1990.20996,1992.31006
2024-02-13 16:00:00+00:00,1992.38,1997.84998,1991.34998,1991.85999
2024-02-13 20:00:00+00:00,1991.81995,1993.71997,1990.82996,1991.62
2024-02-14 00:00:00+00:00,1991.56995,1993.55005,1988.92004,1992.47998
2024-02-14 04:00:00+00:00,1992.46997,1993.40002,1989.46997,1989.53003
2024-02-14 08:00:00+00:00,1989.62,1993.45996,1986.28003,1992.31995
2024-02-14 12:00:00+00:00,1992.31006,1993.33997,1984.26001,1987.91003
2024-02-14 16:00:00+00:00,1988.089966,1996.089966,1987.56006,1991.83997
2024-02-14 20:00:00+00:00,1991.83997,1993.91003,1989.55005,1993.81006
2024-02-15 00:00:00+00:00,1993.85999,1994.38,1990.35999,1990.90002
2024-02-15 04:00:00+00:00,1990.91003,1994.80005,1990.56006,1993.91003
2024-02-15 08:00:00+00:00,1993.90002,1998.18994,1993.62,1997.60999
2024-02-15 12:00:00+00:00,1997.59998,2008.22998,1995.92004,2000.93994
2024-02-15 16:00:00+00:00,2000.87,2006.48999,1998.62,2005.29004
2024-02-15 20:00:00+00:00,2005.18994,2005.21997,2003.47998,2003.52002
2024-02-16 00:00:00+00:00,2003.60999,2005.70996,2002.44995,2004.34998
2024-02-16 04:00:00+00:00,2004.33997,2006.56006,2002.81995,2005.23999
2024-02-16 08:00:00+00:00,2005.31006,2007.88,2003.91003,2007.38
2024-02-16 12:00:00+00:00,2007.38,2011.10999,1995.28003,2007.91003
2024-02-16 16:00:00+00:00,2008.15002,2015.22998,2007.29004,2012.70996
2024-02-16 20:00:00+00:00,2012.71997,2013.96997,2011.33997,2013.31006
2024-02-19 00:00:00+00:00,2019.77002,2022.93005,2018.65002,2019.93994
2024-02-19 04:00:00+00:00,2019.95996,2023.079956,2018.33997,2020.98999
2024-02-19 08:00:00+00:00,2021.14001,2021.32996,2018.28003,2018.41003
2024-02-19 12:00:00+00:00,2018.46997,2019.35999,2014.81006,2014.97998
2024-02-19 16:00:00+00:00,2014.82996,2018.59998,2013.31006,2017.89001
2024-02-19 20:00:00+00:00,2017.96997,2018.19995,2015.87,2016.26001
2024-02-20 00:00:00+00:00,2016.25,2019.19995,2015.089966,2018.37
2024-02-20 04:00:00+00:00,2018.35999,2022.93005,2017.80005,2021.55005
2024-02-20 08:00:00+00:00,2021.44995,2027.62,2020.82996,2026.90002
2024-02-20 12:00:00+00:00,2026.94995,2030.93994,2025.53003,2027.59998
2024-02-20 16:00:00+00:00,2027.53003,2028.93994,2024.81995,2025.13
2024-02-20 20:00:00+00:00,2025.18994,2025.18994,2023.60999,2024.30005
2024-02-21 00:00:00+00:00,2024.29004,2030.93994,2022.97998,2030.55005
2024-02-21 04:00:00+00:00,2030.59998,2032.32996,2028.42004,2028.91003
2024-02-21 08:00:00+00:00,2028.91003,2030.21997,2026.040039,2028.32996
2024-02-21 12:00:00+00:00,2028.31995,2031.56006,2024.14001,2024.23999
2024-02-21 16:00:00+00:00,2024.21997,2026.57996,2020.12,2026.02002
2024-02-21 20:00:00+00:00,2026.040039,2027.050049,2024.01001,2025.90002
2024-02-22 00:00:00+00:00,2025.88,2028.62,2025.099976,2026.33997
2024-02-22 04:00:00+00:00,2026.38,2032.02002,2025.58997,2031.52002
2024-02-22 08:00:00+00:00,2031.52002,2034.87,2027.35999,2029.060059
2024-02-22 12:00:00+00:00,2029.060059,2029.96997,2020.30005,2023.42004
2024-02-22 16:00:00+00:00,2023.38,2024.76001,2019.71997,2023.10999
2024-02-22 20:00:00+00:00,2023.099976,2026.15002,2022.62,2024.81006
2024-02-23 00:00:00+00:00,2024.92004,2027.45996,2022.83997,2025.81995
2024-02-23 04:00:00+00:00,2025.76001,2026.58997,2018.19995,2021.93005
2024-02-23 08:00:00+00:00,2021.96997,2024.060059,2016.089966,2023.93005
2024-02-23 12:00:00+00:00,2023.97998,2031.15002,2023.17004,2030.22998
2024-02-23 16:00:00+00:00,2030.34998,2041.41003,2030.22998,2037.40002
2024-02-23 20:00:00+00:00,2037.47998,2037.58997,2035.16003,2035.56006
2024-02-25 20:00:00+00:00,2034.099976,2035.060059,2032.95996,2034.089966
2024-02-26 00:00:00+00:00,2034.099976,2034.10999,2029.94995,2032.59998
2024-02-26 04:00:00+00:00,2032.58997,2035.40002,2031.95996,2035.16003
2024-02-26 08:00:00+00:00,2035.16003,2037.079956,2030.93005,2030.96997
2024-02-26 12:00:00+00:00,2031.01001,2034.5,2025.14001,2029.21997
2024-02-26 16:00:00+00:00,2029.22998,2030.33997,2026.60999,2029.79004
2024-02-26 20:00:00+00:00,2029.79004,2033.68994,2029.76001,2031.44995
2024-02-27 00:00:00+00:00,2031.37,2034.59998,2031.12,2033.5
2024-02-27 04:00:00+00:00,2033.51001,2036.30005,2032.85999,2035.45996
2024-02-27 08:00:00+00:00,2035.43994,2039.51001,2034.69995,2038.29004
2024-02-27 12:00:00+00:00,2038.29004,2039.16003,2033.16003,2033.81006
2024-02-27 16:00:00+00:00,2033.81995,2036.14001,2029.46997,2030.32996
2024-02-27 20:00:00+00:00,2030.32996,2030.92004,2028.83997,2030.16003
2024-02-28 00:00:00+00:00,2030.13,2033.80005,2029.18005,2030.98999
2024-02-28 04:00:00+00:00,2030.97998,2032.12,2027.90002,2028.15002
2024-02-28 08:00:00+00:00,2028.13,2029.30005,2024.56995,2027.38
2024-02-28 12:00:00+00:00,2027.35999,2037.91003,2027.01001,2031.89001
2024-02-28 16:00:00+00:00,2031.89001,2035.67004,2030.89001,2032.18994
2024-02-28 20:00:00+00:00,2032.23999,2035.60999,2032.16003,2034.73999
2024-02-29 00:00:00+00:00,2034.73999,2037.14001,2033.98999,2036.64001
2024-02-29 04:00:00+00:00,2036.63,2037.90002,2034.46997,2037.40002
2024-02-29 08:00:00+00:00,2037.39001,2037.55005,2028.91003,2030.35999
2024-02-29 12:00:00+00:00,2030.35999,2050.77002,2028.17004,2047.90002
2024-02-29 16:00:00+00:00,2048.19995,2048.44995,2043.34998,2044.52002
2024-02-29 20:00:00+00:00,2044.47998,2045.52002,2042.90002,2044.38
2024-03-01 00:00:00+00:00,2044.31995,2046.92004,2042.91003,2046.62
2024-03-01 04:00:00+00:00,2046.59998,2048.8999,2043.5,2045.47998
2024-03-01 08:00:00+00:00,2045.56006,2057.52002,2039.12,2055.43994
2024-03-01 12:00:00+00:00,2055.46997,2070.98999,2045.68994,2069.30005
2024-03-01 16:00:00+00:00,2069.32007,2088.3501,2069.30005,2085.32007
2024-03-01 20:00:00+00:00,2085.33008,2085.38989,2082.87012,2082.97998
2024-03-03 20:00:00+00:00,2082.37988,2086.30005,2082.21997,2083.56006
2024-03-04 00:00:00+00:00,2083.6499,2084.46997,2079.51001,2081.55005
2024-03-04 04:00:00+00:00,2081.48999,2088.37988,2080.3501,2087.48999
2024-03-04 08:00:00+00:00,2087.45996,2087.57007,2081.92993,2082.16992
2024-03-04 12:00:00+00:00,2082.17993,2109.38989,2081.23999,2109.1499
2024-03-04 16:00:00+00:00,2109.070068,2119.96997,2107.80005,2116.3501
2024-03-04 20:00:00+00:00,2116.43994,2118.62012,2113.65991,2114.62012
2024-03-05 00:00:00+00:00,2114.62988,2116.8999,2110.55005,2112.97998
2024-03-05 04:00:00+00:00,2113.090088,2119.75,2112.71997,2114.44995
2024-03-05 08:00:00+00:00,2114.48999,2127.36011,2114.48999,2124.53003
2024-03-05 12:00:00+00:00,2124.6001,2141.84009,2121.27002,2126.76001
2024-03-05 16:00:00+00:00,2127.040039,2134.78003,2123.72998,2129.6001
2024-03-05 20:00:00+00:00,2129.66992,2131.02002,2127.060059,2128.12012
2024-03-06 00:00:00+00:00,2128.1001,2128.19995,2123.78003,2124.87988
2024-03-06 04:00:00+00:00,2124.83008,2131.6001,2124.83008,2128.43994
2024-03-06 08:00:00+00:00,2128.3999,2132.63989,2124.42993,2132.56006
2024-03-06 12:00:00+00:00,2132.6001,2149.26001,2131.12988,2141.11011
2024-03-06 16:00:00+00:00,2141.01001,2152.21997,2139.51001,2144.47998
2024-03-06 20:00:00+00:00,2144.31006,2151.37012,2143.31006,2147.43994
2024-03-07 00:00:00+00:00,2147.48999,2152.55005,2144.3501,2151.84009
2024-03-07 04:00:00+00:00,2151.77002,2161.18994,2151.77002,2156.060059
2024-03-07 08:00:00+00:00,2156.18994,2159.8999,2153.3501,2156.11011
2024-03-07 12:00:00+00:00,2156.030029,2164.77002,2148.01001,2153.77002
2024-03-07 16:00:00+00:00,2153.78003,2160.93994,2149.48999,2160.12012
2024-03-07 20:00:00+00:00,2160.1001,2162.6499,2158.060059,2161.98999
2024-03-08 00:00:00+00:00,2162.030029,2163.6001,2154.090088,2157.68994
2024-03-08 04:00:00+00:00,2157.6499,2162.1001,2156.42993,2161.3999
2024-03-08 08:00:00+00:00,2161.42993,2171.070068,2161.15991,2168.3501
2024-03-08 12:00:00+00:00,2168.48999,2185.44995,2157.43994,2177.15991
2024-03-08 16:00:00+00:00,2177.28003,2195.18994,2168.38989,2176.37988
2024-03-08 20:00:00+00:00,2176.56006,2179.15991,2175.77002,2179.15991
2024-03-10 20:00:00+00:00,2179.84009,2183.90991,2177.27002,2181.68994
2024-03-11 00:00:00+00:00,2181.72998,2189.11011,2176.93994,2179.57007
2024-03-11 04:00:00+00:00,2179.59009,2182.78003,2176.96997,2182.37988
2024-03-11 08:00:00+00:00,2182.37988,2183.1001,2176.01001,2178.97998
2024-03-11 12:00:00+00:00,2179.090088,2185.76001,2174.93994,2184.38989
2024-03-11 16:00:00+00:00,2184.38989,2184.72998,2177.27002,2181.36011
2024-03-11 20:00:00+00:00,2181.31006,2184.81006,2180.8501,2183.71997
2024-03-12 00:00:00+00:00,2183.76001,2184.59009,2176.96997,2177.55005
2024-03-12 04:00:00+00:00,2177.51001,2179.30005,2173.80005,2177.090088
2024-03-12 08:00:00+00:00,2177.17993,2179.11011,2170.69995,2171.98999
2024-03-12 12:00:00+00:00,2171.98999,2181.97998,2152.77002,2163.070068
2024-03-12 16:00:00+00:00,2163.060059,2166.48999,2150.68994,2157.44995
2024-03-12 20:00:00+00:00,2157.44995,2161.51001,2155.88989,2157.030029
2024-03-13 00:00:00+00:00,2157.060059,2161.6499,2156.73999,2159.19995
2024-03-13 04:00:00+00:00,2159.15991,2161.52002,2157.28003,2159.86011
2024-03-13 08:00:00+00:00,2159.77002,2164.22998,2157.57007,2164.050049
2024-03-13 12:00:00+00:00,2164.1001,2174.53003,2161.62012,2171.82007
2024-03-13 16:00:00+00:00,2171.80005,2179.8999,2169.65991,2172.6499
2024-03-13 20:00:00+00:00,2172.68994,2176.23999,2172.43994,2175.55005
2024-03-14 00:00:00+00:00,2175.47998,2177.050049,2171.27002,2172.31006
2024-03-14 04:00:00+00:00,2172.3501,2172.52002,2167.48999,2168.65991
2024-03-14 08:00:00+00:00,2168.69995,2172.070068,2167.22998,2168.53003
2024-03-14 12:00:00+00:00,2168.53003,2170.23999,2152.92993,2157.27002
2024-03-14 16:00:00+00:00,2157.23999,2165.070068,2156.81006,2163.52002
2024-03-14 20:00:00+00:00,2163.55005,2163.93994,2160.94995,2161.71997
2024-03-15 00:00:00+00:00,2161.81006,2166.01001,2160.6499,2164.6499
2024-03-15 04:00:00+00:00,2164.67993,2170.11011,2163.6499,2167.11011
2024-03-15 08:00:00+00:00,2167.090088,2172.78003,2165.38989,2167.060059
2024-03-15 12:00:00+00:00,2167.060059,2167.40991,2156.6499,2160.1001
2024-03-15 16:00:00+00:00,2159.97998,2163.53003,2155.27002,2156.87988
2024-03-15 20:00:00+00:00,2156.96997,2158.3999,2155.57007,2155.90991
2024-03-17 20:00:00+00:00,2153.31006,2156.93994,2153.27002,2156.61011
2024-03-18 00:00:00+00:00,2156.57007,2157.56006,2146.15991,2146.84009
2024-03-18 04:00:00+00:00,2146.82007,2152.22998,2146.21997,2152.22998
2024-03-18 08:00:00+00:00,2152.11011,2161.32007,2150.22998,2161.13989
2024-03-18 12:00:00+00:00,2161.18994,2163.6001,2155.63989,2158.52002
2024-03-18 16:00:00+00:00,2158.31006,2161.22998,2154.62012,2160.23999
2024-03-18 20:00:00+00:00,2160.42993,2162.57007,2159.47998,2162.22998
2024-03-19 00:00:00+00:00,2162.18994,2162.90991,2158.67993,2161.62012
2024-03-19 04:00:00+00:00,2161.61011,2162.19995,2154.12012,2155.81006
2024-03-19 08:00:00+00:00,2155.87988,2156.78003,2147.22998,2155.6499
2024-03-19 12:00:00+00:00,2155.6499,2158.69995,2148.86011,2154.27002
2024-03-19 16:00:00+00:00,2154.37988,2157.97998,2153.22998,2157.90991
2024-03-19 20:00:00+00:00,2157.84009,2159.71997,2157.02002,2157.12012
2024-03-20 00:00:00+00:00,2157.1499,2160.090088,2155.27002,2159.92993
2024-03-20 04:00:00+00:00,2160.02002,2160.27002,2156.52002,2158.32007
2024-03-20 08:00:00+00:00,2158.40991,2158.40991,2152.3999,2154.030029
2024-03-20 12:00:00+00:00,2154.050049,2164.90991,2149.65991,2155.8999
2024-03-20 16:00:00+00:00,2155.90991,2188.8501,2155.68994,2182.8999
2024-03-20 20:00:00+00:00,2183.070068,2222.13989,2182.97998,2204.02002
2024-03-21 00:00:00+00:00,2203.8501,2212.13989,2192.52002,2202.8501
2024-03-21 04:00:00+00:00,2202.93994,2210.22998,2201.8999,2206.59009
2024-03-21 08:00:00+00:00,2206.55005,2211.8501,2196.98999,2207.57007
2024-03-21 12:00:00+00:00,2207.6001,2208.87988,2166.87988,2174.56006
2024-03-21 16:00:00+00:00,2174.71997,2184.050049,2173.13989,2181.52002
2024-03-21 20:00:00+00:00,2181.6001,2182.72998,2180.63989,2181.8999
2024-03-22 00:00:00+00:00,2181.84009,2186.13989,2171.96997,2173.86011
2024-03-22 04:00:00+00:00,2173.82007,2176.31006,2162.6499,2168.47998
2024-03-22 08:00:00+00:00,2168.27002,2170.1499,2165.1001,2166.1001
2024-03-22 12:00:00+00:00,2166.090088,2180.18994,2165.53003,2166.23999
2024-03-22 16:00:00+00:00,2166.22998,2167.52002,2157.19995,2163.84009
2024-03-22 20:00:00+00:00,2164.23999,2167.31006,2163.65991,2165.15991
2024-03-24 20:00:00+00:00,2166.36011,2168.96997,2165.27002,2168.43994
2024-03-25 00:00:00+00:00,2168.34009,2178.3999,2164.1001,2170.59009
2024-03-25 04:00:00+00:00,2170.6499,2171.65991,2163.68994,2165.94995
2024-03-25 08:00:00+00:00,2165.87988,2171.96997,2163.8999,2170.56006
2024-03-25 12:00:00+00:00,2170.6001,2181.26001,2170.3999,2175.59009
2024-03-25 16:00:00+00:00,2175.46997,2177.92993,2170.81006,2170.93994
2024-03-25 20:00:00+00:00,2171.050049,2173.6499,2170.77002,2173.01001
2024-03-26 00:00:00+00:00,2172.97998,2174.47998,2167.72998,2170.3999
2024-03-26 04:00:00+00:00,2170.3999,2174.27002,2169.71997,2173.02002
2024-03-26 08:00:00+00:00,2173.01001,2200.13989,2171.61011,2196.53003
2024-03-26 12:00:00+00:00,2196.8999,2197.26001,2171.81006,2174.47998
2024-03-26 16:00:00+00:00,2174.40991,2179.27002,2174.3999,2177.97998
2024-03-26 20:00:00+00:00,2177.98999,2180.02002,2174.68994,2179.47998
2024-03-27 00:00:00+00:00,2179.52002,2181.61011,2173.71997,2177.81006
2024-03-27 04:00:00+00:00,2177.78003,2180.8999,2175.84009,2180.59009
2024-03-27 08:00:00+00:00,2180.61011,2197.6499,2176.62012,2188.52002
2024-03-27 12:00:00+00:00,2188.34009,2195.26001,2183.6001,2190.52002
2024-03-27 16:00:00+00:00,2190.43994,2194.32007,2189.11011,2193.44995
2024-03-27 20:00:00+00:00,2193.93994,2195.22998,2190.31006,2190.72998
2024-03-28 00:00:00+00:00,2190.8501,2196.52002,2187.42993,2194.87988
2024-03-28 04:00:00+00:00,2194.8501,2200.6499,2192.73999,2193.6499
2024-03-28 08:00:00+00:00,2193.8501,2213.72998,2190.90991,2210.43994
2024-03-28 12:00:00+00:00,2210.44995,2217.060059,2202.3501,2215.96997
2024-03-28 16:00:00+00:00,2215.98999,2225.30005,2213.52002,2221.84009
2024-03-28 20:00:00+00:00,2221.32007,2236.32007,2219.68994,2233.1001
2024-03-31 20:00:00+00:00,2239.94995,2247.3501,2235.78003,2245.90991
2024-04-01 00:00:00+00:00,2246.6001,2265.22998,2244.02002,2264.51001
2024-04-01 04:00:00+00:00,2264.52002,2265.72998,2256.93994,2257.56006
2024-04-01 08:00:00+00:00,2257.43994,2260.22998,2245.6499,2246.8999
2024-04-01 12:00:00+00:00,2247.1001,2257.8999,2228.59009,2239.81006
2024-04-01 16:00:00+00:00,2239.6001,2244.71997,2234.82007,2244.71997
2024-04-01 20:00:00+00:00,2244.81006,2255.93994,2243.11011,2249.070068
2024-04-02 00:00:00+00:00,2249.030029,2255.34009,2246.81006,2251.6499
2024-04-02 04:00:00+00:00,2251.81006,2259.8999,2250.52002,2256.47998
2024-04-02 08:00:00+00:00,2256.22998,2266.80005,2255.6499,2260.65991
2024-04-02 12:00:00+00:00,2260.68994,2276.97998,2250.97998,2258.65991
2024-04-02 16:00:00+00:00,2258.71997,2279.37988,2254.28003,2277.67993
2024-04-02 20:00:00+00:00,2277.52002,2288.42993,2275.82007,2280.02002
2024-04-03 00:00:00+00:00,2279.73999,2288.050049,2276.76001,2285.15991
2024-04-03 04:00:00+00:00,2285.30005,2287.060059,2270.82007,2271.26001
2024-04-03 08:00:00+00:00,2270.97998,2276.1001,2267.69995,2273.78003
2024-04-03 12:00:00+00:00,2274.060059,2288.27002,2265.77002,2286.30005
2024-04-03 16:00:00+00:00,2286.40991,2298.90991,2280.88989,2297.6001
2024-04-03 20:00:00+00:00,2297.65991,2302.58008,2296.40991,2297.68994
2024-04-04 00:00:00+00:00,2297.61011,2304.77002,2297.40991,2299.21997
2024-04-04 04:00:00+00:00,2299.18994,2300.72998,2291.93994,2293.22998
2024-04-04 08:00:00+00:00,2293.1001,2295.22998,2288.97998,2289.36011
2024-04-04 12:00:00+00:00,2289.55005,2299.47998,2282.93994,2292.15991
2024-04-04 16:00:00+00:00,2292.15991,2305.46997,2280.02002,2285.1499
2024-04-04 20:00:00+00:00,2285.23999,2293.43994,2284.94995,2288.77002
2024-04-05 00:00:00+00:00,2288.96997,2290.37988,2267.97998,2276.86011
2024-04-05 04:00:00+00:00,2276.81006,2290.72998,2276.63989,2289.22998
2024-04-05 08:00:00+00:00,2289.13989,2296.070068,2284.98999,2291.27002
2024-04-05 12:00:00+00:00,2291.1499,2328.3999,2280.47998,2326.28003
2024-04-05 16:00:00+00:00,2326.050049,2330.27002,2320.80005,2323.43994
2024-04-05 20:00:00+00:00,2323.3501,2330.01001,2322.93994,2329.83008
2024-04-07 21:00:00+00:00,2307.6499,2314.31006,2306.1499,2306.31006
2024-04-08 01:00:00+00:00,2305.92993,2353.81006,2303.02002,2342.23999
2024-04-08 05:00:00+00:00,2342.23999,2343.69995,2331.8999,2336.42993
2024-04-08 09:00:00+00:00,2336.3501,2343.63989,2323.18994,2329.1001
2024-04-08 13:00:00+00:00,2329.1001,2335.61011,2318.8999,2328.56006
2024-04-08 17:00:00+00:00,2328.6499,2342.1001,2327.6499,2338.93994
2024-04-08 21:00:00+00:00,2337.97998,2341.72998,2337.060059,2340.8999
2024-04-09 01:00:00+00:00,2341.060059,2348.34009,2337.8999,2344.31006
2024-04-09 05:00:00+00:00,2344.26001,2359.27002,2343.19995,2357.62012
2024-04-09 09:00:00+00:00,2357.61011,2365.3501,2345.8501,2349.55005
2024-04-09 13:00:00+00:00,2349.43994,2364.32007,2338.37988,2345.1001
2024-04-09 17:00:00+00:00,2344.90991,2354.6001,2342.12012,2352.37988
2024-04-09 21:00:00+00:00,2353.43994,2355.63989,2350.55005,2351.71997
2024-04-10 01:00:00+00:00,2351.77002,2356.80005,2344.82007,2356.31006
2024-04-10 05:00:00+00:00,2356.27002,2360.1001,2352.43994,2354.63989
2024-04-10 09:00:00+00:00,2354.6499,2354.8999,2327.93994,2338.3999
2024-04-10 13:00:00+00:00,2338.46997,2352.42993,2319.43994,2337.27002
2024-04-10 17:00:00+00:00,2337.34009,2344.8999,2326.11011,2333.72998
2024-04-10 21:00:00+00:00,2333.87988,2337.3501,2333.38989,2335.26001
2024-04-11 01:00:00+00:00,2335.3501,2346.8999,2334.13989,2342.97998
2024-04-11 05:00:00+00:00,2343.18994,2344.62012,2325.93994,2328.02002
2024-04-11 09:00:00+00:00,2328.3999,2344.40991,2328.070068,2341.27002
2024-04-11 13:00:00+00:00,2341.3501,2350.78003,2332.46997,2349.87988
2024-04-11 17:00:00+00:00,2349.92993,2377.72998,2348.27002,2372.46997
2024-04-11 21:00:00+00:00,2371.76001,2379.61011,2371.67993,2378.77002
2024-04-12 01:00:00+00:00,2378.8999,2395.37988,2378.8999,2384.22998
2024-04-12 05:00:00+00:00,2384.30005,2400.72998,2383.51001,2396.76001
2024-04-12 09:00:00+00:00,2396.81006,2400.48999,2390.47998,2395.8501
2024-04-12 13:00:00+00:00,2396.070068,2431.51001,2361.050049,2369.40991
2024-04-12 17:00:00+00:00,2369.81006,2373.030029,2333.90991,2344.25
2024-04-14 21:00:00+00:00,2356.5,2366.01001,2350.61011,2353.27002
2024-04-15 01:00:00+00:00,2353.3999,2364.80005,2348.43994,2356.69995
2024-04-15 05:00:00+00:00,2356.52002,2362.52002,2344.94995,2351.69995
2024-04-15 09:00:00+00:00,2351.69995,2361.30005,2346.47998,2357.3501
2024-04-15 13:00:00+00:00,2357.62012,2361.1001,2324.53003,2357.32007
2024-04-15 17:00:00+00:00,2357.02002,2387.43994,2354.18994,2383.18994
2024-04-15 21:00:00+00:00,2381.28003,2392.19995,2380.23999,2383.61011
2024-04-16 01:00:00+00:00,2383.52002,2389.38989,2379.29004,2386.15991
2024-04-16 05:00:00+00:00,2386.21997,2389.1001,2363.070068,2369.48999
2024-04-16 09:00:00+00:00,2369.76001,2378.18994,2367.65991,2376.21997
2024-04-16 13:00:00+00:00,2376.40991,2398.1001,2363.56006,2397.46997
2024-04-16 17:00:00+00:00,2397.63989,2397.72998,2378.59009,2382.92993
2024-04-16 21:00:00+00:00,2383.43994,2387.1001,2380.84009,2384.52002
2024-04-17 01:00:00+00:00,2384.47998,2386.19995,2380.36011,2382.090088
2024-04-17 05:00:00+00:00,2382.090088,2393.53003,2372.8501,2392.93994
2024-04-17 09:00:00+00:00,2393.030029,2394.34009,2378.37988,2383.43994
2024-04-17 13:00:00+00:00,2383.30005,2395.62012,2361.22998,2372.52002
2024-04-17 17:00:00+00:00,2372.51001,2379.21997,2354.91992,2361.36011
2024-04-17 21:00:00+00:00,2363.63989,2370.070068,2363.63989,2369.86011
2024-04-18 01:00:00+00:00,2369.97998,2376.57007,2364.12012,2375.1499
2024-04-18 05:00:00+00:00,2375.19995,2381.060059,2373.8999,2380.050049
2024-04-18 09:00:00+00:00,2379.8501,2387.47998,2377.3999,2385.52002
2024-04-18 13:00:00+00:00,2385.61011,2392.8501,2369.77002,2388.02002
2024-04-18 17:00:00+00:00,2387.94995,2389.3999,2377.1001,2378.96997
2024-04-18 21:00:00+00:00,2378.8501,2381.56006,2373.88989,2379.62012
2024-04-19 01:00:00+00:00,2379.52002,2417.79004,2378.86011,2383.63989
2024-04-19 05:00:00+00:00,2383.47998,2393.8999,2378.1001,2384.42993
2024-04-19 09:00:00+00:00,2384.32007,2386.02002,2372.90991,2381.61011
2024-04-19 13:00:00+00:00,2381.6001,2399.68994,2373.22998,2399.67993
2024-04-19 17:00:00+00:00,2399.68994,2402.02002,2386.73999,2392.38989
2024-04-21 21:00:00+00:00,2383.81006,2387.86011,2381.15991,2382.30005
2024-04-22 01:00:00+00:00,2382.23999,2384.30005,2362.18994,2369.71997
2024-04-22 05:00:00+00:00,2369.68994,2370.52002,2351.63989,2359.67993
2024-04-22 09:00:00+00:00,2359.77002,2363.73999,2333.12012,2336.94995
2024-04-22 13:00:00+00:00,2336.93994,2343.87988,2329.01001,2329.8999
2024-04-22 17:00:00+00:00,2330.21997,2334.93994,2325.3501,2327.42993
2024-04-22 21:00:00+00:00,2329.22998,2334.01001,2327.060059,2332.76001
2024-04-23 01:00:00+00:00,2332.82007,2334.46997,2295.77002,2305.62012
2024-04-23 05:00:00+00:00,2305.63989,2314.82007,2299.02002,2303.32007
2024-04-23 09:00:00+00:00,2302.87012,2313.6001,2291.65991,2311.8999
2024-04-23 13:00:00+00:00,2311.030029,2332.1001,2309.63989,2330.48999
2024-04-23 17:00:00+00:00,2330.42993,2331.3999,2321.34009,2322.23999
2024-04-23 21:00:00+00:00,2322.51001,2324.36011,2320.86011,2321.01001
2024-04-24 01:00:00+00:00,2320.86011,2330.1001,2315.84009,2326.78003
2024-04-24 05:00:00+00:00,2326.76001,2331.21997,2316.19995,2319.17993
2024-04-24 09:00:00+00:00,2318.97998,2323.52002,2311.93994,2323.37012
2024-04-24 13:00:00+00:00,2323.17993,2337.15991,2316.59009,2325.02002
2024-04-24 17:00:00+00:00,2325.1499,2330.57007,2313.8501,2316.12988
2024-04-24 21:00:00+00:00,2316.40991,2319.32007,2315.53003,2319.27002
2024-04-25 01:00:00+00:00,2319.18994,2322.1001,2305.19995,2315.3999
2024-04-25 05:00:00+00:00,2315.6001,2328.8501,2314.57007,2326.94995
2024-04-25 09:00:00+00:00,2326.8999,2334.73999,2323.3501,2330.87988
2024-04-25 13:00:00+00:00,2330.81006,2344.80005,2312.90991,2328.81006
2024-04-25 17:00:00+00:00,2328.90991,2336.48999,2326.3501,2332.53003
2024-04-25 21:00:00+00:00,2332.68994,2333.51001,2328.8501,2329.97998
2024-04-26 01:00:00+00:00,2329.97998,2338.090088,2326.43994,2335.97998
2024-04-26 05:00:00+00:00,2335.8501,2350.19995,2334.060059,2347.090088
2024-04-26 09:00:00+00:00,2347.11011,2352.63989,2340.73999,2344.80005
2024-04-26 13:00:00+00:00,2345.18994,2350.46997,2328.8501,2333.76001
2024-04-26 17:00:00+00:00,2333.68994,2341.48999,2332.76001,2338.12012
2024-04-28 21:00:00+00:00,2334.71997,2336.87988,2330.73999,2332.15991
2024-04-29 01:00:00+00:00,2331.92993,2333.31006,2320.22998,2332.72998
2024-04-29 05:00:00+00:00,2332.46997,2341.32007,2327.56006,2338.12012
2024-04-29 09:00:00+00:00,2338.1001,2344.38989,2328.38989,2332.1499
2024-04-29 13:00:00+00:00,2331.97998,2346.68994,2325.8501,2342.8501
2024-04-29 17:00:00+00:00,2342.56006,2346.61011,2333.1001,2335.52002
2024-04-29 21:00:00+00:00,2334.57007,2336.22998,2331.82007,2334.070068
2024-04-30 01:00:00+00:00,2334.060059,2336.18994,2325.090088,2326.48999
2024-04-30 05:00:00+00:00,2326.48999,2326.96997,2310.93994,2312.96997
2024-04-30 09:00:00+00:00,2312.84009,2318.02002,2304.77002,2306.17993
2024-04-30 13:00:00+00:00,2306.1001,2313.27002,2293.3501,2294.90991
2024-04-30 17:00:00+00:00,2294.81006,2297.6001,2285.15991,2286.30005
2024-04-30 21:00:00+00:00,2287.55005,2293.23999,2286.67993,2286.97998
2024-05-01 01:00:00+00:00,2286.8999,2289.52002,2281.73999,2283.31006
2024-05-01 05:00:00+00:00,2283.27002,2289.80005,2282.6499,2286.3999
2024-05-01 09:00:00+00:00,2286.3999,2300.090088,2285.84009,2298.3501
2024-05-01 13:00:00+00:00,2298.31006,2310.48999,2295.31006,2303.8501
2024-05-01 17:00:00+00:00,2303.8999,2328.27002,2296.54004,2319.61011
2024-05-01 21:00:00+00:00,2319.52002,2326.070068,2318.55005,2324.62012
2024-05-02 01:00:00+00:00,2324.40991,2326.48999,2317.42993,2318.27002
2024-05-02 05:00:00+00:00,2318.1499,2319.060059,2303.18994,2304.12012
2024-05-02 09:00:00+00:00,2304.02002,2305.37988,2293.65991,2294.56006
2024-05-02 13:00:00+00:00,2294.59009,2307.01001,2285.65991,2299.68994
2024-05-02 17:00:00+00:00,2299.71997,2309.51001,2299.38989,2303.65991
2024-05-02 21:00:00+00:00,2304.01001,2305.78003,2300.31006,2304.050049
2024-05-03 01:00:00+00:00,2304.030029,2308.1001,2300.02002,2307.48999
2024-05-03 05:00:00+00:00,2307.71997,2308.86011,2297.86011,2301.40991
2024-05-03 09:00:00+00:00,2301.43994,2320.52002,2294.72998,2304.72998
2024-05-03 13:00:00+00:00,2304.65991,2309.02002,2277.6001,2299.32007
2024-05-03 17:00:00+00:00,2299.31006,2303.47998,2296.1001,2301.88989
2024-05-05 21:00:00+00:00,2301.93994,2302.92993,2291.90991,2296.11011
2024-05-06 01:00:00+00:00,2296.12012,2315.42993,2296.12012,2309.31006
2024-05-06 05:00:00+00:00,2309.26001,2324.11011,2308.80005,2318.3501
2024-05-06 09:00:00+00:00,2318.3501,2330.27002,2314.80005,2323.38989
2024-05-06 13:00:00+00:00,2323.3501,2331.97998,2318.28003,2325.59009
2024-05-06 17:00:00+00:00,2325.62012,2328.82007,2321.11011,2324.030029
2024-05-06 21:00:00+00:00,2324.76001,2329.53003,2322.28003,2329.27002
2024-05-07 01:00:00+00:00,2329.31006,2329.97998,2319.68994,2322.68994
2024-05-07 05:00:00+00:00,2322.62012,2323.32007,2311.8501,2315.77002
2024-05-07 09:00:00+00:00,2315.77002,2317.44995,2310.1001,2316.1001
2024-05-07 13:00:00+00:00,2316.1499,2323.68994,2312.48999,2312.57007
2024-05-07 17:00:00+00:00,2312.71997,2317.52002,2311.13989,2313.97998
2024-05-07 21:00:00+00:00,2314.030029,2316.82007,2313.8999,2314.26001
2024-05-08 01:00:00+00:00,2314.27002,2319.36011,2307.19995,2319.3501
2024-05-08 05:00:00+00:00,2319.3501,2321.42993,2303.73999,2307.3999
2024-05-08 09:00:00+00:00,2307.36011,2318.98999,2307.1499,2314.77002
2024-05-08 13:00:00+00:00,2314.62012,2321.12012,2307.19995,2317.070068
2024-05-08 17:00:00+00:00,2317.11011,2317.6001,2308.050049,2308.96997
2024-05-08 21:00:00+00:00,2308.76001,2310.98999,2307.93994,2309.3501
2024-05-09 01:00:00+00:00,2309.38989,2315.32007,2308.030029,2314.6001
2024-05-09 05:00:00+00:00,2314.6499,2319.80005,2307.72998,2310.43994
2024-05-09 09:00:00+00:00,2310.28003,2329.3501,2306.81006,2326.72998
2024-05-09 13:00:00+00:00,2326.73999,2338.44995,2312.48999,2329.8501
2024-05-09 17:00:00+00:00,2329.82007,2347.27002,2329.37988,2346.1001
2024-05-09 21:00:00+00:00,2346.28003,2349.050049,2345.34009,2347.62012
2024-05-10 01:00:00+00:00,2347.67993,2355.8999,2347.27002,2354.030029
2024-05-10 05:00:00+00:00,2354.050049,2372.1499,2353.84009,2369.61011
2024-05-10 09:00:00+00:00,2369.93994,2378.40991,2362.050049,2364.8999
2024-05-10 13:00:00+00:00,2365.15991,2373.01001,2356.73999,2368.3999
2024-05-10 17:00:00+00:00,2368.17993,2370.98999,2359.87988,2360.44995
2024-05-12 21:00:00+00:00,2361.61011,2364.56006,2359.81006,2364.070068
2024-05-13 01:00:00+00:00,2364.11011,2364.18994,2354.3999,2354.3999
2024-05-13 05:00:00+00:00,2354.3501,2355.1499,2341.68994,2343.36011
2024-05-13 09:00:00+00:00,2343.3501,2349.87988,2338.56006,2347.17993
2024-05-13 13:00:00+00:00,2347.40991,2349.3999,2332.37988,2336.84009
2024-05-13 17:00:00+00:00,2336.8501,2338.47998,2334.53003,2336.28003
2024-05-13 21:00:00+00:00,2336.42993,2339.76001,2334.93994,2336.53003
2024-05-14 01:00:00+00:00,2336.6499,2344.92993,2336.56006,2344.11011
2024-05-14 05:00:00+00:00,2344.1001,2345.96997,2336.17993,2343.8501
2024-05-14 09:00:00+00:00,2343.84009,2350.17993,2337.050049,2348.28003
2024-05-14 13:00:00+00:00,2348.3501,2356.48999,2345.090088,2354.27002
2024-05-14 17:00:00+00:00,2354.27002,2359.65991,2352.11011,2357.94995
2024-05-14 21:00:00+00:00,2357.17993,2358.01001,2355.01001,2355.87988
2024-05-15 01:00:00+00:00,2355.72998,2361.02002,2354.97998,2357.060059
2024-05-15 05:00:00+00:00,2357.030029,2374.30005,2355.81006,2373.26001
2024-05-15 09:00:00+00:00,2373.57007,2378.92993,2359.56006,2372.67993
2024-05-15 13:00:00+00:00,2372.43994,2386.68994,2351.90991,2383.53003
2024-05-15 17:00:00+00:00,2383.82007,2390.22998,2383.6499,2386.01001
2024-05-15 21:00:00+00:00,2385.25,2395.1499,2385.25,2395.030029
2024-05-16 01:00:00+00:00,2395.1499,2397.3999,2386.6499,2391.3999
2024-05-16 05:00:00+00:00,2391.43994,2394.56006,2385.050049,2386.17993
2024-05-16 09:00:00+00:00,2386.1499,2387.82007,2378.43994,2379.19995
2024-05-16 13:00:00+00:00,2378.90991,2383.86011,2371.1001,2382.02002
2024-05-16 17:00:00+00:00,2382.090088,2382.53003,2376.030029,2376.72998
2024-05-16 21:00:00+00:00,2377.6001,2379.73999,2377.56006,2378.060059
2024-05-17 01:00:00+00:00,2378.060059,2381.26001,2374.1001,2378.93994
2024-05-17 05:00:00+00:00,2378.90991,2387.8501,2378.63989,2384.27002
2024-05-17 09:00:00+00:00,2384.22998,2394.090088,2381.81006,2393.34009
2024-05-17 13:00:00+00:00,2393.71997,2419.15991,2393.71997,2407.93994
2024-05-17 17:00:00+00:00,2407.73999,2422.77002,2405.82007,2414.69995
2024-05-19 21:00:00+00:00,2417.78003,2426.51001,2416.6001,2425.46997
2024-05-20 01:00:00+00:00,2425.46997,2440.56006,2425.46997,2437.37988
2024-05-20 05:00:00+00:00,2437.42993,2450.060059,2432.050049,2440.19995
2024-05-20 09:00:00+00:00,2440.030029,2447.26001,2407.56006,2413.94995
2024-05-20 13:00:00+00:00,2413.42993,2428.1499,2410.56006,2426.62012
2024-05-20 17:00:00+00:00,2426.68994,2437.3501,2423.36011,2426.36011
2024-05-20 21:00:00+00:00,2427.40991,2430.6499,2424.47998,2428.96997
2024-05-21 01:00:00+00:00,2429.090088,2433.02002,2406.32007,2412.47998
2024-05-21 05:00:00+00:00,2412.57007,2422.1499,2408.67993,2418.80005
2024-05-21 09:00:00+00:00,2418.6499,2430.030029,2412.32007,2426.3501
2024-05-21 13:00:00+00:00,2426.3999,2433.88989,2418.11011,2422.92993
2024-05-21 17:00:00+00:00,2423.36011,2425.090088,2417.68994,2420.87988
2024-05-21 21:00:00+00:00,2420.96997,2423.18994,2420.47998,2420.6001
2024-05-22 01:00:00+00:00,2420.6001,2426.55005,2412.23999,2412.97998
2024-05-22 05:00:00+00:00,2412.93994,2418.59009,2410.71997,2416.96997
2024-05-22 09:00:00+00:00,2417.1001,2419.40991,2405.1001,2412.53003
2024-05-22 13:00:00+00:00,2412.51001,2413.34009,2382.31006,2392.060059
2024-05-22 17:00:00+00:00,2392.060059,2394.37988,2375.070068,2378.75
2024-05-22 21:00:00+00:00,2378.97998,2383.77002,2378.92993,2380.43994
2024-05-23 01:00:00+00:00,2380.3999,2381.93994,2366.81006,2372.86011
2024-05-23 05:00:00+00:00,2372.8501,2373.18994,2355.18994,2360.51001
2024-05-23 09:00:00+00:00,2360.27002,2369.47998,2358.90991,2362.76001
2024-05-23 13:00:00+00:00,2363.01001,2369.8501,2340.18994,2341.060059
2024-05-23 17:00:00+00:00,2341.070068,2343.1001,2327.27002,2328.62012
2024-05-23 21:00:00+00:00,2328.86011,2333.6499,2327.62012,2329.1499
2024-05-24 01:00:00+00:00,2329.1499,2335.27002,2325.47998,2335.21997
2024-05-24 05:00:00+00:00,2334.78003,2341.060059,2333.27002,2340.22998
2024-05-24 09:00:00+00:00,2340.28003,2343.93994,2336.44995,2339.44995
2024-05-24 13:00:00+00:00,2339.51001,2347.31006,2332.47998,2334.3501
2024-05-24 17:00:00+00:00,2334.32007,2336.8501,2331.96997,2334.02002
2024-05-26 21:00:00+00:00,2340.27002,2340.68994,2334.57007,2336.27002
2024-05-27 01:00:00+00:00,2336.51001,2347.63989,2334.71997,2343.090088
2024-05-27 05:00:00+00:00,2343.02002,2346.22998,2338.22998,2344.28003
2024-05-27 09:00:00+00:00,2344.21997,2349.6499,2342.51001,2347.27002
2024-05-27 13:00:00+00:00,2347.46997,2358.46997,2344.72998,2355.02002
2024-05-27 17:00:00+00:00,2355.02002,2355.21997,2350.93994,2350.97998
2024-05-27 21:00:00+00:00,2352.070068,2353.90991,2351.17993,2351.87988
2024-05-28 01:00:00+00:00,2351.86011,2356.38989,2349.31006,2351.060059
2024-05-28 05:00:00+00:00,2351.070068,2353.72998,2340.43994,2344.97998
2024-05-28 09:00:00+00:00,2344.98999,2357.12012,2342.38989,2353.34009
2024-05-28 13:00:00+00:00,2353.19995,2364.090088,2348.01001,2356.77002
2024-05-28 17:00:00+00:00,2356.77002,2361.46997,2352.88989,2361.28003
2024-05-28 21:00:00+00:00,2362.3999,2362.59009,2357.48999,2357.93994
2024-05-29 01:00:00+00:00,2357.94995,2360.94995,2354.52002,2358.3501
2024-05-29 05:00:00+00:00,2358.44995,2361.3999,2345.030029,2345.060059
2024-05-29 09:00:00+00:00,2345.18994,2347.3501,2334.71997,2337.65991
2024-05-29 13:00:00+00:00,2337.67993,2347.18994,2336.050049,2341.92993
2024-05-29 17:00:00+00:00,2341.93994,2344.37988,2336.22998,2338.26001
2024-05-29 21:00:00+00:00,2338.15991,2339.27002,2334.1001,2336.93994
2024-05-30 01:00:00+00:00,2336.97998,2339.93994,2328.28003,2335.3501
2024-05-30 05:00:00+00:00,2335.31006,2337.77002,2322.72998,2335.070068
2024-05-30 09:00:00+00:00,2335.12012,2345.27002,2330.80005,2341.32007
2024-05-30 13:00:00+00:00,2341.38989,2351.81006,2339.90991,2347.93994
2024-05-30 17:00:00+00:00,2347.92993,2348.87988,2339.96997,2343.1001
2024-05-30 21:00:00+00:00,2344.26001,2347.51001,2342.17993,2346.34009
2024-05-31 01:00:00+00:00,2346.3999,2347.80005,2337.1001,2344.22998
2024-05-31 05:00:00+00:00,2344.060059,2347.11011,2339.80005,2343.31006
2024-05-31 09:00:00+00:00,2343.30005,2356.81006,2341.060059,2354.8501
2024-05-31 13:00:00+00:00,2354.93994,2359.71997,2327.78003,2332.98999
2024-05-31 17:00:00+00:00,2333.070068,2333.8999,2320.6499,2327.38989
2024-06-02 21:00:00+00:00,2326.42993,2327.53003,2324.070068,2327.17993
2024-06-03 01:00:00+00:00,2327.26001,2331.090088,2320.1499,2321.42993
2024-06-03 05:00:00+00:00,2321.38989,2328.93994,2314.80005,2325.47998
2024-06-03 09:00:00+00:00,2325.57007,2334.40991,2324.3999,2334.1001
2024-06-03 13:00:00+00:00,2334.060059,2349.8501,2329.93994,2349.21997
2024-06-03 17:00:00+00:00,2349.73999,2354.72998,2344.81006,2350.72998
2024-06-03 21:00:00+00:00,2351.92993,2352.80005,2349.88989,2350.76001
2024-06-04 01:00:00+00:00,2350.71997,2352.37988,2343.34009,2349.3999
2024-06-04 05:00:00+00:00,2349.22998,2351.80005,2332.42993,2333.37988
2024-06-04 09:00:00+00:00,2333.3501,2336.050049,2325.46997,2335.18994
2024-06-04 13:00:00+00:00,2335.62012,2337.98999,2315.72998,2324.070068
2024-06-04 17:00:00+00:00,2323.98999,2330.3999,2323.8501,2327.01001
2024-06-04 21:00:00+00:00,2327.69995,2329.6499,2327.63989,2328.22998
2024-06-05 01:00:00+00:00,2328.23999,2338.26001,2325.97998,2338.12012
2024-06-05 05:00:00+00:00,2338.1001,2341.76001,2328.21997,2332.68994
2024-06-05 09:00:00+00:00,2332.8501,2344.090088,2329.57007,2342.27002
2024-06-05 13:00:00+00:00,2342.22998,2357.3999,2334.27002,2352.68994
2024-06-05 17:00:00+00:00,2352.68994,2356.72998,2351.76001,2355.30005
2024-06-05 21:00:00+00:00,2357.050049,2357.57007,2354.6001,2355.78003
2024-06-06 01:00:00+00:00,2355.76001,2374.88989,2355.68994,2369.52002
2024-06-06 05:00:00+00:00,2369.51001,2371.46997,2360.030029,2362.96997
2024-06-06 09:00:00+00:00,2362.97998,2365.060059,2355.31006,2357.68994
2024-06-06 13:00:00+00:00,2357.67993,2378.47998,2353.6499,2372.94995
2024-06-06 17:00:00+00:00,2373.01001,2376.090088,2369.060059,2375.8999
2024-06-06 21:00:00+00:00,2376.70996,2379.34009,2375.78003,2378.52002
2024-06-07 01:00:00+00:00,2378.86011,2387.55005,2369.55005,2386.72998
2024-06-07 05:00:00+00:00,2386.77002,2387.77002,2342.6499,2347.3999
2024-06-07 09:00:00+00:00,2347.27002,2347.97998,2313.56006,2319.47998
2024-06-07 13:00:00+00:00,2319.59009,2328.1499,2303.21997,2311.77002
2024-06-07 17:00:00+00:00,2311.8999,2312.42993,2286.87988,2294.01001
2024-06-09 21:00:00+00:00,2297.34009,2300.15991,2294.27002,2297.12012
2024-06-10 01:00:00+00:00,2297.12012,2300.96997,2292.87988,2294.8999
2024-06-10 05:00:00+00:00,2294.90991,2297.6001,2287.86011,2292.72998
2024-06-10 09:00:00+00:00,2292.61011,2308.6499,2291.93994,2306.22998
2024-06-10 13:00:00+00:00,2306.38989,2313.82007,2300.52002,2313.01001
2024-06-10 17:00:00+00:00,2313.060059,2313.47998,2308.57007,2310.97998
2024-06-10 21:00:00+00:00,2312.02002,2312.19995,2308.8501,2310.8501
2024-06-11 01:00:00+00:00,2310.8999,2310.8999,2298.88989,2303.69995
2024-06-11 05:00:00+00:00,2303.68994,2307.68994,2297.82007,2306.17993
2024-06-11 09:00:00+00:00,2306.1001,2319.96997,2301.63989,2317.98999
2024-06-11 13:00:00+00:00,2318.030029,2319.6001,2306.02002,2308.6001
2024-06-11 17:00:00+00:00,2308.73999,2316.98999,2307.93994,2316.86011
2024-06-11 21:00:00+00:00,2316.62012,2317.67993,2313.53003,2313.88989
2024-06-12 01:00:00+00:00,2313.57007,2316.78003,2310.82007,2312.82007
2024-06-12 05:00:00+00:00,2312.86011,2317.77002,2310.8999,2312.88989
2024-06-12 09:00:00+00:00,2312.80005,2337.67993,2311.67993,2336.050049
2024-06-12 13:00:00+00:00,2336.02002,2341.67993,2320.31006,2337.69995
2024-06-12 17:00:00+00:00,2337.77002,2339.6499,2315.97998,2324.97998
2024-06-12 21:00:00+00:00,2324.46997,2325.55005,2317.6499,2320.86011
2024-06-13 01:00:00+00:00,2320.87988,2321.6499,2308.28003,2311.8999
2024-06-13 05:00:00+00:00,2312.31006,2318.6499,2309.11011,2315.68994
2024-06-13 09:00:00+00:00,2315.68994,2326.76001,2304.18994,2323.38989
2024-06-13 13:00:00+00:00,2323.6001,2324.77002,2295.71997,2299.46997
2024-06-13 17:00:00+00:00,2299.42993,2304.94995,2299.18994,2303.93994
2024-06-13 21:00:00+00:00,2303.18994,2305.78003,2301.62012,2305.030029
2024-06-14 01:00:00+00:00,2304.84009,2308.72998,2303.22998,2305.96997
2024-06-14 05:00:00+00:00,2305.97998,2321.69995,2305.63989,2317.43994
2024-06-14 09:00:00+00:00,2317.47998,2336.63989,2315.32007,2330.44995
2024-06-14 13:00:00+00:00,2330.23999,2335.51001,2324.1001,2328.92993
2024-06-14 17:00:00+00:00,2328.96997,2335.6001,2328.56006,2332.79004
2024-06-16 21:00:00+00:00,2329.01001,2329.69995,2325.43994,2326.46997
2024-06-17 01:00:00+00:00,2326.87988,2328.98999,2321.6001,2323.77002
2024-06-17 05:00:00+00:00,2323.73999,2323.73999,2315.68994,2321.43994
2024-06-17 09:00:00+00:00,2321.30005,2322.65991,2316.90991,2319.68994
2024-06-17 13:00:00+00:00,2319.62012,2327.59009,2310.060059,2317.02002
2024-06-17 17:00:00+00:00,2317.01001,2320.82007,2313.37988,2319.11011
2024-06-17 21:00:00+00:00,2320.060059,2325.61011,2319.23999,2324.1499
2024-06-18 01:00:00+00:00,2324.15991,2325.71997,2319.37988,2322.63989
2024-06-18 05:00:00+00:00,2322.61011,2323.84009,2310.84009,2311.38989
2024-06-18 09:00:00+00:00,2311.37988,2324.060059,2306.65991,2313.97998
2024-06-18 13:00:00+00:00,2313.87988,2330.81006,2313.73999,2330.31006
2024-06-18 17:00:00+00:00,2330.38989,2333.1499,2327.56006,2329.47998
2024-06-18 21:00:00+00:00,2329.82007,2330.31006,2327.59009,2329.53003
2024-06-19 01:00:00+00:00,2329.43994,2331.82007,2326.56006,2328.060059
2024-06-19 05:00:00+00:00,2327.94995,2335.030029,2326.92993,2332.61011
2024-06-19 09:00:00+00:00,2332.47998,2332.96997,2325.3501,2328.37988
2024-06-19 13:00:00+00:00,2328.44995,2331.47998,2323.93994,2329.43994
2024-06-19 17:00:00+00:00,2329.47998,2331.15991,2328.26001,2328.26001
2024-06-19 21:00:00+00:00,2330.22998,2330.58008,2327.81006,2329.81006
2024-06-20 01:00:00+00:00,2329.86011,2340.97998,2329.86011,2340.51001
2024-06-20 05:00:00+00:00,2340.47998,2345.76001,2332.73999,2333.3999
2024-06-20 09:00:00+00:00,2333.30005,2343.6499,2331.68994,2338.68994
2024-06-20 13:00:00+00:00,2338.47998,2365.53003,2336.77002,2356.40991
2024-06-20 17:00:00+00:00,2356.43994,2361.090088,2354.81006,2360.15991
2024-06-20 21:00:00+00:00,2360.53003,2364.8999,2358.21997,2364.12012
2024-06-21 01:00:00+00:00,2364.060059,2364.060059,2357.22998,2363.02002
2024-06-21 05:00:00+00:00,2362.97998,2368.19995,2355.18994,2365.36011
2024-06-21 09:00:00+00:00,2365.44995,2368.77002,2360.56006,2360.76001
2024-06-21 13:00:00+00:00,2360.52002,2363.8501,2323.3999,2324.77002
2024-06-21 17:00:00+00:00,2324.69995,2325.18994,2316.82007,2321.51001
2024-06-23 21:00:00+00:00,2321.43994,2321.78003,2317.78003,2320.98999
2024-06-24 01:00:00+00:00,2321.02002,2326.69995,2319.1499,2324.55005
2024-06-24 05:00:00+00:00,2324.56006,2332.92993,2321.52002,2330.6001
2024-06-24 09:00:00+00:00,2330.62012,2331.030029,2321.1499,2327.61011
2024-06-24 13:00:00+00:00,2327.68994,2333.8501,2325.98999,2331.72998
2024-06-24 17:00:00+00:00,2331.72998,2334.68994,2330.67993,2334.38989
2024-06-24 21:00:00+00:00,2334.01001,2334.40991,2328.37988,2330.13989
2024-06-25 01:00:00+00:00,2330.11011,2331.01001,2322.80005,2327.53003
2024-06-25 05:00:00+00:00,2327.43994,2330.55005,2323.11011,2329.69995
2024-06-25 09:00:00+00:00,2329.72998,2337.1499,2324.11011,2324.22998
2024-06-25 13:00:00+00:00,2324.18994,2328.22998,2315.6001,2317.93994
2024-06-25 17:00:00+00:00,2317.8501,2320.62012,2316.88989,2319.57007
2024-06-25 21:00:00+00:00,2319.38989,2324.02002,2317.84009,2318.51001
2024-06-26 01:00:00+00:00,2318.18994,2321.65991,2310.65991,2316.87988
2024-06-26 05:00:00+00:00,2316.8999,2318.18994,2309.72998,2315.69995
2024-06-26 09:00:00+00:00,2316.12012,2318.43994,2304.51001,2310.46997
2024-06-26 13:00:00+00:00,2310.21997,2311.62012,2293.80005,2299.81006
2024-06-26 17:00:00+00:00,2299.77002,2303.090088,2297.11011,2298.26001
2024-06-26 21:00:00+00:00,2298.63989,2300.17993,2296.93994,2299.13989
2024-06-27 01:00:00+00:00,2299.30005,2301.21997,2296.93994,2300.40991
2024-06-27 05:00:00+00:00,2300.59009,2308.47998,2296.6001,2307.68994
2024-06-27 09:00:00+00:00,2307.61011,2325.42993,2307.44995,2322.98999
2024-06-27 13:00:00+00:00,2322.55005,2330.93994,2319.6499,2325.51001
2024-06-27 17:00:00+00:00,2325.55005,2328.53003,2322.56006,2327.62012
2024-06-27 21:00:00+00:00,2327.6001,2328.34009,2321.56006,2321.68994
2024-06-28 01:00:00+00:00,2321.68994,2325.030029,2319.18994,2321.32007
2024-06-28 05:00:00+00:00,2321.28003,2331.96997,2321.12012,2328.82007
2024-06-28 09:00:00+00:00,2328.82007,2339.27002,2327.34009,2335.51001
2024-06-28 13:00:00+00:00,2335.96997,2339.71997,2322.96997,2330.02002
2024-06-28 17:00:00+00:00,2330.18994,2332.76001,2323.02002,2326.68994
2024-06-30 21:00:00+00:00,2324.6499,2326.18994,2322.30005,2324.8501
2024-07-01 01:00:00+00:00,2324.3501,2328.47998,2321.53003,2323.72998
2024-07-01 05:00:00+00:00,2323.68994,2329.02002,2318.67993,2326.01001
2024-07-01 09:00:00+00:00,2325.93994,2338.56006,2325.55005,2327.43994
2024-07-01 13:00:00+00:00,2327.68994,2334.3501,2319.3999,2328.26001
2024-07-01 17:00:00+00:00,2328.22998,2332.40991,2326.84009,2331.72998
2024-07-01 21:00:00+00:00,2332.22998,2333.92993,2331.40991,2333.1001
2024-07-02 01:00:00+00:00,2333.060059,2334.37988,2324.97998,2327.38989
2024-07-02 05:00:00+00:00,2327.36011,2332.52002,2323.40991,2331.27002
2024-07-02 09:00:00+00:00,2331.26001,2331.8999,2319.42993,2327.53003
2024-07-02 13:00:00+00:00,2327.72998,2336.78003,2321.030029,2322.88989
2024-07-02 17:00:00+00:00,2322.87988,2331.3501,2322.17993,2329.46997
2024-07-02 21:00:00+00:00,2330.16992,2332.21997,2329.72998,2330.34009
2024-07-03 01:00:00+00:00,2330.34009,2335.31006,2327.060059,2334.56006
2024-07-03 05:00:00+00:00,2334.53003,2347.61011,2332.02002,2344.71997
2024-07-03 09:00:00+00:00,2344.76001,2356.12012,2342.19995,2350.51001
2024-07-03 13:00:00+00:00,2350.38989,2364.93994,2347.69995,2356.8501
2024-07-03 17:00:00+00:00,2356.67993,2360.90991,2353.78003,2356.13989
2024-07-03 21:00:00+00:00,2357.030029,2359.62012,2356.1499,2358.6001
2024-07-04 01:00:00+00:00,2358.57007,2362.55005,2357.30005,2358.63989
2024-07-04 05:00:00+00:00,2358.6001,2359.6499,2350.81006,2358.90991
2024-07-04 09:00:00+00:00,2358.93994,2360.43994,2355.80005,2357.8501
2024-07-04 13:00:00+00:00,2357.82007,2361.88989,2355.78003,2357.8999
2024-07-04 17:00:00+00:00,2357.90991,2358.070068,2356.21997,2357.44995
2024-07-04 21:00:00+00:00,2356.80005,2359.030029,2354.36011,2358.8999
2024-07-05 01:00:00+00:00,2358.92993,2364.73999,2356.97998,2363.98999
2024-07-05 05:00:00+00:00,2364.060059,2367.97998,2362.3501,2366.55005
2024-07-05 09:00:00+00:00,2366.52002,2376.070068,2349.80005,2372.21997
2024-07-05 13:00:00+00:00,2372.19995,2388.34009,2370.77002,2386.56006
2024-07-05 17:00:00+00:00,2386.62012,2392.96997,2384.65991,2391.62012
2024-07-07 21:00:00+00:00,2389.57007,2390.19995,2384.6499,2386.72998
2024-07-08 01:00:00+00:00,2386.44995,2391.19995,2380.96997,2385.02002
2024-07-08 05:00:00+00:00,2385.11011,2386.87988,2372.02002,2372.90991
2024-07-08 09:00:00+00:00,2372.93994,2377.55005,2368.42993,2372.8501
2024-07-08 13:00:00+00:00,2373.02002,2379.61011,2351.23999,2358.76001
2024-07-08 17:00:00+00:00,2358.82007,2359.8999,2354.97998,2359.20996
2024-07-08 21:00:00+00:00,2359.13989,2363.73999,2358.67993,2361.8999
2024-07-09 01:00:00+00:00,2362.1499,2368.8501,2360.6499,2367.40991
2024-07-09 05:00:00+00:00,2367.3501,2368.43994,2358.34009,2361.73999
2024-07-09 09:00:00+00:00,2361.81006,2365.55005,2356.18994,2360.15991
2024-07-09 13:00:00+00:00,2360.18994,2370.93994,2349.62012,2357.56006
2024-07-09 17:00:00+00:00,2357.56006,2365.6001,2357.56006,2363.82007
2024-07-09 21:00:00+00:00,2364.42993,2366.43994,2363.32007,2364.72998
2024-07-10 01:00:00+00:00,2364.78003,2370.31006,2363.3999,2367.78003
2024-07-10 05:00:00+00:00,2367.80005,2374.97998,2367.27002,2372.87988
2024-07-10 09:00:00+00:00,2372.86011,2381.92993,2371.77002,2377.8501
2024-07-10 13:00:00+00:00,2377.86011,2386.68994,2374.060059,2377.92993
2024-07-10 17:00:00+00:00,2377.90991,2378.6001,2370.01001,2371.37988
2024-07-10 21:00:00+00:00,2372.12012,2374.38989,2371.27002,2374.25
2024-07-11 01:00:00+00:00,2374.25,2382.55005,2373.22998,2382.030029
2024-07-11 05:00:00+00:00,2382.050049,2384.1001,2378.56006,2381.47998
2024-07-11 09:00:00+00:00,2381.46997,2409.71997,2379.090088,2406.47998
2024-07-11 13:00:00+00:00,2406.3999,2424.6001,2395.93994,2411.84009
2024-07-11 17:00:00+00:00,2411.73999,2418.68994,2410.1001,2415.3501
2024-07-11 21:00:00+00:00,2414.8501,2416.38989,2411.30005,2412.060059
2024-07-12 01:00:00+00:00,2411.80005,2414.15991,2406.73999,2408.65991
2024-07-12 05:00:00+00:00,2408.72998,2410.21997,2400.3999,2407.6001
2024-07-12 09:00:00+00:00,2407.47998,2408.3501,2391.53003,2397.93994
2024-07-12 13:00:00+00:00,2398.65991,2416.94995,2396.92993,2415.87988
2024-07-12 17:00:00+00:00,2415.97998,2418.31006,2411.11011,2411.11011
2024-07-14 21:00:00+00:00,2411.66992,2412.27002,2405.73999,2408.59009
2024-07-15 01:00:00+00:00,2408.30005,2413.37988,2405.070068,2411.55005
2024-07-15 05:00:00+00:00,2411.56006,2413.96997,2401.36011,2412.11011
2024-07-15 09:00:00+00:00,2411.97998,2420.81006,2407.81006,2414.94995
2024-07-15 13:00:00+00:00,2415.02002,2439.53003,2411.57007,2430.48999
2024-07-15 17:00:00+00:00,2430.3501,2430.3501,2419.86011,2422.28003
2024-07-15 21:00:00+00:00,2421.97998,2422.8501,2420.070068,2421.30005
2024-07-16 01:00:00+00:00,2421.30005,2431.52002,2421.30005,2429.36011
2024-07-16 05:00:00+00:00,2429.23999,2439.31006,2428.26001,2436.6001
2024-07-16 09:00:00+00:00,2436.61011,2444.060059,2429.52002,2432.77002
2024-07-16 13:00:00+00:00,2432.46997,2465.27002,2431.1001,2459.1499
2024-07-16 17:00:00+00:00,2459.18994,2469.6001,2458.77002,2468.67993
2024-07-16 21:00:00+00:00,2468.59009,2473.31006,2466.28003,2468.80005
2024-07-17 01:00:00+00:00,2468.69995,2482.40991,2464.070068,2467.82007
2024-07-17 05:00:00+00:00,2467.77002,2478.93994,2462.050049,2475.030029
2024-07-17 09:00:00+00:00,2475.15991,2476.42993,2466.76001,2473.43994
2024-07-17 13:00:00+00:00,2473.43994,2483.73999,2452.88989,2455.78003
2024-07-17 17:00:00+00:00,2455.72998,2460.43994,2451.6499,2458.65991
2024-07-17 21:00:00+00:00,2458.90991,2461.90991,2457.57007,2458.8999
2024-07-18 01:00:00+00:00,2458.8501,2468.94995,2457.68994,2465.36011
2024-07-18 05:00:00+00:00,2465.36011,2474.93994,2464.78003,2466.02002
2024-07-18 09:00:00+00:00,2465.98999,2468.86011,2461.67993,2463.69995
2024-07-18 13:00:00+00:00,2464.36011,2469.84009,2455.93994,2456.27002
2024-07-18 17:00:00+00:00,2456.18994,2457.6001,2440.47998,2445.090088
2024-07-18 21:00:00+00:00,2445.46997,2445.61011,2426.32007,2434.42993
2024-07-19 01:00:00+00:00,2434.44995,2434.44995,2420.72998,2425.59009
2024-07-19 05:00:00+00:00,2425.57007,2426.17993,2413.030029,2420.53003
2024-07-19 09:00:00+00:00,2420.71997,2421.18994,2401.63989,2403.8501
2024-07-19 13:00:00+00:00,2403.97998,2408.44995,2393.98999,2399.76001
2024-07-19 17:00:00+00:00,2399.84009,2400.8501,2395.81006,2400.78003
2024-07-21 21:00:00+00:00,2403.84009,2412.02002,2402.65991,2407.96997
2024-07-22 01:00:00+00:00,2407.86011,2412.15991,2403.36011,2405.67993
2024-07-22 05:00:00+00:00,2405.68994,2407.3999,2399.1001,2400.87988
2024-07-22 09:00:00+00:00,2400.94995,2408.46997,2388.93994,2394.38989
2024-07-22 13:00:00+00:00,2394.52002,2400.18994,2384.02002,2393.11011
2024-07-22 17:00:00+00:00,2393.30005,2400.050049,2391.87988,2396.57007
2024-07-22 21:00:00+00:00,2397.060059,2400.34009,2394.86011,2400.030029
2024-07-23 01:00:00+00:00,2400.030029,2403.96997,2396.030029,2396.61011
2024-07-23 05:00:00+00:00,2396.6499,2407.17993,2388.37988,2404.1001
2024-07-23 09:00:00+00:00,2404.1001,2412.090088,2403.23999,2405.48999
2024-07-23 13:00:00+00:00,2405.52002,2407.71997,2399.61011,2405.43994
2024-07-23 17:00:00+00:00,2405.42993,2410.050049,2402.81006,2409.67993
2024-07-23 21:00:00+00:00,2408.8501,2410.31006,2407.94995,2408.38989
2024-07-24 01:00:00+00:00,2408.38989,2418.43994,2405.13989,2417.93994
2024-07-24 05:00:00+00:00,2417.87988,2419.1499,2410.81006,2411.84009
2024-07-24 09:00:00+00:00,2411.8999,2422.090088,2409.8999,2421.47998
2024-07-24 13:00:00+00:00,2421.53003,2431.98999,2413.8999,2419.1001
2024-07-24 17:00:00+00:00,2419.1001,2419.63989,2396.86011,2397.29004
2024-07-24 21:00:00+00:00,2398.12012,2401.31006,2393.17993,2397.15991
2024-07-25 01:00:00+00:00,2397.22998,2400.060059,2366.8999,2377.67993
2024-07-25 05:00:00+00:00,2377.6499,2378.71997,2365.97998,2374.73999
2024-07-25 09:00:00+00:00,2374.46997,2382.53003,2362.88989,2371.01001
2024-07-25 13:00:00+00:00,2371.3501,2376.12012,2357.6499,2362.69995
2024-07-25 17:00:00+00:00,2362.80005,2365.40991,2353.22998,2364.71997
2024-07-25 21:00:00+00:00,2364.33008,2365.48999,2362.13989,2362.76001
2024-07-26 01:00:00+00:00,2362.72998,2379.3501,2355.87988,2369.86011
2024-07-26 05:00:00+00:00,2369.8501,2375.38989,2365.31006,2373.060059
2024-07-26 09:00:00+00:00,2373.030029,2379.070068,2370.42993,2377.57007
2024-07-26 13:00:00+00:00,2377.63989,2390.80005,2374.27002,2389.27002
2024-07-26 17:00:00+00:00,2389.21997,2389.21997,2381.23999,2387.070068
2024-07-28 21:00:00+00:00,2388.01001,2403.25,2387.90991,2400.1499
2024-07-29 01:00:00+00:00,2400.67993,2402.56006,2388.73999,2394.93994
2024-07-29 05:00:00+00:00,2394.93994,2396.30005,2387.1001,2390.40991
2024-07-29 09:00:00+00:00,2390.40991,2395.43994,2385.56006,2393.8999
2024-07-29 13:00:00+00:00,2393.80005,2396.67993,2369.81006,2378.15991
2024-07-29 17:00:00+00:00,2378.30005,2385.44995,2377.02002,2383.57007
2024-07-29 21:00:00+00:00,2382.8501,2384.98999,2380.31006,2381.8999
2024-07-30 01:00:00+00:00,2381.8999,2388.31006,2376.55005,2386.48999
2024-07-30 05:00:00+00:00,2386.3999,2392.02002,2386.15991,2389.51001
2024-07-30 09:00:00+00:00,2389.52002,2392.46997,2385.8501,2386.6001
2024-07-30 13:00:00+00:00,2387.060059,2400.32007,2383.55005,2400.32007
2024-07-30 17:00:00+00:00,2400.02002,2412.82007,2399.97998,2411.050049
2024-07-30 21:00:00+00:00,2409.73999,2410.97998,2407.96997,2409.070068
2024-07-31 01:00:00+00:00,2409.37988,2421.43994,2403.94995,2421.27002
2024-07-31 05:00:00+00:00,2421.28003,2425.53003,2415.53003,2421.56006
2024-07-31 09:00:00+00:00,2421.56006,2423.30005,2417.46997,2420.52002
2024-07-31 13:00:00+00:00,2421.13989,2429.02002,2417.97998,2426.94995
2024-07-31 17:00:00+00:00,2427.060059,2450.96997,2421.68994,2447.51001
2024-07-31 21:00:00+00:00,2448.92993,2449.44995,2444.34009,2447.6001
2024-08-01 01:00:00+00:00,2447.6001,2458.40991,2437.44995,2444.30005
2024-08-01 05:00:00+00:00,2444.27002,2448.92993,2433.30005,2433.8999
2024-08-01 09:00:00+00:00,2433.87988,2454.82007,2430.36011,2450.77002
2024-08-01 13:00:00+00:00,2450.52002,2462.27002,2442.22998,2444.6001
2024-08-01 17:00:00+00:00,2444.56006,2447.57007,2435.02002,2446.3999
2024-08-01 21:00:00+00:00,2446.51001,2452.3999,2443.82007,2449.11011
2024-08-02 01:00:00+00:00,2449.12012,2460.38989,2435.17993,2457.8999
2024-08-02 05:00:00+00:00,2457.90991,2468.47998,2457.73999,2462.13989
2024-08-02 09:00:00+00:00,2462.12012,2477.72998,2456.050049,2473.02002
2024-08-02 13:00:00+00:00,2472.97998,2474.37988,2411.19995,2430.52002
2024-08-02 17:00:00+00:00,2430.78003,2442.67993,2423.18994,2442.67993
2024-08-04 21:00:00+00:00,2441.28003,2446.37988,2414.090088,2422.34009
2024-08-05 01:00:00+00:00,2422.19995,2458.53003,2420.45996,2452.77002
2024-08-05 05:00:00+00:00,2452.67993,2452.67993,2422.22998,2425.050049
2024-08-05 09:00:00+00:00,2425.13989,2428.82007,2364.42993,2374.6001
2024-08-05 13:00:00+00:00,2375.76001,2412.26001,2375.6499,2403.17993
2024-08-05 17:00:00+00:00,2403.1001,2413.1001,2400.32007,2410.11011
2024-08-05 21:00:00+00:00,2410.76001,2418.3501,2404.48999,2415.96997
2024-08-06 01:00:00+00:00,2416.070068,2417.80005,2405.98999,2408.1499
2024-08-06 05:00:00+00:00,2408.18994,2415.37988,2394.8999,2411.22998
2024-08-06 09:00:00+00:00,2411.31006,2416.37988,2391.93994,2393.01001
2024-08-06 13:00:00+00:00,2393.34009,2403.13989,2381.84009,2390.030029
2024-08-06 17:00:00+00:00,2390.02002,2396.060059,2386.52002,2389.8999
2024-08-06 21:00:00+00:00,2390.090088,2390.62012,2381.31006,2386.56006
2024-08-07 01:00:00+00:00,2385.88989,2394.80005,2379.070068,2392.84009
2024-08-07 05:00:00+00:00,2392.81006,2397.69995,2388.11011,2393.3999
2024-08-07 09:00:00+00:00,2393.69995,2406.97998,2392.55005,2403.87988
2024-08-07 13:00:00+00:00,2403.8999,2404.8501,2392.1001,2399.77002
2024-08-07 17:00:00+00:00,2399.76001,2399.76001,2381.96997,2383.1001
2024-08-07 21:00:00+00:00,2382.36011,2388.86011,2381.070068,2385.67993
2024-08-08 01:00:00+00:00,2385.6499,2396.47998,2385.1001,2394.3999
2024-08-08 05:00:00+00:00,2394.12012,2400.68994,2392.53003,2394.63989
2024-08-08 09:00:00+00:00,2394.6499,2415.47998,2393.94995,2408.1499
2024-08-08 13:00:00+00:00,2407.6001,2424.3501,2402.43994,2418.18994
2024-08-08 17:00:00+00:00,2418.19995,2427.6499,2415.93994,2427.27002
2024-08-08 21:00:00+00:00,2426.84009,2427.73999,2422.67993,2423.96997
2024-08-09 01:00:00+00:00,2424.11011,2428.8999,2419.43994,2423.97998
2024-08-09 05:00:00+00:00,2423.84009,2427.090088,2416.97998,2424.63989
2024-08-09 09:00:00+00:00,2424.56006,2432.68994,2422.80005,2429.71997
2024-08-09 13:00:00+00:00,2429.72998,2435.93994,2421.30005,2434.51001
2024-08-09 17:00:00+00:00,2434.81006,2437.1001,2427.3501,2431.13989
2024-08-11 21:00:00+00:00,2428.30005,2433.3999,2426.88989,2428.56006
2024-08-12 01:00:00+00:00,2428.56006,2433.61011,2423.8999,2433.46997
2024-08-12 05:00:00+00:00,2433.48999,2443.8501,2429.18994,2442.050049
2024-08-12 09:00:00+00:00,2441.97998,2445.47998,2439.77002,2444.46997
2024-08-12 13:00:00+00:00,2444.47998,2466.15991,2442.19995,2463.17993
2024-08-12 17:00:00+00:00,2463.18994,2473.19995,2461.8501,2472.13989
2024-08-12 21:00:00+00:00,2470.82007,2476.98999,2468.57007,2472.15991
2024-08-13 01:00:00+00:00,2472.18994,2473.71997,2460.26001,2462.060059
2024-08-13 05:00:00+00:00,2462.090088,2466.18994,2458.56006,2460.68994
2024-08-13 09:00:00+00:00,2460.65991,2472.48999,2458.98999,2467.72998
2024-08-13 13:00:00+00:00,2467.72998,2475.48999,2459.090088,2469.53003
2024-08-13 17:00:00+00:00,2469.59009,2470.30005,2462.31006,2465.060059
2024-08-13 21:00:00+00:00,2466.90991,2467.3999,2463.13989,2465.77002
2024-08-14 01:00:00+00:00,2465.77002,2472.48999,2455.42993,2461.98999
2024-08-14 05:00:00+00:00,2461.90991,2478.3999,2459.3501,2474.46997
2024-08-14 09:00:00+00:00,2474.43994,2479.81006,2462.68994,2468.97998
2024-08-14 13:00:00+00:00,2468.72998,2469.56006,2438.26001,2444.27002
2024-08-14 17:00:00+00:00,2444.18994,2448.3999,2440.46997,2448.02002
2024-08-14 21:00:00+00:00,2448.080078,2454.3501,2446.67993,2450.17993
2024-08-15 01:00:00+00:00,2450.12012,2455.51001,2448.31006,2453.52002
2024-08-15 05:00:00+00:00,2453.47998,2458.81006,2450.43994,2455.44995
2024-08-15 09:00:00+00:00,2455.53003,2470.090088,2441.21997,2441.27002
2024-08-15 13:00:00+00:00,2441.3999,2459.96997,2432.28003,2455.76001
2024-08-15 17:00:00+00:00,2455.88989,2461.6499,2453.55005,2456.48999
2024-08-15 21:00:00+00:00,2456.19995,2459.77002,2454.52002,2458.3999
2024-08-16 01:00:00+00:00,2458.63989,2460.050049,2450.82007,2452.76001
2024-08-16 05:00:00+00:00,2452.8999,2464.59009,2451.22998,2462.3999
2024-08-16 09:00:00+00:00,2462.43994,2492.3501,2461.42993,2491.6001
2024-08-16 13:00:00+00:00,2491.84009,2499.90991,2477.6001,2495.93994
2024-08-16 17:00:00+00:00,2495.90991,2509.72998,2493.18994,2507.69995
2024-08-18 21:00:00+00:00,2506.40991,2506.8501,2500.3999,2502.18994
2024-08-19 01:00:00+00:00,2502.11011,2505.78003,2495.070068,2500.77002
2024-08-19 05:00:00+00:00,2500.81006,2507.18994,2499.21997,2503.1499
2024-08-19 09:00:00+00:00,2503.13989,2503.97998,2486.61011,2491.18994
2024-08-19 13:00:00+00:00,2491.3999,2507.46997,2485.82007,2505.56006
2024-08-19 17:00:00+00:00,2505.3501,2505.87988,2500.82007,2504.31006
2024-08-19 21:00:00+00:00,2503.42993,2506.8501,2502.18994,2505.02002
2024-08-20 01:00:00+00:00,2505.030029,2508.22998,2498.81006,2500.87988
2024-08-20 05:00:00+00:00,2500.86011,2523.19995,2497.38989,2519.8999
2024-08-20 09:00:00+00:00,2519.97998,2529.22998,2519.97998,2526.84009
2024-08-20 13:00:00+00:00,2525.88989,2531.71997,2500.8999,2509.3501
2024-08-20 17:00:00+00:00,2509.13989,2516.92993,2506.86011,2514.02002
2024-08-20 21:00:00+00:00,2513.46997,2516.11011,2512.63989,2513.57007
2024-08-21 01:00:00+00:00,2513.6001,2520.02002,2511.030029,2516.22998
2024-08-21 05:00:00+00:00,2516.22998,2519.56006,2507.01001,2507.36011
2024-08-21 09:00:00+00:00,2507.22998,2513.69995,2504.55005,2510.59009
2024-08-21 13:00:00+00:00,2510.72998,2512.94995,2494.46997,2507.18994
2024-08-21 17:00:00+00:00,2507.090088,2519.18994,2507.01001,2512.40991
2024-08-21 21:00:00+00:00,2511.96997,2514.68994,2511.31006,2513.76001
2024-08-22 01:00:00+00:00,2513.59009,2514.1499,2499.43994,2502.02002
2024-08-22 05:00:00+00:00,2501.96997,2510.6499,2500.78003,2503.71997
2024-08-22 09:00:00+00:00,2503.76001,2509.12012,2495.6499,2500.72998
2024-08-22 13:00:00+00:00,2500.71997,2501.3999,2470.90991,2484.46997
2024-08-22 17:00:00+00:00,2484.26001,2484.94995,2478.63989,2484.80005
2024-08-22 21:00:00+00:00,2485.12012,2492.21997,2484.48999,2490.050049
2024-08-23 01:00:00+00:00,2489.93994,2494.56006,2486.81006,2493.47998
2024-08-23 05:00:00+00:00,2493.47998,2499.98999,2490.67993,2499.030029
2024-08-23 09:00:00+00:00,2499.090088,2502.44995,2495.71997,2501.36011
2024-08-23 13:00:00+00:00,2501.3999,2518.36011,2494.56006,2510.34009
2024-08-23 17:00:00+00:00,2510.22998,2513.17993,2507.97998,2512.40991
2024-08-25 21:00:00+00:00,2512.12012,2516.88989,2511.26001,2513.80005
2024-08-26 01:00:00+00:00,2513.80005,2515.46997,2508.98999,2509.67993
2024-08-26 05:00:00+00:00,2509.63989,2525.78003,2508.78003,2524.32007
2024-08-26 09:00:00+00:00,2524.36011,2526.8501,2521.01001,2523.8501
2024-08-26 13:00:00+00:00,2523.61011,2526.43994,2510.68994,2520.27002
2024-08-26 17:00:00+00:00,2520.18994,2523.32007,2515.68994,2518.040039
2024-08-26 21:00:00+00:00,2518.070068,2518.11011,2513.050049,2513.22998
2024-08-27 01:00:00+00:00,2513.1001,2514.13989,2505.92993,2507.37988
2024-08-27 05:00:00+00:00,2507.36011,2517.57007,2503.63989,2511.11011
2024-08-27 09:00:00+00:00,2511.090088,2514.3501,2506.93994,2509.8999
2024-08-27 13:00:00+00:00,2510.23999,2520.15991,2503.63989,2514.43994
2024-08-27 17:00:00+00:00,2514.51001,2525.97998,2514.21997,2524.58008
2024-08-27 21:00:00+00:00,2525.27002,2529.01001,2523.96997,2524.48999
2024-08-28 01:00:00+00:00,2524.47998,2524.47998,2510.36011,2511.61011
2024-08-28 05:00:00+00:00,2511.59009,2511.77002,2503.94995,2508.23999
2024-08-28 09:00:00+00:00,2508.17993,2511.43994,2493.71997,2500.68994
2024-08-28 13:00:00+00:00,2500.56006,2510.52002,2496.47998,2501.92993
2024-08-28 17:00:00+00:00,2501.90991,2509.61011,2500.6001,2504.72998
2024-08-28 21:00:00+00:00,2504.94995,2515.30005,2504.94995,2512.3999
2024-08-29 01:00:00+00:00,2512.3999,2518.26001,2511.73999,2515.90991
2024-08-29 05:00:00+00:00,2515.8501,2521.22998,2513.81006,2517.1499
2024-08-29 09:00:00+00:00,2517.18994,2524.48999,2503.68994,2509.27002
2024-08-29 13:00:00+00:00,2509.63989,2526.77002,2508.31006,2525.28003
2024-08-29 17:00:00+00:00,2525.28003,2528.6499,2520.76001,2521.16992
2024-08-29 21:00:00+00:00,2521.030029,2521.78003,2516.84009,2517.76001
2024-08-30 01:00:00+00:00,2517.78003,2520.12012,2512.27002,2513.47998
2024-08-30 05:00:00+00:00,2513.47998,2526.80005,2512.6001,2523.01001
2024-08-30 09:00:00+00:00,2522.97998,2526.76001,2515.060059,2519.8999
2024-08-30 13:00:00+00:00,2519.8999,2519.8999,2496.68994,2497.77002
2024-08-30 17:00:00+00:00,2497.77002,2504.76001,2494.34009,2503.44995
2024-09-01 21:00:00+00:00,2502.65991,2505.02002,2501.23999,2501.55005
2024-09-02 01:00:00+00:00,2501.57007,2504.63989,2490.12012,2496.98999
2024-09-02 05:00:00+00:00,2497.1001,2507.3501,2495.43994,2506.3501
2024-09-02 09:00:00+00:00,2506.47998,2506.6001,2497.17993,2501.31006
2024-09-02 13:00:00+00:00,2501.070068,2502.53003,2497.78003,2500.6001
2024-09-02 17:00:00+00:00,2500.40991,2501.37988,2498.77002,2499.46997
2024-09-02 21:00:00+00:00,2499.37988,2499.88989,2495.050049,2495.84009
2024-09-03 01:00:00+00:00,2495.6001,2497.02002,2489.90991,2496.090088
2024-09-03 05:00:00+00:00,2495.93994,2506.28003,2492.81006,2504.28003
2024-09-03 09:00:00+00:00,2503.98999,2505.070068,2484.8999,2493.34009
2024-09-03 13:00:00+00:00,2493.3501,2497.42993,2473.68994,2486.27002
2024-09-03 17:00:00+00:00,2486.060059,2494.36011,2485.6001,2492.97998
2024-09-03 21:00:00+00:00,2492.71997,2495.01001,2492.11011,2492.51001
2024-09-04 01:00:00+00:00,2492.27002,2496.93994,2491.3999,2495.97998
2024-09-04 05:00:00+00:00,2495.96997,2496.63989,2472.65991,2473.22998
2024-09-04 09:00:00+00:00,2473.42993,2491.28003,2472.02002,2486.6001
2024-09-04 13:00:00+00:00,2486.8999,2500.19995,2482.18994,2496.78003
2024-09-04 17:00:00+00:00,2496.80005,2497.3999,2491.59009,2495.6499
2024-09-04 21:00:00+00:00,2495.45996,2497.060059,2494.56006,2495.23999
2024-09-05 01:00:00+00:00,2495.19995,2499.32007,2493.90991,2494.3501
2024-09-05 05:00:00+00:00,2494.23999,2516.76001,2494.060059,2514.77002
2024-09-05 09:00:00+00:00,2515.34009,2523.22998,2513.43994,2517.8501
2024-09-05 13:00:00+00:00,2517.48999,2520.63989,2504.18994,2510.3501
2024-09-05 17:00:00+00:00,2510.46997,2516.90991,2509.38989,2516.76001
2024-09-05 21:00:00+00:00,2516.82007,2518.01001,2515.67993,2516.090088
2024-09-06 01:00:00+00:00,2516.070068,2519.53003,2513.1001,2518.47998
2024-09-06 05:00:00+00:00,2518.47998,2521.84009,2515.63989,2517.88989
2024-09-06 09:00:00+00:00,2517.84009,2529.18994,2508.48999,2522.53003
2024-09-06 13:00:00+00:00,2521.6499,2523.050049,2485.26001,2489.070068
2024-09-06 17:00:00+00:00,2489.15991,2497.90991,2486.01001,2497.44995
2024-09-08 21:00:00+00:00,2497.050049,2498.34009,2495.72998,2496.070068
2024-09-09 01:00:00+00:00,2496.040039,2500.47998,2494.88989,2498.30005
2024-09-09 05:00:00+00:00,2498.23999,2498.3501,2485.71997,2492.27002
2024-09-09 09:00:00+00:00,2492.28003,2504.18994,2492.17993,2500.97998
2024-09-09 13:00:00+00:00,2500.88989,2505.32007,2493.31006,2504.44995
2024-09-09 17:00:00+00:00,2504.47998,2507.21997,2499.51001,2506.31006
2024-09-09 21:00:00+00:00,2506.31006,2507.71997,2504.92993,2505.47998
2024-09-10 01:00:00+00:00,2505.47998,2506.8501,2501.1001,2501.84009
2024-09-10 05:00:00+00:00,2501.63989,2507.71997,2500.22998,2502.37988
2024-09-10 09:00:00+00:00,2502.27002,2514.050049,2500.26001,2513.86011
2024-09-10 13:00:00+00:00,2513.98999,2518.42993,2500.94995,2514.47998
2024-09-10 17:00:00+00:00,2514.47998,2517.51001,2512.1499,2516.6499
2024-09-10 21:00:00+00:00,2516.42993,2519.18994,2516.22998,2516.63989
2024-09-11 01:00:00+00:00,2516.32007,2522.6001,2515.050049,2519.68994
2024-09-11 05:00:00+00:00,2519.63989,2528.86011,2519.42993,2524.36011
2024-09-11 09:00:00+00:00,2524.42993,2524.76001,2502.36011,2508.22998
2024-09-11 13:00:00+00:00,2507.47998,2520.1001,2501.090088,2515.23999
2024-09-11 17:00:00+00:00,2515.1499,2516.92993,2509.90991,2511.51001
2024-09-11 21:00:00+00:00,2512.32007,2513.93994,2511.18994,2512.27002
2024-09-12 01:00:00+00:00,2512.1499,2517.81006,2511.11011,2517.02002
2024-09-12 05:00:00+00:00,2517.18994,2522.31006,2514.59009,2517.46997
2024-09-12 09:00:00+00:00,2517.43994,2535.23999,2513.1499,2529.15991
2024-09-12 13:00:00+00:00,2528.68994,2555.1001,2522.73999,2550.77002
2024-09-12 17:00:00+00:00,2550.8999,2560.1001,2550.21997,2558.75
2024-09-12 21:00:00+00:00,2558.31006,2562.80005,2556.76001,2561.65991
2024-09-13 01:00:00+00:00,2561.69995,2570.19995,2560.02002,2568.97998
2024-09-13 05:00:00+00:00,2568.97998,2571.1499,2563.26001,2570.060059
2024-09-13 09:00:00+00:00,2570.050049,2575.93994,2563.77002,2575.87988
2024-09-13 13:00:00+00:00,2575.88989,2585.1499,2573.18994,2584.32007
2024-09-13 17:00:00+00:00,2584.15991,2586.1001,2577.8999,2579.01001
2024-09-15 21:00:00+00:00,2578.28003,2582.46997,2577.70996,2581.3999
2024-09-16 01:00:00+00:00,2581.37988,2589.02002,2580.1001,2585.87988
2024-09-16 05:00:00+00:00,2585.73999,2589.68994,2579.68994,2586.8999
2024-09-16 09:00:00+00:00,2586.8999,2588.37988,2575.31006,2583.46997
2024-09-16 13:00:00+00:00,2583.30005,2589.3999,2576.26001,2583.77002
2024-09-16 17:00:00+00:00,2583.65991,2584.18994,2579.68994,2582.51001
2024-09-16 21:00:00+00:00,2582.58008,2584.47998,2580.34009,2580.34009
2024-09-17 01:00:00+00:00,2580.3501,2586.3501,2575.030029,2576.97998
2024-09-17 05:00:00+00:00,2577.070068,2586.98999,2574.67993,2580.21997
2024-09-17 09:00:00+00:00,2580.15991,2581.65991,2568.51001,2577.82007
2024-09-17 13:00:00+00:00,2578.13989,2582.28003,2561.47998,2563.17993
2024-09-17 17:00:00+00:00,2563.1499,2571.72998,2560.8999,2569.58008
2024-09-17 21:00:00+00:00,2569.48999,2574.84009,2569.48999,2573.1001
2024-09-18 01:00:00+00:00,2573.1001,2576.47998,2568.070068,2568.72998
2024-09-18 05:00:00+00:00,2568.68994,2572.01001,2565.81006,2569.84009
2024-09-18 09:00:00+00:00,2569.8501,2580.61011,2568.060059,2576.27002
2024-09-18 13:00:00+00:00,2576.18994,2578.6001,2568.15991,2574.94995
2024-09-18 17:00:00+00:00,2574.73999,2600.15991,2547.15991,2559.37988
2024-09-18 21:00:00+00:00,2557.37988,2561.65991,2555.82007,2558.73999
2024-09-19 01:00:00+00:00,2558.47998,2566.77002,2551.38989,2564.1499
2024-09-19 05:00:00+00:00,2564.22998,2586.62012,2564.02002,2585.01001
2024-09-19 09:00:00+00:00,2584.97998,2594.8999,2573.27002,2576.97998
2024-09-19 13:00:00+00:00,2576.42993,2592.61011,2569.8999,2591.78003
2024-09-19 17:00:00+00:00,2591.81006,2592.71997,2585.98999,2586.78003
2024-09-19 21:00:00+00:00,2586.26001,2588.52002,2586.21997,2588.13989
2024-09-20 01:00:00+00:00,2588.13989,2594.43994,2584.88989,2593.78003
2024-09-20 05:00:00+00:00,2593.88989,2612.72998,2592.51001,2609.8501
2024-09-20 09:00:00+00:00,2609.8501,2619.36011,2602.6001,2615.6499
2024-09-20 13:00:00+00:00,2615.22998,2625.82007,2602.92993,2624.93994
2024-09-20 17:00:00+00:00,2624.82007,2625.40991,2617.8999,2622.27002
2024-09-22 21:00:00+00:00,2620.96997,2622.070068,2618.30005,2618.41992
2024-09-23 01:00:00+00:00,2618.36011,2631.18994,2616.1499,2629.52002
2024-09-23 05:00:00+00:00,2629.40991,2631.3999,2613.97998,2616.93994
2024-09-23 09:00:00+00:00,2616.93994,2628.070068,2615.47998,2627.1499
2024-09-23 13:00:00+00:00,2627.070068,2634.8501,2625.67993,2628.27002
2024-09-23 17:00:00+00:00,2628.21997,2629.17993,2625.80005,2628.54004
2024-09-23 21:00:00+00:00,2627.17993,2628.40991,2624.02002,2625.34009
2024-09-24 01:00:00+00:00,2625.27002,2638.31006,2625.060059,2638.17993
2024-09-24 05:00:00+00:00,2638.22998,2640.01001,2622.81006,2629.1001
2024-09-24 09:00:00+00:00,2629.090088,2635.8999,2623.43994,2632.98999
2024-09-24 13:00:00+00:00,2633.1001,2655.23999,2631.18994,2653.61011
2024-09-24 17:00:00+00:00,2653.55005,2664.37988,2649.94995,2657.13989
2024-09-24 21:00:00+00:00,2658.67993,2660.91992,2656.69995,2660.84009
2024-09-25 01:00:00+00:00,2660.8501,2670.52002,2655.63989,2658.97998
2024-09-25 05:00:00+00:00,2658.78003,2659.88989,2651.3999,2655.94995
2024-09-25 09:00:00+00:00,2655.96997,2660.84009,2652.86011,2659.59009
2024-09-25 13:00:00+00:00,2659.40991,2667.47998,2649.86011,2653.77002
2024-09-25 17:00:00+00:00,2653.77002,2663.02002,2653.21997,2657.15991
2024-09-25 21:00:00+00:00,2657.56006,2660.31006,2655.56006,2659.12012
2024-09-26 01:00:00+00:00,2659.1499,2662.86011,2657.17993,2660.6499
2024-09-26 05:00:00+00:00,2660.65991,2670.59009,2658.050049,2669.13989
2024-09-26 09:00:00+00:00,2669.21997,2685.61011,2667.11011,2677.31006
2024-09-26 13:00:00+00:00,2677.3501,2679.56006,2655.13989,2668.23999
2024-09-26 17:00:00+00:00,2668.11011,2677.90991,2667.73999,2672.43994
2024-09-26 21:00:00+00:00,2671.87988,2673.30005,2669.53003,2669.83008
2024-09-27 01:00:00+00:00,2669.8501,2674.060059,2666.52002,2670.6001
2024-09-27 05:00:00+00:00,2670.81006,2671.3501,2661.060059,2662.81006
2024-09-27 09:00:00+00:00,2662.6499,2674.1499,2658.47998,2670.01001
2024-09-27 13:00:00+00:00,2670.6001,2670.8501,2645.02002,2651.86011
2024-09-27 17:00:00+00:00,2651.87988,2660.1001,2643.18994,2658.32007
2024-09-29 21:00:00+00:00,2661.73999,2666.050049,2660.01001,2661.69995
2024-09-30 01:00:00+00:00,2661.42993,2664.46997,2647.6001,2655.96997
2024-09-30 05:00:00+00:00,2655.97998,2660.68994,2650.77002,2653.51001
2024-09-30 09:00:00+00:00,2653.68994,2653.68994,2634.55005,2639.18994
2024-09-30 13:00:00+00:00,2639.22998,2642.1001,2628.8501,2639.1499
2024-09-30 17:00:00+00:00,2639.27002,2641.81006,2624.77002,2634.72998
2024-09-30 21:00:00+00:00,2633.37988,2637.22998,2632.38989,2636.5
2024-10-01 01:00:00+00:00,2636.48999,2640.51001,2634.71997,2639.68994
2024-10-01 05:00:00+00:00,2639.71997,2647.47998,2639.6499,2646.62012
2024-10-01 09:00:00+00:00,2646.52002,2656.68994,2645.48999,2651.61011
2024-10-01 13:00:00+00:00,2651.56006,2673.12012,2648.090088,2666.69995
2024-10-01 17:00:00+00:00,2666.59009,2671.76001,2657.6499,2663.42993
2024-10-01 21:00:00+00:00,2661.94995,2662.92993,2657.050049,2657.51001
2024-10-02 01:00:00+00:00,2657.53003,2661.97998,2652.8999,2654.18994
2024-10-02 05:00:00+00:00,2654.18994,2656.22998,2644.6499,2652.47998
2024-10-02 09:00:00+00:00,2652.46997,2655.47998,2643.98999,2649.6499
2024-10-02 13:00:00+00:00,2649.72998,2663.32007,2641.27002,2649.73999
2024-10-02 17:00:00+00:00,2649.80005,2659.93994,2647.26001,2658.80005
2024-10-02 21:00:00+00:00,2658.52002,2662.88989,2657.55005,2657.92993
2024-10-03 01:00:00+00:00,2657.88989,2658.93994,2653.37988,2655.070068
2024-10-03 05:00:00+00:00,2655.050049,2657.48999,2641.98999,2645.21997
2024-10-03 09:00:00+00:00,2645.22998,2653.48999,2641.11011,2642.47998
2024-10-03 13:00:00+00:00,2642.43994,2661.02002,2640.1001,2660.1001
2024-10-03 17:00:00+00:00,2660.1001,2662.1499,2655.23999,2656.19995
2024-10-03 21:00:00+00:00,2657.070068,2657.6001,2654.44995,2657.33008
2024-10-04 01:00:00+00:00,2657.31006,2665.93994,2656.82007,2664.22998
2024-10-04 05:00:00+00:00,2664.15991,2667.86011,2658.8501,2659.11011
2024-10-04 09:00:00+00:00,2659.1499,2662.63989,2632.1001,2638.80005
2024-10-04 13:00:00+00:00,2639.3999,2670.19995,2637.6001,2645.42993
2024-10-04 17:00:00+00:00,2645.38989,2654.050049,2642.88989,2653.52002
2024-10-06 20:00:00+00:00,2651.75,2652.3999,2649.78003,2650.27002
2024-10-07 00:00:00+00:00,2650.26001,2651.93994,2644.050049,2647.44995
2024-10-07 04:00:00+00:00,2647.47998,2652.81006,2639.73999,2652.11011
2024-10-07 08:00:00+00:00,2652.11011,2659.6499,2650.76001,2657.030029
2024-10-07 12:00:00+00:00,2657.22998,2659.32007,2637.87988,2645.72998
2024-10-07 16:00:00+00:00,2645.73999,2648.81006,2639.81006,2643.31006
2024-10-07 20:00:00+00:00,2643.32007,2649.12012,2641.86011,2643.070068
2024-10-08 00:00:00+00:00,2643.090088,2648.27002,2633.88989,2643.030029
2024-10-08 04:00:00+00:00,2643.070068,2646.47998,2631.23999,2634.1001
2024-10-08 08:00:00+00:00,2634.21997,2651.8999,2628.61011,2650.78003
2024-10-08 12:00:00+00:00,2650.81006,2652.97998,2604.88989,2613.030029
2024-10-08 16:00:00+00:00,2613.22998,2623.67993,2605.63989,2622.90991
2024-10-08 20:00:00+00:00,2622.98999,2623.8501,2619.02002,2622.030029
2024-10-09 00:00:00+00:00,2621.77002,2624.26001,2615.1499,2617.17993
2024-10-09 04:00:00+00:00,2617.21997,2624.38989,2609.22998,2611.76001
2024-10-09 08:00:00+00:00,2611.68994,2622.47998,2610.55005,2619.060059
2024-10-09 12:00:00+00:00,2619.060059,2622.37988,2605.81006,2614.88989
2024-10-09 16:00:00+00:00,2615.1001,2615.93994,2605.22998,2609.26001
2024-10-09 20:00:00+00:00,2609.27002,2609.51001,2606.97998,2608.53003
2024-10-10 00:00:00+00:00,2608.6499,2616.92993,2606.060059,2611.8501
2024-10-10 04:00:00+00:00,2611.8501,2617.12012,2610.37988,2616.82007
2024-10-10 08:00:00+00:00,2616.81006,2618.94995,2611.36011,2613.060059
2024-10-10 12:00:00+00:00,2613.18994,2629.71997,2604.17993,2623.65991
2024-10-10 16:00:00+00:00,2623.69995,2631.40991,2616.63989,2629.34009
2024-10-10 20:00:00+00:00,2629.42993,2635.68994,2628.23999,2633.27002
2024-10-11 00:00:00+00:00,2633.6001,2646.060059,2632.11011,2645.56006
2024-10-11 04:00:00+00:00,2645.63989,2647.19995,2638.13989,2645.46997
2024-10-11 08:00:00+00:00,2645.40991,2646.27002,2636.31006,2644.78003
2024-10-11 12:00:00+00:00,2644.84009,2659.11011,2640.72998,2658.8501
2024-10-11 16:00:00+00:00,2658.72998,2661.47998,2655.30005,2656.17993
2024-10-11 20:00:00+00:00,2656.3501,2657.31006,2654.77002,2657.26001
2024-10-13 20:00:00+00:00,2649.93994,2652.55005,2646.97998,2648.18994
2024-10-14 00:00:00+00:00,2648.22998,2657.44995,2643.31006,2655.67993
2024-10-14 04:00:00+00:00,2655.6499,2666.72998,2655.43994,2660.51001
2024-10-14 08:00:00+00:00,2660.52002,2663.1001,2651.15991,2652.26001
2024-10-14 12:00:00+00:00,2652.26001,2661.27002,2644.11011,2646.84009
2024-10-14 16:00:00+00:00,2646.76001,2652.6499,2645.8999,2652.63989
2024-10-14 20:00:00+00:00,2652.62012,2653.3501,2646.30005,2649.47998
2024-10-15 00:00:00+00:00,2649.46997,2652.81006,2644.52002,2645.72998
2024-10-15 04:00:00+00:00,2645.6499,2653.93994,2638.22998,2650.77002
2024-10-15 08:00:00+00:00,2650.72998,2656.72998,2645.87988,2647.81006
2024-10-15 12:00:00+00:00,2647.81006,2665.1499,2646.13989,2664.72998
2024-10-15 16:00:00+00:00,2664.86011,2668.93994,2659.1001,2661.81006
2024-10-15 20:00:00+00:00,2661.84009,2663.18994,2660.3501,2660.55005
2024-10-16 00:00:00+00:00,2660.46997,2670.050049,2658.77002,2667.22998
2024-10-16 04:00:00+00:00,2667.19995,2677.77002,2665.67993,2676.21997
2024-10-16 08:00:00+00:00,2676.1001,2682.76001,2673.030029,2678.38989
2024-10-16 12:00:00+00:00,2678.57007,2685.27002,2667.76001,2670.050049
2024-10-16 16:00:00+00:00,2669.98999,2676.73999,2666.88989,2674.97998
2024-10-16 20:00:00+00:00,2674.98999,2674.98999,2673.19995,2674.16992
2024-10-17 00:00:00+00:00,2674.13989,2684.90991,2674.13989,2676.87988
2024-10-17 04:00:00+00:00,2676.81006,2685.76001,2676.56006,2682.070068
2024-10-17 08:00:00+00:00,2681.86011,2688.81006,2677.050049,2681.31006
2024-10-17 12:00:00+00:00,2681.23999,2696.76001,2673.37988,2693.37988
2024-10-17 16:00:00+00:00,2693.11011,2694.22998,2684.15991,2692.11011
2024-10-17 20:00:00+00:00,2692.13989,2694.38989,2691.02002,2693.87988
2024-10-18 00:00:00+00:00,2693.71997,2712.02002,2692.90991,2710.060059
2024-10-18 04:00:00+00:00,2710.070068,2714.070068,2702.3501,2702.3501
2024-10-18 08:00:00+00:00,2702.3999,2713.22998,2701.81006,2709.90991
2024-10-18 12:00:00+00:00,2710.030029,2720.1499,2705.030029,2714.92993
2024-10-18 16:00:00+00:00,2714.97998,2721.30005,2713.73999,2719.71997
2024-10-18 20:00:00+00:00,2719.8501,2722.6001,2719.31006,2721.67993
2024-10-20 20:00:00+00:00,2723.13989,2725.18994,2720.61011,2723.51001
2024-10-21 00:00:00+00:00,2723.63989,2732.86011,2721.22998,2731.59009
2024-10-21 04:00:00+00:00,2731.59009,2732.52002,2723.72998,2730.47998
2024-10-21 08:00:00+00:00,2730.3999,2738.1499,2727.84009,2734.52002
2024-10-21 12:00:00+00:00,2734.30005,2740.6001,2717.050049,2720.3501
2024-10-21 16:00:00+00:00,2720.17993,2725.65991,2714.34009,2719.93994
2024-10-21 20:00:00+00:00,2720.060059,2722.6499,2718.93994,2721.56006
2024-10-22 00:00:00+00:00,2721.53003,2733.1001,2720.76001,2731.060059
2024-10-22 04:00:00+00:00,2731.060059,2737.1499,2729.26001,2733.72998
2024-10-22 08:00:00+00:00,2733.69995,2739.37988,2729.59009,2732.01001
2024-10-22 12:00:00+00:00,2732.060059,2744.22998,2731.68994,2737.63989
2024-10-22 16:00:00+00:00,2737.6499,2748.8999,2737.32007,2748.71997
2024-10-22 20:00:00+00:00,2748.65991,2749.01001,2745.96997,2746.6001
2024-10-23 00:00:00+00:00,2746.77002,2747.15991,2737.96997,2746.15991
2024-10-23 04:00:00+00:00,2746.17993,2755.65991,2745.3999,2755.030029
2024-10-23 08:00:00+00:00,2754.98999,2758.51001,2749.31006,2749.96997
2024-10-23 12:00:00+00:00,2749.97998,2750.51001,2708.88989,2721.98999
2024-10-23 16:00:00+00:00,2721.87988,2723.3501,2712.030029,2716.1001
2024-10-23 20:00:00+00:00,2716.18994,2721.93994,2714.30005,2721.3999
2024-10-24 00:00:00+00:00,2720.93994,2726.73999,2717.93994,2723.02002
2024-10-24 04:00:00+00:00,2723.030029,2737.12012,2722.94995,2733.56006
2024-10-24 08:00:00+00:00,2733.6499,2739.65991,2732.59009,2738.71997
2024-10-24 12:00:00+00:00,2738.6001,2743.31006,2722.52002,2731.22998
2024-10-24 16:00:00+00:00,2731.40991,2737.84009,2725.87988,2736.81006
2024-10-24 20:00:00+00:00,2736.8501,2736.8501,2733.78003,2733.8999
2024-10-25 00:00:00+00:00,2734.070068,2735.1001,2724.53003,2726.1499
2024-10-25 04:00:00+00:00,2726.1499,2732.62012,2724.01001,2726.53003
2024-10-25 08:00:00+00:00,2726.22998,2729.42993,2717.17993,2724.27002
2024-10-25 12:00:00+00:00,2724.27002,2742.090088,2723.40991,2737.15991
2024-10-25 16:00:00+00:00,2737.18994,2745.1001,2734.11011,2742.56006
2024-10-25 20:00:00+00:00,2742.6001,2747.68994,2742.57007,2747.62988
2024-10-27 20:00:00+00:00,2733.68994,2740.22998,2730.38989,2735.90991
2024-10-28 00:00:00+00:00,2735.87988,2736.36011,2724.80005,2729.77002
2024-10-28 04:00:00+00:00,2729.6499,2744.6001,2729.28003,2738.96997
2024-10-28 08:00:00+00:00,2739.02002,2740.87988,2727.94995,2732.34009
2024-10-28 12:00:00+00:00,2732.21997,2745.98999,2731.31006,2740.77002
2024-10-28 16:00:00+00:00,2740.72998,2745.02002,2740.060059,2742.59009
2024-10-28 20:00:00+00:00,2742.59009,2744.56006,2740.12012,2744.56006
2024-10-29 00:00:00+00:00,2744.52002,2757.78003,2743.36011,2751.78003
2024-10-29 04:00:00+00:00,2751.72998,2756.87988,2749.050049,2752.52002
2024-10-29 08:00:00+00:00,2752.52002,2756.56006,2746.3999,2751.8999
2024-10-29 12:00:00+00:00,2751.92993,2771.72998,2748.32007,2764.3501
2024-10-29 16:00:00+00:00,2764.38989,2774.80005,2764.27002,2772.27002
2024-10-29 20:00:00+00:00,2772.34009,2775.37988,2771.8999,2775.13989
2024-10-30 00:00:00+00:00,2775.17993,2782.18994,2774.93994,2779.060059
2024-10-30 04:00:00+00:00,2779.050049,2789.88989,2777.47998,2782.31006
2024-10-30 08:00:00+00:00,2782.22998,2786.53003,2778.51001,2778.6499
2024-10-30 12:00:00+00:00,2778.81006,2787.56006,2771.060059,2784.78003
2024-10-30 16:00:00+00:00,2784.93994,2790.01001,2783.1499,2787.56006
2024-10-30 20:00:00+00:00,2787.55005,2788.19995,2784.80005,2785.47998
2024-10-31 00:00:00+00:00,2785.62012,2790.1001,2783.6499,2784.62012
2024-10-31 04:00:00+00:00,2784.76001,2786.6499,2778.27002,2782.1001
2024-10-31 08:00:00+00:00,2782.22998,2783.17993,2773.40991,2779.57007
2024-10-31 12:00:00+00:00,2779.6001,2782.030029,2731.6499,2740.68994
2024-10-31 16:00:00+00:00,2741.02002,2749.78003,2738.1499,2746.56006
2024-10-31 20:00:00+00:00,2746.57007,2748.26001,2743.48999,2746.82007
2024-11-01 00:00:00+00:00,2746.98999,2751.97998,2745.02002,2751.84009
2024-11-01 04:00:00+00:00,2751.82007,2757.69995,2747.27002,2749.72998
2024-11-01 08:00:00+00:00,2749.73999,2755.51001,2744.8999,2753.030029
2024-11-01 12:00:00+00:00,2753.1001,2762.31006,2739.86011,2744.77002
2024-11-01 16:00:00+00:00,2744.6499,2746.13989,2733.31006,2734.15991
2024-11-01 20:00:00+00:00,2734.31006,2736.91992,2733.3999,2736.3999
2024-11-03 20:00:00+00:00,2733.36011,2740.40991,2732.69995,2738.44995
2024-11-04 00:00:00+00:00,2738.48999,2742.44995,2735.56006,2741.090088
2024-11-04 04:00:00+00:00,2740.88989,2744.81006,2735.18994,2735.8999
2024-11-04 08:00:00+00:00,2735.87988,2745.30005,2732.01001,2740.6499
2024-11-04 12:00:00+00:00,2741.02002,2748.22998,2737.77002,2738.57007
2024-11-04 16:00:00+00:00,2738.62012,2739.72998,2732.050049,2738.38989
2024-11-04 20:00:00+00:00,2738.3999,2738.6499,2735.97998,2736.090088
2024-11-05 00:00:00+00:00,2736.21997,2736.73999,2724.78003,2735.34009
2024-11-05 04:00:00+00:00,2735.34009,2741.3501,2731.8501,2736.42993
2024-11-05 08:00:00+00:00,2736.3999,2745.01001,2732.18994,2742.17993
2024-11-05 12:00:00+00:00,2741.87988,2750.01001,2733.18994,2742.090088
2024-11-05 16:00:00+00:00,2742.090088,2744.52002,2736.3999,2740.47998
2024-11-05 20:00:00+00:00,2740.44995,2746.46997,2739.72998,2745.72998
2024-11-06 00:00:00+00:00,2745.71997,2749.72998,2730.6001,2734.22998
2024-11-06 04:00:00+00:00,2734.23999,2743.65991,2701.6499,2725.92993
2024-11-06 08:00:00+00:00,2725.93994,2733.61011,2696.37988,2699.42993
2024-11-06 12:00:00+00:00,2699.47998,2708.1001,2652.6001,2675.8501
2024-11-06 16:00:00+00:00,2676.01001,2678.1001,2661.71997,2667.15991
2024-11-06 20:00:00+00:00,2667.15991,2667.82007,2659.050049,2664.11011
2024-11-07 00:00:00+00:00,2664.11011,2664.27002,2643.77002,2659.56006
2024-11-07 04:00:00+00:00,2659.31006,2667.68994,2652.87988,2663.3501
2024-11-07 08:00:00+00:00,2663.62012,2668.46997,2657.46997,2666.26001
2024-11-07 12:00:00+00:00,2666.27002,2700.1499,2664.3999,2698.86011
2024-11-07 16:00:00+00:00,2698.8501,2700.38989,2687.55005,2694.44995
2024-11-07 20:00:00+00:00,2694.3999,2710.23999,2692.93994,2706.97998
2024-11-08 00:00:00+00:00,2706.97998,2710.43994,2694.13989,2695.28003
2024-11-08 04:00:00+00:00,2695.27002,2696.36011,2680.3999,2687.52002
2024-11-08 08:00:00+00:00,2687.6499,2694.98999,2682.030029,2691.84009
2024-11-08 12:00:00+00:00,2692.050049,2703.97998,2683.53003,2687.67993
2024-11-08 16:00:00+00:00,2687.52002,2689.3501,2683.12012,2687.18994
2024-11-08 20:00:00+00:00,2687.1499,2688.63989,2682.97998,2684.19995
2024-11-10 20:00:00+00:00,2682.55005,2685.72998,2681.65991,2685.6499
2024-11-11 00:00:00+00:00,2685.6499,2686.12988,2666.57007,2670.28003
2024-11-11 04:00:00+00:00,2670.11011,2674.31006,2667.3501,2669.57007
2024-11-11 08:00:00+00:00,2669.63989,2675.19995,2659.1001,2662.47998
2024-11-11 12:00:00+00:00,2663.090088,2663.21997,2613.52002,2614.6499
2024-11-11 16:00:00+00:00,2614.8501,2620.77002,2610.76001,2619.23999
2024-11-11 20:00:00+00:00,2619.3501,2626.27002,2619.3501,2624.070068
2024-11-12 00:00:00+00:00,2624.12012,2626.98999,2618.8999,2619.1001
2024-11-12 04:00:00+00:00,2619.030029,2619.070068,2595.31006,2598.32007
2024-11-12 08:00:00+00:00,2598.32007,2606.6001,2589.8999,2597.93994
2024-11-12 12:00:00+00:00,2597.93994,2617.090088,2597.44995,2598.55005
2024-11-12 16:00:00+00:00,2598.59009,2604.23999,2592.6001,2598.27002
2024-11-12 20:00:00+00:00,2598.26001,2601.3999,2595.26001,2599.02002
2024-11-13 00:00:00+00:00,2599.090088,2613.3501,2598.12012,2611.56006
2024-11-13 04:00:00+00:00,2611.57007,2612.38989,2603.65991,2606.3501
2024-11-13 08:00:00+00:00,2606.30005,2611.71997,2601.1499,2610.8999
2024-11-13 12:00:00+00:00,2611.02002,2618.68994,2593.71997,2605.46997
2024-11-13 16:00:00+00:00,2605.48999,2605.97998,2577.72998,2581.050049
2024-11-13 20:00:00+00:00,2581.060059,2581.42993,2569.3999,2571.030029
2024-11-14 00:00:00+00:00,2571.060059,2574.72998,2559.02002,2560.77002
2024-11-14 04:00:00+00:00,2560.57007,2565.31006,2550.53003,2556.8501
2024-11-14 08:00:00+00:00,2557.02002,2559.90991,2536.8999,2553.6499
2024-11-14 12:00:00+00:00,2553.69995,2572.96997,2550.17993,2570.31006
2024-11-14 16:00:00+00:00,2570.34009,2577.51001,2567.22998,2576.02002
2024-11-14 20:00:00+00:00,2576.060059,2576.15991,2564.02002,2567.02002
2024-11-15 00:00:00+00:00,2566.8501,2571.6001,2563.43994,2567.81006
2024-11-15 04:00:00+00:00,2567.80005,2569.59009,2554.62012,2563.88989
2024-11-15 08:00:00+00:00,2563.86011,2573.34009,2560.94995,2570.84009
2024-11-15 12:00:00+00:00,2570.8501,2575.98999,2561.37988,2570.8999
2024-11-15 16:00:00+00:00,2570.8999,2573.38989,2559.55005,2563.93994
2024-11-15 20:00:00+00:00,2563.92993,2563.96997,2559.98999,2563.070068
2024-11-17 20:00:00+00:00,2568.13989,2575.57007,2568.13989,2571.44995
2024-11-18 00:00:00+00:00,2571.46997,2597.18994,2569.92993,2589.90991
2024-11-18 04:00:00+00:00,2589.94995,2593.19995,2580.51001,2582.93994
2024-11-18 08:00:00+00:00,2582.65991,2597.31006,2582.15991,2594.52002
2024-11-18 12:00:00+00:00,2594.47998,2613.3999,2590.52002,2613.060059
2024-11-18 16:00:00+00:00,2613.11011,2615.090088,2607.43994,2609.87988
2024-11-18 20:00:00+00:00,2609.84009,2613.11011,2608.31006,2612.68994
2024-11-19 00:00:00+00:00,2612.84009,2625.57007,2611.1499,2624.52002
2024-11-19 04:00:00+00:00,2624.53003,2626.76001,2617.88989,2619.11011
2024-11-19 08:00:00+00:00,2619.030029,2636.56006,2618.72998,2629.6001
2024-11-19 12:00:00+00:00,2629.63989,2639.48999,2621.1001,2624.51001
2024-11-19 16:00:00+00:00,2624.72998,2633.17993,2622.43994,2630.77002
2024-11-19 20:00:00+00:00,2630.81006,2635.56006,2630.51001,2635.1499
2024-11-20 00:00:00+00:00,2635.19995,2641.86011,2634.78003,2638.030029
2024-11-20 04:00:00+00:00,2638.070068,2638.81006,2621.23999,2621.6001
2024-11-20 08:00:00+00:00,2621.43994,2628.19995,2618.96997,2628.17993
2024-11-20 12:00:00+00:00,2628.30005,2648.90991,2627.11011,2648.90991
2024-11-20 16:00:00+00:00,2649.1001,2655.47998,2645.52002,2650.94995
2024-11-20 20:00:00+00:00,2650.86011,2653.01001,2647.30005,2652.18994
2024-11-21 00:00:00+00:00,2652.31006,2660.37988,2650.44995,2657.02002
2024-11-21 04:00:00+00:00,2656.97998,2664.44995,2654.72998,2663.22998
2024-11-21 08:00:00+00:00,2663.18994,2673.55005,2662.070068,2671.55005
2024-11-21 12:00:00+00:00,2671.55005,2671.72998,2660.56006,2667.76001
2024-11-21 16:00:00+00:00,2667.84009,2673.52002,2661.38989,2669.72998
2024-11-21 20:00:00+00:00,2669.78003,2671.88989,2668.15991,2669.26001
2024-11-22 00:00:00+00:00,2669.21997,2690.55005,2668.94995,2686.21997
2024-11-22 04:00:00+00:00,2686.23999,2699.02002,2683.090088,2696.3501
2024-11-22 08:00:00+00:00,2696.44995,2710.1499,2693.62012,2698.90991
2024-11-22 12:00:00+00:00,2698.90991,2705.1001,2684.6499,2703.6001
2024-11-22 16:00:00+00:00,2703.77002,2711.47998,2700.86011,2708.22998
2024-11-22 20:00:00+00:00,2708.1499,2716.30005,2705.15991,2716.080078
2024-11-24 20:00:00+00:00,2711.84009,2721.34009,2710.80005,2719.8501
2024-11-25 00:00:00+00:00,2719.47998,2720.17993,2659.31006,2672.31006
2024-11-25 04:00:00+00:00,2672.34009,2676.3501,2658.38989,2667.87988
2024-11-25 08:00:00+00:00,2667.72998,2688.80005,2667.34009,2686.81006
2024-11-25 12:00:00+00:00,2686.97998,2687.88989,2626.36011,2628.32007
2024-11-25 16:00:00+00:00,2628.40991,2639.51001,2615.72998,2625.72998
2024-11-25 20:00:00+00:00,2625.92993,2628.81006,2605.3501,2610.36011
2024-11-26 00:00:00+00:00,2610.69995,2632.17993,2608.8999,2630.44995
2024-11-26 04:00:00+00:00,2630.45996,2631.52002,2610.90991,2614.1499
2024-11-26 08:00:00+00:00,2614.1499,2633.31006,2612.52002,2633.31006
2024-11-26 12:00:00+00:00,2633.55005,2641.98999,2616.8999,2629.56006
2024-11-26 16:00:00+00:00,2629.69995,2631.44995,2619.6499,2628.11011
2024-11-26 20:00:00+00:00,2628.27002,2634.1499,2627.62012,2632.31006
2024-11-27 00:00:00+00:00,2632.31006,2640.53003,2627.1499,2637.81006
2024-11-27 04:00:00+00:00,2637.73999,2648.52002,2636.73999,2646.76001
2024-11-27 08:00:00+00:00,2646.67993,2653.82007,2643.93994,2651.18994
2024-11-27 12:00:00+00:00,2651.46997,2658.21997,2635.76001,2642.77002
2024-11-27 16:00:00+00:00,2642.56006,2644.30005,2633.97998,2634.78003
2024-11-27 20:00:00+00:00,2634.77002,2639.060059,2634.34009,2637.21997
2024-11-28 00:00:00+00:00,2637.26001,2638.46997,2621.02002,2630.3501
2024-11-28 04:00:00+00:00,2630.3501,2639.56006,2629.43994,2637.42993
2024-11-28 08:00:00+00:00,2637.1499,2649.69995,2635.80005,2646.97998
2024-11-28 12:00:00+00:00,2646.97998,2647.97998,2636.38989,2638.22998
2024-11-28 16:00:00+00:00,2638.1499,2642.52002,2637.29004,2637.38989
2024-11-28 20:00:00+00:00,2638.67993,2639.3501,2637.27002,2638.8501
2024-11-29 00:00:00+00:00,2638.82007,2662.77002,2634.43994,2660.090088
2024-11-29 04:00:00+00:00,2660.28003,2666.3501,2658.43994,2660.65991
2024-11-29 08:00:00+00:00,2660.71997,2665.8999,2654.65991,2659.67993
2024-11-29 12:00:00+00:00,2659.73999,2664.97998,2650.69995,2658.8999
2024-11-29 16:00:00+00:00,2659.19995,2662.34009,2648.73999,2650.11011
2024-12-01 20:00:00+00:00,2649.37988,2650.28003,2643.15991,2645.84009
2024-12-02 00:00:00+00:00,2646.31006,2647.68994,2623.02002,2629.3999
2024-12-02 04:00:00+00:00,2629.43994,2633.62012,2621.98999,2629.97998
2024-12-02 08:00:00+00:00,2629.93994,2646.3999,2626.68994,2641.8999
2024-12-02 12:00:00+00:00,2641.8501,2651.55005,2637.34009,2642.36011
2024-12-02 16:00:00+00:00,2642.43994,2644.3501,2633.62012,2637.69995
2024-12-02 20:00:00+00:00,2637.6001,2644.27002,2635.43994,2642.28003
2024-12-03 00:00:00+00:00,2642.3501,2645.22998,2634.27002,2640.57007
2024-12-03 04:00:00+00:00,2640.53003,2650.1001,2637.23999,2644.68994
2024-12-03 08:00:00+00:00,2644.61011,2648.090088,2639.43994,2643.82007
2024-12-03 12:00:00+00:00,2643.67993,2655.62012,2635.37988,2640.52002
2024-12-03 16:00:00+00:00,2640.52002,2649.22998,2638.98999,2641.030029
2024-12-03 20:00:00+00:00,2640.90991,2644.22998,2640.78003,2642.8501
2024-12-04 00:00:00+00:00,2642.84009,2648.12012,2637.78003,2644.53003
2024-12-04 04:00:00+00:00,2644.52002,2651.44995,2640.43994,2641.59009
2024-12-04 08:00:00+00:00,2641.27002,2647.77002,2636.76001,2646.26001
2024-12-04 12:00:00+00:00,2646.22998,2657.13989,2632.68994,2655.1001
2024-12-04 16:00:00+00:00,2655.1499,2655.53003,2646.93994,2651.80005
2024-12-04 20:00:00+00:00,2651.72998,2652.02002,2648.1499,2650.43994
2024-12-05 00:00:00+00:00,2650.44995,2650.73999,2644.80005,2648.96997
2024-12-05 04:00:00+00:00,2648.93994,2655.56006,2645.55005,2648.81006
2024-12-05 08:00:00+00:00,2648.76001,2652.72998,2642.02002,2651.3999
2024-12-05 12:00:00+00:00,2651.48999,2654.55005,2632.11011,2640.32007
2024-12-05 16:00:00+00:00,2640.34009,2643.46997,2623.68994,2629.87988
2024-12-05 20:00:00+00:00,2629.90991,2633.8999,2628.060059,2633.81006
2024-12-06 00:00:00+00:00,2633.82007,2642.52002,2613.8501,2640.92993
2024-12-06 04:00:00+00:00,2640.90991,2644.43994,2635.47998,2639.81006
2024-12-06 08:00:00+00:00,2639.8999,2645.67993,2632.6001,2638.52002
2024-12-06 12:00:00+00:00,2638.52002,2643.6499,2624.13989,2637.63989
2024-12-06 16:00:00+00:00,2637.72998,2641.6499,2633.11011,2634.8999
2024-12-06 20:00:00+00:00,2635.030029,2636.46997,2631.21997,2633.19995
2024-12-08 20:00:00+00:00,2643.19995,2648.1001,2636.48999,2640.18994
2024-12-09 00:00:00+00:00,2640.11011,2650.63989,2627.59009,2638.81006
2024-12-09 04:00:00+00:00,2638.8999,2651.19995,2634.72998,2650.61011
2024-12-09 08:00:00+00:00,2650.69995,2660.38989,2646.18994,2656.3501
2024-12-09 12:00:00+00:00,2656.30005,2676.43994,2653.3999,2668.42993
2024-12-09 16:00:00+00:00,2667.8501,2670.63989,2658.97998,2660.31006
2024-12-09 20:00:00+00:00,2659.96997,2661.71997,2656.82007,2660.56006
2024-12-10 00:00:00+00:00,2660.63989,2671.81006,2658.01001,2670.02002
2024-12-10 04:00:00+00:00,2670.1499,2673.8501,2663.73999,2664.71997
2024-12-10 08:00:00+00:00,2664.72998,2676.78003,2661.27002,2674.72998
2024-12-10 12:00:00+00:00,2674.69995,2691.76001,2672.3999,2687.43994
2024-12-10 16:00:00+00:00,2687.42993,2695.61011,2684.73999,2691.97998
2024-12-10 20:00:00+00:00,2692.01001,2698.38989,2690.97998,2696.060059
2024-12-11 00:00:00+00:00,2696.090088,2704.38989,2693.57007,2695.72998
2024-12-11 04:00:00+00:00,2695.71997,2698.37988,2675.55005,2689.88989
2024-12-11 08:00:00+00:00,2689.61011,2699.8999,2686.80005,2696.53003
2024-12-11 12:00:00+00:00,2696.61011,2715.98999,2690.72998,2713.21997
2024-12-11 16:00:00+00:00,2713.19995,2721.13989,2711.21997,2718.11011
2024-12-11 20:00:00+00:00,2718.12012,2720.3999,2716.12012,2720.1499
2024-12-12 00:00:00+00:00,2720.11011,2726.30005,2700.78003,2710.6001
2024-12-12 04:00:00+00:00,2710.58008,2720.47998,2709.8999,2716.86011
2024-12-12 08:00:00+00:00,2716.34009,2719.38989,2707.52002,2710.94995
2024-12-12 12:00:00+00:00,2710.8501,2712.47998,2675.22998,2679.69995
2024-12-12 16:00:00+00:00,2679.76001,2687.060059,2677.56006,2683.070068
2024-12-12 20:00:00+00:00,2683.070068,2683.59009,2679.61011,2680.73999
2024-12-13 00:00:00+00:00,2680.72998,2692.76001,2679.02002,2688.31006
2024-12-13 04:00:00+00:00,2688.16992,2690.6499,2681.28003,2683.3501
2024-12-13 08:00:00+00:00,2683.15991,2684.73999,2664.43994,2665.090088
2024-12-13 12:00:00+00:00,2664.90991,2672.98999,2654.80005,2660.1001
2024-12-13 16:00:00+00:00,2659.84009,2664.52002,2652.31006,2653.070068
2024-12-13 20:00:00+00:00,2653.030029,2653.56006,2646.23999,2648.51001
2024-12-15 20:00:00+00:00,2649.1499,2653.13989,2648.8501,2651.57007
2024-12-16 00:00:00+00:00,2651.47998,2655.68994,2643.6499,2653.96997
2024-12-16 04:00:00+00:00,2653.8501,2655.90991,2649.61011,2653.8501
2024-12-16 08:00:00+00:00,2653.6001,2664.21997,2652.43994,2663.6499
2024-12-16 12:00:00+00:00,2663.8501,2664.47998,2650.96997,2654.48999
2024-12-16 16:00:00+00:00,2654.53003,2655.82007,2648.61011,2653.36011
2024-12-16 20:00:00+00:00,2653.3501,2653.6499,2651.57007,2651.78003
2024-12-17 00:00:00+00:00,2651.81006,2658.76001,2651.27002,2653.68994
2024-12-17 04:00:00+00:00,2653.59009,2657.090088,2646.57007,2653.82007
2024-12-17 08:00:00+00:00,2653.47998,2653.72998,2636.36011,2642.31006
2024-12-17 12:00:00+00:00,2642.27002,2646.92993,2633.22998,2640.11011
2024-12-17 16:00:00+00:00,2640.26001,2649.1001,2636.80005,2645.40991
2024-12-17 20:00:00+00:00,2645.44995,2647.71997,2643.22998,2647.47998
2024-12-18 00:00:00+00:00,2647.51001,2651.80005,2645.3999,2645.73999
2024-12-18 04:00:00+00:00,2645.6001,2649.52002,2642.82007,2644.81006
2024-12-18 08:00:00+00:00,2644.73999,2649.65991,2642.22998,2646.23999
2024-12-18 12:00:00+00:00,2646.19995,2647.80005,2634.22998,2638.28003
2024-12-18 16:00:00+00:00,2638.26001,2640.060059,2604.28003,2604.28003
2024-12-18 20:00:00+00:00,2604.63989,2609.3999,2583.55005,2588.02002
2024-12-19 00:00:00+00:00,2588.1499,2618.11011,2587.93994,2610.22998
2024-12-19 04:00:00+00:00,2610.48999,2622.63989,2603.3999,2616.62012
2024-12-19 08:00:00+00:00,2616.65991,2626.44995,2613.36011,2616.86011
2024-12-19 12:00:00+00:00,2616.8999,2616.8999,2587.060059,2588.77002
2024-12-19 16:00:00+00:00,2588.36011,2601.060059,2587.32007,2596.8501
2024-12-19 20:00:00+00:00,2596.98999,2600.37988,2592.40991,2593.70996
2024-12-20 00:00:00+00:00,2593.65991,2604.090088,2589.80005,2598.56006
2024-12-20 04:00:00+00:00,2598.57007,2607.59009,2596.56006,2606.3501
2024-12-20 08:00:00+00:00,2606.01001,2607.77002,2600.28003,2603.73999
2024-12-20 12:00:00+00:00,2603.81006,2631.18994,2600.86011,2630.3999
2024-12-20 16:00:00+00:00,2631.1001,2631.77002,2622.3501,2627.94995
2024-12-20 20:00:00+00:00,2627.93994,2628.13989,2619.3999,2623.29004
2024-12-22 20:00:00+00:00,2622.87988,2624.81006,2621.8501,2624.31006
2024-12-23 00:00:00+00:00,2624.63989,2627.51001,2617.59009,2624.17993
2024-12-23 04:00:00+00:00,2624.15991,2633.30005,2623.96997,2630.31006
2024-12-23 08:00:00+00:00,2629.68994,2632.18994,2613.18994,2616.31006
2024-12-23 12:00:00+00:00,2616.34009,2619.90991,2609.38989,2609.87988
2024-12-23 16:00:00+00:00,2609.87012,2616.68994,2608.18994,2611.27002
2024-12-23 20:00:00+00:00,2611.37988,2617.15991,2609.22998,2615.52002
2024-12-24 00:00:00+00:00,2615.46997,2620.050049,2613.6001,2618.77002
2024-12-24 04:00:00+00:00,2618.8501,2621.46997,2616.56006,2618.3999
2024-12-24 08:00:00+00:00,2618.52002,2619.76001,2612.57007,2615.26001
2024-12-24 12:00:00+00:00,2615.32007,2617.22998,2610.19995,2611.80005
2024-12-24 16:00:00+00:00,2611.81006,2619.38989,2611.6499,2617.27002
2024-12-25 20:00:00+00:00,2616.29004,2620.36011,2615.22998,2619.01001
2024-12-26 00:00:00+00:00,2618.98999,2629.070068,2618.98999,2626.98999
2024-12-26 04:00:00+00:00,2626.94995,2629.59009,2623.67993,2625.61011
2024-12-26 08:00:00+00:00,2625.56006,2630.060059,2625.11011,2627.90991
2024-12-26 12:00:00+00:00,2627.86011,2639.12012,2621.86011,2636.52002
2024-12-26 16:00:00+00:00,2636.48999,2636.77002,2628.01001,2635.060059
2024-12-26 20:00:00+00:00,2634.94995,2636.22998,2631.6499,2632.94995
2024-12-27 00:00:00+00:00,2632.86011,2635.59009,2629.030029,2633.81006
2024-12-27 04:00:00+00:00,2633.81006,2638.36011,2631.3999,2633.59009
2024-12-27 08:00:00+00:00,2633.27002,2633.41992,2623.62012,2628.73999
2024-12-27 12:00:00+00:00,2628.77002,2631.65991,2611.81006,2618.22998
2024-12-27 16:00:00+00:00,2618.23999,2621.43994,2614.17993,2620.72998
2024-12-27 20:00:00+00:00,2620.68994,2622.28003,2612.82007,2621.8999
2024-12-29 20:00:00+00:00,2621.61011,2626.21997,2621.54004,2624.050049
2024-12-30 00:00:00+00:00,2624.27002,2628.11011,2621.51001,2626.6499
2024-12-30 04:00:00+00:00,2626.63989,2626.63989,2615.93994,2616.86011
2024-12-30 08:00:00+00:00,2616.72998,2618.72998,2609.37988,2616.43994
2024-12-30 12:00:00+00:00,2616.40991,2622.57007,2599.78003,2601.71997
2024-12-30 16:00:00+00:00,2601.68994,2608.36011,2596.19995,2607.17993
2024-12-30 20:00:00+00:00,2607.15991,2609.61011,2603.98999,2606.73999
2024-12-31 00:00:00+00:00,2606.80005,2611.6499,2603.56006,2604.65991
2024-12-31 04:00:00+00:00,2604.68994,2614.19995,2602.69995,2613.8501
2024-12-31 08:00:00+00:00,2613.90991,2617.73999,2609.87988,2611.23999
2024-12-31 12:00:00+00:00,2611.11011,2626.68994,2605.43994,2625.86011
2024-12-31 16:00:00+00:00,2625.78003,2627.57007,2622.43994,2623.84009
2024-12-31 20:00:00+00:00,2623.66992,2625.030029,2622.15991,2624.56006
2025-01-01 20:00:00+00:00,2625.1499,2625.73999,2621.78003,2623.80005
2025-01-02 00:00:00+00:00,2624.11011,2636.47998,2622.8501,2633.77002
2025-01-02 04:00:00+00:00,2633.72998,2636.55005,2631.21997,2636.1001
2025-01-02 08:00:00+00:00,2636.40991,2646.12012,2631.22998,2642.090088
2025-01-02 12:00:00+00:00,2642.1001,2655.8501,2636.21997,2654.1499
2025-01-02 16:00:00+00:00,2654.15991,2660.44995,2650.11011,2654.78003
2025-01-02 20:00:00+00:00,2654.93994,2660.44995,2654.26001,2658.48999
2025-01-03 00:00:00+00:00,2658.55005,2665.34009,2656.3999,2662.3999
2025-01-03 04:00:00+00:00,2662.36011,2664.44995,2651.90991,2654.40991
2025-01-03 08:00:00+00:00,2654.31006,2659.37988,2649.92993,2657.73999
2025-01-03 12:00:00+00:00,2657.68994,2658.34009,2641.11011,2643.98999
2025-01-03 16:00:00+00:00,2643.8999,2647.31006,2639.17993,2639.68994
2025-01-03 20:00:00+00:00,2639.42993,2640.8501,2636.83008,2639.48999
2025-01-05 20:00:00+00:00,2639.91992,2642.44995,2639.83008,2641.1001
2025-01-06 00:00:00+00:00,2641.1499,2647.3999,2638.69995,2640.21997
2025-01-06 04:00:00+00:00,2640.20996,2640.8501,2625.52002,2626.93994
2025-01-06 08:00:00+00:00,2626.87988,2649.46997,2625.88989,2645.6499
2025-01-06 12:00:00+00:00,2645.61011,2648.88989,2614.88989,2634.36011
2025-01-06 16:00:00+00:00,2634.47998,2641.21997,2632.61011,2634.47998
2025-01-06 20:00:00+00:00,2634.46997,2637.030029,2633.31006,2634.69995
2025-01-07 00:00:00+00:00,2634.68994,2641.18994,2633.070068,2639.6499
2025-01-07 04:00:00+00:00,2639.61011,2646.72998,2637.17993,2640.59009
2025-01-07 08:00:00+00:00,2640.55005,2648.77002,2640.17993,2648.56006
2025-01-07 12:00:00+00:00,2648.67993,2664.26001,2642.45996,2647.81006
2025-01-07 16:00:00+00:00,2647.80005,2655.97998,2646.78003,2649.44995
2025-01-07 20:00:00+00:00,2649.43994,2651.47998,2647.37988,2649.8501
2025-01-08 00:00:00+00:00,2649.6499,2651.6001,2645.72998,2646.8501
2025-01-08 04:00:00+00:00,2646.81006,2654.52002,2645.3501,2652.73999
2025-01-08 08:00:00+00:00,2652.55005,2655.22998,2647.84009,2650.94995
2025-01-08 12:00:00+00:00,2650.95996,2667.72998,2646.1001,2665.92993
2025-01-08 16:00:00+00:00,2665.90991,2669.95996,2649.56006,2658.3501
2025-01-08 20:00:00+00:00,2658.36011,2664.090088,2658.36011,2662.59009
2025-01-09 00:00:00+00:00,2662.63989,2662.81006,2656.52002,2659.42993
2025-01-09 04:00:00+00:00,2659.40991,2666.93994,2655.72998,2662.51001
2025-01-09 08:00:00+00:00,2662.37988,2673.22998,2660.56006,2670.12012
2025-01-09 12:00:00+00:00,2670.27002,2678.15991,2667.31006,2668.33008
2025-01-09 16:00:00+00:00,2668.3501,2672.56006,2662.84009,2670.22998
2025-01-09 20:00:00+00:00,2670.3501,2671.38989,2668.55005,2670.070068
2025-01-10 00:00:00+00:00,2670.19995,2674.81006,2669.080078,2673.72998
2025-01-10 04:00:00+00:00,2673.77002,2678.81006,2671.67993,2676.22998
2025-01-10 08:00:00+00:00,2676.22998,2683.080078,2675.77002,2681.48999
2025-01-10 12:00:00+00:00,2681.43994,2697.8999,2664.13989,2692.81006
2025-01-10 16:00:00+00:00,2692.77002,2697.76001,2684.70996,2685.93994
2025-01-10 20:00:00+00:00,2685.94995,2693.47998,2684.71997,2690.15991
2025-01-12 20:00:00+00:00,2689.93994,2691.52002,2687.56006,2691.090088
2025-01-13 00:00:00+00:00,2691.050049,2693.32007,2679.46997,2688.11011
2025-01-13 04:00:00+00:00,2688.090088,2691.3501,2683.55005,2685.30005
2025-01-13 08:00:00+00:00,2685.18994,2689.78003,2675.63989,2676.070068
2025-01-13 12:00:00+00:00,2676.1499,2677.28003,2661.27002,2661.96997
2025-01-13 16:00:00+00:00,2661.8999,2667.94995,2656.90991,2658.97998
2025-01-13 20:00:00+00:00,2658.97998,2669.6001,2658.8501,2667.97998
2025-01-14 00:00:00+00:00,2668.12012,2672.26001,2666.47998,2669.78003
2025-01-14 04:00:00+00:00,2669.87988,2675.31006,2667.3501,2669.28003
2025-01-14 08:00:00+00:00,2669.27002,2674.51001,2664.77002,2669.3501
2025-01-14 12:00:00+00:00,2669.47998,2674.25,2659.96997,2671.75
2025-01-14 16:00:00+00:00,2671.80005,2676.3501,2666.81006,2674.37988
2025-01-14 20:00:00+00:00,2674.34009,2678.26001,2671.96997,2675.66992
2025-01-15 00:00:00+00:00,2675.66992,2676.44995,2669.42993,2676.29004
2025-01-15 04:00:00+00:00,2676.31006,2684.13989,2674.37988,2681.38989
2025-01-15 08:00:00+00:00,2681.46997,2689.080078,2681.31006,2686.93994
2025-01-15 12:00:00+00:00,2686.87988,2696.060059,2676.77002,2678.52002
2025-01-15 16:00:00+00:00,2678.65991,2695.13989,2677.060059,2693.93994
2025-01-15 20:00:00+00:00,2694.1001,2697.55005,2693.37012,2695.02002
2025-01-16 00:00:00+00:00,2695.20996,2701.94995,2693.040039,2697.12012
2025-01-16 04:00:00+00:00,2697.1001,2700.0,2690.1001,2698.3501
2025-01-16 08:00:00+00:00,2698.41992,2711.29004,2697.21997,2706.31006
2025-01-16 12:00:00+00:00,2706.34009,2719.59009,2700.41992,2716.95996
2025-01-16 16:00:00+00:00,2717.18994,2724.77002,2714.88989,2715.37988
2025-01-16 20:00:00+00:00,2715.40991,2717.080078,2712.55005,2714.62012
2025-01-17 00:00:00+00:00,2714.5,2717.44995,2710.030029,2715.54004
2025-01-17 04:00:00+00:00,2715.52002,2716.6001,2708.97998,2710.57007
2025-01-17 08:00:00+00:00,2710.67993,2713.040039,2703.01001,2708.02002
2025-01-17 12:00:00+00:00,2708.1001,2714.96997,2703.0,2714.3501
2025-01-17 16:00:00+00:00,2714.3501,2717.27002,2702.88989,2703.27002
2025-01-17 20:00:00+00:00,2703.21997,2704.27002,2699.40991,2702.86011
2025-01-19 20:00:00+00:00,2703.15991,2703.37988,2691.37988,2696.36011
2025-01-20 00:00:00+00:00,2696.38989,2704.12012,2689.44995,2703.58008
2025-01-20 04:00:00+00:00,2703.6001,2713.98999,2702.3501,2703.67993
2025-01-20 08:00:00+00:00,2703.6499,2712.44995,2703.01001,2708.47998
2025-01-20 12:00:00+00:00,2708.52002,2712.25,2702.32007,2707.15991
2025-01-20 16:00:00+00:00,2707.13989,2711.3501,2703.3999,2708.31006
2025-01-20 20:00:00+00:00,2707.44995,2711.16992,2706.72998,2710.41992
2025-01-21 00:00:00+00:00,2710.41992,2726.97998,2702.87012,2724.34009
2025-01-21 04:00:00+00:00,2724.37988,2732.70996,2722.70996,2729.69995
2025-01-21 08:00:00+00:00,2729.67993,2729.67993,2716.59009,2723.97998
2025-01-21 12:00:00+00:00,2724.22998,2740.3999,2722.02002,2738.87988
2025-01-21 16:00:00+00:00,2738.92993,2745.96997,2737.87988,2742.95996
2025-01-21 20:00:00+00:00,2742.80005,2745.77002,2740.15991,2744.3501
2025-01-22 00:00:00+00:00,2744.54004,2751.12988,2742.71997,2750.43994
2025-01-22 04:00:00+00:00,2750.41992,2758.67993,2745.71997,2748.87012
2025-01-22 08:00:00+00:00,2748.8501,2763.37988,2747.01001,2756.52002
2025-01-22 12:00:00+00:00,2756.59009,2761.68994,2750.51001,2759.40991
2025-01-22 16:00:00+00:00,2759.47998,2760.22998,2755.12012,2755.42993
2025-01-22 20:00:00+00:00,2755.44995,2757.22998,2754.040039,2755.63989
2025-01-23 00:00:00+00:00,2754.96997,2756.27002,2749.6499,2750.090088
2025-01-23 04:00:00+00:00,2750.15991,2755.63989,2750.030029,2752.91992
2025-01-23 08:00:00+00:00,2752.90991,2754.8501,2741.090088,2752.060059
2025-01-23 12:00:00+00:00,2751.97998,2753.38989,2735.96997,2746.59009
2025-01-23 16:00:00+00:00,2745.81006,2758.83008,2744.33008,2754.19995
2025-01-23 20:00:00+00:00,2754.12012,2755.66992,2751.47998,2754.68994
2025-01-24 00:00:00+00:00,2754.62012,2777.37012,2754.43994,2772.55005
2025-01-24 04:00:00+00:00,2772.51001,2778.3501,2770.67993,2772.66992
2025-01-24 08:00:00+00:00,2772.57007,2780.17993,2770.060059,2776.72998
2025-01-24 12:00:00+00:00,2776.68994,2786.050049,2774.0,2775.93994
2025-01-24 16:00:00+00:00,2775.87012,2777.54004,2770.1001,2774.68994
2025-01-24 20:00:00+00:00,2774.67993,2774.8501,2770.66992,2771.25
2025-01-26 20:00:00+00:00,2765.66992,2769.6499,2765.11011,2767.72998
2025-01-27 00:00:00+00:00,2767.87988,2772.61011,2754.21997,2761.19995
2025-01-27 04:00:00+00:00,2761.16992,2761.17993,2747.37012,2749.47998
2025-01-27 08:00:00+00:00,2749.69995,2772.02002,2749.40991,2771.40991
2025-01-27 12:00:00+00:00,2771.58008,2771.70996,2739.6499,2741.93994
2025-01-27 16:00:00+00:00,2742.080078,2743.16992,2730.59009,2739.37988
2025-01-27 20:00:00+00:00,2739.43994,2745.31006,2738.22998,2741.6499
2025-01-28 00:00:00+00:00,2741.78003,2745.17993,2737.95996,2738.80005
2025-01-28 04:00:00+00:00,2738.87988,2744.8999,2738.42993,2738.8501
2025-01-28 08:00:00+00:00,2739.43994,2745.31006,2734.8999,2742.81006
2025-01-28 12:00:00+00:00,2742.90991,2757.27002,2741.38989,2755.38989
2025-01-28 16:00:00+00:00,2755.37988,2765.02002,2755.3501,2764.87012
2025-01-28 20:00:00+00:00,2764.8501,2765.060059,2762.46997,2762.71997
2025-01-29 00:00:00+00:00,2762.6001,2766.30005,2762.37988,2762.82007
2025-01-29 04:00:00+00:00,2762.69995,2764.27002,2757.54004,2759.21997
2025-01-29 08:00:00+00:00,2759.3501,2766.0,2757.18994,2759.1001
2025-01-29 12:00:00+00:00,2759.02002,2761.1001,2748.77002,2754.26001
2025-01-29 16:00:00+00:00,2754.3501,2757.81006,2744.90991,2755.32007
2025-01-29 20:00:00+00:00,2755.20996,2760.6001,2752.75,2760.41992
2025-01-30 00:00:00+00:00,2760.36011,2762.65991,2759.02002,2761.92993
2025-01-30 04:00:00+00:00,2761.71997,2769.55005,2758.8999,2769.21997
2025-01-30 08:00:00+00:00,2769.0,2779.45996,2768.72998,2777.69995
2025-01-30 12:00:00+00:00,2777.55005,2796.79004,2776.30005,2795.5
2025-01-30 16:00:00+00:00,2795.51001,2798.47998,2788.97998,2793.54004
2025-01-30 20:00:00+00:00,2793.3999,2798.3999,2789.55005,2796.27002
2025-01-31 00:00:00+00:00,2796.37988,2799.6001,2794.62988,2796.52002
2025-01-31 04:00:00+00:00,2796.38989,2800.95996,2792.21997,2798.45996
2025-01-31 08:00:00+00:00,2798.37012,2800.83008,2791.12988,2800.37988
2025-01-31 12:00:00+00:00,2800.42993,2817.12012,2800.22998,2809.17993
2025-01-31 16:00:00+00:00,2809.3501,2816.12012,2795.44995,2796.33008
2025-01-31 20:00:00+00:00,2796.070068,2802.58008,2794.37012,2798.52002
2025-02-02 20:00:00+00:00,2802.30005,2804.79004,2785.71997,2793.93994
2025-02-03 00:00:00+00:00,2793.91992,2796.19995,2772.37988,2774.56006
2025-02-03 04:00:00+00:00,2774.48999,2789.93994,2774.31006,2789.38989
2025-02-03 08:00:00+00:00,2789.56006,2804.29004,2787.15991,2801.33008
2025-02-03 12:00:00+00:00,2801.46997,2830.6001,2800.52002,2817.5
2025-02-03 16:00:00+00:00,2817.47998,2825.16992,2813.18994,2818.37012
2025-02-03 20:00:00+00:00,2818.29004,2819.47998,2812.37012,2814.13989
2025-02-04 00:00:00+00:00,2814.060059,2824.6001,2812.90991,2821.5
2025-02-04 04:00:00+00:00,2821.30005,2821.56006,2807.37012,2812.72998
2025-02-04 08:00:00+00:00,2812.87012,2821.90991,2810.21997,2815.52002
2025-02-04 12:00:00+00:00,2815.54004,2845.51001,2814.63989,2835.96997
2025-02-04 16:00:00+00:00,2835.81006,2845.060059,2832.70996,2843.1001
2025-02-04 20:00:00+00:00,2843.1499,2844.84009,2840.6499,2841.34009
2025-02-05 00:00:00+00:00,2841.47998,2854.55005,2839.87012,2852.37988
2025-02-05 04:00:00+00:00,2852.3501,2864.27002,2851.92993,2864.22998
2025-02-05 08:00:00+00:00,2864.090088,2877.060059,2863.72998,2868.76001
2025-02-05 12:00:00+00:00,2868.78003,2882.3501,2858.72998,2880.30005
2025-02-05 16:00:00+00:00,2880.21997,2881.13989,2862.90991,2863.66992
2025-02-05 20:00:00+00:00,2863.65991,2871.0,2860.090088,2869.3501
2025-02-06 00:00:00+00:00,2869.3501,2873.27002,2863.79004,2869.40991
2025-02-06 04:00:00+00:00,2869.41992,2872.27002,2855.1001,2855.80005
2025-02-06 08:00:00+00:00,2856.01001,2867.46997,2849.0,2866.080078
2025-02-06 12:00:00+00:00,2866.1001,2870.37012,2834.3501,2850.65991
2025-02-06 16:00:00+00:00,2850.6499,2854.80005,2848.26001,2854.050049
2025-02-06 20:00:00+00:00,2854.0,2858.72998,2853.8999,2858.11011
2025-02-07 00:00:00+00:00,2858.080078,2870.62012,2857.93994,2867.31006
2025-02-07 04:00:00+00:00,2867.26001,2869.63989,2859.1001,2864.26001
2025-02-07 08:00:00+00:00,2864.22998,2870.72998,2863.38989,2867.80005
2025-02-07 12:00:00+00:00,2867.81006,2886.81006,2852.70996,2880.62012
2025-02-07 16:00:00+00:00,2881.1001,2881.55005,2853.47998,2860.29004
2025-02-07 20:00:00+00:00,2860.12988,2863.88989,2859.47998,2860.87012
2025-02-09 20:00:00+00:00,2861.3999,2870.31006,2860.44995,2867.62988
2025-02-10 00:00:00+00:00,2867.80005,2876.69995,2865.87988,2875.63989
2025-02-10 04:00:00+00:00,2875.6499,2896.66992,2874.55005,2895.71997
2025-02-10 08:00:00+00:00,2895.70996,2906.19995,2892.3999,2904.76001
2025-02-10 12:00:00+00:00,2904.69995,2911.43994,2896.6001,2909.080078
2025-02-10 16:00:00+00:00,2909.20996,2910.31006,2896.68994,2904.41992
2025-02-10 20:00:00+00:00,2904.44995,2921.69995,2903.02002,2917.8999
2025-02-11 00:00:00+00:00,2917.95996,2942.68994,2906.16992,2919.72998
2025-02-11 04:00:00+00:00,2919.70996,2929.54004,2907.45996,2913.54004
2025-02-11 08:00:00+00:00,2913.33008,2915.27002,2902.0,2903.96997
2025-02-11 12:00:00+00:00,2903.94995,2906.62988,2881.8999,2904.83008
2025-02-11 16:00:00+00:00,2904.81006,2908.72998,2899.72998,2900.29004
2025-02-11 20:00:00+00:00,2900.26001,2900.81006,2894.25,2898.62988
2025-02-12 00:00:00+00:00,2898.88989,2898.88989,2883.77002,2889.1001
2025-02-12 04:00:00+00:00,2889.1001,2895.84009,2883.79004,2892.81006
2025-02-12 08:00:00+00:00,2892.95996,2894.090088,2879.47998,2879.83008
2025-02-12 12:00:00+00:00,2879.8501,2898.060059,2864.22998,2894.71997
2025-02-12 16:00:00+00:00,2894.58008,2909.12988,2892.30005,2897.92993
2025-02-12 20:00:00+00:00,2897.95996,2906.47998,2895.62012,2905.87012
2025-02-13 00:00:00+00:00,2906.080078,2918.16992,2901.57007,2916.62988
2025-02-13 04:00:00+00:00,2916.63989,2922.92993,2912.56006,2914.67993
2025-02-13 08:00:00+00:00,2914.75,2919.52002,2909.62012,2918.060059
2025-02-13 12:00:00+00:00,2918.060059,2921.33008,2906.090088,2920.3999
2025-02-13 16:00:00+00:00,2920.45996,2927.47998,2913.090088,2926.96997
2025-02-13 20:00:00+00:00,2926.92993,2932.44995,2924.92993,2931.23999
2025-02-14 00:00:00+00:00,2931.41992,2933.90991,2923.3501,2924.51001
2025-02-14 04:00:00+00:00,2924.5,2936.90991,2923.96997,2931.94995
2025-02-14 08:00:00+00:00,2931.91992,2940.1001,2929.3999,2931.060059
2025-02-14 12:00:00+00:00,2931.1499,2933.30005,2893.12012,2902.040039
2025-02-14 16:00:00+00:00,2901.81006,2903.90991,2878.94995,2880.76001
2025-02-14 20:00:00+00:00,2880.67993,2886.25,2877.1499,2882.54004
2025-02-16 20:00:00+00:00,2893.67993,2893.91992,2878.90991,2879.31006
2025-02-17 00:00:00+00:00,2879.75,2904.71997,2879.51001,2903.67993
2025-02-17 04:00:00+00:00,2903.52002,2905.34009,2888.42993,2902.56006
2025-02-17 08:00:00+00:00,2902.77002,2906.41992,2895.17993,2901.1001
2025-02-17 12:00:00+00:00,2900.91992,2903.96997,2895.56006,2899.31006
2025-02-17 16:00:00+00:00,2899.33008,2901.22998,2896.65991,2898.3999
2025-02-17 20:00:00+00:00,2899.33008,2899.52002,2897.23999,2899.21997
2025-02-18 00:00:00+00:00,2899.26001,2910.80005,2892.12988,2908.96997
2025-02-18 04:00:00+00:00,2909.040039,2915.68994,2907.3501,2911.6499
2025-02-18 08:00:00+00:00,2911.62988,2914.97998,2907.22998,2914.27002
2025-02-18 12:00:00+00:00,2914.52002,2929.75,2912.21997,2927.37988
2025-02-18 16:00:00+00:00,2927.21997,2936.95996,2924.31006,2935.8501
2025-02-18 20:00:00+00:00,2935.8501,2936.80005,2932.6001,2934.1001
2025-02-19 00:00:00+00:00,2934.12012,2939.84009,2924.32007,2928.96997
2025-02-19 04:00:00+00:00,2928.8501,2935.93994,2926.70996,2934.25
2025-02-19 08:00:00+00:00,2934.37012,2947.050049,2933.81006,2935.16992
2025-02-19 12:00:00+00:00,2935.17993,2941.68994,2925.81006,2925.81006
2025-02-19 16:00:00+00:00,2925.45996,2932.31006,2918.8501,2931.84009
2025-02-19 20:00:00+00:00,2931.77002,2937.44995,2931.56006,2935.55005
2025-02-20 00:00:00+00:00,2935.6499,2944.17993,2934.0,2942.060059
2025-02-20 04:00:00+00:00,2942.060059,2954.22998,2939.3999,2948.96997
2025-02-20 08:00:00+00:00,2949.42993,2954.88989,2947.34009,2948.87988
2025-02-20 12:00:00+00:00,2948.93994,2950.8999,2924.3999,2938.52002
2025-02-20 16:00:00+00:00,2939.040039,2947.060059,2933.63989,2937.97998
2025-02-20 20:00:00+00:00,2938.02002,2943.33008,2935.59009,2941.66992
2025-02-21 00:00:00+00:00,2941.56006,2949.87012,2926.59009,2931.26001
2025-02-21 04:00:00+00:00,2931.16992,2934.16992,2924.31006,2930.1001
2025-02-21 08:00:00+00:00,2929.88989,2936.17993,2916.87012,2928.40991
2025-02-21 12:00:00+00:00,2928.42993,2939.18994,2921.72998,2928.8501
2025-02-21 16:00:00+00:00,2928.72998,2942.87012,2927.43994,2933.52002
2025-02-21 20:00:00+00:00,2933.31006,2938.3501,2932.16992,2936.080078
2025-02-23 20:00:00+00:00,2939.67993,2940.46997,2936.53003,2936.87988
2025-02-24 00:00:00+00:00,2936.58008,2944.79004,2921.5,2941.33008
2025-02-24 04:00:00+00:00,2941.45996,2944.95996,2935.44995,2943.96997
2025-02-24 08:00:00+00:00,2943.95996,2948.83008,2935.060059,2947.8501
2025-02-24 12:00:00+00:00,2947.95996,2956.26001,2930.91992,2936.59009
2025-02-24 16:00:00+00:00,2936.6001,2949.88989,2936.6001,2949.37988
2025-02-24 20:00:00+00:00,2949.21997,2953.69995,2947.060059,2950.12012
2025-02-25 00:00:00+00:00,2950.22998,2952.6001,2937.57007,2939.58008
2025-02-25 04:00:00+00:00,2939.31006,2941.080078,2930.76001,2931.6499
2025-02-25 08:00:00+00:00,2931.87012,2942.42993,2929.62988,2938.72998
2025-02-25 12:00:00+00:00,2938.91992,2944.75,2900.72998,2905.84009
2025-02-25 16:00:00+00:00,2905.92993,2913.8999,2888.6499,2912.18994
2025-02-25 20:00:00+00:00,2912.15991,2919.02002,2910.97998,2918.67993
2025-02-26 00:00:00+00:00,2918.67993,2930.25,2914.8999,2916.80005
2025-02-26 04:00:00+00:00,2917.29004,2921.1001,2905.90991,2915.52002
2025-02-26 08:00:00+00:00,2915.27002,2919.080078,2909.63989,2913.90991
2025-02-26 12:00:00+00:00,2913.87988,2915.62988,2890.8999,2913.38989
2025-02-26 16:00:00+00:00,2913.59009,2916.72998,2909.96997,2913.97998
2025-02-26 20:00:00+00:00,2914.0,2920.8501,2912.13989,2919.3501
2025-02-27 00:00:00+00:00,2919.31006,2919.31006,2904.38989,2905.79004
2025-02-27 04:00:00+00:00,2905.87988,2906.47998,2888.040039,2892.02002
2025-02-27 08:00:00+00:00,2891.8501,2895.1001,2877.060059,2884.02002
2025-02-27 12:00:00+00:00,2884.12988,2892.44995,2868.090088,2872.29004
2025-02-27 16:00:00+00:00,2871.91992,2887.72998,2871.91992,2879.27002
2025-02-27 20:00:00+00:00,2879.37012,2879.38989,2871.3999,2876.02002
2025-02-28 00:00:00+00:00,2875.8999,2885.22998,2863.67993,2865.82007
2025-02-28 04:00:00+00:00,2865.80005,2867.13989,2857.22998,2858.71997
2025-02-28 08:00:00+00:00,2858.72998,2864.96997,2851.13989,2862.38989
2025-02-28 12:00:00+00:00,2862.56006,2865.0,2832.77002,2850.040039
2025-02-28 16:00:00+00:00,2850.27002,2854.01001,2838.13989,2849.79004
2025-02-28 20:00:00+00:00,2849.51001,2859.36011,2847.77002,2857.44995
2025-03-02 20:00:00+00:00,2873.30005,2876.75,2864.56006,2870.96997
2025-03-03 00:00:00+00:00,2871.34009,2872.050049,2859.44995,2864.91992
2025-03-03 04:00:00+00:00,2864.8999,2868.55005,2860.16992,2863.3501
2025-03-03 08:00:00+00:00,2863.51001,2875.58008,2859.02002,2874.47998
2025-03-03 12:00:00+00:00,2874.3501,2890.52002,2868.97998,2887.97998
2025-03-03 16:00:00+00:00,2887.92993,2893.02002,2879.8501,2881.69995
2025-03-03 20:00:00+00:00,2881.63989,2895.30005,2878.47998,2890.94995
2025-03-04 00:00:00+00:00,2890.95996,2893.81006,2882.090088,2888.67993
2025-03-04 04:00:00+00:00,2888.46997,2900.96997,2884.47998,2900.040039
2025-03-04 08:00:00+00:00,2899.38989,2921.83008,2896.97998,2920.12988
2025-03-04 12:00:00+00:00,2920.15991,2927.84009,2900.54004,2906.22998
2025-03-04 16:00:00+00:00,2906.21997,2916.56006,2903.94995,2916.21997
2025-03-04 20:00:00+00:00,2915.95996,2920.63989,2913.42993,2914.55005
2025-03-05 00:00:00+00:00,2914.43994,2917.25,2902.1499,2908.8501
2025-03-05 04:00:00+00:00,2908.81006,2921.76001,2908.69995,2918.1499
2025-03-05 08:00:00+00:00,2917.91992,2922.56006,2909.1001,2913.34009
2025-03-05 12:00:00+00:00,2913.41992,2923.87988,2894.44995,2917.20996
2025-03-05 16:00:00+00:00,2917.1001,2929.8501,2911.67993,2920.62988
2025-03-05 20:00:00+00:00,2920.62012,2923.02002,2916.88989,2918.41992
2025-03-06 00:00:00+00:00,2918.3501,2926.59009,2915.93994,2921.20996
2025-03-06 04:00:00+00:00,2921.19995,2923.1001,2909.94995,2909.97998
2025-03-06 08:00:00+00:00,2910.3501,2911.40991,2891.43994,2905.8501
2025-03-06 12:00:00+00:00,2905.80005,2922.79004,2899.47998,2914.56006
2025-03-06 16:00:00+00:00,2914.6001,2921.3999,2912.47998,2914.080078
2025-03-06 20:00:00+00:00,2913.8501,2916.56006,2908.52002,2910.52002
2025-03-07 00:00:00+00:00,2910.47998,2910.47998,2896.83008,2905.44995
2025-03-07 04:00:00+00:00,2905.40991,2917.42993,2904.94995,2917.28003
2025-03-07 08:00:00+00:00,2916.90991,2923.060059,2915.34009,2918.8501
2025-03-07 12:00:00+00:00,2918.95996,2930.42993,2904.15991,2915.87988
2025-03-07 16:00:00+00:00,2915.70996,2919.46997,2902.29004,2905.45996
2025-03-07 20:00:00+00:00,2905.3501,2912.82007,2904.88989,2909.43994
2025-03-09 20:00:00+00:00,2912.41992,2916.95996,2909.87012,2916.27002
2025-03-10 00:00:00+00:00,2916.16992,2918.28003,2908.19995,2911.0
2025-03-10 04:00:00+00:00,2910.98999,2915.58008,2904.5,2908.45996
2025-03-10 08:00:00+00:00,2908.45996,2915.37012,2895.62988,2904.16992
2025-03-10 12:00:00+00:00,2903.94995,2910.61011,2897.79004,2904.61011
2025-03-10 16:00:00+00:00,2904.48999,2906.90991,2880.3999,2885.37012
2025-03-10 20:00:00+00:00,2885.18994,2890.20996,2882.45996,2884.75
2025-03-11 00:00:00+00:00,2884.68994,2900.54004,2880.43994,2896.90991
2025-03-11 04:00:00+00:00,2896.95996,2903.67993,2892.83008,2901.19995
2025-03-11 08:00:00+00:00,2901.30005,2915.40991,2900.6001,2913.72998
2025-03-11 12:00:00+00:00,2913.73999,2922.26001,2906.97998,2916.82007
2025-03-11 16:00:00+00:00,2916.57007,2921.37988,2914.20996,2918.48999
2025-03-11 20:00:00+00:00,2918.36011,2919.68994,2914.54004,2915.59009
2025-03-12 00:00:00+00:00,2915.6001,2920.02002,2911.0,2915.02002
2025-03-12 04:00:00+00:00,2914.96997,2921.17993,2909.050049,2914.61011
2025-03-12 08:00:00+00:00,2914.51001,2925.37988,2912.78003,2915.38989
2025-03-12 12:00:00+00:00,2915.42993,2929.11011,2906.22998,2928.44995
2025-03-12 16:00:00+00:00,2928.81006,2940.6001,2928.0,2931.37988
2025-03-12 20:00:00+00:00,2931.34009,2939.43994,2930.94995,2938.15991
2025-03-13 00:00:00+00:00,2938.19995,2947.1001,2936.6001,2945.68994
2025-03-13 04:00:00+00:00,2945.51001,2946.34009,2932.8999,2935.29004
2025-03-13 08:00:00+00:00,2935.46997,2948.90991,2934.93994,2946.3999
2025-03-13 12:00:00+00:00,2946.37988,2978.47998,2939.11011,2977.82007
2025-03-13 16:00:00+00:00,2978.070068,2985.43994,2976.47998,2982.97998
2025-03-13 20:00:00+00:00,2983.12988,2990.01001,2981.34009,2986.45996
2025-03-14 00:00:00+00:00,2986.17993,2993.01001,2981.82007,2992.73999
2025-03-14 04:00:00+00:00,2992.75,2993.8999,2980.92993,2986.93994
2025-03-14 08:00:00+00:00,2986.66992,3004.94995,2985.29004,2993.52002
2025-03-14 12:00:00+00:00,2993.83008,2999.51001,2978.59009,2984.6499
2025-03-14 16:00:00+00:00,2984.58008,2990.37988,2982.32007,2984.02002
2025-03-14 20:00:00+00:00,2984.01001,2988.87988,2981.93994,2985.040039
2025-03-16 20:00:00+00:00,2987.8501,2994.19995,2986.22998,2990.02002
2025-03-17 00:00:00+00:00,2990.090088,2993.090088,2985.5,2987.070068
2025-03-17 04:00:00+00:00,2987.060059,2990.79004,2982.33008,2985.65991
2025-03-17 08:00:00+00:00,2985.44995,3001.22998,2983.20996,2997.6001
2025-03-17 12:00:00+00:00,2997.6499,3000.57007,2984.8999,2997.23999
2025-03-17 16:00:00+00:00,2997.21997,3000.83008,2993.1499,3000.37012
2025-03-17 20:00:00+00:00,3000.3999,3002.86011,2999.69995,2999.84009
2025-03-18 00:00:00+00:00,2999.86011,3015.080078,2999.6001,3011.51001
2025-03-18 04:00:00+00:00,3011.54004,3018.96997,3006.18994,3016.57007
2025-03-18 08:00:00+00:00,3016.56006,3029.62012,3016.56006,3026.98999
2025-03-18 12:00:00+00:00,3027.13989,3038.33008,3024.70996,3031.82007
2025-03-18 16:00:00+00:00,3031.77002,3038.030029,3029.92993,3035.52002
2025-03-18 20:00:00+00:00,3035.77002,3036.02002,3031.6001,3031.82007
2025-03-19 00:00:00+00:00,3031.72998,3039.0,3027.52002,3036.36011
2025-03-19 04:00:00+00:00,3036.11011,3045.38989,3034.36011,3035.92993
2025-03-19 08:00:00+00:00,3035.84009,3039.97998,3022.95996,3039.11011
2025-03-19 12:00:00+00:00,3039.070068,3041.13989,3025.96997,3031.6001
2025-03-19 16:00:00+00:00,3031.65991,3051.98999,3029.58008,3047.87988
2025-03-19 20:00:00+00:00,3047.82007,3051.31006,3044.36011,3050.12012
2025-03-20 00:00:00+00:00,3050.28003,3056.32007,3045.1001,3049.98999
2025-03-20 04:00:00+00:00,3050.02002,3057.36011,3041.95996,3042.37988
2025-03-20 08:00:00+00:00,3042.3501,3046.36011,3025.76001,3034.62012
2025-03-20 12:00:00+00:00,3034.55005,3042.34009,3030.040039,3040.77002
2025-03-20 16:00:00+00:00,3040.84009,3045.98999,3034.090088,3044.82007
2025-03-20 20:00:00+00:00,3044.81006,3046.62988,3043.62988,3046.41992
2025-03-21 00:00:00+00:00,3046.71997,3047.51001,3030.12988,3030.63989
2025-03-21 04:00:00+00:00,3030.61011,3034.030029,3021.81006,3032.1499
2025-03-21 08:00:00+00:00,3032.17993,3037.73999,3027.31006,3034.45996
2025-03-21 12:00:00+00:00,3034.43994,3038.18994,2999.47998,3011.20996
2025-03-21 16:00:00+00:00,3011.19995,3022.01001,3010.81006,3019.94995
2025-03-21 20:00:00+00:00,3020.040039,3024.1499,3020.030029,3023.8501
2025-03-23 20:00:00+00:00,3023.30005,3026.41992,3022.22998,3024.82007
2025-03-24 00:00:00+00:00,3024.56006,3025.59009,3013.81006,3016.98999
2025-03-24 04:00:00+00:00,3017.060059,3028.95996,3016.63989,3022.41992
2025-03-24 08:00:00+00:00,3022.73999,3033.38989,3021.97998,3024.66992
2025-03-24 12:00:00+00:00,3024.61011,3028.67993,3005.94995,3014.080078
2025-03-24 16:00:00+00:00,3014.1001,3015.66992,3002.62012,3006.18994
2025-03-24 20:00:00+00:00,3006.19995,3014.72998,3005.73999,3010.01001
2025-03-25 00:00:00+00:00,3010.41992,3016.27002,3007.63989,3015.27002
2025-03-25 04:00:00+00:00,3015.3501,3020.92993,3010.65991,3011.26001
2025-03-25 08:00:00+00:00,3011.25,3026.53003,3010.69995,3020.79004
2025-03-25 12:00:00+00:00,3020.83008,3036.050049,3014.3501,3021.63989
2025-03-25 16:00:00+00:00,3021.68994,3025.62988,3017.91992,3019.63989
2025-03-25 20:00:00+00:00,3019.65991,3022.51001,3018.88989,3021.070068
2025-03-26 00:00:00+00:00,3021.030029,3026.8999,3016.5,3017.59009
2025-03-26 04:00:00+00:00,3017.62988,3030.88989,3013.34009,3030.55005
2025-03-26 08:00:00+00:00,3030.70996,3032.13989,3017.23999,3027.63989
2025-03-26 12:00:00+00:00,3027.61011,3030.080078,3012.44995,3015.94995
2025-03-26 16:00:00+00:00,3016.01001,3020.90991,3015.32007,3017.20996
2025-03-26 20:00:00+00:00,3017.31006,3021.8501,3017.23999,3021.61011
2025-03-27 00:00:00+00:00,3021.6499,3034.32007,3021.6499,3033.71997
2025-03-27 04:00:00+00:00,3033.66992,3038.61011,3026.92993,3035.94995
2025-03-27 08:00:00+00:00,3035.98999,3055.79004,3033.94995,3054.66992
2025-03-27 12:00:00+00:00,3054.79004,3059.58008,3033.69995,3052.16992
2025-03-27 16:00:00+00:00,3052.26001,3057.86011,3048.01001,3057.58008
2025-03-27 20:00:00+00:00,3057.53003,3057.68994,3054.25,3055.76001
2025-03-28 00:00:00+00:00,3055.23999,3077.66992,3055.12988,3075.27002
2025-03-28 04:00:00+00:00,3075.25,3086.080078,3072.61011,3079.44995
2025-03-28 08:00:00+00:00,3079.34009,3081.31006,3066.18994,3076.36011
2025-03-28 12:00:00+00:00,3076.5,3086.80005,3067.55005,3083.95996
2025-03-28 16:00:00+00:00,3083.68994,3086.71997,3073.66992,3080.96997
2025-03-28 20:00:00+00:00,3080.8501,3086.18994,3080.8501,3085.28003
2025-03-30 20:00:00+00:00,3093.0,3097.80005,3087.96997,3089.18994
2025-03-31 00:00:00+00:00,3089.47998,3111.79004,3076.82007,3107.15991
2025-03-31 04:00:00+00:00,3107.1499,3127.87988,3105.98999,3124.56006
2025-03-31 08:00:00+00:00,3123.90991,3127.22998,3111.95996,3119.62012
2025-03-31 12:00:00+00:00,3119.56006,3127.12988,3100.02002,3113.72998
2025-03-31 16:00:00+00:00,3113.8501,3124.69995,3111.72998,3124.55005
2025-03-31 20:00:00+00:00,3124.3501,3126.5,3120.17993,3120.54004
2025-04-01 00:00:00+00:00,3120.65991,3147.45996,3120.43994,3146.1001
2025-04-01 04:00:00+00:00,3146.090088,3149.030029,3124.15991,3127.70996
2025-04-01 08:00:00+00:00,3127.060059,3139.0,3126.55005,3130.42993
2025-04-01 12:00:00+00:00,3130.87988,3137.21997,3113.57007,3113.81006
2025-04-01 16:00:00+00:00,3113.46997,3118.8999,3100.90991,3118.69995
2025-04-01 20:00:00+00:00,3118.67993,3120.69995,3107.8999,3115.29004
2025-04-02 00:00:00+00:00,3115.3999,3135.77002,3113.18994,3125.62988
2025-04-02 04:00:00+00:00,3125.67993,3126.84009,3110.050049,3125.29004
2025-04-02 08:00:00+00:00,3125.32007,3133.76001,3110.36011,3121.37988
2025-04-02 12:00:00+00:00,3121.41992,3132.090088,3116.72998,3125.76001
2025-04-02 16:00:00+00:00,3125.98999,3134.30005,3118.93994,3124.19995
2025-04-02 20:00:00+00:00,3124.41992,3167.70996,3105.40991,3162.66992
2025-04-03 00:00:00+00:00,3162.75,3164.90991,3140.82007,3147.95996
2025-04-03 04:00:00+00:00,3147.90991,3149.79004,3116.8501,3129.26001
2025-04-03 08:00:00+00:00,3129.3501,3132.15991,3085.3999,3093.17993
2025-04-03 12:00:00+00:00,3093.8501,3135.59009,3054.31006,3110.78003
2025-04-03 16:00:00+00:00,3110.76001,3114.25,3100.21997,3107.63989
2025-04-03 20:00:00+00:00,3107.71997,3119.75,3107.51001,3113.070068
2025-04-04 00:00:00+00:00,3112.8999,3115.84009,3087.37988,3098.44995
2025-04-04 04:00:00+00:00,3098.45996,3109.94995,3092.17993,3092.90991
2025-04-04 08:00:00+00:00,3092.92993,3136.28003,3078.47998,3110.31006
2025-04-04 12:00:00+00:00,3111.40991,3111.65991,3017.3501,3022.040039
2025-04-04 16:00:00+00:00,3022.040039,3040.90991,3016.16992,3036.47998
2025-04-04 20:00:00+00:00,3036.31006,3041.070068,3033.8999,3038.17993
2025-04-06 21:00:00+00:00,3029.8999,3032.34009,2973.0,2979.17993
2025-04-07 01:00:00+00:00,2978.62988,3055.63989,2972.3999,3035.63989
2025-04-07 05:00:00+00:00,3035.45996,3044.62012,3013.41992,3031.3501
2025-04-07 09:00:00+00:00,3031.3999,3046.20996,3015.01001,3031.37988
2025-04-07 13:00:00+00:00,3031.30005,3037.93994,2970.27002,2970.57007
2025-04-07 17:00:00+00:00,2970.63989,2986.060059,2956.90991,2982.030029
2025-04-07 21:00:00+00:00,2982.71997,2992.76001,2978.63989,2985.40991
2025-04-08 01:00:00+00:00,2985.45996,3004.88989,2983.77002,3002.37012
2025-04-08 05:00:00+00:00,3002.050049,3015.6499,2999.46997,3007.57007
2025-04-08 09:00:00+00:00,3007.5,3019.53003,2994.98999,3002.59009
2025-04-08 13:00:00+00:00,3002.58008,3022.67993,2984.48999,2986.090088
2025-04-08 17:00:00+00:00,2986.13989,2992.29004,2975.060059,2982.15991
2025-04-08 21:00:00+00:00,2984.53003,2990.81006,2970.13989,2980.45996
2025-04-09 01:00:00+00:00,2980.3501,3014.18994,2972.58008,3012.45996
2025-04-09 05:00:00+00:00,3012.31006,3052.1001,3005.56006,3044.16992
2025-04-09 09:00:00+00:00,3043.97998,3072.76001,3036.01001,3047.3501
2025-04-09 13:00:00+00:00,3048.050049,3094.88989,3047.59009,3092.37012
2025-04-09 17:00:00+00:00,3092.62012,3099.46997,3048.83008,3083.16992
2025-04-09 21:00:00+00:00,3081.51001,3101.38989,3071.62012,3097.43994
2025-04-10 01:00:00+00:00,3097.88989,3131.77002,3078.59009,3125.37012
2025-04-10 05:00:00+00:00,3125.31006,3132.66992,3104.75,3105.060059
2025-04-10 09:00:00+00:00,3105.050049,3133.69995,3103.67993,3123.090088
2025-04-10 13:00:00+00:00,3124.070068,3175.050049,3116.28003,3158.6499
2025-04-10 17:00:00+00:00,3158.56006,3176.41992,3151.68994,3175.47998
2025-04-10 21:00:00+00:00,3177.28003,3218.070068,3176.51001,3205.76001
2025-04-11 01:00:00+00:00,3205.28003,3220.19995,3201.1499,3208.62988
2025-04-11 05:00:00+00:00,3208.61011,3227.22998,3187.37012,3215.95996
2025-04-11 09:00:00+00:00,3215.96997,3237.38989,3210.27002,3233.63989
2025-04-11 13:00:00+00:00,3233.65991,3245.36011,3219.67993,3223.43994
2025-04-11 17:00:00+00:00,3223.34009,3239.27002,3223.34009,3238.18994
2025-04-13 21:00:00+00:00,3222.11011,3227.40991,3213.87988,3220.98999
2025-04-14 01:00:00+00:00,3221.01001,3245.76001,3215.69995,3227.45996
2025-04-14 05:00:00+00:00,3227.3999,3237.95996,3216.61011,3227.12012
2025-04-14 09:00:00+00:00,3227.1499,3231.70996,3220.76001,3222.050049
2025-04-17 01:00:00+00:00,3344.05,3344.23,3337.78,3341.53
2025-04-17 05:00:00+00:00,3341.61,3345.29,3313.11,3324.1
2025-04-17 09:00:00+00:00,3324.11,3341.85,3320.58,3328.14
2025-04-17 13:00:00+00:00,3328.95,3331.93,3283.94,3315.79
2025-04-17 17:00:00+00:00,3315.99,3328.5,3311.0,3326.19
2025-04-17 21:00:00+00:00,3326.27,3326.27,3326.27,3326.27
2025-04-18 01:00:00+00:00,3326.27,3326.27,3326.27,3326.27
2025-04-18 05:00:00+00:00,3326.27,3326.27,3326.27,3326.27
2025-04-18 09:00:00+00:00,3326.27,3326.27,3326.27,3326.27
2025-04-18 13:00:00+00:00,3326.27,3326.27,3326.27,3326.27
2025-04-18 17:00:00+00:00,3326.27,3326.27,3326.27,3326.27
2025-04-18 21:00:00+00:00,3326.27,3326.27,3326.27,3326.27
2025-04-20 21:00:00+00:00,3327.93,3370.13,3327.93,3368.57
2025-04-21 01:00:00+00:00,3368.44,3385.2,3367.13,3376.34
2025-04-21 05:00:00+00:00,3376.29,3395.92,3375.84,3392.63
2025-04-21 09:00:00+00:00,3392.68,3415.65,3386.65,3415.0
2025-04-21 13:00:00+00:00,3415.92,3430.22,3405.42,3414.52
2025-04-21 17:00:00+00:00,3414.59,3430.47,3406.0,3422.8
2025-04-21 21:00:00+00:00,3423.49,3444.32,3413.0,3425.4
2025-04-22 01:00:00+00:00,3425.35,3494.57,3421.86,3484.26
2025-04-22 05:00:00+00:00,3484.34,3499.87,3443.33,3444.05
2025-04-22 09:00:00+00:00,3444.1,3468.2,3424.41,3431.32
2025-04-22 13:00:00+00:00,3431.56,3449.35,3384.2,3405.3
2025-04-22 17:00:00+00:00,3405.4,3422.5,3381.2,3394.4
2025-04-22 21:00:00+00:00,3392.6,3398.3,3325.67,3385.6
2025-04-23 01:00:00+00:00,3384.8,3403.1,3335.8,3375.8
2025-04-23 05:00:00+00:00,3377.0,3379.1,3318.2,3341.2
2025-04-23 09:00:00+00:00,3340.9,3357.2,3329.1,3329.9
2025-04-23 13:00:00+00:00,3331.1,3331.3,3281.5,3309.0
2025-04-23 17:00:00+00:00,3308.2,3314.7,3292.8,3303.3
2025-04-23 21:00:00+00:00,3303.9,3350.1,3298.9,3346.6
2025-04-24 01:00:00+00:00,3348.5,3388.5,3333.6,3340.8
2025-04-24 05:00:00+00:00,3340.6,3352.5,3329.5,3345.0
2025-04-24 09:00:00+00:00,3344.6,3357.3,3333.5,3347.9
2025-04-24 13:00:00+00:00,3347.8,3348.2,3317.5,3339.5
2025-04-24 17:00:00+00:00,3339.4,3357.1,3338.2,3354.9
2025-04-24 21:00:00+00:00,3354.8,3376.8,3354.6,3363.7
2025-04-25 01:00:00+00:00,3362.7,3369.7,3329.5,3334.3
2025-04-25 05:00:00+00:00,3334.3,3337.4,3300.1,3312.6
2025-04-25 09:00:00+00:00,3313.8,3320.2,3297.2,3297.6
2025-04-25 13:00:00+00:00,3297.5,3297.5,3270.6,3290.8
2025-04-25 17:00:00+00:00,3289.1,3319.5,3284.9,3316.3
2025-04-25 21:00:00+00:00,3316.6,3319.0,3309.9,3316.5
2025-04-26 01:00:00+00:00,3316.2,3318.8,3313.4,3317.2
2025-04-26 05:00:00+00:00,3317.7,3319.6,3311.7,3313.5
2025-04-26 09:00:00+00:00,3313.7,3315.6,3310.1,3314.3
2025-04-26 13:00:00+00:00,3314.4,3315.7,3312.8,3314.0
2025-04-27 13:00:00+00:00,3315.1,3323.5,3315.1,3322.7
2025-04-27 17:00:00+00:00,3323.0,3324.6,3320.8,3321.0
2025-04-27 21:00:00+00:00,3319.8,3330.4,3304.3,3313.97
2025-04-28 01:00:00+00:00,3313.86,3316.2,3274.3,3299.6
2025-04-28 05:00:00+00:00,3299.9,3299.9,3279.18,3282.61
2025-04-28 09:00:00+00:00,3282.67,3302.6,3276.0,3295.92
2025-04-28 13:00:00+00:00,3295.6,3339.0,3290.12,3336.58
2025-04-28 17:00:00+00:00,3336.62,3352.91,3333.1,3344.1
2025-04-28 21:00:00+00:00,3344.0,3347.15,3328.9,3329.6
2025-04-29 01:00:00+00:00,3329.3,3338.2,3311.7,3313.4
2025-04-29 05:00:00+00:00,3312.7,3324.1,3308.8,3313.1
2025-04-29 09:00:00+00:00,3313.5,3319.1,3306.1,3314.0
2025-04-29 13:00:00+00:00,3314.1,3328.8,3304.6,3328.7
2025-04-29 17:00:00+00:00,3329.4,3329.4,3316.7,3317.6
2025-04-29 21:00:00+00:00,3317.2,3325.7,3313.6,3313.7
2025-04-30 01:00:00+00:00,3313.5,3322.63,3303.6,3310.3
2025-04-30 05:00:00+00:00,3309.1,3313.2,3285.7,3288.2
2025-04-30 09:00:00+00:00,3288.7,3304.65,3267.16,3298.43
2025-04-30 13:00:00+00:00,3298.3,3319.59,3292.95,3310.69
2025-04-30 17:00:00+00:00,3310.79,3313.48,3283.02,3292.0
2025-04-30 21:00:00+00:00,3292.2,3293.6,3240.2,3246.38
2025-05-01 01:00:00+00:00,3246.19,3251.29,3221.15,3226.53
2025-05-01 05:00:00+00:00,3226.34,3243.4,3223.32,3235.07
2025-05-01 09:00:00+00:00,3235.02,3236.01,3201.9,3226.91
2025-05-01 13:00:00+00:00,3226.67,3233.0,3205.0,3219.46
2025-05-01 17:00:00+00:00,3219.67,3247.9,3209.83,3238.64
2025-05-01 21:00:00+00:00,3250.3,3257.1,3227.42,3231.28
2025-05-02 01:00:00+00:00,3231.36,3261.1,3231.29,3251.74
2025-05-02 05:00:00+00:00,3251.69,3263.21,3246.25,3258.13
2025-05-02 09:00:00+00:00,3258.09,3269.02,3250.14,3250.18
2025-05-02 13:00:00+00:00,3250.19,3264.4,3223.0,3224.77
2025-05-02 17:00:00+00:00,3224.67,3257.0,3223.48,3254.9
2025-05-02 21:00:00+00:00,3255.4,3255.9,3244.3,3247.6
2025-05-03 01:00:00+00:00,3246.8,3256.9,3246.8,3250.4
2025-05-03 05:00:00+00:00,3250.1,3252.9,3250.1,3252.0
2025-05-03 09:00:00+00:00,3252.0,3259.1,3249.1,3256.4
2025-05-03 13:00:00+00:00,3258.1,3259.8,3255.0,3257.0
2025-05-04 13:00:00+00:00,3255.7,3255.9,3252.6,3252.6
2025-05-04 17:00:00+00:00,3252.6,3252.7,3252.6,3252.7
2025-05-04 21:00:00+00:00,3252.8,3254.3,3236.68,3246.59
2025-05-05 01:00:00+00:00,3247.13,3272.14,3246.44,3256.42
2025-05-05 05:00:00+00:00,3256.46,3282.81,3253.95,3282.62
2025-05-05 09:00:00+00:00,3283.01,3326.6,3282.22,3319.62
2025-05-05 13:00:00+00:00,3319.68,3328.41,3305.35,3309.56
2025-05-05 17:00:00+00:00,3309.61,3341.1,3309.03,3335.0
2025-05-05 21:00:00+00:00,3340.6,3345.3,3323.53,3329.55
2025-05-06 01:00:00+00:00,3330.01,3386.89,3330.01,3363.14
2025-05-06 05:00:00+00:00,3363.14,3383.03,3350.16,3377.14
2025-05-06 09:00:00+00:00,3377.53,3392.2,3371.47,3391.04
2025-05-06 13:00:00+00:00,3391.21,3411.44,3378.16,3408.79
2025-05-06 17:00:00+00:00,3408.7,3440.0,3407.45,3434.7
2025-05-06 21:00:00+00:00,3435.0,3440.4,3361.07,3379.35
2025-05-07 01:00:00+00:00,3379.78,3393.72,3360.23,3382.03
2025-05-07 05:00:00+00:00,3382.08,3397.34,3378.31,3382.73
2025-05-07 09:00:00+00:00,3382.68,3393.7,3369.21,3390.79
2025-05-07 13:00:00+00:00,3390.66,3398.01,3376.0,3386.75
2025-05-07 17:00:00+00:00,3386.83,3397.88,3364.0,3366.6
2025-05-07 21:00:00+00:00,3366.7,3386.82,3363.87,3380.25
2025-05-08 01:00:00+00:00,3379.98,3414.52,3379.12,3381.88
2025-05-08 05:00:00+00:00,3381.99,3384.06,3320.28,3339.25
2025-05-08 09:00:00+00:00,3339.07,3358.49,3330.28,3356.07
2025-05-08 13:00:00+00:00,3356.17,3369.47,3305.0,3310.12
2025-05-08 17:00:00+00:00,3310.26,3311.9,3288.91,3309.4
2025-05-08 21:00:00+00:00,3309.6,3323.93,3303.83,3322.04
2025-05-09 01:00:00+00:00,3322.15,3327.22,3275.0,3324.38
2025-05-09 05:00:00+00:00,3324.24,3332.12,3312.82,3328.52
2025-05-09 09:00:00+00:00,3328.38,3338.0,3322.0,3333.54
2025-05-09 13:00:00+00:00,3333.31,3347.26,3320.24,3336.91
2025-05-09 17:00:00+00:00,3336.75,3342.85,3323.64,3323.64
2025-05-09 21:00:00+00:00,3326.9,3332.7,3324.25,3327.6
2025-05-10 01:00:00+00:00,3327.6,3331.8,3325.6,3326.9
2025-05-10 05:00:00+00:00,3326.9,3329.0,3325.3,3327.5
2025-05-10 09:00:00+00:00,3327.7,3328.3,3321.8,3322.1
2025-05-10 13:00:00+00:00,3322.1,3323.1,3320.7,3322.0
2025-05-11 21:00:00+00:00,3290.0,3305.79,3265.81,3278.81
2025-05-12 01:00:00+00:00,3279.32,3284.61,3259.0,3278.78
2025-05-12 05:00:00+00:00,3279.18,3281.56,3216.14,3231.31
2025-05-12 09:00:00+00:00,3231.29,3238.3,3207.7,3233.56
2025-05-12 13:00:00+00:00,3233.71,3250.8,3223.15,3224.07
2025-05-12 17:00:00+00:00,3224.58,3238.62,3220.5,3235.24
2025-05-12 21:00:00+00:00,3237.6,3243.04,3229.75,3239.81
2025-05-13 01:00:00+00:00,3239.86,3253.24,3215.92,3252.46
2025-05-13 05:00:00+00:00,3252.67,3265.33,3247.22,3255.42
2025-05-13 09:00:00+00:00,3255.44,3258.51,3237.31,3241.99
2025-05-13 13:00:00+00:00,3240.87,3257.7,3225.58,3250.97
2025-05-13 17:00:00+00:00,3250.83,3254.61,3242.0,3248.5
2025-05-13 21:00:00+00:00,3247.8,3256.97,3240.47,3243.67
2025-05-14 01:00:00+00:00,3243.92,3251.7,3222.62,3223.84
2025-05-14 05:00:00+00:00,3223.89,3243.54,3221.74,3232.46
2025-05-14 09:00:00+00:00,3232.62,3239.13,3184.12,3184.67
2025-05-14 13:00:00+00:00,3184.29,3198.08,3173.7,3188.36
2025-05-14 17:00:00+00:00,3188.25,3190.32,3167.95,3181.2
2025-05-14 21:00:00+00:00,3181.2,3187.8,3171.5,3187.71
2025-05-15 01:00:00+00:00,3187.99,3192.53,3135.44,3138.54
2025-05-15 05:00:00+00:00,3138.67,3164.0,3120.92,3162.5
2025-05-15 09:00:00+00:00,3162.5,3189.7,3159.61,3188.75
2025-05-15 13:00:00+00:00,3189.11,3222.52,3185.17,3222.32
2025-05-15 17:00:00+00:00,3222.42,3245.2,3216.45,3244.5
2025-05-15 21:00:00+00:00,3245.0,3252.5,3232.0,3243.15
2025-05-16 01:00:00+00:00,3243.14,3244.3,3206.45,3219.58
2025-05-16 05:00:00+00:00,3219.55,3231.05,3195.59,3207.3
2025-05-16 09:00:00+00:00,3206.69,3212.68,3154.27,3177.25
2025-05-16 13:00:00+00:00,3177.46,3189.69,3166.07,3189.14
2025-05-16 17:00:00+00:00,3189.45,3210.2,3183.25,3209.7
2025-05-16 21:00:00+00:00,3209.6,3211.5,3204.5,3204.9
2025-05-17 01:00:00+00:00,3204.9,3209.8,3199.3,3209.6
2025-05-17 05:00:00+00:00,3208.9,3210.4,3202.8,3206.8
2025-05-17 09:00:00+00:00,3208.0,3209.7,3204.5,3207.8
2025-05-17 13:00:00+00:00,3207.9,3208.9,3206.9,3207.2
2025-05-18 13:00:00+00:00,3209.2,3212.4,3206.7,3210.1
2025-05-18 17:00:00+00:00,3210.1,3210.1,3207.2,3208.3
2025-05-18 21:00:00+00:00,3229.0,3249.65,3206.0,3246.38
2025-05-19 01:00:00+00:00,3246.24,3246.64,3206.63,3215.85
2025-05-19 05:00:00+00:00,3216.96,3244.77,3214.85,3244.41
2025-05-19 09:00:00+00:00,3244.7,3248.33,3228.8,3228.8
2025-05-19 13:00:00+00:00,3229.28,3241.4,3217.55,3231.7
2025-05-19 17:00:00+00:00,3231.78,3235.81,3225.26,3229.15
2025-05-19 21:00:00+00:00,3232.0,3232.0,3214.23,3222.78
2025-05-20 01:00:00+00:00,3223.23,3232.52,3204.53,3217.21
2025-05-20 05:00:00+00:00,3217.18,3235.78,3208.33,3235.78
2025-05-20 09:00:00+00:00,3235.95,3250.2,3230.52,3242.72
2025-05-20 13:00:00+00:00,3241.62,3285.6,3232.9,3278.76
2025-05-20 17:00:00+00:00,3278.85,3295.54,3278.1,3285.1
2025-05-20 21:00:00+00:00,3285.4,3304.17,3284.6,3303.4
2025-05-21 01:00:00+00:00,3303.41,3314.4,3285.57,3302.03
2025-05-21 05:00:00+00:00,3301.97,3320.49,3298.35,3308.31
2025-05-21 09:00:00+00:00,3308.27,3318.17,3290.75,3302.49
2025-05-21 13:00:00+00:00,3302.99,3315.11,3295.34,3303.0
2025-05-21 17:00:00+00:00,3302.87,3324.65,3302.65,3315.56
2025-05-21 21:00:00+00:00,3314.4,3325.9,3309.9,3323.68
2025-05-22 01:00:00+00:00,3323.63,3345.31,3320.43,3338.57
2025-05-22 05:00:00+00:00,3338.82,3339.4,3310.1,3311.19
2025-05-22 09:00:00+00:00,3310.97,3314.57,3283.0,3303.98
2025-05-22 13:00:00+00:00,3304.89,3315.56,3279.27,3301.46
2025-05-22 17:00:00+00:00,3301.41,3301.66,3289.2,3294.79
2025-05-22 21:00:00+00:00,3298.7,3308.81,3287.0,3300.79
2025-05-23 01:00:00+00:00,3301.14,3315.3,3291.16,3313.7
2025-05-23 05:00:00+00:00,3313.7,3335.6,3313.0,3326.34
2025-05-23 09:00:00+00:00,3325.44,3356.2,3324.0,3352.7
2025-05-23 13:00:00+00:00,3354.9,3362.45,3334.1,3360.0
2025-05-23 17:00:00+00:00,3359.61,3366.0,3353.3,3355.9
2025-05-23 21:00:00+00:00,3356.8,3357.7,3350.1,3355.4
2025-05-24 01:00:00+00:00,3355.3,3357.9,3351.1,3356.6
2025-05-24 05:00:00+00:00,3356.6,3359.2,3355.5,3358.3
2025-05-24 09:00:00+00:00,3358.3,3359.5,3351.6,3355.3
2025-05-24 13:00:00+00:00,3355.3,3356.1,3353.6,3355.7
2025-05-25 13:00:00+00:00,3360.6,3364.5,3360.0,3362.3
2025-05-25 17:00:00+00:00,3362.3,3363.8,3359.7,3359.7
2025-05-25 21:00:00+00:00,3354.88,3356.04,3331.38,3341.99
2025-05-26 01:00:00+00:00,3341.89,3356.51,3335.42,3349.84
2025-05-26 05:00:00+00:00,3349.86,3351.7,3331.03,3334.49
2025-05-26 09:00:00+00:00,3334.31,3335.95,3324.0,3334.24
2025-05-26 13:00:00+00:00,3334.25,3343.32,3331.39,3341.93
2025-05-26 17:00:00+00:00,3342.15,3346.7,3340.28,3346.6
2025-05-26 21:00:00+00:00,3345.6,3349.92,3342.35,3344.99
2025-05-27 01:00:00+00:00,3345.1,3353.6,3331.88,3336.3
2025-05-27 05:00:00+00:00,3336.1,3342.7,3299.3,3303.5
2025-05-27 09:00:00+00:00,3303.5,3311.4,3288.25,3299.1
2025-05-27 13:00:00+00:00,3299.9,3305.2,3291.0,3297.1
2025-05-27 17:00:00+00:00,3297.07,3307.94,3296.86,3299.7
2025-05-27 21:00:00+00:00,3300.0,3315.65,3297.11,3307.5
2025-05-28 01:00:00+00:00,3307.3,3312.7,3294.4,3296.1
2025-05-28 05:00:00+00:00,3296.4,3323.9,3296.4,3323.0
2025-05-28 09:00:00+00:00,3323.2,3325.27,3309.48,3314.2
2025-05-28 13:00:00+00:00,3314.1,3317.5,3288.6,3291.52
2025-05-28 17:00:00+00:00,3291.78,3306.8,3277.0,3291.4
2025-05-28 21:00:00+00:00,3291.2,3294.06,3250.6,3267.6
2025-05-29 01:00:00+00:00,3270.1,3282.4,3249.59,3273.4
2025-05-29 05:00:00+00:00,3273.3,3289.16,3270.1,3281.66
2025-05-29 09:00:00+00:00,3281.76,3315.7,3276.13,3315.6
2025-05-29 13:00:00+00:00,3314.5,3328.34,3307.3,3322.6
2025-05-29 17:00:00+00:00,3322.8,3324.01,3315.5,3317.95
2025-05-29 21:00:00+00:00,3317.11,3321.8,3310.5,3311.7
2025-05-30 01:00:00+00:00,3313.9,3323.8,3295.3,3298.1
2025-05-30 05:00:00+00:00,3300.1,3309.8,3293.14,3294.73
2025-05-30 09:00:00+00:00,3299.5,3317.9,3288.54,3310.9
2025-05-30 13:00:00+00:00,3312.5,3313.0,3277.61,3287.0
2025-05-30 17:00:00+00:00,3292.92,3299.4,3288.52,3288.52
2025-05-30 21:00:00+00:00,3295.8,3301.1,3291.5,3294.9
2025-05-31 01:00:00+00:00,3295.8,3299.7,3292.0,3298.3
2025-05-31 05:00:00+00:00,3298.5,3299.0,3294.7,3296.4
2025-05-31 09:00:00+00:00,3296.3,3296.3,3291.8,3293.1
2025-05-31 13:00:00+00:00,3293.0,3293.0,3291.7,3291.8
2025-06-01 13:00:00+00:00,3297.1,3298.5,3295.5,3295.5
2025-06-01 21:00:00+00:00,3296.6,3316.6,3295.29,3311.26
2025-06-02 01:00:00+00:00,3311.59,3318.08,3301.5,3313.77
2025-06-02 05:00:00+00:00,3313.83,3358.75,3313.83,3352.0
2025-06-02 09:00:00+00:00,3352.07,3363.42,3344.54,3355.32
2025-06-02 13:00:00+00:00,3355.35,3379.8,3350.39,3369.49
2025-06-02 17:00:00+00:00,3373.69,3382.66,3371.57,3381.02
2025-06-02 21:00:00+00:00,3381.01,3392.07,3374.0,3375.84
2025-06-03 01:00:00+00:00,3375.62,3377.94,3359.19,3362.66
2025-06-03 05:00:00+00:00,3362.69,3367.72,3351.3,3361.19
2025-06-03 09:00:00+00:00,3360.94,3363.0,3349.26,3359.28
2025-06-03 13:00:00+00:00,3359.11,3362.92,3333.38,3348.36
2025-06-03 17:00:00+00:00,3348.32,3355.46997,3347.27,3354.3
2025-06-03 21:00:00+00:00,3354.3,3361.39,3349.94,3350.28
2025-06-04 01:00:00+00:00,3350.1,3373.2,3346.43,3356.8
2025-06-04 05:00:00+00:00,3354.85,3365.18,3347.92,3362.67
2025-06-04 09:00:00+00:00,3362.79,3365.0,3343.75,3358.82
2025-06-04 13:00:00+00:00,3359.15,3384.66,3351.0,3374.93
2025-06-04 17:00:00+00:00,3374.81,3381.98,3370.72,3372.34
2025-06-04 21:00:00+00:00,3376.5,3381.75,3372.03,3380.29
2025-06-05 01:00:00+00:00,3380.19,3384.11011,3364.08,3368.52002
2025-06-05 05:00:00+00:00,3368.47,3376.75,3361.21,3375.16
2025-06-05 09:00:00+00:00,3375.29004,3403.33,3374.0,3382.8
2025-06-05 13:00:00+00:00,3383.21,3388.18,3339.5,3353.9
2025-06-05 17:00:00+00:00,3354.41992,3361.22,3348.84,3353.0
2025-06-05 21:00:00+00:00,3353.1,3366.7,3352.2,3359.36
2025-06-06 01:00:00+00:00,3359.48999,3374.51,3356.26001,3373.66
2025-06-06 05:00:00+00:00,3373.67,3375.45,3353.0,3365.25
2025-06-06 09:00:00+00:00,3365.23,3365.23,3343.4,3353.22
2025-06-06 13:00:00+00:00,3353.22,3360.78,3316.37,3322.59
2025-06-06 17:00:00+00:00,3322.9,3326.7,3307.1,3310.1
2025-06-06 21:00:00+00:00,3318.1,3320.6,3315.2,3319.6
2025-06-07 01:00:00+00:00,3319.6,3320.3,3316.2,3316.7
2025-06-07 05:00:00+00:00,3316.9,3323.7,3316.1,3323.4
2025-06-07 09:00:00+00:00,3323.4,3324.7,3318.1,3318.4
2025-06-07 13:00:00+00:00,3318.3,3318.3,3317.9,3317.9
2025-06-08 13:00:00+00:00,3316.0,3321.1,3315.3,3316.8
2025-06-08 17:00:00+00:00,3316.5,3321.6,3315.6,3319.1
2025-06-08 21:00:00+00:00,3315.0,3321.23999,3298.35,3305.42
2025-06-09 01:00:00+00:00,3305.90991,3313.6,3293.58,3311.73
2025-06-09 05:00:00+00:00,3311.92,3332.4,3309.6,3320.0
2025-06-09 09:00:00+00:00,3319.91992,3325.5,3312.24,3319.96
2025-06-09 13:00:00+00:00,3320.28,3337.92993,3310.9,3337.75
2025-06-09 17:00:00+00:00,3338.13989,3338.20996,3325.0,3327.6
2025-06-09 21:00:00+00:00,3327.2,3329.9,3314.63,3316.61
2025-06-10 01:00:00+00:00,3316.71997,3319.91,3302.09,3307.26
2025-06-10 05:00:00+00:00,3307.26,3334.62,3306.77,3329.21
2025-06-10 09:00:00+00:00,3329.13,3342.66,3327.02,3337.12
2025-06-10 13:00:00+00:00,3336.98,3348.99,3320.05,3321.0
2025-06-10 17:00:00+00:00,3321.21,3334.55005,3319.39,3323.47
2025-06-10 21:00:00+00:00,3321.7,3335.14,3315.45,3332.39
2025-06-11 01:00:00+00:00,3332.36,3342.9,3327.27002,3341.8
2025-06-11 05:00:00+00:00,3341.79,3348.46,3332.42,3344.39
2025-06-11 09:00:00+00:00,3344.21,3360.6,3326.12,3336.61
2025-06-11 13:00:00+00:00,3336.67,3344.4,3328.06,3330.12
2025-06-11 17:00:00+00:00,3330.13,3355.32,3319.87012,3352.3
2025-06-11 21:00:00+00:00,3352.3,3373.24,3350.4,3365.71
2025-06-12 01:00:00+00:00,3365.81,3377.78,3362.53,3370.3
2025-06-12 05:00:00+00:00,3369.75,3375.72,3338.68,3356.73
2025-06-12 09:00:00+00:00,3356.34,3390.21,3355.39,3388.18
2025-06-12 13:00:00+00:00,3388.18,3398.78,3377.82,3383.7
2025-06-12 17:00:00+00:00,3384.19995,3389.3,3378.04,3381.9
2025-06-12 21:00:00+00:00,3382.0,3420.01001,3379.82,3416.37
2025-06-13 01:00:00+00:00,3417.080078,3444.21,3413.8,3425.25
2025-06-13 05:00:00+00:00,3425.21,3429.6,3408.11011,3424.41992
2025-06-13 09:00:00+00:00,3424.28,3438.01,3411.6,3436.74
2025-06-13 13:00:00+00:00,3436.27,3446.58,3419.22,3430.09
2025-06-13 17:00:00+00:00,3430.29,3439.39,3427.45,3432.19
2025-06-13 21:00:00+00:00,3436.2,3447.7,3434.7,3436.4
2025-06-14 01:00:00+00:00,3435.9,3438.8,3433.6,3435.1
2025-06-14 05:00:00+00:00,3433.9,3435.6,3430.0,3434.7
2025-06-14 09:00:00+00:00,3435.4,3438.8,3430.0,3432.1
2025-06-14 13:00:00+00:00,3432.4,3438.6,3432.3,3438.1
2025-06-15 13:00:00+00:00,3453.7,3458.1,3453.6,3457.7
2025-06-15 21:00:00+00:00,3446.0,3455.7,3434.0,3436.8
2025-06-16 01:00:00+00:00,3436.37012,3452.5,3426.85,3427.43
2025-06-16 05:00:00+00:00,3427.62,3430.5,3409.52,3413.95996
2025-06-16 09:00:00+00:00,3413.94995,3422.51,3410.9,3415.55
2025-06-16 13:00:00+00:00,3415.57,3417.98999,3383.78,3399.38
2025-06-16 17:00:00+00:00,3399.51001,3400.18,3383.0,3383.53
2025-06-16 21:00:00+00:00,3384.6,3403.21,3384.3,3394.46
2025-06-17 01:00:00+00:00,3394.81006,3402.4,3373.94,3393.99
2025-06-17 05:00:00+00:00,3393.95,3395.4,3378.0,3379.13
2025-06-17 09:00:00+00:00,3378.54,3399.92,3375.83,3386.71
2025-06-17 13:00:00+00:00,3386.39,3398.6,3366.09,3382.87988
2025-06-17 17:00:00+00:00,3382.81,3392.44,3381.56006,3387.3
2025-06-17 21:00:00+00:00,3388.7,3398.4,3383.01,3385.66
2025-06-18 01:00:00+00:00,3386.04,3399.98,3370.69,3395.05
2025-06-18 05:00:00+00:00,3395.21,3395.56,3377.01,3383.49
2025-06-18 09:00:00+00:00,3383.57,3389.71,3375.45,3386.65991
2025-06-18 13:00:00+00:00,3386.61011,3396.62,3373.75,3390.91
2025-06-18 17:00:00+00:00,3391.03,3395.5,3362.68994,3372.1
2025-06-18 21:00:00+00:00,3371.9,3383.38,3369.62,3379.59009
2025-06-19 01:00:00+00:00,3382.4,3389.2,3369.77002,3374.58008
2025-06-19 05:00:00+00:00,3374.57007,3376.7,3347.72998,3374.2
2025-06-19 09:00:00+00:00,3368.81006,3379.8,3363.77002,3367.83
2025-06-19 13:00:00+00:00,3367.47,3378.0,3361.63989,3371.27002
2025-06-19 17:00:00+00:00,3377.7,3383.1,3366.12012,3381.2
2025-06-19 21:00:00+00:00,3381.3,3381.3,3361.89,3368.03
2025-06-20 01:00:00+00:00,3367.7,3368.23,3345.0,3354.23
2025-06-20 05:00:00+00:00,3354.23,3355.22,3340.32,3350.93
2025-06-20 09:00:00+00:00,3350.7,3359.2,3342.22,3344.58008
2025-06-20 13:00:00+00:00,3344.70996,3379.3,3343.1499,3371.64
2025-06-20 17:00:00+00:00,3370.55005,3376.0,3364.68994,3368.76
2025-06-20 21:00:00+00:00,3373.4,3381.9,3373.4,3378.2
2025-06-21 01:00:00+00:00,3379.6,3379.6,3373.2,3378.6
2025-06-21 05:00:00+00:00,3379.4,3380.8,3375.9,3379.0
2025-06-21 09:00:00+00:00,3378.9,3381.0,3376.2,3378.2
2025-06-21 13:00:00+00:00,3379.7,3381.3,3379.7,3380.3
2025-06-22 13:00:00+00:00,3409.5,3434.2,3406.3,3418.0
2025-06-22 17:00:00+00:00,3418.6,3427.2,3408.5,3413.8
2025-06-22 21:00:00+00:00,3412.9,3419.5,3358.92,3365.6
2025-06-23 01:00:00+00:00,3366.01,3373.3,3352.0,3358.45
2025-06-23 05:00:00+00:00,3358.9,3364.0,3347.02,3361.78
2025-06-23 09:00:00+00:00,3361.95996,3382.01001,3356.060059,3360.57007
2025-06-23 13:00:00+00:00,3360.1499,3396.7,3360.050049,3389.87988
2025-06-23 17:00:00+00:00,3390.060059,3393.9,3368.13989,3369.1001
2025-06-23 21:00:00+00:00,3370.9,3383.3,3333.3501,3351.090088
2025-06-24 01:00:00+00:00,3352.1001,3362.0,3343.44995,3349.050049
2025-06-24 05:00:00+00:00,3352.1,3353.0,3316.20996,3330.3
2025-06-24 09:00:00+00:00,3332.8,3333.5,3304.68994,3320.5
2025-06-24 13:00:00+00:00,3319.6,3321.8,3299.91992,3318.32
2025-06-24 17:00:00+00:00,3320.12012,3329.3,3316.080078,3324.9
2025-06-24 21:00:00+00:00,3325.5,3331.9,3320.4,3329.2
2025-06-25 01:00:00+00:00,3327.21997,3336.3,3326.3,3327.55005
2025-06-25 05:00:00+00:00,3329.3,3337.3,3326.80005,3327.43994
2025-06-25 09:00:00+00:00,3327.3501,3334.4,3318.25,3320.70996
2025-06-25 13:00:00+00:00,3320.73999,3334.87988,3313.41992,3333.5
2025-06-25 17:00:00+00:00,3334.93994,3335.66992,3324.80005,3332.13989
2025-06-25 21:00:00+00:00,3331.1,3340.0,3330.3,3333.95996
2025-06-26 01:00:00+00:00,3334.4,3343.18994,3330.1499,3334.080078
2025-06-26 05:00:00+00:00,3333.35,3350.25,3331.56006,3348.30005
2025-06-26 09:00:00+00:00,3348.27002,3348.76001,3322.040039,3322.090088
2025-06-26 13:00:00+00:00,3322.080078,3335.1,3310.0,3331.48999
2025-06-26 17:00:00+00:00,3331.47998,3337.3,3327.78003,3328.09
2025-06-26 21:00:00+00:00,3326.7,3329.0,3313.32,3318.98999
2025-06-27 01:00:00+00:00,3318.8999,3323.8,3292.62988,3293.9
2025-06-27 05:00:00+00:00,3294.02,3303.5,3282.81006,3289.37012
2025-06-27 09:00:00+00:00,3289.5,3295.2,3271.18994,3277.3
2025-06-27 13:00:00+00:00,3270.11011,3282.2,3255.97998,3280.3
2025-06-27 17:00:00+00:00,3280.3,3282.90991,3268.4,3278.0
2025-06-27 21:00:00+00:00,3278.3,3283.5,3273.67,3283.3
2025-06-28 01:00:00+00:00,3283.1,3283.7,3280.1,3282.0
2025-06-28 05:00:00+00:00,3283.5,3284.1,3276.0,3280.9
2025-06-28 09:00:00+00:00,3280.2,3280.4,3276.5,3278.6
2025-06-28 13:00:00+00:00,3278.6,3284.3,3278.6,3284.3
2025-06-29 13:00:00+00:00,3273.8,3273.8,3271.9,3272.0
2025-06-29 21:00:00+00:00,3272.3,3280.89,3248.98,3264.55
2025-06-30 01:00:00+00:00,3264.63,3286.33008,3259.53003,3285.75
2025-06-30 05:00:00+00:00,3285.70996,3296.88989,3284.73999,3289.1
2025-06-30 09:00:00+00:00,3288.6,3288.93,3274.70996,3281.96
2025-06-30 13:00:00+00:00,3281.9,3297.51001,3278.090088,3297.47998
2025-06-30 17:00:00+00:00,3297.3501,3309.21997,3292.72998,3302.90991
2025-06-30 21:00:00+00:00,3305.4,3314.59009,3300.0,3314.52002
2025-07-01 01:00:00+00:00,3315.28003,3323.1001,3311.7,3318.9
2025-07-01 05:00:00+00:00,3318.9,3342.47998,3318.9,3339.62988
2025-07-01 09:00:00+00:00,3334.3,3357.96997,3333.3,3354.61011
2025-07-01 13:00:00+00:00,3354.72998,3355.6499,3334.2,3341.84009
2025-07-01 17:00:00+00:00,3341.77002,3342.20996,3334.3,3336.4
2025-07-01 21:00:00+00:00,3336.1,3345.060059,3328.8,3338.88
2025-07-02 01:00:00+00:00,3339.03,3342.82,3328.83,3340.1001
2025-07-02 05:00:00+00:00,3337.1,3342.33008,3325.7,3330.1
2025-07-02 09:00:00+00:00,3330.8,3351.12988,3327.9,3344.4
2025-07-02 13:00:00+00:00,3343.6,3348.11011,3330.0,3342.5
2025-07-02 17:00:00+00:00,3343.5,3359.060059,3342.8,3352.0
2025-07-02 21:00:00+00:00,3352.0,3365.61,3340.2,3340.3
2025-07-03 01:00:00+00:00,3340.6,3350.73999,3338.5,3346.5
2025-07-03 05:00:00+00:00,3346.1,3362.91992,3345.4,3356.28003
2025-07-03 09:00:00+00:00,3356.20996,3356.3501,3311.66,3324.25
2025-07-03 13:00:00+00:00,3324.01,3338.34,3322.07,3333.9
2025-07-03 17:00:00+00:00,3333.92,3334.8,3323.5,3323.9
2025-07-03 21:00:00+00:00,3323.5,3332.080078,3322.7,3328.94
2025-07-04 01:00:00+00:00,3328.9,3342.26001,3326.19,3340.9
2025-07-04 05:00:00+00:00,3340.92,3344.98,3336.6,3342.79
2025-07-04 09:00:00+00:00,3342.68,3343.04,3331.45,3333.9
2025-07-04 13:00:00+00:00,3334.0,3338.060059,3330.2,3335.0
2025-07-04 17:00:00+00:00,3335.24,3338.3,3335.0,3336.8
2025-07-04 21:00:00+00:00,3335.24,3339.8,3335.24,3339.1
2025-07-05 01:00:00+00:00,3338.9,3339.1,3331.3,3333.9
2025-07-05 05:00:00+00:00,3335.1,3339.3,3332.8,3334.7
2025-07-05 09:00:00+00:00,3335.4,3337.2,3334.3,3335.5
2025-07-05 13:00:00+00:00,3335.9,3336.7,3335.5,3336.7
2025-07-06 13:00:00+00:00,3335.2,3335.4,3332.3,3332.5
2025-07-06 17:00:00+00:00,3333.1,3339.5,3332.1,3334.6
2025-07-06 21:00:00+00:00,3334.01,3342.05,3321.7,3326.47
2025-07-07 01:00:00+00:00,3326.38,3327.55,3305.2,3307.82007
2025-07-07 05:00:00+00:00,3307.81,3315.15,3300.65,3310.1
2025-07-07 09:00:00+00:00,3310.01,3312.49,3296.5,3309.57
2025-07-07 13:00:00+00:00,3309.59,3327.98,3306.25,3327.31
2025-07-07 17:00:00+00:00,3327.48,3340.3,3327.32,3336.82
2025-07-07 21:00:00+00:00,3333.8,3345.7,3329.41,3334.17
2025-07-08 01:00:00+00:00,3334.01,3337.88989,3327.55,3329.55
2025-07-08 05:00:00+00:00,3329.63,3339.40991,3323.31,3323.61
2025-07-08 09:00:00+00:00,3323.58,3329.79,3320.1,3328.17
2025-07-08 13:00:00+00:00,3328.31,3328.62,3287.21,3300.20996
2025-07-08 17:00:00+00:00,3300.51,3310.42993,3299.0,3301.03
2025-07-08 21:00:00+00:00,3299.1,3308.030029,3297.16,3305.93994
2025-07-09 01:00:00+00:00,3305.4,3306.75,3285.0,3293.87
2025-07-09 05:00:00+00:00,3293.88,3297.84009,3282.8999,3285.090088
2025-07-09 09:00:00+00:00,3285.12012,3297.48,3283.18,3296.31
2025-07-09 13:00:00+00:00,3296.25,3312.94995,3292.050049,3311.88989
2025-07-09 17:00:00+00:00,3311.83008,3316.87012,3306.5,3312.1
2025-07-09 21:00:00+00:00,3312.1,3321.76,3306.2,3317.65
2025-07-10 01:00:00+00:00,3317.55,3326.38989,3311.6,3322.17
2025-07-10 05:00:00+00:00,3322.24,3330.05,3316.9,3328.6
2025-07-10 09:00:00+00:00,3328.61,3330.21,3316.4,3324.050049
2025-07-10 13:00:00+00:00,3323.92993,3329.42993,3309.9,3315.15991
2025-07-10 17:00:00+00:00,3315.13989,3325.84,3313.6,3323.67
2025-07-10 21:00:00+00:00,3318.9,3335.98,3314.8,3330.44
2025-07-11 01:00:00+00:00,3330.2,3335.94,3325.5,3331.94
2025-07-11 05:00:00+00:00,3332.49,3343.83008,3331.5,3333.13
2025-07-11 09:00:00+00:00,3333.13,3357.0,3332.86,3355.21997
2025-07-11 13:00:00+00:00,3355.3501,3367.45996,3344.2,3353.79
2025-07-11 17:00:00+00:00,3353.69995,3359.72998,3349.0,3349.9
2025-07-11 21:00:00+00:00,3349.8,3354.76,3343.6,3344.5
2025-07-12 01:00:00+00:00,3344.9,3354.6,3343.7,3348.4
2025-07-12 05:00:00+00:00,3348.3,3350.4,3344.3,3348.0
2025-07-12 09:00:00+00:00,3347.6,3349.4,3344.8,3345.8
2025-07-12 13:00:00+00:00,3345.9,3349.1,3344.8,3348.6
2025-07-13 13:00:00+00:00,3348.0,3350.9,3345.4,3347.3
2025-07-13 17:00:00+00:00,3346.6,3349.7,3346.6,3349.4
2025-07-13 21:00:00+00:00,3356.92,3373.7,3356.92,3367.52002
2025-07-14 01:00:00+00:00,3367.23,3370.05,3349.0,3359.6
2025-07-14 05:00:00+00:00,3359.44,3375.02002,3354.5,3366.040039
2025-07-14 09:00:00+00:00,3366.20996,3374.55,3349.36,3350.06
2025-07-14 13:00:00+00:00,3350.54,3359.02002,3341.1499,3345.5
2025-07-14 17:00:00+00:00,3345.4,3351.72,3341.36011,3342.4
2025-07-14 21:00:00+00:00,3342.4,3349.28,3341.1,3347.53
2025-07-15 01:00:00+00:00,3347.5,3361.33,3345.79,3360.13
2025-07-15 05:00:00+00:00,3360.21,3365.51,3357.02,3360.93
2025-07-15 09:00:00+00:00,3360.9,3366.24,3346.57007,3348.8999
2025-07-15 13:00:00+00:00,3349.07,3352.55005,3320.36011,3329.25
2025-07-15 17:00:00+00:00,3329.43994,3331.9,3324.6,3324.6
2025-07-15 21:00:00+00:00,3324.3,3332.58,3323.3,3330.65991
2025-07-16 01:00:00+00:00,3330.57,3338.54,3325.18994,3338.3
2025-07-16 05:00:00+00:00,3338.3,3342.61,3335.69995,3342.0
2025-07-16 09:00:00+00:00,3341.92,3342.83,3331.13,3334.62988
2025-07-16 13:00:00+00:00,3334.77002,3377.18994,3319.92993,3347.0
2025-07-16 17:00:00+00:00,3347.0,3356.73999,3341.6,3344.7
2025-07-16 21:00:00+00:00,3344.7,3352.25,3338.8,3340.8999
2025-07-17 01:00:00+00:00,3340.73,3344.84009,3335.2,3342.73
2025-07-17 05:00:00+00:00,3342.67,3342.92,3325.19,3328.73
2025-07-17 09:00:00+00:00,3328.63,3332.46,3309.98999,3313.16992
2025-07-17 13:00:00+00:00,3313.52002,3339.93,3311.3999,3338.87988
2025-07-17 17:00:00+00:00,3339.11011,3341.02,3335.65,3337.6
2025-07-17 21:00:00+00:00,3303.71,3343.89,3303.71,3339.92993
2025-07-18 01:00:00+00:00,3340.08,3344.09,3332.0,3336.94
2025-07-18 05:00:00+00:00,3336.85,3350.43,3332.01001,3347.47
2025-07-18 09:00:00+00:00,3347.44,3361.28003,3345.4,3359.94
2025-07-18 13:00:00+00:00,3360.11011,3360.31006,3345.8,3352.2
2025-07-18 17:00:00+00:00,3353.78003,3353.82007,3346.3,3347.9
2025-07-18 21:00:00+00:00,3347.6,3348.2,3344.5,3345.4
2025-07-19 01:00:00+00:00,3345.4,3347.5,3341.9,3345.7
2025-07-19 05:00:00+00:00,3345.8,3351.9,3345.4,3350.6
2025-07-19 09:00:00+00:00,3350.7,3352.6,3347.3,3348.2
2025-07-19 13:00:00+00:00,3348.2,3348.6,3347.8,3348.0
2025-07-20 13:00:00+00:00,3349.4,3352.8,3346.3,3350.0
2025-07-20 17:00:00+00:00,3349.9,3352.4,3346.9,3347.3
2025-07-20 21:00:00+00:00,3345.0,3354.62012,3345.0,3352.2
2025-07-21 01:00:00+00:00,3351.88,3358.68,3350.68,3357.81
2025-07-21 05:00:00+00:00,3357.65,3370.75,3357.65,3365.86
2025-07-21 09:00:00+00:00,3365.91,3388.58,3363.0,3387.17
2025-07-21 13:00:00+00:00,3387.38,3401.3999,3383.56,3395.63989
2025-07-21 17:00:00+00:00,3395.6499,3399.8501,3391.6499,3397.33
2025-07-21 21:00:00+00:00,3397.33,3402.53,3390.4,3394.3
2025-07-22 01:00:00+00:00,3394.23,3395.96997,3385.22998,3391.03
2025-07-22 05:00:00+00:00,3391.25,3391.88,3383.24,3388.92
2025-07-22 09:00:00+00:00,3388.88,3407.89,3384.59,3407.7
2025-07-22 13:00:00+00:00,3407.63,3432.90991,3405.12012,3432.25
2025-07-22 17:00:00+00:00,3432.26001,3433.43994,3426.25,3427.09
2025-07-22 21:00:00+00:00,3427.08,3437.79004,3426.24,3428.93994
2025-07-23 01:00:00+00:00,3428.64,3430.70996,3418.0,3423.56
2025-07-23 05:00:00+00:00,3423.65,3429.67,3416.28,3427.59
2025-07-23 09:00:00+00:00,3427.6,3432.44,3420.0,3421.06
2025-07-23 13:00:00+00:00,3421.07,3421.07,3386.11,3389.8
2025-07-23 17:00:00+00:00,3390.0,3400.0,3388.61,3389.03
2025-07-23 21:00:00+00:00,3389.03,3396.34,3388.14,3395.51
2025-07-24 01:00:00+00:00,3395.51,3395.9,3380.0,3384.39
2025-07-24 05:00:00+00:00,3384.39,3384.39,3371.6,3373.97
2025-07-24 09:00:00+00:00,3373.97,3373.97,3360.01,3361.18
2025-07-24 13:00:00+00:00,3361.17,3379.61,3359.33,3373.4
2025-07-24 17:00:00+00:00,3367.01001,3373.35,3366.38989,3370.59
2025-07-24 21:00:00+00:00,3370.59,3373.55005,3365.33008,3372.17
2025-07-25 01:00:00+00:00,3372.41992,3372.72998,3357.86,3360.94995
2025-07-25 05:00:00+00:00,3360.98,3368.0,3344.43,3345.6
2025-07-25 09:00:00+00:00,3345.36,3352.16,3336.57,3340.87012
2025-07-25 13:00:00+00:00,3340.5,3347.53003,3326.32007,3340.23
2025-07-25 17:00:00+00:00,3340.2,3347.17,3329.70996,3347.17
2025-07-25 21:00:00+00:00,3347.16,3358.44,3345.6,3353.7
2025-07-26 01:00:00+00:00,3353.7,3357.57,3351.05,3354.37
2025-07-26 05:00:00+00:00,3354.37,3356.81,3351.03,3352.01
2025-07-26 09:00:00+00:00,3352.0,3357.96,3349.67,3353.14
2025-07-26 13:00:00+00:00,3353.15,3354.96,3352.95,3352.96
2025-07-27 21:00:00+00:00,3348.18,3349.59,3340.0,3347.26
2025-07-28 01:00:00+00:00,3347.26,3351.53,3339.0,3344.4
2025-07-28 05:00:00+00:00,3344.4,3351.01,3340.63,3341.59
2025-07-28 09:00:00+00:00,3341.59,3348.84,3332.0,3333.61
2025-07-28 13:00:00+00:00,3333.61,3335.59,3312.0,3318.93
2025-07-28 17:00:00+00:00,3318.93,3325.36,3316.67,3322.01
2025-07-28 21:00:00+00:00,3322.01,3328.0,3318.39,3320.79
2025-07-29 01:00:00+00:00,3320.79,3329.91,3318.74,3325.5
2025-07-29 05:00:00+00:00,3325.0,3335.0,3321.01,3333.43
2025-07-29 09:00:00+00:00,3333.42,3333.43,3322.85,3330.61
2025-07-29 13:00:00+00:00,3330.37,3337.27,3320.53,3331.4
2025-07-29 17:00:00+00:00,3331.4,3338.09,3331.39,3334.24
2025-07-29 21:00:00+00:00,3334.23,3340.28,3332.84,3338.07
2025-07-30 01:00:00+00:00,3338.18,3339.91,3331.39,3334.0
2025-07-30 05:00:00+00:00,3334.2,3338.68,3330.22,3337.75
2025-07-30 09:00:00+00:00,3337.76,3339.42,3319.0,3320.6
2025-07-30 13:00:00+00:00,3320.4,3323.88,3302.66,3313.12
2025-07-30 17:00:00+00:00,3313.12,3317.49,3283.0,3291.98
2025-07-30 21:00:00+00:00,3292.2,3302.52,3288.88,3301.84
2025-07-31 01:00:00+00:00,3301.41,3310.05,3298.8,3305.99
2025-07-31 05:00:00+00:00,3306.0,3321.34,3302.83,3316.18
2025-07-31 09:00:00+00:00,3316.17,3318.61,3303.19,3316.4
2025-07-31 13:00:00+00:00,3316.31,3316.82,3299.07,3305.4
2025-07-31 17:00:00+00:00,3305.4,3308.32,3294.4,3299.41
2025-07-31 21:00:00+00:00,3299.42,3302.21,3293.34,3295.75
2025-08-01 01:00:00+00:00,3295.75,3302.99,3289.05,3300.61
2025-08-01 05:00:00+00:00,3300.64,3306.39,3290.0,3298.86
2025-08-01 09:00:00+00:00,3298.86,3342.6,3295.56,3341.4
2025-08-01 13:00:00+00:00,3341.41,3360.0,3336.82,3346.02
2025-08-01 17:00:00+00:00,3346.02,3362.0,3345.12,3361.89
2025-08-01 21:00:00+00:00,3361.89,3366.0,3359.2,3365.99
2025-08-02 01:00:00+00:00,3365.98,3369.98,3357.97,3361.67
2025-08-02 05:00:00+00:00,3361.68,3365.14,3355.58,3364.22
2025-08-02 09:00:00+00:00,3364.22,3367.26,3360.4,3360.4
2025-08-02 13:00:00+00:00,3360.4,3365.4,3360.0,3361.38
2025-08-03 21:00:00+00:00,3368.63,3368.8,3353.38,3353.8
2025-08-04 01:00:00+00:00,3353.8,3365.21,3348.8,3362.79
2025-08-04 05:00:00+00:00,3362.78,3364.81,3356.12,3361.53
2025-08-04 09:00:00+00:00,3361.53,3373.2,3357.4,3372.22
2025-08-04 13:00:00+00:00,3372.22,3384.39,3371.48,3374.14
2025-08-04 17:00:00+00:00,3374.14,3380.25,3374.0,3378.96
2025-08-04 21:00:00+00:00,3378.97,3381.19,3368.97,3380.48
2025-08-05 01:00:00+00:00,3380.49,3389.58,3373.91,3374.81
2025-08-05 05:00:00+00:00,3374.8,3375.18,3367.29,3367.29
2025-08-05 09:00:00+00:00,3367.29,3367.79,3353.8,3367.54
2025-08-05 13:00:00+00:00,3367.54,3393.62,3367.5,3381.19
2025-08-05 17:00:00+00:00,3381.19,3383.0,3376.52,3379.58
2025-08-05 21:00:00+00:00,3379.59,3385.25,3379.4,3382.39
2025-08-06 01:00:00+00:00,3382.39,3382.92,3375.8,3375.84
2025-08-06 05:00:00+00:00,3375.84,3381.35,3368.4,3368.76
2025-08-06 09:00:00+00:00,3368.76,3371.6,3362.51,3370.01
2025-08-06 13:00:00+00:00,3370.01,3381.27,3366.23,3377.01
2025-08-06 17:00:00+00:00,3377.01,3378.0,3368.49,3371.53
2025-08-06 21:00:00+00:00,3371.54,3376.19,3368.36,3375.92
2025-08-07 01:00:00+00:00,3375.91,3383.24,3374.2,3378.13
2025-08-07 05:00:00+00:00,3378.14,3394.98,3375.0,3379.98
2025-08-07 09:00:00+00:00,3379.86,3386.19,3374.16,3378.73
2025-08-07 13:00:00+00:00,3378.73,3387.93,3376.1,3383.41
2025-08-07 17:00:00+00:00,3383.4,3393.57,3381.84,3389.29
2025-08-07 21:00:00+00:00,3389.03,3397.81,3382.99,3387.6
2025-08-08 01:00:00+00:00,3387.55,3393.6,3380.69,3390.6
2025-08-08 05:00:00+00:00,3390.43,3394.63,3386.67,3390.21
2025-08-08 09:00:00+00:00,3390.2,3394.99,3377.77,3383.99
2025-08-08 13:00:00+00:00,3383.97,3390.5,3377.28,3389.5
2025-08-08 17:00:00+00:00,3389.5,3390.0,3375.19,3387.21
2025-08-08 21:00:00+00:00,3387.21,3388.88,3383.96,3385.16
2025-08-09 01:00:00+00:00,3385.16,3393.8,3375.0,3385.47
2025-08-09 05:00:00+00:00,3385.47,3386.89,3376.93,3380.89
2025-08-09 09:00:00+00:00,3380.95,3390.0,3380.95,3388.59
2025-08-09 13:00:00+00:00,3388.58,3389.32,3387.4,3389.32
2025-08-10 21:00:00+00:00,3386.51,3391.7,3377.93,3377.93
2025-08-11 01:00:00+00:00,3377.78,3377.78,3365.56,3371.62
2025-08-11 05:00:00+00:00,3371.61,3374.32,3352.61,3358.1
2025-08-11 09:00:00+00:00,3358.1,3360.0,3342.05,3351.75
2025-08-11 13:00:00+00:00,3351.74,3358.92,3340.4,3340.98
2025-08-11 17:00:00+00:00,3340.98,3373.85,3339.63,3344.13
2025-08-11 21:00:00+00:00,3344.14,3353.23,3338.72,3352.04
2025-08-12 01:00:00+00:00,3352.04,3357.09,3345.54,3349.54
2025-08-12 05:00:00+00:00,3349.9,3357.52,3339.33,3349.03
2025-08-12 09:00:00+00:00,3349.05,3354.19,3338.51,3347.92
2025-08-12 13:00:00+00:00,3347.93,3357.21,3332.0,3345.58
2025-08-12 17:00:00+00:00,3346.02,3346.02,3340.41,3342.47
2025-08-12 21:00:00+00:00,3342.52,3351.42,3336.1,3336.63
2025-08-13 01:00:00+00:00,3336.64,3348.07,3335.55,3342.32
2025-08-13 05:00:00+00:00,3342.24,3351.78,3341.44,3349.05
2025-08-13 09:00:00+00:00,3349.0,3355.0,3345.99,3347.12
2025-08-13 13:00:00+00:00,3347.11,3358.6,3344.27,3352.05
2025-08-13 17:00:00+00:00,3352.05,3352.06,3345.0,3350.8
2025-08-13 21:00:00+00:00,3350.8,3361.0,3348.61,3357.82
2025-08-14 01:00:00+00:00,3357.66,3360.19,3348.72,3351.4
2025-08-14 05:00:00+00:00,3351.49,3355.61,3338.18,3341.0
2025-08-14 09:00:00+00:00,3341.0,3350.0,3335.01,3339.7
2025-08-14 13:00:00+00:00,3339.69,3343.41,3324.39,3328.63
2025-08-14 17:00:00+00:00,3328.59,3334.07,3327.16,3330.23
2025-08-14 21:00:00+00:00,3330.23,3330.54,3326.01,3329.4
2025-08-15 01:00:00+00:00,3329.4,3338.0,3328.12,3337.11
2025-08-15 05:00:00+00:00,3337.11,3341.09,3334.03,3336.06
2025-08-15 09:00:00+00:00,3335.88,3340.03,3330.13,3336.66
2025-08-15 13:00:00+00:00,3336.82,3339.51,3328.2,3329.38
2025-08-15 17:00:00+00:00,3329.38,3333.9,3328.9,3329.36
2025-08-15 21:00:00+00:00,3329.35,3335.0,3328.96,3332.28
2025-08-16 01:00:00+00:00,3332.28,3336.01,3331.2,3333.32
2025-08-16 05:00:00+00:00,3333.31,3334.97,3327.21,3330.01
2025-08-16 09:00:00+00:00,3330.0,3331.11,3328.81,3328.85
2025-08-16 13:00:00+00:00,3328.85,3331.25,3327.95,3331.25
2025-08-17 21:00:00+00:00,3330.09,3337.86,3322.0,3333.98
2025-08-18 01:00:00+00:00,3333.98,3353.64,3333.4,3350.79
2025-08-18 05:00:00+00:00,3350.79,3380.0,3340.39,3346.35
2025-08-18 09:00:00+00:00,3346.35,3353.2,3339.57,3339.64
2025-08-18 13:00:00+00:00,3339.64,3339.64,3328.25,3332.7
2025-08-18 17:00:00+00:00,3332.76,3333.14,3326.63,3331.75
2025-08-18 21:00:00+00:00,3331.76,3337.46,3326.51,3332.7
2025-08-19 01:00:00+00:00,3332.7,3337.98,3329.25,3334.29
2025-08-19 05:00:00+00:00,3334.3,3337.96,3332.4,3335.08
2025-08-19 09:00:00+00:00,3335.08,3339.95,3331.73,3331.73
2025-08-19 13:00:00+00:00,3331.7,3342.06,3317.0,3317.0
2025-08-19 17:00:00+00:00,3317.0,3318.79,3308.01,3314.82
2025-08-19 21:00:00+00:00,3314.84,3316.7,3307.58,3312.4
2025-08-20 01:00:00+00:00,3312.38,3316.2,3301.77,3312.38
2025-08-20 05:00:00+00:00,3312.47,3320.69,3312.0,3319.6
2025-08-20 09:00:00+00:00,3319.65,3333.78,3317.08,3333.76
2025-08-20 13:00:00+00:00,3333.75,3338.19,3330.47,3334.26
2025-08-20 17:00:00+00:00,3334.27,3339.91,3334.0,3339.88
2025-08-20 21:00:00+00:00,3339.88,3342.56,3336.56,3336.56
2025-08-21 01:00:00+00:00,3336.57,3339.15,3333.0,3333.12
2025-08-21 05:00:00+00:00,3333.13,3335.58,3330.0,3335.29
2025-08-21 09:00:00+00:00,3335.26,3336.32,3318.25,3333.72
2025-08-21 13:00:00+00:00,3333.73,3338.38,3329.4,3332.0
2025-08-21 17:00:00+00:00,3332.0,3334.0,3331.0,3332.14
2025-08-21 21:00:00+00:00,3332.13,3335.28,3330.54,3332.82
2025-08-22 01:00:00+00:00,3332.82,3333.16,3324.74,3325.0
2025-08-22 05:00:00+00:00,3325.0,3332.0,3323.06,3325.07
2025-08-22 09:00:00+00:00,3325.23,3328.02,3318.28,3319.71
2025-08-22 13:00:00+00:00,3319.71,3363.43,3319.7,3354.69
2025-08-22 17:00:00+00:00,3354.69,3363.42,3354.69,3363.42
2025-08-22 21:00:00+00:00,3363.43,3366.18,3359.53,3360.67
2025-08-23 01:00:00+00:00,3360.67,3360.73,3345.51,3356.08
2025-08-23 05:00:00+00:00,3356.09,3359.76,3354.35,3359.75
2025-08-23 09:00:00+00:00,3359.76,3360.69,3357.02,3358.83
2025-08-23 13:00:00+00:00,3358.82,3360.69,3358.74,3359.72
2025-08-24 21:00:00+00:00,3358.02,3361.5,3354.83,3355.54
2025-08-25 01:00:00+00:00,3355.76,3366.68994,3352.54,3357.4
2025-08-25 05:00:00+00:00,3357.39,3358.85,3351.99,3353.31
2025-08-25 09:00:00+00:00,3353.28,3362.71,3353.27,3358.76
2025-08-25 13:00:00+00:00,3358.75,3363.3,3355.48,3362.95
2025-08-25 17:00:00+00:00,3362.95,3363.3,3349.12,3349.54
2025-08-25 21:00:00+00:00,3349.54,3370.66,3336.0,3367.02
2025-08-26 01:00:00+00:00,3366.1,3371.43994,3357.65,3364.44
2025-08-26 05:00:00+00:00,3364.47,3369.06,3358.48,3366.07
2025-08-26 09:00:00+00:00,3366.07,3367.35,3357.69,3361.34
2025-08-26 13:00:00+00:00,3361.0,3374.03,3358.17,3372.13
2025-08-26 17:00:00+00:00,3372.13,3379.98,3368.44,3379.95
2025-08-26 21:00:00+00:00,3379.9,3382.93,3375.78,3379.23
2025-08-27 01:00:00+00:00,3379.24,3386.1001,3365.0,3365.84
2025-08-27 05:00:00+00:00,3365.84,3375.66,3365.83,3373.81
2025-08-27 09:00:00+00:00,3373.82,3374.9,3367.15,3370.89
2025-08-27 13:00:00+00:00,3371.34,3384.92,3366.67,3382.58
2025-08-27 17:00:00+00:00,3382.44,3388.82,3381.9,3388.82
2025-08-27 21:00:00+00:00,3388.81,3390.77,3384.65,3384.65
2025-08-28 01:00:00+00:00,3384.65,3389.97,3378.0,3381.7
2025-08-28 05:00:00+00:00,3381.71,3397.51,3380.64,3396.35
2025-08-28 09:00:00+00:00,3396.35,3402.32,3390.96,3394.31
2025-08-28 13:00:00+00:00,3394.09,3415.37,3392.2,3413.76
2025-08-28 17:00:00+00:00,3413.75,3423.25,3413.13,3419.78
2025-08-28 21:00:00+00:00,3419.77,3420.61,3409.52,3414.3
2025-08-29 01:00:00+00:00,3414.3,3419.96,3407.99,3411.94
2025-08-29 05:00:00+00:00,3411.95,3426.91,3408.69,3410.82
2025-08-29 09:00:00+00:00,3410.82,3418.67,3407.8,3418.16
2025-08-29 13:00:00+00:00,3418.17,3455.71,3415.97,3455.6
2025-08-29 17:00:00+00:00,3455.48,3464.7,3445.98,3455.59
2025-08-29 21:00:00+00:00,3455.6,3463.32,3451.04,3458.99
2025-08-30 01:00:00+00:00,3458.99,3463.0,3452.66,3462.88
2025-08-30 05:00:00+00:00,3462.89,3463.0,3454.83,3462.25
2025-08-30 09:00:00+00:00,3462.26,3466.73,3456.3,3463.35
2025-08-30 13:00:00+00:00,3463.35,3463.81,3457.85,3463.81
2025-08-31 21:00:00+00:00,3467.33,3467.34,3455.0,3456.95
2025-09-01 01:00:00+00:00,3456.94,3498.02,3451.13,3490.8
2025-09-01 05:00:00+00:00,3490.8,3502.0,3486.84,3491.46
2025-09-01 09:00:00+00:00,3491.46,3491.96,3480.73,3480.74
2025-09-01 13:00:00+00:00,3480.74,3493.4,3480.0,3492.17
2025-09-01 17:00:00+00:00,3492.17,3494.45,3488.71,3490.83
2025-09-01 21:00:00+00:00,3490.82,3538.0,3489.37,3507.62
2025-09-02 01:00:00+00:00,3507.61,3540.0,3507.43,3518.36
2025-09-02 05:00:00+00:00,3517.96,3518.39,3486.35,3491.52
2025-09-02 09:00:00+00:00,3491.86,3508.99,3490.02,3497.0
2025-09-02 13:00:00+00:00,3497.64,3545.62,3493.84,3545.02
2025-09-02 17:00:00+00:00,3545.01,3556.69,3541.14,3550.4
2025-09-02 21:00:00+00:00,3550.4,3560.0,3543.21,3558.15
2025-09-03 01:00:00+00:00,3558.15,3562.3,3542.4,3550.71
2025-09-03 05:00:00+00:00,3550.72,3558.79,3546.04,3555.2
2025-09-03 09:00:00+00:00,3555.29,3567.43,3549.0,3566.41
2025-09-03 13:00:00+00:00,3566.31,3583.3,3563.24,3583.3
2025-09-03 17:00:00+00:00,3583.3,3587.5,3573.01,3573.33
2025-09-03 21:00:00+00:00,3573.33,3578.25,3569.08,3575.14
2025-09-04 01:00:00+00:00,3575.64,3577.09,3527.55,3543.99
2025-09-04 05:00:00+00:00,3544.0,3560.97,3534.03,3551.41
2025-09-04 09:00:00+00:00,3551.41,3558.03,3546.6,3553.23
2025-09-04 13:00:00+00:00,3553.23,3565.66,3544.8,3560.3
2025-09-04 17:00:00+00:00,3560.31,3562.5,3551.27,3553.16
2025-09-04 21:00:00+00:00,3553.16,3562.37,3548.64,3558.96
2025-09-05 01:00:00+00:00,3558.96,3565.6,3555.9,3564.88
2025-09-05 05:00:00+00:00,3564.66,3566.78,3550.0,3550.56
2025-09-05 09:00:00+00:00,3550.55,3587.36,3550.55,3581.93
2025-09-05 13:00:00+00:00,3581.94,3599.0,3572.0,3595.29
2025-09-05 17:00:00+00:00,3595.41,3599.1,3590.0,3590.01
2025-09-05 21:00:00+00:00,3590.0,3599.0,3590.0,3591.59
2025-09-06 01:00:00+00:00,3591.66,3598.99,3591.58,3598.7
2025-09-06 05:00:00+00:00,3598.7,3609.73,3595.7,3607.01
2025-09-06 09:00:00+00:00,3607.0,3611.68,3600.91,3609.86
2025-09-06 13:00:00+00:00,3609.86,3611.2,3603.19,3606.64
2025-09-07 21:00:00+00:00,3609.59,3611.57,3595.04,3602.37
2025-09-08 01:00:00+00:00,3602.37,3604.9,3588.12,3591.32
2025-09-08 05:00:00+00:00,3591.32,3623.44,3590.8,3618.1
2025-09-08 09:00:00+00:00,3618.1,3629.99,3616.81,3629.19
2025-09-08 13:00:00+00:00,3629.18,3649.32,3626.34,3645.82
2025-09-08 17:00:00+00:00,3645.97,3646.06,3638.13,3641.18
2025-09-08 21:00:00+00:00,3641.12,3647.01,3633.36,3645.82
2025-09-09 01:00:00+00:00,3645.82,3670.0,3645.75,3663.13
2025-09-09 05:00:00+00:00,3663.14,3668.24,3646.34,3655.52
2025-09-09 09:00:00+00:00,3655.8,3664.72,3653.65,3657.91
2025-09-09 13:00:00+00:00,3657.91,3681.7,3639.09,3657.71
2025-09-09 17:00:00+00:00,3657.72,3661.18,3638.7,3638.7
2025-09-09 21:00:00+00:00,3638.48,3648.36,3630.0,3632.8
2025-09-10 01:00:00+00:00,3632.79,3648.23,3630.11,3647.75
2025-09-10 05:00:00+00:00,3647.76,3651.34,3644.09,3650.13
2025-09-10 09:00:00+00:00,3650.04,3664.0,3644.73,3647.22
2025-09-10 13:00:00+00:00,3647.21,3655.55,3638.18,3645.68
2025-09-10 17:00:00+00:00,3645.33,3647.31,3636.67,3641.3
2025-09-10 21:00:00+00:00,3641.3,3646.92,3637.92,3640.94
2025-09-11 01:00:00+00:00,3640.94,3644.72,3627.12,3628.02
2025-09-11 05:00:00+00:00,3628.02,3632.84,3621.03,3622.99
2025-09-11 09:00:00+00:00,3623.3,3643.19,3614.09,3627.53
2025-09-11 13:00:00+00:00,3627.54,3645.81,3618.39,3634.72
2025-09-11 17:00:00+00:00,3634.72,3639.29,3630.7,3634.06
2025-09-11 21:00:00+00:00,3634.01,3639.19,3630.53,3635.01
2025-09-12 01:00:00+00:00,3635.02,3653.43,3635.02,3652.99
2025-09-12 05:00:00+00:00,3652.99,3655.89,3640.45,3641.0
2025-09-12 09:00:00+00:00,3640.99,3651.13,3639.07,3645.91
2025-09-12 13:00:00+00:00,3645.91,3652.14,3641.34,3647.39
2025-09-12 17:00:00+00:00,3646.9,3648.87,3640.37,3642.08
2025-09-12 21:00:00+00:00,3642.08,3646.34,3633.4,3639.89
2025-09-13 01:00:00+00:00,3639.89,3639.89,3625.47,3629.18
2025-09-13 05:00:00+00:00,3629.17,3637.43,3628.0,3634.12
2025-09-13 09:00:00+00:00,3634.12,3638.37,3630.25,3635.1
2025-09-13 13:00:00+00:00,3635.1,3635.1,3631.21,3632.77
2025-09-14 21:00:00+00:00,3652.38,3652.38,3640.0,3641.14
2025-09-15 01:00:00+00:00,3640.95,3653.86,3635.07,3650.92
2025-09-15 05:00:00+00:00,3651.01,3652.0,3638.89,3651.47
2025-09-15 09:00:00+00:00,3651.47,3659.5,3643.3,3658.38
2025-09-15 13:00:00+00:00,3658.47,3692.79,3656.77,3688.36
2025-09-15 17:00:00+00:00,3688.36,3692.51,3680.02,3683.47
2025-09-15 21:00:00+00:00,3683.47,3694.42,3677.61,3693.64
2025-09-16 01:00:00+00:00,3693.64,3695.94,3684.46,3692.06
2025-09-16 05:00:00+00:00,3692.05,3705.79,3688.3,3704.75
2025-09-16 09:00:00+00:00,3704.76,3710.53,3696.02,3701.68
2025-09-16 13:00:00+00:00,3701.69,3712.69,3688.62,3700.24
2025-09-16 17:00:00+00:00,3700.24,3700.84,3692.66,3696.78
2025-09-16 21:00:00+00:00,3696.78,3705.4,3695.54,3700.7
2025-09-17 01:00:00+00:00,3700.71,3700.71,3684.66,3688.44
2025-09-17 05:00:00+00:00,3688.44,3693.24,3673.05,3675.1
2025-09-17 09:00:00+00:00,3675.0,3690.69,3671.58,3690.69
2025-09-17 13:00:00+00:00,3690.68,3698.17,3686.16,3693.55
2025-09-17 17:00:00+00:00,3693.55,3708.49,3657.59,3664.37
2025-09-17 21:00:00+00:00,3664.38,3674.27,3660.1,3668.89
2025-09-18 01:00:00+00:00,3668.88,3671.85,3657.72,3659.3
2025-09-18 05:00:00+00:00,3659.3,3666.71,3639.5,3664.9
2025-09-18 09:00:00+00:00,3664.89,3674.14,3663.71,3666.11
2025-09-18 13:00:00+00:00,3665.95,3666.4,3638.08,3650.35
2025-09-18 17:00:00+00:00,3650.35,3651.53,3644.04,3647.61
2025-09-18 21:00:00+00:00,3647.62,3649.55,3643.2,3646.93
2025-09-19 01:00:00+00:00,3646.84,3665.46,3641.01,3661.22
2025-09-19 05:00:00+00:00,3661.12,3689.99,3650.27,3660.88
2025-09-19 09:00:00+00:00,3660.94,3666.25,3653.63,3657.95
2025-09-19 13:00:00+00:00,3657.67,3682.99,3652.75,3673.87
2025-09-19 17:00:00+00:00,3673.88,3690.09,3673.87,3688.92
2025-09-19 21:00:00+00:00,3688.92,3693.0,3684.46,3692.56
2025-09-20 01:00:00+00:00,3692.56,3693.04,3683.4,3687.49
2025-09-20 05:00:00+00:00,3687.54,3688.94,3683.34,3687.78
2025-09-20 09:00:00+00:00,3687.79,3690.88,3684.0,3688.99
2025-09-20 13:00:00+00:00,3688.99,3691.96,3687.03,3691.44
2025-09-21 21:00:00+00:00,3689.63,3696.72,3686.83,3695.18
2025-09-22 01:00:00+00:00,3695.18,3700.0,3690.0,3695.29
2025-09-22 05:00:00+00:00,3695.29,3734.0,3693.0,3725.79
2025-09-22 09:00:00+00:00,3725.79,3742.62,3724.06,3728.95
2025-09-22 13:00:00+00:00,3728.96,3747.68,3722.34,3743.15
2025-09-22 17:00:00+00:00,3743.16,3762.62,3743.15,3760.41
2025-09-22 21:00:00+00:00,3760.42,3766.4,3750.55,3759.23
2025-09-23 01:00:00+00:00,3759.22,3771.0,3748.89,3753.05
2025-09-23 05:00:00+00:00,3753.04,3787.92,3753.04,3783.75
2025-09-23 09:00:00+00:00,3783.74,3800.0,3783.74,3793.07
2025-09-23 13:00:00+00:00,3793.07,3795.27,3772.45,3785.28
2025-09-23 17:00:00+00:00,3785.29,3791.89,3763.57,3777.03
2025-09-23 21:00:00+00:00,3777.11,3781.74,3768.66,3773.37
2025-09-24 01:00:00+00:00,3773.37,3783.84,3759.0,3778.72
2025-09-24 05:00:00+00:00,3778.72,3788.79,3775.31,3778.87
2025-09-24 09:00:00+00:00,3778.88,3779.24,3767.3,3777.84
2025-09-24 13:00:00+00:00,3777.83,3780.0,3737.82,3740.33
2025-09-24 17:00:00+00:00,3740.23,3754.36,3720.78,3747.29
2025-09-24 21:00:00+00:00,3747.29,3761.0,3745.72,3759.19
2025-09-25 01:00:00+00:00,3759.2,3760.35,3735.0,3746.57
2025-09-25 05:00:00+00:00,3746.17,3773.55,3743.35,3763.67
2025-09-25 09:00:00+00:00,3763.56,3766.68,3739.96,3747.7
2025-09-25 13:00:00+00:00,3747.71,3754.3,3730.0,3739.48
2025-09-25 17:00:00+00:00,3739.48,3765.05,3738.68,3757.69
2025-09-25 21:00:00+00:00,3757.68,3764.08,3748.28,3756.65
2025-09-26 01:00:00+00:00,3756.66,3759.99,3742.04,3753.19
2025-09-26 05:00:00+00:00,3753.19,3760.06,3745.69,3759.11
2025-09-26 09:00:00+00:00,3759.11,3763.96,3746.07,3760.48
2025-09-26 13:00:00+00:00,3760.48,3793.12,3760.28,3780.12
2025-09-26 17:00:00+00:00,3780.13,3799.0,3771.5,3771.5
2025-09-26 21:00:00+00:00,3771.51,3780.14,3764.5,3773.6
2025-09-27 01:00:00+00:00,3773.6,3779.22,3772.31,3773.51
2025-09-27 05:00:00+00:00,3773.52,3780.24,3770.81,3778.58
2025-09-27 09:00:00+00:00,3778.57,3783.79,3773.21,3783.71
2025-09-27 13:00:00+00:00,3783.72,3784.69,3777.54,3783.35
2025-09-28 21:00:00+00:00,3770.0,3795.07,3768.57,3794.42
2025-09-29 01:00:00+00:00,3794.43,3815.06,3776.11,3812.9
2025-09-29 05:00:00+00:00,3812.85,3833.0,3811.67,3828.01
2025-09-29 09:00:00+00:00,3828.0,3844.34,3819.44,3824.92
2025-09-29 13:00:00+00:00,3824.93,3841.89,3822.39,3838.46
2025-09-29 17:00:00+00:00,3838.46,3844.84,3832.9,3842.19
2025-09-29 21:00:00+00:00,3842.19,3859.48,3839.29,3853.73
2025-09-30 01:00:00+00:00,3853.74,3880.69,3851.46,3876.74
2025-09-30 05:00:00+00:00,3876.75,3880.23,3821.31,3830.12
2025-09-30 09:00:00+00:00,3830.12,3837.0,3806.92,3828.97
2025-09-30 13:00:00+00:00,3828.97,3862.87,3824.1,3845.96
2025-09-30 17:00:00+00:00,3846.2,3871.8,3839.9,3869.18
2025-09-30 21:00:00+00:00,3869.18,3876.38,3863.93,3872.23
2025-10-01 01:00:00+00:00,3872.22,3886.03,3865.67,3872.87
2025-10-01 05:00:00+00:00,3872.87,3904.55,3863.63,3904.49
2025-10-01 09:00:00+00:00,3904.48,3904.58,3876.98,3881.5
2025-10-01 13:00:00+00:00,3881.5,3887.69,3868.64,3880.54
2025-10-01 17:00:00+00:00,3880.54,3880.55,3865.0,3875.49
2025-10-01 21:00:00+00:00,3875.48,3880.21,3857.9,3860.06
2025-10-02 01:00:00+00:00,3860.06,3878.07,3856.01,3867.07
2025-10-02 05:00:00+00:00,3867.07,3884.32,3864.77,3880.46
2025-10-02 09:00:00+00:00,3880.45,3896.06,3878.1,3887.39
2025-10-02 13:00:00+00:00,3887.4,3899.0,3823.79,3854.71
2025-10-02 17:00:00+00:00,3854.72,3867.35,3850.05,3861.5
2025-10-02 21:00:00+00:00,3861.5,3866.46,3850.75,3859.61
2025-10-03 01:00:00+00:00,3859.61,3865.01,3843.79,3851.83
2025-10-03 05:00:00+00:00,3851.84,3871.24,3851.84,3870.56
2025-10-03 09:00:00+00:00,3870.55,3876.47,3859.88,3876.45
2025-10-03 13:00:00+00:00,3876.45,3889.99,3867.04,3885.88
2025-10-03 17:00:00+00:00,3885.88,3889.63,3880.03,3885.26
2025-10-03 21:00:00+00:00,3885.25,3899.0,3842.52,3889.42
2025-10-04 01:00:00+00:00,3889.42,3895.28,3884.52,3886.02
2025-10-04 05:00:00+00:00,3886.01,3892.92,3885.0,3888.88
2025-10-04 09:00:00+00:00,3888.89,3900.72,3886.55,3895.0
2025-10-04 13:00:00+00:00,3895.01,3896.09,3890.58,3893.47
2025-10-05 20:00:00+00:00,3891.88,3922.65,3890.53,3914.2
2025-10-06 00:00:00+00:00,3914.21,3940.0,3906.36,3939.32
2025-10-06 04:00:00+00:00,3939.31,3953.09,3931.0,3947.55
2025-10-06 08:00:00+00:00,3947.54,3956.36,3942.0,3947.9
2025-10-06 12:00:00+00:00,3947.89,3975.31,3936.75,3973.14
2025-10-06 16:00:00+00:00,3973.14,3979.0,3958.64,3970.74
2025-10-06 20:00:00+00:00,3970.74,3989.89,3967.88,3983.21
2025-10-07 00:00:00+00:00,3983.22,3990.0,3966.67,3984.13
2025-10-07 04:00:00+00:00,3984.13,3986.17,3955.39,3957.52
2025-10-07 08:00:00+00:00,3957.85,3977.55,3953.39,3977.04
2025-10-07 12:00:00+00:00,3977.05,4000.0,3976.92,3983.22
2025-10-07 16:00:00+00:00,3983.22,4000.0,3980.0,3994.92
2025-10-07 20:00:00+00:00,3994.92,4004.84,3992.98,4000.88
2025-10-08 00:00:00+00:00,4000.87,4027.42,3996.75,4026.16
2025-10-08 04:00:00+00:00,4026.16,4049.0,4026.16,4045.71
2025-10-08 08:00:00+00:00,4045.71,4059.99,4040.31,4051.69
2025-10-08 12:00:00+00:00,4051.67,4066.0,4041.58,4058.24
2025-10-08 16:00:00+00:00,4058.25,4079.48,4045.63,4056.45
2025-10-08 20:00:00+00:00,4056.45,4059.6,4021.0,4032.21
2025-10-09 00:00:00+00:00,4032.22,4055.96,4026.79,4045.72
2025-10-09 04:00:00+00:00,4045.71,4062.41,4044.0,4047.49
2025-10-09 08:00:00+00:00,4047.48,4061.75,4047.33,4058.99
2025-10-09 12:00:00+00:00,4058.98,4072.0,4024.96,4036.43
2025-10-09 16:00:00+00:00,4036.43,4041.4,3961.94,3989.18
2025-10-09 20:00:00+00:00,3989.19,4000.28,3975.33,4000.27
2025-10-10 00:00:00+00:00,4000.28,4007.09,3971.39,3971.39
2025-10-10 04:00:00+00:00,3971.32,3986.68,3957.29,3977.88
2025-10-10 08:00:00+00:00,3977.89,4014.25,3976.0,3994.26
2025-10-10 12:00:00+00:00,3994.27,4030.0,3981.52,4008.65
2025-10-10 16:00:00+00:00,4008.5,4033.0,3987.32,4024.44
2025-10-10 20:00:00+00:00,4024.43,4030.95,3600.0,3983.01
2025-10-11 00:00:00+00:00,3983.0,3987.3,3950.0,3973.35
2025-10-11 04:00:00+00:00,3974.23,4000.8,3965.86,3993.49
2025-10-11 08:00:00+00:00,3993.49,4000.88,3990.1,3997.66
2025-10-11 12:00:00+00:00,3997.43,4000.0,3996.22,3997.52
2025-10-12 20:00:00+00:00,4002.99,4058.65,4002.63,4036.56
2025-10-13 00:00:00+00:00,4036.57,4056.28,4026.55,4052.01
2025-10-13 04:00:00+00:00,4052.01,4079.28,4052.01,4071.01
2025-10-13 08:00:00+00:00,4070.92,4090.65,4069.3,4082.64
2025-10-13 12:00:00+00:00,4082.64,4119.0,4078.0,4110.75
2025-10-13 16:00:00+00:00,4110.75,4124.06,4101.58,4124.0
2025-10-13 20:00:00+00:00,4124.0,4142.3,4115.26,4141.69
2025-10-14 00:00:00+00:00,4141.69,4183.67,4133.47,4179.1
2025-10-14 04:00:00+00:00,4179.11,4200.0,4103.38,4142.41
2025-10-14 08:00:00+00:00,4142.41,4161.26,4130.48,4139.6
2025-10-14 12:00:00+00:00,4139.59,4154.22,4112.0,4148.88
2025-10-14 16:00:00+00:00,4148.94,4173.99,4140.0,4155.65
2025-10-14 20:00:00+00:00,4155.53,4184.13,4151.67,4176.71
2025-10-15 00:00:00+00:00,4176.7,4207.13,4170.81,4205.24
2025-10-15 04:00:00+00:00,4205.24,4227.36,4191.24,4224.66
2025-10-15 08:00:00+00:00,4224.94,4240.29,4188.0,4223.0
2025-10-15 12:00:00+00:00,4223.0,4229.98,4200.76,4211.71
2025-10-15 16:00:00+00:00,4211.71,4231.81,4205.06,4230.95
2025-10-15 20:00:00+00:00,4230.95,4247.41,4219.82,4238.42
2025-10-16 00:00:00+00:00,4238.42,4274.0,4235.66,4261.56
2025-10-16 04:00:00+00:00,4261.65,4262.4,4225.28,4246.92
2025-10-16 08:00:00+00:00,4246.91,4266.13,4236.2,4258.48
2025-10-16 12:00:00+00:00,4258.47,4297.89,4246.18,4292.64
2025-10-16 16:00:00+00:00,4292.65,4336.65,4286.51,4333.33
2025-10-16 20:00:00+00:00,4333.07,4530.0,4333.0,4436.75
2025-10-17 00:00:00+00:00,4436.74,4436.75,4256.0,4401.2
2025-10-17 04:00:00+00:00,4401.27,4432.13,4351.0,4382.34
2025-10-17 08:00:00+00:00,4382.35,4428.0,4305.89,4307.81
2025-10-17 12:00:00+00:00,4307.8,4347.67,4225.0,4253.1
2025-10-17 16:00:00+00:00,4253.11,4260.63,4192.55,4236.8
2025-10-17 20:00:00+00:00,4236.81,4273.28,4188.0,4238.93
2025-10-18 00:00:00+00:00,4238.93,4259.28,4238.46,4246.44
2025-10-18 04:00:00+00:00,4246.44,4252.53,4226.0,4235.41
2025-10-18 08:00:00+00:00,4235.41,4250.0,4235.4,4238.43
2025-10-18 12:00:00+00:00,4238.43,4242.36,4234.78,4237.99
2025-10-19 20:00:00+00:00,4231.0,4265.0,4231.0,4242.46
2025-10-20 00:00:00+00:00,4242.34,4272.5,4214.16,4260.78
2025-10-20 04:00:00+00:00,4260.77,4268.29,4220.16,4245.67
2025-10-20 08:00:00+00:00,4245.66,4269.42,4237.29,4269.17
2025-10-20 12:00:00+00:00,4269.18,4355.55,4265.84,4348.17
2025-10-20 16:00:00+00:00,4348.16,4401.66,4333.51,4388.43
2025-10-20 20:00:00+00:00,4388.43,4390.74,4355.9,4364.09
2025-10-21 00:00:00+00:00,4363.81,4375.49,4341.35,4357.86
2025-10-21 04:00:00+00:00,4357.86,4357.87,4290.01,4299.65
2025-10-21 08:00:00+00:00,4299.66,4301.83,4250.37,4257.24
2025-10-21 12:00:00+00:00,4257.8,4261.99,4101.0,4139.2
2025-10-21 16:00:00+00:00,4139.4,4145.93,4094.72,4114.57
2025-10-21 20:00:00+00:00,4114.09,4141.09,4095.34,4098.31
2025-10-22 00:00:00+00:00,4098.82,4147.04,4020.0,4133.33
2025-10-22 04:00:00+00:00,4133.77,4167.79,4116.14,4138.01
2025-10-22 08:00:00+00:00,4138.02,4140.71,4023.0,4041.49
2025-10-22 12:00:00+00:00,4041.5,4097.0,4025.7,4042.51
2025-10-22 16:00:00+00:00,4042.5,4114.14,4030.38,4101.48
2025-10-22 20:00:00+00:00,4101.33,4113.95,4085.08,4091.78
2025-10-23 00:00:00+00:00,4092.05,4109.14,4068.9,4098.09
2025-10-23 04:00:00+00:00,4098.09,4134.91,4057.14,4089.63
2025-10-23 08:00:00+00:00,4089.64,4126.89,4089.64,4115.49
2025-10-23 12:00:00+00:00,4115.18,4157.46,4106.12,4141.4
2025-10-23 16:00:00+00:00,4141.39,4149.06,4116.07,4117.0
2025-10-23 20:00:00+00:00,4117.36,4127.97,4102.0,4117.46
2025-10-24 00:00:00+00:00,4117.92,4139.52,4109.74,4125.0
2025-10-24 04:00:00+00:00,4125.0,4125.01,4067.75,4071.99
2025-10-24 08:00:00+00:00,4072.0,4074.77,4045.25,4061.53
2025-10-24 12:00:00+00:00,4061.53,4126.98,4059.58,4121.94
2025-10-24 16:00:00+00:00,4122.13,4139.62,4094.25,4097.3
2025-10-24 20:00:00+00:00,4097.3,4117.64,4090.99,4110.53
2025-10-25 00:00:00+00:00,4110.54,4127.13,4101.77,4110.07
2025-10-25 04:00:00+00:00,4110.07,4117.43,4105.0,4107.34
2025-10-25 08:00:00+00:00,4107.34,4116.78,4099.93,4109.41
2025-10-25 12:00:00+00:00,4109.41,4111.65,4108.64,4111.21
2025-10-26 20:00:00+00:00,4098.77,4099.51,4056.26,4059.96
2025-10-27 00:00:00+00:00,4059.95,4094.71,4056.01,4066.67
2025-10-27 04:00:00+00:00,4066.67,4081.07,4051.07,4063.71
2025-10-27 08:00:00+00:00,4063.71,4064.24,4015.88,4023.84
2025-10-27 12:00:00+00:00,4023.84,4048.48,3951.0,3986.79
2025-10-27 16:00:00+00:00,3986.97,4002.18,3977.21,3980.31
2025-10-27 20:00:00+00:00,3980.41,3995.37,3969.82,3992.2
2025-10-28 00:00:00+00:00,3992.19,4013.17,3970.87,3990.1
2025-10-28 04:00:00+00:00,3990.15,3991.69,3921.0,3932.14
2025-10-28 08:00:00+00:00,3932.14,3939.8,3900.0,3931.36
2025-10-28 12:00:00+00:00,3931.37,4000.0,3913.63,3970.74
2025-10-28 16:00:00+00:00,3970.73,3976.22,3953.36,3967.98
2025-10-28 20:00:00+00:00,3967.97,3970.91,3930.08,3968.36
2025-10-29 00:00:00+00:00,3968.42,3987.5,3950.01,3964.2
2025-10-29 04:00:00+00:00,3964.2,4001.52,3953.08,4001.52
2025-10-29 08:00:00+00:00,4001.53,4031.43,3999.86,4018.16
2025-10-29 12:00:00+00:00,4018.17,4030.63,3989.0,3995.02
2025-10-29 16:00:00+00:00,3994.75,4008.95,3933.18,3949.3
2025-10-29 20:00:00+00:00,3949.55,3960.06,3921.71,3956.23
2025-10-30 00:00:00+00:00,3955.76,3969.71,3923.15,3941.1
2025-10-30 04:00:00+00:00,3941.16,3985.01,3938.48,3961.39
2025-10-30 08:00:00+00:00,3961.38,4008.04,3954.46,3976.02
2025-10-30 12:00:00+00:00,3976.01,4009.8,3960.79,3999.16
2025-10-30 16:00:00+00:00,3999.16,4023.0,3989.42,4020.42
2025-10-30 20:00:00+00:00,4020.71,4040.0,4012.42,4034.25
2025-10-31 00:00:00+00:00,4034.26,4035.0,3990.0,3994.43
2025-10-31 04:00:00+00:00,3994.43,4026.25,3988.57,4023.86
2025-10-31 08:00:00+00:00,4023.86,4031.8,3998.71,4007.61
2025-10-31 12:00:00+00:00,4007.61,4032.56,4007.19,4011.79
2025-10-31 16:00:00+00:00,4012.04,4013.84,3971.81,3995.65
2025-10-31 20:00:00+00:00,3995.65,4004.21,3991.21,4000.16
2025-11-01 00:00:00+00:00,4000.16,4005.95,3995.51,4004.43
2025-11-01 04:00:00+00:00,4004.43,4007.15,4002.43,4002.96
2025-11-01 08:00:00+00:00,4002.96,4009.88,4001.84,4008.72
2025-11-01 12:00:00+00:00,4008.71,4008.71,4001.4,4001.4
2025-11-02 20:00:00+00:00,3997.44,3998.31,3976.88,3979.05
2025-11-03 00:00:00+00:00,3979.05,4010.05,3962.2,4005.89
2025-11-03 04:00:00+00:00,4005.89,4020.78,3995.74,4020.34
2025-11-03 08:00:00+00:00,4020.35,4023.18,3980.0,4003.3
2025-11-03 12:00:00+00:00,4003.3,4024.93,3999.59,4003.73
2025-11-03 16:00:00+00:00,4003.78,4008.28,3990.0,3999.2
2025-11-03 20:00:00+00:00,3999.67,4009.04,3980.07,3992.01
2025-11-04 00:00:00+00:00,3992.02,3996.92,3967.12,3990.87
2025-11-04 04:00:00+00:00,3991.09,4009.0,3960.38,3988.3
2025-11-04 08:00:00+00:00,3988.3,3995.0,3980.27,3991.52
2025-11-04 12:00:00+00:00,3991.51,3992.25,3927.23,3951.97
2025-11-04 16:00:00+00:00,3951.97,3968.35,3918.0,3930.56
2025-11-04 20:00:00+00:00,3930.56,3936.24,3920.0,3929.18
2025-11-05 00:00:00+00:00,3929.45,3960.23,3920.0,3957.01
2025-11-05 04:00:00+00:00,3957.0,3968.69,3952.12,3965.97
2025-11-05 08:00:00+00:00,3965.97,3977.86,3952.18,3961.52
2025-11-05 12:00:00+00:00,3961.53,3980.79,3957.36,3974.86
2025-11-05 16:00:00+00:00,3974.86,3985.32,3971.5,3984.63
2025-11-05 20:00:00+00:00,3984.64,3988.23,3962.92,3971.74
2025-11-06 00:00:00+00:00,3971.75,3984.59,3958.68,3981.99
2025-11-06 04:00:00+00:00,3982.0,4007.0,3975.21,4002.18
2025-11-06 08:00:00+00:00,4002.41,4015.75,4001.0,4015.75
2025-11-06 12:00:00+00:00,4015.74,4020.0,3967.1,3975.32
2025-11-06 16:00:00+00:00,3975.31,3992.4,3962.18,3981.31
2025-11-06 20:00:00+00:00,3981.31,3986.26,3972.1,3986.26
2025-11-07 00:00:00+00:00,3986.26,3999.0,3980.71,3986.7
2025-11-07 04:00:00+00:00,3986.7,4003.85,3981.63,4002.7
2025-11-07 08:00:00+00:00,4002.7,4007.13,3989.11,3997.4
2025-11-07 12:00:00+00:00,3997.62,4002.71,3977.01,3982.24
2025-11-07 16:00:00+00:00,3982.06,4014.99,3981.47,4003.11
2025-11-07 20:00:00+00:00,4003.1,4003.1,3990.5,3992.01
2025-11-08 00:00:00+00:00,3992.02,4000.0,3991.6,3996.64
2025-11-08 04:00:00+00:00,3996.64,3998.21,3986.75,3988.16
2025-11-08 08:00:00+00:00,3988.16,3993.65,3986.93,3990.91
2025-11-08 12:00:00+00:00,3990.91,3992.72,3987.9,3992.44
2025-11-09 20:00:00+00:00,3997.16,4010.93,3994.22,4004.69
2025-11-10 00:00:00+00:00,4004.79,4051.86011,4004.65,4044.88
2025-11-10 04:00:00+00:00,4044.9,4075.0,4044.89,4073.3
2025-11-10 08:00:00+00:00,4073.31,4082.35,4066.68,4082.35
2025-11-10 12:00:00+00:00,4082.6,4104.86,4072.81,4077.27
2025-11-10 16:00:00+00:00,4077.27,4110.0,4075.91,4105.78
2025-11-10 20:00:00+00:00,4105.78,4120.97021,4097.93,4114.67
2025-11-11 00:00:00+00:00,4114.68,4139.34,4111.58,4132.45
2025-11-11 04:00:00+00:00,4132.3,4135.99,4111.28,4119.23
2025-11-11 08:00:00+00:00,4119.23,4137.46,4118.63,4134.6
2025-11-11 12:00:00+00:00,4134.83,4146.07515,4096.85211,4107.56619
2025-11-11 16:00:00+00:00,4107.51205,4125.75355,4105.6365,4123.19184
2025-11-11 20:00:00+00:00,4123.20807,4144.23116,4121.95514,4142.98891
2025-11-12 00:00:00+00:00,4143.00401,4145.13951,4111.32287,4113.33747
2025-11-12 04:00:00+00:00,4113.31689,4125.50428,4100.37736,4117.28588
2025-11-12 08:00:00+00:00,4117.30144,4133.11075,4112.57532,4125.32428
2025-11-12 12:00:00+00:00,4125.05689,4183.81018,4124.3506,4180.94645
2025-11-12 16:00:00+00:00,4180.89564,4213.30684,4180.33473,4196.46651
2025-11-12 20:00:00+00:00,4196.38921,4206.8785,4188.04708,4191.33832
2025-11-13 00:00:00+00:00,4191.30252,4211.56857,4180.87648,4211.25284
2025-11-13 04:00:00+00:00,4211.11508,4218.90955,4202.70945,4218.50049
2025-11-13 08:00:00+00:00,4218.37277,4239.97504,4218.37277,4230.82612
2025-11-13 12:00:00+00:00,4230.82943,4244.30211,4183.51826,4199.6916
2025-11-13 16:00:00+00:00,4199.83186,4210.14914,4141.94031,4164.62689
2025-11-13 20:00:00+00:00,4164.48871,4186.31118,4160.68375,4185.02345
2025-11-14 00:00:00+00:00,4184.96651,4210.97208,4174.14902,4204.68691
2025-11-14 04:00:00+00:00,4204.6565,4205.67115,4160.69763,4180.23152
2025-11-14 08:00:00+00:00,4180.21106,4185.43736,4133.50977,4133.50977
2025-11-14 12:00:00+00:00,4133.43454,4139.79919,4034.28982,4090.98202
2025-11-14 16:00:00+00:00,4090.91996,4111.72468,4083.06101,4089.59042
2025-11-14 20:00:00+00:00,4089.52774,4092.08163,4075.2912,4080.53459
2025-11-15 00:00:00+00:00,4080.45074,4080.64064,4080.38115,4080.54116
2025-11-15 04:00:00+00:00,4080.45848,4080.64374,4080.38563,4080.47584
2025-11-15 08:00:00+00:00,4080.44849,4080.64307,4080.38598,4080.43272
2025-11-15 12:00:00+00:00,4080.45682,4080.64181,4080.39587,4080.42743
2025-11-16 12:00:00+00:00,4080.45349,4080.63709,4080.39232,4080.43649
2025-11-16 16:00:00+00:00,4080.45349,4080.63709,4080.36819,4080.496
2025-11-16 20:00:00+00:00,4080.45515,4106.23731,4078.10184,4097.48381
2025-11-17 00:00:00+00:00,4097.41051,4101.33775,4071.85619,4082.93813
2025-11-17 04:00:00+00:00,4083.09261,4089.11265,4050.88346,4087.51858
2025-11-17 08:00:00+00:00,4087.22415,4094.57156,4059.35446,4078.88485
2025-11-17 12:00:00+00:00,4078.85594,4090.2478,4061.59877,4065.21229
2025-11-17 16:00:00+00:00,4065.10424,4080.7252,4011.04777,4012.12221
2025-11-17 20:00:00+00:00,4012.09619,4054.2544,4008.68296,4034.38751
2025-11-18 00:00:00+00:00,4033.88867,4044.04579,4009.59427,4013.29263
2025-11-18 04:00:00+00:00,4013.35081,4024.88253,3999.63117,4013.44568
2025-11-18 08:00:00+00:00,4013.28709,4050.12769,4010.886,4038.95743
2025-11-18 12:00:00+00:00,4038.95466,4079.86217,4029.365,4055.07359
2025-11-18 16:00:00+00:00,4055.05063,4081.09747,4043.54376,4081.01142
2025-11-18 20:00:00+00:00,4081.01883,4081.72149,4064.86061,4076.94194
2025-11-19 00:00:00+00:00,4076.9693,4080.66983,4057.0592,4067.78334
2025-11-19 04:00:00+00:00,4067.6914,4099.1475,4064.56981,4089.05023
2025-11-19 08:00:00+00:00,4089.09625,4117.97765,4079.3566,4113.35067
2025-11-19 12:00:00+00:00,4113.31221,4132.42981,4087.39954,4093.64089
2025-11-19 16:00:00+00:00,4093.70947,4096.4372,4054.87269,4074.0584
2025-11-19 20:00:00+00:00,4074.14058,4108.00028,4067.10951,4104.88141
2025-11-20 00:00:00+00:00,4104.86871,4110.6399,4044.95331,4070.70419
2025-11-20 04:00:00+00:00,4070.98994,4081.01135,4055.31641,4059.57591
2025-11-20 08:00:00+00:00,4059.6745,4071.73787,4040.886,4059.25229
2025-11-20 12:00:00+00:00,4059.35385,4110.93765,4059.25578,4078.35935
2025-11-20 16:00:00+00:00,4078.39709,4087.12585,4045.62352,4084.63177
2025-11-20 20:00:00+00:00,4084.50767,4088.128,4073.49847,4078.25686
2025-11-21 00:00:00+00:00,4078.1924,4081.61011,4050.01261,4056.89782
2025-11-21 04:00:00+00:00,4056.88254,4062.28046,4025.66492,4031.02888
2025-11-21 08:00:00+00:00,4030.85766,4062.10726,4025.7184,4036.89051
2025-11-21 12:00:00+00:00,4036.93396,4083.35939,4035.53548,4069.80219
2025-11-21 16:00:00+00:00,4069.82403,4099.55818,4065.30487,4087.44933
2025-11-21 20:00:00+00:00,4087.46663,4088.56214,4054.98727,4065.88675
2025-11-22 00:00:00+00:00,4065.88539,4066.07622,4065.81636,4065.86301
2025-11-22 04:00:00+00:00,4065.89317,4066.07643,4065.81812,4065.88359
2025-11-22 08:00:00+00:00,4065.88374,4066.07643,4065.81659,4065.94685
2025-11-22 12:00:00+00:00,4065.88506,4066.07742,4065.82591,4065.96908
2025-11-23 12:00:00+00:00,4065.8935,4066.07646,4065.83257,4065.98467
2025-11-23 16:00:00+00:00,4065.8935,4066.14254,4065.81953,4065.93911
2025-11-23 20:00:00+00:00,4065.88586,4076.79046,4065.79039,4074.9096
2025-11-24 00:00:00+00:00,4074.8008,4075.30213,4040.59968,4050.21502
2025-11-24 04:00:00+00:00,4050.20039,4066.70007,4041.3507,4060.08362
2025-11-24 08:00:00+00:00,4060.05632,4076.52346,4059.62415,4070.51673
2025-11-24 12:00:00+00:00,4070.44092,4093.33594,4066.75779,4091.3445
2025-11-24 16:00:00+00:00,4091.1825,4127.83474,4087.73982,4119.43498
2025-11-24 20:00:00+00:00,4119.40396,4145.20307,4118.72734,4142.52981
2025-11-25 00:00:00+00:00,4142.22458,4154.791,4123.54479,4143.70973
2025-11-25 04:00:00+00:00,4143.659,4152.27156,4131.29988,4133.60003
2025-11-25 08:00:00+00:00,4133.54092,4139.06053,4110.34558,4133.18874
2025-11-25 12:00:00+00:00,4133.15417,4150.50914,4110.85419,4122.51693
2025-11-25 16:00:00+00:00,4122.79116,4159.14589,4122.51253,4133.2823
2025-11-25 20:00:00+00:00,4133.36559,4137.99681,4127.49532,4133.1399
2025-11-26 00:00:00+00:00,4133.21124,4169.83823,4133.12441,4165.30879
2025-11-26 04:00:00+00:00,4165.34866,4167.95279,4147.94977,4158.19675
2025-11-26 08:00:00+00:00,4158.09291,4174.01012,4155.97971,4172.27843
2025-11-26 12:00:00+00:00,4172.15184,4172.95421,4138.97886,4164.11843
2025-11-26 16:00:00+00:00,4164.02072,4171.14884,4158.41091,4163.51163
2025-11-26 20:00:00+00:00,4163.49718,4168.69798,4161.75816,4166.21019
2025-11-27 00:00:00+00:00,4166.15261,4167.0693,4145.08596,4149.30215
2025-11-27 04:00:00+00:00,4149.26588,4162.12954,4143.6376,4159.78009
2025-11-27 08:00:00+00:00,4159.73135,4167.05449,4149.61006,4158.12536
2025-11-27 12:00:00+00:00,4158.08804,4162.1062,4149.6406,4157.69685
2025-11-27 16:00:00+00:00,4157.76773,4160.48526,4152.4123,4157.99178
2025-11-27 20:00:00+00:00,4158.00496,4163.72376,4157.6383,4163.35358
2025-11-28 00:00:00+00:00,4163.25243,4192.66364,4163.25243,4184.22566
2025-11-28 04:00:00+00:00,4184.19679,4188.842,4174.29477,4174.5627
2025-11-28 08:00:00+00:00,4174.59294,4180.07468,4158.86553,4174.18627
2025-11-28 12:00:00+00:00,4174.28495,4207.96853,4168.28617,4203.14372
2025-11-28 16:00:00+00:00,4203.08714,4225.13635,4199.15361,4212.73023
2025-11-28 20:00:00+00:00,4212.63224,4231.26834,4171.98663,4207.8426
2025-11-29 00:00:00+00:00,4207.77842,4218.29016,4172.85807,4216.33254
2025-11-29 04:00:00+00:00,4216.34043,4216.53894,4216.27353,4216.39586
2025-11-29 08:00:00+00:00,4216.34043,4216.5413,4216.27364,4216.44896
2025-11-29 12:00:00+00:00,4216.35571,4216.54603,4216.2848,4216.44184
2025-11-30 12:00:00+00:00,4216.34576,4216.5354,4216.28252,4216.41089
2025-11-30 16:00:00+00:00,4216.34576,4216.8431,4216.2683,4216.34338
2025-11-30 20:00:00+00:00,4216.34255,4230.28565,4202.4477,4223.73185
2025-12-01 00:00:00+00:00,4223.6895,4254.90569,4219.42204,4237.94898
2025-12-01 04:00:00+00:00,4237.56091,4246.72157,4217.32557,4245.59615
2025-12-01 08:00:00+00:00,4245.54673,4261.55839,4239.17041,4254.86767
2025-12-01 12:00:00+00:00,4254.77773,4265.37936,4216.45846,4232.13326
2025-12-01 16:00:00+00:00,4232.34125,4244.12235,4224.68087,4234.38252
2025-12-01 20:00:00+00:00,4234.45988,4242.3133,4225.35109,4227.76394
2025-12-02 00:00:00+00:00,4227.73383,4229.35848,4202.07267,4218.04688
2025-12-02 04:00:00+00:00,4217.86758,4226.73559,4203.27774,4211.28754
2025-12-02 08:00:00+00:00,4211.54782,4216.94098,4182.01864,4205.37041
2025-12-02 12:00:00+00:00,4205.33946,4229.44871,4167.30243,4168.91072
2025-12-02 16:00:00+00:00,4168.91173,4203.11584,4167.82739,4199.63913
2025-12-02 20:00:00+00:00,4199.64034,4215.38966,4195.68734,4213.26478
2025-12-03 00:00:00+00:00,4213.22682,4228.90206,4205.44146,4220.53289
2025-12-03 04:00:00+00:00,4220.32505,4224.99825,4199.9681,4207.27002
2025-12-03 08:00:00+00:00,4207.25281,4210.2925,4195.46917,4207.70291
2025-12-03 12:00:00+00:00,4207.70139,4243.15096,4205.5997,4219.78956
2025-12-03 16:00:00+00:00,4220.0177,4224.89252,4195.0201,4208.56484
2025-12-03 20:00:00+00:00,4208.55717,4212.82864,4202.62552,4206.87797
2025-12-04 00:00:00+00:00,4206.69023,4216.22408,4189.35055,4196.21337
2025-12-04 04:00:00+00:00,4196.17748,4198.9387,4176.80186,4192.54065
2025-12-04 08:00:00+00:00,4192.69391,4207.30861,4185.01861,4198.84342
2025-12-04 12:00:00+00:00,4198.73387,4211.65913,4186.14762,4206.90237
2025-12-04 16:00:00+00:00,4206.87077,4220.43,4200.4415,4208.77715
2025-12-04 20:00:00+00:00,4208.73724,4210.13852,4204.08113,4205.62922
2025-12-05 00:00:00+00:00,4205.65595,4211.13077,4195.39646,4209.16267
2025-12-05 04:00:00+00:00,4209.04978,4229.87591,4208.43464,4225.2664
2025-12-05 08:00:00+00:00,4225.19789,4227.00624,4216.85453,4223.68455
2025-12-05 12:00:00+00:00,4223.55813,4258.54495,4222.63719,4241.85833
2025-12-05 16:00:00+00:00,4241.64691,4245.25025,4197.78418,4207.63103
2025-12-05 20:00:00+00:00,4207.84169,4207.84169,4192.07322,4197.38099
2025-12-06 00:00:00+00:00,4197.37511,4197.55447,4197.29727,4197.42516
2025-12-06 04:00:00+00:00,4197.35631,4197.55658,4197.29878,4197.46437
2025-12-06 08:00:00+00:00,4197.37012,4197.56387,4197.30941,4197.42919
2025-12-06 12:00:00+00:00,4197.37485,4197.55116,4197.30653,4197.40394
2025-12-07 12:00:00+00:00,4197.36867,4197.55154,4197.31174,4197.35692
2025-12-07 16:00:00+00:00,4197.36867,4197.56019,4197.29437,4197.34601
2025-12-07 20:00:00+00:00,4197.37604,4205.29223,4197.1569,4201.89384
2025-12-08 00:00:00+00:00,4201.91362,4212.57558,4198.16878,4210.36658
2025-12-08 04:00:00+00:00,4210.28618,4218.46194,4205.30002,4207.57996
2025-12-08 08:00:00+00:00,4207.33447,4215.5261,4200.18955,4209.85876
2025-12-08 12:00:00+00:00,4209.81025,4215.35323,4175.24856,4183.02766
2025-12-08 16:00:00+00:00,4183.02278,4197.4653,4178.31987,4186.46637
2025-12-08 20:00:00+00:00,4186.39665,4195.40846,4185.34112,4194.79869
2025-12-09 00:00:00+00:00,4194.74323,4199.11969,4186.92843,4194.56649
2025-12-09 04:00:00+00:00,4194.46483,4195.70869,4171.40677,4182.38547
2025-12-09 08:00:00+00:00,4182.36773,4211.33657,4182.36773,4203.08487
2025-12-09 12:00:00+00:00,4202.96736,4215.60309,4190.04538,4213.10622
2025-12-09 16:00:00+00:00,4213.31873,4220.84751,4201.57555,4212.89339
2025-12-09 20:00:00+00:00,4212.73084,4215.38406,4207.71378,4210.97012
2025-12-10 00:00:00+00:00,4211.04252,4218.44963,4204.4224,4206.3677
2025-12-10 04:00:00+00:00,4206.38745,4214.08463,4202.07874,4203.84877
2025-12-10 08:00:00+00:00,4203.91217,4206.92266,4188.82842,4197.62462
2025-12-10 12:00:00+00:00,4197.60819,4206.5259,4186.88747,4192.73867
2025-12-10 16:00:00+00:00,4192.63148,4219.56716,4182.65249,4215.85221
2025-12-10 20:00:00+00:00,4215.87471,4238.50478,4213.78851,4232.28133
2025-12-11 00:00:00+00:00,4232.20572,4246.81092,4207.74954,4216.93536
2025-12-11 04:00:00+00:00,4217.07507,4218.7636,4204.46736,4216.41584
2025-12-11 08:00:00+00:00,4216.35176,4225.45599,4210.76371,4211.58849
2025-12-11 12:00:00+00:00,4211.50242,4260.85641,4206.94669,4253.80102
2025-12-11 16:00:00+00:00,4253.58896,4287.12029,4252.92914,4273.56204
2025-12-11 20:00:00+00:00,4273.60179,4283.44937,4262.88495,4275.29004
2025-12-12 00:00:00+00:00,4274.95706,4279.62225,4265.19011,4271.03266
2025-12-12 04:00:00+00:00,4270.99525,4289.95691,4266.50962,4286.8777
2025-12-12 08:00:00+00:00,4287.03347,4339.50677,4286.78505,4337.97495
2025-12-12 12:00:00+00:00,4337.91068,4352.66531,4283.06741,4287.31759
2025-12-12 16:00:00+00:00,4286.39878,4303.75983,4259.01477,4296.83443
2025-12-12 20:00:00+00:00,4296.78407,4304.4202,4289.06841,4302.50425
2025-12-13 00:00:00+00:00,4302.41133,4302.61942,4302.34612,4302.45397
2025-12-13 04:00:00+00:00,4302.41237,4302.61685,4302.34724,4302.40686
2025-12-13 08:00:00+00:00,4302.42438,4302.61544,4302.35526,4302.39279
2025-12-13 12:00:00+00:00,4302.41915,4302.61383,4302.35747,4302.40463
2025-12-14 12:00:00+00:00,4302.42429,4302.61175,4302.36597,4302.4528
2025-12-14 16:00:00+00:00,4302.42429,4302.61883,4302.36226,4302.5204
2025-12-14 20:00:00+00:00,4302.43395,4307.44599,4299.11282,4302.18918
2025-12-15 00:00:00+00:00,4302.13315,4329.37125,4300.4328,4327.00163
2025-12-15 04:00:00+00:00,4327.01158,4347.3734,4322.97943,4340.58517
2025-12-15 08:00:00+00:00,4340.48093,4350.09414,4335.8044,4342.82424
2025-12-15 12:00:00+00:00,4342.66624,4348.0267,4311.74165,4318.55647
2025-12-15 16:00:00+00:00,4318.40946,4318.57203,4286.91234,4314.55996
2025-12-15 20:00:00+00:00,4314.60283,4314.65667,4301.39444,4304.10608
2025-12-16 00:00:00+00:00,4304.15213,4317.70331,4279.20941,4291.18551
2025-12-16 04:00:00+00:00,4291.0095,4292.04824,4268.69498,4287.48106
2025-12-16 08:00:00+00:00,4287.44922,4288.62068,4273.72227,4278.45556
2025-12-16 12:00:00+00:00,4278.49175,4334.17857,4277.44874,4323.46384
2025-12-16 16:00:00+00:00,4323.24791,4323.43142,4294.66696,4310.06308
2025-12-16 20:00:00+00:00,4310.3026,4314.93921,4301.10812,4307.99322
2025-12-17 00:00:00+00:00,4307.94046,4326.8881,4307.94046,4324.04947
2025-12-17 04:00:00+00:00,4323.96351,4342.32507,4316.15576,4318.87199
2025-12-17 08:00:00+00:00,4318.79536,4322.78079,4309.2328,4316.63331
2025-12-17 12:00:00+00:00,4316.62255,4348.63257,4315.31014,4331.72501
2025-12-17 16:00:00+00:00,4331.56354,4346.2257,4322.71796,4336.82339
2025-12-17 20:00:00+00:00,4336.87959,4346.60589,4335.39708,4339.38318
2025-12-18 00:00:00+00:00,4339.31787,4342.94002,4324.69663,4333.37411
2025-12-18 04:00:00+00:00,4333.37744,4338.13507,4328.28314,4332.41737
2025-12-18 08:00:00+00:00,4332.3887,4332.42746,4320.95035,4325.55319
2025-12-18 12:00:00+00:00,4325.43508,4342.03806,4308.87716,4337.48804
2025-12-18 16:00:00+00:00,4337.36256,4376.2737,4323.07209,4325.06663
2025-12-18 20:00:00+00:00,4324.94935,4337.89949,4324.94935,4334.94855
2025-12-19 00:00:00+00:00,4334.83679,4335.65595,4311.66104,4318.62508
2025-12-19 04:00:00+00:00,4318.57421,4329.924,4317.45906,4323.39602
2025-12-19 08:00:00+00:00,4323.38404,4332.49375,4320.61129,4327.2525
2025-12-19 12:00:00+00:00,4327.20897,4348.66343,4320.04353,4348.66343
2025-12-19 16:00:00+00:00,4348.18595,4356.27683,4340.70522,4345.9183
2025-12-19 20:00:00+00:00,4345.83332,4346.01548,4336.79635,4338.51888
2025-12-20 00:00:00+00:00,4338.53784,4338.72866,4338.4732,4338.51056
2025-12-20 04:00:00+00:00,4338.53748,4338.73428,4338.46955,4338.56342
2025-12-20 08:00:00+00:00,4338.53835,4338.72685,4338.4752,4338.62178
2025-12-20 12:00:00+00:00,4338.53621,4338.72953,4338.47929,4338.63147
2025-12-21 12:00:00+00:00,4338.53784,4338.7268,4338.47896,4338.62671
2025-12-21 16:00:00+00:00,4338.53784,4338.7268,4338.45602,4338.55589
2025-12-21 20:00:00+00:00,4338.52403,4355.28373,4338.17759,4354.8705
2025-12-22 00:00:00+00:00,4354.27727,4394.84532,4354.27727,4392.86757
2025-12-22 04:00:00+00:00,4392.8058,4419.54695,4391.6282,4413.95775
2025-12-22 08:00:00+00:00,4414.23531,4415.31075,4406.8798,4409.97775
2025-12-22 12:00:00+00:00,4410.07192,4435.32196,4406.80974,4433.52461
2025-12-22 16:00:00+00:00,4433.65503,4443.81931,4428.2194,4433.70172
2025-12-22 20:00:00+00:00,4433.51735,4461.83474,4431.79418,4460.22019
2025-12-23 00:00:00+00:00,4460.24028,4498.40302,4458.37144,4486.08554
2025-12-23 04:00:00+00:00,4485.91779,4488.6907,4469.25347,4487.50971
2025-12-23 08:00:00+00:00,4487.43083,4493.9814,4478.96225,4493.68188
2025-12-23 12:00:00+00:00,4493.71507,4497.34617,4433.31517,4457.31793
2025-12-23 16:00:00+00:00,4457.20897,4495.38066,4456.92251,4491.60078
2025-12-23 20:00:00+00:00,4491.63223,4509.6115,4483.86587,4504.51988
2025-12-24 00:00:00+00:00,4504.66139,4525.85005,4472.13147,4493.05143
2025-12-24 04:00:00+00:00,4492.93931,4501.14705,4484.42448,4484.96081
2025-12-24 08:00:00+00:00,4484.99029,4499.64488,4480.1294,4491.48647
2025-12-24 12:00:00+00:00,4491.58463,4495.86464,4451.05034,4459.55285
2025-12-24 16:00:00+00:00,4459.79196,4487.22215,4455.56777,4479.69441
2025-12-24 20:00:00+00:00,4479.62632,4479.89474,4479.00292,4479.52878
2025-12-25 00:00:00+00:00,4479.40985,4480.30097,4479.16956,4479.6916
2025-12-25 04:00:00+00:00,4479.62643,4480.72434,4479.20529,4479.65395
2025-12-25 08:00:00+00:00,4479.65374,4479.82366,4479.55967,4479.59502
2025-12-25 12:00:00+00:00,4479.6281,4479.82129,4479.55984,4479.62974
2025-12-25 16:00:00+00:00,4479.62408,4479.82129,4479.56186,4479.69741
2025-12-25 20:00:00+00:00,4479.62443,4499.6212,4476.55334,4494.48267
2025-12-26 00:00:00+00:00,4494.61722,4536.13391,4492.20184,4503.32894
2025-12-26 04:00:00+00:00,4503.1949,4519.40414,4501.73371,4510.93554
2025-12-26 08:00:00+00:00,4510.92533,4523.23484,4504.24349,4508.51858
2025-12-26 12:00:00+00:00,4508.6527,4547.31469,4507.13931,4546.34391
2025-12-26 16:00:00+00:00,4546.27739,4550.78973,4511.31162,4523.58231
2025-12-26 20:00:00+00:00,4523.48301,4534.74851,4522.15204,4532.60326
2025-12-27 00:00:00+00:00,4532.62433,4532.82397,4532.55628,4532.66182
2025-12-27 04:00:00+00:00,4532.62105,4532.82472,4532.55626,4532.72333
2025-12-27 08:00:00+00:00,4532.62742,4532.83197,4532.55961,4532.71359
2025-12-27 12:00:00+00:00,4532.62557,4532.81822,4532.55357,4532.69019
2025-12-28 12:00:00+00:00,4532.61899,4532.81646,4532.5575,4532.63818
2025-12-28 16:00:00+00:00,4532.61899,4532.8813,4531.44651,4532.58587
2025-12-28 20:00:00+00:00,4532.61769,4547.90835,4524.66626,4527.24371
2025-12-29 00:00:00+00:00,4527.73041,4527.73041,4478.18165,4516.43634
2025-12-29 04:00:00+00:00,4516.46255,4521.37036,4452.29596,4475.06894
2025-12-29 08:00:00+00:00,4474.82888,4487.17543,4437.97194,4443.4338
2025-12-29 12:00:00+00:00,4444.01586,4469.14857,4307.57154,4327.50703
2025-12-29 16:00:00+00:00,4327.67773,4348.90206,4312.94161,4337.36579
2025-12-29 20:00:00+00:00,4337.39758,4346.32068,4325.67935,4346.23828
2025-12-30 00:00:00+00:00,4346.13232,4368.89977,4327.84253,4358.67787
2025-12-30 04:00:00+00:00,4358.66821,4383.20705,4357.96031,4371.66231
2025-12-30 08:00:00+00:00,4371.62186,4390.83312,4350.85951,4384.51743
2025-12-30 12:00:00+00:00,4384.46557,4405.82213,4355.42705,4367.2504
2025-12-30 16:00:00+00:00,4367.45885,4380.48812,4339.77076,4346.71282
2025-12-30 20:00:00+00:00,4346.83879,4354.98345,4331.26766,4339.06765
2025-12-31 00:00:00+00:00,4338.8254,4372.76325,4332.94056,4348.25485
2025-12-31 04:00:00+00:00,4348.15308,4350.76721,4279.06735,4331.21104
2025-12-31 08:00:00+00:00,4331.06406,4336.84017,4303.67542,4311.2298
2025-12-31 12:00:00+00:00,4311.15644,4352.58769,4303.69981,4336.93622
2025-12-31 16:00:00+00:00,4336.79504,4339.0415,4309.62961,4311.26879
2025-12-31 20:00:00+00:00,4311.23326,4326.44321,4304.69385,4315.11299
2026-01-01 00:00:00+00:00,4315.09344,4315.28306,4315.02976,4315.06024
2026-01-01 04:00:00+00:00,4315.08957,4315.28307,4314.93394,4315.07818
2026-01-01 08:00:00+00:00,4315.09366,4315.28307,4315.03148,4315.1375
2026-01-01 12:00:00+00:00,4315.08957,4315.28308,4315.031,4315.18436
2026-01-01 16:00:00+00:00,4315.08957,4316.6264,4314.86277,4315.16528
2026-01-01 20:00:00+00:00,4315.0866,4351.67314,4312.99577,4349.52173
2026-01-02 00:00:00+00:00,4349.63592,4376.202,4341.36529,4374.80965
2026-01-02 04:00:00+00:00,4374.92737,4383.51979,4371.0976,4383.11653
2026-01-02 08:00:00+00:00,4383.16958,4399.5895,4380.91719,4392.52596
2026-01-02 12:00:00+00:00,4392.44851,4402.87822,4330.45069,4336.03755
2026-01-02 16:00:00+00:00,4335.97865,4336.02904,4310.36817,4319.3054
2026-01-02 20:00:00+00:00,4319.10312,4334.91082,4315.21198,4330.56561
2026-01-03 00:00:00+00:00,4330.49282,4330.68125,4330.43218,4330.58943
2026-01-03 04:00:00+00:00,4330.49248,4330.68124,4330.42843,4330.54761
2026-01-03 08:00:00+00:00,4330.49313,4330.68335,4330.42909,4330.47902
2026-01-03 12:00:00+00:00,4330.48907,4330.68336,4330.43095,4330.47347
2026-01-04 12:00:00+00:00,4330.49282,4330.68149,4330.43409,4330.46289
2026-01-04 16:00:00+00:00,4330.49282,4331.70186,4330.26423,4330.51407
2026-01-04 20:00:00+00:00,4330.49629,4376.85736,4329.27104,4373.04071
2026-01-05 00:00:00+00:00,4372.89232,4418.42313,4370.78191,4402.37387
2026-01-05 04:00:00+00:00,4402.7892,4425.0637,4397.82225,4421.77092
2026-01-05 08:00:00+00:00,4421.92237,4440.10956,4411.10603,4420.27949
2026-01-05 12:00:00+00:00,4420.34027,4454.41557,4397.88081,4448.51488
2026-01-05 16:00:00+00:00,4448.44156,4454.10517,4435.00358,4440.26689
2026-01-05 20:00:00+00:00,4440.19627,4459.21378,4438.79193,4441.00984
2026-01-06 00:00:00+00:00,4440.61519,4468.0174,4429.30632,4467.40919
2026-01-06 04:00:00+00:00,4467.39888,4473.43839,4451.56993,4460.02082
2026-01-06 08:00:00+00:00,4459.96051,4476.96083,4443.91133,4463.11257
2026-01-06 12:00:00+00:00,4462.91089,4488.92991,4455.0664,4475.87364
2026-01-06 16:00:00+00:00,4475.48166,4493.57837,4473.85178,4481.54678
2026-01-06 20:00:00+00:00,4481.4641,4500.4487,4481.03011,4493.25249
2026-01-07 00:00:00+00:00,4493.19976,4494.03343,4461.12241,4474.4531
2026-01-07 04:00:00+00:00,4474.23291,4474.94649,4442.58473,4461.80042
2026-01-07 08:00:00+00:00,4461.76631,4474.22481,4447.31923,4447.31923
2026-01-07 12:00:00+00:00,4447.5989,4455.87456,4425.27169,4443.04678
2026-01-07 16:00:00+00:00,4443.22508,4468.78535,4443.01802,4457.24727
2026-01-07 20:00:00+00:00,4457.36735,4464.06195,4450.2087,4463.73056
2026-01-08 00:00:00+00:00,4463.65589,4466.13399,4431.25487,4440.59412
2026-01-08 04:00:00+00:00,4440.5195,4440.60255,4415.56752,4431.5144
2026-01-08 08:00:00+00:00,4431.45613,4434.97311,4419.80427,4423.31686
2026-01-08 12:00:00+00:00,4423.58894,4454.70421,4407.90536,4451.40461
2026-01-08 16:00:00+00:00,4451.062,4464.25821,4445.09004,4451.55911
2026-01-08 20:00:00+00:00,4451.60002,4483.72578,4451.56766,4475.42944
2026-01-09 00:00:00+00:00,4475.4063,4476.49597,4454.05918,4465.00507
2026-01-09 04:00:00+00:00,4464.98334,4476.094,4458.99758,4470.3062
2026-01-09 08:00:00+00:00,4470.23819,4477.4769,4464.66724,4475.92804
2026-01-09 12:00:00+00:00,4475.80119,4515.83105,4462.97996,4511.49501
2026-01-09 16:00:00+00:00,4511.69845,4514.20875,4483.06142,4499.75264
2026-01-09 20:00:00+00:00,4499.90988,4511.053,4497.61855,4509.79
2026-01-10 00:00:00+00:00,4509.81268,4510.00705,4509.74743,4509.78257
2026-01-10 04:00:00+00:00,4509.80821,4510.00901,4509.74592,4509.84246
2026-01-10 08:00:00+00:00,4509.81064,4510.00787,4509.74537,4509.9025
2026-01-10 12:00:00+00:00,4509.81048,4510.01116,4509.73316,4509.90734
2026-01-10 16:00:00+00:00,4509.81471,4510.01116,4509.75351,4509.84807
2026-01-10 20:00:00+00:00,4509.81471,4510.01591,4509.75148,4509.78717
2026-01-11 00:00:00+00:00,4509.81268,4510.00913,4509.75148,4509.78917
2026-01-11 04:00:00+00:00,4509.81268,4510.00913,4509.75148,4509.84985
2026-01-11 08:00:00+00:00,4509.81268,4510.00914,4509.75149,4509.9071
2026-01-11 12:00:00+00:00,4509.81268,4510.00914,4509.75149,4509.90232
2026-01-11 16:00:00+00:00,4509.81268,4510.04601,4509.71232,4509.83173
2026-01-11 20:00:00+00:00,4509.80434,4543.82187,4509.22139,4539.60612
2026-01-12 00:00:00+00:00,4539.55623,4599.1113,4538.13307,4570.76147
2026-01-12 04:00:00+00:00,4570.69422,4589.33155,4563.03017,4588.62366
2026-01-12 08:00:00+00:00,4588.1588,4600.50466,4579.32168,4583.62234
2026-01-12 12:00:00+00:00,4583.41223,4627.03456,4578.45832,4621.94611
2026-01-12 16:00:00+00:00,4621.88023,4631.59455,4600.17114,4611.33102
2026-01-12 20:00:00+00:00,4611.36907,4611.4226,4579.51186,4597.86865
2026-01-13 00:00:00+00:00,4597.8441,4598.50461,4575.67327,4593.96495
2026-01-13 04:00:00+00:00,4593.80645,4601.2469,4574.39161,4581.83141
2026-01-13 08:00:00+00:00,4581.75423,4595.90679,4580.67109,4588.271
2026-01-13 12:00:00+00:00,4588.28715,4632.91936,4579.01754,4619.57623
2026-01-13 16:00:00+00:00,4619.50673,4619.98414,4580.44554,4597.7796
2026-01-13 20:00:00+00:00,4597.55208,4598.98327,4571.4012,4597.42364
2026-01-14 00:00:00+00:00,4597.50371,4631.57109,4597.43426,4628.78429
2026-01-14 04:00:00+00:00,4628.76165,4640.63347,4621.00045,4633.16171
2026-01-14 08:00:00+00:00,4633.01843,4639.01586,4623.34092,4629.42976
2026-01-14 12:00:00+00:00,4629.80922,4639.38287,4602.63168,4617.84888
2026-01-14 16:00:00+00:00,4617.82918,4641.32613,4603.18714,4639.42556
2026-01-14 20:00:00+00:00,4639.51866,4641.81025,4605.43514,4615.36146
2026-01-15 00:00:00+00:00,4615.41015,4618.0348,4583.55618,4592.32058
2026-01-15 04:00:00+00:00,4592.34412,4614.39904,4581.64955,4601.78438
2026-01-15 08:00:00+00:00,4601.61312,4622.32143,4598.78737,4619.17249
2026-01-15 12:00:00+00:00,4619.24646,4620.35641,4584.67593,4615.68546
2026-01-15 16:00:00+00:00,4615.68066,4623.85265,4602.58275,4615.51073
2026-01-15 20:00:00+00:00,4615.42757,4620.04425,4599.26038,4610.18987
2026-01-16 00:00:00+00:00,4610.10755,4610.84419,4590.48532,4596.64022
2026-01-16 04:00:00+00:00,4596.59473,4615.14936,4594.24971,4608.22345
2026-01-16 08:00:00+00:00,4607.97438,4615.75964,4598.76454,4612.82481
2026-01-16 12:00:00+00:00,4612.74575,4620.35762,4533.25987,4571.87435
2026-01-16 16:00:00+00:00,4571.71865,4597.49552,4571.71865,4590.58565
2026-01-16 20:00:00+00:00,4590.53336,4597.8108,4579.84926,4595.35042
2026-01-17 00:00:00+00:00,4595.26053,4595.46743,4595.19255,4595.35845
2026-01-17 04:00:00+00:00,4595.25967,4595.46744,4595.19294,4595.30177
2026-01-17 08:00:00+00:00,4595.26008,4595.48225,4595.19287,4595.2538
2026-01-17 12:00:00+00:00,4595.27583,4595.4819,4595.21075,4595.2521
2026-01-17 16:00:00+00:00,4595.27991,4595.48014,4595.21767,4595.30975
2026-01-17 20:00:00+00:00,4595.27991,4595.48014,4595.21131,4595.36604
2026-01-18 00:00:00+00:00,4595.27358,4595.47381,4595.21131,4595.36887
2026-01-18 04:00:00+00:00,4595.27358,4595.47381,4595.21132,4595.30944
2026-01-18 08:00:00+00:00,4595.27358,4595.47381,4595.21133,4595.24858
2026-01-18 12:00:00+00:00,4595.27358,4595.47381,4595.21133,4595.24858
2026-01-18 16:00:00+00:00,4595.27358,4595.67224,4595.07714,4595.28796
2026-01-18 20:00:00+00:00,4595.25035,4686.1434,4588.36075,4673.97671
2026-01-19 00:00:00+00:00,4673.6838,4682.37822,4654.35475,4658.84722
2026-01-19 04:00:00+00:00,4658.78566,4678.69919,4658.74172,4665.45579
2026-01-19 08:00:00+00:00,4665.36889,4673.88271,4659.94839,4662.30565
2026-01-19 12:00:00+00:00,4662.54141,4676.41937,4659.69519,4675.20068
2026-01-19 16:00:00+00:00,4675.10795,4680.90495,4668.18044,4670.82045
2026-01-19 20:00:00+00:00,4670.79201,4678.06613,4664.81457,4666.00155
2026-01-20 00:00:00+00:00,4665.93253,4682.13245,4660.31632,4680.37885
2026-01-20 04:00:00+00:00,4680.47109,4721.80243,4680.10204,4715.61787
2026-01-20 08:00:00+00:00,4715.48201,4737.01288,4714.93162,4732.31131
2026-01-20 12:00:00+00:00,4732.19687,4749.88029,4715.64562,4735.97456
2026-01-20 16:00:00+00:00,4735.91726,4767.45217,4729.10885,4760.79846
2026-01-20 20:00:00+00:00,4760.69265,4779.5704,4747.79286,4776.21189
2026-01-21 00:00:00+00:00,4776.08355,4847.6715,4771.00542,4845.05651
2026-01-21 04:00:00+00:00,4845.04038,4885.77139,4831.05262,4855.44592
2026-01-21 08:00:00+00:00,4855.33843,4876.12195,4853.0167,4865.12302
2026-01-21 12:00:00+00:00,4865.15569,4880.1355,4819.83543,4850.1838
2026-01-21 16:00:00+00:00,4849.89978,4853.65774,4759.61082,4780.28158
2026-01-21 20:00:00+00:00,4780.26923,4840.2529,4775.0818,4780.9494
2026-01-22 00:00:00+00:00,4780.61764,4807.90878,4775.24505,4796.12036
2026-01-22 04:00:00+00:00,4795.93352,4837.92825,4793.64429,4833.94215
2026-01-22 08:00:00+00:00,4833.58747,4837.02706,4815.16206,4832.39065
2026-01-22 12:00:00+00:00,4832.49187,4872.83234,4809.25849,4869.58509
2026-01-22 16:00:00+00:00,4870.01339,4923.18891,4868.58218,4911.86931
2026-01-22 20:00:00+00:00,4911.87195,4959.5326,4911.87195,4958.22997
2026-01-23 00:00:00+00:00,4958.12665,4964.98556,4939.35647,4952.25927
2026-01-23 04:00:00+00:00,4952.23596,4967.57375,4944.17205,4945.19236
2026-01-23 08:00:00+00:00,4945.22884,4947.53921,4902.18615,4923.05946
2026-01-23 12:00:00+00:00,4922.67972,4963.64596,4921.31441,4959.14469
2026-01-23 16:00:00+00:00,4959.09924,4990.21326,4958.60674,4984.67331
2026-01-23 20:00:00+00:00,4984.87402,4986.59233,4972.26855,4982.40009
2026-01-24 00:00:00+00:00,4982.41442,4982.63423,4982.33976,4982.37716
2026-01-24 04:00:00+00:00,4982.41116,4982.63376,4982.33704,4982.42877
2026-01-24 08:00:00+00:00,4982.40922,4982.63413,4982.33218,4982.49587
2026-01-24 12:00:00+00:00,4982.40454,4982.64402,4982.34468,4982.53618
2026-01-24 16:00:00+00:00,4982.42698,4982.64401,4982.35937,4982.4814
2026-01-24 20:00:00+00:00,4982.42698,4982.64401,4982.35937,4982.40917
2026-01-25 00:00:00+00:00,4982.42698,4982.644,4982.35937,4982.39342
2026-01-25 04:00:00+00:00,4982.42698,4982.644,4982.35936,4982.45026
2026-01-25 08:00:00+00:00,4982.42698,4982.64399,4982.35936,4982.52152
2026-01-25 12:00:00+00:00,4982.42698,4982.64399,4982.35936,4982.53427
2026-01-25 16:00:00+00:00,4982.42698,4984.37168,4981.87684,4982.45467
2026-01-25 20:00:00+00:00,4982.40644,5039.18582,4979.13611,5039.16362
2026-01-26 00:00:00+00:00,5039.11443,5091.62984,5030.10014,5075.54527
2026-01-26 04:00:00+00:00,5075.6593,5108.49956,5052.61166,5089.79523
2026-01-26 08:00:00+00:00,5089.7835,5097.99316,5077.21542,5091.32139
2026-01-26 12:00:00+00:00,5091.20092,5097.7299,5056.00428,5092.40917
2026-01-26 16:00:00+00:00,5092.30835,5104.90126,5013.25524,5029.16284
2026-01-26 20:00:00+00:00,5029.23113,5061.68997,4999.05307,5046.14285
2026-01-27 00:00:00+00:00,5046.60453,5080.08706,5017.52393,5077.45369
2026-01-27 04:00:00+00:00,5077.3057,5102.59816,5058.67295,5087.91951
2026-01-27 08:00:00+00:00,5088.04553,5099.37682,5068.50613,5077.44213
2026-01-27 12:00:00+00:00,5077.51671,5092.69521,5051.13522,5085.97078
2026-01-27 16:00:00+00:00,5085.52939,5102.02246,5077.42801,5099.19537
2026-01-27 20:00:00+00:00,5099.1982,5191.00232,5098.86184,5171.86645
2026-01-28 00:00:00+00:00,5171.76974,5246.42731,5159.49412,5234.88439
2026-01-28 04:00:00+00:00,5234.83781,5291.33209,5232.88509,5290.66409
2026-01-28 08:00:00+00:00,5290.96175,5312.93213,5245.93183,5261.51413
2026-01-28 12:00:00+00:00,5261.56075,5296.31763,5249.61746,5278.91001
2026-01-28 16:00:00+00:00,5278.79385,5329.23026,5270.94374,5327.17903
2026-01-28 20:00:00+00:00,5326.98804,5589.6163,5323.99575,5518.91913
2026-01-29 00:00:00+00:00,5521.22799,5550.58673,5453.04102,5546.72951
2026-01-29 04:00:00+00:00,5546.6838,5597.22988,5521.64986,5548.48862
2026-01-29 08:00:00+00:00,5548.57289,5552.89107,5474.50772,5522.88201
2026-01-29 12:00:00+00:00,5523.07133,5547.5297,5122.5375,5185.84741
2026-01-29 16:00:00+00:00,5186.17702,5373.55647,5179.3754,5310.53137
2026-01-29 20:00:00+00:00,5308.49315,5445.19697,5286.87041,5438.94578
2026-01-30 00:00:00+00:00,5439.18263,5451.71009,5128.9908,5197.61021
2026-01-30 04:00:00+00:00,5197.23917,5240.75811,5126.99068,5179.87405
2026-01-30 08:00:00+00:00,5180.2238,5180.2238,4951.91327,5134.17214
2026-01-30 12:00:00+00:00,5133.21282,5141.49022,4984.69542,5051.45062
2026-01-30 16:00:00+00:00,5050.97179,5051.41567,4706.06585,4940.66781
2026-01-30 20:00:00+00:00,4943.36462,4943.36462,4829.73898,4865.4488
2026-01-31 00:00:00+00:00,4865.35661,4865.60224,4865.25411,4865.38255
2026-01-31 04:00:00+00:00,4865.3514,4865.61224,4865.27065,4865.32657
2026-01-31 08:00:00+00:00,4865.35636,4865.59592,4865.26173,4865.3609
2026-01-31 12:00:00+00:00,4865.38549,4865.60144,4865.2891,4865.40057
2026-01-31 16:00:00+00:00,4865.35613,4865.56813,4865.29022,4865.45982
2026-01-31 20:00:00+00:00,4865.35613,4865.56813,4865.29022,4865.45029
2026-02-01 00:00:00+00:00,4865.35613,4865.56813,4865.29021,4865.38174
2026-02-01 04:00:00+00:00,4865.35613,4865.56813,4865.2902,4865.32433
2026-02-01 08:00:00+00:00,4865.35613,4865.56813,4865.29019,4865.33682
2026-02-01 12:00:00+00:00,4865.35613,4865.56813,4865.29019,4865.40642
2026-02-01 16:00:00+00:00,4865.35613,4865.59398,4865.28403,4865.45954
2026-02-01 20:00:00+00:00,4865.35405,4875.84344,4693.42718,4744.41692
2026-02-02 00:00:00+00:00,4745.30624,4879.10052,4625.43033,4646.92504
2026-02-02 04:00:00+00:00,4647.29916,4708.33078,4410.8453,4593.38239
2026-02-02 08:00:00+00:00,4593.77757,4778.18342,4564.46448,4763.52697
2026-02-02 12:00:00+00:00,4764.8595,4812.44631,4625.53877,4625.53877
2026-02-02 16:00:00+00:00,4626.56995,4712.75212,4605.20706,4687.13788
2026-02-02 20:00:00+00:00,4685.64115,4774.42609,4647.23171,4772.4534
2026-02-03 00:00:00+00:00,4772.338,4854.02918,4746.45067,4809.93917
2026-02-03 04:00:00+00:00,4809.84593,4931.66835,4804.19234,4918.39003
2026-02-03 08:00:00+00:00,4918.26387,4943.55226,4879.83837,4914.32335
2026-02-03 12:00:00+00:00,4913.69903,4948.74094,4895.01338,4932.85977
2026-02-03 16:00:00+00:00,4932.79574,4993.13125,4879.40351,4926.47711
2026-02-03 20:00:00+00:00,4926.18518,4972.2359,4906.67906,4947.88399
2026-02-04 00:00:00+00:00,4948.25108,5074.17083,4947.87068,5069.54366
2026-02-04 04:00:00+00:00,5069.45662,5090.97076,5053.10733,5087.86973
2026-02-04 08:00:00+00:00,5087.83013,5090.59261,5017.15369,5048.52803
2026-02-04 12:00:00+00:00,5048.59959,5065.25523,4905.3436,4921.82875
2026-02-04 16:00:00+00:00,4921.82026,4959.18026,4863.23494,4941.50845
2026-02-04 20:00:00+00:00,4941.44978,5024.78529,4918.70715,5010.78829
2026-02-05 00:00:00+00:00,5011.17578,5019.80524,4799.80156,4876.85635
2026-02-05 04:00:00+00:00,4877.99108,4936.03288,4836.93992,4917.16143
2026-02-05 08:00:00+00:00,4916.92828,4944.17513,4847.54738,4868.41526
2026-02-05 12:00:00+00:00,4868.36366,4876.33907,4798.77728,4812.86473
2026-02-05 16:00:00+00:00,4813.42243,4913.09643,4812.71355,4831.82164
2026-02-05 20:00:00+00:00,4830.27158,4844.7768,4702.30329,4704.34443
2026-02-06 00:00:00+00:00,4704.49039,4841.76707,4654.91557,4825.17997
2026-02-06 04:00:00+00:00,4825.17513,4899.48713,4809.20533,4843.3913
2026-02-06 08:00:00+00:00,4843.04664,4894.84706,4824.43303,4892.7357
2026-02-06 12:00:00+00:00,4893.66083,4960.15145,4874.71489,4941.48424
2026-02-06 16:00:00+00:00,4941.46203,4972.30477,4927.49088,4957.75097
2026-02-06 20:00:00+00:00,4957.64609,4964.08055,4938.91135,4959.05485
2026-02-07 00:00:00+00:00,4959.02806,4959.26106,4958.95147,4959.01339
2026-02-07 04:00:00+00:00,4959.04463,4959.24918,4958.95148,4959.01417
2026-02-07 08:00:00+00:00,4959.03441,4959.25404,4958.95148,4959.07286
2026-02-07 12:00:00+00:00,4959.02113,4959.23978,4958.95149,4959.12674
2026-02-07 16:00:00+00:00,4959.01867,4959.23475,4958.9515,4959.11017
2026-02-07 20:00:00+00:00,4959.01867,4999.061757,4958.9515,4991.66283
2026-02-08 00:00:00+00:00,4992.19799,5003.80416,4985.17216,4998.68846
2026-02-08 04:00:00+00:00,4998.6826,5028.17538,4995.45828,5003.50069
2026-02-08 08:00:00+00:00,5006.061828,5021.81515,4991.31742,5000.041958
2026-02-08 12:00:00+00:00,5002.5653,5013.64245,4996.90679,4999.83102
2026-02-08 16:00:00+00:00,5000.36919,5018.11517,4998.41906,5011.35623
2026-02-08 20:00:00+00:00,5010.62241,5050.78499,4981.15621,5042.50011
2026-02-09 00:00:00+00:00,5045.92925,5054.085029,4971.92857,5024.52719
2026-02-09 04:00:00+00:00,5022.27938,5052.34396,5004.57322,5012.88693
2026-02-09 08:00:00+00:00,5010.36379,5044.38143,4992.049086,5020.57344
2026-02-09 12:00:00+00:00,5021.18551,5071.5227,5006.3261,5067.39375
2026-02-09 16:00:00+00:00,5069.46008,5093.76098,5052.95556,5074.62168
2026-02-09 20:00:00+00:00,5074.60676,5084.15262,5002.86032,5032.02045
2026-02-10 00:00:00+00:00,5032.07752,5053.32037,5010.78607,5028.42142
2026-02-10 04:00:00+00:00,5028.13489,5045.66521,5013.80091,5033.87301
2026-02-10 08:00:00+00:00,5034.14024,5059.53972,5029.74037,5055.59999
2026-02-10 12:00:00+00:00,5055.39676,5077.46195,5006.86194,5022.52871
2026-02-10 16:00:00+00:00,5022.75045,5038.48034,5004.65571,5028.8494
2026-02-10 20:00:00+00:00,5028.88591,5052.28292,5021.08147,5041.73823
2026-02-11 00:00:00+00:00,5041.67789,5060.10814,5029.93115,5054.48655
2026-02-11 04:00:00+00:00,5054.20162,5067.91853,5043.86891,5055.70439
2026-02-11 08:00:00+00:00,5055.46001,5115.08244,5045.8521,5111.71968
2026-02-11 12:00:00+00:00,5111.41935,5115.80964,5040.39684,5060.77242
2026-02-11 16:00:00+00:00,5060.81697,5096.46176,5051.10471,5080.6557
2026-02-11 20:00:00+00:00,5080.93854,5101.36263,5061.31567,5063.99813
2026-02-12 00:00:00+00:00,5064.04615,5075.2475,5048.94191,5057.48865
2026-02-12 04:00:00+00:00,5057.50246,5077.15099,5048.74311,5064.51359
2026-02-12 08:00:00+00:00,5064.52448,5082.67533,5054.14343,5064.23255
2026-02-12 12:00:00+00:00,5064.10969,5082.39778,5041.50366,5067.2993
2026-02-12 16:00:00+00:00,5066.35096,5067.26712,4891.22479,4945.1794
2026-02-12 20:00:00+00:00,4944.9452,4947.45349,4892.56375,4918.33888
2026-02-13 00:00:00+00:00,4918.39136,4989.32637,4916.42402,4982.57158
2026-02-13 04:00:00+00:00,4982.63728,4997.13621,4947.03274,4974.73838
2026-02-13 08:00:00+00:00,4974.81152,4988.60001,4934.6717,4952.61446
2026-02-13 12:00:00+00:00,4952.90164,5022.76908,4952.32997,4977.9606
2026-02-13 16:00:00+00:00,4977.93562,5045.31285,4977.93562,5029.89519
2026-02-13 20:00:00+00:00,5029.60512,5044.24291,5023.95409,5043.20897
2026-02-14 00:00:00+00:00,5043.09616,5043.33273,5043.02176,5043.19573
2026-02-14 04:00:00+00:00,5043.11358,5043.34014,5043.02546,5043.10816
2026-02-14 08:00:00+00:00,5043.10365,5043.33642,5043.02452,5043.07084
2026-02-14 12:00:00+00:00,5043.10849,5043.31644,5043.02224,5043.08832
2026-02-14 16:00:00+00:00,5043.09069,5043.31034,5043.02225,5043.16482
2026-02-14 20:00:00+00:00,5043.09069,5043.31196,5043.01514,5043.20415
2026-02-15 00:00:00+00:00,5043.09069,5043.31035,5043.02225,5043.16607
2026-02-15 04:00:00+00:00,5043.09069,5043.31035,5043.02225,5043.08954
2026-02-15 08:00:00+00:00,5043.09069,5043.31036,5043.02225,5043.0529
2026-02-15 12:00:00+00:00,5043.09069,5043.31037,5043.02225,5043.09365
2026-02-15 16:00:00+00:00,5043.09069,5043.34381,5043.00674,5043.2085
2026-02-15 20:00:00+00:00,5043.13127,5044.13251,5015.42589,5020.55422
2026-02-16 00:00:00+00:00,5020.81773,5031.32799,4985.76554,4988.80768
2026-02-16 04:00:00+00:00,4988.83577,5009.74092,4968.76904,5007.62982
2026-02-16 08:00:00+00:00,5007.61871,5017.80731,4996.88136,5004.47328
2026-02-16 12:00:00+00:00,5004.45811,5006.47547,4971.61455,4980.40031
2026-02-16 16:00:00+00:00,4980.37523,4997.95104,4974.35797,4992.462
2026-02-16 20:00:00+00:00,4992.35719,4999.41567,4987.4217,4989.93804
2026-02-17 00:00:00+00:00,4990.00297,4990.71552,4927.47874,4957.40951
2026-02-17 04:00:00+00:00,4957.76156,4960.09834,4873.71174,4916.56841
2026-02-17 08:00:00+00:00,4916.46051,4944.18333,4910.56534,4926.38413
2026-02-17 12:00:00+00:00,4926.98669,4943.24879,4853.81988,4877.36571
2026-02-17 16:00:00+00:00,4877.40339,4905.88474,4853.25576,4881.25215
2026-02-17 20:00:00+00:00,4881.2785,4887.06553,4856.71848,4859.30316
2026-02-18 00:00:00+00:00,4858.92064,4921.42348,4858.92064,4921.02619
2026-02-18 04:00:00+00:00,4920.99417,4940.47034,4919.13451,4929.76913
2026-02-18 08:00:00+00:00,4929.66584,4932.21961,4907.00007,4912.89716
2026-02-18 12:00:00+00:00,4912.73238,5005.66034,4912.73238,4997.04707
2026-02-18 16:00:00+00:00,4996.87667,5008.54216,4972.33491,4980.67537
2026-02-18 20:00:00+00:00,4980.59213,4987.63848,4968.39495,4975.69606
2026-02-19 00:00:00+00:00,4975.99581,4982.60964,4960.9654,4982.39445
2026-02-19 04:00:00+00:00,4982.46425,5021.39962,4976.71778,5010.91346
2026-02-19 08:00:00+00:00,5010.78899,5022.36806,4979.87826,4985.30901
2026-02-19 12:00:00+00:00,4985.23611,5020.85328,4971.64534,5011.25993
2026-02-19 16:00:00+00:00,5011.45948,5014.86401,4976.2179,4987.51618
2026-02-19 20:00:00+00:00,4987.7054,5009.21412,4987.41025,4987.95137
2026-02-20 00:00:00+00:00,4988.28943,5015.5066,4982.65819,4989.65941
2026-02-20 04:00:00+00:00,4989.95837,5029.55572,4986.59719,5007.15693
2026-02-20 08:00:00+00:00,5007.0483,5041.00797,5006.54025,5017.69987
2026-02-20 12:00:00+00:00,5017.76266,5061.87711,4980.29089,5041.69832
2026-02-20 16:00:00+00:00,5041.60254,5079.5811,5041.44954,5079.40187
2026-02-20 20:00:00+00:00,5079.37865,5105.22068,5076.80371,5098.54982
2026-02-21 00:00:00+00:00,5098.5126,5098.74301,5098.42702,5098.47025
2026-02-21 04:00:00+00:00,5098.50024,5098.74308,5098.43156,5098.48756
2026-02-21 08:00:00+00:00,5098.51504,5098.74892,5098.43649,5098.55431
2026-02-21 12:00:00+00:00,5098.5117,5098.73758,5098.43907,5098.62101
2026-02-21 16:00:00+00:00,5098.51348,5098.73552,5098.44428,5098.61379
2026-02-21 20:00:00+00:00,5098.51348,5098.73552,5098.44428,5098.54303
2026-02-22 00:00:00+00:00,5098.51348,5098.73551,5098.44428,5098.48117
2026-02-22 04:00:00+00:00,5098.51348,5098.7355,5098.44428,5098.49151
2026-02-22 08:00:00+00:00,5098.51348,5098.73549,5098.44428,5098.56347
2026-02-22 12:00:00+00:00,5098.51348,5098.7355,5098.44428,5098.62341
2026-02-22 16:00:00+00:00,5098.51348,5098.73551,5098.43388,5098.59632
2026-02-22 20:00:00+00:00,5098.50048,5170.04831,5098.189,5166.85758
2026-02-23 00:00:00+00:00,5165.30204,5176.33935,5132.23054,5167.47706
2026-02-23 04:00:00+00:00,5167.52703,5168.18709,5123.74958,5137.11453
2026-02-23 08:00:00+00:00,5137.10186,5163.21409,5120.90226,5150.72559
2026-02-23 12:00:00+00:00,5150.61055,5205.1531,5145.11994,5197.36227
2026-02-23 16:00:00+00:00,5196.81954,5219.46186,5180.70973,5215.65797
2026-02-23 20:00:00+00:00,5215.69065,5250.6274,5215.69065,5237.20446
2026-02-24 00:00:00+00:00,5237.0091,5237.81437,5145.57714,5171.93234
2026-02-24 04:00:00+00:00,5172.25018,5186.10726,5155.80841,5180.64122
2026-02-24 08:00:00+00:00,5180.67816,5182.59057,5165.02942,5173.90109
2026-02-24 12:00:00+00:00,5174.02589,5174.02589,5100.79752,5149.59855
2026-02-24 16:00:00+00:00,5149.66081,5169.18285,5130.05124,5154.62888
2026-02-24 20:00:00+00:00,5154.62929,5173.714,5123.07465,5147.41723
2026-02-25 00:00:00+00:00,5147.31284,5194.01802,5139.28993,5182.98159
2026-02-25 04:00:00+00:00,5182.89515,5212.60354,5174.07407,5184.5777
2026-02-25 08:00:00+00:00,5184.95926,5196.49385,5151.8821,5181.23856
2026-02-25 12:00:00+00:00,5181.16306,5201.21081,5162.71665,5194.99566
2026-02-25 16:00:00+00:00,5194.9467,5218.1188,5190.80526,5205.26524
2026-02-25 20:00:00+00:00,5205.15431,5205.65282,5149.345,5165.51648
2026-02-26 00:00:00+00:00,5166.00789,5199.44857,5157.27328,5192.70326
2026-02-26 04:00:00+00:00,5192.78072,5204.53403,5179.84749,5187.24655
2026-02-26 08:00:00+00:00,5187.09091,5190.44804,5162.63145,5165.04247
2026-02-26 12:00:00+00:00,5164.8848,5193.99393,5127.32727,5185.15142
2026-02-26 16:00:00+00:00,5185.01731,5193.62745,5157.25665,5187.84755
2026-02-26 20:00:00+00:00,5187.77974,5200.87671,5178.96406,5184.0266
2026-02-27 00:00:00+00:00,5184.01361,5198.79784,5166.01681,5185.45614
2026-02-27 04:00:00+00:00,5185.42091,5200.04491,5177.37049,5177.81998
2026-02-27 08:00:00+00:00,5177.70987,5185.59252,5168.6627,5185.42855
2026-02-27 12:00:00+00:00,5185.3336,5244.55547,5184.20688,5242.16654
2026-02-27 16:00:00+00:00,5241.52505,5256.86705,5220.54363,5251.01854
2026-02-27 20:00:00+00:00,5250.99881,5280.2302,5249.91264,5277.94651
2026-02-28 00:00:00+00:00,5277.88302,5278.12647,5277.80326,5278.01119
2026-02-28 04:00:00+00:00,5277.89433,5278.12424,5277.80612,5277.97471
2026-02-28 08:00:00+00:00,5277.88319,5278.1209,5277.80345,5277.90197
2026-02-28 12:00:00+00:00,5277.88891,5278.1243,5277.81452,5277.85601
2026-02-28 16:00:00+00:00,5277.89433,5278.1243,5277.82283,5277.88359
2026-02-28 20:00:00+00:00,5277.89433,5278.1243,5277.82005,5277.9601
2026-03-01 00:00:00+00:00,5277.89155,5278.12152,5277.82004,5278.00957
2026-03-01 04:00:00+00:00,5277.89155,5278.12152,5277.82004,5277.97876
2026-03-01 08:00:00+00:00,5277.89155,5278.12152,5277.82003,5277.8992
2026-03-01 12:00:00+00:00,5277.89155,5278.12152,5277.82002,5277.85232
2026-03-01 16:00:00+00:00,5277.89155,5278.12724,5277.68405,5277.8835
2026-03-01 20:00:00+00:00,5277.88876,5388.62651,5277.51333,5386.65879
2026-03-02 00:00:00+00:00,5387.25127,5387.25127,5305.31064,5366.04365
2026-03-02 04:00:00+00:00,5365.91956,5417.76449,5343.043,5406.78938
2026-03-02 08:00:00+00:00,5406.67182,5417.59559,5378.72487,5383.46468
2026-03-02 12:00:00+00:00,5383.32243,5417.2044,5295.67361,5315.25595
2026-03-02 16:00:00+00:00,5313.43102,5342.30957,5267.50196,5330.94854
2026-03-02 20:00:00+00:00,5330.72524,5347.99613,5321.49959,5346.1562
2026-03-03 00:00:00+00:00,5346.25425,5378.90889,5337.12835,5366.85746
2026-03-03 04:00:00+00:00,5366.76661,5374.93233,5286.35834,5327.1419
2026-03-03 08:00:00+00:00,5327.10566,5335.79115,5073.56798,5149.6461
2026-03-03 12:00:00+00:00,5150.04404,5224.44678,4986.15049,5081.57056
2026-03-03 16:00:00+00:00,5080.70449,5146.21165,5069.63193,5113.42789
2026-03-03 20:00:00+00:00,5113.69812,5131.80567,5083.87185,5124.36911
2026-03-04 00:00:00+00:00,5124.13218,5189.02609,5105.47997,5175.06952
2026-03-04 04:00:00+00:00,5174.93761,5177.9999,5131.27031,5170.26469
2026-03-04 08:00:00+00:00,5170.05941,5200.58209,5149.14733,5193.16955
2026-03-04 12:00:00+00:00,5193.11685,5203.82419,5134.58475,5152.33672
2026-03-04 16:00:00+00:00,5152.21917,5162.63362,5111.92671,5136.55908
2026-03-04 20:00:00+00:00,5136.26707,5165.1965,5122.05259,5165.1965
2026-03-05 00:00:00+00:00,5165.28941,5194.57816,5161.10484,5179.04809
2026-03-05 04:00:00+00:00,5179.01361,5185.39697,5125.93942,5161.31487
2026-03-05 08:00:00+00:00,5161.34019,5181.26553,5138.41075,5163.34007
2026-03-05 12:00:00+00:00,5163.35575,5171.66924,5069.19661,5098.64953
2026-03-05 16:00:00+00:00,5098.92804,5104.17268,5054.59315,5065.44602
2026-03-05 20:00:00+00:00,5065.45447,5100.27341,5064.01522,5086.79394
2026-03-06 00:00:00+00:00,5085.43499,5144.5519,5072.38392,5131.46607
2026-03-06 04:00:00+00:00,5131.493,5137.00321,5107.46076,5119.45376
2026-03-06 08:00:00+00:00,5119.48094,5123.65417,5054.73982,5075.99875
2026-03-06 12:00:00+00:00,5075.78623,5171.76359,5065.81964,5145.89214
2026-03-06 16:00:00+00:00,5145.72478,5174.13733,5125.39567,5161.43884
2026-03-06 20:00:00+00:00,5161.28762,5173.49951,5151.19721,5171.16228
2026-03-07 00:00:00+00:00,5171.0641,5171.29969,5170.99385,5171.18345
2026-03-07 04:00:00+00:00,5171.07251,5171.29733,5170.99433,5171.12261
2026-03-07 08:00:00+00:00,5171.07273,5171.29879,5170.99418,5171.04965
2026-03-07 12:00:00+00:00,5171.07243,5171.29986,5170.99105,5171.04185
2026-03-07 16:00:00+00:00,5171.07466,5171.29986,5171.00448,5171.10452
2026-03-07 20:00:00+00:00,5171.07466,5171.29987,5171.00181,5171.17378
2026-03-08 00:00:00+00:00,5171.07199,5171.29719,5171.00181,5171.18101
2026-03-08 04:00:00+00:00,5171.07199,5171.2972,5171.00181,5171.11635
2026-03-08 08:00:00+00:00,5171.07199,5171.2972,5171.00181,5171.04598
2026-03-08 12:00:00+00:00,5171.07199,5171.29721,5171.00181,5171.04192
2026-03-08 16:00:00+00:00,5171.07199,5171.29721,5167.45393,5171.09086
2026-03-08 20:00:00+00:00,5171.05327,5204.69053,5041.20332,5075.04294
2026-03-09 00:00:00+00:00,5074.94113,5101.87878,5014.43471,5091.7874
2026-03-09 04:00:00+00:00,5091.75287,5141.07971,5080.36932,5098.78489
2026-03-09 08:00:00+00:00,5098.80043,5133.80454,5080.17194,5089.3973
2026-03-09 12:00:00+00:00,5089.30828,5113.40364,5060.43894,5100.92943
2026-03-09 16:00:00+00:00,5101.10546,5142.25135,5089.07599,5142.17754
2026-03-09 20:00:00+00:00,5141.93524,5158.55151,5122.45155,5140.15766
2026-03-10 00:00:00+00:00,5140.28599,5186.73473,5125.67704,5158.18534
2026-03-10 04:00:00+00:00,5158.02822,5180.6948,5155.26987,5179.32274
2026-03-10 08:00:00+00:00,5179.63159,5193.4709,5157.29102,5174.13435
2026-03-10 12:00:00+00:00,5174.02072,5237.80436,5163.9106,5228.67579
2026-03-10 16:00:00+00:00,5228.58812,5235.56003,5171.62924,5197.99865
2026-03-10 20:00:00+00:00,5198.01685,5199.49506,5183.49359,5196.7989
2026-03-11 00:00:00+00:00,5196.80909,5223.2619,5186.63268,5203.40712
2026-03-11 04:00:00+00:00,5203.32107,5210.12923,5185.61698,5195.05454
2026-03-11 08:00:00+00:00,5195.09948,5197.89766,5179.0189,5180.16232
2026-03-11 12:00:00+00:00,5180.09988,5195.18839,5158.04347,5170.76361
2026-03-11 16:00:00+00:00,5170.73869,5183.864,5158.72477,5183.31222
2026-03-11 20:00:00+00:00,5183.22388,5183.76903,5133.22512,5135.13191
2026-03-12 00:00:00+00:00,5135.72582,5175.50881,5125.12604,5153.19304
2026-03-12 04:00:00+00:00,5153.16456,5183.50698,5138.11143,5180.93707
2026-03-12 08:00:00+00:00,5180.84795,5191.16983,5174.40366,5179.52333
2026-03-12 12:00:00+00:00,5179.44594,5185.61521,5116.75523,5130.51947
2026-03-12 16:00:00+00:00,5130.41693,5139.1876,5081.35272,5083.42129
2026-03-12 20:00:00+00:00,5083.57604,5100.91875,5058.12993,5099.39292
2026-03-13 00:00:00+00:00,5099.09052,5127.98504,5098.0565,5116.28337
2026-03-13 04:00:00+00:00,5116.22301,5117.31723,5072.30721,5084.81543
2026-03-13 08:00:00+00:00,5084.84807,5106.28999,5059.76661,5106.28999
2026-03-13 12:00:00+00:00,5106.51081,5123.76336,5032.13873,5037.24535
2026-03-13 16:00:00+00:00,5040.24159,5070.27427,5003.47363,5020.31894
2026-03-13 20:00:00+00:00,5022.68373,5028.6784,5010.37858,5019.79778
2026-03-14 00:00:00+00:00,5019.69225,5019.91086,5019.60902,5019.7346
2026-03-14 04:00:00+00:00,5019.69225,5019.91086,5019.61861,5019.66661
2026-03-14 08:00:00+00:00,5019.69225,5019.91098,5019.6192,5019.6634
2026-03-14 12:00:00+00:00,5019.69225,5019.91084,5019.61903,5019.72592
2026-03-14 16:00:00+00:00,5019.68973,5019.90833,5019.6216,5019.79237
2026-03-14 20:00:00+00:00,5019.68973,5019.91562,5019.61458,5019.7923
2026-03-15 00:00:00+00:00,5019.68973,5019.90832,5019.6216,5019.72579
2026-03-15 04:00:00+00:00,5019.68973,5019.90833,5019.6216,5019.66091
2026-03-15 08:00:00+00:00,5019.68973,5019.90833,5019.6216,5019.66406
2026-03-15 12:00:00+00:00,5019.68973,5019.90834,5019.6216,5019.73203
2026-03-15 16:00:00+00:00,5019.68973,5032.13817,5018.9006,5019.79532
2026-03-15 20:00:00+00:00,5019.68973,5027.96979,4966.61001,4994.56651
2026-03-16 00:00:00+00:00,4993.1961,5029.71881,4985.62786,5019.09049
2026-03-16 04:00:00+00:00,5019.05363,5036.81037,4993.53592,4994.70081
2026-03-16 08:00:00+00:00,4994.23468,5021.78714,4971.0511,4996.94092
2026-03-16 12:00:00+00:00,4996.85666,5035.8852,4983.55576,4986.11428
2026-03-16 16:00:00+00:00,4986.00372,5025.0575,4975.37054,5012.64443
2026-03-16 20:00:00+00:00,5012.46151,5022.46755,4998.18229,5012.82851
2026-03-17 00:00:00+00:00,5012.69687,5032.45446,4998.03231,5027.34567
2026-03-17 04:00:00+00:00,5027.2876,5042.92294,5002.28554,5021.84267
2026-03-17 08:00:00+00:00,5021.74367,5029.37271,4993.89012,5003.73345
2026-03-17 12:00:00+00:00,5003.56301,5030.6624,4978.14194,4997.52267
2026-03-17 16:00:00+00:00,4997.42475,5008.45844,4991.43474,4998.9783
2026-03-17 20:00:00+00:00,4998.63708,5007.10662,4994.04978,5002.8235
2026-03-18 00:00:00+00:00,5002.73999,5016.82098,4989.01333,4991.41449
2026-03-18 04:00:00+00:00,4991.3622,5015.12179,4982.24724,4995.17297
2026-03-18 08:00:00+00:00,4995.11713,4997.51837,4928.58183,4928.58183
2026-03-18 12:00:00+00:00,4928.50457,4929.8969,4837.58291,4865.22754
2026-03-18 16:00:00+00:00,4864.95622,4899.65344,4839.88812,4841.92773
2026-03-18 20:00:00+00:00,4842.10656,4846.58236,4806.58147,4836.74246
2026-03-19 00:00:00+00:00,4836.63541,4868.11576,4833.81999,4851.70851
2026-03-19 04:00:00+00:00,4851.75686,4853.63582,4733.0501,4733.0501
2026-03-19 08:00:00+00:00,4733.01708,4738.50594,4652.75093,4653.50515
2026-03-19 12:00:00+00:00,4653.76852,4653.76852,4514.89843,4577.69052
2026-03-19 16:00:00+00:00,4578.67185,4663.84372,4566.36085,4637.62973
2026-03-19 20:00:00+00:00,4637.58944,4675.6063,4636.34182,4643.09895
2026-03-20 00:00:00+00:00,4642.90775,4736.02113,4642.90775,4725.27668
2026-03-20 04:00:00+00:00,4724.98269,4727.77293,4660.83949,4706.42928
2026-03-20 08:00:00+00:00,4706.11131,4733.80964,4637.02393,4671.36593
2026-03-20 12:00:00+00:00,4671.91403,4695.99156,4544.73297,4554.81739
2026-03-20 16:00:00+00:00,4554.71506,4615.00986,4475.36646,4500.6531
2026-03-20 20:00:00+00:00,4500.48478,4513.49018,4490.7061,4497.4696
2026-03-21 00:00:00+00:00,4497.44854,4497.64611,4497.37722,4497.4203
2026-03-21 04:00:00+00:00,4497.45063,4497.64636,4497.37723,4497.43215
2026-03-21 08:00:00+00:00,4497.44757,4497.64294,4497.37783,4497.49175
2026-03-21 12:00:00+00:00,4497.44246,4497.64206,4497.37723,4497.5389
2026-03-21 16:00:00+00:00,4497.44028,4497.63618,4497.37925,4497.5218
2026-03-21 20:00:00+00:00,4497.44028,4497.63822,4497.37925,4497.45794
2026-03-22 00:00:00+00:00,4497.4423,4497.63822,4497.38128,4497.41048
2026-03-22 04:00:00+00:00,4497.4423,4497.63823,4497.38128,4497.43012
2026-03-22 08:00:00+00:00,4497.4423,4497.63823,4497.38129,4497.49676
2026-03-22 12:00:00+00:00,4497.4423,4497.63824,4497.38129,4497.54218
2026-03-22 16:00:00+00:00,4497.4423,4497.6526,4497.38103,4497.51799
2026-03-22 20:00:00+00:00,4497.4395,4532.22948,4453.15934,4466.30836
2026-03-23 00:00:00+00:00,4466.95648,4474.1529,4314.48259,4353.1224
2026-03-23 04:00:00+00:00,4351.3312,4382.12082,4104.81533,4198.4286
2026-03-23 08:00:00+00:00,4196.99652,4448.85164,4196.99652,4374.58054
2026-03-23 12:00:00+00:00,4374.42625,4509.82105,4334.90805,4359.0781
2026-03-23 16:00:00+00:00,4360.82771,4466.67996,4355.75488,4400.00688
2026-03-23 20:00:00+00:00,4399.37578,4448.78875,4360.13731,4439.02525
2026-03-24 00:00:00+00:00,4438.56771,4444.25928,4310.39454,4347.01184
2026-03-24 04:00:00+00:00,4346.94243,4430.26501,4318.79209,4419.04027
2026-03-24 08:00:00+00:00,4417.87201,4440.15932,4383.01501,4407.54269
2026-03-24 12:00:00+00:00,4408.07937,4435.21262,4355.22999,4421.8445
2026-03-24 16:00:00+00:00,4421.92186,4429.16016,4374.98042,4399.4287
2026-03-24 20:00:00+00:00,4399.59355,4549.02089,4396.84803,4544.89644
2026-03-25 00:00:00+00:00,4545.08551,4602.63009,4534.67652,4569.28584
2026-03-25 04:00:00+00:00,4569.36714,4575.09411,4535.63816,4539.01629
2026-03-25 08:00:00+00:00,4538.9004,4584.98184,4532.34288,4577.55051
2026-03-25 12:00:00+00:00,4578.13136,4586.24188,4528.40787,4560.76341
2026-03-25 16:00:00+00:00,4560.8839,4563.06327,4490.76269,4531.47513
2026-03-25 20:00:00+00:00,4531.38161,4540.74886,4489.0392,4498.38644
2026-03-26 00:00:00+00:00,4498.24254,4546.06827,4498.24254,4515.73227
2026-03-26 04:00:00+00:00,4515.74698,4524.04796,4418.00769,4454.45692
2026-03-26 08:00:00+00:00,4454.3765,4459.7403,4415.7574,4422.61293
2026-03-26 12:00:00+00:00,4422.77131,4483.21906,4420.96394,4437.44462
2026-03-26 16:00:00+00:00,4437.4349,4441.5877,4358.34529,4362.63551
2026-03-26 20:00:00+00:00,4362.52539,4417.81991,4352.84304,4405.11254
2026-03-27 00:00:00+00:00,4405.50569,4442.23073,4378.8413,4437.12173
2026-03-27 04:00:00+00:00,4436.91234,4474.51937,4431.8961,4446.78937
2026-03-27 08:00:00+00:00,4446.81999,4447.99283,4406.69004,4416.74924
2026-03-27 12:00:00+00:00,4415.9681,4550.97345,4413.46109,4524.83184
2026-03-27 16:00:00+00:00,4524.86448,4533.14479,4485.99521,4514.84071
2026-03-27 20:00:00+00:00,4514.75649,4514.81293,4492.13517,4507.73142
2026-03-28 00:00:00+00:00,4507.70202,4507.90758,4507.63739,4507.79279
2026-03-28 04:00:00+00:00,4507.70283,4507.90706,4507.63823,4507.80489
2026-03-28 08:00:00+00:00,4507.71268,4507.90883,4507.63428,4507.74083
2026-03-28 12:00:00+00:00,4507.70506,4507.90907,4507.64163,4507.68909
2026-03-28 16:00:00+00:00,4507.7127,4507.90907,4507.65154,4507.6873
2026-03-28 20:00:00+00:00,4507.7127,4507.90906,4507.65153,4507.74611
2026-03-29 00:00:00+00:00,4507.7127,4507.90906,4507.65153,4507.80532
2026-03-29 04:00:00+00:00,4507.7127,4507.90905,4507.65153,4507.80433
2026-03-29 08:00:00+00:00,4507.7127,4507.90905,4507.65153,4507.74416
2026-03-29 12:00:00+00:00,4507.7127,4507.90904,4507.65152,4507.68639
2026-03-29 16:00:00+00:00,4507.7127,4507.90904,4507.63074,4507.67826
2026-03-29 20:00:00+00:00,4507.70172,4513.34994,4443.98757,4448.37083
2026-03-30 00:00:00+00:00,4446.69772,4516.0865,4420.32741,4496.60501
2026-03-30 04:00:00+00:00,4496.75146,4552.27562,4486.72112,4526.77722
2026-03-30 08:00:00+00:00,4526.75986,4577.29626,4524.08597,4557.71054
2026-03-30 12:00:00+00:00,4557.57596,4579.18712,4512.59511,4548.74607
2026-03-30 16:00:00+00:00,4548.73694,4548.83592,4493.24474,4513.40774
2026-03-30 20:00:00+00:00,4513.5833,4520.18793,4496.30462,4511.55784
2026-03-31 00:00:00+00:00,4511.46592,4620.74017,4486.81893,4556.83736
2026-03-31 04:00:00+00:00,4556.67617,4581.53909,4545.50884,4564.32377
2026-03-31 08:00:00+00:00,4564.10401,4591.88006,4536.16837,4581.57957
2026-03-31 12:00:00+00:00,4581.52634,4627.84943,4568.79547,4611.40288
2026-03-31 16:00:00+00:00,4611.50764,4684.74132,4607.85211,4683.73771
2026-03-31 20:00:00+00:00,4683.78257,4699.30417,4657.92829,4698.71852
2026-04-01 00:00:00+00:00,4699.00259,4722.70035,4678.2727,4681.9154
2026-04-01 04:00:00+00:00,4681.90212,4746.44998,4668.31444,4712.4766
2026-04-01 08:00:00+00:00,4712.45117,4762.15991,4712.45117,4755.65238
2026-04-01 12:00:00+00:00,4755.93031,4788.39096,4718.22417,4786.85294
2026-04-01 16:00:00+00:00,4786.75,4792.52135,4741.18272,4768.03194
2026-04-01 20:00:00+00:00,4767.94778,4798.53894,4752.50154,4784.9878
2026-04-02 00:00:00+00:00,4785.28567,4797.88609,4657.70957,4678.8651
2026-04-02 04:00:00+00:00,4678.78972,4681.03886,4555.06888,4643.68308
2026-04-02 08:00:00+00:00,4643.36053,4647.48296,4595.39299,4600.37948
2026-04-02 12:00:00+00:00,4600.24884,4696.34804,4578.73482,4660.36245
2026-04-02 16:00:00+00:00,4660.23953,4681.46509,4645.79477,4675.33535
2026-04-02 20:00:00+00:00,4675.27835,4677.0164,4665.06785,4676.46016
2026-04-03 00:00:00+00:00,4676.3505,4676.7721,4676.02318,4676.49595
2026-04-03 04:00:00+00:00,4676.4275,4676.73226,4676.0826,4676.44268
2026-04-03 08:00:00+00:00,4676.42842,4676.80611,4676.06572,4676.27673
2026-04-03 12:00:00+00:00,4676.29205,4676.82277,4675.89571,4676.22859
2026-04-03 16:00:00+00:00,4676.23996,4676.85005,4676.10944,4676.48581
2026-04-03 20:00:00+00:00,4676.42625,4676.82173,4676.01177,4676.53505
2026-04-04 00:00:00+00:00,4676.43074,4676.63445,4676.3651,4676.50948
2026-04-04 04:00:00+00:00,4676.43074,4676.63445,4676.36291,4676.43442
2026-04-04 08:00:00+00:00,4676.42647,4676.63444,4676.36073,4676.39398
2026-04-04 12:00:00+00:00,4676.42856,4676.63226,4676.3651,4676.43866
2026-04-04 17:00:00+00:00,4676.42856,4676.63225,4676.36509,4676.50865
2026-04-04 21:00:00+00:00,4676.42856,4676.63225,4676.36509,4676.53256
2026-04-05 01:00:00+00:00,4676.42856,4676.63224,4676.36509,4676.48592
2026-04-05 05:00:00+00:00,4676.42856,4676.63223,4676.36509,4676.41646
2026-04-05 09:00:00+00:00,4676.42856,4676.63223,4676.36509,4676.39529
2026-04-05 13:00:00+00:00,4676.42856,4676.63222,4676.36509,4676.44406
2026-04-05 17:00:00+00:00,4676.42856,4676.63222,4676.34757,4676.50455
2026-04-05 21:00:00+00:00,4676.41981,4677.90691,4598.01008,4622.81581
2026-04-06 01:00:00+00:00,4622.45254,4670.08563,4621.04578,4659.08867
2026-04-06 05:00:00+00:00,4659.03433,4697.65787,4645.75503,4696.89539
2026-04-06 09:00:00+00:00,4696.70941,4705.73244,4662.03022,4675.25959
2026-04-06 13:00:00+00:00,4675.44663,4699.48222,4652.70598,4659.58661
2026-04-06 17:00:00+00:00,4659.55457,4664.05092,4644.58843,4649.76527
2026-04-06 21:00:00+00:00,4649.66027,4669.55525,4649.63501,4655.58712
2026-04-07 01:00:00+00:00,4654.17559,4662.51561,4620.10067,4660.53754
2026-04-07 05:00:00+00:00,4660.58305,4688.81099,4626.72351,4684.48364
2026-04-07 09:00:00+00:00,4684.48379,4694.57777,4633.7223,4652.56392
2026-04-07 13:00:00+00:00,4652.40995,4665.96505,4604.80231,4657.83746
2026-04-07 17:00:00+00:00,4657.86471,4719.86105,4655.18069,4706.39311
2026-04-07 21:00:00+00:00,4706.29881,4855.11363,4702.01739,4817.41579
2026-04-08 01:00:00+00:00,4816.73737,4821.94387,4789.16914,4803.13059
2026-04-08 05:00:00+00:00,4803.10798,4842.80131,4790.65365,4794.58061
2026-04-08 09:00:00+00:00,4794.52006,4808.25787,4773.54652,4800.01554
2026-04-08 13:00:00+00:00,4800.35756,4806.40512,4734.44914,4760.64046
2026-04-08 17:00:00+00:00,4760.60497,4763.85032,4700.18732,4719.47769
2026-04-08 21:00:00+00:00,4719.63631,4730.89459,4699.47827,4707.78478
2026-04-09 01:00:00+00:00,4708.27994,4732.62557,4696.30581,4721.98897
2026-04-09 05:00:00+00:00,4721.92193,4733.30457,4703.76501,4727.31639
2026-04-09 09:00:00+00:00,4726.91359,4759.04718,4724.31346,4745.53888
2026-04-09 13:00:00+00:00,4745.80985,4800.71915,4739.1071,4789.00695
2026-04-09 17:00:00+00:00,4788.99439,4800.60957,4761.31903,4766.56409
2026-04-09 21:00:00+00:00,4766.49515,4778.11638,4748.58754,4762.02855
2026-04-10 01:00:00+00:00,4761.69685,4775.78376,4739.80323,4758.72265
2026-04-10 05:00:00+00:00,4758.64119,4768.85311,4732.48466,4741.11846
2026-04-10 09:00:00+00:00,4740.91213,4781.93504,4740.68455,4770.69103
2026-04-10 13:00:00+00:00,4770.76204,4795.33901,4749.58847,4763.6454
2026-04-10 17:00:00+00:00,4763.65362,4772.71396,4740.55067,4749.58009
2026-04-10 21:00:00+00:00,4749.54972,4750.78067,4749.02268,4750.44984
2026-04-11 01:00:00+00:00,4750.44707,4750.6631,4750.36815,4750.41154
2026-04-11 05:00:00+00:00,4750.44821,4750.66996,4750.36815,4750.43978
2026-04-11 09:00:00+00:00,4750.44078,4750.6653,4750.36815,4750.52895
2026-04-11 13:00:00+00:00,4750.45842,4750.66529,4750.39394,4750.5653
2026-04-11 17:00:00+00:00,4750.45842,4750.66529,4750.39394,4750.52873
2026-04-11 21:00:00+00:00,4750.45842,4750.66528,4750.36815,4750.45187
2026-04-12 01:00:00+00:00,4750.45391,4750.66079,4750.38943,4750.41836
2026-04-12 05:00:00+00:00,4750.45391,4750.66078,4750.38943,4750.4577
2026-04-12 09:00:00+00:00,4750.45391,4750.66077,4750.38943,4750.52962
2026-04-12 13:00:00+00:00,4750.45391,4750.66077,4750.38943,4750.56052
2026-04-12 17:00:00+00:00,4750.45391,4756.1901,4749.83663,4750.50252
2026-04-12 21:00:00+00:00,4750.43695,4752.99783,4643.55787,4694.25742
2026-04-13 01:00:00+00:00,4693.92561,4728.56669,4693.73387,4722.88906
2026-04-13 05:00:00+00:00,4722.80091,4740.32257,4716.7047,4724.5996
2026-04-13 09:00:00+00:00,4724.68104,4728.36404,4705.22664,4723.25448
2026-04-13 13:00:00+00:00,4723.16581,4744.58902,4702.39315,4733.08984
2026-04-13 17:00:00+00:00,4733.41387,4749.77257,4720.39771,4740.74803
2026-04-13 21:00:00+00:00,4740.96568,4774.33816,4740.70858,4769.98002
2026-04-14 01:00:00+00:00,4770.43587,4777.49818,4762.59636,4774.32999
2026-04-14 05:00:00+00:00,4774.26035,4796.596,4758.3606,4784.88268
2026-04-14 09:00:00+00:00,4784.80748,4787.93473,4759.98434,4771.16396
2026-04-14 13:00:00+00:00,4770.49721,4819.2754,4770.49721,4810.07465
2026-04-14 17:00:00+00:00,4810.12395,4847.07437,4810.09889,4841.71465
2026-04-14 21:00:00+00:00,4841.67865,4852.25061,4828.07973,4836.11962
2026-04-15 01:00:00+00:00,4836.11454,4869.57853,4818.84786,4825.58734
2026-04-15 05:00:00+00:00,4825.7136,4829.67706,4802.75332,4817.56685
2026-04-15 09:00:00+00:00,4817.39959,4818.55643,4790.89089,4812.04685
2026-04-15 13:00:00+00:00,4812.14586,4829.98717,4788.47055,4804.32132
2026-04-15 17:00:00+00:00,4804.22266,4808.76243,4788.56513,4790.98573
2026-04-15 21:00:00+00:00,4790.93335,4837.13095,4790.34246,4834.02577
2026-04-16 01:00:00+00:00,4833.81671,4836.20219,4812.30949,4833.28914
2026-04-16 05:00:00+00:00,4833.21673,4838.06143,4806.73419,4813.27588
2026-04-16 09:00:00+00:00,4813.20087,4822.62778,4806.18678,4817.23266
2026-04-16 13:00:00+00:00,4816.94729,4823.74167,4782.30491,4792.95661
2026-04-16 17:00:00+00:00,4792.85207,4797.89359,4779.94195,4789.6854
2026-04-16 21:00:00+00:00,4789.63688,4800.96399,4776.33511,4795.33905
2026-04-17 01:00:00+00:00,4795.24991,4805.72124,4769.05475,4803.43046
2026-04-17 05:00:00+00:00,4803.37559,4806.13706,4780.13111,4796.0285
2026-04-17 09:00:00+00:00,4796.08953,4847.71942,4782.86095,4844.16177
2026-04-17 13:00:00+00:00,4844.29326,4887.92586,4835.30067,4866.95186
2026-04-17 17:00:00+00:00,4866.96925,4868.6849,4829.09053,4830.60557
2026-04-17 21:00:00+00:00,4830.44896,4834.37679,4830.44896,4834.07714
2026-04-18 01:00:00+00:00,4833.98967,4834.20649,4833.90964,4834.00648
2026-04-18 05:00:00+00:00,4833.98907,4834.20351,4833.89184,4833.94756
2026-04-18 09:00:00+00:00,4833.98021,4834.20883,4833.88108,4833.979
2026-04-18 13:00:00+00:00,4833.99342,4834.20405,4833.92794,4834.0502
2026-04-18 17:00:00+00:00,4833.99342,4834.20405,4833.92793,4834.10038
2026-04-18 21:00:00+00:00,4833.99342,4834.20638,4833.92795,4834.08065
2026-04-19 01:00:00+00:00,4833.99575,4834.20638,4833.93024,4834.00883
2026-04-19 05:00:00+00:00,4833.99575,4834.20638,4833.93024,4833.96073
2026-04-19 09:00:00+00:00,4833.99575,4834.20638,4833.93023,4833.98558
2026-04-19 13:00:00+00:00,4833.99575,4834.20638,4833.93022,4834.05795
2026-04-19 17:00:00+00:00,4833.99575,4837.40174,4831.71107,4834.1014
2026-04-19 21:00:00+00:00,4833.99308,4834.32342,4740.74681,4772.74591
2026-04-20 01:00:00+00:00,4773.11528,4813.58823,4772.73778,4788.47006
2026-04-20 05:00:00+00:00,4788.28355,4805.80372,4781.85765,4795.78503
2026-04-20 09:00:00+00:00,4795.81611,4820.67725,4783.63919,4803.00822
2026-04-20 13:00:00+00:00,4802.88472,4828.6527,4791.75082,4805.14589
2026-04-20 17:00:00+00:00,4804.98175,4821.38942,4803.12916,4820.47575
2026-04-20 21:00:00+00:00,4820.36913,4832.94507,4817.73367,4824.38158
2026-04-21 01:00:00+00:00,4824.51961,4824.62489,4789.08429,4790.3469
2026-04-21 05:00:00+00:00,4789.89551,4797.20496,4773.28002,4787.03361
2026-04-21 09:00:00+00:00,4787.07518,4796.78363,4773.50403,4777.48779
2026-04-21 13:00:00+00:00,4776.82291,4795.32988,4708.03653,4710.98361
2026-04-21 17:00:00+00:00,4710.76088,4719.60851,4668.28518,4719.56596
2026-04-21 21:00:00+00:00,4719.54891,4747.56757,4712.05724,4740.45005
2026-04-22 01:00:00+00:00,4740.31821,4765.38668,4736.79283,4754.73731
2026-04-22 05:00:00+00:00,4754.77892,4771.44226,4751.8072,4757.6746
2026-04-22 09:00:00+00:00,4757.69478,4762.86485,4741.40609,4744.31869
2026-04-22 13:00:00+00:00,4744.40381,4759.21316,4724.85646,4728.42991
2026-04-22 17:00:00+00:00,4728.50425,4749.13282,4728.34417,4739.78055
2026-04-22 21:00:00+00:00,4739.70626,4752.77812,4695.45843,4746.76044
2026-04-23 01:00:00+00:00,4746.81391,4750.69645,4698.09733,4704.17535
2026-04-23 05:00:00+00:00,4704.09508,4724.68314,4694.39255,4704.92098
2026-04-23 09:00:00+00:00,4704.81889,4744.30754,4684.94383,4740.3989
2026-04-23 13:00:00+00:00,4740.43409,4740.45982,4716.0991,4733.02111
2026-04-23 17:00:00+00:00,4732.97291,4734.04441,4668.50627,4693.67161
2026-04-23 21:00:00+00:00,4693.68565,4707.55389,4686.90533,4705.10089
2026-04-24 01:00:00+00:00,4705.14901,4711.17216,4658.8598,4674.18852
2026-04-24 05:00:00+00:00,4674.42325,4696.11526,4667.75025,4690.28468
2026-04-24 09:00:00+00:00,4689.98857,4715.71402,4675.88689,4700.70847
2026-04-24 13:00:00+00:00,4700.67532,4742.65975,4689.10376,4727.19763
2026-04-24 17:00:00+00:00,4727.12153,4729.88799,4705.57141,4709.65804
2026-04-24 21:00:00+00:00,4709.55559,4709.77324,4708.43723,4708.58145
2026-04-25 01:00:00+00:00,4708.51768,4708.73003,4708.43374,4708.48967
2026-04-25 05:00:00+00:00,4708.49699,4708.73111,4708.43757,4708.48651
2026-04-25 09:00:00+00:00,4708.52056,4708.72422,4708.4264,4708.50033
2026-04-25 13:00:00+00:00,4708.4903,4708.69539,4708.4264,4708.57082
2026-04-25 17:00:00+00:00,4708.4903,4708.69538,4708.4264,4708.59504
2026-04-25 21:00:00+00:00,4708.4903,4708.70199,4708.4264,4708.5553
2026-04-26 01:00:00+00:00,4708.49695,4708.70199,4708.43305,4708.48524
2026-04-26 05:00:00+00:00,4708.49695,4708.702,4708.43305,4708.46332
2026-04-26 09:00:00+00:00,4708.49695,4708.70201,4708.43305,4708.51196
2026-04-26 13:00:00+00:00,4708.49695,4708.70201,4708.43305,4708.58139
2026-04-26 17:00:00+00:00,4708.49695,4709.14952,4704.90079,4707.28437
2026-04-26 21:00:00+00:00,4707.09393,4709.02994,4674.26331,4697.07477
2026-04-27 01:00:00+00:00,4697.04055,4728.46794,4693.20696,4725.3642
2026-04-27 05:00:00+00:00,4725.27622,4725.40594,4705.8488,4706.39363
2026-04-27 09:00:00+00:00,4706.49446,4712.04336,4696.85937,4698.36066
2026-04-27 13:00:00+00:00,4698.10968,4702.09288,4667.93945,4676.92644
2026-04-27 17:00:00+00:00,4676.93315,4685.7673,4668.34333,4681.67029
2026-04-27 21:00:00+00:00,4681.63065,4701.06814,4681.63065,4691.48065
2026-04-28 01:00:00+00:00,4691.70224,4691.70224,4666.63553,4667.76168
2026-04-28 05:00:00+00:00,4667.89441,4667.89441,4617.46466,4629.73865
2026-04-28 09:00:00+00:00,4629.76683,4629.81179,4555.69938,4593.7365
2026-04-28 13:00:00+00:00,4593.50219,4593.95056,4558.29421,4592.65477
2026-04-28 17:00:00+00:00,4592.5914,4600.7996,4587.53108,4596.47098
2026-04-28 21:00:00+00:00,4596.3843,4609.97231,4588.13578,4600.74007
2026-04-29 01:00:00+00:00,4600.79903,4605.76779,4578.38785,4604.93424
2026-04-29 05:00:00+00:00,4604.90783,4606.19262,4558.25675,4575.52366
2026-04-29 09:00:00+00:00,4575.87925,4581.7312,4542.4168,4545.69234
2026-04-29 13:00:00+00:00,4545.74012,4567.50481,4511.1187,4545.24447
2026-04-29 17:00:00+00:00,4545.21229,4554.31281,4518.74934,4543.91802
2026-04-29 21:00:00+00:00,4543.88834,4573.7529,4539.67141,4569.9546
2026-04-30 01:00:00+00:00,4569.78187,4582.44801,4540.58958,4542.92899
2026-04-30 05:00:00+00:00,4542.94771,4626.26581,4542.92152,4616.93591
2026-04-30 09:00:00+00:00,4616.86654,4646.87963,4615.87743,4639.42187
2026-04-30 13:00:00+00:00,4639.62391,4644.28656,4604.4146,4608.0711
2026-04-30 17:00:00+00:00,4608.19426,4626.71867,4607.87024,4621.32118
2026-04-30 21:00:00+00:00,4622.38066,4634.0141,4619.05656,4621.74636
2026-05-01 01:00:00+00:00,4619.44037,4635.38574,4609.68479,4611.31714
2026-05-01 05:00:00+00:00,4608.95006,4616.32375,4565.79308,4567.97655
2026-05-01 09:00:00+00:00,4567.91311,4608.2278,4561.34636,4591.84455
2026-05-01 13:00:00+00:00,4590.54575,4659.80668,4588.2083,4640.89334
2026-05-01 17:00:00+00:00,4640.44588,4642.71475,4607.53527,4614.83277
2026-05-01 21:00:00+00:00,4613.88092,4615.73967,4612.39694,4613.21973
2026-05-02 01:00:00+00:00,4613.25193,4613.46372,4613.17213,4613.22552
2026-05-02 05:00:00+00:00,4613.25258,4613.46987,4613.17355,4613.29667
2026-05-02 09:00:00+00:00,4613.25258,4613.46867,4613.17221,4613.3494
2026-05-02 13:00:00+00:00,4613.25045,4613.45802,4613.18128,4613.33869
2026-05-02 17:00:00+00:00,4613.25045,4613.45801,4613.18128,4613.27308
2026-05-02 21:00:00+00:00,4613.25045,4613.46013,4613.18128,4613.22191
2026-05-03 01:00:00+00:00,4613.25258,4613.46012,4613.1834,4613.23527
2026-05-03 05:00:00+00:00,4613.25258,4613.46012,4613.1834,4613.30177
2026-05-03 09:00:00+00:00,4613.25258,4613.46011,4613.18339,4613.35334
2026-05-03 13:00:00+00:00,4613.25258,4613.46011,4613.18339,4613.3372
2026-05-03 17:00:00+00:00,4613.25258,4613.78995,4612.97032,4613.28448
2026-05-03 21:00:00+00:00,4613.24465,4629.39094,4602.99194,4611.90231
2026-05-04 01:00:00+00:00,4612.89326,4616.59203,4592.59668,4607.11878
2026-05-04 05:00:00+00:00,4605.97589,4613.93413,4573.77414,4577.77316
2026-05-04 09:00:00+00:00,4577.12585,4584.00183,4526.40284,4572.1613
2026-05-04 13:00:00+00:00,4565.18113,4582.50416,4503.72464,4509.24591
2026-05-04 17:00:00+00:00,4511.76702,4529.94632,4507.60382,4523.59841
2026-05-04 21:00:00+00:00,4523.13191,4531.03469,4514.11976,4529.78586
2026-05-05 01:00:00+00:00,4528.02303,4546.28995,4527.09489,4532.26023
2026-05-05 05:00:00+00:00,4532.44165,4558.96811,4532.06436,4558.43343
2026-05-05 09:00:00+00:00,4556.62043,4574.35258,4540.8505,4564.93456
2026-05-05 13:00:00+00:00,4564.88078,4587.17375,4554.56367,4562.17819
2026-05-05 17:00:00+00:00,4562.11751,4566.03133,4551.91941,4556.92512
2026-05-05 21:00:00+00:00,4556.73388,4618.21951,4542.23432,4618.02024
2026-05-06 01:00:00+00:00,4617.99826,4652.46115,4609.58169,4650.27922
2026-05-06 05:00:00+00:00,4650.23928,4699.9472,4643.91588,4694.45685
2026-05-06 09:00:00+00:00,4694.84582,4722.77486,4664.1791,4680.86608
2026-05-06 13:00:00+00:00,4677.86323,4716.39425,4669.24123,4682.28339
2026-05-06 17:00:00+00:00,4682.06467,4699.37453,4678.73774,4690.91268
2026-05-06 21:00:00+00:00,4690.82727,4700.62116,4685.08702,4688.12971
2026-05-07 01:00:00+00:00,4687.84949,4720.5712,4686.25521,4696.84918
2026-05-07 05:00:00+00:00,4696.8162,4752.50303,4695.01925,4732.51134
2026-05-07 09:00:00+00:00,4732.54225,4751.89371,4723.34168,4747.72968
2026-05-07 13:00:00+00:00,4746.67732,4765.85857,4705.88235,4713.59025
2026-05-07 17:00:00+00:00,4713.28039,4729.41171,4686.52351,4689.4371
2026-05-07 21:00:00+00:00,4688.10345,4709.75511,4671.02499,4700.62027
2026-05-08 01:00:00+00:00,4700.13435,4731.98438,4699.46896,4712.65794
2026-05-08 05:00:00+00:00,4714.5991,4734.09993,4698.45224,4716.23601
2026-05-08 09:00:00+00:00,4716.37784,4730.84747,4704.33269,4729.97096
2026-05-08 13:00:00+00:00,4730.16894,4746.76034,4704.29933,4714.02576
2026-05-08 17:00:00+00:00,4713.74195,4728.1426,4712.75743,4716.2703
2026-05-08 21:00:00+00:00,4716.00307,4716.00307,4714.44984,4715.43746
2026-05-09 01:00:00+00:00,4715.36772,4715.59387,4715.29545,4715.36619
2026-05-09 05:00:00+00:00,4715.3715,4715.5959,4715.29882,4715.33775
2026-05-09 09:00:00+00:00,4715.37434,4715.59632,4715.28647,4715.44288
2026-05-09 13:00:00+00:00,4715.38191,4715.5941,4715.31128,4715.45738
2026-05-09 17:00:00+00:00,4715.38191,4715.5941,4715.31128,4715.4877
2026-05-09 21:00:00+00:00,4715.38191,4715.59632,4715.31129,4715.4483
2026-05-10 01:00:00+00:00,4715.38413,4715.59632,4715.31353,4715.37718
2026-05-10 05:00:00+00:00,4715.38413,4715.59632,4715.31353,4715.34937
2026-05-10 09:00:00+00:00,4715.38413,4715.59632,4715.31352,4715.43968
2026-05-10 13:00:00+00:00,4715.38413,4715.59632,4715.31351,4715.46407
2026-05-10 17:00:00+00:00,4715.38413,4715.59632,4714.97949,4715.48243
2026-05-10 21:00:00+00:00,4715.37746,4719.90218,4674.95028,4680.5461
2026-05-11 01:00:00+00:00,4679.24531,4704.43677,4668.46813,4674.67988
2026-05-11 05:00:00+00:00,4673.8495,4680.88266,4649.21661,4667.613
2026-05-11 09:00:00+00:00,4667.87396,4699.81707,4652.63908,4697.36003
2026-05-11 13:00:00+00:00,4699.55214,4746.76034,4699.35991,4716.23903
2026-05-11 17:00:00+00:00,4715.78232,4738.48755,4714.53491,4735.46064
2026-05-11 21:00:00+00:00,4735.04061,4773.4977,4731.64938,4752.17651
2026-05-12 01:00:00+00:00,4753.95838,4754.88565,4711.96692,4714.95597
2026-05-12 05:00:00+00:00,4716.05084,4720.60748,4689.34704,4703.84724
2026-05-12 09:00:00+00:00,4703.78335,4711.12471,4686.18813,4702.72013
2026-05-12 13:00:00+00:00,4703.30714,4708.83024,4641.66357,4672.56871
2026-05-12 17:00:00+00:00,4673.15679,4718.20938,4672.02392,4715.30897
2026-05-12 21:00:00+00:00,4715.18842,4726.43751,4713.64601,4718.48726
2026-05-13 01:00:00+00:00,4717.41917,4717.41917,4688.56409,4699.48621
2026-05-13 05:00:00+00:00,4699.35774,4717.08335,4694.43472,4701.97358
2026-05-13 09:00:00+00:00,4701.82163,4708.2128,4676.9395,4684.28109
2026-05-13 13:00:00+00:00,4684.24768,4710.18978,4669.46693,4696.12943
2026-05-13 17:00:00+00:00,4696.21897,4701.11582,4679.96024,4688.61014
2026-05-13 21:00:00+00:00,4688.76102,4708.16224,4679.05163,4704.50626
2026-05-14 01:00:00+00:00,4702.43829,4712.73847,4671.52559,4703.20367
2026-05-14 05:00:00+00:00,4703.23315,4717.47809,4687.28087,4694.41254
2026-05-14 09:00:00+00:00,4694.61332,4708.72946,4689.42056,4705.18492
2026-05-14 13:00:00+00:00,4704.1183,4705.87828,4670.08,4678.13071
2026-05-14 17:00:00+00:00,4677.42986,4682.62933,4645.0047,4651.91243
2026-05-14 21:00:00+00:00,4651.6473,4664.83183,4614.17765,4626.21241
2026-05-15 01:00:00+00:00,4622.35142,4629.84397,4605.90734,4606.6718
2026-05-15 05:00:00+00:00,4606.63564,4606.80673,4552.24107,4554.08644
2026-05-15 09:00:00+00:00,4554.94768,4572.05503,4534.70673,4552.51953
2026-05-15 13:00:00+00:00,4552.53389,4566.42515,4512.32918,4544.21449
2026-05-15 17:00:00+00:00,4544.11,4564.72964,4534.12442,4540.14677
2026-05-15 21:00:00+00:00,4539.89139,4540.29512,4537.58499,4537.71385
2026-05-16 01:00:00+00:00,4537.74818,4537.97331,4537.67701,4537.8078
2026-05-16 05:00:00+00:00,4537.75519,4537.97009,4537.67852,4537.83089
2026-05-16 09:00:00+00:00,4537.74984,4537.95747,4537.66419,4537.84034
2026-05-16 13:00:00+00:00,4537.74039,4537.94457,4537.67238,4537.80719
2026-05-16 17:00:00+00:00,4537.74039,4537.94457,4537.67238,4537.72547
2026-05-16 21:00:00+00:00,4537.74039,4537.95073,4537.67237,4537.7153
2026-05-17 01:00:00+00:00,4537.74656,4537.95073,4537.67852,4537.78984
2026-05-17 05:00:00+00:00,4537.74656,4537.95072,4537.67852,4537.83114
2026-05-17 09:00:00+00:00,4537.74656,4537.95072,4537.67852,4537.84506
2026-05-17 13:00:00+00:00,4537.74656,4537.95071,4537.67852,4537.81823
2026-05-17 17:00:00+00:00,4537.74656,4537.96399,4537.41095,4537.71527
2026-05-17 21:00:00+00:00,4537.73389,4554.95988,4476.89916,4504.2515
2026-05-18 01:00:00+00:00,4504.32487,4547.72841,4492.80034,4539.89669
2026-05-18 05:00:00+00:00,4539.83574,4559.80333,4531.41797,4552.41557
2026-05-18 09:00:00+00:00,4552.76449,4575.15859,4533.65747,4568.38369
2026-05-18 13:00:00+00:00,4564.29012,4584.42213,4533.70812,4551.77845
2026-05-18 17:00:00+00:00,4552.73634,4567.49923,4528.85758,4566.17371
2026-05-18 21:00:00+00:00,4565.99461,4593.46333,4563.41248,4566.96629
2026-05-19 01:00:00+00:00,4565.77016,4572.57412,4538.69935,4541.72397
2026-05-19 05:00:00+00:00,4541.90705,4559.13194,4532.68063,4543.14034
2026-05-19 09:00:00+00:00,4543.38776,4547.4913,4526.52544,4538.92434
2026-05-19 13:00:00+00:00,4540.27283,4540.27283,4466.8781,4508.40677
2026-05-19 17:00:00+00:00,4507.94124,4510.42496,4481.29061,4481.85399
2026-05-19 21:00:00+00:00,4482.10568,4507.34698,4477.93826,4498.93306
2026-05-20 01:00:00+00:00,4499.65277,4501.46298,4454.14458,4461.64976
2026-05-20 05:00:00+00:00,4461.52856,4489.00216,4460.06412,4485.12818
2026-05-20 09:00:00+00:00,4485.14313,4505.31627,4472.59693,4495.04825
2026-05-20 13:00:00+00:00,4495.48189,4550.8328,4467.27719,4532.60385
2026-05-20 17:00:00+00:00,4532.73096,4550.48645,4530.01133,4544.05897
2026-05-20 21:00:00+00:00,4543.91433,4551.24704,4534.60488,4545.91293
2026-05-21 01:00:00+00:00,4545.97766,4571.01065,4527.55014,4538.54662
2026-05-21 05:00:00+00:00,4538.19667,4539.88287,4512.22814,4534.02235
2026-05-21 09:00:00+00:00,4533.78052,4542.56382,4503.08461,4503.3972
2026-05-21 13:00:00+00:00,4503.9758,4520.56285,4490.74906,4518.58291
2026-05-21 17:00:00+00:00,4518.07784,4558.71627,4514.51553,4543.10657
2026-05-21 21:00:00+00:00,4542.91896,4546.52149,4526.75415,4527.61355
2026-05-22 01:00:00+00:00,4528.99924,4535.97024,4519.43721,4527.31191
2026-05-22 05:00:00+00:00,4527.65189,4534.5134,4509.17617,4522.05821
2026-05-22 09:00:00+00:00,4522.11375,4537.26087,4510.5917,4521.26652
2026-05-22 13:00:00+00:00,4521.69578,4534.32484,4491.97264,4514.52883
2026-05-22 17:00:00+00:00,4513.85543,4528.57531,4504.70742,4508.84161
2026-05-22 21:00:00+00:00,4508.183,4509.37951,4504.3859,4505.71582
2026-05-23 01:00:00+00:00,4505.67952,4505.88029,4505.60636,4505.76315
2026-05-23 05:00:00+00:00,4505.6759,4505.88029,4505.60596,4505.77546
2026-05-23 09:00:00+00:00,4505.68038,4505.88836,4505.60596,4505.76138
2026-05-23 13:00:00+00:00,4505.68572,4505.88836,4505.61814,4505.6646
2026-05-23 17:00:00+00:00,4505.68572,4505.88837,4505.61814,4505.65833
2026-05-23 21:00:00+00:00,4505.68572,4505.88837,4505.61408,4505.71475
2026-05-24 01:00:00+00:00,4505.68166,4505.8843,4505.61408,4505.77208
2026-05-24 05:00:00+00:00,4505.68166,4505.88431,4505.61408,4505.7753
2026-05-24 09:00:00+00:00,4505.68166,4505.88432,4505.61408,4505.76258
2026-05-24 13:00:00+00:00,4505.68166,4505.88432,4505.61408,4505.65738
2026-05-24 17:00:00+00:00,4505.68166,4506.12833,4505.60175,4505.64909
2026-05-24 21:00:00+00:00,4505.67354,4579.56673,4503.98456,4568.71546
2026-05-25 01:00:00+00:00,4569.07151,4573.9377,4557.64688,4564.77695
2026-05-25 05:00:00+00:00,4564.85518,4566.21815,4551.03991,4556.30898
2026-05-25 09:00:00+00:00,4556.20648,4576.86304,4553.73406,4566.74503
2026-05-25 13:00:00+00:00,4567.42311,4574.3939,4560.4305,4573.35177
2026-05-25 17:00:00+00:00,4573.18132,4577.5753,4563.29287,4571.23972
2026-05-25 21:00:00+00:00,4571.17382,4580.93828,4540.08899,4544.02091
2026-05-26 01:00:00+00:00,4545.3704,4550.21158,4524.27272,4524.49545
2026-05-26 05:00:00+00:00,4525.00347,4539.0586,4521.00005,4523.18415
2026-05-26 09:00:00+00:00,4523.45578,4540.08899,4501.04553,4520.73812
2026-05-26 13:00:00+00:00,4521.61696,4530.01133,4500.24751,4505.66026
2026-05-26 17:00:00+00:00,4505.4691,4511.6685,4482.69679,4507.58338
2026-05-26 21:00:00+00:00,4507.27263,4527.94941,4498.62792,4516.34207
2026-05-27 01:00:00+00:00,4517.65738,4521.00005,4497.21173,4509.94726
2026-05-27 05:00:00+00:00,4510.17328,4514.50483,4476.47612,4496.38042
2026-05-27 09:00:00+00:00,4496.01539,4497.99739,4424.7065,4439.2502
2026-05-27 13:00:00+00:00,4440.82617,4454.68089,4402.37728,4450.65203
2026-05-27 17:00:00+00:00,4450.4116,4459.18452,4442.27267,4456.29881
2026-05-27 21:00:00+00:00,4456.18342,4466.27959,4443.50979,4456.6696
2026-05-28 01:00:00+00:00,4455.69908,4459.95745,4367.19364,4374.32509
2026-05-28 05:00:00+00:00,4373.97787,4396.30279,4368.71997,4386.73152
2026-05-28 09:00:00+00:00,4386.80372,4430.46299,4378.58925,4426.93554
2026-05-28 13:00:00+00:00,4426.97342,4510.31792,4418.83392,4509.01053
2026-05-28 17:00:00+00:00,4509.11354,4516.50784,4494.76221,4496.36988
2026-05-28 21:00:00+00:00,4496.26762,4500.24751,4489.49398,4493.94233
2026-05-29 01:00:00+00:00,4494.52438,4519.85957,4494.38202,4514.32445
2026-05-29 05:00:00+00:00,4514.03722,4525.96491,4502.88184,4514.77145
2026-05-29 09:00:00+00:00,4514.56358,4542.56382,4513.55815,4520.66767
2026-05-29 13:00:00+00:00,4518.60098,4594.65168,4516.71183,4566.86892
2026-05-29 17:00:00+00:00,4566.54242,4569.26671,4539.92996,4540.15778
2026-05-29 21:00:00+00:00,4540.56315,4542.85519,4538.64658,4542.56917
2026-05-30 01:00:00+00:00,4542.4689,4542.67383,4542.39494,4542.55729
2026-05-30 05:00:00+00:00,4542.4645,4542.67178,4542.39666,4542.56682
2026-05-30 09:00:00+00:00,4542.4649,4542.67328,4542.39667,4542.43618
2026-05-30 13:00:00+00:00,4542.4689,4542.67329,4542.4008,4542.45862
2026-05-30 17:00:00+00:00,4542.4689,4542.67329,4542.4008,4542.52645
2026-05-30 21:00:00+00:00,4542.4689,4542.67329,4542.40081,4542.57026
2026-05-31 01:00:00+00:00,4542.4689,4542.6733,4542.40081,4542.5452
2026-05-31 05:00:00+00:00,4542.4689,4542.6733,4542.40082,4542.57321
2026-05-31 09:00:00+00:00,4542.4689,4542.6733,4542.40082,4542.43531
2026-05-31 13:00:00+00:00,4542.4689,4542.6733,4542.40083,4542.46295
2026-05-31 17:00:00+00:00,4542.4689,4542.84688,4542.32919,4542.5767
2026-05-31 21:00:00+00:00,4542.51773,4547.2852,4516.71183,4538.07634
2026-06-01 01:00:00+00:00,4538.93792,4542.09382,4509.58286,4514.02489
2026-06-01 05:00:00+00:00,4513.68334,4523.78096,4491.22979,4497.31116
2026-06-01 09:00:00+00:00,4497.05106,4512.22814,4490.95073,4500.10601
2026-06-01 13:00:00+00:00,4500.25285,4503.09932,4447.44688,4478.99334
2026-06-01 17:00:00+00:00,4479.37056,4495.79643,4465.01534,4484.65892
2026-06-01 21:00:00+00:00,4483.98323,4496.80727,4465.88067,4482.27458
2026-06-02 01:00:00+00:00,4482.49472,4517.23392,4464.08642,4516.84972
2026-06-02 05:00:00+00:00,4516.04604,4540.08899,4515.70631,4526.41102
2026-06-02 09:00:00+00:00,4526.48309,4536.1947,4514.16782,4514.83376
2026-06-02 13:00:00+00:00,4516.33656,4524.23017,4487.16058,4491.17467
2026-06-02 17:00:00+00:00,4490.64748,4492.40082,4477.76652,4488.67153
2026-06-02 21:00:00+00:00,4488.40791,4496.20071,4462.33888,4486.63196
2026-06-03 01:00:00+00:00,4487.23764,4488.1289,4464.88369,4469.27482
2026-06-03 05:00:00+00:00,4469.32354,4474.0985,4441.48346,4441.83416
2026-06-03 09:00:00+00:00,4442.28268,4467.68532,4438.96384,4462.07739
2026-06-03 13:00:00+00:00,4461.46832,4465.28243,4429.09026,4442.88944
2026-06-03 17:00:00+00:00,4442.16451,4452.32841,4431.21076,4434.46857
2026-06-03 21:00:00+00:00,4434.26768,4464.08642,4424.58298,4447.76251
2026-06-04 01:00:00+00:00,4447.83991,4484.57924,4445.43232,4480.68768
2026-06-04 05:00:00+00:00,4480.36476,4482.27836,4458.91113,4463.79734
2026-06-04 09:00:00+00:00,4464.12794,4515.39736,4460.18025,4504.28119
2026-06-04 13:00:00+00:00,4504.60027,4515.79837,4458.71232,4482.76326
2026-06-04 17:00:00+00:00,4483.08205,4483.08431,4473.26142,4475.96582
2026-06-04 21:00:00+00:00,4475.678,4481.29061,4451.56695,4461.52126
2026-06-05 01:00:00+00:00,4463.56351,4469.07401,4434.5795,4445.29336
2026-06-05 05:00:00+00:00,4445.41401,4467.07764,4429.15481,4463.21456
2026-06-05 09:00:00+00:00,4463.10937,4476.39626,4408.76939,4411.66698
2026-06-05 13:00:00+00:00,4411.89295,4420.28025,4325.63371,4343.24563
2026-06-05 17:00:00+00:00,4342.87369,4348.51577,4312.20354,4328.95948
2026-06-05 21:00:00+00:00,4328.79582,4330.46662,4328.01662,4330.17559
2026-06-06 01:00:00+00:00,4330.10444,4330.30885,4330.04033,4330.2016
2026-06-06 05:00:00+00:00,4330.10429,4330.30991,4330.03784,4330.16151
2026-06-06 09:00:00+00:00,4330.10466,4330.30678,4330.03784,4330.09453
2026-06-06 13:00:00+00:00,4330.10279,4330.29756,4330.03784,4330.07122
2026-06-06 17:00:00+00:00,4330.10279,4330.29757,4330.03784,4330.15149
2026-06-06 21:00:00+00:00,4330.10279,4330.29946,4330.03784,4330.1798
2026-06-07 01:00:00+00:00,4330.10466,4330.29946,4330.03972,4330.20071
2026-06-07 05:00:00+00:00,4330.10466,4330.29947,4330.03973,4330.16557
2026-06-07 09:00:00+00:00,4330.10466,4330.29947,4330.03973,4330.09253
2026-06-07 13:00:00+00:00,4330.10466,4330.29948,4330.03973,4330.07416
2026-06-07 17:00:00+00:00,4330.10466,4331.8172,4329.00433,4330.1492
2026-06-07 21:00:00+00:00,4330.10644,4352.93606,4309.97328,4343.45487
2026-06-08 01:00:00+00:00,4343.36404,4343.36404,4303.66932,4309.24093
2026-06-08 05:00:00+00:00,4309.47875,4318.61325,4268.19299,4289.36555
2026-06-08 09:00:00+00:00,4288.95894,4338.39479,4272.52932,4332.80719
2026-06-08 13:00:00+00:00,4331.0684,4345.93655,4315.92577,4341.40222
2026-06-08 17:00:00+00:00,4341.27052,4346.08966,4323.95036,4330.19194
2026-06-08 21:00:00+00:00,4330.08007,4332.38021,4313.69166,4320.59116
2026-06-09 01:00:00+00:00,4320.02048,4341.59684,4320.02048,4329.13157
2026-06-09 05:00:00+00:00,4328.98583,4350.28494,4320.96098,4327.07122
2026-06-09 09:00:00+00:00,4327.61094,4344.13944,4325.69878,4340.04207
2026-06-09 13:00:00+00:00,4339.50849,4359.95814,4236.57007,4249.08022
2026-06-09 17:00:00+00:00,4248.36187,4276.3012,4248.36187,4260.08482
2026-06-09 21:00:00+00:00,4260.09729,4266.04904,4200.62169,4217.50794
2026-06-10 01:00:00+00:00,4215.85099,4221.96451,4172.56917,4174.98234
2026-06-10 05:00:00+00:00,4174.87617,4223.93616,4160.94537,4168.84634
2026-06-10 09:00:00+00:00,4169.32815,4177.80749,4134.11055,4144.53167
2026-06-10 13:00:00+00:00,4145.18388,4184.8008,4107.11352,4121.19878
2026-06-10 17:00:00+00:00,4120.66051,4133.93964,4067.52085,4071.58097
2026-06-10 21:00:00+00:00,4071.20709,4077.67328,4023.49722,4076.80783
2026-06-11 01:00:00+00:00,4076.28737,4116.97393,4054.328,4082.17731
2026-06-11 05:00:00+00:00,4082.65812,4112.51851,4072.32448,4086.04396
2026-06-11 09:00:00+00:00,4086.42472,4095.84272,4057.78283,4076.53213
2026-06-11 13:00:00+00:00,4077.91039,4106.10167,4053.79247,4082.22428
2026-06-11 17:00:00+00:00,4081.67764,4217.98549,4072.32448,4211.07514
2026-06-11 21:00:00+00:00,4211.30068,4245.20292,4201.50414,4204.94301
2026-06-12 01:00:00+00:00,4203.30225,4207.3376,4172.05557,4190.71136
2026-06-12 05:00:00+00:00,4191.07794,4225.47114,4170.14178,4221.41302
2026-06-12 09:00:00+00:00,4222.04787,4229.55647,4190.12355,4190.25349
2026-06-12 13:00:00+00:00,4190.75164,4237.39412,4168.76731,4217.24462
2026-06-12 17:00:00+00:00,4216.91603,4235.28608,4202.21036,4217.96336
2026-06-12 21:00:00+00:00,4218.56207,4221.12451,4215.14079,4215.35197
2026-06-13 01:00:00+00:00,4215.29019,4215.48146,4215.22043,4215.27642
2026-06-13 05:00:00+00:00,4215.29181,4215.48862,4215.22126,4215.25824
2026-06-13 09:00:00+00:00,4215.28749,4215.48627,4215.22298,4215.33327
2026-06-13 13:00:00+00:00,4215.29537,4215.48505,4215.2322,4215.37552
2026-06-13 17:00:00+00:00,4215.29537,4215.48505,4215.2322,4215.38604
2026-06-13 21:00:00+00:00,4215.29537,4215.48468,4215.22864,4215.36087
2026-06-14 01:00:00+00:00,4215.29181,4215.48149,4215.22865,4215.27315
2026-06-14 05:00:00+00:00,4215.29181,4215.4815,4215.22865,4215.26542
2026-06-14 09:00:00+00:00,4215.29181,4215.4815,4215.22866,4215.3247
2026-06-14 13:00:00+00:00,4215.29181,4215.4815,4215.22866,4215.37522
2026-06-14 17:00:00+00:00,4215.29181,4215.48149,4215.21553,4215.36946
2026-06-14 21:00:00+00:00,4215.28083,4307.00319,4213.19131,4294.11045
2026-06-15 01:00:00+00:00,4294.16868,4335.76807,4286.75609,4328.51195
2026-06-15 05:00:00+00:00,4328.305,4345.37001,4299.29446,4335.85031
2026-06-15 09:00:00+00:00,4335.68142,4349.52808,4325.82082,4348.42567
2026-06-15 13:00:00+00:00,4348.49871,4367.57512,4334.08301,4339.03231
2026-06-15 17:00:00+00:00,4339.08851,4339.69483,4306.63221,4309.42435
2026-06-15 21:00:00+00:00,4309.05706,4319.72529,4306.21952,4318.19141
2026-06-16 01:00:00+00:00,4318.47337,4333.36199,4308.11649,4322.15189
2026-06-16 05:00:00+00:00,4322.32092,4346.2746,4313.88967,4344.83258
2026-06-16 09:00:00+00:00,4344.88959,4355.91345,4336.27324,4352.76865
2026-06-16 13:00:00+00:00,4353.035,4355.72565,4314.99461,4341.20035
2026-06-16 17:00:00+00:00,4341.71763,4343.5832,4325.75809,4331.36946
2026-06-16 21:00:00+00:00,4331.25761,4341.03143,4329.19174,4336.24744
2026-06-17 01:00:00+00:00,4336.27539,4349.52808,4319.65443,4324.39848
2026-06-17 05:00:00+00:00,4324.28682,4333.69447,4317.27296,4325.37164
2026-06-17 09:00:00+00:00,4325.18685,4335.00954,4320.02765,4333.01654
2026-06-17 13:00:00+00:00,4332.93971,4366.43088,4323.52001,4358.72319
2026-06-17 17:00:00+00:00,4358.04788,4383.61801,4220.01613,4258.07298
2026-06-17 21:00:00+00:00,4257.66935,4314.62225,4255.68133,4310.87917
2026-06-18 01:00:00+00:00,4312.0293,4329.94155,4307.5483,4316.11555
2026-06-18 05:00:00+00:00,4316.20442,4323.95036,4266.93975,4267.32439
2026-06-18 09:00:00+00:00,4267.72303,4273.13905,4239.7327,4247.61844
2026-06-18 13:00:00+00:00,4247.05269,4275.14856,4214.01683,4217.39301
2026-06-18 17:00:00+00:00,4216.36433,4232.98341,4202.11632,4209.12291
2026-06-18 21:00:00+00:00,4208.51583,4211.05824,4183.1412,4191.00615
2026-06-19 01:00:00+00:00,4190.75515,4193.92719,4125.58274,4125.88226
2026-06-19 05:00:00+00:00,4126.18913,4178.54483,4122.52133,4165.95128
2026-06-19 09:00:00+00:00,4166.45885,4177.45843,4139.97416,4177.08057
2026-06-19 13:00:00+00:00,4176.42012,4183.38096,4144.04708,4154.75204
2026-06-19 17:00:00+00:00,4154.80117,4160.47464,4154.54121,4156.6112
2026-06-19 21:00:00+00:00,4156.46111,4156.7484,4156.27598,4156.53799
2026-06-20 01:00:00+00:00,4156.54261,4156.74371,4156.48012,4156.61661
2026-06-20 05:00:00+00:00,4156.54863,4156.73928,4156.48148,4156.63546
2026-06-20 09:00:00+00:00,4156.54064,4156.74439,4156.47968,4156.60601
2026-06-20 13:00:00+00:00,4156.54202,4156.72896,4156.47968,4156.64193
2026-06-20 17:00:00+00:00,4156.54202,4156.72897,4156.47968,4156.51085
2026-06-20 21:00:00+00:00,4156.54202,4156.73244,4156.47968,4156.60282
2026-06-21 01:00:00+00:00,4156.54548,4156.73245,4156.48314,4156.6089
2026-06-21 05:00:00+00:00,4156.54548,4156.73245,4156.48314,4156.63897
2026-06-21 09:00:00+00:00,4156.54548,4156.73246,4156.48314,4156.60526
2026-06-21 13:00:00+00:00,4156.54548,4156.73246,4156.48314,4156.54227
2026-06-21 17:00:00+00:00,4156.54548,4157.44038,4155.23976,4156.5162
2026-06-21 21:00:00+00:00,4156.54721,4199.33688,4135.46633,4194.08601
2026-06-22 01:00:00+00:00,4195.59055,4216.38487,4170.81089,4181.30687
2026-06-22 05:00:00+00:00,4180.46242,4207.16059,4179.72832,4195.08009
2026-06-22 09:00:00+00:00,4195.40455,4214.2526,4193.22047,4193.62349
2026-06-22 13:00:00+00:00,4194.23207,4209.64008,4172.05557,4190.07087
2026-06-22 17:00:00+00:00,4189.20597,4194.279,4178.33117,4191.78368
2026-06-22 21:00:00+00:00,4192.03092,4195.10073,4178.85499,4193.44278
2026-06-23 01:00:00+00:00,4193.11026,4195.86288,4121.21679,4123.33723
2026-06-23 05:00:00+00:00,4126.05721,4137.01804,4092.15534,4103.62106
2026-06-23 09:00:00+00:00,4103.99602,4132.2314,4103.57421,4114.5209
2026-06-23 13:00:00+00:00,4115.43922,4143.01694,4105.49574,4132.71109
2026-06-23 17:00:00+00:00,4132.6601,4140.44386,4107.78837,4110.44546
2026-06-23 21:00:00+00:00,4109.93157,4114.71835,4081.96587,4094.3685
2026-06-24 01:00:00+00:00,4095.32367,4101.04987,4050.56143,4066.55553
2026-06-24 05:00:00+00:00,4066.03423,4096.68169,4060.91039,4076.95117
2026-06-24 09:00:00+00:00,4077.25046,4079.51551,3991.19791,3992.99029
2026-06-24 13:00:00+00:00,3995.33519,4040.5673,3965.42152,4007.14851
2026-06-24 17:00:00+00:00,4007.64267,4011.23145,3961.49428,4001.11524
2026-06-24 21:00:00+00:00,4000.57448,4018.32356,3978.89218,3991.43205
2026-06-25 01:00:00+00:00,3993.27432,4003.68339,3964.41385,3995.94267
2026-06-25 05:00:00+00:00,3995.80255,4001.60064,3972.98371,3989.40351
2026-06-25 09:00:00+00:00,3989.71296,4018.00064,3971.54328,4010.5468
2026-06-25 13:00:00+00:00,4011.09356,4043.83517,4002.33994,4028.58865
2026-06-25 17:00:00+00:00,4028.37725,4044.57442,4021.71727,4026.44634
2026-06-25 21:00:00+00:00,4026.49141,4036.16403,4012.19708,4022.69729
2026-06-26 01:00:00+00:00,4021.32748,4029.49591,3984.06375,4013.41772
2026-06-26 05:00:00+00:00,4013.41805,4040.40404,4005.20027,4031.38657
2026-06-26 09:00:00+00:00,4031.1586,4060.53331,4029.76903,4059.06601
2026-06-26 13:00:00+00:00,4057.18199,4095.31638,4039.42379,4084.78937
2026-06-26 17:00:00+00:00,4084.93888,4089.31054,4063.81756,4088.92554
2026-06-26 21:00:00+00:00,4088.78641,4091.22487,4080.75567,4080.86659
2026-06-27 01:00:00+00:00,4080.81796,4081.01002,4080.75528,4080.90857
2026-06-27 05:00:00+00:00,4080.8175,4081.01002,4080.75694,4080.89282
2026-06-27 09:00:00+00:00,4080.82104,4081.01073,4080.76027,4080.91281
2026-06-27 13:00:00+00:00,4080.82149,4081.00503,4080.76027,4080.7918
2026-06-27 17:00:00+00:00,4080.82149,4081.00502,4080.76027,4080.81341
2026-06-27 21:00:00+00:00,4080.82149,4081.00668,4080.76027,4080.87618
2026-06-28 01:00:00+00:00,4080.82315,4081.00668,4080.76194,4080.91441
2026-06-28 05:00:00+00:00,4080.82315,4081.00669,4080.76194,4080.89056
2026-06-28 09:00:00+00:00,4080.82315,4081.00669,4080.76194,4080.91779
2026-06-28 13:00:00+00:00,4080.82315,4081.0067,4080.76194,4080.79282
2026-06-28 17:00:00+00:00,4080.82315,4081.13292,4080.63331,4080.80878
2026-06-28 21:00:00+00:00,4080.82962,4092.0206,4048.91084,4071.47852
2026-06-29 01:00:00+00:00,4071.62831,4074.81358,4049.5667,4049.81034
2026-06-29 05:00:00+00:00,4050.32701,4068.51377,4039.91435,4045.86592
2026-06-29 09:00:00+00:00,4046.89227,4054.16363,4026.08906,4043.22079
2026-06-29 13:00:00+00:00,4043.55628,4052.19224,4002.40144,4024.793
2026-06-29 17:00:00+00:00,4024.99549,4031.60781,4005.7401,4016.52691
2026-06-29 21:00:00+00:00,4016.3401,4021.87902,3980.30019,3985.45163
2026-06-30 01:00:00+00:00,3982.86507,3997.0469,3949.44708,3985.50974
2026-06-30 05:00:00+00:00,3986.03992,4036.9413,3976.44032,4014.51511
2026-06-30 09:00:00+00:00,4014.99754,4036.37717,4009.30158,4009.52345
2026-06-30 13:00:00+00:00,4010.11546,4063.05867,4010.11546,4026.58776
2026-06-30 17:00:00+00:00,4027.21032,4033.7437,4006.57078,4007.70422
2026-06-30 21:00:00+00:00,4007.52576,4018.16209,3995.20575,3997.38855
2026-07-01 01:00:00+00:00,3998.15246,3999.32406,3970.45978,3977.89243
2026-07-01 05:00:00+00:00,3978.15448,3986.36282,3959.59368,3973.35841
2026-07-01 09:00:00+00:00,3973.70908,4036.10385,3972.98371,4025.41607
2026-07-01 13:00:00+00:00,4025.33671,4115.77285,4012.7717,4071.71746
2026-07-01 17:00:00+00:00,4072.59276,4073.54173,4029.65828,4031.56804
2026-07-01 21:00:00+00:00,4031.38647,4052.35645,4028.94876,4050.71499
2026-07-02 01:00:00+00:00,4050.60546,4074.31551,4041.52849,4061.92557
2026-07-02 05:00:00+00:00,4062.28772,4079.80091,4053.99927,4077.06992
2026-07-02 09:00:00+00:00,4077.78157,4139.75824,4057.8438,4117.95763
2026-07-02 13:00:00+00:00,4118.8628,4142.39852,4100.37723,4118.55277
2026-07-02 17:00:00+00:00,4118.36272,4125.92318,4105.35636,4123.87904
2026-07-02 21:00:00+00:00,4123.72424,4150.23864,4120.90817,4149.28341
2026-07-03 01:00:00+00:00,4149.33156,4195.33479,4145.21895,4178.78315
2026-07-03 05:00:00+00:00,4178.56546,4186.90337,4161.98443,4182.18452
2026-07-03 09:00:00+00:00,4181.85026,4186.55279,4168.92483,4172.57735
2026-07-03 13:00:00+00:00,4173.24474,4179.47649,4156.27598,4174.47128
2026-07-03 17:00:00+00:00,4174.93694,4176.1049,4174.58316,4174.93638
2026-07-03 21:00:00+00:00,4174.90346,4175.10346,4174.84061,4174.99682
2026-07-04 01:00:00+00:00,4174.91212,4175.09997,4174.8424,4174.99981
2026-07-04 05:00:00+00:00,4174.91417,4175.102,4174.8424,4174.98864
2026-07-04 09:00:00+00:00,4174.91212,4175.10169,4174.8424,4174.88337
2026-07-04 13:00:00+00:00,4174.90689,4175.09474,4174.84431,4174.88503
2026-07-04 17:00:00+00:00,4174.90689,4175.09474,4174.8443,4174.94111
2026-07-04 21:00:00+00:00,4174.90689,4175.09474,4167.47444,4174.99421
2026-07-05 01:00:00+00:00,4174.90689,4175.09473,4174.8443,4174.98999
2026-07-05 05:00:00+00:00,4174.90689,4175.09473,4174.84429,4174.98811
2026-07-05 09:00:00+00:00,4174.90689,4175.09473,4174.84429,4174.8811
2026-07-05 13:00:00+00:00,4174.90689,4175.09472,4174.84429,4174.88788
2026-07-05 17:00:00+00:00,4174.90689,4175.1096,4173.27435,4175.01112
2026-07-05 21:00:00+00:00,4174.96346,4202.03378,4170.84922,4179.03467
2026-07-06 01:00:00+00:00,4180.66557,4201.28023,4158.00416,4160.21239
2026-07-06 05:00:00+00:00,4160.36688,4165.79879,4146.28079,4151.96933
2026-07-06 09:00:00+00:00,4151.67666,4160.62992,4131.80986,4140.68503
2026-07-06 13:00:00+00:00,4141.64589,4156.44873,4129.33064,4156.1832
2026-07-06 17:00:00+00:00,4155.65877,4167.80418,4150.58316,4165.12051
2026-07-06 21:00:00+00:00,4164.60827,4169.44182,4147.24474,4148.54209
2026-07-07 01:00:00+00:00,4149.39924,4149.39924,4125.92318,4126.13408
2026-07-07 05:00:00+00:00,4126.46794,4139.00873,4117.59862,4126.7824
2026-07-07 09:00:00+00:00,4126.57319,4174.49384,4120.82252,4171.12205
2026-07-07 13:00:00+00:00,4169.07716,4179.37894,4136.33355,4143.54141
2026-07-07 17:00:00+00:00,4144.04506,4148.01393,4093.9768,4106.14352
2026-07-07 21:00:00+00:00,4106.19217,4125.75295,4094.10785,4113.87042
2026-07-08 01:00:00+00:00,4115.82963,4130.6952,4097.18523,4125.6744
2026-07-08 05:00:00+00:00,4125.9147,4134.11055,4055.15004,4055.46482
2026-07-08 09:00:00+00:00,4055.74994,4085.90878,4041.5471,4074.60396
2026-07-08 13:00:00+00:00,4075.95516,4082.01487,4022.20256,4063.41711
2026-07-08 17:00:00+00:00,4063.16669,4092.4117,4059.75966,4077.27796
2026-07-08 21:00:00+00:00,4077.44095,4088.99157,4070.83249,4073.57622
2026-07-09 01:00:00+00:00,4073.6447,4082.51324,4054.06488,4063.4864
2026-07-09 05:00:00+00:00,4063.15682,4116.41214,4062.92106,4108.86306
2026-07-09 09:00:00+00:00,4108.9413,4124.16757,4094.83641,4108.91023
2026-07-09 13:00:00+00:00,4110.32011,4137.70275,4107.45092,4129.2448
2026-07-09 17:00:00+00:00,4129.68779,4137.70275,4119.63418,4123.6425
2026-07-09 21:00:00+00:00,4123.75241,4127.90217,4114.96673,4126.1633
2026-07-10 01:00:00+00:00,4126.36849,4133.93964,4109.81424,4115.54884
2026-07-10 05:00:00+00:00,4115.56569,4119.97363,4095.17179,4097.30507
2026-07-10 09:00:00+00:00,4097.21222,4117.42908,4095.17179,4101.31759
2026-07-10 13:00:00+00:00,4100.73262,4125.6944,4076.64085,4105.54582
2026-07-10 17:00:00+00:00,4106.15029,4120.82252,4097.18533,4119.32483
2026-07-10 21:00:00+00:00,4119.46069,4120.42164,4110.97947,4111.53164
2026-07-11 01:00:00+00:00,4111.45158,4111.63825,4111.38687,4111.53461
2026-07-11 05:00:00+00:00,4111.45323,4111.63825,4111.3835,4111.42669
2026-07-11 09:00:00+00:00,4111.45296,4111.63804,4111.38147,4111.42663
2026-07-11 13:00:00+00:00,4111.44313,4111.62809,4111.38147,4111.48536
2026-07-11 17:00:00+00:00,4111.44313,4111.62809,4107.55154,4111.53243
2026-07-11 21:00:00+00:00,4111.44313,4111.6298,4111.3818,4111.52142
2026-07-12 01:00:00+00:00,4111.44482,4111.6298,4111.38317,4111.53173
2026-07-12 05:00:00+00:00,4111.44482,4111.6298,4111.38317,4111.41648
2026-07-12 09:00:00+00:00,4111.44482,4111.62981,4111.38318,4111.43161
2026-07-12 13:00:00+00:00,4111.44482,4111.62981,4111.38318,4111.49183
2026-07-12 17:00:00+00:00,4111.44482,4111.74068,4111.36101,4111.53882
2026-07-12 21:00:00+00:00,4111.4482,4112.96916,4065.53645,4076.90982
2026-07-13 01:00:00+00:00,4077.14875,4088.64175,4051.20726,4058.53438
2026-07-13 05:00:00+00:00,4058.19737,4080.83602,4044.81657,4074.80337
2026-07-13 09:00:00+00:00,4074.9291,4077.75682,4048.11596,4066.08214
2026-07-13 13:00:00+00:00,4064.99213,4067.52481,3986.60501,3992.42364
2026-07-13 17:00:00+00:00,3991.94425,4006.09555,3986.92289,4001.23284
2026-07-13 21:00:00+00:00,4001.38582,4007.89225,3985.81051,4007.35985
2026-07-14 01:00:00+00:00,4006.51607,4024.15476,3993.13181,4020.73075
2026-07-14 05:00:00+00:00,4020.37456,4033.39652,4015.58045,4016.46269
2026-07-14 09:00:00+00:00,4016.59484,4099.20066,4012.54715,4070.41345
2026-07-14 13:00:00+00:00,4071.30265,4097.88226,4057.94749,4061.23401
2026-07-14 17:00:00+00:00,4060.84973,4064.604,4043.17543,4052.83213
2026-07-14 21:00:00+00:00,4052.82,4060.25534,4046.81431,4059.95052
2026-07-15 01:00:00+00:00,4059.45165,4060.41904,4028.52194,4032.88851
2026-07-15 05:00:00+00:00,4032.61231,4036.99679,4016.65246,4032.94625
2026-07-15 09:00:00+00:00,4032.41248,4070.50108,4025.92697,4069.78762
2026-07-15 13:00:00+00:00,4068.58416,4077.62508,4025.78664,4032.79937
2026-07-15 17:00:00+00:00,4031.56814,4080.34808,4031.56814,4060.42611
2026-07-15 21:00:00+00:00,4060.34917,4068.67931,4047.11839,4048.12745
2026-07-16 01:00:00+00:00,4049.6637,4049.6637,4025.44079,4033.83753
2026-07-16 05:00:00+00:00,4034.01986,4036.00113,4023.08457,4035.25028
2026-07-16 09:00:00+00:00,4035.05478,4045.84468,3991.85661,3992.13856
2026-07-16 13:00:00+00:00,3992.71319,4016.70951,3975.98505,3993.54817
2026-07-16 17:00:00+00:00,3994.28818,3994.28818,3968.99714,3976.78276
2026-07-16 21:00:00+00:00,3976.51091,3990.94636,3971.39551,3990.47174
2026-07-17 01:00:00+00:00,3989.78174,4008.6587,3971.5636,3981.91131
2026-07-17 05:00:00+00:00,3981.82187,4006.73131,3976.30124,3997.44105
2026-07-17 09:00:00+00:00,3997.8025,4002.40144,3965.10706,3966.45036
2026-07-17 13:00:00+00:00,3967.59091,4022.84979,3961.80817,4015.41378
2026-07-17 17:00:00+00:00,4015.87362,4018.48503,4002.87485,4016.97584
2026-07-17 21:00:00+00:00,4016.96818,4018.00997,4010.40238,4010.62535
2026-07-18 01:00:00+00:00,4010.54775,4010.73964,4010.4813,4010.52823
2026-07-18 05:00:00+00:00,4010.55152,4010.73559,4010.48047,4010.53483
2026-07-18 09:00:00+00:00,4010.55606,4010.73719,4010.46996,4010.56465
2026-07-18 13:00:00+00:00,4010.53005,4010.71052,4010.46997,4010.61469
2026-07-18 17:00:00+00:00,4010.53005,4010.71052,4010.46997,4010.60888
2026-07-18 21:00:00+00:00,4010.53005,4010.71696,4010.47004,4010.61564
2026-07-19 01:00:00+00:00,4010.53648,4010.71696,4010.47643,4010.51117
2026-07-19 05:00:00+00:00,4010.53648,4010.71696,4010.47642,4010.51904
2026-07-19 09:00:00+00:00,4010.53648,4010.71696,4010.47642,4010.57555
2026-07-19 13:00:00+00:00,4010.53648,4010.71696,4010.47641,4010.62286
2026-07-19 17:00:00+00:00,4010.53648,4010.77281,4009.94466,4010.6058
2026-07-19 21:00:00+00:00,4010.53029,4010.72826,3983.42894,4001.4705
2026-07-20 01:00:00+00:00,4001.50626,4027.87288,3996.96231,4019.04179
2026-07-20 05:00:00+00:00,4019.31178,4030.83017,4001.80978,4019.41516
2026-07-20 09:00:00+00:00,4019.4626,4039.42479,4006.73131,4010.37329
2026-07-20 13:00:00+00:00,4009.82157,4019.13106,3998.72041,4010.01187
2026-07-20 17:00:00+00:00,4009.75295,4016.54818,4002.12251,4008.3034
2026-07-20 21:00:00+00:00,4008.18295,4027.70487,3999.73871,4024.52544
2026-07-21 01:00:00+00:00,4024.39212,4051.20726,4018.96954,4048.90574
2026-07-21 05:00:00+00:00,4048.8062,4085.13447,4047.0168,4061.8255
2026-07-21 09:00:00+00:00,4062.31221,4070.00407,4052.52067,4054.76949
2026-07-21 13:00:00+00:00,4054.63366,4082.84483,4044.48998,4071.53533
2026-07-21 17:00:00+00:00,4071.5814,4086.91226,4066.85916,4077.82773
2026-07-21 21:00:00+00:00,4077.84891,4100.88169,4075.31176,4096.42423
2026-07-22 01:00:00+00:00,4095.64207,4140.78675,4095.64207,4126.9772
2026-07-22 05:00:00+00:00,4126.883,4134.79429,4109.14544,4118.6392
2026-07-22 09:00:00+00:00,4118.61493,4133.76876,4109.64534,4114.72956
2026-07-22 13:00:00+00:00,4114.03932,4165.68194,4113.19513,4149.23868
2026-07-22 17:00:00+00:00,4148.70344,4148.70344,4128.82304,4130.28998
2026-07-22 21:00:00+00:00,4130.23041,4134.18909,4114.00879,4131.05388
2026-07-23 01:00:00+00:00,4128.98187,4141.06315,4112.73283,4121.3255
2026-07-23 05:00:00+00:00,4121.12226,4130.18338,4088.39628,4094.30708
2026-07-23 09:00:00+00:00,4094.16574,4098.86461,4062.76609,4063.71004
2026-07-23 13:00:00+00:00,4064.9536,4066.5284,4041.22045,4051.55323
2026-07-23 17:00:00+00:00,4051.39477,4054.90257,4040.2681,4049.51576
2026-07-23 21:00:00+00:00,4049.28375,4052.32916,4041.5471,4050.35203
2026-07-24 01:00:00+00:00,4050.18834,4050.46945,4022.1065,4028.05877
2026-07-24 05:00:00+00:00,4028.02514,4057.97551,4022.09051,4057.62641
2026-07-24 09:00:00+00:00,4056.7881,4064.73079,4051.20726,4053.86688
2026-07-24 13:00:00+00:00,4052.57313,4080.69327,4045.1438,4067.37724
2026-07-24 17:00:00+00:00,4067.07741,4069.93399,4049.40271,4053.47211
2026-07-24 21:00:00+00:00,4053.37645,4056.11207,4053.34198,4056.00432
2026-07-25 01:00:00+00:00,4055.92965,4056.11207,4055.86881,4056.01639
2026-07-25 05:00:00+00:00,4055.92965,4056.11206,4055.86881,4055.90133
2026-07-25 09:00:00+00:00,4055.92965,4056.11205,4055.85622,4055.90968
2026-07-25 13:00:00+00:00,4055.92142,4056.10386,4055.86059,4055.96953
2026-07-25 17:00:00+00:00,4055.92142,4056.10386,4055.86059,4056.01128
2026-07-25 21:00:00+00:00,4055.92142,4056.10549,4055.86059,4055.99391
2026-07-26 01:00:00+00:00,4055.92307,4056.10548,4055.86223,4056.01374
2026-07-26 05:00:00+00:00,4055.92307,4056.10548,4055.86223,4055.89359
2026-07-26 09:00:00+00:00,4055.92307,4056.10547,4055.86223,4055.91494
2026-07-26 13:00:00+00:00,4055.92307,4056.10547,4055.86223,4055.97574
2026-07-26 17:00:00+00:00,4055.92307,4057.61818,4055.08427,4056.01212
2026-07-26 21:00:00+00:00,4055.9211,4116.42784,4012.26194,4102.20248
2026-07-27 01:00:00+00:00,4104.8633,4113.98775,4085.1342,4090.63644
2026-07-27 05:00:00+00:00,4090.48688,4105.59593,4084.14467,4096.79104
2026-07-27 09:00:00+00:00,4096.57079,4104.2479,4081.96587,4085.16371
2026-07-27 13:00:00+00:00,4084.85005,4094.60524,4064.73676,4082.13877
2026-07-27 17:00:00+00:00,4082.12489,4089.80554,4070.50108,4076.96247
2026-07-27 21:00:00+00:00,4076.90987,4081.46606,4058.44156,4059.05246
2026-07-28 01:00:00+00:00,4059.84612,4059.92449,4040.73056,4042.611
2026-07-28 05:00:00+00:00,4042.71192,4054.56028,4036.04074,4044.19307
2026-07-28 09:00:00+00:00,4043.68018,4046.51752,4016.74475,4029.10709
2026-07-28 13:00:00+00:00,4029.53001,4046.8378,4012.44894,4037.01457
2026-07-28 17:00:00+00:00,4037.03356,4041.22045,4021.27995,4028.58082
2026-07-28 21:00:00+00:00,4028.68301,4029.49591,4013.93883,4021.76694
2026-07-29 01:00:00+00:00,4021.47326,4037.95679,4009.78989,4026.47127
2026-07-29 05:00:00+00:00,4026.39184,4047.76361,4026.39184,4037.91849
2026-07-29 09:00:00+00:00,4038.26985,4038.26985,4010.58795,4022.05859
2026-07-29 13:00:00+00:00,4022.34351,4031.60781,3996.32338,4028.01696
2026-07-29 17:00:00+00:00,4028.81066,4114.04122,4026.73754,4066.93415
2026-07-29 21:00:00+00:00,4066.17292,4099.3687,4064.54497,4071.0237
2026-07-30 01:00:00+00:00,4070.19925,4093.31423,4045.79844,4045.92137
2026-07-30 05:00:00+00:00,4046.04247,4072.65619,4029.1712,4061.34024
2026-07-30 09:00:00+00:00,4060.96414,4087.95633,4060.27162,4073.11716
2026-07-30 13:00:00+00:00,4072.35882,4119.46447,4062.78838,4109.17571
2026-07-30 17:00:00+00:00,4109.45777,4116.75793,4099.03263,4103.49754
2026-07-30 21:00:00+00:00,4103.37557,4112.01118,4090.81612,4093.69405
2026-07-31 01:00:00+00:00,4093.40878,4101.21806,4072.49033,4079.38138
2026-07-31 05:00:00+00:00,4078.97774,4088.52621,4055.47895,4063.94295
2026-07-31 09:00:00+00:00,4063.72802,4064.09033,4041.2066,4041.52452
2026-07-31 13:00:00+00:00,4042.17359,4051.60436,4021.07041,4043.59633
2026-07-31 17:00:00+00:00,4043.37403,4055.64343,4041.71045,4045.25141
2026-07-31 21:00:00+00:00,4044.91865,4044.91865,4042.03719,4042.78437
2026-08-01 01:00:00+00:00,4042.69218,4042.87344,4042.62101,4042.65577
2026-08-01 05:00:00+00:00,4042.68559,4042.86613,4042.61906,4042.67943
2026-08-01 09:00:00+00:00,4042.68264,4042.86613,4042.61875,4042.73759
2026-08-01 13:00:00+00:00,4042.67937,4042.86124,4042.61874,4042.7703
2026-08-01 17:00:00+00:00,4042.67937,4042.86124,4042.61874,4042.74098
2026-08-01 21:00:00+00:00,4042.67937,4042.86123,4042.61874,4042.77697
2026-08-02 01:00:00+00:00,4042.67937,4042.86123,4042.61874,4042.64906
2026-08-02 05:00:00+00:00,4042.67937,4042.86122,4042.61874,4042.73422
2026-08-02 09:00:00+00:00,4042.67937,4042.86121,4042.61874,4042.74187
2026-08-02 13:00:00+00:00,4042.67937,4042.86121,4042.61874,4042.77026
2026-08-02 17:00:00+00:00,4042.67937,4043.50815,4042.20057,4042.7451
2026-08-02 21:00:00+00:00,4042.68784,4088.47459,4022.31329,4056.35969
2026-08-03 01:00:00+00:00,4056.75851,4071.66124,4047.92746,4065.18093
2026-08-03 05:00:00+00:00,4065.77708,4070.99821,4052.84915,4058.77361
2026-08-03 09:00:00+00:00,4058.93993,4064.21459,4042.80435,4048.52703
2026-08-03 13:00:00+00:00,4048.27683,4051.53553,4022.04078,4037.17526
2026-08-03 17:00:00+00:00,4036.68133,4057.94749,4029.79402,4055.3131
2026-08-03 21:00:00+00:00,4055.25693,4069.34158,4049.40271,4050.49752
2026-08-04 01:00:00+00:00,4051.77759,4066.28922,4042.61423,4065.8081
2026-08-04 05:00:00+00:00,4064.93627,4072.65619,4054.9856,4055.44756
2026-08-04 09:00:00+00:00,4055.36481,4084.01137,4045.56485,4070.9014
2026-08-04 13:00:00+00:00,4071.28831,4093.74217,4062.50782,4093.62954
2026-08-04 17:00:00+00:00,4093.40369,4105.94294,4074.97963,4077.39577
2026-08-04 21:00:00+00:00,4077.53527,4086.05472,4065.90565,4082.03607
2026-08-05 01:00:00+00:00,4082.04942,4141.3012,4078.12536,4134.85877
2026-08-05 05:00:00+00:00,4134.91838,4179.30077,4134.91838,4160.16279
2026-08-05 09:00:00+00:00,4160.20114,4212.47736,4150.27668,4184.10763
2026-08-05 13:00:00+00:00,4184.38768,4267.13964,4183.16763,4240.74209
2026-08-05 17:00:00+00:00,4240.0459,4265.11985,4235.79107,4246.99711
2026-08-05 21:00:00+00:00,4246.60064,4299.15389,4245.95111,4295.86705
2026-08-06 01:00:00+00:00,4295.38811,4304.07478,4253.32823,4262.56053
2026-08-06 05:00:00+00:00,4262.52598,4278.16156,4244.1349,4277.6147
2026-08-06 09:00:00+00:00,4276.61763,4284.96,4249.89375,4250.97314
2026-08-06 13:00:00+00:00,4250.88557,4277.07167,4224.22648,4240.99314
2026-08-06 17:00:00+00:00,4241.19154,4251.88146,4232.86878,4240.8196
2026-08-06 21:00:00+00:00,4240.67481,4252.78557,4230.65533,4232.01982
2026-08-07 01:00:00+00:00,4231.79789,4269.71926,4230.24215,4265.9398
2026-08-07 05:00:00+00:00,4266.93245,4319.28127,4262.11014,4303.81895
2026-08-07 09:00:00+00:00,4303.98955,4371.01145,4302.18292,4357.1706
2026-08-07 13:00:00+00:00,4357.766,4367.35724,4328.62956,4329.28519
2026-08-07 17:00:00+00:00,4329.80834,4349.79584,4326.71361,4342.63347
2026-08-07 21:00:00+00:00,4342.38579,4342.9167,4341.59684,4342.32847
2026-08-08 01:00:00+00:00,4342.26233,4342.55321,4342.19725,4342.35287
2026-08-08 05:00:00+00:00,4342.26859,4342.46336,4342.1624,4342.35231
2026-08-08 09:00:00+00:00,4342.26044,4342.45771,4342.1624,4342.33684
2026-08-08 13:00:00+00:00,4342.26233,4342.45771,4342.19723,4342.24097
2026-08-08 17:00:00+00:00,4342.26233,4342.4577,4342.19723,4342.23668
2026-08-08 21:00:00+00:00,4342.26233,4342.4577,4342.19534,4342.29088
2026-08-09 01:00:00+00:00,4342.26044,4342.45582,4342.19534,4342.34843
2026-08-09 05:00:00+00:00,4342.26044,4342.45581,4342.19534,4342.34993
2026-08-09 09:00:00+00:00,4342.26044,4342.45581,4342.19533,4342.33985
2026-08-09 13:00:00+00:00,4342.26044,4342.45581,4342.19533,4342.23624
2026-08-09 17:00:00+00:00,4342.26044,4342.7281,4342.16142,4342.18657
2026-08-09 21:00:00+00:00,4342.28568,4355.9871,4331.25433,4332.14584
2026-08-10 01:00:00+00:00,4331.95814,4339.06144,4313.50559,4337.37602
2026-08-10 05:00:00+00:00,4337.83472,4361.48225,4332.94337,4347.2738
2026-08-10 09:00:00+00:00,4346.88484,4349.71727,4325.82082,4334.66577
2026-08-10 13:00:00+00:00,4334.54036,4364.71564,4317.12328,4355.92157
2026-08-10 17:00:00+00:00,4355.08366,4395.6044,4352.93606,4389.993
2026-08-10 21:00:00+00:00,4389.83451,4422.79946,4387.27137,4410.25099
2026-08-11 01:00:00+00:00,4411.64976,4434.78647,4392.55003,4406.92213
2026-08-11 05:00:00+00:00,4406.34773,4408.58793,4356.48594,4370.4767
2026-08-11 09:00:00+00:00,4370.80666,4400.24641,4366.97202,4394.61516
2026-08-11 13:00:00+00:00,4394.05368,4407.93875,4370.25762,4384.11668
2026-08-11 17:00:00+00:00,4384.2809,4385.00329,4361.2892,4367.71611
2026-08-11 21:00:00+00:00,4368.15364,4383.77641,4363.38249,4380.61545
2026-08-12 01:00:00+00:00,4380.35025,4415.01104,4378.36336,4400.88689
2026-08-12 05:00:00+00:00,4400.75155,4410.14333,4385.0347,4402.05648
2026-08-12 09:00:00+00:00,4402.24767,4438.32941,4381.60221,4435.24642
2026-08-12 13:00:00+00:00,4434.37883,4441.22288,4397.73077,4401.78156
2026-08-12 17:00:00+00:00,4400.19398,4418.71432,4396.76398,4409.04752
2026-08-12 21:00:00+00:00,4408.74155,4449.78419,4398.31105,4427.36963
2026-08-13 01:00:00+00:00,4427.70384,4436.23856,4392.90107,4398.26874
2026-08-13 05:00:00+00:00,4398.06126,4407.03363,4364.90615,4375.53737
2026-08-13 09:00:00+00:00,4375.71907,4400.44004,4373.49661,4399.88013
2026-08-13 13:00:00+00:00,4398.48166,4401.02104,4351.79947,4366.72968
2026-08-13 17:00:00+00:00,4366.92326,4373.86654,4345.18119,4351.17522
2026-08-13 21:00:00+00:00,4350.64279,4364.52514,4333.37208,4340.38305
2026-08-14 01:00:00+00:00,4340.3467,4342.3893,4311.90719,4325.8294
2026-08-14 05:00:00+00:00,4325.78644,4349.52808,4310.61379,4347.69693
2026-08-14 09:00:00+00:00,4347.72498,4385.7199,4346.00997,4374.37563
2026-08-14 13:00:00+00:00,4374.20036,4396.587,4370.08531,4385.33372
2026-08-14 17:00:00+00:00,4385.59525,4387.44641,4371.20252,4376.56187
2026-08-14 21:00:00+00:00,4376.01866,4376.94227,4375.5341,4375.56147
2026-08-15 01:00:00+00:00,4375.59437,4375.80605,4375.52894,4375.65261
2026-08-15 05:00:00+00:00,4375.59958,4375.80419,4375.53266,4375.67185
2026-08-15 09:00:00+00:00,4375.59973,4375.80126,4375.53027,4375.69375
2026-08-15 13:00:00+00:00,4375.5959,4375.79269,4375.53027,4375.65294
2026-08-15 17:00:00+00:00,4375.5959,4375.79269,4375.53027,4375.58712
2026-08-15 21:00:00+00:00,4375.5959,4379.85286,4375.53078,4375.566
2026-08-16 01:00:00+00:00,4375.59782,4375.79461,4375.53218,4375.6466
2026-08-16 05:00:00+00:00,4375.59782,4375.79462,4375.53218,4375.67416
2026-08-16 09:00:00+00:00,4375.59782,4375.79462,4375.53218,4375.69475
2026-08-16 13:00:00+00:00,4375.59782,4375.79463,4375.53218,4375.6599
2026-08-16 17:00:00+00:00,4375.59782,4375.84991,4375.52542,4375.54686
2026-08-16 21:00:00+00:00,4375.60522,4400.63369,4367.39807,4400.35207
2026-08-17 01:00:00+00:00,4399.97672,4415.05846,4388.23785,4391.44766
2026-08-17 05:00:00+00:00,4392.49175,4410.92144,4386.03674,4395.4847
2026-08-17 09:00:00+00:00,4395.29904,4406.83165,4377.70871,4386.04328
2026-08-17 13:00:00+00:00,4385.67094,4427.91357,4382.50504,4424.71751
2026-08-17 17:00:00+00:00,4424.82376,4426.49759,4398.50451,4416.62725
2026-08-17 21:00:00+00:00,4416.46004,4433.69603,4410.92144,4432.5244
2026-08-18 01:00:00+00:00,4430.55095,4435.5801,4389.68192,4394.07003
2026-08-18 05:00:00+00:00,4394.37563,4403.54045,4385.77255,4393.22328
2026-08-18 09:00:00+00:00,4393.15354,4400.0528,4386.47555,4394.50697
2026-08-18 13:00:00+00:00,4393.96118,4404.70422,4352.9562,4363.71052
2026-08-18 17:00:00+00:00,4363.76006,4368.14747,4330.69161,4335.67938
2026-08-18 21:00:00+00:00,4335.3554,4347.75561,4327.50563,4337.60619
2026-08-19 01:00:00+00:00,4338.52928,4362.70139,4325.9749,4348.72367
2026-08-19 05:00:00+00:00,4347.7932,4363.00175,4333.92267,4355.3359
2026-08-19 09:00:00+00:00,4355.37304,4442.47001,4354.07324,4437.9365
2026-08-19 13:00:00+00:00,4438.10521,4498.28809,4423.90281,4494.60203
2026-08-19 17:00:00+00:00,4494.61982,4524.47742,4473.67244,4523.24519
2026-08-19 21:00:00+00:00,4523.14482,4527.83263,4504.09873,4509.85331
2026-08-20 01:00:00+00:00,4509.61846,4509.61846,4484.10385,4488.88341
2026-08-20 05:00:00+00:00,4489.12793,4499.16843,4478.4809,4488.57513
2026-08-20 09:00:00+00:00,4488.53852,4495.12233,4451.3688,4475.87318
2026-08-20 13:00:00+00:00,4475.45371,4544.49492,4470.72172,4511.01633
2026-08-20 17:00:00+00:00,4510.6599,4532.26976,4507.30952,4519.34377
2026-08-20 21:00:00+00:00,4519.29236,4532.50737,4510.1304,4511.17591
2026-08-21 01:00:00+00:00,4511.0523,4547.99406,4509.73245,4541.00895
2026-08-21 05:00:00+00:00,4541.17517,4583.58744,4531.03761,4583.29476
2026-08-21 09:00:00+00:00,4582.61032,4606.17632,4564.75099,4577.81063
2026-08-21 13:00:00+00:00,4577.55695,4628.5582,4574.35616,4628.44541
2026-08-21 17:00:00+00:00,4628.04807,4631.91226,4603.20383,4603.92129
2026-08-21 21:00:00+00:00,4603.83002,4608.84039,4602.74522,4608.10902
2026-08-22 01:00:00+00:00,4608.18274,4608.39801,4608.08258,4608.22003
2026-08-22 05:00:00+00:00,4608.18238,4608.39585,4608.08258,4608.27865
2026-08-22 09:00:00+00:00,4608.182,4608.39462,4608.08258,4608.26976
2026-08-22 13:00:00+00:00,4608.17813,4608.38548,4608.10905,4608.26793
2026-08-22 17:00:00+00:00,4608.17813,4608.38547,4608.10905,4608.23369
2026-08-22 21:00:00+00:00,4608.17813,4608.38758,4608.08258,4608.15929
2026-08-23 01:00:00+00:00,4608.18026,4608.38758,4608.11116,4608.21758
