datetime,open,high,low,close
2026-08-05 10:05:00+00:00,4153.1727,4154.03149,4152.30661,4152.89552
2026-08-05 10:10:00+00:00,4153.02833,4153.3279,4151.27236,4151.40366
2026-08-05 10:15:00+00:00,4151.61717,4155.19868,4150.27668,4154.61738
2026-08-05 10:20:00+00:00,4153.24975,4158.17706,4153.24975,4156.41127
2026-08-05 10:25:00+00:00,4156.30658,4157.48555,4155.9902,4156.43671
2026-08-05 10:30:00+00:00,4156.60195,4158.00416,4155.28791,4157.48131
2026-08-05 10:35:00+00:00,4157.39712,4158.24219,4153.4626,4156.07312
2026-08-05 10:40:00+00:00,4155.65547,4156.6215,4154.7317,4155.06036
2026-08-05 10:45:00+00:00,4155.67705,4156.79428,4154.25277,4154.67428
2026-08-05 10:50:00+00:00,4154.9573,4156.09682,4154.33649,4155.73459
2026-08-05 10:55:00+00:00,4155.27319,4161.81122,4155.27319,4161.57112
2026-08-05 11:00:00+00:00,4161.06535,4162.75988,4159.96208,4162.68264
2026-08-05 11:05:00+00:00,4162.38652,4165.15123,4161.98286,4164.98445
2026-08-05 11:10:00+00:00,4164.58851,4170.06348,4164.46473,4168.09253
2026-08-05 11:15:00+00:00,4168.90605,4171.86577,4168.90605,4171.75115
2026-08-05 11:20:00+00:00,4171.51931,4173.1002,4169.79401,4169.97723
2026-08-05 11:25:00+00:00,4170.36009,4180.07775,4169.79401,4179.41077
2026-08-05 11:30:00+00:00,4178.43019,4180.95158,4175.19101,4180.74784
2026-08-05 11:35:00+00:00,4180.44021,4187.254,4178.31715,4186.34336
2026-08-05 11:40:00+00:00,4186.20549,4187.78006,4182.70035,4187.60378
2026-08-05 11:45:00+00:00,4187.27687,4187.27687,4183.22527,4186.45626
2026-08-05 11:50:00+00:00,4186.0936,4189.18353,4185.50828,4189.01925
2026-08-05 11:55:00+00:00,4188.72041,4192.51393,4188.6125,4192.23189
2026-08-05 12:00:00+00:00,4191.54952,4194.20884,4189.53454,4193.51191
2026-08-05 12:05:00+00:00,4191.7343,4197.99156,4191.7343,4197.29057
2026-08-05 12:10:00+00:00,4197.42064,4199.38689,4197.42064,4199.30796
2026-08-05 12:15:00+00:00,4199.13308,4207.69166,4198.50533,4207.4326
2026-08-05 12:20:00+00:00,4207.1674,4212.47736,4203.25996,4212.27084
2026-08-05 12:25:00+00:00,4211.80908,4211.97767,4205.68308,4206.77944
2026-08-05 12:30:00+00:00,4208.39759,4211.96182,4198.15281,4199.12093
2026-08-05 12:35:00+00:00,4199.29699,4202.21036,4198.03416,4201.49831
2026-08-05 12:40:00+00:00,4201.54125,4203.28873,4194.0338,4194.328
2026-08-05 12:45:00+00:00,4194.91703,4195.85062,4191.99329,4195.43156
2026-08-05 12:50:00+00:00,4194.92922,4194.92922,4187.95544,4188.33629
2026-08-05 12:55:00+00:00,4188.83682,4189.92607,4183.83989,4184.10763
2026-08-05 13:00:00+00:00,4184.38768,4194.25506,4183.16763,4193.78539
2026-08-05 13:05:00+00:00,4192.55281,4196.21501,4192.55281,4195.0517
2026-08-05 13:10:00+00:00,4194.80132,4194.80683,4186.20228,4188.29635
2026-08-05 13:15:00+00:00,4188.53265,4189.00804,4186.90337,4187.04344
2026-08-05 13:20:00+00:00,4187.482,4197.80035,4187.482,4197.48434
2026-08-05 13:25:00+00:00,4196.91168,4196.91168,4194.279,4196.4612
2026-08-05 13:30:00+00:00,4195.83594,4201.77189,4195.83594,4201.46922
2026-08-05 13:35:00+00:00,4201.00272,4202.05658,4193.92719,4194.17679
2026-08-05 13:40:00+00:00,4194.61829,4201.50414,4194.58162,4199.22103
2026-08-05 13:45:00+00:00,4199.53345,4199.7701,4193.13336,4193.42546
2026-08-05 13:50:00+00:00,4193.79558,4202.56356,4186.18319,4201.4725
2026-08-05 13:55:00+00:00,4199.51865,4204.37258,4199.51865,4203.94021
2026-08-05 14:00:00+00:00,4203.04279,4208.89736,4203.04279,4208.46411
2026-08-05 14:05:00+00:00,4207.71013,4227.07867,4207.71013,4226.16971
2026-08-05 14:10:00+00:00,4224.51602,4234.05877,4224.51602,4226.00567
2026-08-05 14:15:00+00:00,4226.95357,4235.89892,4226.95357,4234.07998
2026-08-05 14:20:00+00:00,4230.15239,4238.54533,4230.15239,4231.91671
2026-08-05 14:25:00+00:00,4232.57593,4238.00644,4230.33522,4237.52109
2026-08-05 14:30:00+00:00,4236.89174,4239.80327,4233.45601,4233.97057
2026-08-05 14:35:00+00:00,4234.78543,4234.78543,4230.65533,4230.89127
2026-08-05 14:40:00+00:00,4230.84427,4241.33868,4230.84427,4240.36431
2026-08-05 14:45:00+00:00,4239.07867,4244.30659,4239.07867,4243.90985
2026-08-05 14:50:00+00:00,4243.33825,4248.05408,4236.36866,4236.99136
2026-08-05 14:55:00+00:00,4238.36312,4246.2845,4235.49343,4243.81868
2026-08-05 15:00:00+00:00,4243.79968,4258.7624,4243.50256,4258.12722
2026-08-05 15:05:00+00:00,4256.86609,4257.64081,4253.32823,4253.56025
2026-08-05 15:10:00+00:00,4253.58619,4260.03238,4252.44836,4258.62078
2026-08-05 15:15:00+00:00,4258.67684,4259.53469,4250.87872,4251.51722
2026-08-05 15:20:00+00:00,4252.60753,4260.57688,4252.60753,4260.45107
2026-08-05 15:25:00+00:00,4260.27814,4267.13964,4257.67446,4258.32511
2026-08-05 15:30:00+00:00,4259.54584,4259.54584,4255.31915,4258.15301
2026-08-05 15:35:00+00:00,4257.98689,4258.01431,4254.95702,4257.69562
2026-08-05 15:40:00+00:00,4257.13405,4258.58104,4254.77599,4254.90616
2026-08-05 15:45:00+00:00,4255.09366,4255.80263,4251.15844,4251.24778
2026-08-05 15:50:00+00:00,4251.38298,4251.87503,4242.61992,4243.07696
2026-08-05 15:55:00+00:00,4244.06521,4244.62658,4234.23805,4234.42576
2026-08-05 16:00:00+00:00,4234.83156,4237.2187,4227.11571,4227.86213
2026-08-05 16:05:00+00:00,4229.55447,4234.95532,4225.7867,4234.77018
2026-08-05 16:10:00+00:00,4234.33557,4236.21113,4232.62507,4233.71501
2026-08-05 16:15:00+00:00,4233.55534,4236.21113,4233.52102,4236.18821
2026-08-05 16:20:00+00:00,4236.11456,4239.98304,4235.67284,4239.64585
2026-08-05 16:25:00+00:00,4238.8047,4241.67062,4238.8047,4241.24128
2026-08-05 16:30:00+00:00,4241.01108,4242.50138,4239.56089,4239.79075
2026-08-05 16:35:00+00:00,4240.16377,4245.92391,4240.16377,4245.68026
2026-08-05 16:40:00+00:00,4245.20535,4247.00586,4244.48217,4244.6684
2026-08-05 16:45:00+00:00,4244.93373,4247.07774,4241.06196,4242.64996
2026-08-05 16:50:00+00:00,4242.57425,4247.00586,4241.66898,4246.60137
2026-08-05 16:55:00+00:00,4245.71309,4246.13312,4237.82684,4240.74209
2026-08-05 17:00:00+00:00,4240.0459,4242.00999,4239.44378,4241.24455
2026-08-05 17:05:00+00:00,4240.71005,4243.40151,4240.71005,4242.51321
2026-08-05 17:10:00+00:00,4242.88119,4243.40151,4241.7482,4242.04215
2026-08-05 17:15:00+00:00,4242.61396,4242.61396,4238.79682,4239.1528
2026-08-05 17:20:00+00:00,4239.86933,4239.86933,4237.64726,4239.03444
2026-08-05 17:25:00+00:00,4238.11459,4244.80185,4235.79107,4244.19546
2026-08-05 17:30:00+00:00,4243.36884,4246.29365,4241.51355,4245.25823
2026-08-05 17:35:00+00:00,4243.85449,4249.96612,4243.85449,4249.40223
2026-08-05 17:40:00+00:00,4248.04035,4250.7564,4248.04035,4249.97166
2026-08-05 17:45:00+00:00,4249.62086,4250.25502,4247.32139,4250.05428
2026-08-05 17:50:00+00:00,4249.73107,4250.53108,4248.81033,4249.11782
2026-08-05 17:55:00+00:00,4249.24843,4252.42388,4248.83256,4251.05209
2026-08-05 18:00:00+00:00,4251.78143,4254.23296,4249.31528,4251.89887
2026-08-05 18:05:00+00:00,4252.21117,4256.58707,4250.63404,4256.40809
2026-08-05 18:10:00+00:00,4256.13542,4257.23769,4253.97793,4255.41678
2026-08-05 18:15:00+00:00,4256.35425,4256.78614,4252.60472,4256.48317
2026-08-05 18:20:00+00:00,4255.64781,4265.11985,4255.64454,4264.80165
2026-08-05 18:25:00+00:00,4264.09069,4264.47524,4262.66466,4262.71659
2026-08-05 18:30:00+00:00,4262.88683,4263.16114,4256.58707,4257.00994
2026-08-05 18:35:00+00:00,4257.82769,4257.91651,4255.50023,4257.57795
2026-08-05 18:40:00+00:00,4256.74773,4260.08746,4256.74773,4259.99662
2026-08-05 18:45:00+00:00,4259.81595,4261.35618,4258.53837,4260.89351
2026-08-05 18:50:00+00:00,4259.98633,4262.39291,4257.85574,4262.32122
2026-08-05 18:55:00+00:00,4262.05386,4263.11975,4261.46355,4261.60403
2026-08-05 19:00:00+00:00,4261.81634,4261.81634,4259.66945,4259.83614
2026-08-05 19:05:00+00:00,4260.33387,4261.66631,4258.52094,4260.85588
2026-08-05 19:10:00+00:00,4259.95389,4259.95389,4256.58707,4258.49363
2026-08-05 19:15:00+00:00,4258.32523,4259.12339,4253.14661,4253.95849
2026-08-05 19:20:00+00:00,4255.2248,4255.68133,4250.62121,4255.33366
2026-08-05 19:25:00+00:00,4254.72975,4256.31411,4252.96644,4253.21418
2026-08-05 19:30:00+00:00,4253.53664,4255.6951,4250.56412,4250.65801
2026-08-05 19:35:00+00:00,4250.7911,4250.7911,4249.17141,4250.29409
2026-08-05 19:40:00+00:00,4250.22134,4253.88302,4249.28488,4253.59247
2026-08-05 19:45:00+00:00,4253.11222,4253.90822,4248.98003,4249.28654
2026-08-05 19:50:00+00:00,4249.88425,4249.88425,4247.54704,4248.23682
2026-08-05 19:55:00+00:00,4248.46178,4249.94826,4246.8255,4247.01607
2026-08-05 20:00:00+00:00,4247.35423,4249.89375,4245.8228,4248.25218
2026-08-05 20:05:00+00:00,4248.2017,4248.76378,4247.18624,4247.32028
2026-08-05 20:10:00+00:00,4247.50121,4249.19547,4246.87351,4249.01994
2026-08-05 20:15:00+00:00,4248.50347,4250.49177,4246.1042,4246.25645
2026-08-05 20:20:00+00:00,4246.50641,4246.81942,4245.74364,4246.70711
2026-08-05 20:25:00+00:00,4246.32008,4247.25905,4245.79844,4245.8802
2026-08-05 20:30:00+00:00,4246.02907,4249.07942,4246.02907,4248.67219
2026-08-05 20:35:00+00:00,4247.67603,4250.14427,4247.00586,4247.07067
2026-08-05 20:40:00+00:00,4247.17529,4247.3596,4245.56491,4245.82485
2026-08-05 20:45:00+00:00,4246.31061,4246.31061,4243.76167,4243.91502
2026-08-05 20:50:00+00:00,4244.23171,4245.02271,4244.12189,4244.62724
2026-08-05 20:55:00+00:00,4244.53423,4247.25534,4243.58158,4246.99711
2026-08-05 21:00:00+00:00,4246.60064,4247.54704,4246.60064,4247.11369
2026-08-05 21:05:00+00:00,4247.01837,4247.20156,4246.55902,4247.20156
2026-08-05 21:10:00+00:00,4247.15127,4247.35906,4246.76712,4246.83152
2026-08-05 21:15:00+00:00,4247.01166,4247.36992,4246.8255,4246.86182
2026-08-05 21:20:00+00:00,4246.91216,4247.26089,4246.91216,4247.17992
2026-08-05 21:25:00+00:00,4247.08633,4247.16399,4246.64515,4247.10315
2026-08-05 21:30:00+00:00,4247.03824,4247.5071,4246.69869,4246.78088
2026-08-05 21:35:00+00:00,4247.00562,4247.36663,4247.00562,4247.08253
2026-08-05 21:40:00+00:00,4247.0454,4247.22301,4246.98653,4247.13821
2026-08-05 21:45:00+00:00,4247.04268,4247.23269,4247.00038,4247.11381
2026-08-05 21:50:00+00:00,4247.04932,4247.23477,4246.99617,4247.00881
2026-08-05 21:55:00+00:00,4247.04554,4247.22416,4246.98303,4247.07951
2026-08-05 22:00:00+00:00,4247.04554,4254.05198,4245.95111,4249.86806
2026-08-05 22:05:00+00:00,4250.75136,4250.75136,4246.26113,4248.52836
2026-08-05 22:10:00+00:00,4248.21062,4248.26883,4246.85181,4246.98186
2026-08-05 22:15:00+00:00,4247.30276,4247.99935,4247.30276,4247.58605
2026-08-05 22:20:00+00:00,4247.67517,4248.53348,4247.48608,4248.28776
2026-08-05 22:25:00+00:00,4247.79355,4248.99086,4247.54704,4248.05512
2026-08-05 22:30:00+00:00,4247.83622,4249.71314,4247.37185,4249.65511
2026-08-05 22:35:00+00:00,4249.44232,4250.25502,4249.21854,4249.41376
2026-08-05 22:40:00+00:00,4249.52617,4249.71314,4248.3869,4248.55458
2026-08-05 22:45:00+00:00,4248.84414,4248.99086,4248.04344,4248.92443
2026-08-05 22:50:00+00:00,4248.68727,4249.18502,4248.44932,4249.13143
2026-08-05 22:55:00+00:00,4249.02535,4249.74069,4248.2788,4249.45655
2026-08-05 23:00:00+00:00,4249.0283,4252.52055,4249.0283,4252.20631
2026-08-05 23:05:00+00:00,4251.49303,4254.77599,4251.49303,4252.29827
2026-08-05 23:10:00+00:00,4252.43665,4256.76826,4251.70068,4254.7335
2026-08-05 23:15:00+00:00,4254.91439,4259.66945,4254.83402,4259.59076
2026-08-05 23:20:00+00:00,4259.41344,4263.48327,4257.50739,4263.00204
2026-08-05 23:25:00+00:00,4262.11815,4263.17803,4260.93996,4262.75985
2026-08-05 23:30:00+00:00,4262.01569,4263.84684,4261.66631,4261.8433
2026-08-05 23:35:00+00:00,4261.85326,4279.90584,4254.61382,4279.33525
2026-08-05 23:40:00+00:00,4278.25325,4282.28845,4276.68528,4281.9181
2026-08-05 23:45:00+00:00,4281.20922,4281.20922,4273.13905,4273.41246
2026-08-05 23:50:00+00:00,4273.81292,4277.34291,4273.28085,4276.85926
2026-08-05 23:55:00+00:00,4276.57714,4278.80373,4275.51413,4277.9627
2026-08-06 00:00:00+00:00,4276.31551,4279.90584,4265.84762,4267.20434
2026-08-06 00:05:00+00:00,4267.4211,4275.14856,4263.41684,4274.39432
2026-08-06 00:10:00+00:00,4272.6114,4275.08082,4264.49614,4264.88127
2026-08-06 00:15:00+00:00,4265.64492,4275.98108,4265.64492,4273.93637
2026-08-06 00:20:00+00:00,4274.26055,4283.42802,4273.13905,4282.79311
2026-08-06 00:25:00+00:00,4281.74516,4284.12304,4274.68465,4275.42902
2026-08-06 00:30:00+00:00,4277.13556,4285.93128,4272.86889,4284.16267
2026-08-06 00:35:00+00:00,4281.74688,4291.66693,4281.74688,4289.54179
2026-08-06 00:40:00+00:00,4288.6401,4288.6401,4285.04092,4285.26864
2026-08-06 00:45:00+00:00,4285.54847,4294.79471,4284.95589,4290.63945
2026-08-06 00:50:00+00:00,4291.04174,4295.69722,4286.23805,4294.95724
2026-08-06 00:55:00+00:00,4293.20955,4299.15389,4293.20955,4295.86705
2026-08-06 01:00:00+00:00,4295.38811,4302.01401,4292.39816,4293.28309
2026-08-06 01:05:00+00:00,4294.89562,4299.22614,4287.42926,4298.19823
2026-08-06 01:10:00+00:00,4296.38046,4296.82465,4280.82192,4281.48907
2026-08-06 01:15:00+00:00,4281.79912,4286.51035,4280.94981,4285.0507
2026-08-06 01:20:00+00:00,4285.2976,4286.55928,4273.86956,4277.17524
2026-08-06 01:25:00+00:00,4275.81517,4285.40819,4275.45487,4276.67449
2026-08-06 01:30:00+00:00,4279.38349,4285.77551,4271.80614,4283.29148
2026-08-06 01:35:00+00:00,4283.99004,4294.34695,4282.47184,4292.93661
2026-08-06 01:40:00+00:00,4290.79805,4296.55665,4288.71639,4288.87832
2026-08-06 01:45:00+00:00,4289.12035,4293.97513,4286.6941,4288.9895
2026-08-06 01:50:00+00:00,4288.17611,4296.92094,4288.17611,4290.25225
2026-08-06 01:55:00+00:00,4291.42896,4291.42896,4285.40819,4287.15635
2026-08-06 02:00:00+00:00,4286.71454,4294.28809,4284.67372,4293.324
2026-08-06 02:05:00+00:00,4291.92332,4304.07478,4291.92332,4300.94662
2026-08-06 02:10:00+00:00,4302.13481,4302.37061,4293.85148,4297.88775
2026-08-06 02:15:00+00:00,4297.6034,4300.33374,4294.65845,4295.66668
2026-08-06 02:20:00+00:00,4297.26938,4297.26938,4293.13528,4293.85492
2026-08-06 02:25:00+00:00,4293.89155,4294.85187,4292.10871,4294.50373
2026-08-06 02:30:00+00:00,4294.16043,4294.16043,4283.0221,4283.44356
2026-08-06 02:35:00+00:00,4283.58493,4287.42926,4281.08445,4286.37773
2026-08-06 02:40:00+00:00,4286.0705,4288.72689,4281.36752,4281.79865
2026-08-06 02:45:00+00:00,4282.71055,4285.86429,4276.78788,4278.31304
2026-08-06 02:50:00+00:00,4280.80088,4280.80088,4274.9658,4277.43948
2026-08-06 02:55:00+00:00,4277.91472,4279.66814,4277.23683,4278.89432
2026-08-06 03:00:00+00:00,4278.65596,4278.65596,4276.0626,4276.40465
2026-08-06 03:05:00+00:00,4276.32425,4280.82192,4275.87976,4278.57704
2026-08-06 03:10:00+00:00,4278.92353,4279.53952,4274.60032,4275.11081
2026-08-06 03:15:00+00:00,4276.03318,4276.10429,4264.75606,4265.08656
2026-08-06 03:20:00+00:00,4265.51576,4266.93975,4264.57418,4264.78511
2026-08-06 03:25:00+00:00,4265.16994,4266.01282,4261.4847,4263.77132
2026-08-06 03:30:00+00:00,4262.71811,4266.62191,4262.71811,4264.05044
2026-08-06 03:35:00+00:00,4264.27647,4267.01907,4264.06399,4266.59695
2026-08-06 03:40:00+00:00,4265.85242,4265.85242,4262.21124,4263.31037
2026-08-06 03:45:00+00:00,4263.04648,4264.43667,4260.78847,4261.57756
2026-08-06 03:50:00+00:00,4261.42794,4263.66505,4261.42794,4263.53399
2026-08-06 03:55:00+00:00,4263.18804,4265.61746,4262.9418,4265.30629
2026-08-06 04:00:00+00:00,4264.45304,4266.3881,4262.39291,4263.17668
2026-08-06 04:05:00+00:00,4263.53509,4266.75769,4263.53509,4266.4938
2026-08-06 04:10:00+00:00,4266.09482,4266.68349,4263.67801,4264.26795
2026-08-06 04:15:00+00:00,4265.53944,4265.53944,4262.7563,4263.23202
2026-08-06 04:20:00+00:00,4263.39415,4264.4239,4260.75841,4262.20116
2026-08-06 04:25:00+00:00,4262.70481,4262.95952,4254.8648,4256.05598
2026-08-06 04:30:00+00:00,4258.16306,4258.94378,4253.32823,4257.55494
2026-08-06 04:35:00+00:00,4257.87595,4260.93996,4256.79249,4259.89884
2026-08-06 04:40:00+00:00,4260.1776,4260.57688,4258.54579,4259.04726
2026-08-06 04:45:00+00:00,4259.71836,4260.47185,4257.67446,4260.38758
2026-08-06 04:50:00+00:00,4260.25876,4263.91599,4259.30658,4259.59101
2026-08-06 04:55:00+00:00,4260.22115,4262.57952,4260.22115,4262.56053
2026-08-06 05:00:00+00:00,4262.52598,4264.93795,4262.02958,4264.8021
2026-08-06 05:05:00+00:00,4264.49186,4264.49186,4258.7624,4260.3178
2026-08-06 05:10:00+00:00,4260.16401,4260.30277,4257.49319,4258.32877
2026-08-06 05:15:00+00:00,4257.92706,4259.28941,4256.9023,4257.28513
2026-08-06 05:20:00+00:00,4257.77623,4257.77623,4254.56449,4254.69056
2026-08-06 05:25:00+00:00,4254.87906,4255.21645,4253.88141,4254.79567
2026-08-06 05:30:00+00:00,4254.87885,4255.56314,4244.1349,4245.83318
2026-08-06 05:35:00+00:00,4248.83653,4262.21124,4248.83653,4261.23439
2026-08-06 05:40:00+00:00,4260.36742,4264.93795,4260.36742,4263.84239
2026-08-06 05:45:00+00:00,4264.0827,4266.75769,4262.32947,4264.98545
2026-08-06 05:50:00+00:00,4265.80173,4267.85028,4263.48327,4267.45197
2026-08-06 05:55:00+00:00,4267.34526,4267.87901,4265.11985,4266.82197
2026-08-06 06:00:00+00:00,4266.47414,4268.03244,4264.734,4268.00992
2026-08-06 06:05:00+00:00,4267.87178,4267.87178,4264.04268,4266.93351
2026-08-06 06:10:00+00:00,4267.32417,4267.32417,4257.31193,4257.61857
2026-08-06 06:15:00+00:00,4258.03971,4261.4847,4254.77599,4255.12747
2026-08-06 06:20:00+00:00,4256.03191,4258.94378,4255.32048,4258.00108
2026-08-06 06:25:00+00:00,4257.56397,4257.56397,4256.04358,4256.17506
2026-08-06 06:30:00+00:00,4256.15037,4258.88714,4254.59496,4255.33485
2026-08-06 06:35:00+00:00,4255.60141,4255.60141,4253.14733,4253.56147
2026-08-06 06:40:00+00:00,4253.35691,4255.76616,4250.43567,4255.21403
2026-08-06 06:45:00+00:00,4253.77977,4257.67446,4253.77977,4255.26547
2026-08-06 06:50:00+00:00,4255.82814,4255.82814,4252.68826,4253.59143
2026-08-06 06:55:00+00:00,4253.33782,4255.826,4252.24306,4255.19041
2026-08-06 07:00:00+00:00,4254.10084,4256.76826,4253.50915,4255.71276
2026-08-06 07:05:00+00:00,4254.74457,4259.53333,4254.74457,4259.23751
2026-08-06 07:10:00+00:00,4258.8086,4263.84684,4258.8086,4263.64985
2026-08-06 07:15:00+00:00,4263.22898,4263.29236,4261.66631,4262.96246
2026-08-06 07:20:00+00:00,4262.53705,4264.2393,4258.58104,4262.24213
2026-08-06 07:25:00+00:00,4260.65389,4263.84684,4260.65389,4261.8606
2026-08-06 07:30:00+00:00,4262.17513,4262.24045,4260.21386,4260.65655
2026-08-06 07:35:00+00:00,4260.78941,4261.07033,4257.85574,4257.99856
2026-08-06 07:40:00+00:00,4258.00168,4258.334,4255.63203,4256.03072
2026-08-06 07:45:00+00:00,4256.87432,4257.40062,4253.61924,4257.19554
2026-08-06 07:50:00+00:00,4256.78622,4258.2817,4252.38662,4257.41972
2026-08-06 07:55:00+00:00,4255.44826,4262.02958,4255.44826,4261.7703
2026-08-06 08:00:00+00:00,4261.22887,4264.75606,4261.22887,4261.90059
2026-08-06 08:05:00+00:00,4263.14088,4264.02865,4260.75841,4263.94657
2026-08-06 08:10:00+00:00,4263.62921,4268.94344,4262.62735,4268.74316
2026-08-06 08:15:00+00:00,4268.45538,4269.69651,4268.45538,4268.79684
2026-08-06 08:20:00+00:00,4269.00861,4270.47825,4264.93795,4265.24363
2026-08-06 08:25:00+00:00,4265.79285,4268.9394,4265.09275,4268.74123
2026-08-06 08:30:00+00:00,4268.30241,4273.86956,4268.30241,4272.78677
2026-08-06 08:35:00+00:00,4272.74392,4275.35005,4271.75334,4272.18973
2026-08-06 08:40:00+00:00,4272.97491,4272.97491,4270.42548,4272.46535
2026-08-06 08:45:00+00:00,4271.7044,4274.23491,4271.7044,4272.14924
2026-08-06 08:50:00+00:00,4272.48284,4276.0626,4272.48284,4275.82615
2026-08-06 08:55:00+00:00,4275.39336,4278.16156,4274.34223,4277.6147
2026-08-06 09:00:00+00:00,4276.61763,4284.71091,4276.61763,4280.28693
2026-08-06 09:05:00+00:00,4281.88826,4281.88826,4276.87816,4277.09955
2026-08-06 09:10:00+00:00,4277.51103,4278.25789,4276.35476,4277.26089
2026-08-06 09:15:00+00:00,4277.1819,4283.0221,4275.63083,4281.75531
2026-08-06 09:20:00+00:00,4281.85127,4284.05117,4281.55506,4283.84949
2026-08-06 09:25:00+00:00,4283.57502,4284.96,4279.55493,4281.74241
2026-08-06 09:30:00+00:00,4280.58157,4284.36576,4278.61712,4279.09889
2026-08-06 09:35:00+00:00,4280.15086,4280.15086,4276.30938,4276.50355
2026-08-06 09:40:00+00:00,4276.9638,4278.48928,4273.07325,4273.64062
2026-08-06 09:45:00+00:00,4274.53793,4275.7092,4272.40878,4274.66316
2026-08-06 09:50:00+00:00,4274.86297,4275.87976,4272.91013,4273.92706
2026-08-06 09:55:00+00:00,4273.9129,4273.9129,4272.04375,4272.74766
2026-08-06 10:00:00+00:00,4272.40442,4274.46938,4270.7666,4273.36112
2026-08-06 10:05:00+00:00,4272.87621,4272.87621,4269.85482,4269.94265
2026-08-06 10:10:00+00:00,4269.8542,4271.13337,4269.12568,4269.68199
2026-08-06 10:15:00+00:00,4269.60599,4270.06195,4268.03244,4268.50992
2026-08-06 10:20:00+00:00,4268.34141,4270.48352,4268.21461,4268.80431
2026-08-06 10:25:00+00:00,4268.80665,4271.31386,4267.85028,4269.92149
2026-08-06 10:30:00+00:00,4269.67632,4269.85482,4267.12183,4269.72527
2026-08-06 10:35:00+00:00,4269.38142,4269.4291,4267.81781,4268.73846
2026-08-06 10:40:00+00:00,4268.6435,4268.85351,4266.2116,4266.91743
2026-08-06 10:45:00+00:00,4266.79273,4269.66346,4264.85804,4269.19578
2026-08-06 10:50:00+00:00,4268.2064,4271.02577,4268.2064,4269.14105
2026-08-06 10:55:00+00:00,4269.80914,4271.31386,4269.80914,4270.35644
2026-08-06 11:00:00+00:00,4270.65555,4272.60865,4269.67252,4272.60865
2026-08-06 11:05:00+00:00,4273.09588,4273.09588,4267.66815,4270.1121
2026-08-06 11:10:00+00:00,4269.2962,4269.2962,4267.12183,4268.38197
2026-08-06 11:15:00+00:00,4268.21098,4271.29836,4264.80659,4265.93417
2026-08-06 11:20:00+00:00,4267.53402,4267.53402,4261.37339,4261.90217
2026-08-06 11:25:00+00:00,4262.83819,4264.39232,4260.75841,4264.1987
2026-08-06 11:30:00+00:00,4263.8128,4266.75769,4262.93802,4263.6457
2026-08-06 11:35:00+00:00,4264.25936,4266.93975,4262.59931,4262.96121
2026-08-06 11:40:00+00:00,4263.68378,4263.68378,4259.84483,4260.06702
2026-08-06 11:45:00+00:00,4260.53584,4261.47021,4256.04358,4256.41583
2026-08-06 11:50:00+00:00,4257.01957,4258.27041,4255.13808,4255.37774
2026-08-06 11:55:00+00:00,4255.80856,4262.7563,4252.16492,4262.25505
2026-08-06 12:00:00+00:00,4261.84719,4264.93795,4261.4847,4264.59064
2026-08-06 12:05:00+00:00,4263.94556,4265.48371,4258.64369,4259.69061
2026-08-06 12:10:00+00:00,4262.15223,4262.15223,4256.76826,4257.74234
2026-08-06 12:15:00+00:00,4257.55246,4258.72443,4254.05198,4255.77075
2026-08-06 12:20:00+00:00,4255.46312,4261.84794,4251.62617,4261.46318
2026-08-06 12:25:00+00:00,4261.06037,4261.68044,4257.49319,4260.54216
2026-08-06 12:30:00+00:00,4260.1316,4270.03715,4256.66368,4267.95575
2026-08-06 12:35:00+00:00,4268.20082,4270.35725,4268.18084,4269.97452
2026-08-06 12:40:00+00:00,4269.41657,4270.949,4267.13951,4267.36721
2026-08-06 12:45:00+00:00,4267.66919,4267.66919,4257.31827,4258.93926
2026-08-06 12:50:00+00:00,4261.90281,4261.90281,4252.24306,4252.34078
2026-08-06 12:55:00+00:00,4252.46741,4253.83108,4249.89375,4250.97314
2026-08-06 13:00:00+00:00,4250.88557,4255.68133,4249.13249,4251.67938
2026-08-06 13:05:00+00:00,4252.03083,4256.14913,4236.72909,4239.01003
2026-08-06 13:10:00+00:00,4241.97922,4241.97922,4231.37139,4239.11879
2026-08-06 13:15:00+00:00,4238.29819,4240.36995,4236.85805,4239.45235
2026-08-06 13:20:00+00:00,4238.25835,4248.08836,4238.25835,4247.02194
2026-08-06 13:25:00+00:00,4246.06037,4247.14278,4240.8821,4246.96371
2026-08-06 13:30:00+00:00,4246.47583,4250.79702,4246.47583,4249.97663
2026-08-06 13:35:00+00:00,4249.6315,4262.02958,4249.6315,4261.50021
2026-08-06 13:40:00+00:00,4260.48918,4272.7484,4260.21386,4272.01709
2026-08-06 13:45:00+00:00,4271.09227,4277.07167,4265.21717,4268.0597
2026-08-06 13:50:00+00:00,4268.53371,4268.53371,4263.21242,4264.51803
2026-08-06 13:55:00+00:00,4264.75552,4268.76121,4264.75552,4267.7922
2026-08-06 14:00:00+00:00,4267.73098,4268.76121,4267.0477,4268.3594
2026-08-06 14:05:00+00:00,4268.26556,4269.67252,4266.33693,4269.35307
2026-08-06 14:10:00+00:00,4268.82492,4276.91558,4264.93795,4271.15847
2026-08-06 14:15:00+00:00,4272.80423,4273.57545,4263.3015,4265.02688
2026-08-06 14:20:00+00:00,4264.69359,4266.02961,4262.7563,4263.6747
2026-08-06 14:25:00+00:00,4263.56338,4266.61026,4261.45915,4266.05079
2026-08-06 14:30:00+00:00,4264.83204,4269.85482,4264.83204,4268.24149
2026-08-06 14:35:00+00:00,4268.51124,4275.33134,4268.51124,4272.48147
2026-08-06 14:40:00+00:00,4272.6025,4274.23491,4270.91043,4274.09769
2026-08-06 14:45:00+00:00,4273.88483,4276.14572,4268.29226,4268.92385
2026-08-06 14:50:00+00:00,4269.77915,4271.48023,4263.11975,4267.93012
2026-08-06 14:55:00+00:00,4266.91603,4272.22626,4266.91603,4269.79144
2026-08-06 15:00:00+00:00,4269.2892,4274.41761,4268.57899,4270.82683
2026-08-06 15:05:00+00:00,4270.53055,4270.53055,4269.30703,4269.41252
2026-08-06 15:10:00+00:00,4269.5427,4270.53078,4263.3015,4263.72531
2026-08-06 15:15:00+00:00,4263.84214,4263.84214,4256.76826,4257.09368
2026-08-06 15:20:00+00:00,4257.65747,4258.74861,4250.97772,4251.57504
2026-08-06 15:25:00+00:00,4252.7699,4259.21593,4251.02479,4254.52531
2026-08-06 15:30:00+00:00,4255.4734,4256.8031,4251.7602,4252.27575
2026-08-06 15:35:00+00:00,4252.94685,4253.81812,4248.08836,4251.65715
2026-08-06 15:40:00+00:00,4250.88547,4252.63965,4249.19314,4249.44232
2026-08-06 15:45:00+00:00,4249.65965,4251.51992,4248.62982,4248.76753
2026-08-06 15:50:00+00:00,4249.11222,4250.02627,4239.30254,4240.88893
2026-08-06 15:55:00+00:00,4242.9589,4244.5832,4232.44593,4238.4254
2026-08-06 16:00:00+00:00,4236.78748,4237.64726,4233.8795,4237.33578
2026-08-06 16:05:00+00:00,4236.68479,4242.14143,4236.03169,4241.87712
2026-08-06 16:10:00+00:00,4241.27453,4242.17611,4232.06758,4233.28533
2026-08-06 16:15:00+00:00,4235.08978,4235.08978,4226.00685,4227.02259
2026-08-06 16:20:00+00:00,4227.31713,4229.81545,4224.912,4227.20086
2026-08-06 16:25:00+00:00,4226.32445,4229.29914,4224.22648,4227.70321
2026-08-06 16:30:00+00:00,4227.65316,4232.44593,4227.65316,4232.39031
2026-08-06 16:35:00+00:00,4232.2737,4235.85225,4231.48182,4235.52837
2026-08-06 16:40:00+00:00,4234.93087,4234.95532,4232.62507,4233.26149
2026-08-06 16:45:00+00:00,4234.07357,4235.21062,4231.82206,4234.73904
2026-08-06 16:50:00+00:00,4233.53542,4237.9643,4233.53542,4235.30386
2026-08-06 16:55:00+00:00,4235.32133,4242.48786,4234.63164,4240.99314
2026-08-06 17:00:00+00:00,4241.19154,4242.68137,4240.70226,4240.75258
2026-08-06 17:05:00+00:00,4240.87511,4243.02705,4240.87511,4241.16766
2026-08-06 17:10:00+00:00,4241.22537,4244.99521,4241.22537,4243.65692
2026-08-06 17:15:00+00:00,4243.21731,4243.21731,4239.08436,4240.85624
2026-08-06 17:20:00+00:00,4240.51526,4242.50709,4238.54533,4239.78945
2026-08-06 17:25:00+00:00,4239.65351,4242.68137,4237.8136,4240.46065
2026-08-06 17:30:00+00:00,4240.98759,4241.60163,4240.2646,4240.38722
2026-08-06 17:35:00+00:00,4240.45921,4243.40151,4239.98304,4243.0307
2026-08-06 17:40:00+00:00,4242.33251,4243.04141,4241.78155,4242.98165
2026-08-06 17:45:00+00:00,4242.80838,4243.11308,4240.8821,4241.93134
2026-08-06 17:50:00+00:00,4241.14641,4248.44932,4241.14641,4248.05443
2026-08-06 17:55:00+00:00,4247.2965,4247.54704,4246.1042,4247.11993
2026-08-06 18:00:00+00:00,4246.94938,4246.94938,4244.30202,4244.44194
2026-08-06 18:05:00+00:00,4244.62482,4248.51562,4243.9601,4248.3025
2026-08-06 18:10:00+00:00,4247.76302,4248.99086,4247.00586,4247.30184
2026-08-06 18:15:00+00:00,4247.35128,4248.81033,4247.00586,4248.44886
2026-08-06 18:20:00+00:00,4248.43196,4249.53255,4247.47322,4247.62356
2026-08-06 18:25:00+00:00,4247.73444,4248.44501,4246.8255,4246.92219
2026-08-06 18:30:00+00:00,4247.04999,4248.32313,4244.12189,4244.42539
2026-08-06 18:35:00+00:00,4244.97696,4244.97696,4243.20154,4243.53261
2026-08-06 18:40:00+00:00,4243.71482,4243.76578,4240.70226,4241.70706
2026-08-06 18:45:00+00:00,4241.49529,4244.7193,4240.94209,4244.27657
2026-08-06 18:50:00+00:00,4243.71619,4245.38315,4242.30161,4242.7664
2026-08-06 18:55:00+00:00,4243.72978,4243.72978,4241.06196,4242.88918
2026-08-06 19:00:00+00:00,4242.50511,4248.26883,4242.21072,4248.05236
2026-08-06 19:05:00+00:00,4247.69214,4248.61573,4247.69214,4247.97361
2026-08-06 19:10:00+00:00,4247.9346,4251.01246,4247.71075,4248.59768
2026-08-06 19:15:00+00:00,4249.62343,4249.62343,4246.29375,4246.48818
2026-08-06 19:20:00+00:00,4246.82311,4247.00586,4243.71943,4244.34028
2026-08-06 19:25:00+00:00,4245.20428,4247.16542,4237.09799,4238.0224
2026-08-06 19:30:00+00:00,4237.98728,4237.98728,4236.3906,4237.02055
2026-08-06 19:35:00+00:00,4237.03239,4239.26406,4236.3906,4238.904
2026-08-06 19:40:00+00:00,4238.49815,4238.49815,4234.05877,4234.14409
2026-08-06 19:45:00+00:00,4234.21318,4238.54533,4232.86878,4237.83704
2026-08-06 19:50:00+00:00,4237.86219,4249.11543,4237.66594,4247.08958
2026-08-06 19:55:00+00:00,4242.15994,4251.88146,4242.15994,4248.28142
2026-08-06 20:00:00+00:00,4247.72377,4249.35197,4246.64515,4246.74833
2026-08-06 20:05:00+00:00,4246.81293,4247.59819,4246.13517,4246.30184
2026-08-06 20:10:00+00:00,4246.55652,4246.55652,4243.5978,4244.07219
2026-08-06 20:15:00+00:00,4245.10894,4245.38315,4242.33565,4244.96118
2026-08-06 20:20:00+00:00,4244.76456,4244.76456,4243.22145,4243.55306
2026-08-06 20:25:00+00:00,4243.48455,4243.80008,4240.34262,4241.42164
2026-08-06 20:30:00+00:00,4240.84012,4241.96148,4240.84012,4241.51069
2026-08-06 20:35:00+00:00,4241.35772,4242.89574,4240.40089,4240.73657
2026-08-06 20:40:00+00:00,4241.34495,4241.34495,4235.67284,4235.82318
2026-08-06 20:45:00+00:00,4236.08014,4238.54533,4235.01312,4237.41656
2026-08-06 20:50:00+00:00,4237.71926,4240.40031,4236.81504,4240.18939
2026-08-06 20:55:00+00:00,4239.91332,4241.60163,4239.91332,4240.8196
2026-08-06 21:00:00+00:00,4240.67481,4240.70226,4240.16282,4240.53141
2026-08-06 21:05:00+00:00,4240.43863,4240.62332,4240.34262,4240.57221
2026-08-06 21:10:00+00:00,4240.44503,4240.61511,4240.34262,4240.4082
2026-08-06 21:15:00+00:00,4240.43864,4240.62053,4240.34262,4240.50537
2026-08-06 21:20:00+00:00,4240.43437,4240.8821,4240.34262,4240.52913
2026-08-06 21:25:00+00:00,4240.43397,4240.64192,4240.34262,4240.51374
2026-08-06 21:30:00+00:00,4240.43054,4240.67265,4240.34262,4240.35395
2026-08-06 21:35:00+00:00,4240.40837,4240.66436,4240.34262,4240.57277
2026-08-06 21:40:00+00:00,4240.5168,4240.55795,4240.3355,4240.50604
2026-08-06 21:45:00+00:00,4240.41448,4240.54273,4240.27172,4240.29372
2026-08-06 21:50:00+00:00,4240.32518,4240.64426,4239.98304,4240.02545
2026-08-06 21:55:00+00:00,4240.15868,4240.4751,4240.15868,4240.34418
2026-08-06 22:00:00+00:00,4240.28508,4240.34262,4236.57007,4236.88247
2026-08-06 22:05:00+00:00,4237.37288,4238.37437,4236.21113,4238.23418
2026-08-06 22:10:00+00:00,4238.02009,4238.79019,4236.70428,4238.63327
2026-08-06 22:15:00+00:00,4238.24538,4241.42172,4238.24538,4241.2865
2026-08-06 22:20:00+00:00,4241.04665,4241.89064,4239.80327,4241.49526
2026-08-06 22:25:00+00:00,4240.58843,4243.04141,4240.58843,4242.26796
2026-08-06 22:30:00+00:00,4242.53624,4243.22145,4241.52512,4242.39916
2026-08-06 22:35:00+00:00,4242.77524,4242.77524,4240.34262,4240.64635
2026-08-06 22:40:00+00:00,4240.72156,4240.8821,4239.85847,4240.0526
2026-08-06 22:45:00+00:00,4240.39685,4241.80795,4239.62218,4241.75266
2026-08-06 22:50:00+00:00,4241.5396,4242.86139,4241.33179,4242.81862
2026-08-06 22:55:00+00:00,4242.70778,4242.70778,4241.00764,4241.05535
2026-08-06 23:00:00+00:00,4241.11125,4242.86139,4240.78096,4241.11901
2026-08-06 23:05:00+00:00,4241.56179,4245.74364,4238.84193,4244.44143
2026-08-06 23:10:00+00:00,4244.34151,4244.77722,4243.76167,4244.73199
2026-08-06 23:15:00+00:00,4244.52079,4245.82797,4244.47476,4245.79413
2026-08-06 23:20:00+00:00,4245.64313,4246.15564,4245.64313,4246.02965
2026-08-06 23:25:00+00:00,4245.97494,4246.19546,4243.94177,4244.12593
2026-08-06 23:30:00+00:00,4244.44821,4248.08836,4244.22011,4247.9566
2026-08-06 23:35:00+00:00,4247.69035,4247.74747,4247.05916,4247.28282
2026-08-06 23:40:00+00:00,4247.69282,4247.69282,4245.92391,4246.26333
2026-08-06 23:45:00+00:00,4246.86226,4248.73958,4245.56339,4248.60196
2026-08-06 23:50:00+00:00,4248.16448,4252.24306,4248.16448,4251.70081
2026-08-06 23:55:00+00:00,4251.60725,4252.78557,4251.15844,4252.5991
2026-08-07 00:00:00+00:00,4252.50007,4252.50007,4247.36663,4249.62161
2026-08-07 00:05:00+00:00,4249.48388,4250.97772,4248.98922,4250.15857
2026-08-07 00:10:00+00:00,4250.09084,4250.93537,4244.21547,4244.4768
2026-08-07 00:15:00+00:00,4244.98349,4246.33478,4241.9349,4242.14264
2026-08-07 00:20:00+00:00,4242.46098,4244.84252,4241.08582,4241.83244
2026-08-07 00:25:00+00:00,4243.29808,4243.40151,4239.26406,4243.1213
2026-08-07 00:30:00+00:00,4242.37741,4243.40151,4241.42172,4241.46517
2026-08-07 00:35:00+00:00,4241.58315,4243.04141,4236.21113,4236.8193
2026-08-07 00:40:00+00:00,4237.69662,4238.02821,4231.37139,4231.98044
2026-08-07 00:45:00+00:00,4232.64295,4236.92907,4232.64295,4233.50225
2026-08-07 00:50:00+00:00,4233.98571,4234.59665,4231.52876,4234.40685
2026-08-07 00:55:00+00:00,4234.34776,4234.34776,4230.65533,4232.01982
2026-08-07 01:00:00+00:00,4231.79789,4241.60952,4230.24215,4236.17914
2026-08-07 01:05:00+00:00,4237.22675,4246.64515,4237.22675,4246.31558
2026-08-07 01:10:00+00:00,4246.13846,4246.13846,4241.42172,4243.76773
2026-08-07 01:15:00+00:00,4243.04798,4245.92391,4243.04798,4244.74796
2026-08-07 01:20:00+00:00,4244.87203,4248.62982,4242.3214,4242.85014
2026-08-07 01:25:00+00:00,4243.79944,4245.92391,4238.23588,4245.68067
2026-08-07 01:30:00+00:00,4245.30138,4245.624,4240.16282,4244.04215
2026-08-07 01:35:00+00:00,4243.78648,4243.78648,4242.50138,4243.45776
2026-08-07 01:40:00+00:00,4243.24061,4255.95099,4243.09004,4254.91086
2026-08-07 01:45:00+00:00,4252.95814,4260.16477,4252.78557,4253.76991
2026-08-07 01:50:00+00:00,4253.97456,4254.37044,4253.14733,4254.22393
2026-08-07 01:55:00+00:00,4254.02737,4258.94378,4254.02737,4258.66396
2026-08-07 02:00:00+00:00,4258.1045,4261.84794,4256.7334,4261.54434
2026-08-07 02:05:00+00:00,4260.89768,4261.30311,4258.82665,4259.31198
2026-08-07 02:10:00+00:00,4259.95588,4259.95588,4257.85574,4259.15544
2026-08-07 02:15:00+00:00,4259.11179,4261.30311,4258.66817,4260.91821
2026-08-07 02:20:00+00:00,4260.71389,4260.71389,4257.49319,4260.07314
2026-08-07 02:25:00+00:00,4258.45426,4261.30311,4258.45426,4259.87781
2026-08-07 02:30:00+00:00,4260.12462,4260.8054,4257.31193,4258.48641
2026-08-07 02:35:00+00:00,4258.18636,4258.18636,4252.78557,4252.88679
2026-08-07 02:40:00+00:00,4252.97766,4254.05198,4250.43567,4250.7279
2026-08-07 02:45:00+00:00,4251.2462,4253.25771,4246.0541,4251.23123
2026-08-07 02:50:00+00:00,4250.97126,4255.86245,4250.61006,4254.20829
2026-08-07 02:55:00+00:00,4254.27525,4255.70612,4250.25502,4250.60061
2026-08-07 03:00:00+00:00,4251.15804,4258.54624,4249.53289,4257.4531
2026-08-07 03:05:00+00:00,4255.87044,4260.03238,4255.87044,4258.58675
2026-08-07 03:10:00+00:00,4258.27609,4258.27609,4254.05198,4256.57728
2026-08-07 03:15:00+00:00,4256.19555,4256.24712,4253.20103,4254.53144
2026-08-07 03:20:00+00:00,4254.36182,4256.64427,4253.50915,4254.9397
2026-08-07 03:25:00+00:00,4254.77905,4257.49319,4254.77905,4257.06792
2026-08-07 03:30:00+00:00,4256.88562,4260.93996,4255.34827,4259.54954
2026-08-07 03:35:00+00:00,4259.63993,4260.57688,4257.85574,4259.76389
2026-08-07 03:40:00+00:00,4259.80005,4260.93996,4259.80005,4260.83362
2026-08-07 03:45:00+00:00,4260.72456,4261.08642,4259.85761,4260.84336
2026-08-07 03:50:00+00:00,4260.39642,4261.12153,4259.30658,4259.41402
2026-08-07 03:55:00+00:00,4259.69463,4265.05298,4259.51098,4264.59374
2026-08-07 04:00:00+00:00,4263.54255,4269.71926,4262.39291,4262.58163
2026-08-07 04:05:00+00:00,4263.01984,4267.66815,4263.01984,4266.28007
2026-08-07 04:10:00+00:00,4266.09337,4267.94298,4264.57418,4264.8781
2026-08-07 04:15:00+00:00,4265.46855,4266.93975,4262.7563,4262.95816
2026-08-07 04:20:00+00:00,4263.04981,4267.78154,4261.91461,4267.63664
2026-08-07 04:25:00+00:00,4267.3651,4267.3651,4264.72848,4266.54068
2026-08-07 04:30:00+00:00,4266.19786,4268.07388,4263.53352,4267.89478
2026-08-07 04:35:00+00:00,4267.64869,4268.1429,4264.68865,4264.96181
2026-08-07 04:40:00+00:00,4265.45413,4266.75769,4259.13877,4266.21975
2026-08-07 04:45:00+00:00,4265.09494,4265.15254,4262.3271,4264.099
2026-08-07 04:50:00+00:00,4263.69515,4266.39362,4263.69515,4265.69191
2026-08-07 04:55:00+00:00,4265.71021,4268.00597,4265.46572,4265.9398
2026-08-07 05:00:00+00:00,4266.93245,4266.93245,4263.84684,4265.8592
2026-08-07 05:05:00+00:00,4265.32664,4266.23652,4262.11014,4264.84252
2026-08-07 05:10:00+00:00,4264.12798,4271.31386,4264.12798,4268.62963
2026-08-07 05:15:00+00:00,4268.904,4270.40184,4268.39679,4268.50654
2026-08-07 05:20:00+00:00,4268.76801,4270.67834,4266.58835,4270.03429
2026-08-07 05:25:00+00:00,4268.93874,4268.93874,4265.41456,4265.49063
2026-08-07 05:30:00+00:00,4265.7348,4274.232,4265.7348,4273.47035
2026-08-07 05:35:00+00:00,4272.51974,4277.15997,4272.51974,4273.56502
2026-08-07 05:40:00+00:00,4274.0173,4274.73973,4271.13142,4271.74013
2026-08-07 05:45:00+00:00,4271.66382,4275.14994,4271.49631,4274.98856
2026-08-07 05:50:00+00:00,4274.53281,4279.70436,4272.97636,4274.62557
2026-08-07 05:55:00+00:00,4275.34795,4281.00518,4275.33134,4279.83373
2026-08-07 06:00:00+00:00,4279.60288,4281.02241,4278.50331,4278.72524
2026-08-07 06:05:00+00:00,4278.69241,4284.30658,4278.58361,4283.25164
2026-08-07 06:10:00+00:00,4282.93026,4290.00429,4281.45623,4287.17036
2026-08-07 06:15:00+00:00,4287.50345,4289.82026,4282.50983,4289.39065
2026-08-07 06:20:00+00:00,4288.70102,4290.3724,4287.74566,4290.13332
2026-08-07 06:25:00+00:00,4289.97013,4289.97013,4283.99544,4284.25156
2026-08-07 06:30:00+00:00,4284.69107,4287.06165,4281.18846,4286.65291
2026-08-07 06:35:00+00:00,4286.02391,4293.31959,4284.9546,4293.0785
2026-08-07 06:40:00+00:00,4292.55972,4295.09828,4292.14601,4294.74999
2026-08-07 06:45:00+00:00,4294.20988,4294.20988,4291.84999,4293.92961
2026-08-07 06:50:00+00:00,4293.33945,4294.97917,4289.08428,4294.78857
2026-08-07 06:55:00+00:00,4294.43419,4298.30217,4293.52898,4298.09852
2026-08-07 07:00:00+00:00,4297.60965,4297.74798,4293.50393,4293.92442
2026-08-07 07:05:00+00:00,4293.92586,4295.13337,4290.3724,4292.02256
2026-08-07 07:10:00+00:00,4292.17363,4292.92385,4290.55649,4291.18821
2026-08-07 07:15:00+00:00,4291.113,4292.39816,4289.70724,4292.25084
2026-08-07 07:20:00+00:00,4291.9441,4292.25414,4289.01877,4289.52975
2026-08-07 07:25:00+00:00,4290.4336,4290.4336,4285.22455,4285.49944
2026-08-07 07:30:00+00:00,4285.87194,4287.24544,4284.49015,4286.31107
2026-08-07 07:35:00+00:00,4286.45414,4288.53246,4286.45414,4287.16799
2026-08-07 07:40:00+00:00,4287.50233,4287.50233,4284.85731,4285.20737
2026-08-07 07:45:00+00:00,4285.48123,4286.51154,4283.5725,4283.80789
2026-08-07 07:50:00+00:00,4284.20866,4286.87787,4283.69632,4286.74358
2026-08-07 07:55:00+00:00,4286.49177,4290.75005,4286.25494,4290.41231
2026-08-07 08:00:00+00:00,4289.73716,4293.68828,4289.73716,4293.55884
2026-08-07 08:05:00+00:00,4293.23743,4295.71717,4293.02534,4295.54488
2026-08-07 08:10:00+00:00,4295.20094,4300.15051,4294.00764,4299.67801
2026-08-07 08:15:00+00:00,4299.04602,4301.26937,4297.3786,4297.59823
2026-08-07 08:20:00+00:00,4297.88755,4298.11742,4294.61026,4294.74647
2026-08-07 08:25:00+00:00,4294.94659,4296.49829,4294.15796,4296.11139
2026-08-07 08:30:00+00:00,4295.42801,4313.88064,4287.56698,4309.27003
2026-08-07 08:35:00+00:00,4302.62878,4319.28127,4300.52036,4305.19158
2026-08-07 08:40:00+00:00,4304.34455,4309.78753,4304.34455,4309.71499
2026-08-07 08:45:00+00:00,4309.51193,4310.75205,4307.00319,4307.42702
2026-08-07 08:50:00+00:00,4308.17812,4308.17812,4305.01733,4305.42788
2026-08-07 08:55:00+00:00,4306.16548,4308.02431,4303.66672,4303.81895
2026-08-07 09:00:00+00:00,4303.98955,4307.51794,4303.98955,4307.2226
2026-08-07 09:05:00+00:00,4306.71922,4306.71922,4304.96362,4305.72916
2026-08-07 09:10:00+00:00,4305.46039,4307.00319,4305.33431,4306.85008
2026-08-07 09:15:00+00:00,4306.51253,4307.37422,4305.46766,4307.30299
2026-08-07 09:20:00+00:00,4307.18884,4310.12378,4305.62717,4308.93291
2026-08-07 09:25:00+00:00,4309.42543,4310.34483,4306.37884,4306.77307
2026-08-07 09:30:00+00:00,4307.43786,4307.43786,4302.18292,4305.13118
2026-08-07 09:35:00+00:00,4304.79442,4308.17944,4303.66672,4307.58185
2026-08-07 09:40:00+00:00,4306.83736,4318.02005,4306.83736,4317.21135
2026-08-07 09:45:00+00:00,4315.58287,4320.22312,4315.58287,4316.57554
2026-08-07 09:50:00+00:00,4317.58795,4319.28127,4314.99461,4319.21482
2026-08-07 09:55:00+00:00,4319.05816,4320.22978,4314.4824,4314.75235
2026-08-07 10:00:00+00:00,4315.26494,4317.97573,4314.18301,4314.64171
2026-08-07 10:05:00+00:00,4315.46751,4318.90818,4312.76146,4313.01157
2026-08-07 10:10:00+00:00,4313.44216,4313.44216,4309.09672,4309.4144
2026-08-07 10:15:00+00:00,4310.0349,4311.1391,4308.48649,4310.61272
2026-08-07 10:20:00+00:00,4309.3033,4313.69166,4309.3033,4313.25821
2026-08-07 10:25:00+00:00,4313.05154,4313.91523,4311.86206,4313.7112
2026-08-07 10:30:00+00:00,4313.19039,4316.48465,4313.19039,4314.77811
2026-08-07 10:35:00+00:00,4314.90957,4317.97573,4314.90957,4317.77708
2026-08-07 10:40:00+00:00,4317.52276,4317.97573,4315.36702,4317.86424
2026-08-07 10:45:00+00:00,4317.64049,4319.42729,4316.79732,4319.23512
2026-08-07 10:50:00+00:00,4318.88468,4320.40093,4317.78929,4317.95003
2026-08-07 10:55:00+00:00,4318.41945,4320.74477,4316.67098,4317.06364
2026-08-07 11:00:00+00:00,4317.18739,4323.55677,4316.20924,4322.62653
2026-08-07 11:05:00+00:00,4321.27088,4325.82273,4321.25373,4325.41936
2026-08-07 11:10:00+00:00,4324.70789,4326.19511,4321.40664,4322.371
2026-08-07 11:15:00+00:00,4324.22319,4324.22319,4317.78929,4317.9867
2026-08-07 11:20:00+00:00,4318.19306,4324.96126,4316.93102,4324.12055
2026-08-07 11:25:00+00:00,4322.32572,4326.75666,4322.32572,4325.30882
2026-08-07 11:30:00+00:00,4325.52651,4327.69291,4324.69835,4326.50305
2026-08-07 11:35:00+00:00,4326.89457,4327.61786,4320.94414,4321.36561
2026-08-07 11:40:00+00:00,4322.00924,4324.85913,4322.00924,4323.43549
2026-08-07 11:45:00+00:00,4323.6159,4325.07244,4322.82886,4324.88593
2026-08-07 11:50:00+00:00,4324.4506,4325.82082,4321.33443,4324.37336
2026-08-07 11:55:00+00:00,4323.35102,4326.60151,4320.96098,4321.5482
2026-08-07 12:00:00+00:00,4322.61851,4325.63371,4320.28049,4325.26063
2026-08-07 12:05:00+00:00,4324.31894,4327.35651,4316.29834,4317.11322
2026-08-07 12:10:00+00:00,4316.98317,4322.73161,4316.74551,4317.67262
2026-08-07 12:15:00+00:00,4319.8302,4319.8302,4310.85926,4316.10465
2026-08-07 12:20:00+00:00,4315.35402,4315.92577,4312.49311,4312.68537
2026-08-07 12:25:00+00:00,4313.02278,4314.3181,4310.53063,4313.86482
2026-08-07 12:30:00+00:00,4312.85904,4361.47941,4303.7292,4352.27664
2026-08-07 12:35:00+00:00,4353.31169,4362.54581,4349.82253,4351.44078
2026-08-07 12:40:00+00:00,4352.73521,4369.06291,4352.73521,4368.38202
2026-08-07 12:45:00+00:00,4367.02388,4371.01145,4367.02388,4370.59683
2026-08-07 12:50:00+00:00,4370.16316,4370.16316,4365.28724,4365.5902
2026-08-07 12:55:00+00:00,4365.81299,4368.91083,4356.34938,4357.1706
2026-08-07 13:00:00+00:00,4357.766,4361.23785,4351.47001,4351.95569
2026-08-07 13:05:00+00:00,4353.01437,4353.01437,4348.39327,4349.45094
2026-08-07 13:10:00+00:00,4350.06139,4351.99407,4346.88111,4348.40432
2026-08-07 13:15:00+00:00,4348.16116,4352.35585,4338.65057,4339.44829
2026-08-07 13:20:00+00:00,4340.60294,4351.96691,4338.49994,4347.29462
2026-08-07 13:25:00+00:00,4348.5642,4357.48834,4347.684,4354.89803
2026-08-07 13:30:00+00:00,4355.36566,4357.48834,4352.24343,4353.13362
2026-08-07 13:35:00+00:00,4354.42202,4363.19211,4351.2314,4362.48001
2026-08-07 13:40:00+00:00,4360.69226,4367.35724,4360.69226,4363.37849
2026-08-07 13:45:00+00:00,4364.8896,4364.8896,4352.74658,4358.07896
2026-08-07 13:50:00+00:00,4357.47156,4357.47156,4353.69411,4355.74516
2026-08-07 13:55:00+00:00,4355.61482,4356.90906,4343.10532,4344.60952
2026-08-07 14:00:00+00:00,4345.06197,4351.76503,4337.26271,4338.61836
2026-08-07 14:05:00+00:00,4340.77348,4340.77348,4332.38021,4336.54306
2026-08-07 14:10:00+00:00,4335.85346,4340.62805,4328.62956,4331.75626
2026-08-07 14:15:00+00:00,4331.80665,4345.57035,4330.5079,4344.67279
2026-08-07 14:20:00+00:00,4342.93955,4349.97538,4342.93955,4349.57086
2026-08-07 14:25:00+00:00,4348.91996,4351.98886,4348.91996,4351.72655
2026-08-07 14:30:00+00:00,4351.01897,4352.0899,4345.18119,4347.49701
2026-08-07 14:35:00+00:00,4346.501,4349.37628,4344.80604,4345.32046
2026-08-07 14:40:00+00:00,4346.43202,4349.90648,4343.89233,4346.308
2026-08-07 14:45:00+00:00,4348.0305,4348.0305,4341.78534,4342.20857
2026-08-07 14:50:00+00:00,4343.09134,4346.50324,4339.75794,4345.1483
2026-08-07 14:55:00+00:00,4345.50867,4347.74896,4342.31421,4342.52471
2026-08-07 15:00:00+00:00,4342.85808,4347.63706,4341.97386,4345.45752
2026-08-07 15:05:00+00:00,4345.31062,4350.20168,4344.38373,4349.65574
2026-08-07 15:10:00+00:00,4348.96371,4352.44836,4348.96371,4351.7623
2026-08-07 15:15:00+00:00,4350.88136,4355.96986,4350.88136,4355.9101
2026-08-07 15:20:00+00:00,4355.76736,4357.21005,4354.68172,4356.9603
2026-08-07 15:25:00+00:00,4356.42975,4357.3118,4353.69732,4354.25339
2026-08-07 15:30:00+00:00,4355.48756,4355.48756,4348.01513,4349.39606
2026-08-07 15:35:00+00:00,4348.86526,4353.31505,4348.86526,4353.09422
2026-08-07 15:40:00+00:00,4352.7407,4353.35595,4350.15314,4350.29767
2026-08-07 15:45:00+00:00,4350.5081,4351.04207,4349.19903,4350.87341
2026-08-07 15:50:00+00:00,4350.47579,4350.47579,4340.46617,4340.83579
2026-08-07 15:55:00+00:00,4341.49048,4344.61485,4341.21295,4342.56365
2026-08-07 16:00:00+00:00,4343.37473,4343.52667,4339.33608,4339.85593
2026-08-07 16:05:00+00:00,4339.98504,4348.77354,4338.97677,4348.43276
2026-08-07 16:10:00+00:00,4347.66126,4349.3389,4344.9924,4346.94981
2026-08-07 16:15:00+00:00,4346.52602,4347.44805,4344.58107,4344.9687
2026-08-07 16:20:00+00:00,4345.78616,4345.78616,4339.21394,4340.2534
2026-08-07 16:25:00+00:00,4342.54005,4342.54005,4335.00954,4337.24267
2026-08-07 16:30:00+00:00,4336.89306,4339.33608,4332.71885,4338.92772
2026-08-07 16:35:00+00:00,4338.20607,4340.87801,4336.12233,4338.25335
2026-08-07 16:40:00+00:00,4338.79902,4342.1624,4338.01839,4338.1768
2026-08-07 16:45:00+00:00,4338.43947,4341.59684,4337.68627,4338.13119
2026-08-07 16:50:00+00:00,4338.78348,4339.1556,4333.88229,4334.0696
2026-08-07 16:55:00+00:00,4334.40082,4335.27463,4328.96671,4329.28519
2026-08-07 17:00:00+00:00,4329.80834,4334.25798,4326.71361,4334.17094
2026-08-07 17:05:00+00:00,4333.86065,4338.20659,4332.93678,4336.8024
2026-08-07 17:10:00+00:00,4336.95372,4337.66145,4335.19747,4336.10947
2026-08-07 17:15:00+00:00,4336.01133,4336.13737,4334.63372,4335.97485
2026-08-07 17:20:00+00:00,4335.66919,4338.99285,4335.19747,4338.51862
2026-08-07 17:25:00+00:00,4337.52962,4341.40835,4337.52962,4341.18955
2026-08-07 17:30:00+00:00,4340.74375,4340.74375,4335.57338,4337.293
2026-08-07 17:35:00+00:00,4336.42922,4338.20659,4329.94155,4334.55997
2026-08-07 17:40:00+00:00,4334.03991,4338.01839,4334.03991,4337.79399
2026-08-07 17:45:00+00:00,4337.59713,4337.59713,4335.94936,4336.02716
2026-08-07 17:50:00+00:00,4336.12537,4341.40835,4336.12537,4341.30812
2026-08-07 17:55:00+00:00,4341.12762,4343.1846,4340.69603,4341.08548
2026-08-07 18:00:00+00:00,4341.7327,4341.7327,4339.33608,4339.97531
2026-08-07 18:05:00+00:00,4339.86749,4343.10532,4338.94528,4341.32922
2026-08-07 18:10:00+00:00,4341.32978,4343.24855,4336.94478,4337.94066
2026-08-07 18:15:00+00:00,4340.23056,4340.23056,4335.57338,4337.57964
2026-08-07 18:20:00+00:00,4337.35285,4337.38466,4332.38021,4332.61805
2026-08-07 18:25:00+00:00,4333.02693,4334.82162,4332.42662,4333.74904
2026-08-07 18:30:00+00:00,4334.03454,4337.45391,4333.13112,4337.33858
2026-08-07 18:35:00+00:00,4336.96413,4338.95952,4336.96413,4337.60687
2026-08-07 18:40:00+00:00,4337.82066,4337.88883,4334.60326,4335.11699
2026-08-07 18:45:00+00:00,4336.24504,4338.01839,4334.07013,4336.42051
2026-08-07 18:50:00+00:00,4336.50145,4337.1434,4334.07013,4334.28868
2026-08-07 18:55:00+00:00,4334.71747,4335.38542,4333.9374,4334.19335
2026-08-07 19:00:00+00:00,4334.6684,4342.53952,4332.47805,4340.10563
2026-08-07 19:05:00+00:00,4341.07377,4343.16613,4338.77194,4342.82871
2026-08-07 19:10:00+00:00,4342.03243,4346.12543,4342.03243,4343.80346
2026-08-07 19:15:00+00:00,4343.93381,4349.14974,4343.29395,4346.79673
2026-08-07 19:20:00+00:00,4346.99659,4349.52808,4346.99659,4348.42455
2026-08-07 19:25:00+00:00,4348.59275,4349.74444,4347.63706,4348.05008
2026-08-07 19:30:00+00:00,4347.98329,4348.01513,4345.55884,4346.48436
2026-08-07 19:35:00+00:00,4346.3944,4346.3944,4344.64959,4346.03606
2026-08-07 19:40:00+00:00,4345.76444,4348.20419,4344.67857,4347.77883
2026-08-07 19:45:00+00:00,4347.37989,4348.8641,4347.37989,4347.9569
2026-08-07 19:50:00+00:00,4348.15454,4349.79584,4343.61199,4344.77181
2026-08-07 19:55:00+00:00,4347.43438,4347.43438,4338.70533,4344.0159
2026-08-07 20:00:00+00:00,4342.32336,4345.55884,4342.32336,4343.57503
2026-08-07 20:05:00+00:00,4343.79456,4344.60465,4342.7281,4342.87016
2026-08-07 20:10:00+00:00,4343.0175,4343.0175,4338.95952,4341.91455
2026-08-07 20:15:00+00:00,4341.49368,4341.97386,4340.20866,4340.53322
2026-08-07 20:20:00+00:00,4341.1801,4341.1801,4339.14779,4339.26772
2026-08-07 20:25:00+00:00,4339.33269,4339.52439,4337.07768,4338.65035
2026-08-07 20:30:00+00:00,4338.35526,4340.6723,4335.76136,4337.21021
2026-08-07 20:35:00+00:00,4336.89891,4340.99766,4335.8135,4340.6097
2026-08-07 20:40:00+00:00,4339.87934,4342.71399,4339.87934,4340.46677
2026-08-07 20:45:00+00:00,4340.64039,4341.77249,4339.33608,4339.5409
2026-08-07 20:50:00+00:00,4339.93611,4341.03143,4339.85064,4340.93829
2026-08-07 20:55:00+00:00,4340.77769,4342.7281,4340.29805,4342.63347
2026-08-07 21:00:00+00:00,4342.38579,4342.9167,4341.59684,4342.30622
2026-08-07 21:05:00+00:00,4342.24694,4342.53952,4342.1624,4342.36928
2026-08-07 21:10:00+00:00,4342.27982,4342.44611,4342.1624,4342.35543
2026-08-07 21:15:00+00:00,4342.2529,4342.41764,4342.1624,4342.23318
2026-08-07 21:20:00+00:00,4342.25889,4342.45409,4342.19668,4342.32403
2026-08-07 21:25:00+00:00,4342.26044,4342.38762,4342.23749,4342.34958
2026-08-07 21:30:00+00:00,4342.26044,4342.4265,4341.97386,4342.37871
2026-08-07 21:35:00+00:00,4342.28811,4342.57458,4342.1624,4342.31359
2026-08-07 21:40:00+00:00,4342.33282,4342.45801,4342.1624,4342.34253
2026-08-07 21:45:00+00:00,4342.25794,4342.39331,4342.1624,4342.34866
2026-08-07 21:50:00+00:00,4342.25917,4342.61884,4342.08169,4342.27017
2026-08-07 21:55:00+00:00,4342.27465,4342.40854,4342.24845,4342.24845
2026-08-07 22:00:00+00:00,4342.26798,4342.46356,4342.20854,4342.34614
2026-08-07 22:05:00+00:00,4342.27364,4342.41865,4342.25722,4342.34952
2026-08-07 22:10:00+00:00,4342.2645,4342.45547,4342.19886,4342.25019
2026-08-07 22:15:00+00:00,4342.26044,4342.39048,4342.23993,4342.24489
2026-08-07 22:20:00+00:00,4342.26044,4342.45351,4342.19625,4342.3376
2026-08-07 22:25:00+00:00,4342.25941,4342.41853,4342.25941,4342.34748
2026-08-07 22:30:00+00:00,4342.26259,4342.45602,4342.19861,4342.24799
2026-08-07 22:35:00+00:00,4342.26233,4342.38925,4342.23366,4342.25075
2026-08-07 22:40:00+00:00,4342.26233,4342.45704,4342.19996,4342.34375
2026-08-07 22:45:00+00:00,4342.26233,4342.42517,4342.26028,4342.34599
2026-08-07 22:50:00+00:00,4342.26257,4342.4536,4342.19553,4342.2423
2026-08-07 22:55:00+00:00,4342.26074,4342.39934,4342.22416,4342.25524
2026-08-07 23:00:00+00:00,4342.2621,4342.45959,4342.20847,4342.35028
2026-08-07 23:05:00+00:00,4342.26361,4342.43384,4342.25691,4342.34714
2026-08-07 23:10:00+00:00,4342.27031,4342.45817,4342.201,4342.24475
2026-08-07 23:15:00+00:00,4342.26641,4342.41373,4342.22341,4342.33106
2026-08-07 23:20:00+00:00,4342.26946,4342.46122,4342.20847,4342.35408
2026-08-07 23:25:00+00:00,4342.26546,4342.44206,4342.24995,4342.34545
2026-08-07 23:30:00+00:00,4342.27025,4342.46279,4342.20176,4342.2418
2026-08-07 23:35:00+00:00,4342.26676,4342.42433,4342.21749,4342.3255
2026-08-07 23:40:00+00:00,4342.26952,4342.45995,4342.20623,4342.35688
2026-08-07 23:45:00+00:00,4342.26542,4342.44767,4342.24157,4342.34366
2026-08-07 23:50:00+00:00,4342.27019,4342.46452,4342.20353,4342.23921
2026-08-07 23:55:00+00:00,4342.26679,4342.43235,4342.21233,4342.3252
2026-08-08 00:00:00+00:00,4342.26958,4342.46133,4342.20503,4342.363
2026-08-08 00:05:00+00:00,4342.26987,4342.45237,4342.23393,4342.3418
2026-08-08 00:10:00+00:00,4342.27013,4342.46525,4342.20629,4342.2371
2026-08-08 00:15:00+00:00,4342.26681,4342.43962,4342.2081,4342.32709
2026-08-08 00:20:00+00:00,4342.26964,4342.45442,4342.20478,4342.36111
2026-08-08 00:25:00+00:00,4342.26538,4342.45613,4342.22707,4342.33988
2026-08-08 00:30:00+00:00,4342.27007,4342.46496,4342.21004,4342.23546
2026-08-08 00:35:00+00:00,4342.26683,4342.44606,4342.20483,4342.32904
2026-08-08 00:40:00+00:00,4342.26971,4342.4502,4342.20558,4342.3625
2026-08-08 00:45:00+00:00,4342.26536,4342.45891,4342.22105,4342.33792
2026-08-08 00:50:00+00:00,4342.27,4342.45599,4342.20951,4342.22859
2026-08-08 00:55:00+00:00,4342.26081,4342.44442,4342.19673,4342.32847
2026-08-08 01:00:00+00:00,4342.26233,4342.44293,4342.23488,4342.35969
2026-08-08 01:05:00+00:00,4342.23398,4342.55321,4342.23398,4342.31776
2026-08-08 01:10:00+00:00,4342.30224,4342.45946,4342.22046,4342.23367
2026-08-08 01:15:00+00:00,4342.26647,4342.45442,4342.20124,4342.33241
2026-08-08 01:20:00+00:00,4342.26795,4342.43887,4342.21019,4342.36378
2026-08-08 01:25:00+00:00,4342.26534,4342.46147,4342.21172,4342.34682
2026-08-08 01:30:00+00:00,4342.26987,4342.45805,4342.22679,4342.23355
2026-08-08 01:35:00+00:00,4342.26685,4342.46002,4342.20099,4342.33504
2026-08-08 01:40:00+00:00,4342.2699,4342.42789,4342.20661,4342.35986
2026-08-08 01:45:00+00:00,4342.26233,4342.45739,4342.20083,4342.34724
2026-08-08 01:50:00+00:00,4342.26233,4342.44605,4342.23021,4342.23021
2026-08-08 01:55:00+00:00,4342.26233,4342.45532,4342.19809,4342.33453
2026-08-08 02:00:00+00:00,4342.26238,4342.41812,4342.21149,4342.3573
2026-08-08 02:05:00+00:00,4342.26007,4342.45416,4342.19859,4342.35072
2026-08-08 02:10:00+00:00,4342.26226,4342.44447,4342.2292,4342.2292
2026-08-08 02:15:00+00:00,4342.26155,4342.457,4342.20172,4342.33841
2026-08-08 02:20:00+00:00,4342.26815,4342.414,4342.22258,4342.35998
2026-08-08 02:25:00+00:00,4342.26348,4342.45576,4342.2031,4342.3593
2026-08-08 02:30:00+00:00,4342.26778,4342.43269,4342.2307,4342.2307
2026-08-08 02:35:00+00:00,4342.26044,4342.45583,4342.20096,4342.31336
2026-08-08 02:40:00+00:00,4342.26044,4342.40035,4342.22185,4342.35442
2026-08-08 02:45:00+00:00,4342.26044,4342.45072,4342.19725,4342.36061
2026-08-08 02:50:00+00:00,4342.26233,4342.42761,4342.23258,4342.23258
2026-08-08 02:55:00+00:00,4342.26079,4342.45739,4342.20084,4342.32052
2026-08-08 03:00:00+00:00,4342.26233,4342.39274,4342.23093,4342.3542
2026-08-08 03:05:00+00:00,4342.26233,4342.45531,4342.19808,4342.36314
2026-08-08 03:10:00+00:00,4342.26216,4342.41986,4342.23496,4342.23496
2026-08-08 03:15:00+00:00,4342.26078,4342.46167,4342.20063,4342.34212
2026-08-08 03:20:00+00:00,4342.26233,4342.39474,4342.24432,4342.35554
2026-08-08 03:25:00+00:00,4342.26577,4342.45883,4342.20553,4342.37075
2026-08-08 03:30:00+00:00,4342.2676,4342.41517,4342.23766,4342.23766
2026-08-08 03:35:00+00:00,4342.2614,4342.45942,4342.19936,4342.34641
2026-08-08 03:40:00+00:00,4342.27028,4342.40422,4342.25308,4342.35251
2026-08-08 03:45:00+00:00,4342.26579,4342.46147,4342.20828,4342.26262
2026-08-08 03:50:00+00:00,4342.26776,4342.40853,4342.24649,4342.24649
2026-08-08 03:55:00+00:00,4342.2664,4342.45811,4342.201,4342.34739
2026-08-08 04:00:00+00:00,4342.26822,4342.41358,4342.26247,4342.35029
2026-08-08 04:05:00+00:00,4342.26581,4342.46121,4342.20663,4342.258
2026-08-08 04:10:00+00:00,4342.26749,4342.40054,4342.24802,4342.24817
2026-08-08 04:15:00+00:00,4342.26506,4342.46275,4342.20173,4342.34958
2026-08-08 04:20:00+00:00,4342.27039,4342.42419,4342.26326,4342.34886
2026-08-08 04:25:00+00:00,4342.26663,4342.45417,4342.1986,4342.24799
2026-08-08 04:30:00+00:00,4342.26206,4342.39216,4342.23931,4342.25039
2026-08-08 04:35:00+00:00,4342.2631,4342.46262,4342.20354,4342.35032
2026-08-08 04:40:00+00:00,4342.26827,4342.43034,4342.26455,4342.34748
2026-08-08 04:45:00+00:00,4342.26585,4342.45767,4342.20312,4342.25007
2026-08-08 04:50:00+00:00,4342.26769,4342.40209,4342.23216,4342.25665
2026-08-08 04:55:00+00:00,4342.26468,4342.46337,4342.20442,4342.35287
2026-08-08 05:00:00+00:00,4342.26859,4342.43776,4342.25373,4342.34523
2026-08-08 05:05:00+00:00,4342.26377,4342.45426,4342.20289,4342.24657
2026-08-08 05:10:00+00:00,4342.26736,4342.40958,4342.22515,4342.26133
2026-08-08 05:15:00+00:00,4342.26462,4342.46307,4342.20293,4342.35609
2026-08-08 05:20:00+00:00,4342.26863,4342.4442,4342.24655,4342.34354
2026-08-08 05:25:00+00:00,4342.26383,4342.45341,4342.19804,4342.23778
2026-08-08 05:30:00+00:00,4342.262,4342.41527,4342.21136,4342.31596
2026-08-08 05:35:00+00:00,4342.25856,4342.45602,4342.19676,4342.35333
2026-08-08 05:40:00+00:00,4342.26267,4342.44434,4342.23197,4342.34032
2026-08-08 05:45:00+00:00,4342.26028,4342.45881,4342.20551,4342.241
2026-08-08 05:50:00+00:00,4342.26729,4342.42638,4342.21401,4342.32314
2026-08-08 05:55:00+00:00,4342.26451,4342.45944,4342.19937,4342.36121
2026-08-08 06:00:00+00:00,4342.26869,4342.45444,4342.22857,4342.3399
2026-08-08 06:05:00+00:00,4342.26395,4342.45958,4342.20832,4342.2389
2026-08-08 06:10:00+00:00,4342.26727,4342.43367,4342.20982,4342.32503
2026-08-08 06:15:00+00:00,4342.26444,4342.45614,4342.19911,4342.36307
2026-08-08 06:20:00+00:00,4342.26871,4342.45816,4342.22168,4342.33799
2026-08-08 06:25:00+00:00,4342.26401,4342.45934,4342.21211,4342.23729
2026-08-08 06:30:00+00:00,4342.26725,4342.44015,4342.20659,4342.3271
2026-08-08 06:35:00+00:00,4342.26413,4342.44622,4342.19618,4342.35883
2026-08-08 06:40:00+00:00,4342.2627,4342.45533,4342.2115,4342.33109
2026-08-08 06:45:00+00:00,4342.26038,4342.45419,4342.2114,4342.23047
2026-08-08 06:50:00+00:00,4342.26195,4342.44232,4342.19862,4342.32777
2026-08-08 06:55:00+00:00,4342.26049,4342.44669,4342.20163,4342.36531
2026-08-08 07:00:00+00:00,4342.26873,4342.46263,4342.21046,4342.34176
2026-08-08 07:05:00+00:00,4342.26606,4342.4558,4342.22248,4342.23555
2026-08-08 07:10:00+00:00,4342.26723,4342.45047,4342.20311,4342.33096
2026-08-08 07:15:00+00:00,4342.26425,4342.44062,4342.2044,4342.36567
2026-08-08 07:20:00+00:00,4342.26874,4342.46336,4342.1624,4342.33605
2026-08-08 07:25:00+00:00,4342.25855,4342.44444,4342.1624,4342.18335
2026-08-08 07:30:00+00:00,4342.25516,4342.44717,4342.1624,4342.33064
2026-08-08 07:35:00+00:00,4342.25669,4342.42364,4342.1624,4342.35607
2026-08-08 07:40:00+00:00,4342.25856,4342.45171,4342.1624,4342.34536
2026-08-08 07:45:00+00:00,4342.26044,4342.44426,4342.23021,4342.23021
2026-08-08 07:50:00+00:00,4342.26195,4342.45339,4342.19809,4342.33379
2026-08-08 07:55:00+00:00,4342.26039,4342.42,4342.20939,4342.35918
2026-08-08 08:00:00+00:00,4342.2627,4342.45604,4342.19678,4342.34757
2026-08-08 08:05:00+00:00,4342.2603,4342.43492,4342.1624,4342.22553
2026-08-08 08:10:00+00:00,4342.25667,4342.45144,4342.1624,4342.33462
2026-08-08 08:15:00+00:00,4342.25676,4342.40362,4342.1624,4342.3504
2026-08-08 08:20:00+00:00,4342.25442,4342.44603,4342.1624,4342.34972
2026-08-08 08:25:00+00:00,4342.25657,4342.4308,4342.1624,4342.22882
2026-08-08 08:30:00+00:00,4342.25856,4342.45583,4342.20097,4342.31325
2026-08-08 08:35:00+00:00,4342.26044,4342.40054,4342.2217,4342.35445
2026-08-08 08:40:00+00:00,4342.26044,4342.45072,4342.19536,4342.35872
2026-08-08 08:45:00+00:00,4342.26044,4342.42587,4342.23258,4342.23258
2026-08-08 08:50:00+00:00,4342.26044,4342.4555,4342.19895,4342.31864
2026-08-08 08:55:00+00:00,4342.26044,4342.39085,4342.22905,4342.35231
2026-08-08 09:00:00+00:00,4342.26044,4342.45531,4342.19617,4342.36379
2026-08-08 09:05:00+00:00,4342.2606,4342.4202,4342.23679,4342.23679
2026-08-08 09:10:00+00:00,4342.26233,4342.45224,4342.1624,4342.3186
2026-08-08 09:15:00+00:00,4342.25497,4342.38053,4342.1624,4342.34191
2026-08-08 09:20:00+00:00,4342.2529,4342.45335,4342.1624,4342.25728
2026-08-08 09:25:00+00:00,4342.25875,4342.40969,4342.1624,4342.23779
2026-08-08 09:30:00+00:00,4342.26044,4342.44981,4342.1624,4342.34198
2026-08-08 09:35:00+00:00,4342.25688,4342.39394,4342.1624,4342.34085
2026-08-08 09:40:00+00:00,4342.25448,4342.45018,4342.1624,4342.19334
2026-08-08 09:45:00+00:00,4342.25645,4342.39621,4342.1624,4342.188
2026-08-08 09:50:00+00:00,4342.25509,4342.44714,4342.1624,4342.3436
2026-08-08 09:55:00+00:00,4342.25691,4342.40324,4342.1624,4342.33736
2026-08-08 10:00:00+00:00,4342.2545,4342.45358,4342.1624,4342.25037
2026-08-08 10:05:00+00:00,4342.26044,4342.39089,4342.24029,4342.24473
2026-08-08 10:10:00+00:00,4342.26044,4342.45342,4342.19619,4342.33779
2026-08-08 10:15:00+00:00,4342.26044,4342.41513,4342.26009,4342.34753
2026-08-08 10:20:00+00:00,4342.2626,4342.45032,4342.1624,4342.24216
2026-08-08 10:25:00+00:00,4342.2564,4342.38383,4342.1624,4342.19071
2026-08-08 10:30:00+00:00,4342.25504,4342.45143,4342.1624,4342.34651
2026-08-08 10:35:00+00:00,4342.25695,4342.41985,4342.1624,4342.32924
2026-08-08 10:40:00+00:00,4342.25454,4342.44605,4342.1624,4342.18899
2026-08-08 10:45:00+00:00,4342.25638,4342.39181,4342.1624,4342.19226
2026-08-08 10:50:00+00:00,4342.25501,4342.45207,4342.1624,4342.34776
2026-08-08 10:55:00+00:00,4342.25698,4342.42704,4342.1624,4342.32467
2026-08-08 11:00:00+00:00,4342.25457,4342.45077,4342.1624,4342.23707
2026-08-08 11:05:00+00:00,4342.25887,4342.40639,4342.21746,4342.25788
2026-08-08 11:10:00+00:00,4342.26044,4342.45551,4342.19898,4342.34862
2026-08-08 11:15:00+00:00,4342.26044,4342.4368,4342.24032,4342.34277
2026-08-08 11:20:00+00:00,4342.26252,4342.4553,4342.19616,4342.23602
2026-08-08 11:25:00+00:00,4342.26077,4342.41698,4342.21159,4342.32078
2026-08-08 11:30:00+00:00,4342.26215,4342.4561,4342.19868,4342.35323
2026-08-08 11:35:00+00:00,4342.26233,4342.44413,4342.23402,4342.32258
2026-08-08 11:40:00+00:00,4342.26233,4342.45698,4342.19986,4342.23534
2026-08-08 11:45:00+00:00,4342.26233,4342.42482,4342.20835,4342.31449
2026-08-08 11:50:00+00:00,4342.26233,4342.45379,4342.19745,4342.35556
2026-08-08 11:55:00+00:00,4342.26233,4342.44879,4342.22637,4342.32044
2026-08-08 12:00:00+00:00,4342.26233,4342.45771,4342.20267,4342.23324
2026-08-08 12:05:00+00:00,4342.26233,4342.43209,4342.20416,4342.30891
2026-08-08 12:10:00+00:00,4342.26233,4342.45048,4342.19724,4342.35741
2026-08-08 12:15:00+00:00,4342.26233,4342.4525,4342.21951,4342.326
2026-08-08 12:20:00+00:00,4342.26233,4342.45742,4342.20645,4342.23163
2026-08-08 12:25:00+00:00,4342.26233,4342.43853,4342.20093,4342.30338
2026-08-08 12:30:00+00:00,4342.26233,4342.44622,4342.19804,4342.35878
2026-08-08 12:35:00+00:00,4342.26233,4342.45524,4342.2135,4342.33148
2026-08-08 12:40:00+00:00,4342.26233,4342.45611,4342.21119,4342.23051
2026-08-08 12:45:00+00:00,4342.26233,4342.4441,4342.19869,4342.29795
2026-08-08 12:50:00+00:00,4342.26233,4342.44103,4342.19985,4342.35965
2026-08-08 12:55:00+00:00,4342.26233,4342.45698,4342.20837,4342.33684
2026-08-08 13:00:00+00:00,4342.26233,4342.4538,4342.21682,4342.22989
2026-08-08 13:05:00+00:00,4342.26233,4342.44877,4342.19745,4342.29266
2026-08-08 13:10:00+00:00,4342.26233,4342.43495,4342.20266,4342.36002
2026-08-08 13:15:00+00:00,4342.26233,4342.45771,4342.20418,4342.34205
2026-08-08 13:20:00+00:00,4342.26233,4342.4505,4342.22333,4342.22978
2026-08-08 13:25:00+00:00,4342.26233,4342.45249,4342.19723,4342.29796
2026-08-08 13:30:00+00:00,4342.26233,4342.42804,4342.20644,4342.35987
2026-08-08 13:35:00+00:00,4342.26233,4342.45742,4342.20094,4342.34704
2026-08-08 13:40:00+00:00,4342.26233,4342.44624,4342.23018,4342.23018
2026-08-08 13:45:00+00:00,4342.26233,4342.45523,4342.19803,4342.3037
2026-08-08 13:50:00+00:00,4342.26233,4342.42034,4342.21116,4342.35922
2026-08-08 13:55:00+00:00,4342.26233,4342.45612,4342.1987,4342.3518
2026-08-08 14:00:00+00:00,4342.26233,4342.44105,4342.23108,4342.23108
2026-08-08 14:05:00+00:00,4342.26233,4342.45697,4342.19984,4342.30936
2026-08-08 14:10:00+00:00,4342.26233,4342.41191,4342.2168,4342.35807
2026-08-08 14:15:00+00:00,4342.26233,4342.45381,4342.19746,4342.35628
2026-08-08 14:20:00+00:00,4342.26233,4342.43498,4342.23248,4342.23248
2026-08-08 14:25:00+00:00,4342.26233,4342.45771,4342.20264,4342.31491
2026-08-08 14:30:00+00:00,4342.26233,4342.40282,4342.2233,4342.35642
2026-08-08 14:35:00+00:00,4342.26233,4342.45247,4342.19723,4342.36044
2026-08-08 14:40:00+00:00,4342.26233,4342.42807,4342.23437,4342.23437
2026-08-08 14:45:00+00:00,4342.26233,4342.45742,4342.20095,4342.3203
2026-08-08 14:50:00+00:00,4342.26233,4342.39315,4342.23061,4342.35429
2026-08-08 14:55:00+00:00,4342.26233,4342.45522,4342.19803,4342.36426
2026-08-08 15:00:00+00:00,4342.26233,4342.42037,4342.23674,4342.23674
2026-08-08 15:05:00+00:00,4342.26233,4342.45612,4342.1987,4342.3255
2026-08-08 15:10:00+00:00,4342.26233,4342.38867,4342.23868,4342.3517
2026-08-08 15:15:00+00:00,4342.26233,4342.45697,4342.19983,4342.26178
2026-08-08 15:20:00+00:00,4342.26233,4342.41194,4342.23955,4342.23955
2026-08-08 15:25:00+00:00,4342.26233,4342.45382,4342.19746,4342.33045
2026-08-08 15:30:00+00:00,4342.26233,4342.39858,4342.24744,4342.34867
2026-08-08 15:35:00+00:00,4342.26233,4342.45771,4342.20263,4342.25696
2026-08-08 15:40:00+00:00,4342.26233,4342.40286,4342.2428,4342.2428
2026-08-08 15:45:00+00:00,4342.26233,4342.45246,4342.19723,4342.33513
2026-08-08 15:50:00+00:00,4342.26233,4342.40794,4342.25683,4342.34521
2026-08-08 15:55:00+00:00,4342.26233,4342.45743,4342.20097,4342.25243
2026-08-08 16:00:00+00:00,4342.26233,4342.39319,4342.24254,4342.24645
2026-08-08 16:05:00+00:00,4342.26233,4342.45521,4342.19802,4342.3395
2026-08-08 16:10:00+00:00,4342.26233,4342.41667,4342.26233,4342.34136
2026-08-08 16:15:00+00:00,4342.26233,4342.45613,4342.19871,4342.24824
2026-08-08 16:20:00+00:00,4342.26233,4342.38863,4342.23415,4342.25049
2026-08-08 16:25:00+00:00,4342.26233,4342.45696,4342.19982,4342.34351
2026-08-08 16:30:00+00:00,4342.26233,4342.4247,4342.26128,4342.33715
2026-08-08 16:35:00+00:00,4342.26233,4342.45383,4342.19746,4342.24441
2026-08-08 16:40:00+00:00,4342.26233,4342.39854,4342.22649,4342.25487
2026-08-08 16:45:00+00:00,4342.26233,4342.4577,4342.20261,4342.34715
2026-08-08 16:50:00+00:00,4342.26233,4342.43197,4342.25163,4342.33261
2026-08-08 16:55:00+00:00,4342.26233,4342.45245,4342.19723,4342.24097
2026-08-08 17:00:00+00:00,4342.26233,4342.4079,4342.21962,4342.25956
2026-08-08 17:05:00+00:00,4342.26233,4342.45743,4342.20098,4342.35038
2026-08-08 17:10:00+00:00,4342.26233,4342.43843,4342.24257,4342.32778
2026-08-08 17:15:00+00:00,4342.26233,4342.4552,4342.19802,4342.23796
2026-08-08 17:20:00+00:00,4342.26233,4342.41663,4342.21359,4342.3202
2026-08-08 17:25:00+00:00,4342.26233,4342.45614,4342.19872,4342.35317
2026-08-08 17:30:00+00:00,4342.26233,4342.44402,4342.23418,4342.32269
2026-08-08 17:35:00+00:00,4342.26233,4342.45696,4342.19981,4342.23539
2026-08-08 17:40:00+00:00,4342.26233,4342.42467,4342.20845,4342.31461
2026-08-08 17:45:00+00:00,4342.26233,4342.45384,4342.19747,4342.35551
2026-08-08 17:50:00+00:00,4342.26233,4342.4487,4342.22652,4342.32032
2026-08-08 17:55:00+00:00,4342.26233,4342.4577,4342.2026,4342.23328
2026-08-08 18:00:00+00:00,4342.26233,4342.43194,4342.20424,4342.30902
2026-08-08 18:05:00+00:00,4342.26233,4342.45056,4342.19723,4342.35738
2026-08-08 18:10:00+00:00,4342.26233,4342.45243,4342.21964,4342.32588
2026-08-08 18:15:00+00:00,4342.26233,4342.45743,4342.20637,4342.23166
2026-08-08 18:20:00+00:00,4342.26233,4342.43841,4342.20099,4342.30349
2026-08-08 18:25:00+00:00,4342.26233,4342.44632,4342.19801,4342.35876
2026-08-08 18:30:00+00:00,4342.26233,4342.45519,4342.21361,4342.33137
2026-08-08 18:35:00+00:00,4342.26233,4342.45615,4342.21108,4342.23053
2026-08-08 18:40:00+00:00,4342.26233,4342.444,4342.19873,4342.29806
2026-08-08 18:45:00+00:00,4342.26233,4342.44115,4342.1998,4342.35964
2026-08-08 18:50:00+00:00,4342.26233,4342.45695,4342.20847,4342.33674
2026-08-08 18:55:00+00:00,4342.26233,4342.45385,4342.2167,4342.2299
2026-08-08 19:00:00+00:00,4342.26233,4342.44868,4342.19747,4342.29277
2026-08-08 19:05:00+00:00,4342.26233,4342.43509,4342.20259,4342.36001
2026-08-08 19:10:00+00:00,4342.26233,4342.4577,4342.20425,4342.34194
2026-08-08 19:15:00+00:00,4342.26233,4342.45058,4342.22319,4342.22978
2026-08-08 19:20:00+00:00,4342.26233,4342.45242,4342.19723,4342.29785
2026-08-08 19:25:00+00:00,4342.26233,4342.42819,4342.20635,4342.35988
2026-08-08 19:30:00+00:00,4342.26233,4342.45744,4342.201,4342.34694
2026-08-08 19:35:00+00:00,4342.26233,4342.44634,4342.23017,4342.23017
2026-08-08 19:40:00+00:00,4342.26233,4342.45518,4342.198,4342.30358
2026-08-08 19:45:00+00:00,4342.26233,4342.4205,4342.21106,4342.35924
2026-08-08 19:50:00+00:00,4342.26233,4342.45615,4342.19873,4342.3517
2026-08-08 19:55:00+00:00,4342.26233,4342.44117,4342.23106,4342.23106
2026-08-08 20:00:00+00:00,4342.26233,4342.45695,4342.19979,4342.30924
2026-08-08 20:05:00+00:00,4342.26233,4342.41209,4342.21668,4342.3581
2026-08-08 20:10:00+00:00,4342.26233,4342.45387,4342.19747,4342.35619
2026-08-08 20:15:00+00:00,4342.26233,4342.43511,4342.23245,4342.23245
2026-08-08 20:20:00+00:00,4342.26233,4342.4577,4342.20257,4342.3148
2026-08-08 20:25:00+00:00,4342.26233,4342.40301,4342.22316,4342.35646
2026-08-08 20:30:00+00:00,4342.26233,4342.45241,4342.19723,4342.36036
2026-08-08 20:35:00+00:00,4342.26233,4342.42822,4342.23433,4342.23433
2026-08-08 20:40:00+00:00,4342.26233,4342.45744,4342.20101,4342.32019
2026-08-08 20:45:00+00:00,4342.26233,4342.39335,4342.23045,4342.35434
2026-08-08 20:50:00+00:00,4342.26233,4342.45517,4342.198,4342.36418
2026-08-08 20:55:00+00:00,4342.26233,4342.42053,4342.23668,4342.23668
2026-08-08 21:00:00+00:00,4342.26233,4342.45616,4342.19874,4342.32539
2026-08-08 21:05:00+00:00,4342.26233,4342.38846,4342.23851,4342.35176
2026-08-08 21:10:00+00:00,4342.26233,4342.45694,4342.19978,4342.26188
2026-08-08 21:15:00+00:00,4342.26233,4342.41212,4342.23949,4342.23949
2026-08-08 21:20:00+00:00,4342.26233,4342.45388,4342.19748,4342.33035
2026-08-08 21:25:00+00:00,4342.26233,4342.39838,4342.24726,4342.34873
2026-08-08 21:30:00+00:00,4342.26233,4342.4577,4342.20256,4342.25705
2026-08-08 21:35:00+00:00,4342.26233,4342.40305,4342.24273,4342.24273
2026-08-08 21:40:00+00:00,4342.26233,4342.45239,4342.19723,4342.33504
2026-08-08 21:45:00+00:00,4342.26233,4342.40775,4342.25663,4342.34529
2026-08-08 21:50:00+00:00,4342.26233,4342.45744,4342.20102,4342.25252
2026-08-08 21:55:00+00:00,4342.26233,4342.39129,4342.24272,4342.24457
2026-08-08 22:00:00+00:00,4342.26044,4342.45333,4342.19614,4342.33761
2026-08-08 22:05:00+00:00,4342.26044,4342.41479,4342.26044,4342.33947
2026-08-08 22:10:00+00:00,4342.26044,4342.45424,4342.19682,4342.24635
2026-08-08 22:15:00+00:00,4342.26044,4342.38675,4342.23226,4342.2486
2026-08-08 22:20:00+00:00,4342.26044,4342.45508,4342.19794,4342.34163
2026-08-08 22:25:00+00:00,4342.26044,4342.42282,4342.25938,4342.33526
2026-08-08 22:30:00+00:00,4342.26044,4342.45194,4342.19558,4342.24252
2026-08-08 22:35:00+00:00,4342.26044,4342.39666,4342.2246,4342.25299
2026-08-08 22:40:00+00:00,4342.26044,4342.45582,4342.20073,4342.34527
2026-08-08 22:45:00+00:00,4342.26044,4342.43009,4342.24973,4342.33072
2026-08-08 22:50:00+00:00,4342.26044,4342.45057,4342.19535,4342.23908
2026-08-08 22:55:00+00:00,4342.26044,4342.40602,4342.21773,4342.25768
2026-08-08 23:00:00+00:00,4342.26044,4342.45554,4342.19909,4342.34849
2026-08-08 23:05:00+00:00,4342.26044,4342.43655,4342.24068,4342.32589
2026-08-08 23:10:00+00:00,4342.26044,4342.45332,4342.19613,4342.23607
2026-08-08 23:15:00+00:00,4342.26044,4342.41475,4342.2117,4342.31831
2026-08-08 23:20:00+00:00,4342.26044,4342.45425,4342.19683,4342.35129
2026-08-08 23:25:00+00:00,4342.26044,4342.44214,4342.23229,4342.3208
2026-08-08 23:30:00+00:00,4342.26044,4342.45507,4342.19793,4342.2335
2026-08-08 23:35:00+00:00,4342.26044,4342.42279,4342.20656,4342.31271
2026-08-08 23:40:00+00:00,4342.26044,4342.45195,4342.19558,4342.35363
2026-08-08 23:45:00+00:00,4342.26044,4342.44682,4342.22463,4342.31844
2026-08-08 23:50:00+00:00,4342.26044,4342.45582,4342.20072,4342.23139
2026-08-08 23:55:00+00:00,4342.26044,4342.43006,4342.20235,4342.30713
2026-08-09 00:00:00+00:00,4342.26044,4342.44867,4342.19534,4342.3555
2026-08-09 00:05:00+00:00,4342.26044,4342.45055,4342.21775,4342.324
2026-08-09 00:10:00+00:00,4342.26044,4342.45555,4342.20449,4342.22977
2026-08-09 00:15:00+00:00,4342.26044,4342.43652,4342.1991,4342.3016
2026-08-09 00:20:00+00:00,4342.26044,4342.44443,4342.19613,4342.35687
2026-08-09 00:25:00+00:00,4342.26044,4342.45331,4342.21172,4342.32949
2026-08-09 00:30:00+00:00,4342.26044,4342.45426,4342.2092,4342.22864
2026-08-09 00:35:00+00:00,4342.26044,4342.44212,4342.19684,4342.29617
2026-08-09 00:40:00+00:00,4342.26044,4342.43925,4342.19792,4342.35775
2026-08-09 00:45:00+00:00,4342.26044,4342.45507,4342.20658,4342.33485
2026-08-09 00:50:00+00:00,4342.26044,4342.45197,4342.21482,4342.22801
2026-08-09 00:55:00+00:00,4342.26044,4342.4468,4342.19558,4342.29088
2026-08-09 01:00:00+00:00,4342.26044,4342.43319,4342.20071,4342.35813
2026-08-09 01:05:00+00:00,4342.26044,4342.45582,4342.20236,4342.34005
2026-08-09 01:10:00+00:00,4342.26044,4342.44869,4342.22131,4342.22789
2026-08-09 01:15:00+00:00,4342.26044,4342.45054,4342.19534,4342.29597
2026-08-09 01:20:00+00:00,4342.26044,4342.42629,4342.20447,4342.35799
2026-08-09 01:25:00+00:00,4342.26044,4342.45555,4342.19911,4342.34506
2026-08-09 01:30:00+00:00,4342.26044,4342.44445,4342.22828,4342.22828
2026-08-09 01:35:00+00:00,4342.26044,4342.4533,4342.19612,4342.3017
2026-08-09 01:40:00+00:00,4342.26044,4342.41861,4342.20918,4342.35735
2026-08-09 01:45:00+00:00,4342.26044,4342.45427,4342.19685,4342.34982
2026-08-09 01:50:00+00:00,4342.26044,4342.43928,4342.22917,4342.22917
2026-08-09 01:55:00+00:00,4342.26044,4342.45506,4342.19791,4342.30736
2026-08-09 02:00:00+00:00,4342.26044,4342.41019,4342.2148,4342.35621
2026-08-09 02:05:00+00:00,4342.26044,4342.45198,4342.19559,4342.35431
2026-08-09 02:10:00+00:00,4342.26044,4342.43322,4342.23057,4342.23057
2026-08-09 02:15:00+00:00,4342.26044,4342.45582,4342.20069,4342.31292
2026-08-09 02:20:00+00:00,4342.26044,4342.40112,4342.22128,4342.35457
2026-08-09 02:25:00+00:00,4342.26044,4342.45053,4342.19534,4342.35847
2026-08-09 02:30:00+00:00,4342.26044,4342.42632,4342.23245,4342.23245
2026-08-09 02:35:00+00:00,4342.26044,4342.45555,4342.19912,4342.31831
2026-08-09 02:40:00+00:00,4342.26044,4342.39146,4342.22858,4342.35245
2026-08-09 02:45:00+00:00,4342.26044,4342.45329,4342.19611,4342.3623
2026-08-09 02:50:00+00:00,4342.26044,4342.41864,4342.2348,4342.2348
2026-08-09 02:55:00+00:00,4342.26044,4342.45427,4342.19685,4342.32351
2026-08-09 03:00:00+00:00,4342.26044,4342.38658,4342.23663,4342.34987
2026-08-09 03:05:00+00:00,4342.26044,4342.45506,4342.1979,4342.25999
2026-08-09 03:10:00+00:00,4342.26044,4342.41023,4342.23761,4342.23761
2026-08-09 03:15:00+00:00,4342.26044,4342.45199,4342.19559,4342.32847
2026-08-09 03:20:00+00:00,4342.26044,4342.39651,4342.24538,4342.34684
2026-08-09 03:25:00+00:00,4342.26044,4342.45582,4342.20068,4342.25516
2026-08-09 03:30:00+00:00,4342.26044,4342.40116,4342.24085,4342.24085
2026-08-09 03:35:00+00:00,4342.26044,4342.45051,4342.19534,4342.33316
2026-08-09 03:40:00+00:00,4342.26044,4342.40588,4342.25475,4342.3434
2026-08-09 03:45:00+00:00,4342.26044,4342.45556,4342.19913,4342.25063
2026-08-09 03:50:00+00:00,4342.26044,4342.3915,4342.24082,4342.24449
2026-08-09 03:55:00+00:00,4342.26044,4342.45328,4342.19611,4342.33753
2026-08-09 04:00:00+00:00,4342.26044,4342.41462,4342.26044,4342.33956
2026-08-09 04:05:00+00:00,4342.26044,4342.45428,4342.19686,4342.24643
2026-08-09 04:10:00+00:00,4342.26044,4342.38654,4342.23242,4342.24852
2026-08-09 04:15:00+00:00,4342.26044,4342.45505,4342.19789,4342.34155
2026-08-09 04:20:00+00:00,4342.26044,4342.42266,4342.25958,4342.33535
2026-08-09 04:25:00+00:00,4342.26044,4342.452,4342.19559,4342.24259
2026-08-09 04:30:00+00:00,4342.26044,4342.39647,4342.22475,4342.25289
2026-08-09 04:35:00+00:00,4342.26044,4342.45581,4342.20067,4342.3452
2026-08-09 04:40:00+00:00,4342.26044,4342.42995,4342.24993,4342.33082
2026-08-09 04:45:00+00:00,4342.26044,4342.4505,4342.19534,4342.23915
2026-08-09 04:50:00+00:00,4342.26044,4342.40584,4342.21786,4342.25758
2026-08-09 04:55:00+00:00,4342.26044,4342.45556,4342.19915,4342.34843
2026-08-09 05:00:00+00:00,4342.26044,4342.43643,4342.24086,4342.32599
2026-08-09 05:05:00+00:00,4342.26044,4342.45327,4342.1961,4342.23613
2026-08-09 05:10:00+00:00,4342.26044,4342.41458,4342.21181,4342.31843
2026-08-09 05:15:00+00:00,4342.26044,4342.45429,4342.19687,4342.35124
2026-08-09 05:20:00+00:00,4342.26044,4342.44203,4342.23245,4342.3209
2026-08-09 05:25:00+00:00,4342.26044,4342.45505,4342.19788,4342.23355
2026-08-09 05:30:00+00:00,4342.26044,4342.42263,4342.20665,4342.31283
2026-08-09 05:35:00+00:00,4342.26044,4342.45201,4342.1956,4342.35359
2026-08-09 05:40:00+00:00,4342.26044,4342.44673,4342.22478,4342.31832
2026-08-09 05:45:00+00:00,4342.26044,4342.45581,4342.20065,4342.23143
2026-08-09 05:50:00+00:00,4342.26044,4342.42992,4342.20242,4342.30725
2026-08-09 05:55:00+00:00,4342.26044,4342.44875,4342.19534,4342.35546
2026-08-09 06:00:00+00:00,4342.26044,4342.45049,4342.21789,4342.32389
2026-08-09 06:05:00+00:00,4342.26044,4342.45556,4342.2044,4342.2298
2026-08-09 06:10:00+00:00,4342.26044,4342.4364,4342.19916,4342.30171
2026-08-09 06:15:00+00:00,4342.26044,4342.44452,4342.1961,4342.35685
2026-08-09 06:20:00+00:00,4342.26044,4342.45326,4342.21184,4342.32938
2026-08-09 06:25:00+00:00,4342.26044,4342.45429,4342.20909,4342.22866
2026-08-09 06:30:00+00:00,4342.26044,4342.44201,4342.19688,4342.29628
2026-08-09 06:35:00+00:00,4342.26044,4342.43937,4342.19787,4342.35774
2026-08-09 06:40:00+00:00,4342.26044,4342.45504,4342.20667,4342.33474
2026-08-09 06:45:00+00:00,4342.26044,4342.45202,4342.2147,4342.22802
2026-08-09 06:50:00+00:00,4342.26044,4342.44672,4342.1956,4342.29098
2026-08-09 06:55:00+00:00,4342.26044,4342.43333,4342.20064,4342.35813
2026-08-09 07:00:00+00:00,4342.26044,4342.45581,4342.20244,4342.33995
2026-08-09 07:05:00+00:00,4342.26044,4342.44876,4342.22117,4342.22789
2026-08-09 07:10:00+00:00,4342.26044,4342.45047,4342.19534,4342.29585
2026-08-09 07:15:00+00:00,4342.26044,4342.42644,4342.20438,4342.358
2026-08-09 07:20:00+00:00,4342.26044,4342.45556,4342.19917,4342.34496
2026-08-09 07:25:00+00:00,4342.26044,4342.44454,4342.22827,4342.22827
2026-08-09 07:30:00+00:00,4342.26044,4342.45325,4342.19609,4342.30158
2026-08-09 07:35:00+00:00,4342.26044,4342.41877,4342.20907,4342.35737
2026-08-09 07:40:00+00:00,4342.26044,4342.4543,4342.19688,4342.34973
2026-08-09 07:45:00+00:00,4342.26044,4342.43939,4342.22915,4342.22915
2026-08-09 07:50:00+00:00,4342.26044,4342.45504,4342.19786,4342.30725
2026-08-09 07:55:00+00:00,4342.26044,4342.41037,4342.21467,4342.35624
2026-08-09 08:00:00+00:00,4342.26044,4342.45203,4342.1956,4342.35422
2026-08-09 08:05:00+00:00,4342.26044,4342.43335,4342.23053,4342.23053
2026-08-09 08:10:00+00:00,4342.26044,4342.45581,4342.20063,4342.3128
2026-08-09 08:15:00+00:00,4342.26044,4342.40131,4342.22114,4342.35461
2026-08-09 08:20:00+00:00,4342.26044,4342.45046,4342.19534,4342.3584
2026-08-09 08:25:00+00:00,4342.26044,4342.42647,4342.2324,4342.2324
2026-08-09 08:30:00+00:00,4342.26044,4342.45557,4342.19918,4342.3182
2026-08-09 08:35:00+00:00,4342.26044,4342.39166,4342.22842,4342.3525
2026-08-09 08:40:00+00:00,4342.26044,4342.45324,4342.19609,4342.36223
2026-08-09 08:45:00+00:00,4342.26044,4342.41881,4342.23475,4342.23475
2026-08-09 08:50:00+00:00,4342.26044,4342.45431,4342.19689,4342.32341
2026-08-09 08:55:00+00:00,4342.26044,4342.38638,4342.23646,4342.34993
2026-08-09 09:00:00+00:00,4342.26044,4342.45503,4342.19785,4342.26009
2026-08-09 09:05:00+00:00,4342.26044,4342.41041,4342.23754,4342.23754
2026-08-09 09:10:00+00:00,4342.26044,4342.45205,4342.19561,4342.32837
2026-08-09 09:15:00+00:00,4342.26044,4342.39631,4342.24519,4342.34691
2026-08-09 09:20:00+00:00,4342.26044,4342.45581,4342.20061,4342.25526
2026-08-09 09:25:00+00:00,4342.26044,4342.40135,4342.24078,4342.24078
2026-08-09 09:30:00+00:00,4342.26044,4342.45045,4342.19534,4342.33307
2026-08-09 09:35:00+00:00,4342.26044,4342.40569,4342.25456,4342.34347
2026-08-09 09:40:00+00:00,4342.26044,4342.45557,4342.19919,4342.25072
2026-08-09 09:45:00+00:00,4342.26044,4342.3917,4342.241,4342.24441
2026-08-09 09:50:00+00:00,4342.26044,4342.45323,4342.19608,4342.33744
2026-08-09 09:55:00+00:00,4342.26044,4342.41444,4342.26044,4342.33964
2026-08-09 10:00:00+00:00,4342.26044,4342.45432,4342.1969,4342.24651
2026-08-09 10:05:00+00:00,4342.26044,4342.38633,4342.23259,4342.24843
2026-08-09 10:10:00+00:00,4342.26044,4342.45503,4342.19784,4342.34147
2026-08-09 10:15:00+00:00,4342.26044,4342.42251,4342.25979,4342.33544
2026-08-09 10:20:00+00:00,4342.26044,4342.45206,4342.19561,4342.24267
2026-08-09 10:25:00+00:00,4342.26044,4342.39627,4342.2249,4342.2528
2026-08-09 10:30:00+00:00,4342.26044,4342.45581,4342.2006,4342.34513
2026-08-09 10:35:00+00:00,4342.26044,4342.42981,4342.25012,4342.33091
2026-08-09 10:40:00+00:00,4342.26044,4342.45043,4342.19534,4342.23922
2026-08-09 10:45:00+00:00,4342.26044,4342.40565,4342.21799,4342.25748
2026-08-09 10:50:00+00:00,4342.26044,4342.45557,4342.1992,4342.34837
2026-08-09 10:55:00+00:00,4342.26044,4342.4363,4342.24104,4342.32609
2026-08-09 11:00:00+00:00,4342.26044,4342.45323,4342.19608,4342.23618
2026-08-09 11:05:00+00:00,4342.26044,4342.41441,4342.21193,4342.31854
2026-08-09 11:10:00+00:00,4342.26044,4342.45432,4342.1969,4342.35118
2026-08-09 11:15:00+00:00,4342.26044,4342.44193,4342.23262,4342.32101
2026-08-09 11:20:00+00:00,4342.26044,4342.45502,4342.19783,4342.2336
2026-08-09 11:25:00+00:00,4342.26044,4342.42247,4342.20675,4342.31294
2026-08-09 11:30:00+00:00,4342.26044,4342.45207,4342.19561,4342.35354
2026-08-09 11:35:00+00:00,4342.26044,4342.44665,4342.22493,4342.31821
2026-08-09 11:40:00+00:00,4342.26044,4342.45581,4342.20059,4342.23147
2026-08-09 11:45:00+00:00,4342.26044,4342.42978,4342.2025,4342.30736
2026-08-09 11:50:00+00:00,4342.26044,4342.44882,4342.19533,4342.35543
2026-08-09 11:55:00+00:00,4342.26044,4342.45042,4342.21802,4342.32378
2026-08-09 12:00:00+00:00,4342.26044,4342.45558,4342.20431,4342.22983
2026-08-09 12:05:00+00:00,4342.26044,4342.43628,4342.19921,4342.30182
2026-08-09 12:10:00+00:00,4342.26044,4342.44462,4342.19607,4342.35683
2026-08-09 12:15:00+00:00,4342.26044,4342.45322,4342.21195,4342.32926
2026-08-09 12:20:00+00:00,4342.26044,4342.45433,4342.20899,4342.22868
2026-08-09 12:25:00+00:00,4342.26044,4342.44191,4342.19691,4342.29639
2026-08-09 12:30:00+00:00,4342.26044,4342.43948,4342.19782,4342.35773
2026-08-09 12:35:00+00:00,4342.26044,4342.45502,4342.20677,4342.33463
2026-08-09 12:40:00+00:00,4342.26044,4342.45208,4342.21457,4342.22803
2026-08-09 12:45:00+00:00,4342.26044,4342.44663,4342.19562,4342.29109
2026-08-09 12:50:00+00:00,4342.26044,4342.43346,4342.20057,4342.35812
2026-08-09 12:55:00+00:00,4342.26044,4342.45581,4342.20252,4342.33985
2026-08-09 13:00:00+00:00,4342.26044,4342.44884,4342.22102,4342.22789
2026-08-09 13:05:00+00:00,4342.26044,4342.4504,4342.19533,4342.29573
2026-08-09 13:10:00+00:00,4342.26044,4342.42659,4342.2043,4342.35801
2026-08-09 13:15:00+00:00,4342.26044,4342.45558,4342.19922,4342.34486
2026-08-09 13:20:00+00:00,4342.26044,4342.44464,4342.22826,4342.22826
2026-08-09 13:25:00+00:00,4342.26044,4342.45321,4342.19607,4342.30146
2026-08-09 13:30:00+00:00,4342.26044,4342.41894,4342.20897,4342.35739
2026-08-09 13:35:00+00:00,4342.26044,4342.45434,4342.19692,4342.34963
2026-08-09 13:40:00+00:00,4342.26044,4342.43951,4342.22913,4342.22913
2026-08-09 13:45:00+00:00,4342.26044,4342.45501,4342.19781,4342.30713
2026-08-09 13:50:00+00:00,4342.26044,4342.41055,4342.21455,4342.35627
2026-08-09 13:55:00+00:00,4342.26044,4342.45209,4342.19562,4342.35413
2026-08-09 14:00:00+00:00,4342.26044,4342.43349,4342.2305,4342.2305
2026-08-09 14:05:00+00:00,4342.26044,4342.45581,4342.20056,4342.31269
2026-08-09 14:10:00+00:00,4342.26044,4342.4015,4342.221,4342.35465
2026-08-09 14:15:00+00:00,4342.26044,4342.45039,4342.19533,4342.35831
2026-08-09 14:20:00+00:00,4342.26044,4342.42662,4342.23236,4342.23236
2026-08-09 14:25:00+00:00,4342.26044,4342.45558,4342.19924,4342.3181
2026-08-09 14:30:00+00:00,4342.26044,4342.39186,4342.22826,4342.35255
2026-08-09 14:35:00+00:00,4342.26044,4342.4532,4342.19606,4342.36215
2026-08-09 14:40:00+00:00,4342.26044,4342.41897,4342.23469,4342.23469
2026-08-09 14:45:00+00:00,4342.26044,4342.45435,4342.19693,4342.3233
2026-08-09 14:50:00+00:00,4342.26044,4342.38617,4342.23629,4342.34998
2026-08-09 14:55:00+00:00,4342.26044,4342.45501,4342.19781,4342.2602
2026-08-09 15:00:00+00:00,4342.26044,4342.41059,4342.23748,4342.23748
2026-08-09 15:05:00+00:00,4342.26044,4342.4521,4342.19562,4342.32828
2026-08-09 15:10:00+00:00,4342.26044,4342.39611,4342.24501,4342.34698
2026-08-09 15:15:00+00:00,4342.26044,4342.4558,4342.20055,4342.25536
2026-08-09 15:20:00+00:00,4342.26044,4342.40154,4342.24071,4342.24071
2026-08-09 15:25:00+00:00,4342.26044,4342.45038,4342.19533,4342.33297
2026-08-09 15:30:00+00:00,4342.26044,4342.4055,4342.25436,4342.34355
2026-08-09 15:35:00+00:00,4342.26044,4342.45559,4342.19925,4342.25081
2026-08-09 15:40:00+00:00,4342.26044,4342.3919,4342.24118,4342.24434
2026-08-09 15:45:00+00:00,4342.26044,4342.45319,4342.19606,4342.33736
2026-08-09 15:50:00+00:00,4342.26044,4342.41427,4342.26044,4342.33972
2026-08-09 15:55:00+00:00,4342.26044,4342.45435,4342.19693,4342.2466
2026-08-09 16:00:00+00:00,4342.26044,4342.38612,4342.23275,4342.24835
2026-08-09 16:05:00+00:00,4342.26044,4342.455,4342.1978,4342.34139
2026-08-09 16:10:00+00:00,4342.26044,4342.42235,4342.25999,4342.33553
2026-08-09 16:15:00+00:00,4342.26044,4342.45211,4342.19563,4342.24274
2026-08-09 16:20:00+00:00,4342.26044,4342.39607,4342.22505,4342.25271
2026-08-09 16:25:00+00:00,4342.26044,4342.4558,4342.20053,4342.34505
2026-08-09 16:30:00+00:00,4342.26044,4342.42967,4342.25031,4342.33101
2026-08-09 16:35:00+00:00,4342.26044,4342.45036,4342.19533,4342.23928
2026-08-09 16:40:00+00:00,4342.26044,4342.40547,4342.21812,4342.25738
2026-08-09 16:45:00+00:00,4342.26044,4342.45559,4342.19926,4342.34831
2026-08-09 16:50:00+00:00,4342.26044,4342.43618,4342.24122,4342.32619
2026-08-09 16:55:00+00:00,4342.26044,4342.45318,4342.19605,4342.23624
2026-08-09 17:00:00+00:00,4342.26044,4342.41424,4342.21204,4342.31865
2026-08-09 17:05:00+00:00,4342.26044,4342.45436,4342.19694,4342.35113
2026-08-09 17:10:00+00:00,4342.26044,4342.44182,4342.23278,4342.32112
2026-08-09 17:15:00+00:00,4342.26044,4342.455,4342.19779,4342.23364
2026-08-09 17:20:00+00:00,4342.26044,4342.42232,4342.20685,4342.31306
2026-08-09 17:25:00+00:00,4342.26044,4342.45212,4342.19563,4342.3535
2026-08-09 17:30:00+00:00,4342.26044,4342.44656,4342.22508,4342.31809
2026-08-09 17:35:00+00:00,4342.26044,4342.4558,4342.20052,4342.23151
2026-08-09 17:40:00+00:00,4342.26044,4342.42964,4342.20258,4342.30747
2026-08-09 17:45:00+00:00,4342.26044,4342.4489,4342.19533,4342.3554
2026-08-09 17:50:00+00:00,4342.26044,4342.45035,4342.21815,4342.32366
2026-08-09 17:55:00+00:00,4342.26044,4342.45559,4342.20423,4342.22986
2026-08-09 18:00:00+00:00,4342.26044,4342.43615,4342.19927,4342.3262
2026-08-09 18:05:00+00:00,4342.26233,4342.43876,4342.1624,4342.35117
2026-08-09 18:10:00+00:00,4342.25405,4342.45133,4342.1624,4342.31853
2026-08-09 18:15:00+00:00,4342.24913,4342.44483,4342.1624,4342.18359
2026-08-09 18:20:00+00:00,4342.25404,4342.4327,4342.1624,4342.28886
2026-08-09 18:25:00+00:00,4342.25111,4342.43334,4342.1624,4342.35213
2026-08-09 18:30:00+00:00,4342.25554,4342.44947,4342.1624,4342.3282
2026-08-09 18:35:00+00:00,4342.25095,4342.44253,4342.1624,4342.18338
2026-08-09 18:40:00+00:00,4342.25403,4342.43738,4342.1624,4342.28358
2026-08-09 18:45:00+00:00,4342.25105,4342.42724,4342.1624,4342.35247
2026-08-09 18:50:00+00:00,4342.25403,4342.45392,4342.20063,4342.33974
2026-08-09 18:55:00+00:00,4342.26044,4342.44892,4342.22088,4342.22789
2026-08-09 19:00:00+00:00,4342.26044,4342.45034,4342.19533,4342.29561
2026-08-09 19:05:00+00:00,4342.26044,4342.43332,4342.20772,4342.36369
2026-08-09 19:10:00+00:00,4342.26647,4342.7281,4342.20129,4342.71138
2026-08-09 19:15:00+00:00,4342.64183,4342.64183,4342.23627,4342.23766
2026-08-09 19:20:00+00:00,4342.26837,4342.44557,4342.1624,4342.29229
2026-08-09 19:25:00+00:00,4342.25091,4342.41687,4342.1624,4342.35548
2026-08-09 19:30:00+00:00,4342.25893,4342.45241,4342.1624,4342.34723
2026-08-09 19:35:00+00:00,4342.25674,4342.4395,4342.1624,4342.22722
2026-08-09 19:40:00+00:00,4342.25893,4342.4531,4342.19777,4342.33491
2026-08-09 19:45:00+00:00,4342.25848,4342.41054,4342.21254,4342.35626
2026-08-09 19:50:00+00:00,4342.26081,4342.45209,4342.19375,4342.35352
2026-08-09 19:55:00+00:00,4342.25865,4342.44359,4342.23784,4342.23784
2026-08-09 20:00:00+00:00,4342.26835,4342.55572,4342.16245,4342.34705
2026-08-09 20:05:00+00:00,4342.28937,4342.40835,4342.22985,4342.36054
2026-08-09 20:10:00+00:00,4342.26538,4342.46252,4342.20662,4342.36056
2026-08-09 20:15:00+00:00,4342.26408,4342.42504,4342.23425,4342.23425
2026-08-09 20:20:00+00:00,4342.26163,4342.45558,4342.1624,4342.33879
2026-08-09 20:25:00+00:00,4342.25856,4342.39101,4342.1624,4342.3527
2026-08-09 20:30:00+00:00,4342.25975,4342.45315,4342.1624,4342.19639
2026-08-09 20:35:00+00:00,4342.25495,4342.42102,4342.1624,4342.23459
2026-08-09 20:40:00+00:00,4342.26078,4342.4563,4342.197,4342.34186
2026-08-09 20:45:00+00:00,4342.26233,4342.38763,4342.238,4342.35065
2026-08-09 20:50:00+00:00,4342.26011,4342.7281,4342.19776,4342.66982
2026-08-09 20:55:00+00:00,4342.54376,4342.54842,4342.16142,4342.18657
2026-08-09 21:00:00+00:00,4342.28568,4342.53952,4342.21483,4342.34565
2026-08-09 21:05:00+00:00,4342.269,4342.59952,4342.1624,4342.51373
2026-08-09 21:10:00+00:00,4342.18929,4342.7281,4342.18929,4342.26905
2026-08-09 21:15:00+00:00,4342.273,4342.40193,4342.24252,4342.24252
2026-08-09 21:20:00+00:00,4342.26202,4342.45031,4342.19533,4342.33288
2026-08-09 21:25:00+00:00,4342.26044,4342.7281,4342.07634,4342.37425
2026-08-09 21:30:00+00:00,4342.29357,4343.58321,4341.6818,4343.34653
2026-08-09 21:35:00+00:00,4342.7836,4344.06425,4342.7836,4343.81475
2026-08-09 21:40:00+00:00,4343.82099,4343.86783,4343.67127,4343.73354
2026-08-09 21:45:00+00:00,4343.74511,4343.95088,4343.5418,4343.89168
2026-08-09 21:50:00+00:00,4343.78325,4343.82968,4343.4826,4343.52128
2026-08-09 21:55:00+00:00,4343.51061,4343.8359,4343.51061,4343.62261
2026-08-09 22:00:00+00:00,4343.64486,4355.9871,4335.00954,4335.8578
2026-08-09 22:05:00+00:00,4337.37228,4341.21988,4336.7015,4337.48661
2026-08-09 22:10:00+00:00,4337.46703,4346.22844,4337.46703,4345.95175
2026-08-09 22:15:00+00:00,4345.50754,4345.50754,4341.35591,4342.07626
2026-08-09 22:20:00+00:00,4343.53715,4343.53715,4339.42594,4340.03081
2026-08-09 22:25:00+00:00,4339.84922,4344.04865,4338.95952,4343.27985
2026-08-09 22:30:00+00:00,4343.48336,4344.9924,4341.94111,4342.94871
2026-08-09 22:35:00+00:00,4343.42772,4343.42772,4340.84299,4341.35876
2026-08-09 22:40:00+00:00,4341.15834,4342.49639,4340.95763,4341.23016
2026-08-09 22:45:00+00:00,4341.75214,4343.71414,4339.99942,4343.43992
2026-08-09 22:50:00+00:00,4342.6765,4344.23737,4342.35095,4342.57025
2026-08-09 22:55:00+00:00,4342.61853,4342.7281,4341.74632,4342.46
2026-08-09 23:00:00+00:00,4342.32391,4346.98455,4341.50901,4346.19459
2026-08-09 23:05:00+00:00,4344.54645,4347.82609,4344.54645,4346.83842
2026-08-09 23:10:00+00:00,4346.84049,4347.17985,4346.01389,4346.91071
2026-08-09 23:15:00+00:00,4346.50435,4347.63706,4344.23737,4344.58161
2026-08-09 23:20:00+00:00,4345.1484,4348.9606,4345.1484,4348.78144
2026-08-09 23:25:00+00:00,4348.31168,4349.72182,4347.44715,4349.46476
2026-08-09 23:30:00+00:00,4348.83657,4348.83657,4341.40835,4342.87911
2026-08-09 23:35:00+00:00,4342.5809,4342.5809,4340.46617,4340.70391
2026-08-09 23:40:00+00:00,4341.04609,4343.4826,4340.37901,4341.91098
2026-08-09 23:45:00+00:00,4341.80312,4342.7281,4341.20403,4342.62934
2026-08-09 23:50:00+00:00,4342.37995,4342.53952,4341.21988,4342.30157
2026-08-09 23:55:00+00:00,4342.09908,4342.51961,4333.41507,4333.87088
2026-08-10 00:00:00+00:00,4334.80988,4340.27778,4332.60222,4340.0545
2026-08-10 00:05:00+00:00,4339.6576,4342.57263,4339.64923,4342.40346
2026-08-10 00:10:00+00:00,4342.00005,4346.12543,4341.03143,4345.5813
2026-08-10 00:15:00+00:00,4344.26616,4348.22368,4338.77126,4343.00785
2026-08-10 00:20:00+00:00,4342.20793,4344.61485,4339.71271,4340.1301
2026-08-10 00:25:00+00:00,4340.19727,4340.43296,4337.83022,4338.32681
2026-08-10 00:30:00+00:00,4339.11711,4339.11711,4336.26398,4336.44892
2026-08-10 00:35:00+00:00,4336.68001,4336.70222,4333.71966,4336.4578
2026-08-10 00:40:00+00:00,4336.10278,4338.01839,4334.77427,4334.97893
2026-08-10 00:45:00+00:00,4335.34163,4335.34163,4334.44584,4334.82043
2026-08-10 00:50:00+00:00,4334.79423,4338.02936,4334.44584,4334.87299
2026-08-10 00:55:00+00:00,4335.32087,4336.23061,4331.25433,4332.14584
2026-08-10 01:00:00+00:00,4331.95814,4338.95952,4327.42292,4338.75247
2026-08-10 01:05:00+00:00,4337.46309,4337.48603,4320.95902,4325.05832
2026-08-10 01:10:00+00:00,4325.28238,4325.28238,4322.82886,4324.74399
2026-08-10 01:15:00+00:00,4324.24032,4326.38228,4321.37442,4321.84315
2026-08-10 01:20:00+00:00,4322.30647,4325.92263,4320.96098,4325.5442
2026-08-10 01:25:00+00:00,4325.00939,4327.50563,4321.33443,4322.1185
2026-08-10 01:30:00+00:00,4322.22261,4327.69446,4314.55611,4318.65801
2026-08-10 01:35:00+00:00,4315.87603,4321.33443,4315.87603,4317.51127
2026-08-10 01:40:00+00:00,4317.65577,4317.65577,4313.50559,4316.78663
2026-08-10 01:45:00+00:00,4315.72762,4320.12206,4315.72762,4319.43969
2026-08-10 01:50:00+00:00,4317.9514,4322.642,4317.9514,4319.99721
2026-08-10 01:55:00+00:00,4320.56161,4322.15794,4315.75699,4316.86293
2026-08-10 02:00:00+00:00,4318.19741,4323.38954,4318.19741,4322.35501
2026-08-10 02:05:00+00:00,4322.12734,4323.7634,4318.72166,4323.44178
2026-08-10 02:10:00+00:00,4322.84162,4325.85525,4321.98146,4322.56684
2026-08-10 02:15:00+00:00,4323.64325,4326.19511,4323.64325,4325.07714
2026-08-10 02:20:00+00:00,4324.85131,4328.25485,4324.46196,4326.46483
2026-08-10 02:25:00+00:00,4326.96209,4331.28977,4326.85737,4330.88172
2026-08-10 02:30:00+00:00,4329.83852,4334.86314,4325.25952,4329.35917
2026-08-10 02:35:00+00:00,4329.00797,4329.51193,4325.59868,4325.72667
2026-08-10 02:40:00+00:00,4325.87902,4329.37917,4323.95036,4329.07975
2026-08-10 02:45:00+00:00,4328.48343,4328.85082,4322.26833,4323.7377
2026-08-10 02:50:00+00:00,4323.50551,4324.69835,4319.09472,4319.59954
2026-08-10 02:55:00+00:00,4320.51355,4322.74595,4319.81699,4322.37614
2026-08-10 03:00:00+00:00,4321.4286,4321.4286,4318.90818,4319.07617
2026-08-10 03:05:00+00:00,4319.35652,4319.55215,4317.97573,4319.4272
2026-08-10 03:10:00+00:00,4319.18409,4319.28127,4318.33824,4318.43798
2026-08-10 03:15:00+00:00,4318.64137,4322.88106,4318.64137,4321.31755
2026-08-10 03:20:00+00:00,4321.29349,4325.82082,4321.29349,4324.61123
2026-08-10 03:25:00+00:00,4324.79273,4327.07477,4324.13733,4326.56885
2026-08-10 03:30:00+00:00,4325.55058,4327.96402,4325.55058,4327.78895
2026-08-10 03:35:00+00:00,4327.28995,4329.19174,4326.75666,4326.99426
2026-08-10 03:40:00+00:00,4327.35468,4327.35468,4324.97179,4325.69189
2026-08-10 03:45:00+00:00,4325.58368,4327.02278,4325.07244,4326.87824
2026-08-10 03:50:00+00:00,4326.53284,4327.58337,4326.53284,4327.46621
2026-08-10 03:55:00+00:00,4327.06146,4327.8802,4326.19511,4327.24387
2026-08-10 04:00:00+00:00,4326.9562,4327.46582,4324.32432,4324.43925
2026-08-10 04:05:00+00:00,4324.55844,4326.96285,4323.45383,4326.41401
2026-08-10 04:10:00+00:00,4325.19214,4332.24138,4325.19214,4332.0545
2026-08-10 04:15:00+00:00,4331.68677,4332.90459,4330.69161,4332.38839
2026-08-10 04:20:00+00:00,4331.67158,4337.07768,4331.67158,4336.81392
2026-08-10 04:25:00+00:00,4336.72826,4337.02227,4334.25798,4334.41231
2026-08-10 04:30:00+00:00,4334.66938,4335.1068,4333.69447,4333.72622
2026-08-10 04:35:00+00:00,4333.67188,4337.08883,4333.67188,4336.67042
2026-08-10 04:40:00+00:00,4335.98163,4335.98163,4330.31655,4331.4381
2026-08-10 04:45:00+00:00,4330.6105,4335.38542,4330.6105,4334.98366
2026-08-10 04:50:00+00:00,4334.87844,4336.72369,4332.74633,4336.15426
2026-08-10 04:55:00+00:00,4335.4328,4339.06144,4335.15445,4337.37602
2026-08-10 05:00:00+00:00,4337.83472,4339.60831,4335.57338,4336.91799
2026-08-10 05:05:00+00:00,4336.38894,4338.95952,4336.3254,4336.52039
2026-08-10 05:10:00+00:00,4336.86638,4337.01912,4334.07013,4335.35405
2026-08-10 05:15:00+00:00,4335.12394,4336.13737,4333.31889,4333.43618
2026-08-10 05:20:00+00:00,4333.62176,4336.13737,4333.13112,4336.0725
2026-08-10 05:25:00+00:00,4335.90952,4335.94936,4334.07013,4334.43369
2026-08-10 05:30:00+00:00,4334.37862,4339.29814,4332.94337,4338.3286
2026-08-10 05:35:00+00:00,4336.27756,4341.32224,4336.27756,4338.67085
2026-08-10 05:40:00+00:00,4339.40895,4343.67127,4339.40895,4340.08281
2026-08-10 05:45:00+00:00,4340.83272,4346.69217,4340.83272,4346.38181
2026-08-10 05:50:00+00:00,4345.73804,4352.17827,4345.73804,4350.19385
2026-08-10 05:55:00+00:00,4350.74261,4351.11668,4346.98688,4349.11933
2026-08-10 06:00:00+00:00,4348.83189,4348.83189,4343.98749,4345.51864
2026-08-10 06:05:00+00:00,4345.43951,4345.61901,4342.1624,4344.68424
2026-08-10 06:10:00+00:00,4344.551,4349.71727,4344.11995,4349.65053
2026-08-10 06:15:00+00:00,4349.53934,4350.73561,4344.1211,4344.81498
2026-08-10 06:20:00+00:00,4345.98874,4345.98874,4342.9167,4344.75942
2026-08-10 06:25:00+00:00,4344.61632,4347.38369,4344.23785,4347.01145
2026-08-10 06:30:00+00:00,4346.42946,4348.9606,4346.42946,4348.68014
2026-08-10 06:35:00+00:00,4348.54581,4349.87563,4346.50324,4349.48759
2026-08-10 06:40:00+00:00,4348.82809,4354.50205,4346.94874,4353.4201
2026-08-10 06:45:00+00:00,4351.58765,4357.86813,4351.58765,4357.80844
2026-08-10 06:50:00+00:00,4357.6194,4357.6194,4355.96986,4356.47111
2026-08-10 06:55:00+00:00,4356.51634,4359.57799,4356.51634,4359.44924
2026-08-10 07:00:00+00:00,4359.12755,4359.33222,4353.69411,4354.96302
2026-08-10 07:05:00+00:00,4354.82625,4355.5904,4354.82625,4355.22585
2026-08-10 07:10:00+00:00,4355.28821,4356.55216,4351.07886,4351.32419
2026-08-10 07:15:00+00:00,4351.67324,4357.10862,4350.31042,4356.82125
2026-08-10 07:20:00+00:00,4356.3752,4357.42504,4352.53152,4356.70948
2026-08-10 07:25:00+00:00,4355.01325,4359.00789,4352.17827,4354.08404
2026-08-10 07:30:00+00:00,4353.8411,4354.64205,4353.12554,4353.60629
2026-08-10 07:35:00+00:00,4353.51064,4358.63797,4352.75913,4358.02903
2026-08-10 07:40:00+00:00,4357.23361,4359.38794,4356.91879,4358.56291
2026-08-10 07:45:00+00:00,4358.23661,4361.48225,4357.81008,4358.3768
2026-08-10 07:50:00+00:00,4359.61155,4359.61155,4355.75284,4355.99635
2026-08-10 07:55:00+00:00,4356.36903,4356.36903,4355.19614,4356.03981
2026-08-10 08:00:00+00:00,4355.93208,4356.10691,4354.35138,4355.56316
2026-08-10 08:05:00+00:00,4355.47838,4356.48018,4352.96158,4353.38494
2026-08-10 08:10:00+00:00,4354.25995,4354.25995,4352.36769,4353.81142
2026-08-10 08:15:00+00:00,4353.45832,4355.22679,4353.45832,4353.99222
2026-08-10 08:20:00+00:00,4353.88022,4355.5904,4353.50457,4353.87424
2026-08-10 08:25:00+00:00,4353.84237,4355.93762,4352.36769,4355.60476
2026-08-10 08:30:00+00:00,4355.14512,4356.59242,4349.95254,4350.49129
2026-08-10 08:35:00+00:00,4351.26703,4351.42074,4348.9606,4350.62921
2026-08-10 08:40:00+00:00,4350.3136,4350.3136,4346.12543,4346.51376
2026-08-10 08:45:00+00:00,4346.58246,4349.14974,4346.01078,4348.43476
2026-08-10 08:50:00+00:00,4348.57678,4348.57678,4345.37001,4346.83969
2026-08-10 08:55:00+00:00,4347.04388,4347.44805,4345.55884,4347.2738
2026-08-10 09:00:00+00:00,4346.88484,4348.30427,4345.8452,4346.80765
2026-08-10 09:05:00+00:00,4347.44711,4348.80735,4345.74769,4347.22058
2026-08-10 09:10:00+00:00,4346.7483,4349.50335,4346.7483,4349.36057
2026-08-10 09:15:00+00:00,4349.10539,4349.71727,4347.53097,4348.71268
2026-08-10 09:20:00+00:00,4348.39715,4348.39715,4347.07007,4348.19712
2026-08-10 09:25:00+00:00,4348.11217,4348.61908,4345.93655,4346.15815
2026-08-10 09:30:00+00:00,4346.46751,4348.21674,4342.01812,4344.38808
2026-08-10 09:35:00+00:00,4343.78035,4346.03703,4341.59684,4343.0305
2026-08-10 09:40:00+00:00,4342.73478,4344.23737,4341.59493,4344.13589
2026-08-10 09:45:00+00:00,4344.00644,4344.55893,4342.89199,4344.42302
2026-08-10 09:50:00+00:00,4344.12595,4344.12595,4341.21988,4342.06781
2026-08-10 09:55:00+00:00,4341.67399,4343.10532,4341.67399,4341.87718
2026-08-10 10:00:00+00:00,4341.97026,4342.26055,4339.71271,4339.78251
2026-08-10 10:05:00+00:00,4339.91756,4341.21988,4339.91756,4340.53932
2026-08-10 10:10:00+00:00,4340.5631,4341.03143,4339.77441,4340.7791
2026-08-10 10:15:00+00:00,4340.58359,4341.41824,4338.91612,4339.33513
2026-08-10 10:20:00+00:00,4340.19463,4344.4261,4340.19463,4344.04694
2026-08-10 10:25:00+00:00,4343.91276,4343.91276,4342.26012,4342.38348
2026-08-10 10:30:00+00:00,4342.75937,4343.85995,4340.84299,4341.06621
2026-08-10 10:35:00+00:00,4341.42691,4342.80836,4338.74667,4338.95699
2026-08-10 10:40:00+00:00,4339.59426,4341.54182,4338.13278,4339.27638
2026-08-10 10:45:00+00:00,4338.92142,4339.52439,4337.14585,4338.14822
2026-08-10 10:50:00+00:00,4338.35003,4340.31658,4338.35003,4338.70677
2026-08-10 10:55:00+00:00,4339.07395,4339.33608,4335.88955,4336.40975
2026-08-10 11:00:00+00:00,4337.43459,4337.43459,4335.38542,4336.08174
2026-08-10 11:05:00+00:00,4335.87823,4335.87823,4333.9796,4335.23753
2026-08-10 11:10:00+00:00,4334.88465,4335.40806,4330.69161,4330.99112
2026-08-10 11:15:00+00:00,4331.5273,4331.5273,4329.56661,4329.65854
2026-08-10 11:20:00+00:00,4329.72388,4333.31889,4328.98052,4333.15328
2026-08-10 11:25:00+00:00,4332.71702,4336.55764,4332.54408,4334.35256
2026-08-10 11:30:00+00:00,4334.39132,4339.71271,4334.39132,4338.10148
2026-08-10 11:35:00+00:00,4338.24769,4338.71539,4335.76136,4338.06041
2026-08-10 11:40:00+00:00,4336.76586,4339.71271,4336.7015,4336.82168
2026-08-10 11:45:00+00:00,4336.99895,4338.33262,4333.48839,4334.09241
2026-08-10 11:50:00+00:00,4335.38524,4336.06751,4332.56791,4336.0152
2026-08-10 11:55:00+00:00,4335.86703,4336.13737,4334.25798,4335.92898
2026-08-10 12:00:00+00:00,4335.46537,4335.94988,4333.13112,4333.27337
2026-08-10 12:05:00+00:00,4333.45069,4335.58645,4332.94337,4335.48912
2026-08-10 12:10:00+00:00,4335.29165,4335.7007,4331.86975,4332.0946
2026-08-10 12:15:00+00:00,4332.42801,4332.42801,4329.41821,4330.21672
2026-08-10 12:20:00+00:00,4330.07523,4330.07523,4327.14771,4327.58681
2026-08-10 12:25:00+00:00,4328.51787,4328.51787,4325.82082,4327.43535
2026-08-10 12:30:00+00:00,4326.9757,4332.16137,4326.9757,4328.72507
2026-08-10 12:35:00+00:00,4330.09749,4332.00485,4327.31836,4331.85035
2026-08-10 12:40:00+00:00,4331.52938,4331.86131,4330.27374,4330.67121
2026-08-10 12:45:00+00:00,4331.21379,4332.56791,4328.67694,4332.41364
2026-08-10 12:50:00+00:00,4332.14601,4333.03105,4330.50407,4332.6519
2026-08-10 12:55:00+00:00,4332.39565,4336.51344,4329.38937,4334.66577
2026-08-10 13:00:00+00:00,4334.54036,4334.8989,4327.31836,4327.49257
2026-08-10 13:05:00+00:00,4327.82599,4331.62956,4327.82599,4330.63136
2026-08-10 13:10:00+00:00,4331.00032,4337.07768,4331.00032,4335.55356
2026-08-10 13:15:00+00:00,4335.62944,4337.45391,4335.13658,4335.34712
2026-08-10 13:20:00+00:00,4335.62306,4335.9326,4329.00433,4329.51759
2026-08-10 13:25:00+00:00,4330.45644,4334.07013,4330.12904,4333.05627
2026-08-10 13:30:00+00:00,4333.0574,4337.64206,4331.85314,4336.21149
2026-08-10 13:35:00+00:00,4335.38537,4338.58302,4335.38537,4338.27846
2026-08-10 13:40:00+00:00,4338.32133,4338.39479,4332.57294,4333.50622
2026-08-10 13:45:00+00:00,4335.58647,4335.58647,4327.50563,4329.46201
2026-08-10 13:50:00+00:00,4329.24497,4329.24497,4323.6559,4323.94746
2026-08-10 13:55:00+00:00,4324.52736,4324.87134,4318.19137,4318.97671
2026-08-10 14:00:00+00:00,4320.6466,4325.07244,4317.12328,4324.6613
2026-08-10 14:05:00+00:00,4324.56245,4325.63371,4323.20263,4325.52682
2026-08-10 14:10:00+00:00,4325.34674,4330.16656,4324.66117,4329.23689
2026-08-10 14:15:00+00:00,4326.91501,4335.38542,4326.91501,4335.01566
2026-08-10 14:20:00+00:00,4334.40345,4340.27778,4333.50667,4339.71937
2026-08-10 14:25:00+00:00,4338.62546,4347.63706,4338.07702,4346.16493
2026-08-10 14:30:00+00:00,4346.13388,4349.14974,4346.13388,4347.66426
2026-08-10 14:35:00+00:00,4348.31453,4348.31453,4345.93655,4347.31003
2026-08-10 14:40:00+00:00,4347.00515,4349.52808,4345.84335,4349.4446
2026-08-10 14:45:00+00:00,4349.25561,4350.28494,4346.88111,4347.1888
2026-08-10 14:50:00+00:00,4347.72482,4347.72482,4344.32519,4345.16285
2026-08-10 14:55:00+00:00,4345.11812,4345.11812,4343.29395,4344.77577
2026-08-10 15:00:00+00:00,4344.59106,4348.35775,4344.32036,4347.41496
2026-08-10 15:05:00+00:00,4346.06429,4351.42074,4345.05518,4346.59825
2026-08-10 15:10:00+00:00,4348.70264,4348.70264,4342.7281,4346.80069
2026-08-10 15:15:00+00:00,4346.55681,4350.52183,4346.55681,4350.35224
2026-08-10 15:20:00+00:00,4349.83486,4351.18308,4349.83486,4350.05513
2026-08-10 15:25:00+00:00,4350.18896,4350.18896,4347.98526,4349.58288
2026-08-10 15:30:00+00:00,4349.26754,4351.04049,4349.06856,4349.45993
2026-08-10 15:35:00+00:00,4350.28072,4351.94399,4348.56754,4350.71936
2026-08-10 15:40:00+00:00,4351.3092,4351.3092,4350.0957,4350.82596
2026-08-10 15:45:00+00:00,4350.75533,4352.6594,4350.0957,4352.37309
2026-08-10 15:50:00+00:00,4351.81515,4357.10862,4351.81515,4356.94773
2026-08-10 15:55:00+00:00,4356.57319,4358.42602,4356.57319,4358.12712
2026-08-10 16:00:00+00:00,4357.44972,4362.8114,4357.44972,4362.48599
2026-08-10 16:05:00+00:00,4361.83835,4361.83835,4357.67823,4361.08828
2026-08-10 16:10:00+00:00,4359.73054,4364.71564,4359.73054,4361.83005
2026-08-10 16:15:00+00:00,4362.49797,4362.83847,4361.47941,4362.81314
2026-08-10 16:20:00+00:00,4362.73448,4364.34346,4362.17544,4362.40676
2026-08-10 16:25:00+00:00,4362.75893,4363.95374,4362.75893,4363.36849
2026-08-10 16:30:00+00:00,4363.28318,4363.28318,4352.93606,4355.29266
2026-08-10 16:35:00+00:00,4355.18514,4359.31704,4355.0663,4357.28468
2026-08-10 16:40:00+00:00,4358.26786,4358.26786,4351.42074,4351.93897
2026-08-10 16:45:00+00:00,4352.15904,4356.04599,4351.20296,4355.45421
2026-08-10 16:50:00+00:00,4354.29552,4354.32494,4351.79947,4352.8361
2026-08-10 16:55:00+00:00,4353.01048,4356.32938,4352.74658,4355.92157
2026-08-10 17:00:00+00:00,4355.08366,4357.48834,4355.08366,4355.56275
2026-08-10 17:05:00+00:00,4356.22499,4356.22499,4352.93606,4355.39168
2026-08-10 17:10:00+00:00,4354.23072,4357.86813,4354.23072,4357.76177
2026-08-10 17:15:00+00:00,4357.52348,4358.05805,4356.52347,4357.35755
2026-08-10 17:20:00+00:00,4357.4437,4360.33836,4356.60235,4360.19769
2026-08-10 17:25:00+00:00,4359.83449,4360.32638,4358.63022,4360.25976
2026-08-10 17:30:00+00:00,4359.99656,4362.40997,4359.33286,4362.21383
2026-08-10 17:35:00+00:00,4361.61789,4364.44707,4361.61789,4363.28405
2026-08-10 17:40:00+00:00,4363.16735,4364.90615,4360.44291,4360.86573
2026-08-10 17:45:00+00:00,4361.71559,4361.71559,4357.73843,4360.10765
2026-08-10 17:50:00+00:00,4358.61337,4361.55298,4358.61337,4360.30968
2026-08-10 17:55:00+00:00,4360.11682,4360.18047,4357.78936,4359.52632
2026-08-10 18:00:00+00:00,4359.28349,4363.95374,4359.28349,4362.1122
2026-08-10 18:05:00+00:00,4362.84376,4365.28724,4362.84376,4363.84609
2026-08-10 18:10:00+00:00,4363.97732,4364.58721,4363.32757,4363.4873
2026-08-10 18:15:00+00:00,4363.7548,4364.67383,4361.90018,4364.44982
2026-08-10 18:20:00+00:00,4364.04926,4364.62173,4362.78904,4364.3731
2026-08-10 18:25:00+00:00,4363.82614,4367.00726,4363.82614,4366.86617
2026-08-10 18:30:00+00:00,4366.56433,4378.8987,4365.28724,4375.19122
2026-08-10 18:35:00+00:00,4376.09139,4381.54493,4376.09139,4381.26534
2026-08-10 18:40:00+00:00,4380.77192,4383.37202,4380.77192,4381.3625
2026-08-10 18:45:00+00:00,4381.72934,4383.71101,4374.07051,4377.28575
2026-08-10 18:50:00+00:00,4376.90653,4378.85887,4375.02734,4375.32282
2026-08-10 18:55:00+00:00,4375.77163,4379.05062,4374.70405,4378.99177
2026-08-10 19:00:00+00:00,4378.87004,4380.87404,4378.64066,4380.59255
2026-08-10 19:05:00+00:00,4380.18885,4382.8892,4380.18885,4382.15121
2026-08-10 19:10:00+00:00,4382.20147,4382.72592,4381.35296,4382.68622
2026-08-10 19:15:00+00:00,4382.56022,4383.08131,4381.92893,4382.06447
2026-08-10 19:20:00+00:00,4382.09947,4386.60233,4382.09947,4384.69821
2026-08-10 19:25:00+00:00,4384.90181,4390.62854,4384.90181,4390.42947
2026-08-10 19:30:00+00:00,4390.12131,4393.35803,4387.40784,4389.47551
2026-08-10 19:35:00+00:00,4388.83592,4388.83592,4386.23136,4388.05545
2026-08-10 19:40:00+00:00,4387.42977,4390.39382,4387.42977,4389.13924
2026-08-10 19:45:00+00:00,4389.80247,4394.42994,4387.88943,4393.51936
2026-08-10 19:50:00+00:00,4391.78047,4395.6044,4391.35781,4391.68878
2026-08-10 19:55:00+00:00,4392.30593,4393.02518,4387.88943,4389.70661
2026-08-10 20:00:00+00:00,4389.22345,4389.81563,4387.6969,4388.84763
2026-08-10 20:05:00+00:00,4388.74203,4388.8334,4386.83656,4386.98018
2026-08-10 20:10:00+00:00,4387.19871,4390.97216,4386.54209,4390.72741
2026-08-10 20:15:00+00:00,4390.24005,4391.50619,4389.62293,4391.39026
2026-08-10 20:20:00+00:00,4391.19409,4391.19409,4387.11942,4387.39648
2026-08-10 20:25:00+00:00,4387.59536,4391.49331,4387.59536,4391.13474
2026-08-10 20:30:00+00:00,4390.47173,4391.9364,4390.47173,4391.34096
2026-08-10 20:35:00+00:00,4391.24415,4391.53214,4390.249,4390.8636
2026-08-10 20:40:00+00:00,4390.68,4391.35781,4390.20107,4390.45046
2026-08-10 20:45:00+00:00,4390.81471,4391.00838,4389.04494,4389.15331
2026-08-10 20:50:00+00:00,4389.35818,4390.401,4389.02452,4390.37465
2026-08-10 20:55:00+00:00,4390.31998,4390.31998,4389.04494,4389.993
2026-08-10 21:00:00+00:00,4389.83451,4390.00834,4387.31189,4387.57267
2026-08-10 21:05:00+00:00,4387.68213,4387.6969,4387.31189,4387.54241
2026-08-10 21:10:00+00:00,4387.45508,4387.6969,4387.40137,4387.67288
2026-08-10 21:15:00+00:00,4387.57167,4387.66555,4387.37384,4387.41313
2026-08-10 21:20:00+00:00,4387.43722,4387.58359,4387.31189,4387.47478
2026-08-10 21:25:00+00:00,4387.40532,4387.63692,4387.31189,4387.53363
2026-08-10 21:30:00+00:00,4387.44226,4389.23759,4387.27137,4388.9667
2026-08-10 21:35:00+00:00,4388.86029,4389.1408,4388.6597,4389.02754
2026-08-10 21:40:00+00:00,4388.9403,4389.30011,4388.85232,4388.91199
2026-08-10 21:45:00+00:00,4389.01576,4389.23759,4388.96602,4389.02323
2026-08-10 21:50:00+00:00,4388.96982,4389.15796,4388.90018,4389.06408
2026-08-10 21:55:00+00:00,4388.96826,4389.15834,4388.92237,4389.03059
2026-08-10 22:00:00+00:00,4388.96596,4391.9364,4388.39839,4389.85183
2026-08-10 22:05:00+00:00,4389.90836,4391.35781,4389.81563,4390.63737
2026-08-10 22:10:00+00:00,4390.74824,4392.62089,4390.58658,4391.85076
2026-08-10 22:15:00+00:00,4391.92131,4392.53117,4391.19939,4392.18218
2026-08-10 22:20:00+00:00,4392.26407,4393.3507,4391.77143,4393.26377
2026-08-10 22:25:00+00:00,4393.16396,4393.22924,4392.45914,4392.48381
2026-08-10 22:30:00+00:00,4392.47309,4393.63161,4392.22761,4393.37996
2026-08-10 22:35:00+00:00,4392.90117,4394.25116,4392.90117,4394.12751
2026-08-10 22:40:00+00:00,4393.94731,4396.32395,4393.94731,4396.02938
2026-08-10 22:45:00+00:00,4395.56411,4398.69799,4395.56411,4398.09527
2026-08-10 22:50:00+00:00,4398.03643,4399.80243,4397.73077,4398.41511
2026-08-10 22:55:00+00:00,4398.94997,4400.47991,4398.94997,4399.51915
2026-08-10 23:00:00+00:00,4399.75928,4401.21474,4398.48953,4398.85575
2026-08-10 23:05:00+00:00,4399.61892,4401.86975,4397.14546,4398.26554
2026-08-10 23:10:00+00:00,4399.40573,4399.40573,4396.18411,4397.27149
2026-08-10 23:15:00+00:00,4396.97594,4397.73077,4395.02483,4395.13512
2026-08-10 23:20:00+00:00,4395.31242,4396.07956,4395.02483,4395.09828
2026-08-10 23:25:00+00:00,4395.24624,4395.6953,4394.99006,4395.33896
2026-08-10 23:30:00+00:00,4395.29754,4396.03787,4395.12239,4395.65519
2026-08-10 23:35:00+00:00,4395.60878,4398.89578,4395.60878,4398.8457
2026-08-10 23:40:00+00:00,4398.72735,4398.91287,4397.92418,4398.83344
2026-08-10 23:45:00+00:00,4398.744,4399.31454,4396.7515,4397.99233
2026-08-10 23:50:00+00:00,4398.10777,4398.48457,4396.79441,4397.32808
2026-08-10 23:55:00+00:00,4397.56673,4402.3249,4397.56673,4402.0834
2026-08-11 00:00:00+00:00,4401.5307,4402.92799,4396.37739,4401.78331
2026-08-11 00:05:00+00:00,4399.92915,4405.38337,4399.92915,4404.98276
2026-08-11 00:10:00+00:00,4404.15043,4408.29449,4404.15043,4404.8877
2026-08-11 00:15:00+00:00,4405.27902,4407.81064,4403.47879,4405.81347
2026-08-11 00:20:00+00:00,4406.16653,4411.53155,4405.16266,4411.00335
2026-08-11 00:25:00+00:00,4409.62097,4414.42635,4409.62097,4413.19544
2026-08-11 00:30:00+00:00,4413.39455,4415.01104,4412.25216,4412.41826
2026-08-11 00:35:00+00:00,4412.54657,4413.06267,4410.05522,4410.4736
2026-08-11 00:40:00+00:00,4411.36617,4412.2838,4407.22785,4411.63607
2026-08-11 00:45:00+00:00,4410.28626,4422.79946,4408.78229,4409.73925
2026-08-11 00:50:00+00:00,4411.47966,4413.25743,4411.36517,4412.63312
2026-08-11 00:55:00+00:00,4412.32274,4412.32274,4409.62133,4410.25099
2026-08-11 01:00:00+00:00,4411.64976,4411.64976,4392.55003,4393.77719
2026-08-11 01:05:00+00:00,4395.33697,4406.64522,4395.33697,4406.47416
2026-08-11 01:10:00+00:00,4405.99712,4415.40092,4402.86264,4413.09506
2026-08-11 01:15:00+00:00,4413.41398,4418.32722,4413.41398,4415.02417
2026-08-11 01:20:00+00:00,4415.74166,4420.28025,4414.42635,4415.82639
2026-08-11 01:25:00+00:00,4416.40029,4418.23311,4414.42635,4417.57179
2026-08-11 01:30:00+00:00,4416.25612,4420.98364,4416.25612,4420.87286
2026-08-11 01:35:00+00:00,4420.65266,4420.65266,4417.05072,4419.67831
2026-08-11 01:40:00+00:00,4419.24357,4421.06194,4416.56588,4420.77565
2026-08-11 01:45:00+00:00,4420.39398,4425.97686,4417.54649,4424.77593
2026-08-11 01:50:00+00:00,4421.77662,4430.98698,4421.77662,4430.30482
2026-08-11 01:55:00+00:00,4429.41914,4432.42764,4429.41914,4430.57525
2026-08-11 02:00:00+00:00,4430.75816,4431.23547,4424.7152,4425.0001
2026-08-11 02:05:00+00:00,4425.56234,4429.09026,4422.93991,4424.36385
2026-08-11 02:10:00+00:00,4425.11438,4433.71073,4423.21302,4432.6762
2026-08-11 02:15:00+00:00,4430.1116,4434.78647,4430.1116,4433.66056
2026-08-11 02:20:00+00:00,4433.36771,4434.38954,4427.12945,4427.4631
2026-08-11 02:25:00+00:00,4428.03137,4430.07132,4427.52147,4429.64476
2026-08-11 02:30:00+00:00,4429.50013,4430.54679,4423.98801,4424.43484
2026-08-11 02:35:00+00:00,4425.12029,4426.93346,4415.03167,4416.011
2026-08-11 02:40:00+00:00,4417.78482,4420.67106,4413.84181,4419.10145
2026-08-11 02:45:00+00:00,4419.3965,4420.24791,4415.79087,4417.05933
2026-08-11 02:50:00+00:00,4416.77284,4417.61948,4410.33783,4411.81984
2026-08-11 02:55:00+00:00,4411.60782,4412.20783,4409.71229,4411.97389
2026-08-11 03:00:00+00:00,4411.71515,4413.4522,4411.27082,4412.75386
2026-08-11 03:05:00+00:00,4412.82369,4414.04422,4411.3106,4413.61584
2026-08-11 03:10:00+00:00,4412.48511,4414.62123,4412.24637,4413.63563
2026-08-11 03:15:00+00:00,4413.97005,4416.93484,4413.06267,4416.43546
2026-08-11 03:20:00+00:00,4415.12093,4418.13201,4415.01104,4415.20699
2026-08-11 03:25:00+00:00,4415.55868,4421.06194,4414.82024,4419.05271
2026-08-11 03:30:00+00:00,4419.21027,4421.25741,4418.18917,4419.47974
2026-08-11 03:35:00+00:00,4419.66966,4420.19507,4418.87426,4418.99643
2026-08-11 03:40:00+00:00,4419.18369,4419.49883,4416.96113,4417.23667
2026-08-11 03:45:00+00:00,4417.72068,4417.72068,4415.12366,4415.97622
2026-08-11 03:50:00+00:00,4415.96296,4417.54649,4414.05663,4417.29624
2026-08-11 03:55:00+00:00,4416.85456,4417.93682,4416.17217,4417.818
2026-08-11 04:00:00+00:00,4417.55213,4419.69416,4417.13148,4418.41469
2026-08-11 04:05:00+00:00,4418.96867,4418.96867,4414.42635,4414.78277
2026-08-11 04:10:00+00:00,4415.43695,4415.43695,4412.86792,4413.4696
2026-08-11 04:15:00+00:00,4413.33264,4415.16489,4413.25743,4414.93247
2026-08-11 04:20:00+00:00,4414.55126,4416.33269,4410.92144,4412.77709
2026-08-11 04:25:00+00:00,4412.23635,4415.23739,4411.50521,4414.71657
2026-08-11 04:30:00+00:00,4413.60882,4419.8895,4410.73297,4419.57859
2026-08-11 04:35:00+00:00,4418.87399,4420.64933,4411.89447,4413.52436
2026-08-11 04:40:00+00:00,4413.15778,4415.83432,4408.58793,4409.31332
2026-08-11 04:45:00+00:00,4409.69756,4411.11601,4408.8358,4409.93983
2026-08-11 04:50:00+00:00,4410.26563,4410.26563,4405.88717,4406.19146
2026-08-11 04:55:00+00:00,4406.78726,4408.13392,4404.31623,4406.92213
2026-08-11 05:00:00+00:00,4406.34773,4408.58793,4405.28621,4407.41367
2026-08-11 05:05:00+00:00,4406.70502,4406.70502,4403.15266,4405.56063
2026-08-11 05:10:00+00:00,4404.86327,4406.25688,4400.24641,4402.13536
2026-08-11 05:15:00+00:00,4401.96938,4402.18348,4398.47565,4398.80281
2026-08-11 05:20:00+00:00,4399.46852,4399.46852,4396.57114,4399.16807
2026-08-11 05:25:00+00:00,4398.90674,4398.90674,4390.77936,4392.36558
2026-08-11 05:30:00+00:00,4392.64378,4399.39119,4375.41019,4380.53587
2026-08-11 05:35:00+00:00,4377.99569,4385.18806,4377.99569,4381.69999
2026-08-11 05:40:00+00:00,4383.27298,4383.27298,4373.49661,4373.78784
2026-08-11 05:45:00+00:00,4374.80103,4378.85887,4372.1581,4377.71196
2026-08-11 05:50:00+00:00,4376.02846,4376.85561,4369.67446,4372.21926
2026-08-11 05:55:00+00:00,4371.86375,4374.40765,4368.52912,4374.14702
2026-08-11 06:00:00+00:00,4373.48361,4380.20149,4372.54045,4379.88441
2026-08-11 06:05:00+00:00,4379.25945,4382.12833,4378.5702,4381.74552
2026-08-11 06:10:00+00:00,4380.86963,4382.31298,4375.64509,4376.7759
2026-08-11 06:15:00+00:00,4378.41014,4378.41014,4371.66815,4375.86251
2026-08-11 06:20:00+00:00,4375.08108,4375.08108,4368.52912,4373.72005
2026-08-11 06:25:00+00:00,4373.07702,4373.40899,4364.56508,4366.27679
2026-08-11 06:30:00+00:00,4370.29888,4370.29888,4360.71865,4360.89908
2026-08-11 06:35:00+00:00,4361.52846,4367.76589,4361.52846,4367.20025
2026-08-11 06:40:00+00:00,4366.22674,4368.91083,4365.09815,4365.67864
2026-08-11 06:45:00+00:00,4366.5541,4367.19364,4363.00175,4366.90884
2026-08-11 06:50:00+00:00,4366.71235,4368.1948,4362.20779,4363.12985
2026-08-11 06:55:00+00:00,4364.4273,4365.05077,4360.5285,4364.78252
2026-08-11 07:00:00+00:00,4364.40859,4367.00293,4363.76331,4364.03505
2026-08-11 07:05:00+00:00,4364.50483,4364.50483,4361.66042,4363.28369
2026-08-11 07:10:00+00:00,4363.2423,4363.97783,4361.8599,4363.77396
2026-08-11 07:15:00+00:00,4363.45093,4364.53247,4360.05653,4360.52521
2026-08-11 07:20:00+00:00,4361.42424,4362.57907,4357.86813,4358.16451
2026-08-11 07:25:00+00:00,4358.9493,4365.4778,4358.61241,4363.77529
2026-08-11 07:30:00+00:00,4364.32735,4366.69138,4359.57799,4362.16273
2026-08-11 07:35:00+00:00,4361.98581,4363.59601,4360.13511,4360.40877
2026-08-11 07:40:00+00:00,4360.90688,4360.90688,4357.26681,4358.00369
2026-08-11 07:45:00+00:00,4357.67982,4359.38851,4357.67982,4359.34573
2026-08-11 07:50:00+00:00,4359.21639,4361.66965,4358.81789,4360.60697
2026-08-11 07:55:00+00:00,4360.97442,4360.97442,4357.42737,4357.57737
2026-08-11 08:00:00+00:00,4357.80034,4363.76331,4356.48594,4363.45869
2026-08-11 08:05:00+00:00,4362.65777,4366.24023,4362.65777,4366.01019
2026-08-11 08:10:00+00:00,4365.94053,4366.40389,4364.33466,4364.47545
2026-08-11 08:15:00+00:00,4364.61571,4366.3047,4360.5285,4360.74534
2026-08-11 08:20:00+00:00,4360.87986,4363.73201,4360.04369,4363.43255
2026-08-11 08:25:00+00:00,4362.62401,4369.11974,4362.62401,4367.53685
2026-08-11 08:30:00+00:00,4368.20164,4371.01145,4368.20164,4370.01579
2026-08-11 08:35:00+00:00,4370.29584,4373.70354,4370.29584,4373.48186
2026-08-11 08:40:00+00:00,4372.87802,4376.32196,4372.58919,4376.11609
2026-08-11 08:45:00+00:00,4375.74676,4375.7494,4372.92286,4373.09393
2026-08-11 08:50:00+00:00,4373.44944,4376.36761,4372.33218,4372.78467
2026-08-11 08:55:00+00:00,4373.745,4373.745,4370.25965,4370.4767
2026-08-11 09:00:00+00:00,4370.80666,4371.5847,4366.97202,4371.43122
2026-08-11 09:05:00+00:00,4371.1102,4372.24145,4371.1102,4371.3595
2026-08-11 09:10:00+00:00,4371.79398,4372.64038,4370.8204,4372.41243
2026-08-11 09:15:00+00:00,4371.75159,4373.50801,4371.75159,4373.29088
2026-08-11 09:20:00+00:00,4372.763,4375.02734,4371.20252,4373.50016
2026-08-11 09:25:00+00:00,4373.18539,4375.9846,4371.3936,4375.67967
2026-08-11 09:30:00+00:00,4374.96702,4374.96702,4371.44367,4374.19635
2026-08-11 09:35:00+00:00,4374.01609,4374.01609,4372.83293,4373.81929
2026-08-11 09:40:00+00:00,4373.67242,4374.92282,4371.77582,4371.95117
2026-08-11 09:45:00+00:00,4372.23441,4374.12298,4370.24736,4373.84976
2026-08-11 09:50:00+00:00,4373.48522,4374.90507,4371.3936,4372.33248
2026-08-11 09:55:00+00:00,4372.20749,4372.92286,4371.32463,4372.83373
2026-08-11 10:00:00+00:00,4372.63306,4374.26184,4371.5847,4371.69673
2026-08-11 10:05:00+00:00,4372.11992,4374.64456,4370.75714,4373.39675
2026-08-11 10:10:00+00:00,4373.56788,4375.41019,4373.11409,4373.30361
2026-08-11 10:15:00+00:00,4373.56563,4374.83594,4373.35929,4373.58002
2026-08-11 10:20:00+00:00,4373.96877,4377.90036,4372.38991,4377.50741
2026-08-11 10:25:00+00:00,4376.68722,4380.77715,4374.51572,4380.59806
2026-08-11 10:30:00+00:00,4380.38837,4380.58525,4378.09203,4378.34502
2026-08-11 10:35:00+00:00,4378.70692,4379.62598,4378.62107,4379.56456
2026-08-11 10:40:00+00:00,4379.31202,4379.31202,4377.51707,4377.56887
2026-08-11 10:45:00+00:00,4377.625,4380.20149,4377.57065,4379.82302
2026-08-11 10:50:00+00:00,4379.81684,4381.73692,4379.55069,4380.67136
2026-08-11 10:55:00+00:00,4380.77613,4380.85837,4378.907,4379.13876
2026-08-11 11:00:00+00:00,4379.24595,4391.24374,4379.24595,4390.5726
2026-08-11 11:05:00+00:00,4389.591,4392.1293,4389.591,4391.03541
2026-08-11 11:10:00+00:00,4390.92878,4392.74512,4389.81563,4392.47227
2026-08-11 11:15:00+00:00,4391.9715,4391.9715,4388.46711,4389.94207
2026-08-11 11:20:00+00:00,4389.7836,4390.58658,4386.15729,4386.25404
2026-08-11 11:25:00+00:00,4386.44784,4388.27453,4385.66274,4387.17342
2026-08-11 11:30:00+00:00,4387.33555,4388.45555,4385.96491,4386.37546
2026-08-11 11:35:00+00:00,4386.28799,4386.73451,4384.45044,4384.68075
2026-08-11 11:40:00+00:00,4384.96822,4385.77255,4381.88843,4385.53029
2026-08-11 11:45:00+00:00,4385.18686,4388.37384,4385.03335,4387.18425
2026-08-11 11:50:00+00:00,4387.28862,4389.04494,4386.15729,4388.63925
2026-08-11 11:55:00+00:00,4388.55715,4388.7326,4385.96491,4388.61588
2026-08-11 12:00:00+00:00,4388.38174,4388.38174,4384.97378,4384.99809
2026-08-11 12:05:00+00:00,4385.14765,4395.02483,4382.97149,4394.58511
2026-08-11 12:10:00+00:00,4393.88009,4397.15065,4390.79808,4396.73341
2026-08-11 12:15:00+00:00,4396.03619,4396.95731,4393.67311,4393.80619
2026-08-11 12:20:00+00:00,4394.04538,4399.27852,4389.56851,4390.44738
2026-08-11 12:25:00+00:00,4392.49338,4392.49338,4388.27453,4390.9933
2026-08-11 12:30:00+00:00,4390.87024,4396.24259,4390.00834,4395.3809
2026-08-11 12:35:00+00:00,4393.25689,4393.25689,4388.46711,4389.9847
2026-08-11 12:40:00+00:00,4390.29104,4396.37739,4387.35284,4394.77656
2026-08-11 12:45:00+00:00,4394.72831,4400.24641,4392.97504,4397.80323
2026-08-11 12:50:00+00:00,4397.26418,4397.7649,4393.67311,4393.85593
2026-08-11 12:55:00+00:00,4394.16605,4394.92148,4392.94498,4394.61516
2026-08-11 13:00:00+00:00,4394.05368,4398.31105,4392.46414,4398.19754
2026-08-11 13:05:00+00:00,4398.23565,4398.23565,4393.48008,4396.89811
2026-08-11 13:10:00+00:00,4396.23606,4401.04793,4394.43444,4397.06528
2026-08-11 13:15:00+00:00,4398.16392,4399.60583,4390.97216,4394.5722
2026-08-11 13:20:00+00:00,4393.7694,4400.82736,4393.7694,4400.54139
2026-08-11 13:25:00+00:00,4400.18229,4400.18229,4396.76398,4399.38268
2026-08-11 13:30:00+00:00,4399.37912,4399.37912,4392.147,4393.00447
2026-08-11 13:35:00+00:00,4394.87286,4398.11761,4387.40039,4397.43929
2026-08-11 13:40:00+00:00,4397.04115,4400.89624,4397.04115,4399.93971
2026-08-11 13:45:00+00:00,4400.0859,4407.93875,4393.09406,4393.95857
2026-08-11 13:50:00+00:00,4395.35277,4395.6044,4386.7288,4388.24175
2026-08-11 13:55:00+00:00,4391.82603,4394.25232,4384.61876,4389.87291
2026-08-11 14:00:00+00:00,4390.7037,4390.7037,4383.26651,4383.70505
2026-08-11 14:05:00+00:00,4384.63865,4385.96491,4381.35912,4384.27209
2026-08-11 14:10:00+00:00,4384.19785,4386.73451,4383.38392,4386.50098
2026-08-11 14:15:00+00:00,4385.96698,4389.81563,4383.05585,4385.33119
2026-08-11 14:20:00+00:00,4386.3259,4389.81563,4382.31298,4382.75753
2026-08-11 14:25:00+00:00,4383.3956,4387.06225,4380.36847,4386.87473
2026-08-11 14:30:00+00:00,4386.60576,4389.56766,4385.00329,4386.89383
2026-08-11 14:35:00+00:00,4387.43478,4392.4907,4387.43478,4392.28776
2026-08-11 14:40:00+00:00,4391.98108,4395.02483,4391.98108,4394.90149
2026-08-11 14:45:00+00:00,4394.54599,4394.63854,4393.28706,4394.56484
2026-08-11 14:50:00+00:00,4394.35737,4395.02483,4392.7081,4393.46026
2026-08-11 14:55:00+00:00,4393.66935,4397.73077,4391.73774,4393.37616
2026-08-11 15:00:00+00:00,4393.81663,4398.31105,4392.91957,4397.59162
2026-08-11 15:05:00+00:00,4397.11429,4398.11761,4390.58658,4391.07043
2026-08-11 15:10:00+00:00,4392.02388,4395.79762,4389.69033,4395.47455
2026-08-11 15:15:00+00:00,4395.11495,4395.11495,4384.13714,4385.15796
2026-08-11 15:20:00+00:00,4386.9397,4388.6597,4382.50504,4388.50924
2026-08-11 15:25:00+00:00,4387.95318,4388.59036,4382.93365,4386.97919
2026-08-11 15:30:00+00:00,4386.27087,4386.54209,4382.5511,4385.14282
2026-08-11 15:35:00+00:00,4385.00531,4385.00531,4373.85346,4374.61869
2026-08-11 15:40:00+00:00,4375.79293,4375.79293,4370.25762,4374.82704
2026-08-11 15:45:00+00:00,4373.90539,4378.41206,4373.90539,4375.99231
2026-08-11 15:50:00+00:00,4376.40135,4378.3606,4376.30929,4377.83265
2026-08-11 15:55:00+00:00,4377.11806,4382.44587,4377.11806,4380.04955
2026-08-11 16:00:00+00:00,4380.32852,4384.61876,4380.32852,4382.92629
2026-08-11 16:05:00+00:00,4383.23326,4383.23326,4379.43418,4380.20782
2026-08-11 16:10:00+00:00,4379.63678,4380.96907,4378.66713,4378.88636
2026-08-11 16:15:00+00:00,4379.23968,4381.01621,4379.23968,4379.84764
2026-08-11 16:20:00+00:00,4380.37351,4383.08131,4378.24607,4382.86878
2026-08-11 16:25:00+00:00,4382.38324,4383.65772,4380.96907,4383.43615
2026-08-11 16:30:00+00:00,4382.91243,4382.91243,4380.20149,4380.33689
2026-08-11 16:35:00+00:00,4380.30914,4385.00329,4380.19812,4383.38111
2026-08-11 16:40:00+00:00,4383.52362,4384.99374,4383.14483,4384.88798
2026-08-11 16:45:00+00:00,4384.79623,4385.51315,4382.69711,4383.1031
2026-08-11 16:50:00+00:00,4383.13715,4383.36793,4381.54493,4381.63374
2026-08-11 16:55:00+00:00,4381.71688,4385.19558,4381.00205,4384.11668
2026-08-11 17:00:00+00:00,4384.2809,4384.81101,4382.50504,4382.77692
2026-08-11 17:05:00+00:00,4383.14082,4385.00329,4381.73692,4384.83079
2026-08-11 17:10:00+00:00,4384.47515,4384.47515,4381.73692,4381.85853
2026-08-11 17:15:00+00:00,4381.99194,4383.61464,4380.05136,4383.44438
2026-08-11 17:20:00+00:00,4383.13367,4384.04209,4379.8178,4380.06321
2026-08-11 17:25:00+00:00,4380.56971,4381.69798,4379.43418,4379.53248
2026-08-11 17:30:00+00:00,4379.88588,4382.50504,4377.78321,4377.86898
2026-08-11 17:35:00+00:00,4377.9752,4378.44839,4374.45319,4376.78139
2026-08-11 17:40:00+00:00,4376.36249,4377.90036,4375.43047,4377.30361
2026-08-11 17:45:00+00:00,4377.45051,4377.45051,4375.02734,4377.22266
2026-08-11 17:50:00+00:00,4377.024,4377.71388,4373.63691,4374.03622
2026-08-11 17:55:00+00:00,4374.75995,4374.75995,4369.48353,4371.91971
2026-08-11 18:00:00+00:00,4371.50867,4371.50867,4365.28724,4365.57354
2026-08-11 18:05:00+00:00,4365.63828,4366.25032,4361.77992,4362.13427
2026-08-11 18:10:00+00:00,4362.85877,4363.95374,4361.2892,4363.26771
2026-08-11 18:15:00+00:00,4363.31553,4366.95521,4362.16919,4366.56993
2026-08-11 18:20:00+00:00,4366.06555,4368.58909,4362.24045,4364.72823
2026-08-11 18:25:00+00:00,4364.36774,4365.09669,4362.9337,4363.20948
2026-08-11 18:30:00+00:00,4363.68198,4367.27199,4361.2892,4366.58652
2026-08-11 18:35:00+00:00,4365.42332,4371.01145,4365.42332,4370.87961
2026-08-11 18:40:00+00:00,4370.48184,4371.40454,4368.91083,4370.95217
2026-08-11 18:45:00+00:00,4369.9111,4372.51328,4369.9111,4371.63005
2026-08-11 18:50:00+00:00,4371.70985,4372.18237,4371.5847,4372.11499
2026-08-11 18:55:00+00:00,4372.01751,4372.6332,4370.62937,4371.38532
2026-08-11 19:00:00+00:00,4371.27865,4371.81732,4369.621,4370.61449
2026-08-11 19:05:00+00:00,4370.4053,4372.81129,4364.33466,4365.22709
2026-08-11 19:10:00+00:00,4364.96934,4367.19364,4363.64287,4366.02482
2026-08-11 19:15:00+00:00,4365.89293,4365.89293,4362.32035,4362.60668
2026-08-11 19:20:00+00:00,4363.03011,4366.94194,4361.8599,4366.43236
2026-08-11 19:25:00+00:00,4365.2024,4370.43835,4365.2024,4370.28141
2026-08-11 19:30:00+00:00,4370.05754,4374.79549,4370.05754,4371.55467
2026-08-11 19:35:00+00:00,4371.99604,4371.99604,4367.95667,4369.82184
2026-08-11 19:40:00+00:00,4368.99552,4370.76997,4367.36512,4367.7505
2026-08-11 19:45:00+00:00,4368.51359,4369.48668,4366.62154,4367.24643
2026-08-11 19:50:00+00:00,4367.38649,4371.18868,4365.54005,4366.0172
2026-08-11 19:55:00+00:00,4366.78253,4373.11409,4366.78253,4372.69971
2026-08-11 20:00:00+00:00,4372.60911,4372.62815,4368.91083,4369.42423
2026-08-11 20:05:00+00:00,4369.28033,4370.62466,4369.26264,4370.346
2026-08-11 20:10:00+00:00,4369.97712,4370.93639,4369.97712,4370.81647
2026-08-11 20:15:00+00:00,4370.75793,4370.75793,4367.95667,4368.05685
2026-08-11 20:20:00+00:00,4368.25719,4369.33892,4368.01895,4369.15539
2026-08-11 20:25:00+00:00,4368.91182,4370.8204,4368.91182,4370.15316
2026-08-11 20:30:00+00:00,4370.45694,4370.48128,4369.48353,4370.36818
2026-08-11 20:35:00+00:00,4370.13766,4370.13766,4369.10171,4369.60882
2026-08-11 20:40:00+00:00,4369.35522,4369.67446,4367.75193,4367.84455
2026-08-11 20:45:00+00:00,4367.97792,4367.97792,4367.38437,4367.66022
2026-08-11 20:50:00+00:00,4367.59122,4367.98235,4367.25423,4367.73182
2026-08-11 20:55:00+00:00,4367.58324,4368.75593,4367.54296,4367.71611
2026-08-11 21:00:00+00:00,4368.15364,4369.29915,4368.15364,4368.54796
2026-08-11 21:05:00+00:00,4368.56663,4368.66496,4368.41208,4368.56854
2026-08-11 21:10:00+00:00,4368.47305,4368.63086,4368.33828,4368.56007
2026-08-11 21:15:00+00:00,4368.47339,4368.67843,4368.41882,4368.44748
2026-08-11 21:20:00+00:00,4368.47759,4368.61188,4368.33828,4368.5647
2026-08-11 21:25:00+00:00,4368.47199,4368.66519,4368.41237,4368.57398
2026-08-11 21:30:00+00:00,4368.47759,4368.66656,4368.45439,4368.63302
2026-08-11 21:35:00+00:00,4368.56478,4368.67522,4368.42117,4368.44421
2026-08-11 21:40:00+00:00,4368.47643,4368.72204,4368.14747,4368.19804
2026-08-11 21:45:00+00:00,4368.26853,4368.66083,4368.26853,4368.5751
2026-08-11 21:50:00+00:00,4368.47721,4368.6707,4368.33828,4368.57226
2026-08-11 21:55:00+00:00,4368.52428,4368.67349,4368.43058,4368.44713
2026-08-11 22:00:00+00:00,4368.4795,4373.87919,4368.47546,4371.76743
2026-08-11 22:05:00+00:00,4371.48115,4374.45319,4371.48115,4374.32024
2026-08-11 22:10:00+00:00,4374.2176,4375.25411,4374.12498,4375.15399
2026-08-11 22:15:00+00:00,4375.05164,4375.21876,4373.68789,4374.88148
2026-08-11 22:20:00+00:00,4374.67301,4376.36761,4374.65891,4375.81565
2026-08-11 22:25:00+00:00,4375.89312,4376.94227,4375.85892,4376.85987
2026-08-11 22:30:00+00:00,4376.68768,4377.81682,4376.41754,4377.75751
2026-08-11 22:35:00+00:00,4377.61777,4377.61777,4376.55915,4376.91946
2026-08-11 22:40:00+00:00,4376.83312,4376.83312,4375.79311,4375.82483
2026-08-11 22:45:00+00:00,4375.87829,4378.09203,4375.60007,4378.03789
2026-08-11 22:50:00+00:00,4378.26115,4378.26115,4371.96695,4373.49977
2026-08-11 22:55:00+00:00,4372.9302,4374.26184,4367.76589,4370.27316
2026-08-11 23:00:00+00:00,4369.94859,4370.25154,4365.98567,4368.99086
2026-08-11 23:05:00+00:00,4367.9873,4369.29261,4363.38249,4365.7377
2026-08-11 23:10:00+00:00,4366.38311,4368.71997,4363.79725,4368.53597
2026-08-11 23:15:00+00:00,4367.98693,4371.59985,4364.71977,4369.02472
2026-08-11 23:20:00+00:00,4369.51926,4373.87919,4369.51926,4373.69904
2026-08-11 23:25:00+00:00,4373.36967,4373.36967,4369.48353,4372.5131
2026-08-11 23:30:00+00:00,4371.52367,4373.68789,4367.19364,4367.53206
2026-08-11 23:35:00+00:00,4368.15466,4368.71997,4367.57512,4368.64438
2026-08-11 23:40:00+00:00,4368.47334,4368.47334,4367.76589,4367.8687
2026-08-11 23:45:00+00:00,4367.96957,4370.62937,4366.73737,4368.39961
2026-08-11 23:50:00+00:00,4368.75088,4369.46061,4368.52927,4369.36366
2026-08-11 23:55:00+00:00,4369.09285,4371.3936,4369.0126,4371.35495
2026-08-12 00:00:00+00:00,4371.17037,4371.41166,4366.30522,4369.81782
2026-08-12 00:05:00+00:00,4369.48864,4370.75928,4368.43995,4370.59867
2026-08-12 00:10:00+00:00,4370.30699,4377.65337,4370.30699,4376.9845
2026-08-12 00:15:00+00:00,4375.38779,4378.59747,4374.64456,4377.95335
2026-08-12 00:20:00+00:00,4376.29716,4380.58525,4376.29716,4378.0714
2026-08-12 00:25:00+00:00,4378.27987,4380.22581,4378.27987,4380.00953
2026-08-12 00:30:00+00:00,4379.56814,4382.56073,4379.22746,4382.09041
2026-08-12 00:35:00+00:00,4381.99743,4383.77641,4381.35296,4381.49362
2026-08-12 00:40:00+00:00,4381.79063,4382.8892,4381.16101,4381.31405
2026-08-12 00:45:00+00:00,4381.61462,4382.8892,4381.16101,4381.48016
2026-08-12 00:50:00+00:00,4381.59487,4382.22539,4379.28087,4379.63946
2026-08-12 00:55:00+00:00,4380.18429,4380.77715,4378.18302,4380.61545
2026-08-12 01:00:00+00:00,4380.35025,4384.08804,4378.36336,4383.45884
2026-08-12 01:05:00+00:00,4382.57341,4387.6969,4382.57341,4386.41714
2026-08-12 01:10:00+00:00,4386.07065,4390.77936,4386.07065,4390.29619
2026-08-12 01:15:00+00:00,4390.21756,4391.74352,4386.77054,4389.27347
2026-08-12 01:20:00+00:00,4389.66964,4394.05923,4389.42248,4390.09716
2026-08-12 01:25:00+00:00,4390.29589,4391.55066,4390.20107,4391.16347
2026-08-12 01:30:00+00:00,4391.10147,4391.10147,4386.92696,4387.12713
2026-08-12 01:35:00+00:00,4387.49012,4391.98781,4385.18353,4385.68253
2026-08-12 01:40:00+00:00,4386.59235,4392.62355,4386.59235,4391.79644
2026-08-12 01:45:00+00:00,4389.78159,4396.57067,4389.78159,4396.18382
2026-08-12 01:50:00+00:00,4395.38566,4397.83795,4394.88825,4396.84161
2026-08-12 01:55:00+00:00,4396.39121,4396.4765,4394.25232,4396.11284
2026-08-12 02:00:00+00:00,4395.36451,4397.61789,4394.83168,4395.01764
2026-08-12 02:05:00+00:00,4395.37478,4397.21937,4395.19042,4396.07954
2026-08-12 02:10:00+00:00,4396.29102,4402.83362,4396.29102,4401.99692
2026-08-12 02:15:00+00:00,4399.88876,4403.73437,4399.8592,4401.47485
2026-08-12 02:20:00+00:00,4401.63777,4403.25087,4400.82736,4402.94294
2026-08-12 02:25:00+00:00,4402.50988,4403.5084,4401.81647,4402.48168
2026-08-12 02:30:00+00:00,4402.33671,4402.33671,4398.69799,4399.07977
2026-08-12 02:35:00+00:00,4399.09848,4399.47206,4397.48415,4399.32626
2026-08-12 02:40:00+00:00,4399.02852,4408.19925,4399.02852,4407.73437
2026-08-12 02:45:00+00:00,4406.93008,4410.14333,4405.01157,4409.92083
2026-08-12 02:50:00+00:00,4409.82649,4414.24129,4408.58793,4413.99443
2026-08-12 02:55:00+00:00,4413.41717,4414.42635,4411.69983,4412.26969
2026-08-12 03:00:00+00:00,4412.20362,4413.4522,4409.98685,4410.4984
2026-08-12 03:05:00+00:00,4411.29491,4415.01104,4408.27078,4414.66208
2026-08-12 03:10:00+00:00,4414.0405,4414.42635,4412.53138,4413.03188
2026-08-12 03:15:00+00:00,4413.69721,4414.63296,4406.83941,4406.93308
2026-08-12 03:20:00+00:00,4407.10991,4407.37818,4405.56251,4406.62485
2026-08-12 03:25:00+00:00,4406.21349,4407.45668,4406.21349,4407.44393
2026-08-12 03:30:00+00:00,4407.28419,4407.75639,4405.86862,4405.96278
2026-08-12 03:35:00+00:00,4406.09477,4406.39186,4404.26184,4404.47162
2026-08-12 03:40:00+00:00,4404.8489,4405.00177,4401.9897,4402.17511
2026-08-12 03:45:00+00:00,4402.55833,4403.17111,4401.55838,4402.6714
2026-08-12 03:50:00+00:00,4402.52561,4403.46224,4402.01136,4402.30309
2026-08-12 03:55:00+00:00,4402.86073,4402.89733,4401.60218,4402.31001
2026-08-12 04:00:00+00:00,4402.19293,4402.91282,4401.74842,4401.82839
2026-08-12 04:05:00+00:00,4402.16671,4403.15266,4400.29116,4400.67971
2026-08-12 04:10:00+00:00,4401.43128,4401.43128,4396.76398,4396.94351
2026-08-12 04:15:00+00:00,4397.19095,4397.25794,4395.39795,4396.73108
2026-08-12 04:20:00+00:00,4396.64199,4398.50451,4396.18411,4397.58568
2026-08-12 04:25:00+00:00,4397.66776,4398.99133,4397.52311,4397.84871
2026-08-12 04:30:00+00:00,4398.33416,4399.08499,4397.53738,4398.00009
2026-08-12 04:35:00+00:00,4397.9377,4399.48694,4397.563,4399.37004
2026-08-12 04:40:00+00:00,4399.30024,4399.84007,4395.79762,4399.3963
2026-08-12 04:45:00+00:00,4398.23156,4401.63604,4398.23156,4401.5408
2026-08-12 04:50:00+00:00,4401.18321,4401.95975,4400.24641,4400.36712
2026-08-12 04:55:00+00:00,4400.528,4400.97767,4399.47206,4400.88689
2026-08-12 05:00:00+00:00,4400.75155,4401.75734,4400.75155,4400.85626
2026-08-12 05:05:00+00:00,4400.85547,4404.12226,4400.47751,4403.90576
2026-08-12 05:10:00+00:00,4403.48993,4405.08837,4401.78699,4402.38116
2026-08-12 05:15:00+00:00,4403.5017,4403.5017,4397.53738,4397.68285
2026-08-12 05:20:00+00:00,4397.7905,4398.31105,4392.7081,4393.02078
2026-08-12 05:25:00+00:00,4393.39805,4395.41119,4393.36494,4393.79719
2026-08-12 05:30:00+00:00,4394.28889,4396.76398,4388.22804,4393.49389
2026-08-12 05:35:00+00:00,4393.78431,4394.05923,4391.55066,4393.81275
2026-08-12 05:40:00+00:00,4393.39921,4394.44542,4389.43025,4389.74129
2026-08-12 05:45:00+00:00,4389.94275,4391.10862,4385.58021,4385.85354
2026-08-12 05:50:00+00:00,4386.33477,4387.58905,4385.0347,4386.95883
2026-08-12 05:55:00+00:00,4386.17379,4394.33323,4386.17379,4393.89672
2026-08-12 06:00:00+00:00,4393.19014,4393.19014,4387.31189,4387.64755
2026-08-12 06:05:00+00:00,4388.13847,4388.74908,4385.19558,4385.43586
2026-08-12 06:10:00+00:00,4385.92864,4387.67533,4385.89143,4387.40273
2026-08-12 06:15:00+00:00,4387.04972,4390.39382,4385.84465,4390.24198
2026-08-12 06:20:00+00:00,4389.92889,4390.40139,4387.6969,4387.97629
2026-08-12 06:25:00+00:00,4388.38118,4390.62745,4387.88943,4389.17686
2026-08-12 06:30:00+00:00,4388.25599,4390.00834,4388.25599,4389.05999
2026-08-12 06:35:00+00:00,4389.19066,4394.14847,4388.11768,4393.81703
2026-08-12 06:40:00+00:00,4393.16377,4397.73077,4393.14886,4395.85351
2026-08-12 06:45:00+00:00,4396.33755,4400.02121,4394.89352,4399.55659
2026-08-12 06:50:00+00:00,4398.8528,4403.34654,4398.8528,4401.38161
2026-08-12 06:55:00+00:00,4401.67311,4405.86862,4401.40845,4403.69312
2026-08-12 07:00:00+00:00,4404.05376,4405.09229,4401.9897,4403.64391
2026-08-12 07:05:00+00:00,4403.40682,4403.40682,4401.21474,4401.74305
2026-08-12 07:10:00+00:00,4402.26237,4405.86862,4400.55465,4405.77663
2026-08-12 07:15:00+00:00,4405.75618,4405.75618,4399.08499,4399.16808
2026-08-12 07:20:00+00:00,4399.21249,4399.9388,4398.58522,4399.82567
2026-08-12 07:25:00+00:00,4399.49094,4402.76494,4399.49094,4402.59524
2026-08-12 07:30:00+00:00,4402.13269,4404.61165,4401.79593,4404.33417
2026-08-12 07:35:00+00:00,4403.60495,4406.47527,4403.60495,4406.08523
2026-08-12 07:40:00+00:00,4405.16843,4408.60561,4405.16843,4408.49746
2026-08-12 07:45:00+00:00,4408.2959,4409.27066,4406.14174,4408.76621
2026-08-12 07:50:00+00:00,4407.48728,4409.94884,4407.48728,4409.70461
2026-08-12 07:55:00+00:00,4409.49485,4409.49485,4404.89825,4405.57256
2026-08-12 08:00:00+00:00,4405.31611,4409.17108,4404.49473,4409.10565
2026-08-12 08:05:00+00:00,4408.9678,4410.14333,4408.35471,4408.50432
2026-08-12 08:10:00+00:00,4408.73885,4408.85664,4408.19925,4408.8257
2026-08-12 08:15:00+00:00,4408.79751,4408.79782,4406.64522,4407.81486
2026-08-12 08:20:00+00:00,4407.48165,4409.36549,4407.48165,4409.3015
2026-08-12 08:25:00+00:00,4409.15081,4409.15081,4406.25688,4406.33244
2026-08-12 08:30:00+00:00,4406.49239,4407.03363,4405.52137,4405.77404
2026-08-12 08:35:00+00:00,4406.2351,4406.45104,4405.09229,4405.59214
2026-08-12 08:40:00+00:00,4405.63485,4406.25688,4404.8618,4405.53409
2026-08-12 08:45:00+00:00,4405.6125,4405.67451,4402.95879,4403.14791
2026-08-12 08:50:00+00:00,4403.43972,4404.91192,4403.43972,4403.91546
2026-08-12 08:55:00+00:00,4403.81664,4403.9283,4401.9897,4402.05648
2026-08-12 09:00:00+00:00,4402.24767,4407.53441,4402.05582,4406.96298
2026-08-12 09:05:00+00:00,4405.47915,4408.39358,4405.47915,4408.35862
2026-08-12 09:10:00+00:00,4408.21345,4412.41693,4407.03553,4411.16742
2026-08-12 09:15:00+00:00,4411.31707,4417.15623,4410.40862,4414.89653
2026-08-12 09:20:00+00:00,4415.08795,4421.92022,4409.77988,4420.77839
2026-08-12 09:25:00+00:00,4418.74142,4423.40868,4415.01642,4415.37225
2026-08-12 09:30:00+00:00,4416.09989,4416.09989,4412.86792,4415.22246
2026-08-12 09:35:00+00:00,4414.77197,4416.06953,4413.25743,4415.94746
2026-08-12 09:40:00+00:00,4415.77035,4416.96113,4414.22224,4414.53441
2026-08-12 09:45:00+00:00,4415.16379,4415.16379,4412.86792,4413.81334
2026-08-12 09:50:00+00:00,4413.69321,4416.18089,4411.3106,4411.51953
2026-08-12 09:55:00+00:00,4411.86568,4416.18089,4411.01101,4415.84387
2026-08-12 10:00:00+00:00,4415.28846,4416.09977,4415.20597,4415.57407
2026-08-12 10:05:00+00:00,4415.49253,4417.51307,4415.17352,4416.08627
2026-08-12 10:10:00+00:00,4416.37334,4419.10822,4416.37334,4419.03558
2026-08-12 10:15:00+00:00,4418.89041,4419.11048,4417.93682,4418.92746
2026-08-12 10:20:00+00:00,4418.3708,4420.15394,4418.3708,4420.03926
2026-08-12 10:25:00+00:00,4419.81206,4420.67106,4418.51985,4420.58275
2026-08-12 10:30:00+00:00,4420.39034,4420.41269,4417.26598,4417.47266
2026-08-12 10:35:00+00:00,4417.84252,4417.84252,4413.69363,4414.21544
2026-08-12 10:40:00+00:00,4415.28986,4415.28986,4412.86792,4414.26494
2026-08-12 10:45:00+00:00,4413.75469,4415.79087,4410.06814,4411.56406
2026-08-12 10:50:00+00:00,4415.0027,4415.0027,4408.00494,4410.67905
2026-08-12 10:55:00+00:00,4410.40825,4412.4531,4410.38672,4412.20584
2026-08-12 11:00:00+00:00,4411.49936,4414.61788,4411.00194,4412.12268
2026-08-12 11:05:00+00:00,4412.61955,4412.77998,4409.82557,4411.20748
2026-08-12 11:10:00+00:00,4410.99064,4411.65866,4408.61414,4411.24346
2026-08-12 11:15:00+00:00,4410.18724,4410.18724,4407.61636,4409.84546
2026-08-12 11:20:00+00:00,4409.68593,4411.31245,4409.61967,4411.03874
2026-08-12 11:25:00+00:00,4410.68444,4415.02325,4410.68444,4414.29432
2026-08-12 11:30:00+00:00,4412.70191,4415.79087,4412.70191,4414.55702
2026-08-12 11:35:00+00:00,4414.70158,4415.05584,4410.18764,4410.40768
2026-08-12 11:40:00+00:00,4410.73348,4413.647,4410.73348,4412.38523
2026-08-12 11:45:00+00:00,4412.55454,4414.69796,4412.55454,4412.99407
2026-08-12 11:50:00+00:00,4413.23409,4414.23148,4413.06267,4414.1324
2026-08-12 11:55:00+00:00,4413.9788,4415.6584,4412.6732,4413.40502
2026-08-12 12:00:00+00:00,4413.17286,4413.647,4408.84717,4409.36981
2026-08-12 12:05:00+00:00,4410.50683,4410.50683,4406.72615,4408.75517
2026-08-12 12:10:00+00:00,4408.59413,4409.36549,4406.83941,4407.65895
2026-08-12 12:15:00+00:00,4408.02488,4408.82454,4406.70008,4407.83129
2026-08-12 12:20:00+00:00,4407.5606,4410.11515,4406.25688,4408.08994
2026-08-12 12:25:00+00:00,4407.85065,4416.52101,4404.31816,4415.40598
2026-08-12 12:30:00+00:00,4412.63454,4425.88154,4381.60221,4423.35535
2026-08-12 12:35:00+00:00,4419.05879,4429.48264,4417.93682,4424.74395
2026-08-12 12:40:00+00:00,4422.97465,4438.32941,4422.97465,4437.32284
2026-08-12 12:45:00+00:00,4435.73783,4435.73783,4419.30352,4422.74657
2026-08-12 12:50:00+00:00,4422.02926,4427.73458,4422.02926,4426.81704
2026-08-12 12:55:00+00:00,4425.60861,4435.77005,4425.60861,4435.24642
2026-08-12 13:00:00+00:00,4434.37883,4441.22288,4426.73749,4433.36292
2026-08-12 13:05:00+00:00,4432.81978,4432.81978,4430.26759,4430.38675
2026-08-12 13:10:00+00:00,4430.57331,4432.0084,4423.01738,4423.64633
2026-08-12 13:15:00+00:00,4424.91421,4428.30573,4422.03944,4428.06059
2026-08-12 13:20:00+00:00,4427.84862,4427.84862,4418.52245,4418.83845
2026-08-12 13:25:00+00:00,4419.4043,4420.15394,4415.20597,4417.30785
2026-08-12 13:30:00+00:00,4417.52355,4419.10822,4415.43235,4418.1951
2026-08-12 13:35:00+00:00,4417.06364,4418.52245,4412.13753,4414.75185
2026-08-12 13:40:00+00:00,4416.45922,4418.13201,4409.55993,4417.51641
2026-08-12 13:45:00+00:00,4416.37726,4427.15642,4414.91804,4426.53436
2026-08-12 13:50:00+00:00,4425.54663,4432.98065,4425.54663,4429.04718
2026-08-12 13:55:00+00:00,4429.74916,4434.5898,4429.74916,4430.93949
2026-08-12 14:00:00+00:00,4430.6817,4431.95311,4423.01738,4423.15875
2026-08-12 14:05:00+00:00,4423.685,4429.28644,4423.685,4428.41026
2026-08-12 14:10:00+00:00,4428.75673,4434.5898,4426.8984,4434.16966
2026-08-12 14:15:00+00:00,4433.99691,4436.75733,4431.44554,4436.29107
2026-08-12 14:20:00+00:00,4435.5421,4438.44121,4433.44291,4435.41383
2026-08-12 14:25:00+00:00,4435.99601,4439.2306,4431.72042,4438.094
2026-08-12 14:30:00+00:00,4435.52199,4435.52199,4425.40612,4428.8498
2026-08-12 14:35:00+00:00,4428.82484,4428.82484,4415.79087,4418.60485
2026-08-12 14:40:00+00:00,4419.6239,4423.41265,4417.15623,4422.44507
2026-08-12 14:45:00+00:00,4420.80998,4434.8193,4420.47564,4421.11519
2026-08-12 14:50:00+00:00,4422.08359,4426.79057,4417.35136,4420.07696
2026-08-12 14:55:00+00:00,4418.88875,4422.43057,4418.88875,4421.4094
2026-08-12 15:00:00+00:00,4420.88677,4423.93309,4417.22437,4418.57628
2026-08-12 15:05:00+00:00,4420.80308,4422.235,4415.40092,4421.83847
2026-08-12 15:10:00+00:00,4421.02687,4429.09026,4418.41247,4428.71915
2026-08-12 15:15:00+00:00,4428.08703,4431.44291,4422.235,4422.66846
2026-08-12 15:20:00+00:00,4423.43895,4427.32545,4423.01738,4426.22394
2026-08-12 15:25:00+00:00,4426.32517,4426.54154,4421.33356,4421.80867
2026-08-12 15:30:00+00:00,4422.58835,4425.17037,4419.58637,4420.47131
2026-08-12 15:35:00+00:00,4422.40349,4422.40349,4416.7728,4420.60695
2026-08-12 15:40:00+00:00,4420.26268,4421.55106,4419.16593,4420.82499
2026-08-12 15:45:00+00:00,4420.71062,4420.71062,4415.49918,4415.8278
2026-08-12 15:50:00+00:00,4416.40459,4416.40459,4411.93449,4415.48179
2026-08-12 15:55:00+00:00,4414.49384,4421.42404,4414.49384,4421.23548
2026-08-12 16:00:00+00:00,4420.78422,4425.75791,4420.44724,4420.93967
2026-08-12 16:05:00+00:00,4421.86276,4421.86276,4418.91295,4419.07336
2026-08-12 16:10:00+00:00,4419.34664,4423.525,4417.35136,4422.9491
2026-08-12 16:15:00+00:00,4421.8968,4425.59542,4421.8968,4425.36655
2026-08-12 16:20:00+00:00,4424.83717,4425.75791,4424.18383,4425.4884
2026-08-12 16:25:00+00:00,4425.14572,4425.75791,4422.82176,4423.39846
2026-08-12 16:30:00+00:00,4423.30581,4424.28855,4415.08871,4415.98885
2026-08-12 16:35:00+00:00,4417.2659,4417.2659,4412.86792,4413.88963
2026-08-12 16:40:00+00:00,4414.19402,4415.05021,4411.05799,4411.895
2026-08-12 16:45:00+00:00,4413.48881,4413.48881,4404.51022,4405.00223
2026-08-12 16:50:00+00:00,4405.89625,4405.89625,4402.5711,4403.33989
2026-08-12 16:55:00+00:00,4403.955,4405.86862,4397.73077,4401.78156
2026-08-12 17:00:00+00:00,4400.19398,4405.28634,4400.19398,4403.89243
2026-08-12 17:05:00+00:00,4404.58436,4407.4221,4403.15266,4406.32525
2026-08-12 17:10:00+00:00,4406.52399,4407.4169,4404.26445,4404.41479
2026-08-12 17:15:00+00:00,4404.6281,4404.6281,4402.5711,4402.68638
2026-08-12 17:20:00+00:00,4402.87292,4409.20411,4402.33801,4409.03282
2026-08-12 17:25:00+00:00,4408.52587,4409.36549,4406.64522,4407.08033
2026-08-12 17:30:00+00:00,4407.21035,4410.55734,4406.00313,4410.38134
2026-08-12 17:35:00+00:00,4410.11818,4410.99157,4405.48042,4405.85726
2026-08-12 17:40:00+00:00,4406.38371,4406.38371,4402.35776,4402.91723
2026-08-12 17:45:00+00:00,4404.04492,4404.04492,4401.79593,4403.15415
2026-08-12 17:50:00+00:00,4403.23529,4406.12272,4400.77366,4401.72111
2026-08-12 17:55:00+00:00,4403.92748,4403.92748,4399.27852,4399.84161
2026-08-12 18:00:00+00:00,4400.31322,4400.31322,4396.76398,4398.43387
2026-08-12 18:05:00+00:00,4397.78344,4403.23275,4397.78344,4402.96314
2026-08-12 18:10:00+00:00,4402.52013,4406.25688,4402.52013,4405.71895
2026-08-12 18:15:00+00:00,4405.74428,4407.62803,4404.33464,4407.42576
2026-08-12 18:20:00+00:00,4406.886,4410.33783,4406.42373,4410.25161
2026-08-12 18:25:00+00:00,4409.9707,4410.89191,4407.61636,4407.89795
2026-08-12 18:30:00+00:00,4408.386,4412.63703,4408.00494,4412.40678
2026-08-12 18:35:00+00:00,4411.76897,4413.05553,4411.17245,4411.39822
2026-08-12 18:40:00+00:00,4411.69457,4413.05472,4410.53235,4412.72057
2026-08-12 18:45:00+00:00,4412.29384,4417.74419,4412.29384,4416.97538
2026-08-12 18:50:00+00:00,4415.05199,4418.52245,4414.04997,4414.31102
2026-08-12 18:55:00+00:00,4414.81042,4414.81042,4413.06267,4413.23668
2026-08-12 19:00:00+00:00,4413.22982,4417.54649,4413.19602,4416.18385
2026-08-12 19:05:00+00:00,4416.06029,4418.71432,4414.93237,4415.39929
2026-08-12 19:10:00+00:00,4415.7551,4416.85664,4415.59588,4416.64614
2026-08-12 19:15:00+00:00,4416.36057,4417.93682,4416.13685,4417.84804
2026-08-12 19:20:00+00:00,4417.66426,4417.96926,4416.37276,4417.7124
2026-08-12 19:25:00+00:00,4417.53454,4417.53454,4415.87013,4415.96618
2026-08-12 19:30:00+00:00,4416.1139,4416.57097,4413.78927,4414.09114
2026-08-12 19:35:00+00:00,4414.69467,4414.69467,4411.91377,4411.99297
2026-08-12 19:40:00+00:00,4412.08179,4413.14333,4411.50521,4411.98917
2026-08-12 19:45:00+00:00,4412.22358,4415.03224,4409.76509,4414.11417
2026-08-12 19:50:00+00:00,4412.23095,4413.25743,4408.78229,4411.11023
2026-08-12 19:55:00+00:00,4411.42829,4413.25743,4410.92144,4411.32445
2026-08-12 20:00:00+00:00,4412.03462,4413.4522,4411.87993,4413.41581
2026-08-12 20:05:00+00:00,4413.37217,4413.37217,4410.89663,4411.16552
2026-08-12 20:10:00+00:00,4411.66692,4411.66692,4408.97668,4409.05239
2026-08-12 20:15:00+00:00,4409.21326,4410.18996,4407.42326,4407.69356
2026-08-12 20:20:00+00:00,4408.17426,4408.17426,4407.02927,4407.60336
2026-08-12 20:25:00+00:00,4407.36517,4408.27592,4407.22785,4408.02568
2026-08-12 20:30:00+00:00,4407.67885,4408.70347,4407.25584,4408.12
2026-08-12 20:35:00+00:00,4407.85724,4408.58793,4407.03363,4408.24273
2026-08-12 20:40:00+00:00,4408.24124,4408.39358,4407.4221,4407.62554
2026-08-12 20:45:00+00:00,4407.67567,4408.29808,4407.4221,4407.45784
2026-08-12 20:50:00+00:00,4407.64756,4408.83997,4407.25978,4408.60267
2026-08-12 20:55:00+00:00,4408.21109,4409.17108,4406.52929,4409.04752
2026-08-12 21:00:00+00:00,4408.74155,4409.02288,4408.39358,4408.45638
2026-08-12 21:05:00+00:00,4408.57214,4408.86387,4408.57214,4408.7886
2026-08-12 21:10:00+00:00,4408.68096,4408.91048,4408.63515,4408.77128
2026-08-12 21:15:00+00:00,4408.69289,4409.02703,4408.671,4408.98479
2026-08-12 21:20:00+00:00,4408.88688,4409.05681,4408.58434,4408.62507
2026-08-12 21:25:00+00:00,4408.68982,4408.97314,4408.61959,4408.63913
2026-08-12 21:30:00+00:00,4408.72465,4408.9632,4408.60559,4408.78006
2026-08-12 21:35:00+00:00,4408.71633,4408.97668,4408.5458,4408.82141
2026-08-12 21:40:00+00:00,4408.73188,4408.89999,4408.64265,4408.85345
2026-08-12 21:45:00+00:00,4408.78279,4408.92199,4408.69614,4408.87307
2026-08-12 21:50:00+00:00,4408.79898,4408.90368,4408.63497,4408.77543
2026-08-12 21:55:00+00:00,4408.6909,4408.86555,4408.6497,4408.82443
2026-08-12 22:00:00+00:00,4408.74865,4409.94884,4406.3957,4406.93859
2026-08-12 22:05:00+00:00,4407.90617,4407.90617,4403.54045,4404.13422
2026-08-12 22:10:00+00:00,4404.18089,4404.40993,4403.13669,4403.44205
2026-08-12 22:15:00+00:00,4403.40904,4403.40904,4401.9897,4402.20346
2026-08-12 22:20:00+00:00,4402.07858,4402.76494,4401.79593,4402.53596
2026-08-12 22:25:00+00:00,4402.45277,4402.76494,4398.31105,4399.64639
2026-08-12 22:30:00+00:00,4399.13772,4401.6796,4399.13772,4400.84967
2026-08-12 22:35:00+00:00,4401.27463,4401.27463,4398.69799,4399.62871
2026-08-12 22:40:00+00:00,4399.538,4400.44004,4399.23246,4400.321
2026-08-12 22:45:00+00:00,4400.29414,4401.21474,4399.93659,4400.69816
2026-08-12 22:50:00+00:00,4400.71479,4401.9897,4400.71479,4401.97309
2026-08-12 22:55:00+00:00,4401.8398,4402.5711,4401.59749,4402.08306
2026-08-12 23:00:00+00:00,4402.17047,4404.16035,4402.17047,4404.01167
2026-08-12 23:05:00+00:00,4403.59049,4405.1578,4403.15266,4404.96189
2026-08-12 23:10:00+00:00,4404.54541,4405.94767,4404.54541,4405.87847
2026-08-12 23:15:00+00:00,4405.84799,4407.81064,4405.57237,4407.739
2026-08-12 23:20:00+00:00,4407.60394,4408.45854,4407.60394,4408.33071
2026-08-12 23:25:00+00:00,4408.15299,4409.75438,4408.15299,4409.35018
2026-08-12 23:30:00+00:00,4409.26737,4409.75861,4408.20257,4409.57225
2026-08-12 23:35:00+00:00,4409.20759,4410.14333,4408.00494,4408.10874
2026-08-12 23:40:00+00:00,4408.26758,4409.17108,4407.61341,4409.03879
2026-08-12 23:45:00+00:00,4408.80689,4410.14333,4408.75565,4408.88783
2026-08-12 23:50:00+00:00,4409.05698,4410.52593,4407.53054,4410.23737
2026-08-12 23:55:00+00:00,4409.81603,4413.37002,4409.81603,4412.80577
2026-08-13 00:00:00+00:00,4412.07221,4420.41725,4412.07221,4419.76854
2026-08-13 00:05:00+00:00,4418.65887,4421.48609,4415.59588,4421.02431
2026-08-13 00:10:00+00:00,4420.34323,4422.69135,4418.93797,4420.22029
2026-08-13 00:15:00+00:00,4420.44348,4428.3944,4418.93947,4428.11683
2026-08-13 00:20:00+00:00,4427.3584,4435.91634,4426.36556,4435.41563
2026-08-13 00:25:00+00:00,4434.24443,4436.36041,4427.71751,4427.9257
2026-08-13 00:30:00+00:00,4428.28033,4444.25803,4424.23644,4439.86458
2026-08-13 00:35:00+00:00,4432.69998,4449.78419,4432.69998,4438.86656
2026-08-13 00:40:00+00:00,4439.68623,4439.90489,4438.13243,4439.64536
2026-08-13 00:45:00+00:00,4439.30927,4441.66976,4436.24996,4440.72402
2026-08-13 00:50:00+00:00,4438.76009,4438.76009,4429.67885,4431.91889
2026-08-13 00:55:00+00:00,4431.67386,4432.47791,4427.12945,4427.36963
2026-08-13 01:00:00+00:00,4427.70384,4432.25455,4423.99575,4431.56611
2026-08-13 01:05:00+00:00,4430.34848,4434.39315,4430.34848,4434.02634
2026-08-13 01:10:00+00:00,4434.09175,4434.98315,4430.07132,4430.41352
2026-08-13 01:15:00+00:00,4430.91834,4436.23856,4427.81838,4428.64051
2026-08-13 01:20:00+00:00,4430.28201,4430.28201,4420.08487,4424.34619
2026-08-13 01:25:00+00:00,4423.78737,4423.78737,4419.89061,4420.46907
2026-08-13 01:30:00+00:00,4421.76126,4428.30573,4419.10822,4428.02383
2026-08-13 01:35:00+00:00,4427.73175,4429.09026,4425.3142,4425.61946
2026-08-13 01:40:00+00:00,4426.0549,4426.78575,4420.31525,4420.55322
2026-08-13 01:45:00+00:00,4420.91882,4421.17912,4410.13561,4410.56044
2026-08-13 01:50:00+00:00,4411.10502,4414.88755,4409.55993,4414.32827
2026-08-13 01:55:00+00:00,4412.89554,4417.59215,4407.4221,4407.90568
2026-08-13 02:00:00+00:00,4408.72581,4409.36549,4405.86862,4407.41942
2026-08-13 02:05:00+00:00,4407.22916,4411.68736,4405.52731,4410.97708
2026-08-13 02:10:00+00:00,4409.80339,4413.4522,4409.80339,4411.46065
2026-08-13 02:15:00+00:00,4411.77226,4411.77226,4410.72689,4411.26622
2026-08-13 02:20:00+00:00,4411.18527,4412.47849,4407.83784,4408.33736
2026-08-13 02:25:00+00:00,4409.15148,4409.15148,4406.83941,4407.55199
2026-08-13 02:30:00+00:00,4408.0181,4408.0181,4401.41594,4401.91003
2026-08-13 02:35:00+00:00,4402.87206,4406.05888,4399.8592,4405.45085
2026-08-13 02:40:00+00:00,4404.41735,4408.39358,4404.41735,4407.84855
2026-08-13 02:45:00+00:00,4407.40596,4410.11539,4407.40596,4409.96689
2026-08-13 02:50:00+00:00,4409.76119,4410.3782,4407.78898,4408.26302
2026-08-13 02:55:00+00:00,4409.18175,4409.18175,4406.64522,4407.32056
2026-08-13 03:00:00+00:00,4407.60411,4411.3106,4405.50263,4410.76096
2026-08-13 03:05:00+00:00,4410.64456,4412.5607,4408.94801,4409.09254
2026-08-13 03:10:00+00:00,4409.33146,4409.33146,4405.09229,4406.60702
2026-08-13 03:15:00+00:00,4406.17604,4409.17108,4405.4017,4408.86531
2026-08-13 03:20:00+00:00,4408.3286,4409.2251,4407.22785,4409.07568
2026-08-13 03:25:00+00:00,4408.87497,4409.60138,4408.5603,4409.29857
2026-08-13 03:30:00+00:00,4408.80916,4410.16446,4408.80916,4409.64295
2026-08-13 03:35:00+00:00,4409.68877,4410.24276,4409.17108,4409.73578
2026-08-13 03:40:00+00:00,4409.66443,4409.66443,4406.12541,4406.48338
2026-08-13 03:45:00+00:00,4407.22552,4407.22552,4405.28634,4406.28926
2026-08-13 03:50:00+00:00,4406.08108,4406.41152,4403.49344,4404.11661
2026-08-13 03:55:00+00:00,4405.5117,4405.5117,4399.60273,4399.7957
2026-08-13 04:00:00+00:00,4400.13561,4400.13561,4395.94862,4398.48755
2026-08-13 04:05:00+00:00,4398.10024,4398.10024,4395.02483,4395.90681
2026-08-13 04:10:00+00:00,4396.03475,4396.90235,4392.90107,4394.68829
2026-08-13 04:15:00+00:00,4394.2572,4395.218,4394.2572,4394.67459
2026-08-13 04:20:00+00:00,4394.74237,4395.9046,4393.09406,4395.39711
2026-08-13 04:25:00+00:00,4394.64934,4398.73324,4394.64934,4397.73691
2026-08-13 04:30:00+00:00,4398.14044,4399.47206,4398.14044,4398.59244
2026-08-13 04:35:00+00:00,4398.7275,4399.91032,4397.92418,4399.6052
2026-08-13 04:40:00+00:00,4399.10654,4399.29339,4396.76398,4396.98133
2026-08-13 04:45:00+00:00,4397.25759,4397.73077,4396.18411,4397.02071
2026-08-13 04:50:00+00:00,4397.11609,4397.53738,4395.41119,4397.33604
2026-08-13 04:55:00+00:00,4397.24291,4398.31105,4396.37739,4398.26874
2026-08-13 05:00:00+00:00,4398.06126,4398.38436,4393.7272,4397.08407
2026-08-13 05:05:00+00:00,4396.58805,4396.58805,4394.83168,4396.41789
2026-08-13 05:10:00+00:00,4396.28067,4403.73919,4394.97687,4402.82814
2026-08-13 05:15:00+00:00,4400.54448,4405.48042,4400.44004,4403.13974
2026-08-13 05:20:00+00:00,4402.76614,4403.54045,4400.71692,4402.67739
2026-08-13 05:25:00+00:00,4402.80426,4406.95274,4401.43362,4406.76464
2026-08-13 05:30:00+00:00,4406.34262,4407.03363,4394.83168,4395.73809
2026-08-13 05:35:00+00:00,4395.58985,4398.63481,4395.58985,4397.52388
2026-08-13 05:40:00+00:00,4397.59311,4401.02104,4388.51448,4389.32759
2026-08-13 05:45:00+00:00,4391.16092,4391.16092,4384.42652,4386.5849
2026-08-13 05:50:00+00:00,4385.92876,4390.05228,4385.20175,4386.29942
2026-08-13 05:55:00+00:00,4388.18936,4388.18936,4382.36352,4383.23749
2026-08-13 06:00:00+00:00,4384.53217,4384.53217,4379.52857,4383.78754
2026-08-13 06:05:00+00:00,4383.20876,4383.20876,4375.60165,4376.32059
2026-08-13 06:10:00+00:00,4376.37907,4379.24239,4375.92021,4376.3544
2026-08-13 06:15:00+00:00,4376.95072,4378.09203,4375.21876,4377.1602
2026-08-13 06:20:00+00:00,4377.38208,4377.99925,4374.83594,4374.93854
2026-08-13 06:25:00+00:00,4375.00397,4377.95782,4375.00397,4375.67438
2026-08-13 06:30:00+00:00,4375.68223,4378.53475,4371.3639,4372.33274
2026-08-13 06:35:00+00:00,4374.36748,4374.36748,4369.39835,4370.94142
2026-08-13 06:40:00+00:00,4370.32988,4374.07051,4370.32988,4373.98804
2026-08-13 06:45:00+00:00,4373.80038,4378.43941,4373.30534,4378.12665
2026-08-13 06:50:00+00:00,4377.47527,4380.00964,4377.47527,4379.15101
2026-08-13 06:55:00+00:00,4379.25382,4381.46895,4379.25382,4380.12659
2026-08-13 07:00:00+00:00,4380.22082,4380.96907,4378.14299,4380.25546
2026-08-13 07:05:00+00:00,4380.30097,4380.58525,4378.09203,4379.5912
2026-08-13 07:10:00+00:00,4379.48778,4379.48778,4376.1761,4376.33523
2026-08-13 07:15:00+00:00,4376.63609,4376.94227,4375.32978,4375.41008
2026-08-13 07:20:00+00:00,4375.51751,4376.49832,4373.87919,4376.26517
2026-08-13 07:25:00+00:00,4375.65907,4376.94227,4375.41019,4376.31682
2026-08-13 07:30:00+00:00,4375.97819,4377.94597,4372.89229,4373.31384
2026-08-13 07:35:00+00:00,4374.21402,4376.36761,4372.09801,4374.54463
2026-08-13 07:40:00+00:00,4375.3825,4377.90036,4373.5902,4377.21744
2026-08-13 07:45:00+00:00,4377.14753,4378.56974,4372.88254,4373.76294
2026-08-13 07:50:00+00:00,4375.31754,4375.31754,4370.8204,4373.23256
2026-08-13 07:55:00+00:00,4373.01825,4373.01825,4369.48353,4370.49126
2026-08-13 08:00:00+00:00,4370.36596,4371.64149,4366.24023,4366.54062
2026-08-13 08:05:00+00:00,4367.04363,4370.01855,4366.24023,4366.4886
2026-08-13 08:10:00+00:00,4366.94972,4367.33653,4364.90615,4366.27809
2026-08-13 08:15:00+00:00,4365.75718,4366.81223,4365.75718,4366.76882
2026-08-13 08:20:00+00:00,4366.6559,4370.05637,4365.51967,4369.53962
2026-08-13 08:25:00+00:00,4369.26397,4372.83005,4368.97611,4372.44174
2026-08-13 08:30:00+00:00,4371.71495,4374.32214,4371.71495,4373.4998
2026-08-13 08:35:00+00:00,4373.46853,4375.41019,4373.46853,4374.47377
2026-08-13 08:40:00+00:00,4374.05789,4375.08438,4373.49661,4375.03808
2026-08-13 08:45:00+00:00,4374.89881,4378.69812,4373.68789,4377.9803
2026-08-13 08:50:00+00:00,4376.37764,4379.62598,4375.60165,4375.838
2026-08-13 08:55:00+00:00,4376.16053,4376.94227,4375.02734,4375.53737
2026-08-13 09:00:00+00:00,4375.71907,4376.09269,4373.87919,4374.08406
2026-08-13 09:05:00+00:00,4374.4345,4377.56943,4373.49661,4377.14385
2026-08-13 09:10:00+00:00,4376.01728,4378.09203,4376.01728,4377.75455
2026-08-13 09:15:00+00:00,4377.7264,4380.09614,4376.31799,4376.99607
2026-08-13 09:20:00+00:00,4377.99496,4381.54493,4377.99496,4379.32951
2026-08-13 09:25:00+00:00,4379.86303,4381.73692,4378.28371,4380.79521
2026-08-13 09:30:00+00:00,4380.87349,4381.41716,4380.10551,4380.93903
2026-08-13 09:35:00+00:00,4380.84119,4381.48739,4380.58525,4380.85784
2026-08-13 09:40:00+00:00,4380.77545,4381.98823,4379.43418,4380.65637
2026-08-13 09:45:00+00:00,4380.40739,4380.40739,4378.85887,4378.95964
2026-08-13 09:50:00+00:00,4379.09712,4380.41833,4378.59412,4380.36161
2026-08-13 09:55:00+00:00,4380.21111,4385.00329,4380.21111,4384.68614
2026-08-13 10:00:00+00:00,4384.07925,4385.00329,4383.65772,4384.82947
2026-08-13 10:05:00+00:00,4384.7935,4385.70519,4384.23164,4384.76417
2026-08-13 10:10:00+00:00,4384.6465,4385.15839,4381.73692,4381.97305
2026-08-13 10:15:00+00:00,4382.41621,4385.04991,4381.95164,4384.69822
2026-08-13 10:20:00+00:00,4384.20118,4386.66489,4384.20118,4384.78276
2026-08-13 10:25:00+00:00,4385.05363,4387.11942,4384.10138,4387.07347
2026-08-13 10:30:00+00:00,4386.93442,4388.35732,4385.06277,4385.37774
2026-08-13 10:35:00+00:00,4385.99012,4389.04494,4384.64625,4388.89011
2026-08-13 10:40:00+00:00,4388.53767,4390.28,4388.32188,4389.97741
2026-08-13 10:45:00+00:00,4389.29613,4390.77936,4388.46711,4389.80966
2026-08-13 10:50:00+00:00,4389.2624,4393.91936,4389.0872,4393.83928
2026-08-13 10:55:00+00:00,4393.68478,4393.68478,4391.74352,4392.33656
2026-08-13 11:00:00+00:00,4392.30901,4393.03394,4389.34117,4389.63448
2026-08-13 11:05:00+00:00,4390.21826,4391.55066,4388.64875,4391.4684
2026-08-13 11:10:00+00:00,4391.25217,4393.06753,4390.58658,4392.69522
2026-08-13 11:15:00+00:00,4391.74305,4397.01077,4391.27076,4393.22318
2026-08-13 11:20:00+00:00,4393.25564,4394.25232,4391.46554,4391.58844
2026-08-13 11:25:00+00:00,4391.9603,4392.7081,4389.64288,4390.03857
2026-08-13 11:30:00+00:00,4390.79255,4390.79255,4387.40528,4387.65017
2026-08-13 11:35:00+00:00,4388.10236,4389.43025,4386.72963,4389.00072
2026-08-13 11:40:00+00:00,4388.85935,4390.02326,4383.8499,4384.53654
2026-08-13 11:45:00+00:00,4384.72955,4386.80086,4383.27343,4383.43047
2026-08-13 11:50:00+00:00,4383.48867,4384.81101,4383.48867,4384.76308
2026-08-13 11:55:00+00:00,4384.57801,4387.50439,4383.46557,4387.29864
2026-08-13 12:00:00+00:00,4386.84556,4387.02159,4386.15729,4386.68072
2026-08-13 12:05:00+00:00,4386.53226,4391.34769,4385.96491,4390.93362
2026-08-13 12:10:00+00:00,4389.8267,4391.9364,4388.27453,4388.49767
2026-08-13 12:15:00+00:00,4388.98105,4390.00567,4385.38789,4386.04083
2026-08-13 12:20:00+00:00,4386.14738,4389.43025,4385.00329,4385.09677
2026-08-13 12:25:00+00:00,4385.39088,4387.54835,4385.17145,4385.17145
2026-08-13 12:30:00+00:00,4385.64627,4395.218,4381.54493,4387.67131
2026-08-13 12:35:00+00:00,4385.80941,4394.25503,4385.80941,4389.47497
2026-08-13 12:40:00+00:00,4389.52231,4394.25232,4387.99242,4391.81942
2026-08-13 12:45:00+00:00,4391.98111,4396.18411,4391.11941,4395.98928
2026-08-13 12:50:00+00:00,4395.59105,4395.99086,4393.28706,4395.14455
2026-08-13 12:55:00+00:00,4395.25287,4400.44004,4391.59244,4399.88013
2026-08-13 13:00:00+00:00,4398.48166,4401.02104,4392.1293,4392.76145
2026-08-13 13:05:00+00:00,4393.47463,4398.11761,4393.47463,4397.70448
2026-08-13 13:10:00+00:00,4396.7579,4396.7579,4392.51515,4393.24285
2026-08-13 13:15:00+00:00,4392.73703,4394.83168,4392.1293,4392.39726
2026-08-13 13:20:00+00:00,4392.8629,4394.44542,4390.96477,4394.14952
2026-08-13 13:25:00+00:00,4394.43889,4394.43889,4385.79277,4386.29119
2026-08-13 13:30:00+00:00,4387.36561,4387.36561,4380.18262,4381.65389
2026-08-13 13:35:00+00:00,4385.07145,4385.07145,4377.13385,4379.37316
2026-08-13 13:40:00+00:00,4378.46351,4385.1353,4376.23806,4381.1904
2026-08-13 13:45:00+00:00,4380.57667,4383.08131,4376.03281,4382.68601
2026-08-13 13:50:00+00:00,4382.00706,4382.00706,4370.02048,4370.71235
2026-08-13 13:55:00+00:00,4371.5446,4376.55915,4371.5446,4374.12906
2026-08-13 14:00:00+00:00,4374.55489,4377.28512,4371.90572,4372.52476
2026-08-13 14:05:00+00:00,4373.88318,4378.47541,4369.94428,4372.81098
2026-08-13 14:10:00+00:00,4375.80275,4375.80275,4365.94224,4371.23484
2026-08-13 14:15:00+00:00,4370.60361,4378.28371,4370.43835,4377.73689
2026-08-13 14:20:00+00:00,4376.62631,4376.94227,4371.77582,4372.3453
2026-08-13 14:25:00+00:00,4373.45644,4376.10847,4370.02681,4370.49177
2026-08-13 14:30:00+00:00,4371.10565,4376.73724,4359.22734,4374.68387
2026-08-13 14:35:00+00:00,4373.15346,4376.17994,4371.92768,4372.62165
2026-08-13 14:40:00+00:00,4373.38852,4380.73981,4373.38852,4380.24453
2026-08-13 14:45:00+00:00,4379.62372,4386.15729,4379.62372,4385.84849
2026-08-13 14:50:00+00:00,4385.23892,4386.90994,4383.38643,4386.64332
2026-08-13 14:55:00+00:00,4385.82814,4386.54209,4383.46557,4386.4237
2026-08-13 15:00:00+00:00,4386.06981,4386.06981,4380.37857,4381.01231
2026-08-13 15:05:00+00:00,4381.88405,4382.7187,4371.41117,4371.99005
2026-08-13 15:10:00+00:00,4373.048,4373.048,4369.10171,4369.19679
2026-08-13 15:15:00+00:00,4369.3399,4370.05637,4364.33466,4364.74296
2026-08-13 15:20:00+00:00,4365.4711,4370.48345,4364.59553,4370.1371
2026-08-13 15:25:00+00:00,4369.36718,4373.68789,4365.73109,4367.24586
2026-08-13 15:30:00+00:00,4370.2725,4370.2725,4357.67823,4358.19908
2026-08-13 15:35:00+00:00,4359.22608,4370.24462,4359.19791,4369.02489
2026-08-13 15:40:00+00:00,4365.9828,4371.5847,4365.9828,4369.05869
2026-08-13 15:45:00+00:00,4369.34259,4370.43835,4368.52912,4369.29764
2026-08-13 15:50:00+00:00,4369.86595,4370.1696,4366.40597,4366.47628
2026-08-13 15:55:00+00:00,4366.57152,4370.54888,4363.76331,4364.17999
2026-08-13 16:00:00+00:00,4364.95919,4367.63804,4362.55745,4367.02031
2026-08-13 16:05:00+00:00,4365.92783,4365.92783,4359.71269,4360.31621
2026-08-13 16:10:00+00:00,4361.55572,4361.55572,4355.25556,4355.80348
2026-08-13 16:15:00+00:00,4356.95679,4356.95679,4351.79947,4352.07255
2026-08-13 16:20:00+00:00,4352.52631,4357.67823,4351.98083,4354.89462
2026-08-13 16:25:00+00:00,4355.41731,4360.15211,4355.41731,4359.49926
2026-08-13 16:30:00+00:00,4357.97366,4366.81223,4356.5368,4365.57169
2026-08-13 16:35:00+00:00,4365.17267,4366.62154,4363.76331,4363.91929
2026-08-13 16:40:00+00:00,4364.10357,4365.72351,4363.95374,4365.49482
2026-08-13 16:45:00+00:00,4364.82185,4367.57512,4364.73456,4366.40029
2026-08-13 16:50:00+00:00,4366.64291,4366.64291,4364.14419,4364.2918
2026-08-13 16:55:00+00:00,4364.65013,4368.43322,4364.65013,4366.72968
2026-08-13 17:00:00+00:00,4366.92326,4368.91083,4365.66838,4365.99045
2026-08-13 17:05:00+00:00,4366.5523,4372.1581,4365.52175,4372.03877
2026-08-13 17:10:00+00:00,4371.76349,4373.11409,4371.01145,4373.08441
2026-08-13 17:15:00+00:00,4372.96113,4373.86654,4366.21013,4366.48275
2026-08-13 17:20:00+00:00,4367.15596,4368.6208,4366.9252,4368.19453
2026-08-13 17:25:00+00:00,4368.32823,4368.52912,4363.99406,4364.6676
2026-08-13 17:30:00+00:00,4365.5576,4365.5576,4360.87184,4361.16594
2026-08-13 17:35:00+00:00,4361.65557,4361.79655,4360.5285,4361.46241
2026-08-13 17:40:00+00:00,4361.53841,4361.81738,4356.91879,4357.29529
2026-08-13 17:45:00+00:00,4357.85871,4359.9708,4356.53917,4358.42628
2026-08-13 17:50:00+00:00,4358.7842,4360.20904,4357.67823,4357.87396
2026-08-13 17:55:00+00:00,4358.20458,4358.20458,4356.33528,4356.62539
2026-08-13 18:00:00+00:00,4356.59119,4360.36504,4356.15961,4359.9875
2026-08-13 18:05:00+00:00,4359.23295,4359.56411,4357.29847,4358.19364
2026-08-13 18:10:00+00:00,4358.71143,4362.62106,4358.71143,4362.45676
2026-08-13 18:15:00+00:00,4362.07082,4363.4563,4361.46761,4363.08477
2026-08-13 18:20:00+00:00,4362.25035,4363.76331,4357.73816,4358.78093
2026-08-13 18:25:00+00:00,4360.49084,4360.49084,4354.98025,4357.83222
2026-08-13 18:30:00+00:00,4357.50757,4358.97266,4356.91879,4357.00959
2026-08-13 18:35:00+00:00,4357.0571,4359.57799,4356.77742,4359.24178
2026-08-13 18:40:00+00:00,4359.26058,4359.95814,4357.67823,4358.12612
2026-08-13 18:45:00+00:00,4358.10135,4358.10135,4356.91879,4357.01045
2026-08-13 18:50:00+00:00,4357.15741,4357.15741,4355.02134,4356.23201
2026-08-13 18:55:00+00:00,4355.69147,4357.86813,4355.37075,4357.4776
2026-08-13 19:00:00+00:00,4357.41202,4358.6279,4356.91879,4358.47988
2026-08-13 19:05:00+00:00,4358.16158,4358.6279,4353.31505,4353.69082
2026-08-13 19:10:00+00:00,4354.36004,4354.36004,4347.58696,4349.26161
2026-08-13 19:15:00+00:00,4351.43686,4351.43686,4345.18119,4347.4001
2026-08-13 19:20:00+00:00,4347.60277,4348.9606,4346.88111,4348.89178
2026-08-13 19:25:00+00:00,4348.7168,4351.26109,4348.58236,4351.06711
2026-08-13 19:30:00+00:00,4350.77251,4351.42074,4349.90648,4351.17494
2026-08-13 19:35:00+00:00,4350.71297,4353.31737,4350.71297,4353.00716
2026-08-13 19:40:00+00:00,4352.29599,4353.88366,4351.79947,4352.35071
2026-08-13 19:45:00+00:00,4352.25958,4352.31752,4348.20419,4348.29334
2026-08-13 19:50:00+00:00,4348.22016,4350.29809,4348.22016,4349.60852
2026-08-13 19:55:00+00:00,4349.55822,4350.4742,4347.68617,4348.05694
2026-08-13 20:00:00+00:00,4348.91716,4350.67273,4346.69217,4347.82721
2026-08-13 20:05:00+00:00,4347.73608,4349.69341,4347.00195,4349.41637
2026-08-13 20:10:00+00:00,4348.65538,4350.15602,4348.65538,4349.59928
2026-08-13 20:15:00+00:00,4349.59388,4351.15021,4349.59388,4350.51737
2026-08-13 20:20:00+00:00,4350.57989,4350.57989,4349.71727,4349.74292
2026-08-13 20:25:00+00:00,4349.77415,4352.36769,4348.92314,4352.29085
2026-08-13 20:30:00+00:00,4352.11849,4352.35854,4348.39327,4348.51817
2026-08-13 20:35:00+00:00,4348.72241,4350.07281,4348.39327,4349.04915
2026-08-13 20:40:00+00:00,4349.25907,4350.66348,4348.39327,4350.54521
2026-08-13 20:45:00+00:00,4350.27567,4350.27567,4349.49905,4350.07329
2026-08-13 20:50:00+00:00,4349.92536,4350.51076,4348.9606,4349.01637
2026-08-13 20:55:00+00:00,4349.10407,4351.4161,4348.93031,4351.17522
2026-08-13 21:00:00+00:00,4350.64279,4351.6101,4350.64279,4351.32972
2026-08-13 21:05:00+00:00,4351.35967,4351.75718,4351.17259,4351.40266
2026-08-13 21:10:00+00:00,4351.39649,4351.56816,4351.31004,4351.47175
2026-08-13 21:15:00+00:00,4351.37755,4351.55495,4351.33068,4351.41797
2026-08-13 21:20:00+00:00,4351.36256,4351.56339,4351.30311,4351.32988
2026-08-13 21:25:00+00:00,4351.36161,4351.51225,4351.13545,4351.4068
2026-08-13 21:30:00+00:00,4351.36384,4351.55826,4351.30666,4351.4677
2026-08-13 21:35:00+00:00,4351.37151,4351.55822,4351.2314,4351.26311
2026-08-13 21:40:00+00:00,4351.27713,4351.56237,4351.2314,4351.33048
2026-08-13 21:45:00+00:00,4351.36316,4351.48463,4351.2314,4351.40622
2026-08-13 21:50:00+00:00,4351.35642,4351.53741,4351.30654,4351.45364
2026-08-13 21:55:00+00:00,4351.35374,4351.62476,4351.30361,4351.49926
2026-08-13 22:00:00+00:00,4351.43021,4354.64205,4351.0202,4352.65421
2026-08-13 22:05:00+00:00,4352.7991,4357.10862,4352.74658,4356.52007
2026-08-13 22:10:00+00:00,4356.25458,4357.07551,4355.11254,4355.18659
2026-08-13 22:15:00+00:00,4355.27637,4355.70483,4352.93606,4353.03123
2026-08-13 22:20:00+00:00,4353.06669,4356.07394,4352.7907,4355.84678
2026-08-13 22:25:00+00:00,4355.40115,4357.67823,4355.40115,4357.5692
2026-08-13 22:30:00+00:00,4357.31539,4357.6922,4356.53917,4356.6492
2026-08-13 22:35:00+00:00,4356.57295,4361.6251,4356.57295,4361.16773
2026-08-13 22:40:00+00:00,4360.52299,4362.24045,4360.43123,4360.63838
2026-08-13 22:45:00+00:00,4361.01084,4361.65684,4356.79418,4357.63114
2026-08-13 22:50:00+00:00,4359.54336,4359.54336,4354.49663,4356.41653
2026-08-13 22:55:00+00:00,4355.43499,4357.29847,4354.07324,4354.23876
2026-08-13 23:00:00+00:00,4354.50632,4354.68348,4351.17497,4351.49229
2026-08-13 23:05:00+00:00,4351.91401,4357.62593,4348.61358,4355.99279
2026-08-13 23:10:00+00:00,4352.55071,4359.57799,4352.55071,4355.00791
2026-08-13 23:15:00+00:00,4355.87812,4362.17591,4355.87812,4359.05832
2026-08-13 23:20:00+00:00,4360.53899,4360.53899,4357.48834,4358.62228
2026-08-13 23:25:00+00:00,4358.9607,4362.43075,4358.9607,4362.31497
2026-08-13 23:30:00+00:00,4362.01215,4363.38249,4361.20273,4361.57844
2026-08-13 23:35:00+00:00,4361.70296,4361.70296,4360.71865,4360.77284
2026-08-13 23:40:00+00:00,4360.83671,4362.43075,4358.71259,4359.97674
2026-08-13 23:45:00+00:00,4359.17315,4364.52514,4359.17315,4362.35059
2026-08-13 23:50:00+00:00,4363.02657,4363.02657,4357.89939,4358.43787
2026-08-13 23:55:00+00:00,4359.62457,4359.62457,4356.91888,4357.88648
2026-08-14 00:00:00+00:00,4358.61211,4361.91264,4356.02793,4361.60221
2026-08-14 00:05:00+00:00,4361.03384,4361.03384,4353.77877,4354.1557
2026-08-14 00:10:00+00:00,4354.39993,4358.79591,4351.42074,4351.60359
2026-08-14 00:15:00+00:00,4351.76317,4352.55713,4348.77147,4349.44045
2026-08-14 00:20:00+00:00,4349.60265,4350.64919,4345.82877,4346.0453
2026-08-14 00:25:00+00:00,4346.44104,4347.25905,4341.27113,4341.60587
2026-08-14 00:30:00+00:00,4342.03996,4344.63821,4338.95952,4340.55369
2026-08-14 00:35:00+00:00,4340.2219,4348.01062,4336.37832,4337.15933
2026-08-14 00:40:00+00:00,4338.60024,4338.72985,4334.9235,4338.30255
2026-08-14 00:45:00+00:00,4337.71694,4342.35095,4334.67524,4335.22392
2026-08-14 00:50:00+00:00,4335.9375,4337.96667,4333.37208,4334.91281
2026-08-14 00:55:00+00:00,4335.96115,4341.40835,4335.96115,4340.38305
2026-08-14 01:00:00+00:00,4340.3467,4342.3893,4329.56661,4331.17294
2026-08-14 01:05:00+00:00,4331.31665,4333.69447,4329.46175,4330.03674
2026-08-14 01:10:00+00:00,4330.92034,4331.17862,4322.08151,4325.14145
2026-08-14 01:15:00+00:00,4324.92136,4325.25952,4320.21428,4320.56314
2026-08-14 01:20:00+00:00,4321.09864,4325.83171,4318.23987,4318.97933
2026-08-14 01:25:00+00:00,4320.64877,4320.96098,4315.7395,4318.88968
2026-08-14 01:30:00+00:00,4319.16942,4321.52118,4313.69166,4313.90615
2026-08-14 01:35:00+00:00,4314.26879,4320.21428,4313.63743,4318.05456
2026-08-14 01:40:00+00:00,4318.44071,4320.96098,4318.44071,4320.59939
2026-08-14 01:45:00+00:00,4320.52602,4322.50564,4314.06385,4314.5565
2026-08-14 01:50:00+00:00,4315.54842,4318.75151,4312.87054,4318.00875
2026-08-14 01:55:00+00:00,4316.87763,4321.1477,4316.87763,4319.66153
2026-08-14 02:00:00+00:00,4318.87417,4321.89472,4317.27196,4321.69659
2026-08-14 02:05:00+00:00,4322.19025,4322.19025,4316.11205,4318.04568
2026-08-14 02:10:00+00:00,4318.42683,4318.42683,4312.3895,4313.2944
2026-08-14 02:15:00+00:00,4313.16575,4317.04369,4311.90719,4314.26706
2026-08-14 02:20:00+00:00,4314.84875,4317.41646,4313.31953,4316.27161
2026-08-14 02:25:00+00:00,4316.05634,4320.32825,4312.94747,4313.46483
2026-08-14 02:30:00+00:00,4314.42659,4321.33443,4312.31283,4314.32045
2026-08-14 02:35:00+00:00,4316.21557,4322.26833,4316.21557,4320.02585
2026-08-14 02:40:00+00:00,4320.34482,4321.12966,4318.90818,4318.99154
2026-08-14 02:45:00+00:00,4319.57128,4323.35568,4314.62225,4314.89295
2026-08-14 02:50:00+00:00,4315.68045,4318.16219,4315.68045,4316.6347
2026-08-14 02:55:00+00:00,4317.60187,4317.60187,4312.94747,4314.86584
2026-08-14 03:00:00+00:00,4313.98822,4317.27081,4313.98822,4317.10026
2026-08-14 03:05:00+00:00,4316.64354,4321.89472,4315.51919,4321.81319
2026-08-14 03:10:00+00:00,4321.73211,4322.82886,4319.09472,4322.45616
2026-08-14 03:15:00+00:00,4321.74482,4322.82886,4319.36335,4322.76215
2026-08-14 03:20:00+00:00,4322.53681,4325.63371,4322.01663,4324.76821
2026-08-14 03:25:00+00:00,4324.79804,4325.87613,4324.55773,4325.83679
2026-08-14 03:30:00+00:00,4325.74761,4327.44136,4325.60185,4327.1449
2026-08-14 03:35:00+00:00,4326.3223,4327.99709,4326.3223,4326.68267
2026-08-14 03:40:00+00:00,4326.97513,4326.97513,4325.82082,4325.84314
2026-08-14 03:45:00+00:00,4325.83717,4326.66426,4325.82082,4326.5674
2026-08-14 03:50:00+00:00,4326.45356,4327.27336,4324.69835,4324.81235
2026-08-14 03:55:00+00:00,4324.98809,4324.98809,4323.71211,4324.66885
2026-08-14 04:00:00+00:00,4324.57169,4324.57169,4323.29415,4323.56327
2026-08-14 04:05:00+00:00,4324.05222,4324.33875,4323.01574,4324.24051
2026-08-14 04:10:00+00:00,4324.06352,4327.12687,4323.94292,4326.88002
2026-08-14 04:15:00+00:00,4326.23776,4327.8802,4325.46489,4326.81462
2026-08-14 04:20:00+00:00,4326.92236,4327.38705,4326.56946,4326.58921
2026-08-14 04:25:00+00:00,4326.71261,4327.6584,4325.5891,4325.98146
2026-08-14 04:30:00+00:00,4326.78017,4326.78017,4323.7634,4324.9346
2026-08-14 04:35:00+00:00,4324.67661,4325.63371,4324.60497,4325.59473
2026-08-14 04:40:00+00:00,4325.53042,4326.38228,4324.61948,4325.49033
2026-08-14 04:45:00+00:00,4325.47642,4326.00796,4323.95036,4325.02754
2026-08-14 04:50:00+00:00,4324.90401,4325.3211,4324.51133,4325.00745
2026-08-14 04:55:00+00:00,4325.07519,4326.00796,4324.60847,4325.8294
2026-08-14 05:00:00+00:00,4325.78644,4325.82082,4323.95036,4325.34398
2026-08-14 05:05:00+00:00,4325.05638,4326.74582,4320.96098,4321.18975
2026-08-14 05:10:00+00:00,4321.59201,4322.44632,4320.21428,4322.18202
2026-08-14 05:15:00+00:00,4321.71624,4321.71624,4318.49343,4318.67365
2026-08-14 05:20:00+00:00,4318.98487,4319.90313,4317.41646,4317.52004
2026-08-14 05:25:00+00:00,4317.58184,4319.33899,4317.58184,4319.22576
2026-08-14 05:30:00+00:00,4318.91195,4319.46784,4310.61379,4316.89995
2026-08-14 05:35:00+00:00,4315.81493,4324.32432,4315.81493,4323.98968
2026-08-14 05:40:00+00:00,4323.39439,4324.26909,4318.83521,4319.74523
2026-08-14 05:45:00+00:00,4321.86747,4322.642,4317.60287,4321.47998
2026-08-14 05:50:00+00:00,4321.63491,4328.89257,4321.63491,4328.62367
2026-08-14 05:55:00+00:00,4327.90835,4332.51473,4327.90835,4331.88806
2026-08-14 06:00:00+00:00,4331.08396,4335.30862,4331.08396,4334.98781
2026-08-14 06:05:00+00:00,4334.53307,4336.70254,4330.12904,4330.41209
2026-08-14 06:10:00+00:00,4330.93789,4333.31889,4330.11992,4333.05222
2026-08-14 06:15:00+00:00,4332.5971,4333.31889,4332.06029,4332.17901
2026-08-14 06:20:00+00:00,4332.35399,4332.66326,4329.56661,4330.9959
2026-08-14 06:25:00+00:00,4329.95455,4331.8172,4329.95455,4330.58293
2026-08-14 06:30:00+00:00,4331.03098,4331.03098,4329.19174,4330.18147
2026-08-14 06:35:00+00:00,4330.11204,4330.11204,4328.81693,4329.55744
2026-08-14 06:40:00+00:00,4329.02763,4332.35936,4328.81693,4331.88709
2026-08-14 06:45:00+00:00,4330.72881,4335.03292,4330.72881,4333.95664
2026-08-14 06:50:00+00:00,4334.14756,4335.57338,4334.02109,4334.95543
2026-08-14 06:55:00+00:00,4334.77605,4335.59066,4333.88229,4335.34953
2026-08-14 07:00:00+00:00,4334.74167,4335.95209,4333.90853,4335.72817
2026-08-14 07:05:00+00:00,4335.3693,4336.17567,4333.83578,4334.58818
2026-08-14 07:10:00+00:00,4334.45524,4334.63372,4331.96665,4332.35711
2026-08-14 07:15:00+00:00,4332.86176,4333.50667,4331.25433,4333.38853
2026-08-14 07:20:00+00:00,4333.16212,4335.00954,4330.50407,4334.62973
2026-08-14 07:25:00+00:00,4334.26503,4336.13737,4332.68729,4334.20286
2026-08-14 07:30:00+00:00,4333.72429,4333.9885,4331.55721,4333.78046
2026-08-14 07:35:00+00:00,4333.27709,4336.13737,4333.27709,4335.24806
2026-08-14 07:40:00+00:00,4335.2132,4339.52439,4334.95275,4338.5112
2026-08-14 07:45:00+00:00,4338.60768,4343.10532,4337.18349,4341.51264
2026-08-14 07:50:00+00:00,4340.8837,4343.4826,4340.8837,4342.86647
2026-08-14 07:55:00+00:00,4342.4742,4344.35123,4341.89834,4344.09988
2026-08-14 08:00:00+00:00,4343.58408,4347.42862,4342.53952,4342.7806
2026-08-14 08:05:00+00:00,4343.1606,4345.10634,4342.35095,4344.80413
2026-08-14 08:10:00+00:00,4344.11645,4347.22284,4343.74571,4346.60136
2026-08-14 08:15:00+00:00,4345.09353,4348.77147,4345.09353,4346.96043
2026-08-14 08:20:00+00:00,4347.38512,4347.38512,4344.04865,4344.31914
2026-08-14 08:25:00+00:00,4344.21006,4345.37001,4344.21006,4345.30559
2026-08-14 08:30:00+00:00,4345.11927,4346.62919,4344.23737,4344.37925
2026-08-14 08:35:00+00:00,4344.65866,4348.77147,4343.57625,4348.59305
2026-08-14 08:40:00+00:00,4348.22955,4348.77147,4344.92352,4345.34335
2026-08-14 08:45:00+00:00,4346.24112,4346.24112,4342.7281,4344.2077
2026-08-14 08:50:00+00:00,4344.24024,4347.44805,4344.10315,4347.33559
2026-08-14 08:55:00+00:00,4347.02254,4349.52808,4346.49671,4347.69693
2026-08-14 09:00:00+00:00,4347.72498,4349.40985,4347.44805,4347.57549
2026-08-14 09:05:00+00:00,4347.89985,4349.09478,4346.00997,4348.39601
2026-08-14 09:10:00+00:00,4348.08738,4349.76251,4348.08738,4348.95846
2026-08-14 09:15:00+00:00,4348.99005,4351.98886,4348.99005,4350.03503
2026-08-14 09:20:00+00:00,4350.74669,4352.20241,4349.3389,4350.39638
2026-08-14 09:25:00+00:00,4350.53664,4354.45243,4348.08183,4350.82147
2026-08-14 09:30:00+00:00,4351.07282,4353.50457,4351.07282,4353.29823
2026-08-14 09:35:00+00:00,4352.83226,4354.26282,4352.80552,4353.06555
2026-08-14 09:40:00+00:00,4353.39152,4353.39152,4352.17827,4352.63741
2026-08-14 09:45:00+00:00,4352.78196,4354.73665,4352.78196,4353.16536
2026-08-14 09:50:00+00:00,4353.11659,4354.83169,4353.11659,4354.73144
2026-08-14 09:55:00+00:00,4354.41559,4356.33565,4354.41559,4355.86653
2026-08-14 10:00:00+00:00,4354.63307,4357.29847,4354.63307,4357.09398
2026-08-14 10:05:00+00:00,4356.76007,4358.33229,4356.03735,4356.33417
2026-08-14 10:10:00+00:00,4356.70152,4357.53481,4354.66551,4356.52288
2026-08-14 10:15:00+00:00,4356.75252,4356.75252,4353.19235,4353.36586
2026-08-14 10:20:00+00:00,4353.57874,4354.26282,4352.74658,4354.20393
2026-08-14 10:25:00+00:00,4354.11552,4354.20095,4350.85277,4351.58126
2026-08-14 10:30:00+00:00,4351.4624,4351.4624,4348.58236,4348.67596
2026-08-14 10:35:00+00:00,4348.76212,4350.0957,4348.76212,4349.43376
2026-08-14 10:40:00+00:00,4349.35059,4351.27119,4348.63721,4350.97332
2026-08-14 10:45:00+00:00,4350.15265,4352.41532,4350.15265,4352.35358
2026-08-14 10:50:00+00:00,4352.21233,4353.86826,4351.42074,4351.62799
2026-08-14 10:55:00+00:00,4351.9,4351.99852,4349.14974,4349.52464
2026-08-14 11:00:00+00:00,4349.29851,4350.85277,4349.14974,4349.77429
2026-08-14 11:05:00+00:00,4350.08382,4351.41679,4349.14974,4351.21933
2026-08-14 11:10:00+00:00,4350.87144,4351.42074,4350.72227,4350.91684
2026-08-14 11:15:00+00:00,4351.20751,4355.4007,4349.84955,4355.02842
2026-08-14 11:20:00+00:00,4354.43307,4357.00114,4354.32526,4354.55856
2026-08-14 11:25:00+00:00,4354.87316,4357.29847,4353.69411,4357.11925
2026-08-14 11:30:00+00:00,4356.82034,4359.83125,4356.82034,4359.36926
2026-08-14 11:35:00+00:00,4358.45776,4362.8114,4358.45776,4362.46393
2026-08-14 11:40:00+00:00,4361.97921,4363.19211,4361.66965,4363.18389
2026-08-14 11:45:00+00:00,4363.12559,4363.12559,4361.2892,4361.47433
2026-08-14 11:50:00+00:00,4361.5268,4369.09673,4361.5268,4368.70017
2026-08-14 11:55:00+00:00,4368.04665,4368.66812,4365.98573,4368.14185
2026-08-14 12:00:00+00:00,4366.83892,4374.64456,4366.12816,4374.42151
2026-08-14 12:05:00+00:00,4374.0964,4375.41019,4372.96934,4375.23297
2026-08-14 12:10:00+00:00,4374.94501,4374.94501,4369.86541,4369.93003
2026-08-14 12:15:00+00:00,4370.14182,4372.34926,4369.48353,4371.52685
2026-08-14 12:20:00+00:00,4371.13697,4379.43574,4371.13697,4377.93973
2026-08-14 12:25:00+00:00,4378.2435,4381.55572,4377.70871,4379.25022
2026-08-14 12:30:00+00:00,4378.46017,4385.7199,4378.46017,4382.91273
2026-08-14 12:35:00+00:00,4383.22601,4383.86386,4377.1227,4377.49322
2026-08-14 12:40:00+00:00,4378.17517,4378.17517,4372.92286,4373.05415
2026-08-14 12:45:00+00:00,4373.32194,4376.03932,4371.20252,4375.37664
2026-08-14 12:50:00+00:00,4374.51095,4377.43749,4372.83983,4376.0411
2026-08-14 12:55:00+00:00,4375.37591,4377.59813,4373.49661,4374.37563
2026-08-14 13:00:00+00:00,4374.20036,4377.50444,4370.08531,4376.90681
2026-08-14 13:05:00+00:00,4375.36301,4379.24239,4375.36301,4377.01748
2026-08-14 13:10:00+00:00,4377.44168,4380.96907,4376.74211,4378.35048
2026-08-14 13:15:00+00:00,4379.28028,4379.8178,4374.92395,4379.59049
2026-08-14 13:20:00+00:00,4379.52037,4384.64057,4379.24239,4383.91012
2026-08-14 13:25:00+00:00,4382.24796,4386.34968,4382.24796,4384.959
2026-08-14 13:30:00+00:00,4385.15268,4390.30429,4384.58331,4389.953
2026-08-14 13:35:00+00:00,4389.49348,4395.79762,4389.49348,4395.51921
2026-08-14 13:40:00+00:00,4394.90395,4396.18411,4391.74352,4395.727
2026-08-14 13:45:00+00:00,4394.84668,4396.587,4387.11942,4389.72462
2026-08-14 13:50:00+00:00,4389.37764,4389.37764,4384.81101,4385.0705
2026-08-14 13:55:00+00:00,4385.51802,4385.51802,4383.65772,4383.7629
2026-08-14 14:00:00+00:00,4384.0846,4391.16498,4384.0846,4388.9587
2026-08-14 14:05:00+00:00,4388.80966,4391.26354,4388.80966,4391.17919
2026-08-14 14:10:00+00:00,4391.00227,4392.7081,4388.85232,4392.43674
2026-08-14 14:15:00+00:00,4391.88523,4391.88523,4388.41796,4390.55734
2026-08-14 14:20:00+00:00,4390.50665,4390.50665,4385.58021,4389.59061
2026-08-14 14:25:00+00:00,4387.52531,4393.09406,4387.52531,4391.91018
2026-08-14 14:30:00+00:00,4392.32066,4392.32066,4387.74458,4388.48077
2026-08-14 14:35:00+00:00,4390.13581,4390.13581,4384.70678,4384.84362
2026-08-14 14:40:00+00:00,4385.22993,4387.23017,4382.50504,4382.80998
2026-08-14 14:45:00+00:00,4382.92683,4384.39328,4380.20149,4381.17874
2026-08-14 14:50:00+00:00,4380.96674,4382.26765,4379.79426,4382.0444
2026-08-14 14:55:00+00:00,4381.57161,4382.69711,4380.96907,4381.06638
2026-08-14 15:00:00+00:00,4381.18352,4388.58412,4381.08897,4388.29073
2026-08-14 15:05:00+00:00,4387.78567,4389.04494,4387.11389,4388.9296
2026-08-14 15:10:00+00:00,4388.76336,4393.35667,4385.69807,4392.73565
2026-08-14 15:15:00+00:00,4391.16298,4394.52298,4387.05556,4387.8774
2026-08-14 15:20:00+00:00,4389.35057,4389.35057,4384.31674,4384.52097
2026-08-14 15:25:00+00:00,4384.88682,4384.95877,4379.24239,4383.70854
2026-08-14 15:30:00+00:00,4383.14587,4387.11942,4383.14587,4386.6252
2026-08-14 15:35:00+00:00,4385.54958,4389.81563,4385.38495,4387.92633
2026-08-14 15:40:00+00:00,4388.24036,4389.54224,4386.54379,4386.98471
2026-08-14 15:45:00+00:00,4387.78503,4394.83168,4387.78503,4394.68931
2026-08-14 15:50:00+00:00,4394.43815,4394.43815,4391.62107,4392.01273
2026-08-14 15:55:00+00:00,4392.45885,4392.90107,4390.45812,4391.92205
2026-08-14 16:00:00+00:00,4391.82063,4395.45613,4390.97216,4392.34822
2026-08-14 16:05:00+00:00,4392.72527,4392.72527,4390.09047,4390.60282
2026-08-14 16:10:00+00:00,4391.40839,4391.40839,4389.43025,4389.57691
2026-08-14 16:15:00+00:00,4389.70023,4391.74352,4389.46749,4391.50695
2026-08-14 16:20:00+00:00,4391.50221,4393.06175,4390.23891,4390.5345
2026-08-14 16:25:00+00:00,4391.11592,4391.11592,4387.31189,4387.68965
2026-08-14 16:30:00+00:00,4387.64306,4387.6969,4381.54493,4381.81371
2026-08-14 16:35:00+00:00,4382.4231,4388.73853,4381.72755,4388.01114
2026-08-14 16:40:00+00:00,4386.26009,4389.43025,4386.15729,4386.60341
2026-08-14 16:45:00+00:00,4386.88014,4386.88014,4385.95436,4386.71523
2026-08-14 16:50:00+00:00,4386.56669,4387.0482,4385.85528,4386.9877
2026-08-14 16:55:00+00:00,4386.84979,4386.84979,4385.19558,4385.33372
2026-08-14 17:00:00+00:00,4385.59525,4387.44641,4382.8892,4383.82244
2026-08-14 17:05:00+00:00,4383.68853,4384.56415,4381.73692,4382.50878
2026-08-14 17:10:00+00:00,4382.37522,4383.45677,4380.58525,4380.85059
2026-08-14 17:15:00+00:00,4380.77568,4385.7807,4379.45146,4382.00749
2026-08-14 17:20:00+00:00,4382.0463,4382.50504,4380.77715,4382.20652
2026-08-14 17:25:00+00:00,4382.08703,4382.43286,4379.97638,4380.17962
2026-08-14 17:30:00+00:00,4380.54213,4382.12095,4379.07085,4381.57229
2026-08-14 17:35:00+00:00,4381.46854,4382.3844,4380.00964,4380.30128
2026-08-14 17:40:00+00:00,4380.32343,4380.82918,4377.70871,4377.94802
2026-08-14 17:45:00+00:00,4378.38083,4378.38083,4376.55915,4376.60001
2026-08-14 17:50:00+00:00,4376.73913,4379.24239,4376.58631,4379.07258
2026-08-14 17:55:00+00:00,4378.7203,4378.7203,4377.51707,4377.7778
2026-08-14 18:00:00+00:00,4377.7012,4380.39907,4376.94227,4379.63398
2026-08-14 18:05:00+00:00,4378.32958,4382.35785,4378.32958,4379.87153
2026-08-14 18:10:00+00:00,4379.87424,4380.97537,4377.32545,4377.44274
2026-08-14 18:15:00+00:00,4377.62938,4378.64,4377.13385,4378.52432
2026-08-14 18:20:00+00:00,4378.27947,4380.20149,4378.27947,4379.33451
2026-08-14 18:25:00+00:00,4379.42354,4380.02217,4378.66713,4378.84209
2026-08-14 18:30:00+00:00,4379.13381,4379.87845,4377.13385,4378.26813
2026-08-14 18:35:00+00:00,4378.06401,4382.14399,4378.06401,4381.7342
2026-08-14 18:40:00+00:00,4380.91656,4383.09699,4378.44662,4381.59619
2026-08-14 18:45:00+00:00,4382.08072,4382.08072,4372.54045,4374.52035
2026-08-14 18:50:00+00:00,4374.37927,4376.59362,4373.49999,4376.14597
2026-08-14 18:55:00+00:00,4375.22042,4375.22042,4373.11409,4373.34788
2026-08-14 19:00:00+00:00,4373.41843,4373.59531,4372.91655,4373.07705
2026-08-14 19:05:00+00:00,4373.33934,4375.75123,4372.73165,4374.08789
2026-08-14 19:10:00+00:00,4374.12545,4377.24635,4374.12545,4377.1796
2026-08-14 19:15:00+00:00,4377.03353,4377.03353,4375.21876,4375.73182
2026-08-14 19:20:00+00:00,4375.59637,4376.7507,4375.33059,4376.7252
2026-08-14 19:25:00+00:00,4376.62761,4377.90036,4375.9846,4376.69261
2026-08-14 19:30:00+00:00,4377.08858,4377.70871,4377.08858,4377.20347
2026-08-14 19:35:00+00:00,4377.29102,4377.95479,4376.36761,4376.49985
2026-08-14 19:40:00+00:00,4376.67181,4377.51707,4376.51229,4376.7217
2026-08-14 19:45:00+00:00,4376.71277,4377.12406,4375.5679,4375.67586
2026-08-14 19:50:00+00:00,4375.57786,4380.00964,4375.57786,4379.75588
2026-08-14 19:55:00+00:00,4379.24691,4382.44657,4374.45319,4375.04209
2026-08-14 20:00:00+00:00,4375.30467,4375.9846,4373.87919,4374.01151
2026-08-14 20:05:00+00:00,4374.21201,4374.26184,4372.34926,4373.51644
2026-08-14 20:10:00+00:00,4373.44838,4373.59933,4371.20252,4371.801
2026-08-14 20:15:00+00:00,4372.14006,4373.75215,4372.14006,4373.72968
2026-08-14 20:20:00+00:00,4373.68905,4373.94714,4372.94384,4373.10401
2026-08-14 20:25:00+00:00,4373.36202,4374.83594,4372.07143,4374.32755
2026-08-14 20:30:00+00:00,4374.34988,4374.64456,4374.07051,4374.28424
2026-08-14 20:35:00+00:00,4374.23028,4375.9846,4373.8132,4375.92228
2026-08-14 20:40:00+00:00,4375.79369,4376.79262,4375.02734,4375.14859
2026-08-14 20:45:00+00:00,4375.40662,4376.02698,4375.24183,4375.77928
2026-08-14 20:50:00+00:00,4375.69358,4375.95155,4375.41019,4375.92906
2026-08-14 20:55:00+00:00,4375.82935,4376.79162,4375.31556,4376.56187
2026-08-14 21:00:00+00:00,4376.01866,4376.94227,4375.60165,4375.6097
2026-08-14 21:05:00+00:00,4375.64065,4375.79436,4375.53601,4375.67204
2026-08-14 21:10:00+00:00,4375.59973,4375.74244,4375.59006,4375.68401
2026-08-14 21:15:00+00:00,4375.60003,4375.9846,4375.54051,4375.95072
2026-08-14 21:20:00+00:00,4375.87422,4375.87422,4375.59568,4375.74995
2026-08-14 21:25:00+00:00,4375.67832,4375.79158,4375.53653,4375.67469
2026-08-14 21:30:00+00:00,4375.59782,4375.89559,4375.57431,4375.86628
2026-08-14 21:35:00+00:00,4375.80042,4375.80433,4375.5381,4375.58838
2026-08-14 21:40:00+00:00,4375.60138,4375.7235,4375.57321,4375.58492
2026-08-14 21:45:00+00:00,4375.59808,4375.79558,4375.53437,4375.68065
2026-08-14 21:50:00+00:00,4375.59973,4375.76156,4375.59866,4375.67422
2026-08-14 21:55:00+00:00,4375.59756,4375.79923,4375.54038,4375.58851
2026-08-14 22:00:00+00:00,4375.60547,4375.73985,4375.57155,4375.59491
2026-08-14 22:05:00+00:00,4375.60332,4375.79269,4375.53806,4375.68073
2026-08-14 22:10:00+00:00,4375.5959,4375.76938,4375.59112,4375.6675
2026-08-14 22:15:00+00:00,4375.59613,4375.79054,4375.5341,4375.57897
2026-08-14 22:20:00+00:00,4375.59973,4375.74432,4375.5582,4375.59583
2026-08-14 22:25:00+00:00,4375.59973,4375.79648,4375.53857,4375.68775
2026-08-14 22:30:00+00:00,4375.59973,4375.77577,4375.58186,4375.66682
2026-08-14 22:35:00+00:00,4375.59973,4375.79354,4375.53465,4375.57583
2026-08-14 22:40:00+00:00,4375.59973,4375.75327,4375.55193,4375.65934
2026-08-14 22:45:00+00:00,4375.59973,4375.79542,4375.53607,4375.69067
2026-08-14 22:50:00+00:00,4375.59973,4375.78161,4375.57324,4375.66175
2026-08-14 22:55:00+00:00,4375.59973,4375.79927,4375.54197,4375.57899
2026-08-14 23:00:00+00:00,4375.60513,4375.7685,4375.55441,4375.65935
2026-08-14 23:05:00+00:00,4375.60212,4375.80116,4375.5404,4375.70065
2026-08-14 23:10:00+00:00,4375.60774,4375.79391,4375.57174,4375.66354
2026-08-14 23:15:00+00:00,4375.60533,4375.80222,4375.54627,4375.57869
2026-08-14 23:20:00+00:00,4375.60703,4375.77417,4375.55,4375.6501
2026-08-14 23:25:00+00:00,4375.60165,4375.79025,4375.5341,4375.69513
2026-08-14 23:30:00+00:00,4375.59973,4375.79052,4375.55823,4375.66249
2026-08-14 23:35:00+00:00,4375.59973,4375.79649,4375.54239,4375.56916
2026-08-14 23:40:00+00:00,4375.59973,4375.77575,4375.53858,4375.6372
2026-08-14 23:45:00+00:00,4375.59581,4375.786,4375.53465,4375.69663
2026-08-14 23:50:00+00:00,4375.59973,4375.79353,4375.55195,4375.67035
2026-08-14 23:55:00+00:00,4375.60364,4375.79737,4375.54862,4375.56984
2026-08-15 00:00:00+00:00,4375.60165,4375.78147,4375.53803,4375.63698
2026-08-15 00:05:00+00:00,4375.59973,4375.78119,4375.53622,4375.69763
2026-08-15 00:10:00+00:00,4375.59973,4375.79553,4375.54656,4375.67477
2026-08-15 00:15:00+00:00,4375.59969,4375.7934,4375.55429,4375.56907
2026-08-15 00:20:00+00:00,4375.60126,4375.78642,4375.53649,4375.63806
2026-08-15 00:25:00+00:00,4375.60361,4375.78336,4375.54428,4375.70577
2026-08-15 00:30:00+00:00,4375.60777,4375.80415,4375.54819,4375.68547
2026-08-15 00:35:00+00:00,4375.60546,4375.79034,4375.56049,4375.56883
2026-08-15 00:40:00+00:00,4375.60126,4375.79051,4375.5341,4375.63074
2026-08-15 00:45:00+00:00,4375.59591,4375.76247,4375.53881,4375.69235
2026-08-15 00:50:00+00:00,4375.5936,4375.79072,4375.53457,4375.67896
2026-08-15 00:55:00+00:00,4375.59587,4375.78209,4375.56048,4375.56147
2026-08-15 01:00:00+00:00,4375.59437,4375.78985,4375.52895,4375.63653
2026-08-15 01:05:00+00:00,4375.59595,4375.76096,4375.5469,4375.69758
2026-08-15 01:10:00+00:00,4375.59973,4375.79543,4375.53608,4375.68872
2026-08-15 01:15:00+00:00,4375.59973,4375.78133,4375.56989,4375.56989
2026-08-15 01:20:00+00:00,4375.60127,4375.7955,4375.53813,4375.64559
2026-08-15 01:25:00+00:00,4375.59965,4375.75839,4375.5558,4375.70234
2026-08-15 01:30:00+00:00,4375.60585,4375.80112,4375.54041,4375.70005
2026-08-15 01:35:00+00:00,4375.60556,4375.78161,4375.57682,4375.57682
2026-08-15 01:40:00+00:00,4375.60702,4375.80222,4375.54625,4375.6566
2026-08-15 01:45:00+00:00,4375.60537,4375.74616,4375.56046,4375.69696
2026-08-15 01:50:00+00:00,4375.60165,4375.7961,4375.53793,4375.69318
2026-08-15 01:55:00+00:00,4375.59756,4375.76426,4375.56539,4375.56539
2026-08-15 02:00:00+00:00,4375.59435,4375.79262,4375.53273,4375.65333
2026-08-15 02:05:00+00:00,4375.59605,4375.72786,4375.56253,4375.68714
2026-08-15 02:10:00+00:00,4375.59363,4375.78787,4375.53088,4375.69657
2026-08-15 02:15:00+00:00,4375.59574,4375.76099,4375.57331,4375.57331
2026-08-15 02:20:00+00:00,4375.59973,4375.79544,4375.53609,4375.6621
2026-08-15 02:25:00+00:00,4375.59973,4375.72447,4375.57381,4375.69048
2026-08-15 02:30:00+00:00,4375.59973,4375.79552,4375.53616,4375.70637
2026-08-15 02:35:00+00:00,4375.59992,4375.75478,4375.57788,4375.57788
2026-08-15 02:40:00+00:00,4375.60165,4375.79342,4375.5365,4375.66897
2026-08-15 02:45:00+00:00,4375.60165,4375.73438,4375.58744,4375.6954
2026-08-15 02:50:00+00:00,4375.60771,4375.80605,4375.54617,4375.60166
2026-08-15 02:55:00+00:00,4375.60569,4375.75023,4375.58664,4375.58664
2026-08-15 03:00:00+00:00,4375.60708,4375.79634,4375.54176,4375.67729
2026-08-15 03:05:00+00:00,4375.60525,4375.75102,4375.59669,4375.69205
2026-08-15 03:10:00+00:00,4375.60769,4375.79844,4375.5406,4375.59288
2026-08-15 03:15:00+00:00,4375.60165,4375.72769,4375.57728,4375.57728
2026-08-15 03:20:00+00:00,4375.59399,4375.78983,4375.52894,4375.67288
2026-08-15 03:25:00+00:00,4375.59616,4375.74986,4375.59257,4375.68038
2026-08-15 03:30:00+00:00,4375.59973,4375.79544,4375.5361,4375.58655
2026-08-15 03:35:00+00:00,4375.59973,4375.72443,4375.57338,4375.58675
2026-08-15 03:40:00+00:00,4375.59973,4375.79552,4375.5362,4375.68057
2026-08-15 03:45:00+00:00,4375.59973,4375.7614,4375.59675,4375.6723
2026-08-15 03:50:00+00:00,4375.59565,4375.78752,4375.5307,4375.57853
2026-08-15 03:55:00+00:00,4375.59561,4375.73498,4375.56115,4375.58745
2026-08-15 04:00:00+00:00,4375.5959,4375.79652,4375.53876,4375.68433
2026-08-15 04:05:00+00:00,4375.59973,4375.76893,4375.59132,4375.67173
2026-08-15 04:10:00+00:00,4375.59973,4375.79047,4375.5341,4375.57904
2026-08-15 04:15:00+00:00,4375.59973,4375.74413,4375.55834,4375.66994
2026-08-15 04:20:00+00:00,4375.60526,4375.80228,4375.54649,4375.69316
2026-08-15 04:25:00+00:00,4375.60515,4375.78084,4375.59028,4375.6749
2026-08-15 04:30:00+00:00,4375.60759,4375.80098,4375.54029,4375.58189
2026-08-15 04:35:00+00:00,4375.6058,4375.75253,4375.5583,4375.59788
2026-08-15 04:40:00+00:00,4375.598,4375.79541,4375.53419,4375.69067
2026-08-15 04:45:00+00:00,4375.60007,4375.78162,4375.5715,4375.65994
2026-08-15 04:50:00+00:00,4375.59765,4375.7936,4375.53623,4375.57313
2026-08-15 04:55:00+00:00,4375.59938,4375.75945,4375.54654,4375.65261
2026-08-15 05:00:00+00:00,4375.59958,4375.79142,4375.53266,4375.69122
2026-08-15 05:05:00+00:00,4375.59782,4375.78654,4375.5655,4375.65676
2026-08-15 05:10:00+00:00,4375.59973,4375.80414,4375.54423,4375.57687
2026-08-15 05:15:00+00:00,4375.60583,4375.77785,4375.55017,4375.65596
2026-08-15 05:20:00+00:00,4375.60905,4375.79637,4375.54176,4375.70068
2026-08-15 05:25:00+00:00,4375.60511,4375.7978,4375.56853,4375.66827
2026-08-15 05:30:00+00:00,4375.6075,4375.80227,4375.54762,4375.57503
2026-08-15 05:35:00+00:00,4375.60547,4375.78464,4375.5465,4375.64989
2026-08-15 05:40:00+00:00,4375.60557,4375.79252,4375.54031,4375.70226
2026-08-15 05:45:00+00:00,4375.60547,4375.80097,4375.56216,4375.67383
2026-08-15 05:50:00+00:00,4375.60747,4375.80127,4375.55022,4375.57182
2026-08-15 05:55:00+00:00,4375.60394,4375.78699,4375.54008,4375.64319
2026-08-15 06:00:00+00:00,4375.60547,4375.78549,4375.54183,4375.70139
2026-08-15 06:05:00+00:00,4375.60318,4375.79923,4375.55262,4375.67748
2026-08-15 06:10:00+00:00,4375.60552,4375.79925,4375.55571,4375.57103
2026-08-15 06:15:00+00:00,4375.60394,4375.79198,4375.53849,4375.63172
2026-08-15 06:20:00+00:00,4375.59973,4375.77528,4375.53682,4375.69813
2026-08-15 06:25:00+00:00,4375.60011,4375.79652,4375.54026,4375.67815
2026-08-15 06:30:00+00:00,4375.59781,4375.79616,4375.5602,4375.56883
2026-08-15 06:35:00+00:00,4375.60241,4375.79603,4375.53793,4375.63957
2026-08-15 06:40:00+00:00,4375.60548,4375.77297,4375.54786,4375.70196
2026-08-15 06:45:00+00:00,4375.60318,4375.80036,4375.54453,4375.68789
2026-08-15 06:50:00+00:00,4375.60545,4375.79224,4375.56908,4375.57097
2026-08-15 06:55:00+00:00,4375.60394,4375.7991,4375.53839,4375.64536
2026-08-15 07:00:00+00:00,4375.60552,4375.76546,4375.55233,4375.70147
2026-08-15 07:05:00+00:00,4375.60318,4375.79939,4375.54196,4375.69329
2026-08-15 07:10:00+00:00,4375.60727,4375.78934,4375.57361,4375.57361
2026-08-15 07:15:00+00:00,4375.60585,4375.80305,4375.54174,4375.65288
2026-08-15 07:20:00+00:00,4375.60746,4375.75931,4375.5576,4375.70239
2026-08-15 07:25:00+00:00,4375.60547,4375.7974,4375.5423,4375.69738
2026-08-15 07:30:00+00:00,4375.60538,4375.77353,4375.56926,4375.56926
2026-08-15 07:35:00+00:00,4375.59936,4375.7946,4375.53879,4375.64931
2026-08-15 07:40:00+00:00,4375.59771,4375.74363,4375.55664,4375.695
2026-08-15 07:45:00+00:00,4375.6001,4375.79402,4375.53984,4375.6975
2026-08-15 07:50:00+00:00,4375.59973,4375.77682,4375.57657,4375.57657
2026-08-15 07:55:00+00:00,4375.60583,4375.80419,4375.54468,4375.66401
2026-08-15 08:00:00+00:00,4375.60753,4375.74084,4375.57288,4375.69896
2026-08-15 08:05:00+00:00,4375.60512,4375.79532,4375.53647,4375.7062
2026-08-15 08:10:00+00:00,4375.60708,4375.76932,4375.57878,4375.57878
2026-08-15 08:15:00+00:00,4375.60582,4375.80322,4375.54206,4375.66932
2026-08-15 08:20:00+00:00,4375.60756,4375.73125,4375.57884,4375.69646
2026-08-15 08:25:00+00:00,4375.60547,4375.79922,4375.54182,4375.70925
2026-08-15 08:30:00+00:00,4375.60529,4375.75897,4375.57961,4375.57961
2026-08-15 08:35:00+00:00,4375.60389,4375.79927,4375.5385,4375.67259
2026-08-15 08:40:00+00:00,4375.60567,4375.7397,4375.58764,4375.69163
2026-08-15 08:45:00+00:00,4375.60324,4375.8003,4375.54433,4375.60156
2026-08-15 08:50:00+00:00,4375.60526,4375.74428,4375.58296,4375.58296
2026-08-15 08:55:00+00:00,4375.60294,4375.7942,4375.53601,4375.67185
2026-08-15 09:00:00+00:00,4375.59973,4375.74206,4375.58967,4375.68415
2026-08-15 09:05:00+00:00,4375.60003,4375.79649,4375.53677,4375.58904
2026-08-15 09:10:00+00:00,4375.59806,4375.74024,4375.58027,4375.58437
2026-08-15 09:15:00+00:00,4375.60223,4375.79908,4375.53838,4375.6819
2026-08-15 09:20:00+00:00,4375.60573,4375.75832,4375.60165,4375.68454
2026-08-15 09:25:00+00:00,4375.60328,4375.7994,4375.54197,4375.59256
2026-08-15 09:30:00+00:00,4375.60521,4375.73012,4375.57391,4375.58831
2026-08-15 09:35:00+00:00,4375.60218,4375.80116,4375.53985,4375.68606
2026-08-15 09:40:00+00:00,4375.60575,4375.76664,4375.59973,4375.6765
2026-08-15 09:45:00+00:00,4375.59922,4375.79748,4375.5404,4375.58858
2026-08-15 09:50:00+00:00,4375.60518,4375.73753,4375.57169,4375.59482
2026-08-15 09:55:00+00:00,4375.60307,4375.79459,4375.53877,4375.68234
2026-08-15 10:00:00+00:00,4375.59751,4375.76687,4375.59131,4375.66981
2026-08-15 10:05:00+00:00,4375.59782,4375.78855,4375.53218,4375.57712
2026-08-15 10:10:00+00:00,4375.59782,4375.74545,4375.56216,4375.59915
2026-08-15 10:15:00+00:00,4375.60378,4375.79844,4375.54067,4375.68947
2026-08-15 10:20:00+00:00,4375.60165,4375.77921,4375.58644,4375.66692
2026-08-15 10:25:00+00:00,4375.59993,4375.79524,4375.53844,4375.57984
2026-08-15 10:30:00+00:00,4375.60323,4375.75464,4375.55421,4375.65956
2026-08-15 10:35:00+00:00,4375.59973,4375.79548,4375.53615,4375.69056
2026-08-15 10:40:00+00:00,4375.59973,4375.78139,4375.57358,4375.66196
2026-08-15 10:45:00+00:00,4375.59973,4375.79548,4375.53615,4375.57324
2026-08-15 10:50:00+00:00,4375.59973,4375.76121,4375.54674,4375.66042
2026-08-15 10:55:00+00:00,4375.60388,4375.80126,4375.54045,4375.70055
2026-08-15 11:00:00+00:00,4375.60774,4375.78606,4375.56565,4375.65655
2026-08-15 11:05:00+00:00,4375.59987,4375.7946,4375.53678,4375.56903
2026-08-15 11:10:00+00:00,4375.59782,4375.76699,4375.54024,4375.64626
2026-08-15 11:15:00+00:00,4375.59782,4375.7904,4375.5341,4375.69505
2026-08-15 11:20:00+00:00,4375.59973,4375.79038,4375.55851,4375.66098
2026-08-15 11:25:00+00:00,4375.59984,4375.79458,4375.54031,4375.56727
2026-08-15 11:30:00+00:00,4375.59782,4375.7718,4375.53673,4375.63864
2026-08-15 11:35:00+00:00,4375.5959,4375.78235,4375.53082,4375.6928
2026-08-15 11:40:00+00:00,4375.5959,4375.78971,4375.54811,4375.66423
2026-08-15 11:45:00+00:00,4375.5959,4375.79159,4375.5431,4375.56407
2026-08-15 11:50:00+00:00,4375.5959,4375.77777,4375.53224,4375.63314
2026-08-15 11:55:00+00:00,4375.5959,4375.77735,4375.5324,4375.6938
2026-08-15 12:00:00+00:00,4375.5959,4375.79171,4375.54272,4375.66967
2026-08-15 12:05:00+00:00,4375.5959,4375.78951,4375.54856,4375.56332
2026-08-15 12:10:00+00:00,4375.5959,4375.7827,4375.53074,4375.62776
2026-08-15 12:15:00+00:00,4375.5959,4375.77144,4375.53498,4375.6943
2026-08-15 12:20:00+00:00,4375.5959,4375.7927,4375.53826,4375.67495
2026-08-15 12:25:00+00:00,4375.5959,4375.78643,4375.55491,4375.56308
2026-08-15 12:30:00+00:00,4375.5959,4375.78669,4375.53027,4375.63038
2026-08-15 12:35:00+00:00,4375.5959,4375.76468,4375.53855,4375.69428
2026-08-15 12:40:00+00:00,4375.5959,4375.79266,4375.53476,4375.68005
2026-08-15 12:45:00+00:00,4375.5959,4375.78237,4375.56208,4375.56336
2026-08-15 12:50:00+00:00,4375.5959,4375.7897,4375.53082,4375.63617
2026-08-15 12:55:00+00:00,4375.5959,4375.75711,4375.54308,4375.69375
2026-08-15 13:00:00+00:00,4375.5959,4375.7916,4375.53225,4375.6849
2026-08-15 13:05:00+00:00,4375.5959,4375.77737,4375.56415,4375.56415
2026-08-15 13:10:00+00:00,4375.5959,4375.7917,4375.53239,4375.64189
2026-08-15 13:15:00+00:00,4375.5959,4375.74879,4375.54854,4375.69271
2026-08-15 13:20:00+00:00,4375.5959,4375.78952,4375.53075,4375.68948
2026-08-15 13:25:00+00:00,4375.5959,4375.77147,4375.56543,4375.56543
2026-08-15 13:30:00+00:00,4375.5959,4375.79269,4375.53497,4375.64752
2026-08-15 13:35:00+00:00,4375.5959,4375.73979,4375.55488,4375.69117
2026-08-15 13:40:00+00:00,4375.5959,4375.78667,4375.53027,4375.69377
2026-08-15 13:45:00+00:00,4375.5959,4375.76471,4375.56722,4375.56722
2026-08-15 13:50:00+00:00,4375.5959,4375.79266,4375.53477,4375.653
2026-08-15 13:55:00+00:00,4375.5959,4375.73018,4375.56205,4375.68915
2026-08-15 14:00:00+00:00,4375.5959,4375.78968,4375.53081,4375.6977
2026-08-15 14:05:00+00:00,4375.5959,4375.75714,4375.56948,4375.56948
2026-08-15 14:10:00+00:00,4375.5959,4375.7916,4375.53226,4375.65828
2026-08-15 14:15:00+00:00,4375.5959,4375.72067,4375.57,4375.68665
2026-08-15 14:20:00+00:00,4375.5959,4375.7917,4375.53238,4375.70126
2026-08-15 14:25:00+00:00,4375.5959,4375.74883,4375.57221,4375.57221
2026-08-15 14:30:00+00:00,4375.5959,4375.78953,4375.53075,4375.66334
2026-08-15 14:35:00+00:00,4375.5959,4375.73078,4375.57866,4375.6837
2026-08-15 14:40:00+00:00,4375.5959,4375.79269,4375.53496,4375.59166
2026-08-15 14:45:00+00:00,4375.5959,4375.73983,4375.57538,4375.57538
2026-08-15 14:50:00+00:00,4375.5959,4375.78666,4375.53027,4375.66813
2026-08-15 14:55:00+00:00,4375.5959,4375.74036,4375.58797,4375.68032
2026-08-15 15:00:00+00:00,4375.5959,4375.79266,4375.53478,4375.58703
2026-08-15 15:05:00+00:00,4375.5959,4375.73022,4375.57815,4375.57896
2026-08-15 15:10:00+00:00,4375.5959,4375.78967,4375.53081,4375.67261
2026-08-15 15:15:00+00:00,4375.5959,4375.74932,4375.5959,4375.67654
2026-08-15 15:20:00+00:00,4375.5959,4375.79161,4375.53226,4375.58271
2026-08-15 15:25:00+00:00,4375.5959,4375.72063,4375.56953,4375.58293
2026-08-15 15:30:00+00:00,4375.5959,4375.79169,4375.53237,4375.67675
2026-08-15 15:35:00+00:00,4375.5959,4375.75759,4375.5959,4375.67238
2026-08-15 15:40:00+00:00,4375.5959,4375.78954,4375.53076,4375.57876
2026-08-15 15:45:00+00:00,4375.5959,4375.73074,4375.56162,4375.58726
2026-08-15 15:50:00+00:00,4375.5959,4375.79269,4375.53494,4375.68051
2026-08-15 15:55:00+00:00,4375.5959,4375.76511,4375.58747,4375.66788
2026-08-15 16:00:00+00:00,4375.5959,4375.78664,4375.53027,4375.5752
2026-08-15 16:05:00+00:00,4375.5959,4375.74032,4375.5545,4375.59192
2026-08-15 16:10:00+00:00,4375.5959,4375.79266,4375.5348,4375.68386
2026-08-15 16:15:00+00:00,4375.5959,4375.77183,4375.57819,4375.66308
2026-08-15 16:20:00+00:00,4375.5959,4375.78966,4375.53081,4375.57205
2026-08-15 16:25:00+00:00,4375.5959,4375.74928,4375.54821,4375.65561
2026-08-15 16:30:00+00:00,4375.5959,4375.79162,4375.53227,4375.68679
2026-08-15 16:35:00+00:00,4375.5959,4375.77768,4375.56956,4375.65801
2026-08-15 16:40:00+00:00,4375.5959,4375.79168,4375.53236,4375.56935
2026-08-15 16:45:00+00:00,4375.5959,4375.75756,4375.5428,4375.64997
2026-08-15 16:50:00+00:00,4375.5959,4375.78955,4375.53076,4375.68926
2026-08-15 16:55:00+00:00,4375.5959,4375.78263,4375.56165,4375.65294
2026-08-15 17:00:00+00:00,4375.5959,4375.79269,4375.53493,4375.56711
2026-08-15 17:05:00+00:00,4375.5959,4375.76509,4375.53832,4375.64434
2026-08-15 17:10:00+00:00,4375.5959,4375.78649,4375.53027,4375.69126
2026-08-15 17:15:00+00:00,4375.5959,4375.78663,4375.55452,4375.65857
2026-08-15 17:20:00+00:00,4375.5959,4375.79267,4375.53849,4375.56535
2026-08-15 17:25:00+00:00,4375.5959,4375.7718,4375.53481,4375.63875
2026-08-15 17:30:00+00:00,4375.5959,4375.78245,4375.5308,4375.69278
2026-08-15 17:35:00+00:00,4375.5959,4375.78965,4375.54823,4375.66411
2026-08-15 17:40:00+00:00,4375.5959,4375.79162,4375.543,4375.56409
2026-08-15 17:45:00+00:00,4375.5959,4375.77766,4375.53228,4375.63325
2026-08-15 17:50:00+00:00,4375.5959,4375.77746,4375.53236,4375.69379
2026-08-15 17:55:00+00:00,4375.5959,4375.79168,4375.54282,4375.66956
2026-08-15 18:00:00+00:00,4375.5959,4375.78956,4375.54844,4375.56333
2026-08-15 18:05:00+00:00,4375.5959,4375.78261,4375.53076,4375.62787
2026-08-15 18:10:00+00:00,4375.5959,4375.77157,4375.53492,4375.69429
2026-08-15 18:15:00+00:00,4375.5959,4375.79269,4375.53834,4375.67485
2026-08-15 18:20:00+00:00,4375.5959,4375.7865,4375.55477,4375.56308
2026-08-15 18:25:00+00:00,4375.5959,4375.78662,4375.53027,4375.63026
2026-08-15 18:30:00+00:00,4375.5959,4375.76483,4375.53847,4375.69428
2026-08-15 18:35:00+00:00,4375.5959,4375.79267,4375.53482,4375.67995
2026-08-15 18:40:00+00:00,4375.5959,4375.78247,4375.56193,4375.56335
2026-08-15 18:45:00+00:00,4375.5959,4375.78964,4375.5308,4375.63605
2026-08-15 18:50:00+00:00,4375.5959,4375.75727,4375.54298,4375.69376
2026-08-15 18:55:00+00:00,4375.5959,4375.79163,4375.53229,4375.6848
2026-08-15 19:00:00+00:00,4375.5959,4375.77749,4375.56412,4375.56412
2026-08-15 19:05:00+00:00,4375.5959,4375.79167,4375.53235,4375.64178
2026-08-15 19:10:00+00:00,4375.5959,4375.74897,4375.54842,4375.69274
2026-08-15 19:15:00+00:00,4375.5959,4375.78957,4375.53077,4375.68939
2026-08-15 19:20:00+00:00,4375.5959,4375.7716,4375.5654,4375.5654
2026-08-15 19:25:00+00:00,4375.5959,4375.79268,4375.53491,4375.6474
2026-08-15 19:30:00+00:00,4375.5959,4375.73998,4375.55474,4375.69121
2026-08-15 19:35:00+00:00,4375.5959,4375.7866,4375.53027,4375.69368
2026-08-15 19:40:00+00:00,4375.5959,4375.76486,4375.56718,4375.56718
2026-08-15 19:45:00+00:00,4375.5959,4375.79267,4375.53483,4375.65289
2026-08-15 19:50:00+00:00,4375.5959,4375.73039,4375.5619,4375.68919
2026-08-15 19:55:00+00:00,4375.5959,4375.78963,4375.53079,4375.69762
2026-08-15 20:00:00+00:00,4375.5959,4375.7573,4375.56943,4375.56943
2026-08-15 20:05:00+00:00,4375.5959,4375.79163,4375.5323,4375.65818
2026-08-15 20:10:00+00:00,4375.5959,4375.72046,4375.56983,4375.6867
2026-08-15 20:15:00+00:00,4375.5959,4375.79167,4375.53234,4375.70119
2026-08-15 20:20:00+00:00,4375.5959,4375.749,4375.57215,4375.57215
2026-08-15 20:25:00+00:00,4375.5959,4375.78958,4375.53077,4375.66324
2026-08-15 20:30:00+00:00,4375.5959,4375.73058,4375.57848,4375.68376
2026-08-15 20:35:00+00:00,4375.5959,4375.79268,4375.53489,4375.59176
2026-08-15 20:40:00+00:00,4375.5959,4375.74002,4375.57531,4375.57531
2026-08-15 20:45:00+00:00,4375.5959,4375.78659,4375.53027,4375.66803
2026-08-15 20:50:00+00:00,4375.5959,4375.74017,4375.58778,4375.68039
2026-08-15 20:55:00+00:00,4375.5959,4375.79267,4375.53484,4375.58712
2026-08-15 21:00:00+00:00,4375.5959,4375.73043,4375.57834,4375.57888
2026-08-15 21:05:00+00:00,4375.5959,4375.78962,4375.53079,4375.67252
2026-08-15 21:10:00+00:00,4375.5959,4375.74914,4375.5959,4375.67662
2026-08-15 21:15:00+00:00,4375.5959,4375.79164,4375.53231,4375.5828
2026-08-15 21:20:00+00:00,4375.5959,4379.85286,4375.5697,4375.58285
2026-08-15 21:25:00+00:00,4375.5959,4379.52183,4375.53233,4375.67666
2026-08-15 21:30:00+00:00,4375.5959,4375.75743,4375.5959,4375.67247
2026-08-15 21:35:00+00:00,4375.5959,4375.78959,4375.53078,4375.57884
2026-08-15 21:40:00+00:00,4375.5959,4375.73054,4375.56178,4375.58717
2026-08-15 21:45:00+00:00,4375.5959,4375.79268,4375.53488,4375.68043
2026-08-15 21:50:00+00:00,4375.5959,4375.76497,4375.58766,4375.66798
2026-08-15 21:55:00+00:00,4375.5959,4375.78854,4375.53218,4375.57726
2026-08-15 22:00:00+00:00,4375.59782,4375.74184,4375.55669,4375.59363
2026-08-15 22:05:00+00:00,4375.59782,4375.7946,4375.53684,4375.68565
2026-08-15 22:10:00+00:00,4375.59782,4375.77348,4375.58048,4375.66521
2026-08-15 22:15:00+00:00,4375.59782,4375.79147,4375.53268,4375.57409
2026-08-15 22:20:00+00:00,4375.59782,4375.75083,4375.55037,4375.65776
2026-08-15 22:25:00+00:00,4375.59782,4375.7936,4375.53427,4375.68859
2026-08-15 22:30:00+00:00,4375.59782,4375.77937,4375.57183,4375.66015
2026-08-15 22:35:00+00:00,4375.59782,4375.79353,4375.53419,4375.57137
2026-08-15 22:40:00+00:00,4375.59782,4375.75914,4375.54493,4375.65213
2026-08-15 22:45:00+00:00,4375.59782,4375.79157,4375.53272,4375.69108
2026-08-15 22:50:00+00:00,4375.59782,4375.78435,4375.56389,4375.65485
2026-08-15 22:55:00+00:00,4375.59782,4375.79458,4375.53672,4375.56911
2026-08-15 23:00:00+00:00,4375.59782,4375.7667,4375.54041,4375.64649
2026-08-15 23:05:00+00:00,4375.59782,4375.78855,4375.53218,4375.6931
2026-08-15 23:10:00+00:00,4375.59782,4375.7884,4375.55672,4375.66024
2026-08-15 23:15:00+00:00,4375.59782,4375.7946,4375.54023,4375.56733
2026-08-15 23:20:00+00:00,4375.59782,4375.77345,4375.53685,4375.6409
2026-08-15 23:25:00+00:00,4375.59782,4375.78455,4375.53267,4375.69464
2026-08-15 23:30:00+00:00,4375.59782,4375.79146,4375.55039,4375.6658
2026-08-15 23:35:00+00:00,4375.59782,4375.7936,4375.54471,4375.56605
2026-08-15 23:40:00+00:00,4375.59782,4375.77935,4375.53428,4375.63539
2026-08-15 23:45:00+00:00,4375.59782,4375.77961,4375.53418,4375.69567
2026-08-15 23:50:00+00:00,4375.59782,4375.79353,4375.54495,4375.67125
2026-08-15 23:55:00+00:00,4375.59782,4375.79158,4375.55011,4375.56527
2026-08-16 00:00:00+00:00,4375.59782,4375.78434,4375.53272,4375.63001
2026-08-16 00:05:00+00:00,4375.59782,4375.77375,4375.5367,4375.6962
2026-08-16 00:10:00+00:00,4375.59782,4375.79458,4375.54042,4375.67654
2026-08-16 00:15:00+00:00,4375.59782,4375.78857,4375.5564,4375.565
2026-08-16 00:20:00+00:00,4375.59782,4375.78838,4375.53218,4375.63193
2026-08-16 00:25:00+00:00,4375.59782,4375.76704,4375.54021,4375.69621
2026-08-16 00:30:00+00:00,4375.59782,4375.7946,4375.53686,4375.68165
2026-08-16 00:35:00+00:00,4375.59782,4375.78457,4375.56352,4375.56524
2026-08-16 00:40:00+00:00,4375.59782,4375.79145,4375.53267,4375.63772
2026-08-16 00:45:00+00:00,4375.59782,4375.75952,4375.54469,4375.69571
2026-08-16 00:50:00+00:00,4375.59782,4375.79361,4375.53429,4375.68652
2026-08-16 00:55:00+00:00,4375.59782,4375.77963,4375.566,4375.566
2026-08-16 01:00:00+00:00,4375.59782,4375.79352,4375.53418,4375.64345
2026-08-16 01:05:00+00:00,4375.59782,4375.75125,4375.55009,4375.6947
2026-08-16 01:10:00+00:00,4375.59782,4375.79159,4375.53273,4375.69112
2026-08-16 01:15:00+00:00,4375.59782,4375.77378,4375.56725,4375.56725
2026-08-16 01:20:00+00:00,4375.59782,4375.79458,4375.53669,4375.64909
2026-08-16 01:25:00+00:00,4375.59782,4375.74229,4375.55637,4375.6932
2026-08-16 01:30:00+00:00,4375.59782,4375.78858,4375.53218,4375.69542
2026-08-16 01:35:00+00:00,4375.59782,4375.76707,4375.56901,4375.56901
2026-08-16 01:40:00+00:00,4375.59782,4375.79461,4375.53688,4375.65457
2026-08-16 01:45:00+00:00,4375.59782,4375.73272,4375.56349,4375.6912
2026-08-16 01:50:00+00:00,4375.59782,4375.79144,4375.53266,4375.69938
2026-08-16 01:55:00+00:00,4375.59782,4375.75955,4375.57124,4375.57124
2026-08-16 02:00:00+00:00,4375.59782,4375.79361,4375.5343,4375.65987
2026-08-16 02:05:00+00:00,4375.59782,4375.7226,4375.57139,4375.68873
2026-08-16 02:10:00+00:00,4375.59782,4375.79351,4375.53417,4375.70296
2026-08-16 02:15:00+00:00,4375.59782,4375.75128,4375.57394,4375.57394
2026-08-16 02:20:00+00:00,4375.59782,4375.7916,4375.53273,4375.66495
2026-08-16 02:25:00+00:00,4375.59782,4375.73208,4375.58001,4375.68581
2026-08-16 02:30:00+00:00,4375.59782,4375.79457,4375.53668,4375.59388
2026-08-16 02:35:00+00:00,4375.59782,4375.74233,4375.57708,4375.57708
2026-08-16 02:40:00+00:00,4375.59782,4375.78859,4375.53218,4375.66975
2026-08-16 02:45:00+00:00,4375.59782,4375.74169,4375.58929,4375.68246
2026-08-16 02:50:00+00:00,4375.59782,4375.79461,4375.53689,4375.58922
2026-08-16 02:55:00+00:00,4375.59782,4375.73276,4375.58063,4375.58064
2026-08-16 03:00:00+00:00,4375.59782,4375.79143,4375.53266,4375.67425
2026-08-16 03:05:00+00:00,4375.59782,4375.75069,4375.59782,4375.6787
2026-08-16 03:10:00+00:00,4375.59782,4375.79362,4375.53431,4375.58489
2026-08-16 03:15:00+00:00,4375.59782,4375.72264,4375.57196,4375.58459
2026-08-16 03:20:00+00:00,4375.59782,4375.79351,4375.53416,4375.67841
2026-08-16 03:25:00+00:00,4375.59782,4375.75901,4375.59782,4375.67457
2026-08-16 03:30:00+00:00,4375.59782,4375.79161,4375.53273,4375.58091
2026-08-16 03:35:00+00:00,4375.59782,4375.73204,4375.56401,4375.5889
2026-08-16 03:40:00+00:00,4375.59782,4375.79457,4375.53667,4375.6822
2026-08-16 03:45:00+00:00,4375.59782,4375.76658,4375.58998,4375.67009
2026-08-16 03:50:00+00:00,4375.59782,4375.78861,4375.53218,4375.57732
2026-08-16 03:55:00+00:00,4375.59782,4375.74165,4375.55683,4375.59353
2026-08-16 04:00:00+00:00,4375.59782,4375.79461,4375.5369,4375.68558
2026-08-16 04:05:00+00:00,4375.59782,4375.77335,4375.58067,4375.66531
2026-08-16 04:10:00+00:00,4375.59782,4375.79142,4375.53266,4375.57415
2026-08-16 04:15:00+00:00,4375.59782,4375.75066,4375.55049,4375.65788
2026-08-16 04:20:00+00:00,4375.59782,4375.79363,4375.53432,4375.68854
2026-08-16 04:25:00+00:00,4375.59782,4375.77926,4375.572,4375.66025
2026-08-16 04:30:00+00:00,4375.59782,4375.7935,4375.53415,4375.57142
2026-08-16 04:35:00+00:00,4375.59782,4375.75898,4375.54503,4375.65224
2026-08-16 04:40:00+00:00,4375.59782,4375.79162,4375.53274,4375.69104
2026-08-16 04:45:00+00:00,4375.59782,4375.78426,4375.56404,4375.65496
2026-08-16 04:50:00+00:00,4375.59782,4375.79457,4375.53665,4375.56915
2026-08-16 04:55:00+00:00,4375.59782,4375.76655,4375.54049,4375.6466
2026-08-16 05:00:00+00:00,4375.59782,4375.78862,4375.53218,4375.69307
2026-08-16 05:05:00+00:00,4375.59782,4375.78832,4375.55686,4375.66013
2026-08-16 05:10:00+00:00,4375.59782,4375.79461,4375.54015,4375.56736
2026-08-16 05:15:00+00:00,4375.59782,4375.77332,4375.53691,4375.64101
2026-08-16 05:20:00+00:00,4375.59782,4375.78464,4375.53265,4375.69461
2026-08-16 05:25:00+00:00,4375.59782,4375.79141,4375.55051,4375.66569
2026-08-16 05:30:00+00:00,4375.59782,4375.79363,4375.54461,4375.56607
2026-08-16 05:35:00+00:00,4375.59782,4375.77923,4375.53432,4375.6355
2026-08-16 05:40:00+00:00,4375.59782,4375.77972,4375.53414,4375.69565
2026-08-16 05:45:00+00:00,4375.59782,4375.7935,4375.54505,4375.67113
2026-08-16 05:50:00+00:00,4375.59782,4375.79163,4375.54999,4375.56528
2026-08-16 05:55:00+00:00,4375.59782,4375.78424,4375.53274,4375.63012
2026-08-16 06:00:00+00:00,4375.59782,4375.77388,4375.53664,4375.69619
2026-08-16 06:05:00+00:00,4375.59782,4375.79457,4375.54051,4375.67643
2026-08-16 06:10:00+00:00,4375.59782,4375.78864,4375.55626,4375.565
2026-08-16 06:15:00+00:00,4375.59782,4375.78831,4375.53218,4375.63181
2026-08-16 06:20:00+00:00,4375.59782,4375.76719,4375.54013,4375.69621
2026-08-16 06:25:00+00:00,4375.59782,4375.79461,4375.53693,4375.68154
2026-08-16 06:30:00+00:00,4375.59782,4375.78466,4375.56337,4375.56523
2026-08-16 06:35:00+00:00,4375.59782,4375.7914,4375.53265,4375.6376
2026-08-16 06:40:00+00:00,4375.59782,4375.75968,4375.54459,4375.69573
2026-08-16 06:45:00+00:00,4375.59782,4375.79364,4375.53433,4375.68642
2026-08-16 06:50:00+00:00,4375.59782,4375.77974,4375.56598,4375.56598
2026-08-16 06:55:00+00:00,4375.59782,4375.79349,4375.53413,4375.64334
2026-08-16 07:00:00+00:00,4375.59782,4375.75142,4375.54997,4375.69473
2026-08-16 07:05:00+00:00,4375.59782,4375.79165,4375.53275,4375.69103
2026-08-16 07:10:00+00:00,4375.59782,4375.77391,4375.56722,4375.56722
2026-08-16 07:15:00+00:00,4375.59782,4375.79456,4375.53663,4375.64897
2026-08-16 07:20:00+00:00,4375.59782,4375.74248,4375.55623,4375.69323
2026-08-16 07:25:00+00:00,4375.59782,4375.78865,4375.53218,4375.69534
2026-08-16 07:30:00+00:00,4375.59782,4375.76722,4375.56897,4375.56897
2026-08-16 07:35:00+00:00,4375.59782,4375.79462,4375.53694,4375.65446
2026-08-16 07:40:00+00:00,4375.59782,4375.73292,4375.56334,4375.69125
2026-08-16 07:45:00+00:00,4375.59782,4375.79139,4375.53264,4375.6993
2026-08-16 07:50:00+00:00,4375.59782,4375.75971,4375.57119,4375.57119
2026-08-16 07:55:00+00:00,4375.59782,4375.79364,4375.53434,4375.65977
2026-08-16 08:00:00+00:00,4375.59782,4375.72281,4375.57123,4375.68879
2026-08-16 08:05:00+00:00,4375.59782,4375.79348,4375.53413,4375.7029
2026-08-16 08:10:00+00:00,4375.59782,4375.75146,4375.57388,4375.57388
2026-08-16 08:15:00+00:00,4375.59782,4375.79166,4375.53275,4375.66485
2026-08-16 08:20:00+00:00,4375.59782,4375.73188,4375.57983,4375.68587
2026-08-16 08:25:00+00:00,4375.59782,4375.79456,4375.53662,4375.59398
2026-08-16 08:30:00+00:00,4375.59782,4375.74252,4375.57701,4375.57701
2026-08-16 08:35:00+00:00,4375.59782,4375.78867,4375.53218,4375.66966
2026-08-16 08:40:00+00:00,4375.59782,4375.7415,4375.58909,4375.68253
2026-08-16 08:45:00+00:00,4375.59782,4375.79462,4375.53695,4375.58931
2026-08-16 08:50:00+00:00,4375.59782,4375.73296,4375.58056,4375.58056
2026-08-16 08:55:00+00:00,4375.59782,4375.79138,4375.53264,4375.67416
2026-08-16 09:00:00+00:00,4375.59782,4375.75051,4375.59782,4375.67878
2026-08-16 09:05:00+00:00,4375.59782,4375.79365,4375.53435,4375.58497
2026-08-16 09:10:00+00:00,4375.59782,4375.72286,4375.57213,4375.5845
2026-08-16 09:15:00+00:00,4375.59782,4375.79348,4375.53412,4375.67833
2026-08-16 09:20:00+00:00,4375.59782,4375.75885,4375.59782,4375.67465
2026-08-16 09:25:00+00:00,4375.59782,4375.79167,4375.53276,4375.58099
2026-08-16 09:30:00+00:00,4375.59782,4375.73184,4375.56416,4375.58881
2026-08-16 09:35:00+00:00,4375.59782,4375.79456,4375.53661,4375.68212
2026-08-16 09:40:00+00:00,4375.59782,4375.76643,4375.59018,4375.67019
2026-08-16 09:45:00+00:00,4375.59782,4375.78868,4375.53218,4375.57739
2026-08-16 09:50:00+00:00,4375.59782,4375.74146,4375.55697,4375.59343
2026-08-16 09:55:00+00:00,4375.59782,4375.79462,4375.53696,4375.68552
2026-08-16 10:00:00+00:00,4375.59782,4375.77322,4375.58085,4375.66541
2026-08-16 10:05:00+00:00,4375.59782,4375.79137,4375.53264,4375.57421
2026-08-16 10:10:00+00:00,4375.59782,4375.75048,4375.55061,4375.65799
2026-08-16 10:15:00+00:00,4375.59782,4375.79366,4375.53436,4375.68848
2026-08-16 10:20:00+00:00,4375.59782,4375.77914,4375.57217,4375.66036
2026-08-16 10:25:00+00:00,4375.59782,4375.79347,4375.53411,4375.57147
2026-08-16 10:30:00+00:00,4375.59782,4375.75881,4375.54513,4375.65235
2026-08-16 10:35:00+00:00,4375.59782,4375.79168,4375.53276,4375.69099
2026-08-16 10:40:00+00:00,4375.59782,4375.78417,4375.5642,4375.65508
2026-08-16 10:45:00+00:00,4375.59782,4375.79456,4375.53659,4375.56919
2026-08-16 10:50:00+00:00,4375.59782,4375.7664,4375.54057,4375.64672
2026-08-16 10:55:00+00:00,4375.59782,4375.78869,4375.53218,4375.69303
2026-08-16 11:00:00+00:00,4375.59782,4375.78825,4375.557,4375.66001
2026-08-16 11:05:00+00:00,4375.59782,4375.79462,4375.54007,4375.5674
2026-08-16 11:10:00+00:00,4375.59782,4375.77319,4375.53698,4375.64112
2026-08-16 11:15:00+00:00,4375.59782,4375.78473,4375.53263,4375.69458
2026-08-16 11:20:00+00:00,4375.59782,4375.79136,4375.55063,4375.66557
2026-08-16 11:25:00+00:00,4375.59782,4375.79366,4375.54451,4375.56609
2026-08-16 11:30:00+00:00,4375.59782,4375.77912,4375.53437,4375.63562
2026-08-16 11:35:00+00:00,4375.59782,4375.77983,4375.5341,4375.69564
2026-08-16 11:40:00+00:00,4375.59782,4375.79346,4375.54515,4375.67103
2026-08-16 11:45:00+00:00,4375.59782,4375.79169,4375.54987,4375.56529
2026-08-16 11:50:00+00:00,4375.59782,4375.78415,4375.53277,4375.63023
2026-08-16 11:55:00+00:00,4375.59782,4375.77401,4375.53658,4375.69618
2026-08-16 12:00:00+00:00,4375.59782,4375.79456,4375.54059,4375.67633
2026-08-16 12:05:00+00:00,4375.59782,4375.78871,4375.55612,4375.565
2026-08-16 12:10:00+00:00,4375.59782,4375.78823,4375.53218,4375.63169
2026-08-16 12:15:00+00:00,4375.59782,4375.76733,4375.54005,4375.69622
2026-08-16 12:20:00+00:00,4375.59782,4375.79462,4375.53699,4375.68144
2026-08-16 12:25:00+00:00,4375.59782,4375.78475,4375.56322,4375.56522
2026-08-16 12:30:00+00:00,4375.59782,4375.79134,4375.53263,4375.63748
2026-08-16 12:35:00+00:00,4375.59782,4375.75984,4375.54449,4375.69574
2026-08-16 12:40:00+00:00,4375.59782,4375.79367,4375.53438,4375.68632
2026-08-16 12:45:00+00:00,4375.59782,4375.77985,4375.56595,4375.56595
2026-08-16 12:50:00+00:00,4375.59782,4375.79346,4375.53409,4375.64322
2026-08-16 12:55:00+00:00,4375.59782,4375.7516,4375.54985,4375.69475
2026-08-16 13:00:00+00:00,4375.59782,4375.7917,4375.53277,4375.69094
2026-08-16 13:05:00+00:00,4375.59782,4375.77404,4375.56719,4375.56719
2026-08-16 13:10:00+00:00,4375.59782,4375.79455,4375.53657,4375.64886
2026-08-16 13:15:00+00:00,4375.59782,4375.74267,4375.5561,4375.69327
2026-08-16 13:20:00+00:00,4375.59782,4375.78872,4375.53218,4375.69525
2026-08-16 13:25:00+00:00,4375.59782,4375.76736,4375.56893,4375.56893
2026-08-16 13:30:00+00:00,4375.59782,4375.79463,4375.537,4375.65435
2026-08-16 13:35:00+00:00,4375.59782,4375.73312,4375.56319,4375.69129
2026-08-16 13:40:00+00:00,4375.59782,4375.79133,4375.53262,4375.69922
2026-08-16 13:45:00+00:00,4375.59782,4375.75987,4375.57114,4375.57114
2026-08-16 13:50:00+00:00,4375.59782,4375.79367,4375.53438,4375.65966
2026-08-16 13:55:00+00:00,4375.59782,4375.72303,4375.57106,4375.68884
2026-08-16 14:00:00+00:00,4375.59782,4375.79345,4375.53409,4375.70283
2026-08-16 14:05:00+00:00,4375.59782,4375.75164,4375.57382,4375.57382
2026-08-16 14:10:00+00:00,4375.59782,4375.79171,4375.53277,4375.66475
2026-08-16 14:15:00+00:00,4375.59782,4375.73168,4375.57965,4375.68594
2026-08-16 14:20:00+00:00,4375.59782,4375.79455,4375.53656,4375.59408
2026-08-16 14:25:00+00:00,4375.59782,4375.74271,4375.57694,4375.57694
2026-08-16 14:30:00+00:00,4375.59782,4375.78874,4375.53219,4375.66956
2026-08-16 14:35:00+00:00,4375.59782,4375.74131,4375.5889,4375.6826
2026-08-16 14:40:00+00:00,4375.59782,4375.79463,4375.53701,4375.58941
2026-08-16 14:45:00+00:00,4375.59782,4375.73316,4375.58049,4375.58049
2026-08-16 14:50:00+00:00,4375.59782,4375.79132,4375.53262,4375.67408
2026-08-16 14:55:00+00:00,4375.59782,4375.75034,4375.59782,4375.67886
2026-08-16 15:00:00+00:00,4375.59782,4375.79368,4375.53439,4375.58506
2026-08-16 15:05:00+00:00,4375.59782,4375.72307,4375.5723,4375.58442
2026-08-16 15:10:00+00:00,4375.59782,4375.79344,4375.53408,4375.67825
2026-08-16 15:15:00+00:00,4375.59782,4375.75868,4375.59782,4375.67474
2026-08-16 15:20:00+00:00,4375.59782,4375.79172,4375.53278,4375.58107
2026-08-16 15:25:00+00:00,4375.59782,4375.73164,4375.56432,4375.58871
2026-08-16 15:30:00+00:00,4375.59782,4375.79455,4375.53655,4375.68205
2026-08-16 15:35:00+00:00,4375.59782,4375.76629,4375.59038,4375.67028
2026-08-16 15:40:00+00:00,4375.59782,4375.78875,4375.53219,4375.57746
2026-08-16 15:45:00+00:00,4375.59782,4375.74127,4375.55711,4375.59334
2026-08-16 15:50:00+00:00,4375.59782,4375.79463,4375.53703,4375.68545
2026-08-16 15:55:00+00:00,4375.59782,4375.77309,4375.58104,4375.66551
2026-08-16 16:00:00+00:00,4375.59782,4375.79131,4375.53262,4375.57427
2026-08-16 16:05:00+00:00,4375.59782,4375.7503,4375.55073,4375.6581
2026-08-16 16:10:00+00:00,4375.59782,4375.79369,4375.5344,4375.68842
2026-08-16 16:15:00+00:00,4375.59782,4375.77903,4375.57234,4375.66046
2026-08-16 16:20:00+00:00,4375.59782,4375.79344,4375.53407,4375.57152
2026-08-16 16:25:00+00:00,4375.59782,4375.75865,4375.54523,4375.65248
2026-08-16 16:30:00+00:00,4375.59782,4375.79173,4375.53278,4375.69094
2026-08-16 16:35:00+00:00,4375.59782,4375.78407,4375.56435,4375.65519
2026-08-16 16:40:00+00:00,4375.59782,4375.79455,4375.53653,4375.56924
2026-08-16 16:45:00+00:00,4375.59782,4375.76626,4375.54066,4375.64683
2026-08-16 16:50:00+00:00,4375.59782,4375.78876,4375.53219,4375.69299
2026-08-16 16:55:00+00:00,4375.59782,4375.78818,4375.55714,4375.6599
2026-08-16 17:00:00+00:00,4375.59782,4375.79463,4375.53999,4375.56743
2026-08-16 17:05:00+00:00,4375.59782,4375.77306,4375.53704,4375.64124
2026-08-16 17:10:00+00:00,4375.59782,4375.78482,4375.53261,4375.69456
2026-08-16 17:15:00+00:00,4375.59782,4375.7913,4375.55076,4375.66546
2026-08-16 17:20:00+00:00,4375.59782,4375.79369,4375.54441,4375.56611
2026-08-16 17:25:00+00:00,4375.59782,4375.77901,4375.53441,4375.63572
2026-08-16 17:30:00+00:00,4375.59782,4375.77994,4375.53406,4375.69562
2026-08-16 17:35:00+00:00,4375.59782,4375.79343,4375.54525,4375.67092
2026-08-16 17:40:00+00:00,4375.59782,4375.79174,4375.54975,4375.5653
2026-08-16 17:45:00+00:00,4375.59782,4375.78406,4375.53279,4375.63034
2026-08-16 17:50:00+00:00,4375.59782,4375.77414,4375.53652,4375.69618
2026-08-16 17:55:00+00:00,4375.59782,4375.79454,4375.54067,4375.67622
2026-08-16 18:00:00+00:00,4375.59782,4375.80468,4375.57116,4375.58033
2026-08-16 18:05:00+00:00,4375.61313,4375.80833,4375.55328,4375.64921
2026-08-16 18:10:00+00:00,4375.61697,4375.79639,4375.56563,4375.72307
2026-08-16 18:15:00+00:00,4375.62462,4375.81578,4375.55314,4375.69475
2026-08-16 18:20:00+00:00,4375.60934,4375.79708,4375.57741,4375.58047
2026-08-16 18:25:00+00:00,4375.61237,4375.79866,4375.54207,4375.64248
2026-08-16 18:30:00+00:00,4375.60349,4375.77617,4375.55504,4375.71116
2026-08-16 18:35:00+00:00,4375.61389,4375.80345,4375.54231,4375.69915
2026-08-16 18:40:00+00:00,4375.60754,4375.79236,4375.58113,4375.58113
2026-08-16 18:45:00+00:00,4375.61238,4375.80461,4375.54913,4375.65014
2026-08-16 18:50:00+00:00,4375.60541,4375.76191,4375.55485,4375.70443
2026-08-16 18:55:00+00:00,4375.60814,4375.80148,4375.53866,4375.69887
2026-08-16 19:00:00+00:00,4375.60373,4375.7784,4375.57284,4375.57284
2026-08-16 19:05:00+00:00,4375.60319,4375.80023,4375.54404,4375.64886
2026-08-16 19:10:00+00:00,4375.59792,4375.74497,4375.56539,4375.6954
2026-08-16 19:15:00+00:00,4375.59826,4375.79873,4375.53795,4375.67106
2026-08-16 19:20:00+00:00,4375.60044,4375.77179,4375.55939,4375.57454
2026-08-16 19:25:00+00:00,4375.6032,4375.80041,4375.54302,4375.65772
2026-08-16 19:30:00+00:00,4375.60151,4375.7397,4375.56638,4375.69718
2026-08-16 19:35:00+00:00,4375.60391,4375.79691,4375.53638,4375.70281
2026-08-16 19:40:00+00:00,4375.60165,4375.76212,4375.57295,4375.57295
2026-08-16 19:45:00+00:00,4375.59973,4375.79565,4375.5383,4375.66316
2026-08-16 19:50:00+00:00,4375.60165,4375.73348,4375.57766,4375.6987
2026-08-16 19:55:00+00:00,4375.60773,4375.80472,4375.54341,4375.60431
2026-08-16 20:00:00+00:00,4375.60739,4375.76039,4375.58308,4375.58308
2026-08-16 20:05:00+00:00,4375.60706,4375.79967,4375.54247,4375.67155
2026-08-16 20:10:00+00:00,4375.60489,4375.73954,4375.58597,4375.69776
2026-08-16 20:15:00+00:00,4375.60995,4375.80023,4375.54378,4375.59992
2026-08-16 20:20:00+00:00,4375.60292,4375.74712,4375.58056,4375.58056
2026-08-16 20:25:00+00:00,4375.60165,4375.79087,4375.53219,4375.67148
2026-08-16 20:30:00+00:00,4375.60018,4375.74132,4375.59041,4375.68467
2026-08-16 20:35:00+00:00,4375.59973,4375.78312,4375.53463,4375.71458
2026-08-16 20:40:00+00:00,4375.59732,4375.74421,4375.58791,4375.59149
2026-08-16 20:45:00+00:00,4375.60901,4375.80043,4375.54591,4375.68299
2026-08-16 20:50:00+00:00,4375.60714,4375.75668,4375.60165,4375.68885
2026-08-16 20:55:00+00:00,4375.60767,4375.84991,4375.52542,4375.54686
2026-08-16 21:00:00+00:00,4375.60522,4375.79311,4375.58242,4375.58242
2026-08-16 21:05:00+00:00,4375.59617,4375.79139,4375.43608,4375.69471
2026-08-16 21:10:00+00:00,4375.61295,4375.79602,4375.41019,4375.70611
2026-08-16 21:15:00+00:00,4375.6308,4375.79379,4375.53474,4375.58331
2026-08-16 21:20:00+00:00,4375.60031,4375.74057,4375.5688,4375.59791
2026-08-16 21:25:00+00:00,4375.6069,4375.79832,4375.54198,4375.68573
2026-08-16 21:30:00+00:00,4375.60194,4375.7679,4375.38235,4375.50778
2026-08-16 21:35:00+00:00,4375.40321,4375.78606,4375.40321,4375.55747
2026-08-16 21:40:00+00:00,4375.55119,4375.70427,4375.21876,4375.44625
2026-08-16 21:45:00+00:00,4375.51979,4375.79656,4375.51979,4375.68716
2026-08-16 21:50:00+00:00,4375.59941,4376.4007,4375.59384,4376.38304
2026-08-16 21:55:00+00:00,4376.21607,4376.73509,4376.21607,4376.62523
2026-08-16 22:00:00+00:00,4376.54,4381.54493,4372.1581,4373.61145
2026-08-16 22:05:00+00:00,4373.7083,4376.4356,4372.34926,4375.89427
2026-08-16 22:10:00+00:00,4374.78103,4377.90036,4374.26184,4374.69073
2026-08-16 22:15:00+00:00,4375.43576,4376.1999,4373.65072,4373.86078
2026-08-16 22:20:00+00:00,4374.22037,4374.45319,4373.16871,4374.37455
2026-08-16 22:25:00+00:00,4374.13305,4375.10162,4373.11409,4375.04264
2026-08-16 22:30:00+00:00,4374.8943,4377.2911,4373.15684,4377.16097
2026-08-16 22:35:00+00:00,4376.74335,4377.9378,4376.74335,4377.76818
2026-08-16 22:40:00+00:00,4377.26526,4378.80651,4376.94227,4377.07521
2026-08-16 22:45:00+00:00,4377.34519,4380.78334,4377.32545,4380.50419
2026-08-16 22:50:00+00:00,4379.81714,4383.8499,4379.81714,4383.71172
2026-08-16 22:55:00+00:00,4383.31654,4385.78783,4383.31654,4385.57681
2026-08-16 23:00:00+00:00,4385.05692,4386.15729,4381.35296,4384.74369
2026-08-16 23:05:00+00:00,4384.31997,4384.31997,4381.54493,4382.21784
2026-08-16 23:10:00+00:00,4381.90173,4383.50829,4381.22476,4381.49024
2026-08-16 23:15:00+00:00,4381.90178,4381.90178,4379.05062,4379.26562
2026-08-16 23:20:00+00:00,4379.60067,4381.47701,4375.41019,4375.74574
2026-08-16 23:25:00+00:00,4376.37582,4377.529,4373.73555,4374.41107
2026-08-16 23:30:00+00:00,4375.63496,4375.63496,4370.93077,4371.2518
2026-08-16 23:35:00+00:00,4371.90447,4372.87887,4367.39807,4370.32711
2026-08-16 23:40:00+00:00,4369.09137,4371.5847,4367.95667,4369.0627
2026-08-16 23:45:00+00:00,4368.93802,4373.49661,4368.57609,4373.31068
2026-08-16 23:50:00+00:00,4372.93644,4373.04084,4371.3936,4371.4658
2026-08-16 23:55:00+00:00,4371.49799,4372.1581,4370.31773,4370.92175
2026-08-17 00:00:00+00:00,4371.23624,4374.11709,4368.33828,4373.87604
2026-08-17 00:05:00+00:00,4373.17271,4376.33479,4372.73165,4375.943
2026-08-17 00:10:00+00:00,4375.12683,4379.05062,4373.11409,4378.92652
2026-08-17 00:15:00+00:00,4378.68237,4387.50439,4377.58467,4387.0971
2026-08-17 00:20:00+00:00,4386.51223,4389.34063,4382.59918,4384.01597
2026-08-17 00:25:00+00:00,4384.4223,4390.30339,4384.4223,4389.95349
2026-08-17 00:30:00+00:00,4389.3969,4394.05923,4388.86805,4392.97757
2026-08-17 00:35:00+00:00,4393.09845,4394.21589,4388.6597,4389.28984
2026-08-17 00:40:00+00:00,4389.38903,4394.67326,4388.51985,4393.42586
2026-08-17 00:45:00+00:00,4390.98739,4396.18411,4390.98739,4395.83039
2026-08-17 00:50:00+00:00,4395.73063,4398.31105,4395.09142,4398.19644
2026-08-17 00:55:00+00:00,4397.9486,4400.63369,4396.47783,4400.35207
2026-08-17 01:00:00+00:00,4399.97672,4407.58893,4399.97672,4403.63603
2026-08-17 01:05:00+00:00,4404.33899,4412.08912,4404.33899,4409.62018
2026-08-17 01:10:00+00:00,4410.45112,4410.96553,4404.31264,4409.57013
2026-08-17 01:15:00+00:00,4407.22365,4412.6732,4407.22365,4409.78954
2026-08-17 01:20:00+00:00,4409.43895,4414.42635,4408.39358,4413.98077
2026-08-17 01:25:00+00:00,4413.32546,4415.05846,4408.10931,4408.45954
2026-08-17 01:30:00+00:00,4409.17338,4409.17338,4402.91719,4405.89009
2026-08-17 01:35:00+00:00,4406.40346,4406.40346,4399.47206,4399.66016
2026-08-17 01:40:00+00:00,4400.12252,4401.79593,4398.17918,4401.56056
2026-08-17 01:45:00+00:00,4401.0814,4404.12226,4395.98507,4396.39482
2026-08-17 01:50:00+00:00,4397.22308,4398.31105,4392.40406,4398.0431
2026-08-17 01:55:00+00:00,4397.52322,4398.07432,4394.05923,4395.53409
2026-08-17 02:00:00+00:00,4395.15192,4399.12612,4395.02483,4395.29026
2026-08-17 02:05:00+00:00,4395.8138,4397.99533,4393.09406,4393.48465
2026-08-17 02:10:00+00:00,4393.30197,4396.57067,4392.86343,4393.56638
2026-08-17 02:15:00+00:00,4393.91887,4396.17596,4392.46512,4392.77488
2026-08-17 02:20:00+00:00,4393.47897,4395.41809,4390.39382,4394.20523
2026-08-17 02:25:00+00:00,4393.25812,4396.98911,4393.25812,4396.96274
2026-08-17 02:30:00+00:00,4396.97294,4397.344,4393.95117,4394.51157
2026-08-17 02:35:00+00:00,4395.26656,4395.26656,4391.56809,4393.47798
2026-08-17 02:40:00+00:00,4394.40543,4394.83168,4390.39382,4394.41244
2026-08-17 02:45:00+00:00,4394.24992,4394.63854,4390.77936,4391.87483
2026-08-17 02:50:00+00:00,4392.08563,4393.0405,4390.39382,4391.77937
2026-08-17 02:55:00+00:00,4391.53413,4393.67311,4388.39822,4392.87773
2026-08-17 03:00:00+00:00,4392.69992,4394.73942,4390.68515,4393.15903
2026-08-17 03:05:00+00:00,4393.70166,4393.70166,4391.20958,4393.07288
2026-08-17 03:10:00+00:00,4392.85,4392.85,4388.85232,4389.57978
2026-08-17 03:15:00+00:00,4389.43526,4390.77936,4388.23785,4390.59713
2026-08-17 03:20:00+00:00,4390.49637,4391.1832,4390.49637,4391.11636
2026-08-17 03:25:00+00:00,4391.02261,4391.73286,4388.54339,4390.92747
2026-08-17 03:30:00+00:00,4390.20138,4395.02483,4390.20138,4394.5874
2026-08-17 03:35:00+00:00,4394.47361,4395.02483,4392.51515,4394.86805
2026-08-17 03:40:00+00:00,4394.53699,4396.95731,4393.67311,4396.84025
2026-08-17 03:45:00+00:00,4396.55616,4396.55616,4393.22915,4393.39251
2026-08-17 03:50:00+00:00,4393.57454,4395.38348,4393.57454,4395.206
2026-08-17 03:55:00+00:00,4394.87901,4397.56444,4394.05749,4397.07812
2026-08-17 04:00:00+00:00,4396.04747,4398.61329,4396.04747,4397.4211
2026-08-17 04:05:00+00:00,4397.60328,4398.69799,4397.344,4397.80085
2026-08-17 04:10:00+00:00,4397.94913,4399.08499,4397.46711,4398.96665
2026-08-17 04:15:00+00:00,4398.93724,4398.93724,4396.95731,4397.09288
2026-08-17 04:20:00+00:00,4397.31137,4397.31137,4393.09406,4395.36679
2026-08-17 04:25:00+00:00,4394.95652,4394.95652,4391.35781,4391.59954
2026-08-17 04:30:00+00:00,4391.98691,4391.98691,4389.04494,4391.0983
2026-08-17 04:35:00+00:00,4390.27949,4393.28706,4389.65238,4393.12516
2026-08-17 04:40:00+00:00,4392.81004,4396.18411,4391.45783,4395.86062
2026-08-17 04:45:00+00:00,4395.27777,4397.73077,4395.27777,4397.46695
2026-08-17 04:50:00+00:00,4397.34565,4397.34565,4394.89346,4395.67586
2026-08-17 04:55:00+00:00,4396.04224,4396.04224,4390.84686,4391.44766
2026-08-17 05:00:00+00:00,4392.49175,4392.6914,4390.20107,4392.52528
2026-08-17 05:05:00+00:00,4392.19856,4392.71231,4390.77936,4392.20901
2026-08-17 05:10:00+00:00,4391.72567,4393.57387,4388.63026,4389.16417
2026-08-17 05:15:00+00:00,4389.9222,4392.86979,4386.03674,4392.16462
2026-08-17 05:20:00+00:00,4390.36355,4396.76398,4390.36355,4396.17668
2026-08-17 05:25:00+00:00,4396.12967,4397.8766,4395.02483,4397.64506
2026-08-17 05:30:00+00:00,4397.26286,4400.63369,4397.05869,4397.74818
2026-08-17 05:35:00+00:00,4399.27742,4399.27742,4392.40869,4396.24557
2026-08-17 05:40:00+00:00,4395.69532,4396.74117,4394.44542,4395.18106
2026-08-17 05:45:00+00:00,4395.43246,4396.95731,4393.67311,4396.64435
2026-08-17 05:50:00+00:00,4395.88045,4397.344,4394.21404,4395.66607
2026-08-17 05:55:00+00:00,4395.19028,4395.29567,4393.18087,4393.72335
2026-08-17 06:00:00+00:00,4393.83043,4397.53738,4393.83043,4397.19794
2026-08-17 06:05:00+00:00,4397.16685,4398.05943,4395.218,4397.86422
2026-08-17 06:10:00+00:00,4397.62795,4397.62795,4392.00426,4392.74433
2026-08-17 06:15:00+00:00,4393.76082,4397.73077,4393.36355,4393.77386
2026-08-17 06:20:00+00:00,4394.64456,4397.344,4391.68075,4397.07362
2026-08-17 06:25:00+00:00,4396.63562,4398.25032,4394.82569,4396.52518
2026-08-17 06:30:00+00:00,4396.96696,4399.08499,4395.41119,4395.489
2026-08-17 06:35:00+00:00,4395.63685,4396.10139,4394.25232,4394.36764
2026-08-17 06:40:00+00:00,4394.57595,4395.02483,4394.05923,4395.00392
2026-08-17 06:45:00+00:00,4394.85941,4400.52396,4392.14978,4400.05301
2026-08-17 06:50:00+00:00,4399.31826,4403.77593,4399.31826,4403.66369
2026-08-17 06:55:00+00:00,4403.43523,4403.43523,4401.21474,4403.08134
2026-08-17 07:00:00+00:00,4402.96267,4403.3124,4402.35536,4403.06483
2026-08-17 07:05:00+00:00,4403.03128,4403.03128,4399.47206,4400.83718
2026-08-17 07:10:00+00:00,4400.25375,4401.40845,4396.8068,4397.20704
2026-08-17 07:15:00+00:00,4397.98413,4398.69799,4396.37739,4398.63115
2026-08-17 07:20:00+00:00,4398.45965,4398.45965,4396.76398,4397.31196
2026-08-17 07:25:00+00:00,4397.23853,4403.71565,4396.31251,4402.44931
2026-08-17 07:30:00+00:00,4399.49482,4407.61636,4399.49482,4406.67167
2026-08-17 07:35:00+00:00,4406.70561,4410.92144,4406.35106,4408.10564
2026-08-17 07:40:00+00:00,4409.11884,4410.92144,4406.64522,4410.80505
2026-08-17 07:45:00+00:00,4410.49038,4410.49038,4408.39358,4408.43535
2026-08-17 07:50:00+00:00,4408.36972,4408.78229,4404.12226,4404.41478
2026-08-17 07:55:00+00:00,4404.62849,4405.46586,4403.74089,4405.39451
2026-08-17 08:00:00+00:00,4405.12253,4405.67451,4400.34661,4400.58538
2026-08-17 08:05:00+00:00,4401.02526,4401.31395,4398.11761,4399.16525
2026-08-17 08:10:00+00:00,4398.9821,4402.5711,4398.9821,4402.41466
2026-08-17 08:15:00+00:00,4402.15006,4403.54045,4401.02104,4401.13081
2026-08-17 08:20:00+00:00,4401.30443,4402.95879,4401.07183,4402.90191
2026-08-17 08:25:00+00:00,4402.76067,4403.74346,4401.47214,4403.38659
2026-08-17 08:30:00+00:00,4402.70935,4402.70935,4399.47206,4399.6236
2026-08-17 08:35:00+00:00,4399.88659,4402.18348,4399.24924,4402.02933
2026-08-17 08:40:00+00:00,4401.71875,4401.71875,4397.02235,4397.28937
2026-08-17 08:45:00+00:00,4397.73958,4397.73958,4395.41119,4396.37242
2026-08-17 08:50:00+00:00,4396.17908,4396.17908,4393.28706,4393.34336
2026-08-17 08:55:00+00:00,4393.40017,4395.6044,4393.222,4395.4847
2026-08-17 09:00:00+00:00,4395.29904,4395.29904,4394.05923,4395.0575
2026-08-17 09:05:00+00:00,4394.81209,4398.66103,4394.26255,4398.23222
2026-08-17 09:10:00+00:00,4397.49422,4400.09419,4397.49422,4399.52241
2026-08-17 09:15:00+00:00,4399.66512,4399.73504,4397.92418,4398.30008
2026-08-17 09:20:00+00:00,4398.22952,4398.76089,4396.95731,4397.09177
2026-08-17 09:25:00+00:00,4397.30846,4397.80834,4396.37739,4396.5359
2026-08-17 09:30:00+00:00,4396.6208,4398.13004,4395.02483,4396.40539
2026-08-17 09:35:00+00:00,4396.13269,4396.95731,4395.25251,4395.49604
2026-08-17 09:40:00+00:00,4395.9364,4396.37739,4394.25232,4395.24235
2026-08-17 09:45:00+00:00,4395.53855,4395.55456,4393.67311,4394.49295
2026-08-17 09:50:00+00:00,4394.31728,4395.79762,4393.76128,4393.88457
2026-08-17 09:55:00+00:00,4394.08142,4395.11006,4393.48008,4394.30339
2026-08-17 10:00:00+00:00,4394.28703,4396.23565,4393.47042,4393.56328
2026-08-17 10:05:00+00:00,4393.68893,4395.99086,4393.68893,4395.92118
2026-08-17 10:10:00+00:00,4395.75965,4396.37739,4394.25232,4396.20429
2026-08-17 10:15:00+00:00,4395.90049,4398.31105,4395.43342,4396.53343
2026-08-17 10:20:00+00:00,4397.56013,4397.56013,4394.83168,4395.53983
2026-08-17 10:25:00+00:00,4395.61919,4397.25479,4391.74352,4395.17426
2026-08-17 10:30:00+00:00,4392.91515,4406.83165,4392.77982,4398.35304
2026-08-17 10:35:00+00:00,4398.93447,4398.93447,4396.18411,4396.22027
2026-08-17 10:40:00+00:00,4396.33072,4398.69799,4395.27644,4398.39773
2026-08-17 10:45:00+00:00,4398.27953,4399.33996,4397.20903,4397.67196
2026-08-17 10:50:00+00:00,4398.67205,4398.89148,4396.76398,4397.55032
2026-08-17 10:55:00+00:00,4397.91502,4399.47206,4396.83467,4398.75863
2026-08-17 11:00:00+00:00,4398.83945,4402.18348,4398.45065,4401.96055
2026-08-17 11:05:00+00:00,4401.49572,4403.16247,4400.32646,4402.82365
2026-08-17 11:10:00+00:00,4401.95434,4403.54045,4400.79492,4401.03327
2026-08-17 11:15:00+00:00,4401.43423,4401.43423,4397.73077,4397.82829
2026-08-17 11:20:00+00:00,4398.02658,4403.6432,4397.92418,4403.58008
2026-08-17 11:25:00+00:00,4403.43601,4404.66455,4402.40704,4404.01419
2026-08-17 11:30:00+00:00,4403.90265,4404.35779,4402.76494,4404.17425
2026-08-17 11:35:00+00:00,4403.84539,4404.26953,4402.81549,4403.00841
2026-08-17 11:40:00+00:00,4403.53261,4405.75411,4400.2251,4400.57655
2026-08-17 11:45:00+00:00,4401.12731,4401.12731,4398.52312,4399.06287
2026-08-17 11:50:00+00:00,4400.20609,4400.20609,4395.6044,4396.0252
2026-08-17 11:55:00+00:00,4396.39807,4397.15065,4396.39807,4397.11419
2026-08-17 12:00:00+00:00,4397.04878,4397.07173,4394.25232,4395.27502
2026-08-17 12:05:00+00:00,4395.38934,4395.38934,4392.7081,4392.89193
2026-08-17 12:10:00+00:00,4393.20114,4394.18698,4392.51515,4394.01399
2026-08-17 12:15:00+00:00,4393.60456,4395.02483,4393.60456,4394.56702
2026-08-17 12:20:00+00:00,4394.39684,4397.73077,4391.64494,4394.8518
2026-08-17 12:25:00+00:00,4394.23951,4394.23951,4384.42652,4389.28067
2026-08-17 12:30:00+00:00,4388.52074,4388.52074,4385.77255,4386.2777
2026-08-17 12:35:00+00:00,4386.39981,4389.04494,4382.43348,4383.95542
2026-08-17 12:40:00+00:00,4383.86682,4383.86682,4379.8178,4379.93447
2026-08-17 12:45:00+00:00,4380.18546,4381.74259,4377.70871,4380.3623
2026-08-17 12:50:00+00:00,4379.81139,4385.00329,4377.9636,4384.68662
2026-08-17 12:55:00+00:00,4384.08349,4386.15729,4383.65815,4386.04328
2026-08-17 13:00:00+00:00,4385.67094,4387.41902,4382.50504,4382.6929
2026-08-17 13:05:00+00:00,4382.76382,4385.38789,4382.76382,4385.30098
2026-08-17 13:10:00+00:00,4385.05702,4388.97733,4383.13027,4387.64188
2026-08-17 13:15:00+00:00,4388.65541,4388.65541,4383.27343,4385.65524
2026-08-17 13:20:00+00:00,4384.61416,4388.46711,4384.61416,4386.52306
2026-08-17 13:25:00+00:00,4386.77777,4388.08197,4385.77255,4386.62875
2026-08-17 13:30:00+00:00,4386.73842,4389.04494,4386.52603,4388.86469
2026-08-17 13:35:00+00:00,4388.5621,4390.58658,4387.11942,4390.43328
2026-08-17 13:40:00+00:00,4390.13766,4390.71063,4386.54209,4386.82244
2026-08-17 13:45:00+00:00,4386.93221,4393.60643,4385.38379,4392.38362
2026-08-17 13:50:00+00:00,4390.14394,4406.64522,4390.14394,4406.21074
2026-08-17 13:55:00+00:00,4405.33285,4414.62123,4403.57139,4408.32887
2026-08-17 14:00:00+00:00,4409.25569,4409.25569,4405.57234,4407.42005
2026-08-17 14:05:00+00:00,4406.62234,4408.19925,4405.87959,4405.97827
2026-08-17 14:10:00+00:00,4406.12605,4411.11601,4404.18399,4410.47677
2026-08-17 14:15:00+00:00,4409.27806,4419.27388,4409.27806,4418.43667
2026-08-17 14:20:00+00:00,4416.62787,4426.21272,4416.62787,4425.31307
2026-08-17 14:25:00+00:00,4423.82061,4427.32545,4417.35954,4417.80215
2026-08-17 14:30:00+00:00,4418.75478,4425.56205,4414.73496,4424.99428
2026-08-17 14:35:00+00:00,4423.90005,4423.90005,4417.35136,4417.71304
2026-08-17 14:40:00+00:00,4418.20395,4420.86649,4416.96113,4420.56812
2026-08-17 14:45:00+00:00,4420.11825,4420.56751,4414.81612,4418.33834
2026-08-17 14:50:00+00:00,4417.5089,4420.69635,4416.92375,4417.52974
2026-08-17 14:55:00+00:00,4418.55135,4418.55135,4415.01104,4415.37508
2026-08-17 15:00:00+00:00,4415.44234,4418.20025,4415.44234,4418.03014
2026-08-17 15:05:00+00:00,4417.78693,4419.59752,4417.54649,4417.69704
2026-08-17 15:10:00+00:00,4417.93166,4421.84391,4417.03278,4421.4459
2026-08-17 15:15:00+00:00,4421.39615,4422.62616,4419.8895,4420.15926
2026-08-17 15:20:00+00:00,4420.70175,4423.31252,4420.70175,4423.19066
2026-08-17 15:25:00+00:00,4422.8854,4425.48332,4421.179,4425.17488
2026-08-17 15:30:00+00:00,4424.63796,4425.95379,4422.235,4423.5139
2026-08-17 15:35:00+00:00,4423.30908,4423.40868,4421.06194,4423.27646
2026-08-17 15:40:00+00:00,4422.98844,4422.98844,4420.18301,4421.26065
2026-08-17 15:45:00+00:00,4421.03167,4423.94019,4418.207,4423.41303
2026-08-17 15:50:00+00:00,4422.03251,4425.83456,4422.03251,4425.33738
2026-08-17 15:55:00+00:00,4424.05287,4427.32545,4424.05287,4426.82975
2026-08-17 16:00:00+00:00,4426.9188,4427.65279,4424.76091,4424.86247
2026-08-17 16:05:00+00:00,4425.15699,4427.91357,4423.18835,4427.57876
2026-08-17 16:10:00+00:00,4427.07149,4427.78394,4426.34561,4426.5686
2026-08-17 16:15:00+00:00,4426.55551,4427.52147,4425.75791,4425.86449
2026-08-17 16:20:00+00:00,4426.02693,4427.59616,4425.23503,4425.84919
2026-08-17 16:25:00+00:00,4426.35716,4426.35716,4423.60435,4423.68277
2026-08-17 16:30:00+00:00,4423.65758,4425.17037,4422.88991,4423.11287
2026-08-17 16:35:00+00:00,4423.43998,4426.73749,4423.43998,4426.65279
2026-08-17 16:40:00+00:00,4426.37993,4426.73749,4425.3662,4426.0762
2026-08-17 16:45:00+00:00,4425.85388,4426.27322,4423.27537,4424.07364
2026-08-17 16:50:00+00:00,4423.84098,4425.96732,4421.94059,4423.12557
2026-08-17 16:55:00+00:00,4423.33052,4425.20247,4423.21302,4424.71751
2026-08-17 17:00:00+00:00,4424.82376,4425.95379,4424.00266,4425.88794
2026-08-17 17:05:00+00:00,4425.70824,4426.49759,4421.45289,4421.55352
2026-08-17 17:10:00+00:00,4421.76837,4422.82176,4421.76837,4422.60116
2026-08-17 17:15:00+00:00,4422.41492,4423.21302,4420.30274,4420.58194
2026-08-17 17:20:00+00:00,4421.11791,4421.11791,4416.69381,4417.39254
2026-08-17 17:25:00+00:00,4418.98363,4418.98363,4412.985,4415.78664
2026-08-17 17:30:00+00:00,4414.61431,4418.32722,4413.84181,4418.01001
2026-08-17 17:35:00+00:00,4417.42422,4417.88455,4413.28093,4414.01194
2026-08-17 17:40:00+00:00,4415.39063,4416.18089,4411.50521,4415.95118
2026-08-17 17:45:00+00:00,4415.29563,4419.85085,4414.11996,4418.90402
2026-08-17 17:50:00+00:00,4418.81216,4420.28025,4417.93682,4418.14942
2026-08-17 17:55:00+00:00,4418.14447,4418.52245,4413.67834,4413.91657
2026-08-17 18:00:00+00:00,4414.34479,4415.83312,4410.92144,4411.24647
2026-08-17 18:05:00+00:00,4411.81288,4413.53024,4410.72689,4413.27183
2026-08-17 18:10:00+00:00,4412.87248,4412.87248,4409.88806,4412.4796
2026-08-17 18:15:00+00:00,4411.56499,4415.79087,4411.21472,4415.71645
2026-08-17 18:20:00+00:00,4415.47701,4415.5995,4411.60474,4414.98403
2026-08-17 18:25:00+00:00,4414.77546,4414.77546,4406.22128,4406.61221
2026-08-17 18:30:00+00:00,4407.42865,4407.42865,4399.78185,4403.1393
2026-08-17 18:35:00+00:00,4402.69667,4402.69667,4398.50451,4402.37995
2026-08-17 18:40:00+00:00,4401.9997,4405.76101,4401.11833,4405.23675
2026-08-17 18:45:00+00:00,4404.27956,4405.5893,4400.82736,4404.78085
2026-08-17 18:50:00+00:00,4402.76326,4407.72319,4402.76326,4407.56913
2026-08-17 18:55:00+00:00,4407.28116,4407.28116,4405.93978,4406.05351
2026-08-17 19:00:00+00:00,4406.31852,4407.03743,4403.73437,4403.83824
2026-08-17 19:05:00+00:00,4403.88843,4404.31623,4399.64859,4402.91631
2026-08-17 19:10:00+00:00,4402.58129,4407.84055,4402.58129,4404.69856
2026-08-17 19:15:00+00:00,4405.12382,4415.57006,4405.12382,4415.24306
2026-08-17 19:20:00+00:00,4414.34222,4416.57097,4414.34222,4416.50325
2026-08-17 19:25:00+00:00,4416.28484,4417.15623,4415.12602,4415.39454
2026-08-17 19:30:00+00:00,4415.73821,4416.57097,4413.52849,4415.26159
2026-08-17 19:35:00+00:00,4415.34393,4417.15623,4415.24219,4416.1165
2026-08-17 19:40:00+00:00,4415.96605,4419.6234,4415.88225,4419.12916
2026-08-17 19:45:00+00:00,4418.4868,4420.61525,4418.4868,4420.31288
2026-08-17 19:50:00+00:00,4419.83751,4421.28749,4416.71885,4417.06293
2026-08-17 19:55:00+00:00,4417.66382,4420.61248,4417.66382,4420.27495
2026-08-17 20:00:00+00:00,4419.54921,4421.44012,4418.52245,4418.7879
2026-08-17 20:05:00+00:00,4418.92408,4419.41491,4416.76604,4417.8556
2026-08-17 20:10:00+00:00,4417.66886,4418.01271,4416.96113,4417.85067
2026-08-17 20:15:00+00:00,4417.60326,4418.06564,4417.60326,4417.7865
2026-08-17 20:20:00+00:00,4417.76312,4418.13201,4417.21986,4417.37689
2026-08-17 20:25:00+00:00,4417.62622,4418.01788,4415.20597,4415.24434
2026-08-17 20:30:00+00:00,4415.3207,4415.56389,4415.01104,4415.46531
2026-08-17 20:35:00+00:00,4415.40203,4415.50073,4414.96155,4415.44976
2026-08-17 20:40:00+00:00,4415.31192,4415.79087,4414.65896,4415.67772
2026-08-17 20:45:00+00:00,4415.58817,4417.23168,4415.30619,4415.69418
2026-08-17 20:50:00+00:00,4415.90938,4416.17319,4415.40092,4415.43897
2026-08-17 20:55:00+00:00,4415.46333,4416.68379,4415.40092,4416.62725
2026-08-17 21:00:00+00:00,4416.46004,4416.94154,4416.46004,4416.9104
2026-08-17 21:05:00+00:00,4416.81837,4417.02394,4416.76593,4416.93874
2026-08-17 21:10:00+00:00,4416.83414,4416.99399,4416.76604,4416.78065
2026-08-17 21:15:00+00:00,4416.83339,4417.02775,4416.74224,4416.90689
2026-08-17 21:20:00+00:00,4416.83998,4416.9697,4416.76604,4416.92164
2026-08-17 21:25:00+00:00,4416.83171,4417.03478,4416.76604,4416.83303
2026-08-17 21:30:00+00:00,4416.8367,4416.981,4416.76604,4416.77493
2026-08-17 21:35:00+00:00,4416.81672,4417.02919,4416.76604,4416.90842
2026-08-17 21:40:00+00:00,4416.83673,4417.0416,4416.76604,4417.02576
2026-08-17 21:45:00+00:00,4416.93409,4417.06504,4416.76604,4416.78774
2026-08-17 21:50:00+00:00,4416.83579,4416.97368,4416.76604,4416.78368
2026-08-17 21:55:00+00:00,4416.83462,4417.14273,4416.76604,4417.05662
2026-08-17 22:00:00+00:00,4416.81549,4418.91295,4415.98587,4416.73396
2026-08-17 22:05:00+00:00,4416.58411,4416.76604,4415.42626,4415.48926
2026-08-17 22:10:00+00:00,4415.68864,4416.89652,4415.53072,4416.78583
2026-08-17 22:15:00+00:00,4416.62072,4416.99469,4415.98988,4416.16933
2026-08-17 22:20:00+00:00,4416.47265,4416.47265,4415.59588,4415.81698
2026-08-17 22:25:00+00:00,4415.79583,4416.04211,4412.08912,4412.39758
2026-08-17 22:30:00+00:00,4412.49266,4413.29618,4412.04857,4412.65715
2026-08-17 22:35:00+00:00,4412.35563,4415.01104,4412.35563,4413.72786
2026-08-17 22:40:00+00:00,4413.836,4415.20597,4413.25743,4415.0464
2026-08-17 22:45:00+00:00,4414.81312,4415.55211,4414.42635,4414.83054
2026-08-17 22:50:00+00:00,4414.96892,4415.79087,4413.40211,4413.7634
2026-08-17 22:55:00+00:00,4414.44413,4414.44413,4410.92144,4411.54773
2026-08-17 23:00:00+00:00,4411.39189,4413.01391,4411.23865,4412.78426
2026-08-17 23:05:00+00:00,4412.31201,4414.23148,4412.31201,4414.17092
2026-08-17 23:10:00+00:00,4413.97649,4414.50738,4413.647,4413.91136
2026-08-17 23:15:00+00:00,4413.83486,4417.83623,4413.34242,4417.00237
2026-08-17 23:20:00+00:00,4417.04295,4418.32722,4416.96113,4417.04163
2026-08-17 23:25:00+00:00,4417.12281,4421.45289,4416.01649,4420.30657
2026-08-17 23:30:00+00:00,4420.55158,4422.235,4419.38727,4421.37511
2026-08-17 23:35:00+00:00,4421.46392,4422.235,4421.46392,4421.90675
2026-08-17 23:40:00+00:00,4421.83805,4422.87431,4420.28025,4422.60264
2026-08-17 23:45:00+00:00,4422.07042,4423.69154,4421.69807,4423.30244
2026-08-17 23:50:00+00:00,4422.72735,4424.63081,4422.72735,4423.15743
2026-08-17 23:55:00+00:00,4423.43,4425.0661,4423.3253,4423.97343
2026-08-18 00:00:00+00:00,4424.12911,4425.56205,4418.04763,4419.0218
2026-08-18 00:05:00+00:00,4420.01586,4425.95379,4420.01586,4422.43409
2026-08-18 00:10:00+00:00,4423.23838,4423.23838,4419.49883,4419.69725
2026-08-18 00:15:00+00:00,4419.80279,4427.16893,4419.5673,4426.53575
2026-08-18 00:20:00+00:00,4425.54105,4429.86905,4424.38722,4429.11314
2026-08-18 00:25:00+00:00,4427.45465,4431.20799,4426.73749,4430.91452
2026-08-18 00:30:00+00:00,4430.2798,4431.24917,4427.80395,4430.64014
2026-08-18 00:35:00+00:00,4430.27162,4433.41018,4430.17862,4433.21333
2026-08-18 00:40:00+00:00,4432.88183,4433.63684,4428.69796,4429.64428
2026-08-18 00:45:00+00:00,4429.38811,4430.04279,4428.20433,4428.44121
2026-08-18 00:50:00+00:00,4429.05863,4430.07132,4429.05863,4429.95014
2026-08-18 00:55:00+00:00,4429.91927,4433.69603,4429.09026,4432.5244
2026-08-18 01:00:00+00:00,4430.55095,4435.17985,4430.55095,4434.03103
2026-08-18 01:05:00+00:00,4433.71546,4435.5801,4430.14162,4430.89113
2026-08-18 01:10:00+00:00,4432.0034,4432.0034,4429.17269,4429.3932
2026-08-18 01:15:00+00:00,4429.78849,4429.87508,4422.82176,4423.234
2026-08-18 01:20:00+00:00,4423.9218,4426.93346,4422.16588,4422.80316
2026-08-18 01:25:00+00:00,4422.88864,4425.3662,4421.45289,4425.26955
2026-08-18 01:30:00+00:00,4425.03571,4425.17037,4422.04584,4422.3708
2026-08-18 01:35:00+00:00,4423.03068,4423.21302,4421.32151,4421.64778
2026-08-18 01:40:00+00:00,4422.17508,4422.17508,4414.89148,4415.51004
2026-08-18 01:45:00+00:00,4416.37206,4417.67525,4405.86862,4406.26929
2026-08-18 01:50:00+00:00,4406.95797,4408.84357,4404.70422,4405.01837
2026-08-18 01:55:00+00:00,4405.74601,4409.36549,4405.74601,4408.13699
2026-08-18 02:00:00+00:00,4408.16507,4409.10609,4401.40845,4402.20015
2026-08-18 02:05:00+00:00,4402.25771,4402.95879,4399.8592,4400.104
2026-08-18 02:10:00+00:00,4400.44306,4401.89583,4399.06153,4401.39732
2026-08-18 02:15:00+00:00,4400.34184,4404.99133,4400.34184,4403.04066
2026-08-18 02:20:00+00:00,4402.84307,4405.86862,4401.60218,4403.99665
2026-08-18 02:25:00+00:00,4403.34765,4404.70422,4402.85517,4403.11964
2026-08-18 02:30:00+00:00,4403.6032,4403.6032,4397.22819,4398.16051
2026-08-18 02:35:00+00:00,4400.32632,4400.32632,4395.6044,4399.57385
2026-08-18 02:40:00+00:00,4399.1802,4399.1802,4394.05923,4394.63401
2026-08-18 02:45:00+00:00,4394.66,4396.63453,4394.55135,4396.25698
2026-08-18 02:50:00+00:00,4395.48025,4398.31105,4395.48025,4398.21915
2026-08-18 02:55:00+00:00,4397.99002,4400.59861,4397.69967,4399.54454
2026-08-18 03:00:00+00:00,4398.9994,4405.05589,4398.7777,4401.99667
2026-08-18 03:05:00+00:00,4402.55793,4403.54045,4400.55339,4400.89902
2026-08-18 03:10:00+00:00,4401.56278,4403.15442,4399.14756,4400.71326
2026-08-18 03:15:00+00:00,4400.1533,4401.99969,4395.79762,4396.06011
2026-08-18 03:20:00+00:00,4396.4991,4397.344,4395.015,4395.37662
2026-08-18 03:25:00+00:00,4396.08695,4397.49247,4394.44542,4397.33039
2026-08-18 03:30:00+00:00,4397.06316,4397.88766,4396.18411,4396.54164
2026-08-18 03:35:00+00:00,4396.39301,4396.66534,4395.50585,4396.13168
2026-08-18 03:40:00+00:00,4395.91791,4395.91791,4394.83168,4395.22463
2026-08-18 03:45:00+00:00,4395.17107,4395.17107,4394.56909,4395.00682
2026-08-18 03:50:00+00:00,4394.89973,4394.89973,4392.32222,4393.56754
2026-08-18 03:55:00+00:00,4393.32444,4393.32592,4390.97216,4392.03457
2026-08-18 04:00:00+00:00,4391.54791,4392.51515,4390.77936,4391.66195
2026-08-18 04:05:00+00:00,4391.51022,4392.1293,4390.00834,4390.13959
2026-08-18 04:10:00+00:00,4390.32668,4392.94813,4390.32668,4392.79061
2026-08-18 04:15:00+00:00,4392.55363,4393.28706,4391.9364,4392.10491
2026-08-18 04:20:00+00:00,4392.38499,4392.38499,4390.70109,4391.95623
2026-08-18 04:25:00+00:00,4391.7966,4392.84925,4391.74352,4392.06121
2026-08-18 04:30:00+00:00,4392.37199,4393.48008,4391.9364,4392.06686
2026-08-18 04:35:00+00:00,4392.25873,4392.90107,4389.68192,4389.83573
2026-08-18 04:40:00+00:00,4390.16074,4394.25232,4390.01799,4394.15379
2026-08-18 04:45:00+00:00,4393.89465,4394.18506,4392.26319,4393.83222
2026-08-18 04:50:00+00:00,4393.19916,4395.10076,4393.19916,4394.88823
2026-08-18 04:55:00+00:00,4394.57507,4395.20224,4393.89411,4394.07003
2026-08-18 05:00:00+00:00,4394.37563,4394.37563,4391.6645,4391.75007
2026-08-18 05:05:00+00:00,4391.93799,4394.20314,4391.93799,4393.93985
2026-08-18 05:10:00+00:00,4393.47211,4394.39363,4390.97216,4391.43064
2026-08-18 05:15:00+00:00,4391.4678,4394.226,4391.39165,4394.05224
2026-08-18 05:20:00+00:00,4393.67975,4396.18518,4393.67975,4395.53041
2026-08-18 05:25:00+00:00,4395.31633,4395.99086,4392.85356,4393.48775
2026-08-18 05:30:00+00:00,4394.31628,4394.95298,4385.77255,4389.60903
2026-08-18 05:35:00+00:00,4389.2253,4390.39382,4386.59347,4389.75882
2026-08-18 05:40:00+00:00,4389.77983,4392.38565,4389.43025,4390.01069
2026-08-18 05:45:00+00:00,4390.42233,4395.02483,4390.42233,4394.95756
2026-08-18 05:50:00+00:00,4394.79542,4397.53738,4394.34413,4396.73437
2026-08-18 05:55:00+00:00,4396.28443,4396.88437,4395.28494,4395.60248
2026-08-18 06:00:00+00:00,4396.07821,4396.60419,4390.29053,4390.81786
2026-08-18 06:05:00+00:00,4391.69861,4392.04738,4388.46711,4391.34172
2026-08-18 06:10:00+00:00,4390.29663,4395.0879,4390.29663,4394.96532
2026-08-18 06:15:00+00:00,4394.79166,4395.6044,4393.5228,4395.46721
2026-08-18 06:20:00+00:00,4395.25094,4397.46799,4395.25094,4397.09394
2026-08-18 06:25:00+00:00,4396.61143,4399.66563,4396.61143,4399.54303
2026-08-18 06:30:00+00:00,4399.3424,4400.13156,4396.33965,4397.02027
2026-08-18 06:35:00+00:00,4398.31794,4398.31794,4395.218,4396.5431
2026-08-18 06:40:00+00:00,4396.80526,4398.31724,4396.80526,4398.10049
2026-08-18 06:45:00+00:00,4397.80711,4398.89148,4397.40142,4398.82244
2026-08-18 06:50:00+00:00,4398.65512,4398.67761,4397.73077,4398.59347
2026-08-18 06:55:00+00:00,4398.45569,4399.05042,4397.64619,4397.83963
2026-08-18 07:00:00+00:00,4397.98554,4399.91489,4397.92121,4399.73988
2026-08-18 07:05:00+00:00,4399.34484,4400.53511,4397.92418,4397.98183
2026-08-18 07:10:00+00:00,4398.05265,4399.08499,4397.43427,4397.69627
2026-08-18 07:15:00+00:00,4398.19611,4400.24641,4396.649,4399.55626
2026-08-18 07:20:00+00:00,4399.34589,4401.11197,4399.21713,4400.98867
2026-08-18 07:25:00+00:00,4400.56649,4402.41898,4400.17426,4402.06625
2026-08-18 07:30:00+00:00,4402.05543,4403.54045,4399.31776,4399.76208
2026-08-18 07:35:00+00:00,4400.6489,4402.28803,4397.53738,4401.84045
2026-08-18 07:40:00+00:00,4401.24769,4403.34654,4400.44004,4400.69158
2026-08-18 07:45:00+00:00,4401.00559,4402.5711,4400.39981,4400.61624
2026-08-18 07:50:00+00:00,4400.9072,4400.9072,4398.46016,4398.6303
2026-08-18 07:55:00+00:00,4398.91383,4399.28435,4396.18411,4397.24876
2026-08-18 08:00:00+00:00,4396.928,4396.928,4394.63854,4394.78649
2026-08-18 08:05:00+00:00,4395.01295,4395.01295,4390.58658,4390.68764
2026-08-18 08:10:00+00:00,4390.73913,4395.41119,4388.54016,4394.97195
2026-08-18 08:15:00+00:00,4394.12134,4394.12134,4392.32222,4393.22246
2026-08-18 08:20:00+00:00,4393.03781,4393.03781,4387.31189,4387.68232
2026-08-18 08:25:00+00:00,4388.28696,4388.69708,4387.65587,4388.45433
2026-08-18 08:30:00+00:00,4388.44682,4393.67311,4388.26136,4393.4163
2026-08-18 08:35:00+00:00,4392.84852,4398.50451,4391.87528,4395.63938
2026-08-18 08:40:00+00:00,4396.41425,4398.65776,4396.41425,4397.35353
2026-08-18 08:45:00+00:00,4397.53819,4397.53819,4393.51876,4394.05522
2026-08-18 08:50:00+00:00,4394.7607,4394.7607,4391.74352,4393.30428
2026-08-18 08:55:00+00:00,4393.17069,4394.14405,4392.32501,4393.22328
2026-08-18 09:00:00+00:00,4393.15354,4393.54668,4392.7081,4392.78075
2026-08-18 09:05:00+00:00,4392.89505,4392.90107,4391.46521,4391.9995
2026-08-18 09:10:00+00:00,4391.88659,4392.93046,4391.40307,4392.74018
2026-08-18 09:15:00+00:00,4392.20269,4393.28706,4391.53636,4391.55918
2026-08-18 09:20:00+00:00,4391.58258,4391.90864,4389.23759,4390.35844
2026-08-18 09:25:00+00:00,4390.22652,4392.56404,4388.40273,4391.99843
2026-08-18 09:30:00+00:00,4390.96002,4392.66201,4388.6597,4392.27018
2026-08-18 09:35:00+00:00,4391.21762,4395.5284,4391.14512,4394.84892
2026-08-18 09:40:00+00:00,4393.25382,4393.25382,4387.85705,4388.12542
2026-08-18 09:45:00+00:00,4388.60505,4391.49625,4386.47555,4391.13847
2026-08-18 09:50:00+00:00,4390.21367,4393.86616,4390.21367,4393.36205
2026-08-18 09:55:00+00:00,4393.43391,4394.05923,4393.43391,4393.97231
2026-08-18 10:00:00+00:00,4393.86583,4395.6044,4392.29011,4395.43253
2026-08-18 10:05:00+00:00,4395.10271,4395.10271,4393.09406,4393.20264
2026-08-18 10:10:00+00:00,4393.36209,4393.86616,4392.7081,4393.20062
2026-08-18 10:15:00+00:00,4393.31544,4395.46694,4393.31544,4395.34686
2026-08-18 10:20:00+00:00,4395.06342,4395.79762,4391.9364,4392.03556
2026-08-18 10:25:00+00:00,4392.18139,4392.18139,4389.62293,4391.69096
2026-08-18 10:30:00+00:00,4391.17687,4393.97546,4391.17687,4393.49941
2026-08-18 10:35:00+00:00,4393.47446,4397.344,4393.47446,4397.10787
2026-08-18 10:40:00+00:00,4396.6889,4398.50451,4396.54316,4398.39152
2026-08-18 10:45:00+00:00,4398.21331,4399.47206,4397.99235,4398.62058
2026-08-18 10:50:00+00:00,4398.81189,4399.3432,4396.95731,4397.10463
2026-08-18 10:55:00+00:00,4397.3429,4397.63824,4396.76398,4397.51424
2026-08-18 11:00:00+00:00,4397.344,4398.57868,4394.86004,4395.59525
2026-08-18 11:05:00+00:00,4397.11,4397.11,4392.90107,4394.31444
2026-08-18 11:10:00+00:00,4394.12548,4394.7384,4392.24874,4393.65346
2026-08-18 11:15:00+00:00,4393.3929,4394.36704,4392.32222,4392.4173
2026-08-18 11:20:00+00:00,4392.55835,4393.52188,4391.15968,4391.46366
2026-08-18 11:25:00+00:00,4392.02208,4392.02208,4390.20107,4390.76611
2026-08-18 11:30:00+00:00,4391.05446,4391.41712,4389.95,4389.97968
2026-08-18 11:35:00+00:00,4389.97964,4390.98555,4388.45275,4389.88828
2026-08-18 11:40:00+00:00,4390.21073,4392.32222,4389.33006,4392.26762
2026-08-18 11:45:00+00:00,4392.13096,4393.67311,4390.84436,4393.59023
2026-08-18 11:50:00+00:00,4393.40754,4393.40754,4390.00834,4390.2239
2026-08-18 11:55:00+00:00,4390.6453,4396.37739,4390.41911,4396.02432
2026-08-18 12:00:00+00:00,4395.35018,4396.67074,4390.71329,4394.6363
2026-08-18 12:05:00+00:00,4392.77602,4397.15065,4391.55767,4391.96842
2026-08-18 12:10:00+00:00,4392.84249,4392.84249,4391.16498,4391.40617
2026-08-18 12:15:00+00:00,4391.38207,4393.86616,4391.16498,4391.99198
2026-08-18 12:20:00+00:00,4392.10218,4400.0528,4391.22804,4397.81203
2026-08-18 12:25:00+00:00,4398.56049,4398.56049,4392.90107,4393.28896
2026-08-18 12:30:00+00:00,4393.64688,4397.07426,4392.90107,4396.70866
2026-08-18 12:35:00+00:00,4396.18919,4397.81598,4393.67311,4393.81797
2026-08-18 12:40:00+00:00,4393.94889,4394.44542,4391.74352,4392.65238
2026-08-18 12:45:00+00:00,4392.54283,4395.88707,4392.1609,4395.69224
2026-08-18 12:50:00+00:00,4395.38126,4396.76398,4393.7564,4395.95488
2026-08-18 12:55:00+00:00,4396.20052,4396.20052,4390.88368,4394.50697
2026-08-18 13:00:00+00:00,4393.96118,4395.99619,4390.5781,4394.85072
2026-08-18 13:05:00+00:00,4392.09071,4397.53738,4389.43025,4389.70098
2026-08-18 13:10:00+00:00,4390.1656,4394.52309,4388.97379,4394.29878
2026-08-18 13:15:00+00:00,4393.78407,4394.96983,4388.6597,4391.54112
2026-08-18 13:20:00+00:00,4391.10137,4393.28706,4388.6597,4388.88927
2026-08-18 13:25:00+00:00,4389.14644,4391.74352,4389.14644,4391.4927
2026-08-18 13:30:00+00:00,4391.00082,4395.99086,4384.42652,4394.02595
2026-08-18 13:35:00+00:00,4393.87369,4401.54969,4390.46188,4401.41718
2026-08-18 13:40:00+00:00,4400.97576,4403.54045,4400.92314,4402.00195
2026-08-18 13:45:00+00:00,4402.30445,4404.32094,4393.48008,4395.63189
2026-08-18 13:50:00+00:00,4395.23206,4397.69897,4390.39382,4392.25649
2026-08-18 13:55:00+00:00,4392.08754,4394.05923,4390.95256,4393.5326
2026-08-18 14:00:00+00:00,4393.12541,4404.51022,4393.12541,4404.13475
2026-08-18 14:05:00+00:00,4403.30107,4404.4347,4400.0528,4400.10036
2026-08-18 14:10:00+00:00,4400.24221,4401.84937,4393.09406,4393.23815
2026-08-18 14:15:00+00:00,4393.29059,4403.26918,4393.29059,4401.80493
2026-08-18 14:20:00+00:00,4399.09666,4404.70422,4396.95731,4398.2365
2026-08-18 14:25:00+00:00,4398.01711,4398.01711,4394.53089,4394.8556
2026-08-18 14:30:00+00:00,4395.32434,4396.37739,4390.20107,4395.79518
2026-08-18 14:35:00+00:00,4394.78374,4394.78374,4386.17118,4386.74442
2026-08-18 14:40:00+00:00,4387.50891,4390.22065,4379.43692,4380.09577
2026-08-18 14:45:00+00:00,4381.39896,4387.24546,4378.47541,4386.53688
2026-08-18 14:50:00+00:00,4385.08854,4388.27453,4378.66713,4379.19775
2026-08-18 14:55:00+00:00,4380.07769,4382.07207,4366.922,4369.80762
2026-08-18 15:00:00+00:00,4373.57236,4373.905,4362.8114,4372.57532
2026-08-18 15:05:00+00:00,4370.38224,4376.63766,4368.22227,4368.90302
2026-08-18 15:10:00+00:00,4370.34486,4370.34486,4361.34192,4362.75506
2026-08-18 15:15:00+00:00,4365.57456,4365.57456,4358.33403,4359.73725
2026-08-18 15:20:00+00:00,4362.97727,4362.97727,4353.88366,4354.42023
2026-08-18 15:25:00+00:00,4355.08655,4359.05534,4352.9562,4358.46815
2026-08-18 15:30:00+00:00,4357.51117,4360.33557,4354.64205,4357.44323
2026-08-18 15:35:00+00:00,4358.06438,4361.45553,4357.08415,4360.92366
2026-08-18 15:40:00+00:00,4360.22239,4362.05016,4357.48834,4357.81987
2026-08-18 15:45:00+00:00,4358.38321,4363.46043,4357.29847,4363.10879
2026-08-18 15:50:00+00:00,4362.62059,4365.85898,4362.33284,4365.75427
2026-08-18 15:55:00+00:00,4365.47848,4365.47848,4363.57289,4364.30928
2026-08-18 16:00:00+00:00,4363.84524,4368.69926,4362.80442,4368.56113
2026-08-18 16:05:00+00:00,4368.37359,4370.74827,4366.89945,4369.86738
2026-08-18 16:10:00+00:00,4368.75103,4371.5847,4368.38752,4368.87177
2026-08-18 16:15:00+00:00,4369.89464,4369.89464,4365.34708,4365.4602
2026-08-18 16:20:00+00:00,4365.6303,4370.24736,4363.56317,4367.34855
2026-08-18 16:25:00+00:00,4367.69354,4370.70807,4363.57289,4363.83856
2026-08-18 16:30:00+00:00,4364.31668,4366.24023,4363.38249,4364.72266
2026-08-18 16:35:00+00:00,4364.39055,4366.81223,4362.83766,4366.51919
2026-08-18 16:40:00+00:00,4365.95369,4368.33828,4365.35839,4366.1174
2026-08-18 16:45:00+00:00,4366.4936,4367.38437,4363.57289,4363.91717
2026-08-18 16:50:00+00:00,4364.45008,4368.18461,4362.62403,4367.79602
2026-08-18 16:55:00+00:00,4366.93096,4368.52912,4363.57289,4363.71052
2026-08-18 17:00:00+00:00,4363.76006,4365.28724,4363.76006,4364.24456
2026-08-18 17:05:00+00:00,4364.40633,4366.0496,4364.14419,4365.957
2026-08-18 17:10:00+00:00,4365.78703,4366.75384,4365.26904,4366.44898
2026-08-18 17:15:00+00:00,4366.02735,4368.14747,4364.41392,4364.85054
2026-08-18 17:20:00+00:00,4365.78516,4367.19364,4363.51563,4366.94437
2026-08-18 17:25:00+00:00,4366.7976,4367.0179,4365.09669,4365.20303
2026-08-18 17:30:00+00:00,4365.40833,4366.43088,4361.97045,4366.12221
2026-08-18 17:35:00+00:00,4365.51773,4365.51773,4361.66965,4361.94001
2026-08-18 17:40:00+00:00,4362.43058,4364.90615,4360.47433,4360.8022
2026-08-18 17:45:00+00:00,4361.46897,4361.46897,4357.80422,4357.94946
2026-08-18 17:50:00+00:00,4358.14647,4359.76806,4357.29847,4358.6705
2026-08-18 17:55:00+00:00,4358.73575,4358.81789,4357.10862,4357.21854
2026-08-18 18:00:00+00:00,4357.26661,4358.07323,4353.61505,4354.22754
2026-08-18 18:05:00+00:00,4355.59754,4355.59754,4352.74658,4354.93187
2026-08-18 18:10:00+00:00,4354.75387,4357.85714,4352.93606,4357.15527
2026-08-18 18:15:00+00:00,4355.51073,4358.81789,4355.51073,4358.71574
2026-08-18 18:20:00+00:00,4358.35711,4359.88154,4355.5904,4355.88518
2026-08-18 18:25:00+00:00,4356.5837,4360.90881,4356.14487,4360.59954
2026-08-18 18:30:00+00:00,4359.89857,4360.90881,4358.46267,4358.61497
2026-08-18 18:35:00+00:00,4358.86988,4360.14825,4358.13703,4359.23524
2026-08-18 18:40:00+00:00,4359.02471,4360.31621,4354.63336,4355.10862
2026-08-18 18:45:00+00:00,4356.12508,4356.12508,4353.84934,4354.0376
2026-08-18 18:50:00+00:00,4354.34667,4355.01868,4353.50457,4354.90446
2026-08-18 18:55:00+00:00,4354.71998,4355.21101,4354.26282,4354.46488
2026-08-18 19:00:00+00:00,4354.49889,4357.67823,4354.13602,4357.6126
2026-08-18 19:05:00+00:00,4357.37271,4357.53993,4355.4007,4356.38661
2026-08-18 19:10:00+00:00,4356.2917,4357.12222,4354.64205,4356.04978
2026-08-18 19:15:00+00:00,4355.90747,4358.05805,4355.63194,4355.97104
2026-08-18 19:20:00+00:00,4356.40306,4356.67772,4353.46143,4354.02631
2026-08-18 19:25:00+00:00,4355.23242,4355.4007,4352.74658,4355.27441
2026-08-18 19:30:00+00:00,4354.86447,4356.34938,4354.45243,4355.04472
2026-08-18 19:35:00+00:00,4355.51802,4355.51802,4353.6761,4354.91934
2026-08-18 19:40:00+00:00,4354.56174,4357.95169,4353.19243,4354.60294
2026-08-18 19:45:00+00:00,4357.47327,4357.47327,4345.62499,4346.57284
2026-08-18 19:50:00+00:00,4347.95919,4347.95919,4342.7281,4345.26703
2026-08-18 19:55:00+00:00,4344.79806,4346.39253,4340.08941,4343.95947
2026-08-18 20:00:00+00:00,4341.36541,4346.88111,4341.36541,4344.37814
2026-08-18 20:05:00+00:00,4345.24186,4345.24186,4342.53952,4342.73507
2026-08-18 20:10:00+00:00,4343.00094,4344.20891,4341.75216,4341.82613
2026-08-18 20:15:00+00:00,4341.90909,4341.97386,4341.03143,4341.91807
2026-08-18 20:20:00+00:00,4341.81349,4343.78823,4334.82162,4338.90758
2026-08-18 20:25:00+00:00,4338.46503,4338.93359,4336.68348,4337.65861
2026-08-18 20:30:00+00:00,4337.35544,4339.52439,4335.8812,4339.38437
2026-08-18 20:35:00+00:00,4339.01047,4339.96411,4338.01839,4338.47393
2026-08-18 20:40:00+00:00,4338.2503,4338.58302,4332.55774,4333.24273
2026-08-18 20:45:00+00:00,4334.14161,4334.14161,4330.87917,4330.97031
2026-08-18 20:50:00+00:00,4331.06559,4333.54748,4330.69161,4333.20955
2026-08-18 20:55:00+00:00,4332.41754,4335.89696,4332.41754,4335.67938
2026-08-18 21:00:00+00:00,4335.3554,4335.3554,4333.88229,4334.56101
2026-08-18 21:05:00+00:00,4334.50408,4334.71778,4334.44584,4334.46028
2026-08-18 21:10:00+00:00,4334.51676,4334.86468,4334.36152,4334.55235
2026-08-18 21:15:00+00:00,4334.54483,4334.72168,4334.44584,4334.63048
2026-08-18 21:20:00+00:00,4334.53039,4334.70725,4334.44584,4334.58089
2026-08-18 21:25:00+00:00,4334.52518,4334.6865,4334.38859,4334.4031
2026-08-18 21:30:00+00:00,4334.45459,4334.60624,4334.25798,4334.50721
2026-08-18 21:35:00+00:00,4334.48358,4334.7225,4334.42463,4334.63304
2026-08-18 21:40:00+00:00,4334.53822,4334.72003,4334.44584,4334.58717
2026-08-18 21:45:00+00:00,4334.52302,4334.67078,4334.44584,4334.46011
2026-08-18 21:50:00+00:00,4334.48304,4334.67625,4334.25798,4334.4982
2026-08-18 21:55:00+00:00,4334.46781,4334.46781,4334.24971,4334.40384
2026-08-18 22:00:00+00:00,4334.23748,4340.43807,4331.89673,4339.75534
2026-08-18 22:05:00+00:00,4338.61706,4342.9377,4338.61706,4342.77985
2026-08-18 22:10:00+00:00,4342.37201,4343.35203,4342.23621,4342.39773
2026-08-18 22:15:00+00:00,4342.59537,4342.69733,4339.90105,4339.97939
2026-08-18 22:20:00+00:00,4339.88031,4341.03143,4333.50667,4334.65746
2026-08-18 22:25:00+00:00,4334.5805,4337.26579,4334.44584,4335.71747
2026-08-18 22:30:00+00:00,4335.44369,4336.51344,4335.44369,4336.03543
2026-08-18 22:35:00+00:00,4335.94953,4337.16265,4334.44584,4334.99757
2026-08-18 22:40:00+00:00,4334.87716,4335.00954,4333.50667,4333.9109
2026-08-18 22:45:00+00:00,4333.84087,4334.59234,4333.69447,4333.75909
2026-08-18 22:50:00+00:00,4333.94689,4335.23199,4333.94689,4334.98968
2026-08-18 22:55:00+00:00,4334.6188,4335.57338,4333.31889,4333.44852
2026-08-18 23:00:00+00:00,4333.58934,4336.3254,4333.44962,4336.25374
2026-08-18 23:05:00+00:00,4336.04748,4338.39479,4335.21281,4335.65034
2026-08-18 23:10:00+00:00,4336.24539,4336.24539,4333.50667,4333.91834
2026-08-18 23:15:00+00:00,4333.83729,4334.82162,4332.10712,4333.29781
2026-08-18 23:20:00+00:00,4333.56899,4336.51344,4332.06198,4332.59383
2026-08-18 23:25:00+00:00,4333.25534,4333.25534,4330.50407,4330.75242
2026-08-18 23:30:00+00:00,4331.19338,4333.6216,4327.50563,4327.92264
2026-08-18 23:35:00+00:00,4328.80281,4331.25433,4328.30597,4328.75528
2026-08-18 23:40:00+00:00,4329.71896,4329.75299,4327.7825,4329.53816
2026-08-18 23:45:00+00:00,4328.92628,4332.00631,4328.92628,4330.85049
2026-08-18 23:50:00+00:00,4330.72248,4334.07013,4329.87521,4333.81888
2026-08-18 23:55:00+00:00,4333.15848,4334.91192,4331.25433,4332.97222
2026-08-19 00:00:00+00:00,4332.81906,4339.14779,4332.81906,4338.71738
2026-08-19 00:05:00+00:00,4338.63697,4340.27778,4336.7015,4338.7375
2026-08-19 00:10:00+00:00,4339.03869,4344.32339,4338.83255,4343.67195
2026-08-19 00:15:00+00:00,4342.52761,4346.12543,4342.52761,4345.56445
2026-08-19 00:20:00+00:00,4345.52643,4346.71064,4342.23825,4345.6925
2026-08-19 00:25:00+00:00,4345.22116,4345.22116,4340.39903,4340.69955
2026-08-19 00:30:00+00:00,4341.38977,4345.79985,4340.69122,4341.26017
2026-08-19 00:35:00+00:00,4342.47766,4346.31433,4339.17647,4345.85907
2026-08-19 00:40:00+00:00,4344.97343,4347.75561,4343.41785,4344.87186
2026-08-19 00:45:00+00:00,4345.31826,4345.31826,4343.01881,4343.47054
2026-08-19 00:50:00+00:00,4343.4152,4344.61485,4342.56311,4344.46667
2026-08-19 00:55:00+00:00,4344.13064,4345.07267,4337.11128,4337.60619
2026-08-19 01:00:00+00:00,4338.52928,4340.46617,4327.31836,4330.07941
2026-08-19 01:05:00+00:00,4328.95286,4340.30951,4325.9749,4339.83017
2026-08-19 01:10:00+00:00,4339.05688,4343.10532,4337.83022,4342.69119
2026-08-19 01:15:00+00:00,4342.13398,4345.64004,4337.45391,4337.65218
2026-08-19 01:20:00+00:00,4337.97415,4339.91301,4333.31889,4337.67043
2026-08-19 01:25:00+00:00,4336.96711,4341.38544,4335.45385,4340.95081
2026-08-19 01:30:00+00:00,4340.40017,4349.66705,4340.40017,4345.3874
2026-08-19 01:35:00+00:00,4346.27698,4355.1581,4346.27698,4354.76892
2026-08-19 01:40:00+00:00,4353.84668,4356.34938,4353.84668,4354.91186
2026-08-19 01:45:00+00:00,4355.23667,4356.41595,4351.79947,4352.13321
2026-08-19 01:50:00+00:00,4352.76218,4354.28305,4351.6101,4353.73004
2026-08-19 01:55:00+00:00,4353.00626,4355.7092,4353.00626,4355.14314
2026-08-19 02:00:00+00:00,4354.01663,4358.76734,4352.17827,4352.52875
2026-08-19 02:05:00+00:00,4353.22727,4355.21101,4352.93606,4355.01892
2026-08-19 02:10:00+00:00,4354.72378,4355.96986,4353.55881,4353.78853
2026-08-19 02:15:00+00:00,4354.2182,4359.07255,4353.31505,4358.61704
2026-08-19 02:20:00+00:00,4357.80001,4361.47941,4357.80001,4361.42964
2026-08-19 02:25:00+00:00,4361.30754,4361.30754,4360.14825,4360.69889
2026-08-19 02:30:00+00:00,4360.47981,4362.70139,4356.84982,4356.908
2026-08-19 02:35:00+00:00,4356.97983,4358.10757,4354.07324,4354.46189
2026-08-19 02:40:00+00:00,4355.07849,4358.24798,4355.07849,4356.58484
2026-08-19 02:45:00+00:00,4357.67232,4357.67232,4354.98039,4355.10499
2026-08-19 02:50:00+00:00,4355.35621,4356.34938,4353.50457,4353.73718
2026-08-19 02:55:00+00:00,4354.11252,4355.02134,4352.55713,4354.85802
2026-08-19 03:00:00+00:00,4354.47964,4355.51867,4353.12554,4355.31246
2026-08-19 03:05:00+00:00,4354.75486,4355.78012,4352.17827,4353.08169
2026-08-19 03:10:00+00:00,4352.69398,4354.91971,4352.69398,4354.88913
2026-08-19 03:15:00+00:00,4354.87191,4357.60696,4352.17827,4352.32011
2026-08-19 03:20:00+00:00,4352.58382,4354.99737,4352.49802,4354.76985
2026-08-19 03:25:00+00:00,4354.28246,4357.86813,4354.28246,4357.78183
2026-08-19 03:30:00+00:00,4357.55778,4357.9618,4356.53917,4356.92902
2026-08-19 03:35:00+00:00,4356.90412,4359.76806,4356.53917,4359.56879
2026-08-19 03:40:00+00:00,4359.1751,4359.57044,4357.27699,4357.86645
2026-08-19 03:45:00+00:00,4357.46628,4358.81789,4357.13299,4357.29083
2026-08-19 03:50:00+00:00,4357.5529,4358.81789,4356.25023,4356.92897
2026-08-19 03:55:00+00:00,4357.28071,4357.28071,4355.0578,4355.23104
2026-08-19 04:00:00+00:00,4355.52292,4355.96986,4354.12821,4354.5668
2026-08-19 04:05:00+00:00,4355.21636,4355.21636,4353.50457,4354.34494
2026-08-19 04:10:00+00:00,4354.23,4354.83169,4353.90634,4354.31279
2026-08-19 04:15:00+00:00,4354.33649,4354.45243,4350.23716,4350.61017
2026-08-19 04:20:00+00:00,4351.47967,4353.31505,4351.2314,4352.66708
2026-08-19 04:25:00+00:00,4352.48137,4352.48137,4350.66348,4351.19671
2026-08-19 04:30:00+00:00,4351.02999,4352.35688,4350.28494,4350.30947
2026-08-19 04:35:00+00:00,4350.38752,4350.74462,4347.28646,4347.7632
2026-08-19 04:40:00+00:00,4348.65268,4348.65268,4345.37001,4345.47437
2026-08-19 04:45:00+00:00,4345.73019,4346.69217,4345.73019,4346.01993
2026-08-19 04:50:00+00:00,4346.05729,4346.88111,4344.80361,4344.88368
2026-08-19 04:55:00+00:00,4344.92531,4349.14974,4344.90653,4348.72367
2026-08-19 05:00:00+00:00,4347.7932,4350.28494,4346.50324,4346.69954
2026-08-19 05:05:00+00:00,4347.11312,4347.55086,4342.9167,4343.36159
2026-08-19 05:10:00+00:00,4343.61749,4343.91651,4339.33608,4339.56743
2026-08-19 05:15:00+00:00,4339.60296,4339.71271,4337.07768,4337.21541
2026-08-19 05:20:00+00:00,4337.4213,4342.13802,4336.4178,4341.56842
2026-08-19 05:25:00+00:00,4340.69318,4344.69775,4340.69318,4344.15615
2026-08-19 05:30:00+00:00,4343.02177,4344.9924,4337.60938,4338.0669
2026-08-19 05:35:00+00:00,4338.68293,4341.39148,4336.00173,4337.90729
2026-08-19 05:40:00+00:00,4338.49251,4343.10532,4338.49251,4342.43066
2026-08-19 05:45:00+00:00,4342.09832,4343.51957,4335.72909,4336.05728
2026-08-19 05:50:00+00:00,4336.74873,4338.06111,4335.94936,4336.81145
2026-08-19 05:55:00+00:00,4336.63299,4338.41139,4335.94936,4338.30765
2026-08-19 06:00:00+00:00,4338.20078,4339.66324,4335.46597,4337.46984
2026-08-19 06:05:00+00:00,4337.80224,4339.18621,4333.92267,4334.85381
2026-08-19 06:10:00+00:00,4336.11412,4342.17071,4336.11412,4338.6379
2026-08-19 06:15:00+00:00,4339.14653,4345.53054,4335.91941,4345.12285
2026-08-19 06:20:00+00:00,4344.58679,4347.82609,4344.58679,4346.84365
2026-08-19 06:25:00+00:00,4346.70505,4347.51446,4341.21988,4341.41061
2026-08-19 06:30:00+00:00,4341.8824,4343.11288,4337.64206,4339.39397
2026-08-19 06:35:00+00:00,4339.15324,4344.80361,4337.44454,4344.66224
2026-08-19 06:40:00+00:00,4344.41224,4344.41224,4342.4352,4342.89883
2026-08-19 06:45:00+00:00,4342.80458,4343.67127,4341.07241,4342.79142
2026-08-19 06:50:00+00:00,4343.11257,4347.5785,4343.11257,4347.14241
2026-08-19 06:55:00+00:00,4345.99605,4348.80401,4345.99605,4348.57942
2026-08-19 07:00:00+00:00,4347.96557,4352.06335,4347.86692,4351.61402
2026-08-19 07:05:00+00:00,4350.75344,4352.62861,4348.39327,4352.07843
2026-08-19 07:10:00+00:00,4350.64556,4353.74737,4350.49191,4350.7443
2026-08-19 07:15:00+00:00,4351.08519,4351.08519,4348.20419,4350.30027
2026-08-19 07:20:00+00:00,4349.22325,4353.99554,4349.10094,4353.54082
2026-08-19 07:25:00+00:00,4352.96744,4357.29847,4352.96744,4355.67869
2026-08-19 07:30:00+00:00,4355.87008,4360.14825,4355.78012,4359.46566
2026-08-19 07:35:00+00:00,4359.33168,4362.62106,4357.67823,4358.022
2026-08-19 07:40:00+00:00,4358.65144,4359.46319,4353.89435,4354.21557
2026-08-19 07:45:00+00:00,4354.64134,4356.1431,4353.31505,4355.9059
2026-08-19 07:50:00+00:00,4355.59179,4356.72897,4355.17183,4355.94066
2026-08-19 07:55:00+00:00,4356.34428,4356.34428,4355.13801,4355.27663
2026-08-19 08:00:00+00:00,4355.49472,4356.63344,4351.87518,4354.79554
2026-08-19 08:05:00+00:00,4354.22105,4360.14825,4354.22105,4357.21824
2026-08-19 08:10:00+00:00,4357.40054,4362.62106,4356.44563,4360.88849
2026-08-19 08:15:00+00:00,4361.32859,4362.8114,4359.20226,4361.9362
2026-08-19 08:20:00+00:00,4361.48407,4361.48407,4357.48834,4357.76374
2026-08-19 08:25:00+00:00,4357.79216,4361.099,4357.79216,4358.69739
2026-08-19 08:30:00+00:00,4358.57307,4360.66715,4356.72897,4356.96625
2026-08-19 08:35:00+00:00,4357.41626,4361.099,4356.04669,4360.82377
2026-08-19 08:40:00+00:00,4360.55651,4362.74426,4359.22921,4362.31142
2026-08-19 08:45:00+00:00,4361.42024,4363.00175,4361.42024,4361.83219
2026-08-19 08:50:00+00:00,4361.84592,4362.51341,4358.72089,4358.95893
2026-08-19 08:55:00+00:00,4359.31558,4359.31558,4355.21101,4355.3359
2026-08-19 09:00:00+00:00,4355.37304,4358.5498,4355.37304,4358.13985
2026-08-19 09:05:00+00:00,4357.13192,4359.3008,4355.5904,4356.70824
2026-08-19 09:10:00+00:00,4356.60487,4357.04885,4355.5904,4356.31537
2026-08-19 09:15:00+00:00,4356.21412,4356.34938,4354.33984,4354.47021
2026-08-19 09:20:00+00:00,4354.66818,4356.64561,4354.07324,4356.40747
2026-08-19 09:25:00+00:00,4355.88842,4356.95015,4354.07324,4354.66383
2026-08-19 09:30:00+00:00,4354.91649,4357.48834,4354.91649,4356.2299
2026-08-19 09:35:00+00:00,4356.33283,4357.10862,4356.29465,4356.76423
2026-08-19 09:40:00+00:00,4356.71585,4361.2892,4356.71585,4358.97434
2026-08-19 09:45:00+00:00,4359.21757,4359.89807,4358.6279,4359.84866
2026-08-19 09:50:00+00:00,4359.61211,4360.85492,4357.98784,4358.21695
2026-08-19 09:55:00+00:00,4358.66243,4361.72924,4358.66243,4361.33948
2026-08-19 10:00:00+00:00,4360.46934,4363.71353,4360.46934,4360.77887
2026-08-19 10:05:00+00:00,4360.89524,4362.62106,4359.45708,4362.51795
2026-08-19 10:10:00+00:00,4362.30984,4363.86344,4361.099,4363.50664
2026-08-19 10:15:00+00:00,4363.03558,4368.33828,4363.03558,4368.07644
2026-08-19 10:20:00+00:00,4367.53463,4368.69141,4367.10946,4368.57885
2026-08-19 10:25:00+00:00,4368.38798,4368.90211,4366.77836,4368.57474
2026-08-19 10:30:00+00:00,4368.15386,4369.29261,4366.81223,4366.88718
2026-08-19 10:35:00+00:00,4366.93843,4367.5937,4366.6954,4367.15921
2026-08-19 10:40:00+00:00,4367.24776,4368.33476,4366.32625,4367.35387
2026-08-19 10:45:00+00:00,4367.76101,4368.71997,4367.76101,4368.66054
2026-08-19 10:50:00+00:00,4368.55595,4368.5865,4367.26343,4367.38161
2026-08-19 10:55:00+00:00,4367.54249,4367.78031,4366.27329,4366.42093
2026-08-19 11:00:00+00:00,4366.74137,4370.92881,4366.74137,4370.84097
2026-08-19 11:05:00+00:00,4370.65053,4374.07051,4369.03449,4372.0218
2026-08-19 11:10:00+00:00,4372.44643,4374.26184,4371.5847,4374.12092
2026-08-19 11:15:00+00:00,4373.77887,4375.44645,4370.05637,4370.17049
2026-08-19 11:20:00+00:00,4370.31533,4371.01145,4368.91083,4370.93754
2026-08-19 11:25:00+00:00,4370.66224,4373.30534,4369.96133,4371.54628
2026-08-19 11:30:00+00:00,4371.99962,4371.99962,4369.29261,4369.84283
2026-08-19 11:35:00+00:00,4369.76876,4369.76876,4368.27446,4368.44671
2026-08-19 11:40:00+00:00,4368.74228,4368.74228,4363.38249,4363.52171
2026-08-19 11:45:00+00:00,4363.64189,4367.01114,4363.64189,4366.68248
2026-08-19 11:50:00+00:00,4365.83229,4368.34772,4363.44024,4365.64808
2026-08-19 11:55:00+00:00,4364.80924,4366.62154,4364.80924,4365.2094
2026-08-19 12:00:00+00:00,4365.38545,4365.38545,4362.16753,4362.40508
2026-08-19 12:05:00+00:00,4362.73288,4367.47576,4362.73288,4367.14271
2026-08-19 12:10:00+00:00,4366.37097,4370.05637,4366.37097,4368.1259
2026-08-19 12:15:00+00:00,4368.30429,4369.48353,4365.85898,4366.13798
2026-08-19 12:20:00+00:00,4366.74489,4373.64213,4366.74489,4370.95194
2026-08-19 12:25:00+00:00,4372.28816,4372.28816,4368.32047,4370.21676
2026-08-19 12:30:00+00:00,4369.72442,4380.61894,4368.91083,4378.94625
2026-08-19 12:35:00+00:00,4374.76692,4414.33607,4374.76692,4412.47401
2026-08-19 12:40:00+00:00,4408.07047,4418.70861,4407.22785,4407.89135
2026-08-19 12:45:00+00:00,4408.29597,4421.56295,4408.29597,4416.98591
2026-08-19 12:50:00+00:00,4414.82139,4424.11281,4411.86852,4423.11276
2026-08-19 12:55:00+00:00,4420.78207,4442.47001,4420.16422,4437.9365
2026-08-19 13:00:00+00:00,4438.10521,4442.56555,4427.71751,4428.68296
2026-08-19 13:05:00+00:00,4430.52081,4439.63871,4423.90281,4437.51222
2026-08-19 13:10:00+00:00,4434.60011,4463.28944,4434.60011,4461.33069
2026-08-19 13:15:00+00:00,4457.96873,4462.23819,4457.82405,4459.16328
2026-08-19 13:20:00+00:00,4459.94044,4461.69634,4457.32115,4460.58691
2026-08-19 13:25:00+00:00,4459.94637,4460.90021,4455.93084,4456.43648
2026-08-19 13:30:00+00:00,4457.3038,4465.28243,4454.88109,4465.09554
2026-08-19 13:35:00+00:00,4464.81376,4464.81376,4444.44444,4455.38483
2026-08-19 13:40:00+00:00,4453.87438,4461.41639,4450.07205,4460.33949
2026-08-19 13:45:00+00:00,4458.49344,4463.04779,4452.55799,4453.25511
2026-08-19 13:50:00+00:00,4454.4452,4455.33526,4444.41982,4454.80815
2026-08-19 13:55:00+00:00,4453.6558,4460.9296,4452.16152,4460.36158
2026-08-19 14:00:00+00:00,4459.65015,4463.43426,4455.52334,4460.67669
2026-08-19 14:05:00+00:00,4459.6043,4470.47253,4459.6043,4470.13008
2026-08-19 14:10:00+00:00,4469.4806,4476.07538,4467.72085,4475.48068
2026-08-19 14:15:00+00:00,4474.31396,4476.67652,4473.07211,4473.603
2026-08-19 14:20:00+00:00,4474.12863,4478.29097,4471.96609,4477.54225
2026-08-19 14:25:00+00:00,4475.68741,4486.71931,4475.68741,4486.6387
2026-08-19 14:30:00+00:00,4486.42125,4489.56457,4485.56438,4486.96211
2026-08-19 14:35:00+00:00,4487.98705,4492.86174,4485.91423,4489.79586
2026-08-19 14:40:00+00:00,4489.38378,4496.60506,4489.38378,4496.26355
2026-08-19 14:45:00+00:00,4496.35907,4496.35907,4479.63326,4480.12525
2026-08-19 14:50:00+00:00,4481.16487,4487.12196,4479.08268,4484.73261
2026-08-19 14:55:00+00:00,4485.13617,4488.93478,4483.70174,4487.65123
2026-08-19 15:00:00+00:00,4487.82029,4488.97207,4483.09872,4484.13477
2026-08-19 15:05:00+00:00,4483.81745,4486.17408,4483.49861,4484.35943
2026-08-19 15:10:00+00:00,4485.22614,4488.33034,4479.00483,4487.69506
2026-08-19 15:15:00+00:00,4486.48164,4486.71931,4485.10944,4485.85608
2026-08-19 15:20:00+00:00,4485.73891,4487.32331,4483.16975,4483.75076
2026-08-19 15:25:00+00:00,4484.72237,4484.72237,4478.68148,4483.30503
2026-08-19 15:30:00+00:00,4482.98605,4485.37694,4481.29061,4484.87067
2026-08-19 15:35:00+00:00,4484.22594,4487.72607,4483.53861,4486.21868
2026-08-19 15:40:00+00:00,4486.67148,4491.41372,4485.10944,4490.46265
2026-08-19 15:45:00+00:00,4488.10841,4492.76665,4488.10841,4491.8792
2026-08-19 15:50:00+00:00,4491.93166,4493.05426,4488.33034,4492.29924
2026-08-19 15:55:00+00:00,4491.73166,4492.56481,4490.95073,4491.80575
2026-08-19 16:00:00+00:00,4491.98617,4497.00949,4491.98617,4495.95319
2026-08-19 16:05:00+00:00,4495.69759,4496.91461,4491.24679,4496.4774
2026-08-19 16:10:00+00:00,4495.88079,4498.2232,4495.88079,4497.92379
2026-08-19 16:15:00+00:00,4497.7882,4498.28809,4496.30531,4496.56168
2026-08-19 16:20:00+00:00,4497.05061,4497.05061,4493.3991,4495.65298
2026-08-19 16:25:00+00:00,4494.78986,4496.60506,4491.49179,4491.90403
2026-08-19 16:30:00+00:00,4492.61313,4495.19015,4490.95073,4495.05081
2026-08-19 16:35:00+00:00,4494.75433,4496.20071,4492.9685,4495.94789
2026-08-19 16:40:00+00:00,4495.39541,4496.07519,4494.58403,4495.43697
2026-08-19 16:45:00+00:00,4495.19302,4496.20071,4493.55898,4494.58209
2026-08-19 16:50:00+00:00,4494.78213,4497.41399,4494.28443,4497.00088
2026-08-19 16:55:00+00:00,4497.29955,4497.29955,4493.64127,4494.60203
2026-08-19 17:00:00+00:00,4494.61982,4498.62792,4494.38202,4495.88472
2026-08-19 17:05:00+00:00,4496.39868,4496.63029,4491.95939,4492.26883
2026-08-19 17:10:00+00:00,4492.61323,4494.66536,4488.99054,4492.65309
2026-08-19 17:15:00+00:00,4492.11886,4492.71343,4488.33487,4488.67517
2026-08-19 17:20:00+00:00,4489.21824,4490.19758,4487.92748,4488.77896
2026-08-19 17:25:00+00:00,4489.29207,4490.15069,4486.71931,4486.86545
2026-08-19 17:30:00+00:00,4486.93643,4489.41518,4484.50603,4488.17782
2026-08-19 17:35:00+00:00,4487.04893,4489.94253,4486.4039,4488.99563
2026-08-19 17:40:00+00:00,4489.04806,4491.95939,4487.92339,4490.11323
2026-08-19 17:45:00+00:00,4490.57536,4490.57536,4488.33034,4488.39606
2026-08-19 17:50:00+00:00,4488.45762,4488.76029,4486.11547,4486.33713
2026-08-19 17:55:00+00:00,4486.73777,4487.21736,4485.10944,4485.14016
2026-08-19 18:00:00+00:00,4485.34899,4494.78605,4485.34899,4494.53434
2026-08-19 18:05:00+00:00,4494.1923,4495.518,4487.12196,4490.00022
2026-08-19 18:10:00+00:00,4489.70015,4490.14413,4486.88529,4489.97787
2026-08-19 18:15:00+00:00,4489.6084,4489.6084,4482.69679,4482.87654
2026-08-19 18:20:00+00:00,4482.82615,4485.713,4482.10507,4482.29527
2026-08-19 18:25:00+00:00,4482.55896,4482.55896,4474.07275,4474.50098
2026-08-19 18:30:00+00:00,4475.18692,4479.68463,4473.67244,4479.04504
2026-08-19 18:35:00+00:00,4478.01089,4482.49585,4478.01089,4481.92795
2026-08-19 18:40:00+00:00,4481.27835,4491.55587,4481.27835,4491.44404
2026-08-19 18:45:00+00:00,4491.18868,4491.45279,4489.64058,4491.08342
2026-08-19 18:50:00+00:00,4490.56374,4495.33654,4490.03124,4494.44221
2026-08-19 18:55:00+00:00,4492.22641,4496.20071,4492.22641,4495.39023
2026-08-19 19:00:00+00:00,4495.36185,4497.5295,4494.98417,4497.17818
2026-08-19 19:05:00+00:00,4496.41804,4503.89027,4495.79643,4502.0949
2026-08-19 19:10:00+00:00,4499.69263,4506.12833,4499.69263,4503.80477
2026-08-19 19:15:00+00:00,4504.34841,4505.72227,4502.88184,4505.60671
2026-08-19 19:20:00+00:00,4505.4126,4506.45159,4502.88184,4504.3268
2026-08-19 19:25:00+00:00,4503.67427,4506.89655,4503.67427,4506.62634
2026-08-19 19:30:00+00:00,4505.85857,4509.68903,4505.85857,4509.5076
2026-08-19 19:35:00+00:00,4509.13317,4509.98963,4504.70742,4504.93667
2026-08-19 19:40:00+00:00,4505.43605,4507.4403,4503.89587,4506.1184
2026-08-19 19:45:00+00:00,4505.5865,4510.84794,4504.63603,4510.1925
2026-08-19 19:50:00+00:00,4509.19708,4512.01627,4509.19708,4510.32769
2026-08-19 19:55:00+00:00,4510.53835,4512.22814,4509.37951,4509.53957
2026-08-19 20:00:00+00:00,4509.77739,4512.22814,4509.17617,4509.47543
2026-08-19 20:05:00+00:00,4509.62925,4510.18139,4508.36301,4509.99149
2026-08-19 20:10:00+00:00,4509.73714,4511.08472,4506.2707,4506.66626
2026-08-19 20:15:00+00:00,4507.28275,4510.61982,4505.72227,4509.99277
2026-08-19 20:20:00+00:00,4508.44096,4512.85114,4508.44096,4512.68188
2026-08-19 20:25:00+00:00,4512.29569,4522.22674,4511.68903,4519.16879
2026-08-19 20:30:00+00:00,4520.33651,4522.59464,4517.93621,4522.28133
2026-08-19 20:35:00+00:00,4521.68503,4523.04491,4518.86592,4518.946
2026-08-19 20:40:00+00:00,4519.18817,4520.38695,4519.18817,4520.32601
2026-08-19 20:45:00+00:00,4520.18566,4522.22674,4519.21302,4521.11086
2026-08-19 20:50:00+00:00,4521.28199,4522.84034,4520.91196,4522.65586
2026-08-19 20:55:00+00:00,4522.449,4524.47742,4522.449,4523.24519
2026-08-19 21:00:00+00:00,4523.14482,4523.14482,4522.79702,4522.87167
2026-08-19 21:05:00+00:00,4522.81624,4523.0159,4522.63579,4522.78619
2026-08-19 21:10:00+00:00,4522.81907,4523.00156,4522.73258,4522.83202
2026-08-19 21:15:00+00:00,4522.77979,4522.99424,4522.63579,4522.91548
2026-08-19 21:20:00+00:00,4522.81457,4523.10723,4522.7062,4523.01637
2026-08-19 21:25:00+00:00,4522.92699,4523.01058,4522.77584,4522.78392
2026-08-19 21:30:00+00:00,4522.81702,4522.97983,4522.70196,4522.88793
2026-08-19 21:35:00+00:00,4522.84162,4522.97236,4522.5872,4522.90312
2026-08-19 21:40:00+00:00,4522.80025,4523.05386,4522.43126,4522.84812
2026-08-19 21:45:00+00:00,4522.71095,4523.11014,4522.69638,4522.72344
2026-08-19 21:50:00+00:00,4522.82971,4523.04491,4522.7719,4522.86154
2026-08-19 21:55:00+00:00,4522.81989,4522.98647,4522.76532,4522.92102
2026-08-19 22:00:00+00:00,4522.81989,4527.83263,4519.16124,4519.70932
2026-08-19 22:05:00+00:00,4520.85562,4523.99542,4520.85562,4521.23399
2026-08-19 22:10:00+00:00,4521.64205,4521.64205,4518.97168,4521.06286
2026-08-19 22:15:00+00:00,4520.47059,4521.61331,4519.36322,4519.51093
2026-08-19 22:20:00+00:00,4519.89832,4521.00005,4519.36548,4520.89953
2026-08-19 22:25:00+00:00,4520.7297,4521.48868,4519.77401,4520.3841
2026-08-19 22:30:00+00:00,4520.22411,4522.02005,4518.34448,4518.59171
2026-08-19 22:35:00+00:00,4519.00953,4519.77401,4518.27689,4519.1448
2026-08-19 22:40:00+00:00,4519.10868,4519.36548,4517.7321,4518.2441
2026-08-19 22:45:00+00:00,4518.24108,4520.59129,4518.14033,4520.5298
2026-08-19 22:50:00+00:00,4520.28017,4521.81777,4519.459,4519.71764
2026-08-19 22:55:00+00:00,4520.10074,4520.10074,4518.82111,4519.72518
2026-08-19 23:00:00+00:00,4519.5825,4525.76298,4516.71989,4518.10014
2026-08-19 23:05:00+00:00,4519.18136,4523.39019,4519.18136,4522.0722
2026-08-19 23:10:00+00:00,4522.25878,4522.25878,4520.18262,4520.40939
2026-08-19 23:15:00+00:00,4520.36626,4520.4351,4518.54864,4519.66267
2026-08-19 23:20:00+00:00,4519.43828,4519.82573,4516.71183,4517.04146
2026-08-19 23:25:00+00:00,4517.46528,4520.08633,4516.50784,4518.33898
2026-08-19 23:30:00+00:00,4517.90537,4518.14033,4516.54835,4517.24067
2026-08-19 23:35:00+00:00,4517.15283,4517.15283,4514.0613,4514.20419
2026-08-19 23:40:00+00:00,4514.50602,4515.1761,4513.85027,4514.96238
2026-08-19 23:45:00+00:00,4514.67541,4516.38063,4513.8532,4515.60637
2026-08-19 23:50:00+00:00,4515.48412,4515.48412,4513.07219,4513.25481
2026-08-19 23:55:00+00:00,4513.49364,4513.49364,4511.27006,4512.40234
2026-08-20 00:00:00+00:00,4512.30308,4517.32394,4511.33788,4517.04458
2026-08-20 00:05:00+00:00,4516.41094,4517.32394,4514.13046,4517.06677
2026-08-20 00:10:00+00:00,4516.71218,4520.36706,4512.63538,4513.55706
2026-08-20 00:15:00+00:00,4513.76873,4521.40887,4512.73141,4521.05722
2026-08-20 00:20:00+00:00,4520.30581,4521.85344,4510.39646,4510.72929
2026-08-20 00:25:00+00:00,4510.92959,4511.62673,4510.59991,4511.43448
2026-08-20 00:30:00+00:00,4511.1664,4512.63538,4508.86375,4510.87817
2026-08-20 00:35:00+00:00,4511.01812,4512.02455,4509.2273,4509.99898
2026-08-20 00:40:00+00:00,4510.61198,4510.61198,4504.09873,4504.32722
2026-08-20 00:45:00+00:00,4504.55489,4507.45689,4504.55489,4507.22706
2026-08-20 00:50:00+00:00,4506.60093,4509.58286,4505.72227,4507.37218
2026-08-20 00:55:00+00:00,4506.88529,4510.19304,4505.51926,4509.85331
2026-08-20 01:00:00+00:00,4509.61846,4509.61846,4493.97807,4494.56766
2026-08-20 01:05:00+00:00,4495.86102,4498.8303,4492.9685,4498.29663
2026-08-20 01:10:00+00:00,4497.46088,4500.0428,4493.57419,4493.81803
2026-08-20 01:15:00+00:00,4494.04891,4497.61626,4493.17038,4497.34713
2026-08-20 01:20:00+00:00,4496.83299,4502.88184,4496.49995,4501.5696
2026-08-20 01:25:00+00:00,4501.65833,4502.47636,4498.02087,4502.04375
2026-08-20 01:30:00+00:00,4501.20625,4501.20625,4497.41399,4498.92617
2026-08-20 01:35:00+00:00,4498.3504,4499.84251,4496.20071,4497.35628
2026-08-20 01:40:00+00:00,4497.13066,4498.2232,4493.57419,4495.71418
2026-08-20 01:45:00+00:00,4495.56269,4495.56269,4492.11304,4492.35878
2026-08-20 01:50:00+00:00,4492.68765,4493.39747,4485.64521,4486.55389
2026-08-20 01:55:00+00:00,4488.5657,4488.60492,4484.10385,4487.98737
2026-08-20 02:00:00+00:00,4487.10946,4497.1408,4487.10946,4496.50108
2026-08-20 02:05:00+00:00,4495.70385,4498.8303,4495.19015,4495.3393
2026-08-20 02:10:00+00:00,4495.41417,4499.64003,4495.4052,4499.48531
2026-08-20 02:15:00+00:00,4499.31554,4499.31554,4491.14769,4492.23583
2026-08-20 02:20:00+00:00,4494.22714,4494.22714,4489.74094,4492.92897
2026-08-20 02:25:00+00:00,4492.2396,4494.9262,4491.67762,4491.81248
2026-08-20 02:30:00+00:00,4492.22697,4493.77612,4492.22697,4492.90193
2026-08-20 02:35:00+00:00,4493.38457,4493.89271,4490.95073,4493.62779
2026-08-20 02:40:00+00:00,4493.17831,4493.6169,4490.74906,4490.94215
2026-08-20 02:45:00+00:00,4491.28951,4491.55587,4490.36263,4490.66652
2026-08-20 02:50:00+00:00,4491.26899,4493.2969,4489.94253,4492.68338
2026-08-20 02:55:00+00:00,4491.7247,4494.18004,4491.7247,4491.94986
2026-08-20 03:00:00+00:00,4491.92851,4496.60506,4490.95073,4494.74662
2026-08-20 03:05:00+00:00,4494.92945,4497.63676,4493.59027,4494.33813
2026-08-20 03:10:00+00:00,4495.42709,4496.12749,4487.11983,4492.06129
2026-08-20 03:15:00+00:00,4491.74715,4492.57411,4491.15243,4491.31018
2026-08-20 03:20:00+00:00,4491.33628,4495.79643,4491.33628,4495.55249
2026-08-20 03:25:00+00:00,4494.98193,4495.79643,4493.97807,4494.14095
2026-08-20 03:30:00+00:00,4494.17597,4497.42006,4493.22869,4494.80357
2026-08-20 03:35:00+00:00,4495.3456,4498.73426,4494.72036,4494.91746
2026-08-20 03:40:00+00:00,4495.55066,4498.2232,4495.55066,4496.52331
2026-08-20 03:45:00+00:00,4497.03344,4498.62792,4497.03344,4497.31916
2026-08-20 03:50:00+00:00,4497.52011,4500.045,4497.52011,4499.9286
2026-08-20 03:55:00+00:00,4499.69172,4500.85516,4498.42555,4498.6167
2026-08-20 04:00:00+00:00,4498.90657,4499.55859,4496.54645,4497.0206
2026-08-20 04:05:00+00:00,4497.85437,4497.85437,4495.59432,4497.70701
2026-08-20 04:10:00+00:00,4497.46417,4497.53129,4496.95222,4497.47768
2026-08-20 04:15:00+00:00,4497.34444,4497.34444,4495.39222,4496.41818
2026-08-20 04:20:00+00:00,4496.42962,4496.42962,4494.78605,4495.33534
2026-08-20 04:25:00+00:00,4495.6123,4495.6123,4491.57251,4492.351
2026-08-20 04:30:00+00:00,4493.89127,4493.89127,4487.52468,4487.66993
2026-08-20 04:35:00+00:00,4488.04735,4488.5318,4486.71931,4486.85752
2026-08-20 04:40:00+00:00,4487.01364,4488.73328,4486.42433,4487.60255
2026-08-20 04:45:00+00:00,4487.69961,4489.69151,4487.32331,4489.52112
2026-08-20 04:50:00+00:00,4489.02422,4491.35414,4489.02422,4491.25463
2026-08-20 04:55:00+00:00,4491.04625,4491.04625,4488.73328,4488.88341
2026-08-20 05:00:00+00:00,4489.12793,4491.60696,4488.5318,4491.34007
2026-08-20 05:05:00+00:00,4490.9921,4493.2976,4490.9921,4491.56878
2026-08-20 05:10:00+00:00,4491.93016,4491.93016,4485.58991,4486.55794
2026-08-20 05:15:00+00:00,4488.81201,4488.81201,4484.30493,4485.91738
2026-08-20 05:20:00+00:00,4485.82655,4486.74473,4484.00573,4484.36463
2026-08-20 05:25:00+00:00,4485.22011,4487.32331,4483.90279,4484.08209
2026-08-20 05:30:00+00:00,4484.27097,4484.79866,4481.33851,4481.80516
2026-08-20 05:35:00+00:00,4482.60196,4482.60196,4478.4809,4478.67649
2026-08-20 05:40:00+00:00,4479.033,4481.89315,4479.033,4481.79799
2026-08-20 05:45:00+00:00,4481.58993,4481.58993,4479.48396,4481.16718
2026-08-20 05:50:00+00:00,4480.97053,4481.72195,4478.99871,4479.26833
2026-08-20 05:55:00+00:00,4479.78508,4482.26615,4478.64714,4481.86071
2026-08-20 06:00:00+00:00,4480.96645,4485.5541,4480.28409,4485.14928
2026-08-20 06:05:00+00:00,4484.632,4491.15243,4484.632,4490.34058
2026-08-20 06:10:00+00:00,4489.9558,4492.9685,4489.9558,4492.65485
2026-08-20 06:15:00+00:00,4491.8987,4495.59432,4491.8987,4493.62673
2026-08-20 06:20:00+00:00,4494.09732,4494.09732,4492.56481,4492.6292
2026-08-20 06:25:00+00:00,4492.78214,4494.82621,4492.76665,4494.59875
2026-08-20 06:30:00+00:00,4494.247,4495.33958,4492.93928,4493.33575
2026-08-20 06:35:00+00:00,4493.67063,4494.98809,4493.67063,4494.02486
2026-08-20 06:40:00+00:00,4494.26985,4494.26985,4492.61612,4492.7314
2026-08-20 06:45:00+00:00,4492.86857,4495.65144,4492.16118,4493.70257
2026-08-20 06:50:00+00:00,4493.88394,4494.43939,4492.16118,4493.04317
2026-08-20 06:55:00+00:00,4492.84011,4493.93251,4491.55587,4493.67571
2026-08-20 07:00:00+00:00,4492.93294,4494.44879,4488.33034,4488.57138
2026-08-20 07:05:00+00:00,4489.00392,4490.10108,4487.72607,4489.72188
2026-08-20 07:10:00+00:00,4488.81084,4490.42591,4488.53243,4488.72816
2026-08-20 07:15:00+00:00,4489.00867,4489.00867,4487.48982,4487.65401
2026-08-20 07:20:00+00:00,4487.91886,4487.98526,4486.71931,4486.81044
2026-08-20 07:25:00+00:00,4486.94822,4487.85406,4484.11884,4484.35699
2026-08-20 07:30:00+00:00,4484.79919,4487.53568,4483.90279,4486.72362
2026-08-20 07:35:00+00:00,4485.02209,4491.15243,4485.02209,4490.2698
2026-08-20 07:40:00+00:00,4490.26871,4493.52108,4489.94253,4490.62209
2026-08-20 07:45:00+00:00,4491.13425,4492.56481,4489.13629,4489.52078
2026-08-20 07:50:00+00:00,4490.19014,4490.19014,4488.73328,4489.08633
2026-08-20 07:55:00+00:00,4489.53723,4492.10378,4489.53723,4490.07986
2026-08-20 08:00:00+00:00,4490.34048,4493.17535,4489.90308,4493.03663
2026-08-20 08:05:00+00:00,4492.84034,4494.18004,4491.75762,4493.76428
2026-08-20 08:10:00+00:00,4493.6865,4494.78605,4491.55587,4492.08567
2026-08-20 08:15:00+00:00,4492.15287,4498.2232,4490.61455,4497.09518
2026-08-20 08:20:00+00:00,4497.40467,4499.16843,4495.59432,4497.37196
2026-08-20 08:25:00+00:00,4497.25242,4497.25242,4490.14413,4490.3378
2026-08-20 08:30:00+00:00,4490.5852,4493.92355,4487.12196,4490.57455
2026-08-20 08:35:00+00:00,4488.76127,4497.41813,4488.76127,4496.39852
2026-08-20 08:40:00+00:00,4494.09771,4494.09771,4490.5474,4492.4524
2026-08-20 08:45:00+00:00,4492.19584,4492.19584,4488.5318,4488.72435
2026-08-20 08:50:00+00:00,4488.77591,4491.35129,4487.81597,4491.02914
2026-08-20 08:55:00+00:00,4490.42652,4492.71208,4488.33034,4488.57513
2026-08-20 09:00:00+00:00,4488.53852,4490.45816,4488.53852,4490.1904
2026-08-20 09:05:00+00:00,4489.47732,4493.17038,4487.96154,4492.91685
2026-08-20 09:10:00+00:00,4492.43056,4493.17038,4491.08635,4492.21428
2026-08-20 09:15:00+00:00,4491.87065,4493.77612,4490.27846,4490.64245
2026-08-20 09:20:00+00:00,4491.2406,4492.16118,4488.73328,4490.64579
2026-08-20 09:25:00+00:00,4491.02061,4491.02061,4488.73328,4489.58445
2026-08-20 09:30:00+00:00,4489.27234,4489.94253,4487.73668,4489.11684
2026-08-20 09:35:00+00:00,4489.18292,4489.18292,4484.70715,4484.95085
2026-08-20 09:40:00+00:00,4485.47628,4489.90025,4485.47628,4489.68653
2026-08-20 09:45:00+00:00,4489.04694,4490.14413,4485.5118,4485.75096
2026-08-20 09:50:00+00:00,4486.12999,4486.3185,4483.45869,4483.67575
2026-08-20 09:55:00+00:00,4483.95288,4484.16271,4482.09403,4483.94486
2026-08-20 10:00:00+00:00,4483.58739,4485.62485,4480.88901,4485.26008
2026-08-20 10:05:00+00:00,4484.64902,4488.52649,4484.64902,4487.93505
2026-08-20 10:10:00+00:00,4487.19728,4490.52789,4487.19728,4490.10427
2026-08-20 10:15:00+00:00,4489.54642,4491.24025,4489.54642,4491.17333
2026-08-20 10:20:00+00:00,4491.07479,4492.36313,4486.47681,4486.69849
2026-08-20 10:25:00+00:00,4487.21391,4492.74707,4487.21391,4492.29737
2026-08-20 10:30:00+00:00,4491.26412,4495.12233,4491.26412,4494.7535
2026-08-20 10:35:00+00:00,4494.17505,4494.24642,4490.95073,4491.22769
2026-08-20 10:40:00+00:00,4491.64786,4491.64786,4490.41293,4491.14583
2026-08-20 10:45:00+00:00,4490.92752,4491.44229,4489.74094,4490.31649
2026-08-20 10:50:00+00:00,4490.23078,4490.74906,4488.48514,4488.77909
2026-08-20 10:55:00+00:00,4489.32424,4489.94203,4487.92748,4489.611
2026-08-20 11:00:00+00:00,4488.88885,4491.71686,4487.78453,4489.52877
2026-08-20 11:05:00+00:00,4490.47573,4490.47573,4486.31673,4486.46435
2026-08-20 11:10:00+00:00,4486.69255,4487.32331,4484.00499,4484.71018
2026-08-20 11:15:00+00:00,4485.63541,4485.63541,4480.88901,4481.35766
2026-08-20 11:20:00+00:00,4482.13443,4485.91423,4481.83189,4485.67906
2026-08-20 11:25:00+00:00,4485.24807,4489.94253,4484.66651,4485.15906
2026-08-20 11:30:00+00:00,4486.14782,4486.14782,4483.38621,4484.01356
2026-08-20 11:35:00+00:00,4484.31005,4486.71931,4479.68463,4480.04196
2026-08-20 11:40:00+00:00,4480.60394,4481.69229,4476.0501,4476.6672
2026-08-20 11:45:00+00:00,4477.7175,4477.7175,4467.47677,4467.69677
2026-08-20 11:50:00+00:00,4468.56192,4471.67196,4467.34632,4469.68311
2026-08-20 11:55:00+00:00,4468.87395,4469.67327,4466.27959,4467.42964
2026-08-20 12:00:00+00:00,4467.26941,4468.45725,4458.47253,4458.74249
2026-08-20 12:05:00+00:00,4459.25747,4459.25747,4451.3688,4456.33908
2026-08-20 12:10:00+00:00,4455.6316,4466.08012,4455.6316,4465.63087
2026-08-20 12:15:00+00:00,4464.97265,4467.03077,4462.53326,4466.57829
2026-08-20 12:20:00+00:00,4466.03515,4466.55263,4462.09451,4465.11502
2026-08-20 12:25:00+00:00,4464.08795,4466.0756,4456.32799,4459.79916
2026-08-20 12:30:00+00:00,4459.5524,4459.5524,4454.24617,4454.39832
2026-08-20 12:35:00+00:00,4454.63234,4460.70122,4452.9518,4458.45477
2026-08-20 12:40:00+00:00,4458.72592,4466.23691,4458.64141,4459.97
2026-08-20 12:45:00+00:00,4461.67352,4470.76252,4461.67352,4470.21842
2026-08-20 12:50:00+00:00,4469.5093,4475.27411,4469.43156,4472.69946
2026-08-20 12:55:00+00:00,4473.01641,4476.07538,4472.07191,4475.87318
2026-08-20 13:00:00+00:00,4475.45371,4483.90279,4474.33599,4480.86851
2026-08-20 13:05:00+00:00,4481.12717,4482.11904,4474.80056,4475.4654
2026-08-20 13:10:00+00:00,4476.83789,4476.83789,4473.2722,4474.58407
2026-08-20 13:15:00+00:00,4474.39437,4475.53203,4471.67196,4475.26156
2026-08-20 13:20:00+00:00,4474.68934,4475.67471,4472.07191,4472.34478
2026-08-20 13:25:00+00:00,4472.90388,4474.99599,4470.72172,4474.49983
2026-08-20 13:30:00+00:00,4473.54645,4475.87503,4470.87227,4474.1923
2026-08-20 13:35:00+00:00,4472.62355,4485.91423,4471.33611,4484.28288
2026-08-20 13:40:00+00:00,4483.7628,4487.12196,4479.88531,4486.87278
2026-08-20 13:45:00+00:00,4486.3928,4487.72607,4481.49144,4482.34851
2026-08-20 13:50:00+00:00,4482.43199,4486.11547,4480.72978,4485.76371
2026-08-20 13:55:00+00:00,4485.07482,4485.60585,4480.08602,4480.32202
2026-08-20 14:00:00+00:00,4480.77794,4491.47858,4480.77794,4485.0835
2026-08-20 14:05:00+00:00,4486.71891,4486.71891,4482.49585,4485.24185
2026-08-20 14:10:00+00:00,4484.45034,4490.87392,4484.45034,4489.87114
2026-08-20 14:15:00+00:00,4487.56419,4489.53937,4484.10385,4486.70876
2026-08-20 14:20:00+00:00,4487.49053,4492.80983,4483.09872,4491.38182
2026-08-20 14:25:00+00:00,4488.57975,4494.38202,4487.91193,4488.16111
2026-08-20 14:30:00+00:00,4488.20759,4495.30867,4488.20759,4495.12113
2026-08-20 14:35:00+00:00,4494.63153,4502.39864,4494.63153,4495.69524
2026-08-20 14:40:00+00:00,4496.57763,4501.05775,4495.39222,4500.43302
2026-08-20 14:45:00+00:00,4499.5177,4506.4161,4496.97784,4505.92478
2026-08-20 14:50:00+00:00,4504.78428,4509.78624,4504.78428,4509.41414
2026-08-20 14:55:00+00:00,4508.76128,4515.48812,4508.76128,4515.19807
2026-08-20 15:00:00+00:00,4514.90805,4533.42272,4513.60401,4532.22417
2026-08-20 15:05:00+00:00,4530.19306,4535.94178,4525.6461,4533.59235
2026-08-20 15:10:00+00:00,4530.72597,4536.58758,4519.33571,4535.61921
2026-08-20 15:15:00+00:00,4534.20556,4539.4707,4532.47518,4539.0344
2026-08-20 15:20:00+00:00,4538.17358,4544.49492,4524.88688,4525.29765
2026-08-20 15:25:00+00:00,4525.72089,4534.11925,4525.28477,4533.75152
2026-08-20 15:30:00+00:00,4533.04405,4533.04405,4524.19458,4525.18938
2026-08-20 15:35:00+00:00,4526.88492,4526.88492,4519.68182,4520.90136
2026-08-20 15:40:00+00:00,4523.03094,4523.03094,4512.40687,4513.57935
2026-08-20 15:45:00+00:00,4515.47071,4520.19686,4510.11922,4520.00943
2026-08-20 15:50:00+00:00,4519.68974,4520.38695,4514.86876,4515.58497
2026-08-20 15:55:00+00:00,4516.71111,4523.45411,4516.71111,4523.20659
2026-08-20 16:00:00+00:00,4522.70363,4525.27575,4521.70204,4522.34812
2026-08-20 16:05:00+00:00,4523.6106,4523.6106,4519.56974,4519.66628
2026-08-20 16:10:00+00:00,4519.85942,4520.38695,4511.76415,4512.5947
2026-08-20 16:15:00+00:00,4514.05525,4514.05525,4508.97286,4511.49571
2026-08-20 16:20:00+00:00,4510.88099,4512.43175,4510.59991,4511.39126
2026-08-20 16:25:00+00:00,4511.27712,4512.78593,4505.72227,4506.00017
2026-08-20 16:30:00+00:00,4506.92433,4509.58286,4503.89587,4507.85028
2026-08-20 16:35:00+00:00,4505.77369,4512.43175,4505.77369,4508.09751
2026-08-20 16:40:00+00:00,4508.70512,4510.19304,4507.89438,4508.07337
2026-08-20 16:45:00+00:00,4508.40105,4512.43175,4508.40105,4511.49358
2026-08-20 16:50:00+00:00,4511.49728,4512.65317,4509.78624,4509.91456
2026-08-20 16:55:00+00:00,4510.21549,4511.30248,4508.97582,4511.01633
2026-08-20 17:00:00+00:00,4510.6599,4512.83903,4507.30952,4511.34498
2026-08-20 17:05:00+00:00,4511.50565,4511.61741,4508.76956,4508.9785
2026-08-20 17:10:00+00:00,4509.41073,4510.39646,4508.15977,4509.34305
2026-08-20 17:15:00+00:00,4509.23695,4511.61741,4508.95169,4511.12931
2026-08-20 17:20:00+00:00,4511.19446,4513.24638,4508.76956,4511.77302
2026-08-20 17:25:00+00:00,4512.57546,4515.0171,4510.54249,4510.70979
2026-08-20 17:30:00+00:00,4511.67167,4517.93621,4510.88107,4517.16139
2026-08-20 17:35:00+00:00,4516.74696,4518.14033,4516.0999,4516.77316
2026-08-20 17:40:00+00:00,4516.85612,4517.98286,4516.7825,4517.8297
2026-08-20 17:45:00+00:00,4517.38996,4520.31287,4517.38996,4520.19438
2026-08-20 17:50:00+00:00,4519.9769,4519.9769,4517.60437,4517.70796
2026-08-20 17:55:00+00:00,4517.9393,4520.18262,4517.9393,4520.07358
2026-08-20 18:00:00+00:00,4519.8551,4521.90668,4519.36548,4521.66546
2026-08-20 18:05:00+00:00,4521.231,4522.27838,4515.69203,4515.94888
2026-08-20 18:10:00+00:00,4516.42685,4517.22227,4509.98963,4510.25505
2026-08-20 18:15:00+00:00,4510.77467,4514.95112,4509.18284,4513.50537
2026-08-20 18:20:00+00:00,4510.16257,4517.93621,4510.16257,4516.41174
2026-08-20 18:25:00+00:00,4516.66286,4519.39806,4515.66428,4519.3236
2026-08-20 18:30:00+00:00,4519.02642,4521.44136,4519.02642,4520.00943
2026-08-20 18:35:00+00:00,4520.67733,4524.23357,4517.42237,4523.78923
2026-08-20 18:40:00+00:00,4523.09354,4523.09354,4520.59129,4520.96041
2026-08-20 18:45:00+00:00,4521.06078,4521.29645,4518.14033,4520.14482
2026-08-20 18:50:00+00:00,4519.41574,4524.68214,4519.41574,4524.01318
2026-08-20 18:55:00+00:00,4524.10794,4524.88688,4521.82404,4522.17384
2026-08-20 19:00:00+00:00,4522.88226,4522.88226,4519.9783,4522.10322
2026-08-20 19:05:00+00:00,4521.81724,4525.56379,4521.20445,4525.23193
2026-08-20 19:10:00+00:00,4524.31004,4527.78305,4524.17874,4527.53446
2026-08-20 19:15:00+00:00,4526.87692,4529.23794,4526.66073,4527.15417
2026-08-20 19:20:00+00:00,4527.96305,4527.96305,4522.99028,4527.36378
2026-08-20 19:25:00+00:00,4526.85741,4528.27477,4523.70203,4523.99171
2026-08-20 19:30:00+00:00,4524.46815,4524.47742,4523.21118,4524.40895
2026-08-20 19:35:00+00:00,4524.25023,4529.60094,4522.78751,4529.20805
2026-08-20 19:40:00+00:00,4528.38474,4529.57782,4527.34516,4527.38786
2026-08-20 19:45:00+00:00,4527.48144,4529.41154,4525.13062,4528.52666
2026-08-20 19:50:00+00:00,4527.29615,4531.86032,4527.29615,4531.29694
2026-08-20 19:55:00+00:00,4530.30167,4532.26976,4527.67782,4529.2124
2026-08-20 20:00:00+00:00,4528.70974,4529.19063,4525.91084,4527.91527
2026-08-20 20:05:00+00:00,4527.5849,4528.34501,4522.63579,4522.98909
2026-08-20 20:10:00+00:00,4523.60161,4524.88688,4523.04491,4523.41182
2026-08-20 20:15:00+00:00,4523.80709,4523.80709,4521.20445,4521.83474
2026-08-20 20:20:00+00:00,4521.75103,4522.16866,4521.34108,4521.40086
2026-08-20 20:25:00+00:00,4521.5593,4522.20987,4520.79566,4521.39711
2026-08-20 20:30:00+00:00,4521.34996,4521.37437,4517.90871,4518.25215
2026-08-20 20:35:00+00:00,4518.69016,4518.69016,4517.11988,4518.48977
2026-08-20 20:40:00+00:00,4518.34656,4518.68052,4517.7321,4518.57382
2026-08-20 20:45:00+00:00,4518.4749,4518.95702,4518.14033,4518.22454
2026-08-20 20:50:00+00:00,4518.33333,4521.86617,4518.05234,4521.5838
2026-08-20 20:55:00+00:00,4521.07781,4521.07781,4519.16124,4519.34377
2026-08-20 21:00:00+00:00,4519.29236,4519.29236,4518.95702,4519.16079
2026-08-20 21:05:00+00:00,4519.08998,4519.23014,4519.07112,4519.17601
2026-08-20 21:10:00+00:00,4519.08534,4519.28897,4519.02362,4519.07829
2026-08-20 21:15:00+00:00,4519.08317,4519.23866,4519.0651,4519.0651
2026-08-20 21:20:00+00:00,4519.08502,4519.29026,4518.94642,4519.15047
2026-08-20 21:25:00+00:00,4519.05179,4519.23654,4518.95702,4519.15159
2026-08-20 21:30:00+00:00,4519.0405,4519.49916,4518.85042,4519.14868
2026-08-20 21:35:00+00:00,4519.14826,4519.26547,4518.95702,4519.07482
2026-08-20 21:40:00+00:00,4519.09089,4519.30771,4518.95702,4519.15425
2026-08-20 21:45:00+00:00,4519.05867,4519.24179,4519.05867,4519.1691
2026-08-20 21:50:00+00:00,4519.08359,4519.27747,4518.95702,4519.20974
2026-08-20 21:55:00+00:00,4519.09678,4519.21946,4519.06183,4519.07673
2026-08-20 22:00:00+00:00,4519.08976,4521.20445,4518.5165,4520.38294
2026-08-20 22:05:00+00:00,4520.28752,4521.20248,4518.90117,4519.25028
2026-08-20 22:10:00+00:00,4519.92363,4520.10711,4517.52801,4518.43239
2026-08-20 22:15:00+00:00,4518.66507,4520.15073,4518.66507,4519.72592
2026-08-20 22:20:00+00:00,4519.85245,4520.06205,4518.34448,4518.40434
2026-08-20 22:25:00+00:00,4518.40287,4521.59412,4518.05823,4521.22413
2026-08-20 22:30:00+00:00,4520.61784,4520.61784,4518.95702,4520.04478
2026-08-20 22:35:00+00:00,4519.56914,4522.06047,4519.56914,4521.89192
2026-08-20 22:40:00+00:00,4521.50166,4523.55953,4521.50166,4523.44559
2026-08-20 22:45:00+00:00,4523.17545,4523.65874,4519.9783,4520.18386
2026-08-20 22:50:00+00:00,4520.52428,4524.27272,4520.52428,4524.19287
2026-08-20 22:55:00+00:00,4524.01852,4524.36327,4523.65874,4524.27869
2026-08-20 23:00:00+00:00,4524.18214,4529.51624,4523.15095,4529.06344
2026-08-20 23:05:00+00:00,4528.27235,4529.81306,4526.11569,4526.47541
2026-08-20 23:10:00+00:00,4527.16807,4531.87394,4524.88277,4531.73911
2026-08-20 23:15:00+00:00,4531.54379,4532.17993,4529.57672,4531.62218
2026-08-20 23:20:00+00:00,4531.08942,4532.50737,4528.57531,4528.67218
2026-08-20 23:25:00+00:00,4528.8785,4529.44672,4525.5012,4525.91662
2026-08-20 23:30:00+00:00,4526.71996,4527.34516,4523.65874,4524.13821
2026-08-20 23:35:00+00:00,4524.26532,4524.26532,4521.40887,4523.91412
2026-08-20 23:40:00+00:00,4523.49926,4524.72263,4523.14286,4524.31188
2026-08-20 23:45:00+00:00,4524.20644,4526.5554,4522.9415,4526.132
2026-08-20 23:50:00+00:00,4525.00588,4527.71387,4525.00588,4527.37667
2026-08-20 23:55:00+00:00,4526.51403,4527.96015,4526.28913,4527.09496
2026-08-21 00:00:00+00:00,4526.97837,4528.20864,4522.76508,4523.71661
2026-08-21 00:05:00+00:00,4525.21658,4525.21658,4520.49033,4522.56329
2026-08-21 00:10:00+00:00,4522.70681,4522.70681,4518.34448,4518.69569
2026-08-21 00:15:00+00:00,4519.20068,4519.20068,4515.89595,4518.68983
2026-08-21 00:20:00+00:00,4518.12766,4519.36548,4517.11988,4519.15899
2026-08-21 00:25:00+00:00,4518.74618,4521.20445,4516.91795,4517.47753
2026-08-21 00:30:00+00:00,4518.25531,4518.6255,4512.86385,4514.6646
2026-08-21 00:35:00+00:00,4514.87944,4515.48812,4512.63538,4512.70317
2026-08-21 00:40:00+00:00,4512.92934,4513.86307,4511.00686,4512.57806
2026-08-21 00:45:00+00:00,4511.16494,4513.93782,4510.1304,4510.3545
2026-08-21 00:50:00+00:00,4510.95033,4512.02455,4510.39646,4511.32626
2026-08-21 00:55:00+00:00,4511.4558,4511.4558,4510.39646,4511.17591
2026-08-21 01:00:00+00:00,4511.0523,4516.28708,4509.73245,4515.95728
2026-08-21 01:05:00+00:00,4515.52871,4518.81507,4512.63538,4515.26443
2026-08-21 01:10:00+00:00,4514.98155,4521.00005,4511.27655,4520.35419
2026-08-21 01:15:00+00:00,4519.24699,4525.91084,4519.24699,4523.65849
2026-08-21 01:20:00+00:00,4523.90995,4528.25981,4523.74484,4527.6223
2026-08-21 01:25:00+00:00,4526.81167,4530.21654,4525.91084,4529.99451
2026-08-21 01:30:00+00:00,4529.67887,4536.58758,4526.83702,4536.21565
2026-08-21 01:35:00+00:00,4535.48258,4539.17139,4529.56308,4530.518
2026-08-21 01:40:00+00:00,4532.58812,4532.58812,4523.65874,4526.44062
2026-08-21 01:45:00+00:00,4525.83842,4532.20086,4525.83842,4531.84332
2026-08-21 01:50:00+00:00,4531.11986,4532.47518,4525.5012,4527.62895
2026-08-21 01:55:00+00:00,4527.35664,4530.21654,4526.38364,4530.11923
2026-08-21 02:00:00+00:00,4529.82523,4532.45136,4525.09163,4525.62284
2026-08-21 02:05:00+00:00,4526.75167,4526.75167,4521.20445,4523.65674
2026-08-21 02:10:00+00:00,4523.32736,4524.67649,4518.48153,4519.01476
2026-08-21 02:15:00+00:00,4519.87392,4522.42302,4519.87392,4520.82712
2026-08-21 02:20:00+00:00,4521.336,4526.93894,4521.336,4526.51251
2026-08-21 02:25:00+00:00,4525.57029,4529.19063,4525.57029,4527.02712
2026-08-21 02:30:00+00:00,4527.71292,4530.01133,4526.32055,4526.81175
2026-08-21 02:35:00+00:00,4527.34664,4531.12984,4525.41669,4530.1276
2026-08-21 02:40:00+00:00,4527.65505,4536.18154,4527.65505,4535.72
2026-08-21 02:45:00+00:00,4535.05032,4538.85258,4535.05032,4538.59054
2026-08-21 02:50:00+00:00,4538.06029,4543.18295,4536.58758,4540.5837
2026-08-21 02:55:00+00:00,4540.78996,4540.78996,4534.35311,4535.1954
2026-08-21 03:00:00+00:00,4536.39434,4538.02868,4533.25799,4537.72328
2026-08-21 03:05:00+00:00,4536.79362,4536.79362,4532.88609,4533.76274
2026-08-21 03:10:00+00:00,4533.76339,4536.176,4533.76339,4534.46538
2026-08-21 03:15:00+00:00,4535.19256,4535.19256,4531.833,4534.03569
2026-08-21 03:20:00+00:00,4533.66477,4534.70177,4533.12918,4534.2349
2026-08-21 03:25:00+00:00,4534.03809,4534.03809,4531.51961,4531.66567
2026-08-21 03:30:00+00:00,4531.8603,4535.35308,4529.34666,4535.20118
2026-08-21 03:35:00+00:00,4534.78606,4537.83013,4529.99109,4530.2936
2026-08-21 03:40:00+00:00,4530.87622,4530.87622,4526.73034,4529.07834
2026-08-21 03:45:00+00:00,4528.90294,4532.75055,4528.90294,4532.48912
2026-08-21 03:50:00+00:00,4531.94115,4533.86425,4531.44825,4532.04166
2026-08-21 03:55:00+00:00,4532.4357,4535.57816,4532.4357,4535.07724
2026-08-21 04:00:00+00:00,4534.1904,4538.44059,4534.1904,4538.39899
2026-08-21 04:05:00+00:00,4538.25389,4538.64658,4535.74523,4535.96407
2026-08-21 04:10:00+00:00,4536.6309,4540.30974,4536.6309,4539.84437
2026-08-21 04:15:00+00:00,4539.03232,4540.70744,4538.13879,4540.16086
2026-08-21 04:20:00+00:00,4539.50284,4544.00872,4539.50284,4543.5351
2026-08-21 04:25:00+00:00,4542.97431,4547.10804,4542.97431,4546.46382
2026-08-21 04:30:00+00:00,4546.36085,4547.99406,4542.35748,4542.91114
2026-08-21 04:35:00+00:00,4543.97232,4544.42172,4542.35748,4542.42872
2026-08-21 04:40:00+00:00,4542.51891,4543.35155,4540.91363,4542.05631
2026-08-21 04:45:00+00:00,4541.86405,4541.86405,4540.91363,4541.17632
2026-08-21 04:50:00+00:00,4541.17886,4542.66812,4541.17886,4542.48177
2026-08-21 04:55:00+00:00,4542.14276,4542.47448,4540.91363,4541.00895
2026-08-21 05:00:00+00:00,4541.17517,4541.57295,4536.79339,4537.69558
2026-08-21 05:05:00+00:00,4537.36,4540.48239,4535.35308,4535.70819
2026-08-21 05:10:00+00:00,4536.42954,4537.16449,4535.7645,4536.19878
2026-08-21 05:15:00+00:00,4535.94219,4538.23463,4531.85897,4533.0169
2026-08-21 05:20:00+00:00,4533.21024,4534.42245,4533.21024,4534.29622
2026-08-21 05:25:00+00:00,4534.19331,4534.22093,4531.03761,4531.1157
2026-08-21 05:30:00+00:00,4531.32036,4538.64658,4531.32036,4538.12285
2026-08-21 05:35:00+00:00,4537.11216,4541.32607,4536.67577,4538.31443
2026-08-21 05:40:00+00:00,4538.67456,4540.04881,4535.49245,4539.66986
2026-08-21 05:45:00+00:00,4538.7307,4545.68108,4538.18828,4544.80827
2026-08-21 05:50:00+00:00,4543.14301,4549.95693,4543.14301,4549.57574
2026-08-21 05:55:00+00:00,4548.91566,4555.28273,4546.67437,4554.99248
2026-08-21 06:00:00+00:00,4554.39792,4555.78916,4547.93524,4548.23661
2026-08-21 06:05:00+00:00,4548.90485,4550.62571,4547.72841,4547.95238
2026-08-21 06:10:00+00:00,4548.30338,4549.46934,4545.86781,4548.80757
2026-08-21 06:15:00+00:00,4547.17558,4557.05432,4546.93684,4554.69429
2026-08-21 06:20:00+00:00,4554.88536,4557.51551,4550.66645,4551.01343
2026-08-21 06:25:00+00:00,4551.65688,4558.09289,4550.21158,4557.77485
2026-08-21 06:30:00+00:00,4557.11913,4562.52773,4555.10379,4561.84027
2026-08-21 06:35:00+00:00,4560.29972,4565.58462,4560.29972,4565.49157
2026-08-21 06:40:00+00:00,4565.30695,4566.304,4560.17146,4564.74494
2026-08-21 06:45:00+00:00,4564.24888,4567.02609,4563.28869,4566.28753
2026-08-21 06:50:00+00:00,4564.51278,4567.87868,4564.51278,4565.38897
2026-08-21 06:55:00+00:00,4565.49275,4566.41856,4562.03517,4562.52788
2026-08-21 07:00:00+00:00,4563.50757,4563.51781,4560.17146,4563.17361
2026-08-21 07:05:00+00:00,4562.45483,4565.53465,4561.52028,4562.19502
2026-08-21 07:10:00+00:00,4563.51027,4563.51027,4558.71627,4559.26026
2026-08-21 07:15:00+00:00,4559.53477,4567.67003,4559.53477,4567.11569
2026-08-21 07:20:00+00:00,4566.15956,4567.04421,4563.08465,4563.51039
2026-08-21 07:25:00+00:00,4564.1927,4564.82357,4560.72856,4562.30197
2026-08-21 07:30:00+00:00,4562.03448,4564.75099,4561.11288,4562.44047
2026-08-21 07:35:00+00:00,4562.32356,4564.06495,4561.62759,4563.66461
2026-08-21 07:40:00+00:00,4562.66305,4566.59715,4562.66305,4566.3083
2026-08-21 07:45:00+00:00,4565.85629,4567.1837,4563.17292,4566.84478
2026-08-21 07:50:00+00:00,4566.2009,4566.41648,4562.11742,4562.5812
2026-08-21 07:55:00+00:00,4563.58164,4564.75099,4561.62759,4563.58798
2026-08-21 08:00:00+00:00,4563.64818,4566.0789,4562.18852,4562.90642
2026-08-21 08:05:00+00:00,4563.87956,4563.87956,4559.56334,4561.26772
2026-08-21 08:10:00+00:00,4560.46674,4567.54543,4560.46674,4567.24068
2026-08-21 08:15:00+00:00,4566.46397,4570.50889,4564.33429,4570.28385
2026-08-21 08:20:00+00:00,4569.67614,4578.23692,4569.19268,4577.66437
2026-08-21 08:25:00+00:00,4576.22217,4581.08597,4576.22217,4581.03172
2026-08-21 08:30:00+00:00,4580.96665,4581.69156,4577.74013,4581.42268
2026-08-21 08:35:00+00:00,4580.83936,4582.3214,4578.22563,4579.06927
2026-08-21 08:40:00+00:00,4580.43644,4583.58161,4576.86851,4581.33403
2026-08-21 08:45:00+00:00,4581.78206,4583.37153,4581.48165,4582.94405
2026-08-21 08:50:00+00:00,4582.79201,4582.79201,4580.64221,4582.09025
2026-08-21 08:55:00+00:00,4581.89279,4583.58744,4580.36745,4583.29476
2026-08-21 09:00:00+00:00,4582.61032,4584.63231,4582.3214,4582.58773
2026-08-21 09:05:00+00:00,4582.70986,4594.00568,4582.70986,4592.93711
2026-08-21 09:10:00+00:00,4591.19649,4599.36668,4591.19649,4599.10488
2026-08-21 09:15:00+00:00,4598.39625,4601.08586,4595.39995,4596.76628
2026-08-21 09:20:00+00:00,4599.99577,4599.99577,4586.1916,4586.65939
2026-08-21 09:25:00+00:00,4587.4397,4588.50402,4581.48165,4581.95435
2026-08-21 09:30:00+00:00,4582.72662,4584.33754,4581.69156,4583.05082
2026-08-21 09:35:00+00:00,4583.25296,4585.47322,4581.48165,4585.33013
2026-08-21 09:40:00+00:00,4585.02238,4586.52551,4583.37877,4583.67499
2026-08-21 09:45:00+00:00,4584.23972,4584.23972,4581.48165,4582.44278
2026-08-21 09:50:00+00:00,4582.21521,4583.19846,4580.60004,4582.83559
2026-08-21 09:55:00+00:00,4582.26131,4585.47322,4581.99366,4582.62422
2026-08-21 10:00:00+00:00,4583.95871,4589.26113,4581.27176,4586.6297
2026-08-21 10:05:00+00:00,4586.78936,4587.57743,4582.77695,4583.19774
2026-08-21 10:10:00+00:00,4583.73926,4583.96512,4578.75458,4578.95539
2026-08-21 10:15:00+00:00,4579.25052,4586.31444,4578.9978,4585.90795
2026-08-21 10:20:00+00:00,4585.24994,4586.06283,4583.39556,4585.72396
2026-08-21 10:25:00+00:00,4585.08957,4588.41883,4585.08957,4587.04235
2026-08-21 10:30:00+00:00,4587.27833,4589.14955,4586.1041,4588.89999
2026-08-21 10:35:00+00:00,4588.40169,4593.47726,4588.40169,4593.2212
2026-08-21 10:40:00+00:00,4592.7934,4593.68827,4591.90285,4593.55537
2026-08-21 10:45:00+00:00,4593.28041,4593.28041,4590.68277,4591.85145
2026-08-21 10:50:00+00:00,4591.54579,4591.78219,4589.51441,4591.31662
2026-08-21 10:55:00+00:00,4590.63617,4592.54404,4588.2083,4588.30287
2026-08-21 11:00:00+00:00,4588.34549,4594.16205,4586.50389,4593.72276
2026-08-21 11:05:00+00:00,4593.16753,4595.11978,4592.39783,4593.9301
2026-08-21 11:10:00+00:00,4593.52084,4593.52084,4589.26113,4589.41566
2026-08-21 11:15:00+00:00,4589.69701,4596.64445,4589.65085,4596.31348
2026-08-21 11:20:00+00:00,4595.50606,4599.39288,4595.50606,4596.89626
2026-08-21 11:25:00+00:00,4597.24798,4599.58991,4595.73499,4597.94712
2026-08-21 11:30:00+00:00,4596.60087,4599.49453,4594.11035,4594.62038
2026-08-21 11:35:00+00:00,4594.66093,4606.17632,4593.20232,4600.19443
2026-08-21 11:40:00+00:00,4601.91598,4602.12066,4591.9845,4592.8101
2026-08-21 11:45:00+00:00,4594.01697,4599.18135,4594.01697,4599.11285
2026-08-21 11:50:00+00:00,4598.90022,4600.66723,4596.64445,4596.84063
2026-08-21 11:55:00+00:00,4597.23618,4598.75834,4597.14396,4597.45276
2026-08-21 12:00:00+00:00,4597.8679,4600.45084,4594.32142,4594.90874
2026-08-21 12:05:00+00:00,4595.84385,4598.38534,4594.32142,4596.1877
2026-08-21 12:10:00+00:00,4596.11149,4596.11149,4589.47175,4589.61168
2026-08-21 12:15:00+00:00,4590.19701,4594.53251,4587.08723,4587.59665
2026-08-21 12:20:00+00:00,4588.30184,4588.88931,4581.90149,4583.51108
2026-08-21 12:25:00+00:00,4583.43501,4586.31444,4583.43501,4585.72633
2026-08-21 12:30:00+00:00,4585.77152,4586.00412,4576.86851,4577.51208
2026-08-21 12:35:00+00:00,4578.67523,4581.49535,4567.26947,4568.13543
2026-08-21 12:40:00+00:00,4569.33295,4574.56542,4564.75099,4574.17114
2026-08-21 12:45:00+00:00,4573.53584,4578.75806,4573.45272,4578.55206
2026-08-21 12:50:00+00:00,4578.17034,4580.10593,4577.45876,4579.6066
2026-08-21 12:55:00+00:00,4578.79256,4580.8853,4575.40264,4577.81063
2026-08-21 13:00:00+00:00,4577.55695,4583.37153,4575.06505,4582.92379
2026-08-21 13:05:00+00:00,4582.65554,4583.37153,4579.62473,4582.1083
2026-08-21 13:10:00+00:00,4582.06309,4586.1041,4580.64221,4585.79044
2026-08-21 13:15:00+00:00,4585.44723,4587.78731,4580.85204,4581.1336
2026-08-21 13:20:00+00:00,4581.49828,4586.52479,4578.73642,4583.25999
2026-08-21 13:25:00+00:00,4583.79982,4584.61968,4581.69156,4583.94974
2026-08-21 13:30:00+00:00,4582.96412,4585.47322,4576.29972,4577.84995
2026-08-21 13:35:00+00:00,4581.46797,4591.36823,4574.35616,4590.29019
2026-08-21 13:40:00+00:00,4588.26122,4589.15556,4587.31342,4587.63626
2026-08-21 13:45:00+00:00,4588.16831,4590.10374,4586.73516,4589.96306
2026-08-21 13:50:00+00:00,4589.73777,4590.73964,4578.9067,4580.33553
2026-08-21 13:55:00+00:00,4582.21761,4585.26296,4577.07799,4581.58037
2026-08-21 14:00:00+00:00,4582.12493,4588.83994,4581.84914,4588.17691
2026-08-21 14:05:00+00:00,4586.90252,4590.52516,4584.84251,4585.11908
2026-08-21 14:10:00+00:00,4585.42113,4589.00247,4585.42113,4588.92247
2026-08-21 14:15:00+00:00,4588.60798,4590.10374,4588.41883,4589.9436
2026-08-21 14:20:00+00:00,4589.43492,4598.3354,4589.21824,4596.71322
2026-08-21 14:25:00+00:00,4596.68688,4603.20383,4596.40637,4602.82955
2026-08-21 14:30:00+00:00,4602.21018,4602.56823,4592.89615,4593.67757
2026-08-21 14:35:00+00:00,4594.98045,4594.98045,4582.7414,4583.44859
2026-08-21 14:40:00+00:00,4584.87352,4587.36639,4581.90149,4587.04984
2026-08-21 14:45:00+00:00,4586.45874,4589.69747,4579.94085,4589.14403
2026-08-21 14:50:00+00:00,4588.40412,4594.95474,4588.40412,4590.33724
2026-08-21 14:55:00+00:00,4590.73702,4591.62201,4586.1041,4591.40097
2026-08-21 15:00:00+00:00,4590.89952,4593.51247,4588.33505,4593.05646
2026-08-21 15:05:00+00:00,4592.18898,4597.27841,4592.18898,4597.19834
2026-08-21 15:10:00+00:00,4596.90699,4597.69701,4594.66706,4595.39784
2026-08-21 15:15:00+00:00,4595.67971,4599.17226,4593.74799,4597.65227
2026-08-21 15:20:00+00:00,4597.35868,4601.70514,4596.43317,4601.18988
2026-08-21 15:25:00+00:00,4600.53645,4607.13486,4598.91629,4605.06119
2026-08-21 15:30:00+00:00,4604.17655,4605.57335,4599.71016,4604.84938
2026-08-21 15:35:00+00:00,4603.78649,4608.79571,4603.78649,4605.37808
2026-08-21 15:40:00+00:00,4606.19748,4609.96155,4605.31716,4609.74259
2026-08-21 15:45:00+00:00,4609.23026,4610.65526,4607.96255,4608.33683
2026-08-21 15:50:00+00:00,4609.01152,4614.46172,4607.23336,4614.14844
2026-08-21 15:55:00+00:00,4613.29788,4615.42632,4610.84471,4611.26244
2026-08-21 16:00:00+00:00,4612.24139,4617.65792,4612.24139,4617.38287
2026-08-21 16:05:00+00:00,4616.71224,4618.19328,4610.28259,4611.41186
2026-08-21 16:10:00+00:00,4613.07655,4615.21969,4608.7197,4614.90709
2026-08-21 16:15:00+00:00,4614.14616,4615.73967,4614.14616,4615.13874
2026-08-21 16:20:00+00:00,4615.39474,4617.65792,4610.48188,4613.36057
2026-08-21 16:25:00+00:00,4613.72291,4613.875,4611.26994,4613.63477
2026-08-21 16:30:00+00:00,4613.15442,4616.16581,4612.97168,4615.83012
2026-08-21 16:35:00+00:00,4615.12039,4619.57326,4614.83303,4618.81275
2026-08-21 16:40:00+00:00,4617.8086,4621.59395,4617.8086,4621.38618
2026-08-21 16:45:00+00:00,4621.07492,4625.13297,4621.07492,4624.89251
2026-08-21 16:50:00+00:00,4624.39065,4626.99991,4624.20598,4626.53477
2026-08-21 16:55:00+00:00,4625.30133,4628.5582,4625.30133,4628.44541
2026-08-21 17:00:00+00:00,4628.04807,4630.62911,4626.504,4630.33942
2026-08-21 17:05:00+00:00,4629.77539,4631.77397,4627.48727,4631.50654
2026-08-21 17:10:00+00:00,4630.82749,4631.91226,4622.3537,4622.98393
2026-08-21 17:15:00+00:00,4624.03314,4624.56436,4622.78107,4624.44075
2026-08-21 17:20:00+00:00,4624.24067,4625.47606,4616.80517,4617.41316
2026-08-21 17:25:00+00:00,4618.6742,4622.47894,4615.28652,4621.86829
2026-08-21 17:30:00+00:00,4621.10847,4623.54548,4620.00462,4620.13291
2026-08-21 17:35:00+00:00,4620.19355,4624.49131,4618.88559,4623.46224
2026-08-21 17:40:00+00:00,4623.85018,4624.06363,4622.31619,4622.50238
2026-08-21 17:45:00+00:00,4622.80048,4623.35701,4616.80517,4618.80074
2026-08-21 17:50:00+00:00,4618.19438,4620.60104,4618.19438,4620.23896
2026-08-21 17:55:00+00:00,4619.29128,4621.28564,4619.29128,4621.21224
2026-08-21 18:00:00+00:00,4621.02635,4626.20281,4620.21807,4625.89986
2026-08-21 18:05:00+00:00,4625.35121,4627.27315,4624.49131,4627.1221
2026-08-21 18:10:00+00:00,4626.78722,4627.94429,4622.99478,4624.04906
2026-08-21 18:15:00+00:00,4624.29455,4626.8017,4624.27746,4626.46413
2026-08-21 18:20:00+00:00,4625.95805,4627.05904,4625.75285,4626.55643
2026-08-21 18:25:00+00:00,4626.38228,4627.70142,4625.08381,4625.28394
2026-08-21 18:30:00+00:00,4625.63484,4625.63484,4619.79119,4620.92392
2026-08-21 18:35:00+00:00,4620.8174,4622.56737,4619.94942,4620.53296
2026-08-21 18:40:00+00:00,4621.31223,4621.31223,4619.151,4620.55125
2026-08-21 18:45:00+00:00,4620.74712,4624.80915,4620.74712,4624.59869
2026-08-21 18:50:00+00:00,4624.12413,4624.99422,4623.20851,4624.75925
2026-08-21 18:55:00+00:00,4624.43412,4625.3015,4623.42226,4624.34025
2026-08-21 19:00:00+00:00,4624.22641,4625.61497,4622.46139,4625.10304
2026-08-21 19:05:00+00:00,4624.02412,4624.02412,4619.151,4622.18764
2026-08-21 19:10:00+00:00,4621.84308,4623.20851,4620.71691,4623.05593
2026-08-21 19:15:00+00:00,4622.76493,4623.3012,4620.43155,4622.17143
2026-08-21 19:20:00+00:00,4621.59093,4622.99478,4621.59093,4622.61698
2026-08-21 19:25:00+00:00,4622.68877,4622.84985,4618.44997,4618.96595
2026-08-21 19:30:00+00:00,4619.93936,4619.93936,4617.87116,4618.10288
2026-08-21 19:35:00+00:00,4618.39125,4618.67505,4615.98731,4618.44261
2026-08-21 19:40:00+00:00,4618.1178,4619.40831,4615.09535,4619.22722
2026-08-21 19:45:00+00:00,4619.11483,4622.78107,4617.65792,4622.34643
2026-08-21 19:50:00+00:00,4621.78689,4623.42226,4621.78689,4623.35641
2026-08-21 19:55:00+00:00,4623.25133,4623.25133,4617.15147,4618.87961
2026-08-21 20:00:00+00:00,4619.10883,4619.10883,4615.37514,4617.14872
2026-08-21 20:05:00+00:00,4616.59939,4617.44471,4616.16581,4616.23491
2026-08-21 20:10:00+00:00,4616.44446,4617.26517,4616.30083,4617.19204
2026-08-21 20:15:00+00:00,4617.08903,4617.44471,4612.60441,4613.10786
2026-08-21 20:20:00+00:00,4613.96119,4613.96119,4610.89534,4611.22124
2026-08-21 20:25:00+00:00,4611.81794,4611.81794,4610.41955,4611.31534
2026-08-21 20:30:00+00:00,4611.18499,4611.69526,4610.15975,4610.47092
2026-08-21 20:35:00+00:00,4610.5359,4611.50362,4607.65793,4608.036
2026-08-21 20:40:00+00:00,4608.69488,4609.68252,4608.08258,4608.17002
2026-08-21 20:45:00+00:00,4608.31872,4608.54279,4604.68757,4604.99186
2026-08-21 20:50:00+00:00,4605.52079,4607.36452,4603.8396,4604.97424
2026-08-21 20:55:00+00:00,4604.86086,4605.25606,4603.20383,4603.92129
2026-08-21 21:00:00+00:00,4603.83002,4608.18751,4602.74522,4608.12626
2026-08-21 21:05:00+00:00,4608.01532,4608.29493,4607.23336,4607.34011
2026-08-21 21:10:00+00:00,4607.31834,4608.55166,4607.31834,4608.30739
2026-08-21 21:15:00+00:00,4608.312,4608.39937,4608.12841,4608.1668
2026-08-21 21:20:00+00:00,4608.19474,4608.8389,4607.23336,4608.19738
2026-08-21 21:25:00+00:00,4608.12375,4608.29493,4607.44563,4608.26087
2026-08-21 21:30:00+00:00,4608.09139,4608.56725,4608.03431,4608.32442
2026-08-21 21:35:00+00:00,4608.34504,4608.4003,4608.13113,4608.16451
2026-08-21 21:40:00+00:00,4608.19472,4608.84039,4607.23336,4608.19998
2026-08-21 21:45:00+00:00,4608.12778,4608.32887,4607.23336,4607.38031
2026-08-21 21:50:00+00:00,4607.46869,4608.4033,4607.46869,4608.29833
2026-08-21 21:55:00+00:00,4608.24591,4608.41724,4608.1493,4608.1779
2026-08-21 22:00:00+00:00,4608.20999,4608.39489,4608.08258,4608.26402
2026-08-21 22:05:00+00:00,4608.18618,4608.37521,4608.08258,4608.28258
2026-08-21 22:10:00+00:00,4608.17942,4608.38278,4608.08258,4608.25715
2026-08-21 22:15:00+00:00,4608.18231,4608.39238,4608.08258,4608.15291
2026-08-21 22:20:00+00:00,4608.18663,4608.37538,4608.08258,4608.21757
2026-08-21 22:25:00+00:00,4608.18227,4608.36783,4608.08258,4608.28141
2026-08-21 22:30:00+00:00,4608.17729,4608.3847,4608.08258,4608.25855
2026-08-21 22:35:00+00:00,4608.18245,4608.38545,4608.08258,4608.10398
2026-08-21 22:40:00+00:00,4608.17898,4608.38042,4608.08258,4608.21434
2026-08-21 22:45:00+00:00,4608.18235,4608.3658,4608.08258,4608.28605
2026-08-21 22:50:00+00:00,4608.18196,4608.38972,4608.08258,4608.2675
2026-08-21 22:55:00+00:00,4608.1845,4608.38423,4608.08258,4608.10542
2026-08-21 23:00:00+00:00,4608.18281,4608.38416,4608.08258,4608.21982
2026-08-21 23:05:00+00:00,4608.18228,4608.3619,4608.08258,4608.29252
2026-08-21 23:10:00+00:00,4608.18408,4608.38734,4608.08258,4608.26938
2026-08-21 23:15:00+00:00,4608.1823,4608.3796,4608.08258,4608.10482
2026-08-21 23:20:00+00:00,4608.1811,4608.3892,4608.08258,4608.22836
2026-08-21 23:25:00+00:00,4608.18456,4608.35034,4608.08258,4608.28524
2026-08-21 23:30:00+00:00,4608.18196,4608.3881,4608.08258,4608.28245
2026-08-21 23:35:00+00:00,4608.19073,4608.37422,4608.08258,4608.10589
2026-08-21 23:40:00+00:00,4608.1828,4608.389,4608.08258,4608.23069
2026-08-21 23:45:00+00:00,4608.18055,4608.34522,4608.08258,4608.29263
2026-08-21 23:50:00+00:00,4608.18622,4608.39007,4608.08258,4608.28751
2026-08-21 23:55:00+00:00,4608.18674,4608.37007,4608.08258,4608.10714
2026-08-22 00:00:00+00:00,4608.18491,4608.39184,4608.08258,4608.24026
2026-08-22 00:05:00+00:00,4608.18463,4608.32755,4608.08258,4608.278
2026-08-22 00:10:00+00:00,4608.17733,4608.37778,4608.08258,4608.28218
2026-08-22 00:15:00+00:00,4608.18193,4608.36045,4608.08258,4608.1071
2026-08-22 00:20:00+00:00,4608.18278,4608.39155,4608.08258,4608.24599
2026-08-22 00:25:00+00:00,4608.18467,4608.33055,4608.08258,4608.29276
2026-08-22 00:30:00+00:00,4608.19087,4608.38659,4608.08258,4608.28624
2026-08-22 00:35:00+00:00,4608.18183,4608.35229,4608.08258,4608.10797
2026-08-22 00:40:00+00:00,4608.18276,4608.39018,4608.08258,4608.24777
2026-08-22 00:45:00+00:00,4608.18086,4608.31529,4608.08258,4608.2752
2026-08-22 00:50:00+00:00,4608.17952,4608.3889,4608.08258,4608.29479
2026-08-22 00:55:00+00:00,4608.18429,4608.34336,4608.08258,4608.10902
2026-08-22 01:00:00+00:00,4608.18274,4608.38328,4608.08258,4608.25264
2026-08-22 01:05:00+00:00,4608.18026,4608.32927,4608.08258,4608.27199
2026-08-22 01:10:00+00:00,4608.17955,4608.38972,4608.08258,4608.11627
2026-08-22 01:15:00+00:00,4608.18426,4608.33608,4608.08258,4608.16358
2026-08-22 01:20:00+00:00,4608.18485,4608.38426,4608.08258,4608.25794
2026-08-22 01:25:00+00:00,4608.18105,4608.33563,4608.08258,4608.26178
2026-08-22 01:30:00+00:00,4608.1729,4608.39158,4608.08258,4608.11537
2026-08-22 01:35:00+00:00,4608.18635,4608.32321,4608.08258,4608.16328
2026-08-22 01:40:00+00:00,4608.18089,4608.3851,4608.08258,4608.26254
2026-08-22 01:45:00+00:00,4608.18114,4608.34483,4608.08258,4608.2665
2026-08-22 01:50:00+00:00,4608.18177,4608.38811,4608.08258,4608.11307
2026-08-22 01:55:00+00:00,4608.1845,4608.32218,4608.08258,4608.11377
2026-08-22 02:00:00+00:00,4608.1848,4608.39523,4608.08258,4608.28801
2026-08-22 02:05:00+00:00,4608.19066,4608.35309,4608.08258,4608.25534
2026-08-22 02:10:00+00:00,4608.17546,4608.39208,4608.08258,4608.17014
2026-08-22 02:15:00+00:00,4608.18908,4608.32799,4608.08258,4608.11254
2026-08-22 02:20:00+00:00,4608.17653,4608.3855,4608.08258,4608.26847
2026-08-22 02:25:00+00:00,4608.17882,4608.35881,4608.08258,4608.25713
2026-08-22 02:30:00+00:00,4608.18213,4608.38669,4608.08258,4608.16399
2026-08-22 02:35:00+00:00,4608.18593,4608.3427,4608.08258,4608.18741
2026-08-22 02:40:00+00:00,4608.19087,4608.39801,4608.12608,4608.28398
2026-08-22 02:45:00+00:00,4608.19087,4608.37709,4608.17088,4608.26088
2026-08-22 02:50:00+00:00,4608.19087,4608.3766,4608.08258,4608.14982
2026-08-22 02:55:00+00:00,4608.17526,4608.338,4608.08258,4608.24158
2026-08-22 03:00:00+00:00,4608.18026,4608.38808,4608.08258,4608.27883
2026-08-22 03:05:00+00:00,4608.18276,4608.37741,4608.08258,4608.24422
2026-08-22 03:10:00+00:00,4608.18026,4608.39101,4608.08258,4608.10827
2026-08-22 03:15:00+00:00,4608.1845,4608.3546,4608.08258,4608.23924
2026-08-22 03:20:00+00:00,4608.18255,4608.39442,4608.08258,4608.28953
2026-08-22 03:25:00+00:00,4608.19087,4608.39032,4608.15387,4608.2518
2026-08-22 03:30:00+00:00,4608.19087,4608.38971,4608.08258,4608.10821
2026-08-22 03:35:00+00:00,4608.18582,4608.36215,4608.08258,4608.23237
2026-08-22 03:40:00+00:00,4608.18052,4608.3843,4608.08258,4608.28536
2026-08-22 03:45:00+00:00,4608.18491,4608.38623,4608.08258,4608.24978
2026-08-22 03:50:00+00:00,4608.18238,4608.38093,4608.08258,4608.10533
2026-08-22 03:55:00+00:00,4608.17902,4608.36556,4608.08258,4608.22651
2026-08-22 04:00:00+00:00,4608.18044,4608.38204,4608.08258,4608.28893
2026-08-22 04:05:00+00:00,4608.18704,4608.39123,4608.08258,4608.261
2026-08-22 04:10:00+00:00,4608.18655,4608.39255,4608.08258,4608.1593
2026-08-22 04:15:00+00:00,4608.19174,4608.37899,4608.08258,4608.22486
2026-08-22 04:20:00+00:00,4608.18663,4608.37432,4608.08258,4608.28774
2026-08-22 04:25:00+00:00,4608.18408,4608.39522,4608.08258,4608.26241
2026-08-22 04:30:00+00:00,4608.1867,4608.38998,4608.08258,4608.10622
2026-08-22 04:35:00+00:00,4608.18493,4608.38404,4608.08258,4608.21924
2026-08-22 04:40:00+00:00,4608.18663,4608.36773,4608.08258,4608.28817
2026-08-22 04:45:00+00:00,4608.1845,4608.38547,4608.08258,4608.26826
2026-08-22 04:50:00+00:00,4608.18238,4608.37997,4608.08258,4608.14572
2026-08-22 04:55:00+00:00,4608.18026,4608.38401,4608.08258,4608.22003
2026-08-22 05:00:00+00:00,4608.18238,4608.3652,4608.08258,4608.29401
2026-08-22 05:05:00+00:00,4608.18918,4608.39585,4608.08258,4608.27756
2026-08-22 05:10:00+00:00,4608.18666,4608.3823,4608.08258,4608.10778
2026-08-22 05:15:00+00:00,4608.18833,4608.3911,4608.08258,4608.23219
2026-08-22 05:20:00+00:00,4608.18881,4608.35709,4608.08258,4608.29378
2026-08-22 05:25:00+00:00,4608.18917,4608.39455,4608.08258,4608.28121
2026-08-22 05:30:00+00:00,4608.18663,4608.3742,4608.08258,4608.10514
2026-08-22 05:35:00+00:00,4608.18109,4608.38247,4608.08258,4608.22377
2026-08-22 05:40:00+00:00,4608.1736,4608.34842,4608.08258,4608.29047
2026-08-22 05:45:00+00:00,4608.18916,4608.39218,4608.08258,4608.28339
2026-08-22 05:50:00+00:00,4608.18249,4608.36629,4608.08258,4608.10864
2026-08-22 05:55:00+00:00,4608.18753,4608.39396,4608.08258,4608.23788
2026-08-22 06:00:00+00:00,4608.18225,4608.33364,4608.08258,4608.28442
2026-08-22 06:05:00+00:00,4608.18491,4608.3862,4608.08258,4608.28781
2026-08-22 06:10:00+00:00,4608.18253,4608.35867,4608.08258,4608.10785
2026-08-22 06:15:00+00:00,4608.18411,4608.38947,4608.08258,4608.24361
2026-08-22 06:20:00+00:00,4608.18222,4608.32363,4608.08258,4608.28217
2026-08-22 06:25:00+00:00,4608.18489,4608.38708,4608.08258,4608.11623
2026-08-22 06:30:00+00:00,4608.17443,4608.34164,4608.08258,4608.10733
2026-08-22 06:35:00+00:00,4608.17912,4608.37956,4608.08258,4608.24901
2026-08-22 06:40:00+00:00,4608.18199,4608.31257,4608.08258,4608.27922
2026-08-22 06:45:00+00:00,4608.18598,4608.38691,4608.08258,4608.17788
2026-08-22 06:50:00+00:00,4608.18069,4608.34611,4608.08258,4608.16221
2026-08-22 06:55:00+00:00,4608.18663,4608.39014,4608.08258,4608.25429
2026-08-22 07:00:00+00:00,4608.18192,4608.3262,4608.08258,4608.27623
2026-08-22 07:05:00+00:00,4608.18486,4608.38761,4608.08258,4608.11255
2026-08-22 07:10:00+00:00,4608.17463,4608.32755,4608.08258,4608.11028
2026-08-22 07:15:00+00:00,4608.1817,4608.37981,4608.08258,4608.25526
2026-08-22 07:20:00+00:00,4608.17761,4608.33239,4608.08258,4608.27026
2026-08-22 07:25:00+00:00,4608.18304,4608.38727,4608.08258,4608.11165
2026-08-22 07:30:00+00:00,4608.17684,4608.30881,4608.08258,4608.11178
2026-08-22 07:35:00+00:00,4608.1805,4608.37325,4608.08258,4608.24759
2026-08-22 07:40:00+00:00,4608.16422,4608.33191,4608.08258,4608.25939
2026-08-22 07:45:00+00:00,4608.17691,4608.38145,4608.08258,4608.16108
2026-08-22 07:50:00+00:00,4608.17662,4608.31052,4608.08258,4608.11248
2026-08-22 07:55:00+00:00,4608.17939,4608.37622,4608.08258,4608.25597
2026-08-22 08:00:00+00:00,4608.16869,4608.34231,4608.08258,4608.26192
2026-08-22 08:05:00+00:00,4608.18238,4608.37882,4608.08258,4608.10559
2026-08-22 08:10:00+00:00,4608.16884,4608.32526,4608.08258,4608.11477
2026-08-22 08:15:00+00:00,4608.18186,4608.38972,4608.08258,4608.27247
2026-08-22 08:20:00+00:00,4608.18306,4608.35619,4608.08258,4608.25038
2026-08-22 08:25:00+00:00,4608.17601,4608.37741,4608.08258,4608.10281
2026-08-22 08:30:00+00:00,4608.16503,4608.3354,4608.08258,4608.1713
2026-08-22 08:35:00+00:00,4608.17389,4608.38945,4608.08258,4608.27589
2026-08-22 08:40:00+00:00,4608.18311,4608.36302,4608.08258,4608.25173
2026-08-22 08:45:00+00:00,4608.18281,4608.38505,4608.08258,4608.10623
2026-08-22 08:50:00+00:00,4608.17675,4608.34653,4608.08258,4608.24396
2026-08-22 08:55:00+00:00,4608.18238,4608.38811,4608.08258,4608.27865
2026-08-22 09:00:00+00:00,4608.182,4608.37704,4608.08258,4608.24872
2026-08-22 09:05:00+00:00,4608.18469,4608.3869,4608.08258,4608.10454
2026-08-22 09:10:00+00:00,4608.17505,4608.35309,4608.08258,4608.24256
2026-08-22 09:15:00+00:00,4608.18663,4608.38783,4608.08258,4608.28323
2026-08-22 09:20:00+00:00,4608.18411,4608.38407,4608.08258,4608.27837
2026-08-22 09:25:00+00:00,4608.1889,4608.39395,4608.08258,4608.10752
2026-08-22 09:30:00+00:00,4608.18491,4608.36607,4608.08258,4608.23663
2026-08-22 09:35:00+00:00,4608.18663,4608.38244,4608.08258,4608.28316
2026-08-22 09:40:00+00:00,4608.18197,4608.38395,4608.08258,4608.25021
2026-08-22 09:45:00+00:00,4608.18462,4608.38511,4608.08258,4608.10239
2026-08-22 09:50:00+00:00,4608.173,4608.37315,4608.08258,4608.22317
2026-08-22 09:55:00+00:00,4608.18414,4608.3779,4608.08258,4608.28468
2026-08-22 10:00:00+00:00,4608.18238,4608.38911,4608.08258,4608.25946
2026-08-22 10:05:00+00:00,4608.18663,4608.39462,4608.08258,4608.1551
2026-08-22 10:10:00+00:00,4608.18875,4608.37914,4608.08258,4608.21461
2026-08-22 10:15:00+00:00,4608.17808,4608.36807,4608.08258,4608.28139
2026-08-22 10:20:00+00:00,4608.17729,4608.38464,4608.08258,4608.25832
2026-08-22 10:25:00+00:00,4608.18245,4608.38558,4608.08258,4608.10398
2026-08-22 10:30:00+00:00,4608.17898,4608.38215,4608.08258,4608.21409
2026-08-22 10:35:00+00:00,4608.18235,4608.36167,4608.08258,4608.2818
2026-08-22 10:40:00+00:00,4608.17728,4608.38547,4608.08258,4608.2613
2026-08-22 10:45:00+00:00,4608.17813,4608.3843,4608.08258,4608.10468
2026-08-22 10:50:00+00:00,4608.18111,4608.38614,4608.08258,4608.2199
2026-08-22 10:55:00+00:00,4608.18238,4608.35437,4608.08258,4608.28167
2026-08-22 11:00:00+00:00,4608.17729,4608.38521,4608.08258,4608.26917
2026-08-22 11:05:00+00:00,4608.1823,4608.37756,4608.08258,4608.10407
2026-08-22 11:10:00+00:00,4608.17898,4608.38709,4608.08258,4608.22628
2026-08-22 11:15:00+00:00,4608.1825,4608.34623,4608.08258,4608.28101
2026-08-22 11:20:00+00:00,4608.17729,4608.38388,4608.08258,4608.27423
2026-08-22 11:25:00+00:00,4608.18223,4608.37206,4608.08258,4608.1044
2026-08-22 11:30:00+00:00,4608.17897,4608.3847,4608.08258,4608.22804
2026-08-22 11:35:00+00:00,4608.17813,4608.33688,4608.12981,4608.27974
2026-08-22 11:40:00+00:00,4608.17813,4608.38134,4608.10929,4608.27784
2026-08-22 11:45:00+00:00,4608.17813,4608.36136,4608.14646,4608.14646
2026-08-22 11:50:00+00:00,4608.17813,4608.38548,4608.11479,4608.23393
2026-08-22 11:55:00+00:00,4608.17813,4608.32724,4608.13671,4608.27799
2026-08-22 12:00:00+00:00,4608.17813,4608.37992,4608.10905,4608.28225
2026-08-22 12:05:00+00:00,4608.17813,4608.35403,4608.14847,4608.14847
2026-08-22 12:10:00+00:00,4608.17813,4608.38518,4608.113,4608.23966
2026-08-22 12:15:00+00:00,4608.17813,4608.31697,4608.14447,4608.27573
2026-08-22 12:20:00+00:00,4608.17813,4608.38284,4608.10989,4608.28631
2026-08-22 12:25:00+00:00,4608.17813,4608.34586,4608.15097,4608.15097
2026-08-22 12:30:00+00:00,4608.17813,4608.3838,4608.11062,4608.24517
2026-08-22 12:35:00+00:00,4608.17813,4608.31221,4608.15303,4608.27298
2026-08-22 12:40:00+00:00,4608.17813,4608.38469,4608.11181,4608.17756
2026-08-22 12:45:00+00:00,4608.17813,4608.33692,4608.15396,4608.15396
2026-08-22 12:50:00+00:00,4608.17813,4608.38135,4608.1093,4608.25043
2026-08-22 12:55:00+00:00,4608.17813,4608.32273,4608.16233,4608.26976
2026-08-22 13:00:00+00:00,4608.17813,4608.38548,4608.11478,4608.17244
2026-08-22 13:05:00+00:00,4608.17813,4608.32728,4608.15741,4608.15741
2026-08-22 13:10:00+00:00,4608.17813,4608.37991,4608.10905,4608.25539
2026-08-22 13:15:00+00:00,4608.17813,4608.33266,4608.17229,4608.2661
2026-08-22 13:20:00+00:00,4608.17813,4608.38518,4608.11302,4608.16764
2026-08-22 13:25:00+00:00,4608.17813,4608.31701,4608.15714,4608.16129
2026-08-22 13:30:00+00:00,4608.17813,4608.38283,4608.10989,4608.26003
2026-08-22 13:35:00+00:00,4608.17813,4608.34192,4608.17813,4608.26201
2026-08-22 13:40:00+00:00,4608.17813,4608.38381,4608.11062,4608.16318
2026-08-22 13:45:00+00:00,4608.17813,4608.31216,4608.14824,4608.16557
2026-08-22 13:50:00+00:00,4608.17813,4608.38469,4608.1118,4608.26429
2026-08-22 13:55:00+00:00,4608.17813,4608.35044,4608.17702,4608.25754
2026-08-22 14:00:00+00:00,4608.17813,4608.38137,4608.1093,4608.15912
2026-08-22 14:05:00+00:00,4608.17813,4608.32268,4608.14011,4608.17021
2026-08-22 14:10:00+00:00,4608.17813,4608.38548,4608.11476,4608.26815
2026-08-22 14:15:00+00:00,4608.17813,4608.35816,4608.16679,4608.25273
2026-08-22 14:20:00+00:00,4608.17813,4608.3799,4608.10905,4608.15547
2026-08-22 14:25:00+00:00,4608.17813,4608.33262,4608.13281,4608.17519
2026-08-22 14:30:00+00:00,4608.17813,4608.38518,4608.11303,4608.27157
2026-08-22 14:35:00+00:00,4608.17813,4608.36502,4608.15718,4608.2476
2026-08-22 14:40:00+00:00,4608.17813,4608.38282,4608.10988,4608.15227
2026-08-22 14:45:00+00:00,4608.17813,4608.34188,4608.12641,4608.23955
2026-08-22 14:50:00+00:00,4608.17813,4608.38381,4608.11063,4608.27454
2026-08-22 14:55:00+00:00,4608.17813,4608.37095,4608.14827,4608.24219
2026-08-22 15:00:00+00:00,4608.17813,4608.38468,4608.11179,4608.14955
2026-08-22 15:05:00+00:00,4608.17813,4608.35041,4608.12096,4608.23362
2026-08-22 15:10:00+00:00,4608.17813,4608.38138,4608.1093,4608.27702
2026-08-22 15:15:00+00:00,4608.17813,4608.37592,4608.14014,4608.23967
2026-08-22 15:20:00+00:00,4608.17813,4608.38547,4608.11475,4608.14731
2026-08-22 15:25:00+00:00,4608.17813,4608.35813,4608.11649,4608.22769
2026-08-22 15:30:00+00:00,4608.17813,4608.3779,4608.10905,4608.27901
2026-08-22 15:35:00+00:00,4608.17813,4608.37988,4608.13284,4608.24558
2026-08-22 15:40:00+00:00,4608.17813,4608.38519,4608.11874,4608.14559
2026-08-22 15:45:00+00:00,4608.17813,4608.36499,4608.11304,4608.22182
2026-08-22 15:50:00+00:00,4608.17813,4608.37339,4608.10988,4608.28047
2026-08-22 15:55:00+00:00,4608.17813,4608.38281,4608.12644,4608.2514
2026-08-22 16:00:00+00:00,4608.17813,4608.38382,4608.12374,4608.14439
2026-08-22 16:05:00+00:00,4608.17813,4608.37093,4608.11064,4608.21606
2026-08-22 16:10:00+00:00,4608.17813,4608.36791,4608.11178,4608.2814
2026-08-22 16:15:00+00:00,4608.17813,4608.38468,4608.12098,4608.25709
2026-08-22 16:20:00+00:00,4608.17813,4608.38139,4608.12971,4608.14372
2026-08-22 16:25:00+00:00,4608.17813,4608.3759,4608.10931,4608.21044
2026-08-22 16:30:00+00:00,4608.17813,4608.36148,4608.11473,4608.2818
2026-08-22 16:35:00+00:00,4608.17813,4608.38547,4608.1165,4608.26262
2026-08-22 16:40:00+00:00,4608.17813,4608.37791,4608.13659,4608.14359
2026-08-22 16:45:00+00:00,4608.17813,4608.37987,4608.10905,4608.21582
2026-08-22 16:50:00+00:00,4608.17813,4608.35415,4608.11873,4608.28166
2026-08-22 16:55:00+00:00,4608.17813,4608.38519,4608.11305,4608.26793
2026-08-22 17:00:00+00:00,4608.17813,4608.37341,4608.144,4608.144
2026-08-22 17:05:00+00:00,4608.17813,4608.3828,4608.10987,4608.22191
2026-08-22 17:10:00+00:00,4608.17813,4608.346,4608.12372,4608.28098
2026-08-22 17:15:00+00:00,4608.17813,4608.38383,4608.11065,4608.27298
2026-08-22 17:20:00+00:00,4608.17813,4608.36793,4608.14495,4608.14495
2026-08-22 17:25:00+00:00,4608.17813,4608.38467,4608.11177,4608.22792
2026-08-22 17:30:00+00:00,4608.17813,4608.33707,4608.12968,4608.27977
2026-08-22 17:35:00+00:00,4608.17813,4608.3814,4608.10931,4608.27774
2026-08-22 17:40:00+00:00,4608.17813,4608.3615,4608.14643,4608.14643
2026-08-22 17:45:00+00:00,4608.17813,4608.38547,4608.11472,4608.23381
2026-08-22 17:50:00+00:00,4608.17813,4608.32744,4608.13656,4608.27803
2026-08-22 17:55:00+00:00,4608.17813,4608.37985,4608.10905,4608.28217
2026-08-22 18:00:00+00:00,4608.17813,4608.35419,4608.14842,4608.14842
2026-08-22 18:05:00+00:00,4608.17813,4608.38519,4608.11306,4608.23954
2026-08-22 18:10:00+00:00,4608.17813,4608.31719,4608.1443,4608.27578
2026-08-22 18:15:00+00:00,4608.17813,4608.38279,4608.10987,4608.28622
2026-08-22 18:20:00+00:00,4608.17813,4608.34603,4608.15092,4608.15092
2026-08-22 18:25:00+00:00,4608.17813,4608.38384,4608.11065,4608.24506
2026-08-22 18:30:00+00:00,4608.17813,4608.31198,4608.15285,4608.27304
2026-08-22 18:35:00+00:00,4608.17813,4608.38467,4608.11176,4608.17766
2026-08-22 18:40:00+00:00,4608.17813,4608.27766,4608.1772,4608.23369
